stage,trial,score,gated,ema_period,rsi_period,rsi_overbought,rsi_oversold,atr_period,consolidation_candles,consolidation_atr_mult,swing_lookback,volume_sma_period,volume_mult,risk_reward_ratio,leverage,risk_per_trade_pct,max_position_allocation_pct,tr_return_pct,tr_pf,tr_sharpe,tr_max_dd,tr_trades,tr_wins,tr_losses,tr_win_rate,tr_gross_profit,tr_gross_loss,tr_net_pnl,tr_fees,tr_blocked,tr_head_dropped,va_return_pct,va_pf,va_sharpe,va_max_dd,va_trades,va_wins,va_losses,va_win_rate,va_gross_profit,va_gross_loss,va_net_pnl,va_fees,va_blocked,va_head_dropped,c_va_ret,c_va_pf,c_va_dd,c_va_sample,c_tr_ret,c_tr_pf,c_consistency
1c_risk,0,0.2351534356506943,True,54,21,79.0,24.0,12,4,1.4,17,46,1.2000000000000002,3.0,2.5,0.029,0.65,20.378649950999662,1.1203743849348162,0.609711079559986,25.67231590777281,122,37,85,30.327868852459016,18966.93,16929.100000000002,2037.829999999998,2260.21,0,1,28.956235528499707,1.3987416291069532,1.5187591076737037,15.161826079987673,62,21,41,33.87096774193548,10157.34,7261.77,2895.5699999999997,1114.61,0,1,0.08686870658549913,0.0996854072767383,-0.000924720457072417,0.049206349206349205,0.020378649950999663,0.0060187192467408114,-0.026079676158560387
1c_risk,1,0.14859118601939186,True,54,21,79.0,24.0,12,4,1.4,17,46,1.2000000000000002,3.0,3.5,0.009000000000000001,0.3,6.665342304499863,1.0888677318100235,0.44178661860002444,12.390389131652574,122,37,85,30.327868852459016,8165.919999999999,7499.46,666.4599999999991,1132.03,0,1,13.812115091999805,1.396763157214385,1.6114069054922167,6.511617142005087,62,21,41,33.87096774193548,4862.37,3481.1699999999996,1381.2000000000003,594.64,0,1,0.04143634527599941,0.09919078930359626,-0.0,0.049206349206349205,0.006665342304499864,0.004443386590501175,-0.05235102666155404
1c_risk,2,0.18839412203213618,True,54,21,79.0,24.0,12,4,1.4,17,46,1.2000000000000002,3.0,1.0,0.027,0.55,10.382415233999819,1.183382875269125,0.6481950991713469,9.936350040867831,122,37,85,30.327868852459016,6700.16,5661.87,1038.29,712.6,0,1,9.445485521999908,1.3935508870759412,1.3287315876499715,6.780916433725127,62,21,41,33.87096774193548,3344.55,2400.02,944.5300000000002,353.92,0,1,0.028336456565999722,0.0983877217689853,-0.0,0.049206349206349205,0.010382415233999819,0.009169143763456246,-0.007087964506654127
1c_risk,3,0.096042870255192,True,54,21,79.0,24.0,12,4,1.4,17,46,1.2000000000000002,3.0,4.0,0.005,0.75,3.5204098304998293,1.068542248283864,0.3470394121850013,8.026084356663615,122,37,85,30.327868852459016,5488.61,5136.540000000001,352.0699999999988,936.6899999999999,0,1,5.122470054999922,1.2093034659169848,0.9599695921399921,5.645112785975045,62,21,41,33.87096774193548,2959.4800000000005,2447.26,512.2200000000003,506.71,0,1,0.015367410164999765,0.0523258664792462,-0.0,0.049206349206349205,0.0035204098304998294,0.003427112414193201,-0.027804277840096196
1c_risk,4,0.14163562496990367,True,54,21,79.0,24.0,12,4,1.4,17,46,1.2000000000000002,3.0,4.5,0.01,0.35,7.149186015999658,1.0756709725768143,0.41103560489137675,14.295411081077356,122,37,85,30.327868852459016,10162.380000000001,9447.48,714.9000000000015,1519.33,0,1,15.746645617499745,1.362328377852891,1.5484082103374242,8.123856725775282,62,21,41,33.87096774193548,5920.719999999999,4346.03,1574.6899999999996,780.22,0,1,0.04723993685249923,0.09058209446322274,-0.0,0.049206349206349205,0.007149186015999658,0.0037835486288407163,-0.05632549019700787
1c_risk,5,0.19115213715615056,True,54,21,79.0,24.0,12,4,1.4,17,46,1.2000000000000002,3.0,1.5,0.012,0.5,9.554128847999836,1.1372562822155692,0.5856069534917411,12.200313049912479,122,37,85,30.327868852459016,7916.350000000001,6960.920000000001,955.4300000000003,942.01,0,1,13.613635076999852,1.4438850703637522,1.5922310559647626,6.772439991698934,62,21,41,33.87096774193548,4428.28,3066.9200000000005,1361.3599999999992,479.03000000000003,0,1,0.04084090523099956,0.11097126759093806,-0.0,0.049206349206349205,0.009554128847999837,0.006862814110778459,-0.026283327830914544
1c_risk,6,0.15817647266449436,True,54,21,79.0,24.0,12,4,1.4,17,46,1.2000000000000002,3.0,2.5,0.012,0.55,8.401513898499651,1.082412834182635,0.43950315203918394,16.152273805448793,122,37,85,30.327868852459016,11034.82,10194.650000000001,840.1699999999983,1531.64,0,1,18.299129488999753,1.3886152859451621,1.6062857488102322,8.565998201587648,62,21,41,33.87096774193548,6538.67,4708.7699999999995,1829.9000000000005,800.86,0,1,0.054897388466999264,0.09715382148629054,-0.0,0.049206349206349205,0.008401513898499652,0.004120641709131745,-0.055603242102776035
1c_risk,7,0.1924550225442923,True,54,21,79.0,24.0,12,4,1.4,17,46,1.2000000000000002,3.0,1.5,0.012,0.45,9.596157752999716,1.150347738485618,0.6155275515220976,11.364224001685917,122,37,85,30.327868852459016,7342.29,6382.67,959.6199999999999,851.98,0,1,11.94118912799986,1.4265755000410822,1.5141132734868874,6.534199906640337,62,21,41,33.87096774193548,3993.3700000000003,2799.27,1194.1000000000004,430.2,0,1,0.035823567383999576,0.10664387501027056,-0.0,0.049206349206349205,0.009596157752999717,0.0075173869242809,-0.016332313733607662
1c_risk,8,0.21944061254064257,True,54,21,79.0,24.0,12,4,1.4,17,46,1.2000000000000002,3.0,3.0,0.025,0.35,19.8024321444998,1.1797715987181934,0.7302621733977027,17.626449150990894,122,37,85,30.327868852459016,12996.010000000002,11015.699999999999,1980.3100000000031,1435.98,0,1,17.92948408099977,1.3804021742358985,1.3568136291932342,11.98853873357856,62,21,41,33.87096774193548,6506.36,4713.38,1792.9799999999996,699.53,0,1,0.053788452242999316,0.09510054355897463,-0.0,0.049206349206349205,0.019802432144499803,0.00898857993590967,-0.007445744548090062
1c_risk,9,0.19935717108326256,True,54,21,79.0,24.0,12,4,1.4,17,46,1.2000000000000002,3.0,3.0,0.02,0.25,14.984626532999828,1.1941498768538326,0.7306710579976884,12.811774135316572,122,37,85,30.327868852459016,9217.01,7718.469999999999,1498.5400000000009,994.98,0,1,12.961660755999837,1.3897274607909167,1.336658149041442,9.17182322855733,62,21,41,33.87096774193548,4621.9,3325.76,1296.1399999999994,490.53,0,1,0.03888498226799951,0.09743186519772917,-0.0,0.049206349206349205,0.01498462653299983,0.00970749384269163,-0.010858145964506773
1c_risk,10,0.14262338299841792,True,54,21,79.0,24.0,12,4,1.4,17,46,1.2000000000000002,3.0,5.0,0.019,0.75,10.497414446999283,1.0501553558468315,0.3900952021450027,26.37296654721893,122,37,85,30.327868852459016,21979.09,20929.37,1049.7200000000012,3509.93,0,1,27.025331260999465,1.2900885447806452,1.390930668284197,16.245070231898946,62,21,41,33.87096774193548,12018.71,9316.19,2702.5199999999986,1720.74,0,1,0.08107599378299839,0.07252213619516129,-0.007114687039422552,0.049206349206349205,0.010497414446999283,0.0025077677923415753,-0.06607159138600928
1c_risk,11,0.23726968161391324,True,54,21,79.0,24.0,12,4,1.4,17,46,1.2000000000000002,3.0,2.5,0.03,0.65,21.598227433499613,1.1266202073842002,0.6302225437076076,25.76815594080725,122,37,85,30.327868852459016,19217.02,17057.23,2159.790000000001,2271.13,0,1,28.63496495299974,1.3919431467745622,1.4924412363940174,15.480265127917262,62,21,41,33.87096774193548,10169.3,7305.83,2863.4699999999993,1115.42,0,1,0.08590489485899923,0.09798578669364055,-0.0027443721595272106,0.049206349206349205,0.021598227433499612,0.006331010369210011,-0.02101221478825817
1c_risk,12,0.23696222000429265,True,54,21,79.0,24.0,12,4,1.4,17,46,1.2000000000000002,3.0,2.0,0.03,0.65,23.53502719999957,1.1691306672492492,0.726484497497368,21.48349661924591,122,37,85,30.327868852459016,16268.499999999998,13915.040000000005,2353.4599999999937,1820.53,0,1,22.172270988999827,1.3748788987009823,1.3712000241002698,14.394941328001096,62,21,41,33.87096774193548,8131.6799999999985,5914.469999999999,2217.209999999999,879.82,0,1,0.06651681296699948,0.09371972467524559,-0.0,0.049206349206349205,0.023535027199999572,0.00845653336246246,-0.00447222740676364
1c_risk,13,0.23696222000429265,True,54,21,79.0,24.0,12,4,1.4,17,46,1.2000000000000002,3.0,2.0,0.03,0.65,23.53502719999957,1.1691306672492492,0.726484497497368,21.48349661924591,122,37,85,30.327868852459016,16268.499999999998,13915.040000000005,2353.4599999999937,1820.53,0,1,22.172270988999827,1.3748788987009823,1.3712000241002698,14.394941328001096,62,21,41,33.87096774193548,8131.6799999999985,5914.469999999999,2217.209999999999,879.82,0,1,0.06651681296699948,0.09371972467524559,-0.0,0.049206349206349205,0.023535027199999572,0.00845653336246246,-0.00447222740676364
1c_risk,14,0.22152239776598034,True,54,21,79.0,24.0,12,4,1.4,17,46,1.2000000000000002,3.0,2.0,0.023000000000000003,0.65,16.955737367499786,1.1292031230711317,0.6083327148377404,21.002997836872364,122,37,85,30.327868852459016,14818.509999999998,13122.98,1695.5299999999988,1753.0,0,1,23.251098928499815,1.4105320773706,1.5254908536616103,12.223805599418737,62,21,41,33.87096774193548,7988.759999999999,5663.650000000001,2325.1099999999988,871.22,0,1,0.06975329678549944,0.10263301934265001,-0.0,0.049206349206349205,0.01695573736749979,0.006460156153556585,-0.02348616108957467
1c_risk,15,0.1947550300627644,True,54,21,79.0,24.0,12,4,1.4,17,46,1.2000000000000002,3.0,1.0,0.03,0.6000000000000001,11.172386292999763,1.179813817545057,0.6440824359304035,10.8684940352974,122,37,85,30.327868852459016,7330.490000000001,6213.26,1117.2300000000005,781.93,0,1,10.433916526499834,1.3968424815919187,1.3401896464846652,7.389917713200137,62,21,41,33.87096774193548,3672.69,2629.28,1043.4099999999999,388.14,0,1,0.0313017495794995,0.09921062039797968,-0.0,0.049206349206349205,0.011172386292999763,0.00899069087725285,-0.005126766291316597
1c_risk,16,0.21126617563065173,True,54,21,79.0,24.0,12,4,1.4,17,46,1.2000000000000002,3.0,2.5,0.023000000000000003,0.7,15.663961747999675,1.0935272288681832,0.5266792118540546,25.19645861670728,122,37,85,30.327868852459016,18314.23,16747.85,1566.380000000001,2333.8,0,1,29.08759458749966,1.3978022879727579,1.595622674931185,13.586369276618013,62,21,41,33.87096774193548,10220.94,7312.15,2908.790000000001,1165.56,0,1,0.08726278376249898,0.09945057199318946,-0.0,0.049206349206349205,0.015663961747999677,0.0046763614434091605,-0.044993852522794746
1c_risk,17,0.23193731366635467,True,54,21,79.0,24.0,12,4,1.4,17,46,1.2000000000000002,3.0,3.0,0.026000000000000002,0.45,19.857172559499723,1.1423854284605937,0.6543972902458097,21.951222584116227,122,37,85,30.327868852459016,15931.81,13946.09,1985.7199999999993,1850.26,0,1,23.486024408999693,1.3914199955668365,1.4579749211599122,13.359083243988087,62,21,41,33.87096774193548,8348.84,6000.2300000000005,2348.6099999999997,910.39,0,1,0.07045807322699907,0.09785499889170912,-0.0,0.049206349206349205,0.019857172559499724,0.007119271423029683,-0.012558551641232122
1c_risk,18,0.21330289984928144,True,54,21,79.0,24.0,12,4,1.4,17,46,1.2000000000000002,3.0,2.0,0.02,0.6000000000000001,14.841286535499693,1.1253969031835056,0.5882269398429325,19.253344884826735,122,37,85,30.327868852459016,13319.5,11835.380000000001,1484.119999999999,1592.08,0,1,21.782317738499753,1.424267922602561,1.5674500146922612,10.938439395113274,62,21,41,33.87096774193548,7312.22,5134.02,2178.2,796.68,0,1,0.06534695321549926,0.10606698065064024,-0.0,0.049206349206349205,0.014841286535499694,0.00626984515917528,-0.028428514917882237
1c_risk,19,0.19329843815100425,True,54,21,79.0,24.0,12,4,1.4,17,46,1.2000000000000002,3.0,3.5,0.027,0.7,15.343700698499324,1.0676203554276176,0.4728004715335947,31.14466884662943,122,37,85,30.327868852459016,24225.949999999997,22691.539999999997,1534.4099999999999,3256.06,0,1,35.716710935999544,1.3575054851780084,1.5496659592429542,16.97914671236003,62,21,41,33.87096774193548,13562.240000000003,9990.56,3571.680000000004,1624.15,0,1,0.10715013280799864,0.0893763712945021,-0.011309409784914461,0.049206349206349205,0.015343700698499324,0.003381017771380879,-0.05984972384281142
1c_risk,20,0.20463217062280958,True,54,21,79.0,24.0,12,4,1.4,17,46,1.2000000000000002,3.0,1.5,0.023000000000000003,0.55,16.592520326999875,1.1928897424153302,0.731829270740392,14.101715797531572,122,37,85,30.327868852459016,10261.5,8602.22,1659.2800000000007,1106.6,0,1,14.323655325499857,1.388903972718782,1.341692834771389,10.07325494977939,62,21,41,33.87096774193548,5115.5,3683.12,1432.38,543.32,0,1,0.04297096597649957,0.09722599317969549,-0.0,0.049206349206349205,0.016592520326999875,0.00964448712076651,-0.011008145187501069
1c_risk,21,0.23696222000429265,True,54,21,79.0,24.0,12,4,1.4,17,46,1.2000000000000002,3.0,2.0,0.03,0.65,23.53502719999957,1.1691306672492492,0.726484497497368,21.48349661924591,122,37,85,30.327868852459016,16268.499999999998,13915.040000000005,2353.4599999999937,1820.53,0,1,22.172270988999827,1.3748788987009823,1.3712000241002698,14.394941328001096,62,21,41,33.87096774193548,8131.6799999999985,5914.469999999999,2217.209999999999,879.82,0,1,0.06651681296699948,0.09371972467524559,-0.0,0.049206349206349205,0.023535027199999572,0.00845653336246246,-0.00447222740676364
1c_risk,22,0.23644986305781285,True,54,21,79.0,24.0,12,4,1.4,17,46,1.2000000000000002,3.0,2.0,0.028,0.7,21.347201902499602,1.1457121033925162,0.6690668753258506,22.842427512779622,122,37,85,30.327868852459016,16784.9,14650.189999999997,2134.7100000000046,1937.76,0,1,23.98097674199971,1.381533854970455,1.4267853104780572,14.187379874043668,62,21,41,33.87096774193548,8683.41,6285.34,2398.0699999999997,948.03,0,1,0.07194293022599914,0.09538346374261375,-0.0,0.049206349206349205,0.021347201902499603,0.007285605169625809,-0.00871568718927467
1c_risk,23,0.2409272717392905,True,54,21,79.0,24.0,12,4,1.4,17,46,1.2000000000000002,3.0,2.5,0.03,0.6000000000000001,22.678961378999702,1.1430422140789287,0.6705624728549252,24.281990317017755,122,37,85,30.327868852459016,18122.820000000003,15854.899999999998,2267.9200000000055,2097.52,0,1,25.753497496499783,1.3796732158152574,1.4301364864449977,15.13419190276331,62,21,41,33.87096774193548,9358.419999999998,6783.070000000001,2575.3499999999976,1023.0699999999999,0,1,0.07726049248949934,0.09491830395381434,-0.0007668108729332042,0.049206349206349205,0.022678961378999704,0.007152110703946436,-0.009522135120385336
1c_risk,24,0.22639882147719664,True,54,21,79.0,24.0,12,4,1.4,17,46,1.2000000000000002,3.0,2.5,0.025,0.6000000000000001,17.673250357999695,1.1161654038968285,0.5852598384612275,23.599289486026308,122,37,85,30.327868852459016,16981.239999999998,15213.91,1767.329999999998,2046.74,0,1,27.293364086999684,1.4156868538566043,1.5697789863341998,13.493247730607253,62,21,41,33.87096774193548,9295.230000000001,6565.88,2729.3500000000013,1018.29,0,1,0.08188009226099904,0.10392171346415108,-0.0,0.049206349206349205,0.017673250357999697,0.005808270194841425,-0.032090854007143794
1c_risk,25,0.2349145691090767,True,54,21,79.0,24.0,12,4,1.4,17,46,1.2000000000000002,3.0,3.5,0.028,0.5,19.099115987999575,1.1065042364138649,0.5754840562486605,26.703151112341672,122,37,85,30.327868852459016,19842.52,17932.62,1909.9000000000015,2427.2,0,1,32.310409304999666,1.4167467428863294,1.6011120377737993,15.225191236742933,62,21,41,33.87096774193548,10984.079999999998,7753.03,3231.0499999999984,1209.14,0,1,0.09693122791499899,0.10418668572158235,-0.0012868070671024766,0.049206349206349205,0.019099115987999574,0.005325211820693243,-0.03854721447544417
1c_risk,26,0.22227603706347474,True,54,21,79.0,24.0,12,4,1.4,17,46,1.2000000000000002,3.0,3.0,0.025,0.6000000000000001,16.77480199499956,1.0950575470142476,0.5371583715377506,26.325028890851517,122,37,85,30.327868852459016,19324.820000000003,17647.31,1677.510000000002,2438.57,0,1,31.606041555499655,1.4108266759562316,1.6259531074155793,14.388149614753843,62,21,41,33.87096774193548,10853.8,7693.219999999999,3160.58,1220.81,0,1,0.09481812466649896,0.10270666898905789,-0.0,0.049206349206349205,0.01677480199499956,0.004752877350712382,-0.04598278514414325
1c_risk,27,0.23337286572041044,True,54,21,79.0,24.0,12,4,1.4,17,46,1.2000000000000002,3.0,2.5,0.03,0.7,20.398773364499554,1.11170869040689,0.592846394962534,27.247319133102575,122,37,85,30.327868852459016,20300.590000000004,18260.710000000003,2039.880000000001,2448.05,0,1,31.564580851499613,1.4025719445563951,1.5478958017210258,15.861462947847304,62,21,41,33.87096774193548,10997.230000000001,7840.76,3156.470000000001,1210.25,0,1,0.09469374255449883,0.10064298613909878,-0.00492264541627031,0.049206349206349205,0.020398773364499554,0.005585434520344501,-0.03223177464811013
1c_risk,28,0.20257147111931237,True,54,21,79.0,24.0,12,4,1.4,17,46,1.2000000000000002,3.0,1.5,0.028,0.5,14.017053524999849,1.1779828023180812,0.6614633619292258,13.469586347486182,122,37,85,30.327868852459016,9277.18,7875.479999999999,1401.7000000000016,995.35,0,1,12.961660755999837,1.3897274607909167,1.336658149041442,9.17182322855733,62,21,41,33.87096774193548,4621.9,3325.76,1296.1399999999994,490.53,0,1,0.03888498226799951,0.09743186519772917,-0.0,0.049206349206349205,0.014017053524999849,0.008899140115904059,-0.005867919193669435
1c_risk,29,0.16837316348773776,True,54,21,79.0,24.0,12,4,1.4,17,46,1.2000000000000002,3.0,3.0,0.017,0.75,10.251068479999613,1.0640406337465014,0.41327521891004027,22.79548592187771,122,37,85,30.327868852459016,17031.460000000003,16006.400000000001,1025.0600000000013,2477.71,0,1,27.250706672999627,1.3678277125753353,1.60667928008912,12.59917529847239,62,21,41,33.87096774193548,10133.62,7408.55,2725.0700000000006,1291.5,0,1,0.08175212001899887,0.09195692814383383,-0.0,0.049206349206349205,0.010251068479999613,0.003202031687325069,-0.06799533404876881
1c_risk,30,0.18898197595026955,True,54,21,79.0,24.0,12,4,1.4,17,46,1.2000000000000002,3.0,4.0,0.028,0.65,15.068483924999365,1.0628694497014357,0.4621125986250982,32.38871310973989,122,37,85,30.327868852459016,25474.939999999995,23968.080000000005,1506.8599999999897,3452.27,0,1,37.52515523299944,1.3545175242187368,1.5536940277670344,17.728861456304774,62,21,41,33.87096774193548,14337.27,10584.779999999999,3752.4900000000016,1727.2,0,1,0.11257546569899832,0.08862938105468421,-0.015593494036027278,0.049206349206349205,0.015068483924999366,0.0031434724850717857,-0.06404768238380604
1c_risk,31,0.23696222000429265,True,54,21,79.0,24.0,12,4,1.4,17,46,1.2000000000000002,3.0,2.0,0.03,0.65,23.53502719999957,1.1691306672492492,0.726484497497368,21.48349661924591,122,37,85,30.327868852459016,16268.499999999998,13915.040000000005,2353.4599999999937,1820.53,0,1,22.172270988999827,1.3748788987009823,1.3712000241002698,14.394941328001096,62,21,41,33.87096774193548,8131.6799999999985,5914.469999999999,2217.209999999999,879.82,0,1,0.06651681296699948,0.09371972467524559,-0.0,0.049206349206349205,0.023535027199999572,0.00845653336246246,-0.00447222740676364
1c_risk,32,0.23894799640743825,True,54,21,79.0,24.0,12,4,1.4,17,46,1.2000000000000002,3.0,2.5,0.029,0.6000000000000001,21.764877287499747,1.1383516668626623,0.6561874748395108,24.13727487739684,122,37,85,30.327868852459016,17908.15,15731.65,2176.500000000002,2087.45,0,1,25.980159396999785,1.3854472352862632,1.4535777248240918,14.78967484378748,62,21,41,33.87096774193548,9338.33,6740.3,2598.0299999999997,1021.77,0,1,0.07794047819099935,0.09636180882156581,-0.0,0.049206349206349205,0.021764877287499748,0.006917583343133116,-0.013243100442108987
1c_risk,33,0.23130855826825406,True,54,21,79.0,24.0,12,4,1.4,17,46,1.2000000000000002,3.0,2.5,0.026000000000000002,0.55,19.652156665499735,1.1385914062665288,0.6447477337163907,22.27888230778947,122,37,85,30.327868852459016,16145.340000000002,14180.099999999999,1965.2400000000034,1883.99,0,1,24.026506830999768,1.393852912490062,1.4708302288939612,13.42980736896528,62,21,41,33.87096774193548,8503.13,6100.45,2402.6799999999994,928.25,0,1,0.0720795204929993,0.09846322812251551,-0.0,0.049206349206349205,0.019652156665499736,0.006929570313326439,-0.015022266532436147
1c_risk,34,0.2359309475504336,True,54,21,79.0,24.0,12,4,1.4,17,46,1.2000000000000002,3.0,2.5,0.028,0.6000000000000001,20.741303121999756,1.1329023568505783,0.6387677072429696,24.01770042002438,122,37,85,30.327868852459016,17680.55,15606.419999999998,2074.130000000001,2076.52,0,1,26.30544841699973,1.392648384650749,1.4816724295808843,14.460201030182555,62,21,41,33.87096774193548,9330.02,6699.4800000000005,2630.54,1021.35,0,1,0.07891634525099919,0.09816209616268723,-0.0,0.049206349206349205,0.02074130312199976,0.006645117842528914,-0.017740264034130707
1c_risk,35,0.18839412203213618,True,54,21,79.0,24.0,12,4,1.4,17,46,1.2000000000000002,3.0,1.0,0.029,0.55,10.382415233999819,1.183382875269125,0.6481950991713469,9.936350040867831,122,37,85,30.327868852459016,6700.16,5661.87,1038.29,712.6,0,1,9.445485521999908,1.3935508870759412,1.3287315876499715,6.780916433725127,62,21,41,33.87096774193548,3344.55,2400.02,944.5300000000002,353.92,0,1,0.028336456565999722,0.0983877217689853,-0.0,0.049206349206349205,0.010382415233999819,0.009169143763456246,-0.007087964506654127
1c_risk,36,0.22994089604905593,True,54,21,79.0,24.0,12,4,1.4,17,46,1.2000000000000002,3.0,2.5,0.026000000000000002,0.7,17.702171852999527,1.1010357326922713,0.5555245526561202,26.126480628029963,122,37,85,30.327868852459016,19291.17,17520.93,1770.239999999998,2396.62,0,1,31.996356406999677,1.4205367950802323,1.6313832623625633,14.569121552125655,62,21,41,33.87096774193548,10808.14,7608.490000000002,3199.649999999998,1198.6,0,1,0.09598906922099902,0.10513419877005808,-0.0,0.049206349206349205,0.017702171852999528,0.005051786634613565,-0.043142679635963466
1c_risk,37,0.215440435074684,True,54,21,79.0,24.0,12,4,1.4,17,46,1.2000000000000002,3.0,3.5,0.027,0.6000000000000001,17.381221985499415,1.0847122905245756,0.5230492177095687,29.31056723271133,122,37,85,30.327868852459016,22256.039999999997,20517.92,1738.119999999999,2869.06,0,1,34.29807985399957,1.384643766331348,1.586385278242398,15.933884228391893,62,21,41,33.87096774193548,12346.73,8916.900000000001,3429.829999999998,1423.2,0,1,0.10289423956199871,0.096160941582837,-0.005336481305096531,0.049206349206349205,0.017381221985499417,0.004235614526228781,-0.0491014504831326
1c_risk,38,0.19712329484701963,True,54,21,79.0,24.0,12,4,1.4,17,46,1.2000000000000002,3.0,1.5,0.024,0.45,12.87181236099981,1.1834882656748718,0.6714830752869383,12.11692842522838,122,37,85,30.327868852459016,8302.04,7014.89,1287.1500000000005,887.99,0,1,11.680362796499868,1.3924348769777137,1.3359444463208712,8.280191796253552,62,21,41,33.87096774193548,4144.29,2976.2900000000004,1167.9999999999995,438.89,0,1,0.0350410883894996,0.09810871924442843,-0.0,0.049206349206349205,0.01287181236099981,0.009174413283743589,-0.007279087638001008
1c_risk,39,0.2321513893281594,True,54,21,79.0,24.0,12,4,1.4,17,46,1.2000000000000002,3.0,3.0,0.029,0.65,19.06434174499944,1.0959805145146828,0.5553363177419157,28.745282475923105,122,37,85,30.327868852459016,21769.45,19862.99,1906.4599999999991,2717.18,0,1,35.76671762849957,1.4155853058872194,1.6338696102037717,16.123941328019082,62,21,41,33.87096774193548,12183.15,8606.439999999999,3576.710000000001,1355.48,0,1,0.10730015288549871,0.10389632647180486,-0.006422521874394758,0.049206349206349205,0.01906434174499944,0.004799025725734141,-0.04569228483183221
1c_risk,40,0.1341822141595534,True,54,21,79.0,24.0,12,4,1.4,17,46,1.2000000000000002,3.0,2.0,0.007,0.55,5.433547422999836,1.084969753082558,0.42204243508536143,10.15425294013154,122,37,85,30.327868852459016,6937.339999999999,6394.040000000001,543.2999999999984,1028.76,0,1,11.042444726999873,1.3729230831577242,1.5563941423496892,5.729632733894047,62,21,41,33.87096774193548,4065.39,2961.12,1104.27,532.21,0,1,0.03312733418099962,0.09323077078943104,-0.0,0.049206349206349205,0.005433547422999837,0.004248487654127897,-0.05106427509435421
1c_risk,41,0.23696222000429265,True,54,21,79.0,24.0,12,4,1.4,17,46,1.2000000000000002,3.0,2.0,0.03,0.65,23.53502719999957,1.1691306672492492,0.726484497497368,21.48349661924591,122,37,85,30.327868852459016,16268.499999999998,13915.040000000005,2353.4599999999937,1820.53,0,1,22.172270988999827,1.3748788987009823,1.3712000241002698,14.394941328001096,62,21,41,33.87096774193548,8131.6799999999985,5914.469999999999,2217.209999999999,879.82,0,1,0.06651681296699948,0.09371972467524559,-0.0,0.049206349206349205,0.023535027199999572,0.00845653336246246,-0.00447222740676364
1c_risk,42,0.2412305209105345,True,54,21,79.0,24.0,12,4,1.4,17,46,1.2000000000000002,3.0,2.0,0.029,0.7,22.585969600999597,1.1528409367742358,0.6910501090200433,22.868115347867516,122,37,85,30.327868852459016,17036.13,14777.519999999997,2258.610000000004,1950.76,0,1,23.84931193099974,1.3773167887784759,1.408434332120903,14.512573050934158,62,21,41,33.87096774193548,8705.62,6320.71,2384.9100000000008,949.4300000000001,0,1,0.07154793579299921,0.09432919719461896,-0.0,0.049206349206349205,0.022585969600999598,0.007642046838711791,-0.00408097772314426
1c_risk,43,0.225341386464303,True,54,21,79.0,24.0,12,4,1.4,17,46,1.2000000000000002,3.0,1.5,0.029,0.75,21.57266685149969,1.1792445383534587,0.729778374561202,18.730165380675935,122,37,85,30.327868852459016,14192.549999999997,12035.289999999999,2157.2599999999984,1558.03,0,1,19.4486755154998,1.3800830962133768,1.3489069203490853,13.320363850242604,62,21,41,33.87096774193548,7061.83,5116.96,1944.87,756.15,0,1,0.0583460265464994,0.09502077405334419,-0.0,0.049206349206349205,0.02157266685149969,0.008962226917672933,-0.007766657111062437
1c_risk,44,0.2333617630112333,True,54,21,79.0,24.0,12,4,1.4,17,46,1.2000000000000002,3.0,2.5,0.027,0.7,18.406840974999543,1.1038334594098491,0.5656908655632127,26.42816236175596,122,37,85,30.327868852459016,19568.020000000004,17727.33,1840.6900000000023,2411.87,0,1,32.21048787749965,1.4193253167012299,1.6176227697176215,14.905324708331023,62,21,41,33.87096774193548,10902.589999999998,7681.530000000001,3221.0599999999977,1203.89,0,1,0.09663146363249894,0.10483132917530746,-0.0,0.049206349206349205,0.018406840974999544,0.005191672970492456,-0.04090589294841433
1c_risk,45,0.23208991414657645,True,54,21,79.0,24.0,12,4,1.4,17,46,1.2000000000000002,3.0,2.5,0.027,0.6000000000000001,19.50042663049968,1.1259597925485156,0.6162239924395987,23.94122371146075,122,37,85,30.327868852459016,17431.22,15481.209999999997,1950.0100000000039,2064.81,0,1,26.715286268999733,1.4014247784020306,1.5136327159138108,14.142769109799392,62,21,41,33.87096774193548,9326.580000000002,6655.07,2671.510000000002,1020.42,0,1,0.08014585880699919,0.10035619460050765,-0.0,0.049206349206349205,0.01950042663049968,0.006297989627425782,-0.02341690472520506
1c_risk,46,0.2141422120501226,True,54,21,79.0,24.0,12,4,1.4,17,46,1.2000000000000002,3.0,3.0,0.029,0.75,18.074347178999524,1.081224120745736,0.5221405809555923,31.10901194136727,122,37,85,30.327868852459016,24059.809999999998,22252.379999999997,1807.4300000000003,3110.04,0,1,36.74082506249952,1.3805943092496447,1.5854252345718043,17.010839507040654,62,21,41,33.87096774193548,13327.65,9653.56,3674.09,1539.93,0,1,0.11022247518749854,0.09514857731241116,-0.011490511468803736,0.049206349206349205,0.018074347178999525,0.0040612060372868025,-0.05108023140361891
1c_risk,47,0.17858156203461245,True,54,21,79.0,24.0,12,4,1.4,17,46,1.2000000000000002,3.0,2.0,0.015,0.65,10.965463755499549,1.0970510740625683,0.4993189165265803,18.200075112927646,122,37,85,30.327868852459016,12395.24,11298.69,1096.5499999999993,1608.87,0,1,19.497582468999735,1.3883063576562529,1.5589821434693445,9.54686264857249,62,21,41,33.87096774193548,6970.950000000001,5021.1900000000005,1949.7600000000002,813.41,0,1,0.0584927474069992,0.09707658941406322,-0.0,0.049206349206349205,0.01096546375549955,0.004852553703128416,-0.042012141451427155
1c_risk,48,0.21898767356819962,True,54,21,79.0,24.0,12,4,1.4,17,46,1.2000000000000002,3.0,2.5,0.024,0.7,16.329086692499587,1.0960307079964524,0.5362419372801871,25.57939415965471,122,37,85,30.327868852459016,18636.95,17004.040000000005,1632.9099999999962,2354.23,0,1,30.45650301999967,1.4103012814295106,1.6230736843282485,13.931890743117487,62,21,41,33.87096774193548,10468.61,7422.96,3045.6500000000005,1179.5,0,1,0.09136950905999901,0.10257532035737765,-0.0,0.049206349206349205,0.01632908669249959,0.004801535399822621,-0.04529412714784846
1c_risk,49,0.1947550300627644,True,54,21,79.0,24.0,12,4,1.4,17,46,1.2000000000000002,3.0,1.0,0.026000000000000002,0.6000000000000001,11.172386292999763,1.179813817545057,0.6440824359304035,10.8684940352974,122,37,85,30.327868852459016,7330.490000000001,6213.26,1117.2300000000005,781.93,0,1,10.433916526499834,1.3968424815919187,1.3401896464846652,7.389917713200137,62,21,41,33.87096774193548,3672.69,2629.28,1043.4099999999999,388.14,0,1,0.0313017495794995,0.09921062039797968,-0.0,0.049206349206349205,0.011172386292999763,0.00899069087725285,-0.005126766291316597
1c_risk,50,0.20048776751058336,True,54,21,79.0,24.0,12,4,1.4,17,46,1.2000000000000002,3.0,5.0,0.029,0.5,17.07053173499933,1.07120325165951,0.4966339999658211,32.48003561835308,122,37,85,30.327868852459016,25682.579999999994,23975.449999999993,1707.130000000001,3411.76,0,1,37.54549327299952,1.3593805486771238,1.5539913141071895,17.729563037608024,62,21,41,33.87096774193548,14201.870000000003,10447.310000000001,3754.5600000000013,1686.04,0,1,0.11263647981899855,0.08984513716928094,-0.015597503072045852,0.049206349206349205,0.017070531734999332,0.0035601625829755016,-0.05623338992997432
1c_risk,51,0.23696222000429265,True,54,21,79.0,24.0,12,4,1.4,17,46,1.2000000000000002,3.0,2.0,0.03,0.65,23.53502719999957,1.1691306672492492,0.726484497497368,21.48349661924591,122,37,85,30.327868852459016,16268.499999999998,13915.040000000005,2353.4599999999937,1820.53,0,1,22.172270988999827,1.3748788987009823,1.3712000241002698,14.394941328001096,62,21,41,33.87096774193548,8131.6799999999985,5914.469999999999,2217.209999999999,879.82,0,1,0.06651681296699948,0.09371972467524559,-0.0,0.049206349206349205,0.023535027199999572,0.00845653336246246,-0.00447222740676364
1c_risk,52,0.21413132472962706,True,54,21,79.0,24.0,12,4,1.4,17,46,1.2000000000000002,3.0,1.5,0.03,0.65,19.17456728299969,1.1842619623730826,0.716023546160532,16.790542472577954,122,37,85,30.327868852459016,12323.880000000001,10406.380000000001,1917.5,1331.85,0,1,16.84269019299989,1.3828829545635377,1.3404721770141246,11.781234401752268,62,21,41,33.87096774193548,6083.150000000001,4398.89,1684.2600000000002,648.84,0,1,0.05052807057899967,0.09572073864088443,-0.0,0.049206349206349205,0.01917456728299969,0.00921309811865413,-0.00971149909826005
1c_risk,53,0.23644986305781285,True,54,21,79.0,24.0,12,4,1.4,17,46,1.2000000000000002,3.0,2.0,0.028,0.7,21.347201902499602,1.1457121033925162,0.6690668753258506,22.842427512779622,122,37,85,30.327868852459016,16784.9,14650.189999999997,2134.7100000000046,1937.76,0,1,23.98097674199971,1.381533854970455,1.4267853104780572,14.187379874043668,62,21,41,33.87096774193548,8683.41,6285.34,2398.0699999999997,948.03,0,1,0.07194293022599914,0.09538346374261375,-0.0,0.049206349206349205,0.021347201902499603,0.007285605169625809,-0.00871568718927467
1c_risk,54,0.22361772717416295,True,54,21,79.0,24.0,12,4,1.4,17,46,1.2000000000000002,3.0,2.0,0.029,0.55,21.091399384499653,1.1794040817229214,0.7256667526878908,18.39887376425616,122,37,85,30.327868852459016,13865.439999999999,11756.31,2109.129999999999,1518.89,0,1,19.019067108499765,1.380169667022472,1.3450188900705242,13.14926681898526,62,21,41,33.87096774193548,6904.630000000001,5002.74,1901.8900000000012,738.4,0,1,0.057057201325499296,0.09504241675561798,-0.0,0.049206349206349205,0.021091399384499655,0.008970204086146072,-0.007749843583949254
1c_risk,55,0.20189726464675328,True,54,21,79.0,24.0,12,4,1.4,17,46,1.2000000000000002,3.0,2.5,0.027,0.3,14.204132702499827,1.180608606755403,0.6711630591474567,13.435363168203343,122,37,85,30.327868852459016,9284.92,7864.5199999999995,1420.4000000000005,995.71,0,1,12.961660755999837,1.3897274607909167,1.336658149041442,9.17182322855733,62,21,41,33.87096774193548,4621.9,3325.76,1296.1399999999994,490.53,0,1,0.03888498226799951,0.09743186519772917,-0.0,0.049206349206349205,0.014204132702499829,0.009030430337770146,-0.0068604950655945796
1c_risk,56,0.2104949832036538,True,54,21,79.0,24.0,12,4,1.4,17,46,1.2000000000000002,3.0,1.5,0.03,0.6000000000000001,17.34710467949979,1.1814590915224736,0.6951626155084852,15.781639656583854,122,37,85,30.327868852459016,11294.17,9559.509999999998,1734.6600000000017,1217.07,0,1,15.561852792999908,1.3852809887277706,1.339677103442197,10.94017966672515,62,21,41,33.87096774193548,5595.33,4039.13,1556.1999999999998,595.93,0,1,0.04668555837899972,0.09632024718194265,-0.0,0.049206349206349205,0.01734710467949979,0.009072954576123683,-0.00813723081926125
1c_risk,57,0.2349145691090767,True,54,21,79.0,24.0,12,4,1.4,17,46,1.2000000000000002,3.0,2.5,0.028,0.7,19.099115987999575,1.1065042364138649,0.5754840562486605,26.703151112341672,122,37,85,30.327868852459016,19842.52,17932.62,1909.9000000000015,2427.2,0,1,32.310409304999666,1.4167467428863294,1.6011120377737993,15.225191236742933,62,21,41,33.87096774193548,10984.079999999998,7753.03,3231.0499999999984,1209.14,0,1,0.09693122791499899,0.10418668572158235,-0.0012868070671024766,0.049206349206349205,0.019099115987999574,0.005325211820693243,-0.03854721447544417
1c_risk,58,0.21942261777427302,True,54,21,79.0,24.0,12,4,1.4,17,46,1.2000000000000002,3.0,3.0,0.026000000000000002,0.65,16.997394540999412,1.0891235146037206,0.5273549131712579,27.895986364446628,122,37,85,30.327868852459016,20771.23,19071.509999999995,1699.7200000000048,2650.74,0,1,32.86879908399957,1.3958036299179222,1.602055310359557,15.184210107816659,62,21,41,33.87096774193548,11591.2,8304.320000000002,3286.879999999999,1321.25,0,1,0.0986063972519987,0.09895090747948054,-0.0010526291875237654,0.049206349206349205,0.01699739454099941,0.004456175730186029,-0.04774197724721709
1c_risk,59,0.21805081546810162,True,54,21,79.0,24.0,12,4,1.4,17,46,1.2000000000000002,3.0,2.0,0.022000000000000002,0.75,15.623389754999645,1.1069054614977207,0.5534717036723876,22.7430536196625,122,37,85,30.327868852459016,16176.249999999998,14613.939999999999,1562.3099999999995,2002.62,0,1,27.259933465499742,1.4271961661902615,1.6337782005567096,12.517487691569135,62,21,41,33.87096774193548,9107.11,6381.12,2725.9900000000007,1007.38,0,1,0.08177980039649922,0.10679904154756537,-0.0,0.049206349206349205,0.015623389754999646,0.005345273074886037,-0.040703038512197844
1c_risk,60,0.23481544671500987,True,54,21,79.0,24.0,12,4,1.4,17,46,1.2000000000000002,3.0,3.0,0.029,0.6000000000000001,19.627157045999517,1.105792470607513,0.5775514214074521,27.425118632701572,122,37,85,30.327868852459016,20515.06,18552.36,1962.7000000000007,2509.06,0,1,33.16567087099962,1.4139177773090736,1.5956843087745678,15.66801487475983,62,21,41,33.87096774193548,11329.2,8012.629999999999,3316.5700000000015,1248.0,0,1,0.09949701261299886,0.10347944432726841,-0.003817227855770459,0.049206349206349205,0.01962715704599952,0.005289623530375653,-0.03846691215221132
1c_risk,61,0.23696222000429265,True,54,21,79.0,24.0,12,4,1.4,17,46,1.2000000000000002,3.0,2.0,0.03,0.65,23.53502719999957,1.1691306672492492,0.726484497497368,21.48349661924591,122,37,85,30.327868852459016,16268.499999999998,13915.040000000005,2353.4599999999937,1820.53,0,1,22.172270988999827,1.3748788987009823,1.3712000241002698,14.394941328001096,62,21,41,33.87096774193548,8131.6799999999985,5914.469999999999,2217.209999999999,879.82,0,1,0.06651681296699948,0.09371972467524559,-0.0,0.049206349206349205,0.023535027199999572,0.00845653336246246,-0.00447222740676364
1c_risk,62,0.2349145691090767,True,54,21,79.0,24.0,12,4,1.4,17,46,1.2000000000000002,3.0,2.5,0.028,0.7,19.099115987999575,1.1065042364138649,0.5754840562486605,26.703151112341672,122,37,85,30.327868852459016,19842.52,17932.62,1909.9000000000015,2427.2,0,1,32.310409304999666,1.4167467428863294,1.6011120377737993,15.225191236742933,62,21,41,33.87096774193548,10984.079999999998,7753.03,3231.0499999999984,1209.14,0,1,0.09693122791499899,0.10418668572158235,-0.0012868070671024766,0.049206349206349205,0.019099115987999574,0.005325211820693243,-0.03854721447544417
1c_risk,63,0.23696222000429265,True,54,21,79.0,24.0,12,4,1.4,17,46,1.2000000000000002,3.0,2.0,0.03,0.65,23.53502719999957,1.1691306672492492,0.726484497497368,21.48349661924591,122,37,85,30.327868852459016,16268.499999999998,13915.040000000005,2353.4599999999937,1820.53,0,1,22.172270988999827,1.3748788987009823,1.3712000241002698,14.394941328001096,62,21,41,33.87096774193548,8131.6799999999985,5914.469999999999,2217.209999999999,879.82,0,1,0.06651681296699948,0.09371972467524559,-0.0,0.049206349206349205,0.023535027199999572,0.00845653336246246,-0.00447222740676364
1c_risk,64,0.20759419300629134,True,54,21,79.0,24.0,12,4,1.4,17,46,1.2000000000000002,3.0,1.5,0.029,0.55,15.589774307499866,1.1790005235746368,0.6766344302160947,14.65971839427678,122,37,85,30.327868852459016,10268.34,8709.36,1558.9799999999996,1104.8,0,1,14.323655325499857,1.388903972718782,1.341692834771389,10.07325494977939,62,21,41,33.87096774193548,5115.5,3683.12,1432.38,543.32,0,1,0.04297096597649957,0.09722599317969549,-0.0,0.049206349206349205,0.015589774307499867,0.00895002617873184,-0.006348915842484637
1c_risk,65,0.23208991414657645,True,54,21,79.0,24.0,12,4,1.4,17,46,1.2000000000000002,3.0,2.5,0.027,0.6000000000000001,19.50042663049968,1.1259597925485156,0.6162239924395987,23.94122371146075,122,37,85,30.327868852459016,17431.22,15481.209999999997,1950.0100000000039,2064.81,0,1,26.715286268999733,1.4014247784020306,1.5136327159138108,14.142769109799392,62,21,41,33.87096774193548,9326.580000000002,6655.07,2671.510000000002,1020.42,0,1,0.08014585880699919,0.10035619460050765,-0.0,0.049206349206349205,0.01950042663049968,0.006297989627425782,-0.02341690472520506
1c_risk,66,0.23644986305781285,True,54,21,79.0,24.0,12,4,1.4,17,46,1.2000000000000002,3.0,2.0,0.028,0.7,21.347201902499602,1.1457121033925162,0.6690668753258506,22.842427512779622,122,37,85,30.327868852459016,16784.9,14650.189999999997,2134.7100000000046,1937.76,0,1,23.98097674199971,1.381533854970455,1.4267853104780572,14.187379874043668,62,21,41,33.87096774193548,8683.41,6285.34,2398.0699999999997,948.03,0,1,0.07194293022599914,0.09538346374261375,-0.0,0.049206349206349205,0.021347201902499603,0.007285605169625809,-0.00871568718927467
1c_risk,67,0.22796510419479915,True,54,21,79.0,24.0,12,4,1.4,17,46,1.2000000000000002,3.0,2.5,0.025,0.65,17.42235014299962,1.1071140269495776,0.5660007138546542,24.705274708423463,122,37,85,30.327868852459016,18007.42,16265.189999999999,1742.2299999999996,2214.17,0,1,29.89135156599972,1.4233499417901445,1.6200097675666245,13.877086383177017,62,21,41,33.87096774193548,10049.79,7060.66,2989.130000000001,1107.7,0,1,0.08967405469799915,0.10583748544753613,-0.0,0.049206349206349205,0.01742235014299962,0.005355701347478881,-0.03953083664756384
1c_risk,68,0.20993876729944286,True,54,21,79.0,24.0,12,4,1.4,17,46,1.2000000000000002,3.0,1.5,0.029,0.6000000000000001,17.552647041499785,1.1838348270441077,0.7039818073933763,15.685226628247701,122,37,85,30.327868852459016,11303.03,9547.81,1755.2200000000012,1218.28,0,1,15.561852792999908,1.3852809887277706,1.339677103442197,10.94017966672515,62,21,41,33.87096774193548,5595.33,4039.13,1556.1999999999998,595.93,0,1,0.04668555837899972,0.09632024718194265,-0.0,0.049206349206349205,0.017552647041499787,0.009191741352205384,-0.00901777586155389
1c_risk,69,0.23696222000429265,True,54,21,79.0,24.0,12,4,1.4,17,46,1.2000000000000002,3.0,2.0,0.03,0.65,23.53502719999957,1.1691306672492492,0.726484497497368,21.48349661924591,122,37,85,30.327868852459016,16268.499999999998,13915.040000000005,2353.4599999999937,1820.53,0,1,22.172270988999827,1.3748788987009823,1.3712000241002698,14.394941328001096,62,21,41,33.87096774193548,8131.6799999999985,5914.469999999999,2217.209999999999,879.82,0,1,0.06651681296699948,0.09371972467524559,-0.0,0.049206349206349205,0.023535027199999572,0.00845653336246246,-0.00447222740676364
1c_risk,70,0.22283215294975517,True,54,21,79.0,24.0,12,4,1.4,17,46,1.2000000000000002,3.0,2.0,0.028,0.55,21.122619786999692,1.1803298142447107,0.7315956756359889,18.32742227762285,122,37,85,30.327868852459016,13825.51,11713.26,2112.25,1518.1,0,1,18.934954098499784,1.3794951448527426,1.3454380105183312,12.975708965069124,62,21,41,33.87096774193548,6883.06,4989.549999999999,1893.5100000000011,737.34,0,1,0.05680486229549935,0.09487378621318565,-0.0,0.049206349206349205,0.021122619786999693,0.009016490712235536,-0.008191955264514257
1c_risk,71,0.23696222000429265,True,54,21,79.0,24.0,12,4,1.4,17,46,1.2000000000000002,3.0,2.0,0.03,0.65,23.53502719999957,1.1691306672492492,0.726484497497368,21.48349661924591,122,37,85,30.327868852459016,16268.499999999998,13915.040000000005,2353.4599999999937,1820.53,0,1,22.172270988999827,1.3748788987009823,1.3712000241002698,14.394941328001096,62,21,41,33.87096774193548,8131.6799999999985,5914.469999999999,2217.209999999999,879.82,0,1,0.06651681296699948,0.09371972467524559,-0.0,0.049206349206349205,0.023535027199999572,0.00845653336246246,-0.00447222740676364
1c_risk,72,0.23894799640743825,True,54,21,79.0,24.0,12,4,1.4,17,46,1.2000000000000002,3.0,2.5,0.029,0.6000000000000001,21.764877287499747,1.1383516668626623,0.6561874748395108,24.13727487739684,122,37,85,30.327868852459016,17908.15,15731.65,2176.500000000002,2087.45,0,1,25.980159396999785,1.3854472352862632,1.4535777248240918,14.78967484378748,62,21,41,33.87096774193548,9338.33,6740.3,2598.0299999999997,1021.77,0,1,0.07794047819099935,0.09636180882156581,-0.0,0.049206349206349205,0.021764877287499748,0.006917583343133116,-0.013243100442108987
1c_risk,73,0.2359309475504336,True,54,21,79.0,24.0,12,4,1.4,17,46,1.2000000000000002,3.0,2.5,0.028,0.6000000000000001,20.741303121999756,1.1329023568505783,0.6387677072429696,24.01770042002438,122,37,85,30.327868852459016,17680.55,15606.419999999998,2074.130000000001,2076.52,0,1,26.30544841699973,1.392648384650749,1.4816724295808843,14.460201030182555,62,21,41,33.87096774193548,9330.02,6699.4800000000005,2630.54,1021.35,0,1,0.07891634525099919,0.09816209616268723,-0.0,0.049206349206349205,0.02074130312199976,0.006645117842528914,-0.017740264034130707
1c_risk,74,0.23258635534840172,True,54,21,79.0,24.0,12,4,1.4,17,46,1.2000000000000002,3.0,3.0,0.027,0.6000000000000001,18.176132559499475,1.10013215803214,0.5567483061245472,26.87561768015902,122,37,85,30.327868852459016,19970.16,18152.51,1817.6500000000015,2479.61,0,1,33.01834793449964,1.4194440492281426,1.6297492398571987,15.040433657365254,62,21,41,33.87096774193548,11173.75,7871.92,3301.83,1238.58,0,1,0.0990550438034989,0.10486101230703565,-0.000231049470658594,0.049206349206349205,0.018176132559499476,0.005006607901606997,-0.043487740958929925
1c_risk,75,0.2351534356506943,True,54,21,79.0,24.0,12,4,1.4,17,46,1.2000000000000002,3.0,2.5,0.029,0.65,20.378649950999662,1.1203743849348162,0.609711079559986,25.67231590777281,122,37,85,30.327868852459016,18966.93,16929.100000000002,2037.829999999998,2260.21,0,1,28.956235528499707,1.3987416291069532,1.5187591076737037,15.161826079987673,62,21,41,33.87096774193548,10157.34,7261.77,2895.5699999999997,1114.61,0,1,0.08686870658549913,0.0996854072767383,-0.000924720457072417,0.049206349206349205,0.020378649950999663,0.0060187192467408114,-0.026079676158560387
1c_risk,76,0.2409272717392905,True,54,21,79.0,24.0,12,4,1.4,17,46,1.2000000000000002,3.0,2.5,0.03,0.6000000000000001,22.678961378999702,1.1430422140789287,0.6705624728549252,24.281990317017755,122,37,85,30.327868852459016,18122.820000000003,15854.899999999998,2267.9200000000055,2097.52,0,1,25.753497496499783,1.3796732158152574,1.4301364864449977,15.13419190276331,62,21,41,33.87096774193548,9358.419999999998,6783.070000000001,2575.3499999999976,1023.0699999999999,0,1,0.07726049248949934,0.09491830395381434,-0.0007668108729332042,0.049206349206349205,0.022678961378999704,0.007152110703946436,-0.009522135120385336
1c_risk,77,0.23596940775734748,True,54,21,79.0,24.0,12,4,1.4,17,46,1.2000000000000002,3.0,3.0,0.03,0.55,21.280294254999628,1.1230426491726542,0.6206881528198769,26.089498719882577,122,37,85,30.327868852459016,19423.09,17295.059999999998,2128.0300000000025,2305.18,0,1,29.226692763999672,1.3942178256283535,1.503590585528262,15.578200731560282,62,21,41,33.87096774193548,10336.48,7413.82,2922.66,1134.29,0,1,0.08768007829199902,0.09855445640708838,-0.003304004180344466,0.049206349206349205,0.02128029425499963,0.006152132458632709,-0.023599898681376998
1c_risk,78,0.10395479028313082,True,54,21,79.0,24.0,12,4,1.4,17,46,1.2000000000000002,3.0,3.5,0.005,0.6000000000000001,3.8620768859998678,1.0756083571664874,0.37649893574256343,8.026084356663615,122,37,85,30.327868852459016,5494.669999999999,5108.43,386.2399999999989,926.26,0,1,5.209702109499903,1.2150381836945303,0.9815698913316239,5.390286983966721,62,21,41,33.87096774193548,2943.4300000000003,2422.5000000000005,520.9299999999998,486.71999999999997,0,1,0.01562910632849971,0.05375954592363258,-0.0,0.049206349206349205,0.003862076885999868,0.00378041785832437,-0.022282705919674916
1c_risk,79,0.2153706092903195,True,54,21,79.0,24.0,12,4,1.4,17,46,1.2000000000000002,3.0,2.5,0.029,0.4,20.002881592999675,1.1873558739727363,0.73188259444756,17.052242676358894,122,37,85,30.327868852459016,12676.710000000001,10676.42,2000.2900000000009,1371.78,0,1,17.308623709499862,1.3827967595469735,1.3418452520076856,12.097694676495824,62,21,41,33.87096774193548,6252.44,4521.59,1730.8499999999995,666.85,0,1,0.051925871128499584,0.09569918988674336,-0.0,0.049206349206349205,0.020002881592999677,0.009367793698636818,-0.010831476222909133
1c_risk,80,0.2310923721119354,True,54,21,79.0,24.0,12,4,1.4,17,46,1.2000000000000002,3.0,3.0,0.026000000000000002,0.55,18.03652098049959,1.1081713065694305,0.5720025445307214,25.22910313440362,122,37,85,30.327868852459016,18477.87,16674.2,1803.6699999999983,2261.81,0,1,30.497992063999607,1.4218407450285555,1.6106411339690871,14.27674636561847,62,21,41,33.87096774193548,10279.61,7229.79,3049.8200000000006,1130.22,0,1,0.09149397619199882,0.10546018625713888,-0.0,0.049206349206349205,0.018036520980499588,0.005408565328471527,-0.03851322585252263
1c_risk,81,0.2351534356506943,True,54,21,79.0,24.0,12,4,1.4,17,46,1.2000000000000002,3.0,2.5,0.029,0.65,20.378649950999662,1.1203743849348162,0.609711079559986,25.67231590777281,122,37,85,30.327868852459016,18966.93,16929.100000000002,2037.829999999998,2260.21,0,1,28.956235528499707,1.3987416291069532,1.5187591076737037,15.161826079987673,62,21,41,33.87096774193548,10157.34,7261.77,2895.5699999999997,1114.61,0,1,0.08686870658549913,0.0996854072767383,-0.000924720457072417,0.049206349206349205,0.020378649950999663,0.0060187192467408114,-0.026079676158560387
1c_risk,82,0.2409272717392905,True,54,21,79.0,24.0,12,4,1.4,17,46,1.2000000000000002,3.0,2.5,0.03,0.6000000000000001,22.678961378999702,1.1430422140789287,0.6705624728549252,24.281990317017755,122,37,85,30.327868852459016,18122.820000000003,15854.899999999998,2267.9200000000055,2097.52,0,1,25.753497496499783,1.3796732158152574,1.4301364864449977,15.13419190276331,62,21,41,33.87096774193548,9358.419999999998,6783.070000000001,2575.3499999999976,1023.0699999999999,0,1,0.07726049248949934,0.09491830395381434,-0.0007668108729332042,0.049206349206349205,0.022678961378999704,0.007152110703946436,-0.009522135120385336
1c_risk,83,0.2409272717392905,True,54,21,79.0,24.0,12,4,1.4,17,46,1.2000000000000002,3.0,2.5,0.03,0.6000000000000001,22.678961378999702,1.1430422140789287,0.6705624728549252,24.281990317017755,122,37,85,30.327868852459016,18122.820000000003,15854.899999999998,2267.9200000000055,2097.52,0,1,25.753497496499783,1.3796732158152574,1.4301364864449977,15.13419190276331,62,21,41,33.87096774193548,9358.419999999998,6783.070000000001,2575.3499999999976,1023.0699999999999,0,1,0.07726049248949934,0.09491830395381434,-0.0007668108729332042,0.049206349206349205,0.022678961378999704,0.007152110703946436,-0.009522135120385336
1c_risk,84,0.18386183031518824,True,54,21,79.0,24.0,12,4,1.4,17,46,1.2000000000000002,3.0,4.5,0.027,0.6000000000000001,13.760366095999398,1.0576134168368638,0.43965458947100367,32.14408376161746,122,37,85,30.327868852459016,25260.059999999998,23884.020000000004,1376.0399999999936,3487.65,0,1,38.1929199974995,1.3563454646728812,1.5765248727701322,17.644038286694553,62,21,41,33.87096774193548,14537.27,10717.97,3819.300000000001,1771.69,0,1,0.1145787599924985,0.0890863661682203,-0.015108790209683157,0.049206349206349205,0.013760366095999399,0.0028806708418431916,-0.0705418917800392
1c_risk,85,0.23894799640743825,True,54,21,79.0,24.0,12,4,1.4,17,46,1.2000000000000002,3.0,2.5,0.029,0.6000000000000001,21.764877287499747,1.1383516668626623,0.6561874748395108,24.13727487739684,122,37,85,30.327868852459016,17908.15,15731.65,2176.500000000002,2087.45,0,1,25.980159396999785,1.3854472352862632,1.4535777248240918,14.78967484378748,62,21,41,33.87096774193548,9338.33,6740.3,2598.0299999999997,1021.77,0,1,0.07794047819099935,0.09636180882156581,-0.0,0.049206349206349205,0.021764877287499748,0.006917583343133116,-0.013243100442108987
1c_risk,86,0.23894799640743825,True,54,21,79.0,24.0,12,4,1.4,17,46,1.2000000000000002,3.0,2.5,0.029,0.6000000000000001,21.764877287499747,1.1383516668626623,0.6561874748395108,24.13727487739684,122,37,85,30.327868852459016,17908.15,15731.65,2176.500000000002,2087.45,0,1,25.980159396999785,1.3854472352862632,1.4535777248240918,14.78967484378748,62,21,41,33.87096774193548,9338.33,6740.3,2598.0299999999997,1021.77,0,1,0.07794047819099935,0.09636180882156581,-0.0,0.049206349206349205,0.021764877287499748,0.006917583343133116,-0.013243100442108987
1c_risk,87,0.23281795535629612,True,54,21,79.0,24.0,12,4,1.4,17,46,1.2000000000000002,3.0,2.5,0.029,0.5,22.708660394999754,1.1703934089186696,0.7244742816908959,20.77163943627095,122,37,85,30.327868852459016,15597.950000000003,13327.1,2270.850000000002,1741.99,0,1,21.2458022944997,1.3745522051253118,1.3647999226963305,13.909911026115568,62,21,41,33.87096774193548,7796.79,5672.240000000001,2124.5499999999993,843.22,0,1,0.06373740688349909,0.09363805128132796,-0.0,0.049206349206349205,0.022708660394999757,0.008519670445933481,-0.004992182855813379
1c_risk,88,0.23801888469167484,True,54,21,79.0,24.0,12,4,1.4,17,46,1.2000000000000002,3.0,2.5,0.028,0.55,21.711714827499655,1.150589899914688,0.6819507332236963,22.477378605860434,122,37,85,30.327868852459016,16588.859999999997,14417.7,2171.159999999996,1905.22,0,1,23.489401628999712,1.380009512654419,1.4170067370650123,14.115472747850285,62,21,41,33.87096774193548,8530.17,6181.24,2348.9300000000003,930.21,0,1,0.07046820488699913,0.09500237816360474,-0.0,0.049206349206349205,0.02171171482749966,0.007529494995734399,-0.005899257388512293
1c_risk,89,0.23258635534840172,True,54,21,79.0,24.0,12,4,1.4,17,46,1.2000000000000002,3.0,3.0,0.027,0.6000000000000001,18.176132559499475,1.10013215803214,0.5567483061245472,26.87561768015902,122,37,85,30.327868852459016,19970.16,18152.51,1817.6500000000015,2479.61,0,1,33.01834793449964,1.4194440492281426,1.6297492398571987,15.040433657365254,62,21,41,33.87096774193548,11173.75,7871.92,3301.83,1238.58,0,1,0.0990550438034989,0.10486101230703565,-0.000231049470658594,0.049206349206349205,0.018176132559499476,0.005006607901606997,-0.043487740958929925
1c_risk,90,0.23801888469167484,True,54,21,79.0,24.0,12,4,1.4,17,46,1.2000000000000002,3.0,2.5,0.028,0.55,21.711714827499655,1.150589899914688,0.6819507332236963,22.477378605860434,122,37,85,30.327868852459016,16588.859999999997,14417.7,2171.159999999996,1905.22,0,1,23.489401628999712,1.380009512654419,1.4170067370650123,14.115472747850285,62,21,41,33.87096774193548,8530.17,6181.24,2348.9300000000003,930.21,0,1,0.07046820488699913,0.09500237816360474,-0.0,0.049206349206349205,0.02171171482749966,0.007529494995734399,-0.005899257388512293
1c_risk,91,0.23801888469167484,True,54,21,79.0,24.0,12,4,1.4,17,46,1.2000000000000002,3.0,2.5,0.028,0.55,21.711714827499655,1.150589899914688,0.6819507332236963,22.477378605860434,122,37,85,30.327868852459016,16588.859999999997,14417.7,2171.159999999996,1905.22,0,1,23.489401628999712,1.380009512654419,1.4170067370650123,14.115472747850285,62,21,41,33.87096774193548,8530.17,6181.24,2348.9300000000003,930.21,0,1,0.07046820488699913,0.09500237816360474,-0.0,0.049206349206349205,0.02171171482749966,0.007529494995734399,-0.005899257388512293
1c_risk,92,0.2409272717392905,True,54,21,79.0,24.0,12,4,1.4,17,46,1.2000000000000002,3.0,2.5,0.03,0.6000000000000001,22.678961378999702,1.1430422140789287,0.6705624728549252,24.281990317017755,122,37,85,30.327868852459016,18122.820000000003,15854.899999999998,2267.9200000000055,2097.52,0,1,25.753497496499783,1.3796732158152574,1.4301364864449977,15.13419190276331,62,21,41,33.87096774193548,9358.419999999998,6783.070000000001,2575.3499999999976,1023.0699999999999,0,1,0.07726049248949934,0.09491830395381434,-0.0007668108729332042,0.049206349206349205,0.022678961378999704,0.007152110703946436,-0.009522135120385336
1c_risk,93,0.2409272717392905,True,54,21,79.0,24.0,12,4,1.4,17,46,1.2000000000000002,3.0,2.5,0.03,0.6000000000000001,22.678961378999702,1.1430422140789287,0.6705624728549252,24.281990317017755,122,37,85,30.327868852459016,18122.820000000003,15854.899999999998,2267.9200000000055,2097.52,0,1,25.753497496499783,1.3796732158152574,1.4301364864449977,15.13419190276331,62,21,41,33.87096774193548,9358.419999999998,6783.070000000001,2575.3499999999976,1023.0699999999999,0,1,0.07726049248949934,0.09491830395381434,-0.0007668108729332042,0.049206349206349205,0.022678961378999704,0.007152110703946436,-0.009522135120385336
1c_risk,94,0.2409272717392905,True,54,21,79.0,24.0,12,4,1.4,17,46,1.2000000000000002,3.0,2.5,0.03,0.6000000000000001,22.678961378999702,1.1430422140789287,0.6705624728549252,24.281990317017755,122,37,85,30.327868852459016,18122.820000000003,15854.899999999998,2267.9200000000055,2097.52,0,1,25.753497496499783,1.3796732158152574,1.4301364864449977,15.13419190276331,62,21,41,33.87096774193548,9358.419999999998,6783.070000000001,2575.3499999999976,1023.0699999999999,0,1,0.07726049248949934,0.09491830395381434,-0.0007668108729332042,0.049206349206349205,0.022678961378999704,0.007152110703946436,-0.009522135120385336
1c_risk,95,0.23376007657775566,True,54,21,79.0,24.0,12,4,1.4,17,46,1.2000000000000002,3.0,3.0,0.03,0.6000000000000001,20.21287800849956,1.1078205505019765,0.5845798434842724,27.70791409101915,122,37,85,30.327868852459016,20768.189999999995,18746.89,2021.2999999999956,2522.0,0,1,32.82119492149959,1.4073873178336527,1.5709936495288825,15.997430442029112,62,21,41,33.87096774193548,11338.630000000001,8056.51,3282.120000000001,1248.76,0,1,0.09846358476449878,0.10184682945841317,-0.005699602525880638,0.049206349206349205,0.02021287800849956,0.005391027525098824,-0.035660989859223224
1c_risk,96,0.23376007657775566,True,54,21,79.0,24.0,12,4,1.4,17,46,1.2000000000000002,3.0,3.0,0.03,0.6000000000000001,20.21287800849956,1.1078205505019765,0.5845798434842724,27.70791409101915,122,37,85,30.327868852459016,20768.189999999995,18746.89,2021.2999999999956,2522.0,0,1,32.82119492149959,1.4073873178336527,1.5709936495288825,15.997430442029112,62,21,41,33.87096774193548,11338.630000000001,8056.51,3282.120000000001,1248.76,0,1,0.09846358476449878,0.10184682945841317,-0.005699602525880638,0.049206349206349205,0.02021287800849956,0.005391027525098824,-0.035660989859223224
1c_risk,97,0.152975777867542,True,54,21,79.0,24.0,12,4,1.4,17,46,1.2000000000000002,3.0,2.5,0.011,0.55,7.784718782999662,1.0809544905272657,0.4306162685404952,15.159458905578017,122,37,85,30.327868852459016,10394.48,9616.020000000002,778.4599999999973,1471.71,0,1,17.284784971999727,1.387699989009436,1.6107216378597433,8.128697365397421,62,21,41,33.87096774193548,6186.879999999998,4458.37,1728.5099999999984,770.76,0,1,0.051854354915999185,0.09692499725235898,-0.0,0.049206349206349205,0.007784718782999663,0.004047724526363284,-0.056842366816528336
1c_risk,98,0.2409272717392905,True,54,21,79.0,24.0,12,4,1.4,17,46,1.2000000000000002,3.0,2.5,0.03,0.6000000000000001,22.678961378999702,1.1430422140789287,0.6705624728549252,24.281990317017755,122,37,85,30.327868852459016,18122.820000000003,15854.899999999998,2267.9200000000055,2097.52,0,1,25.753497496499783,1.3796732158152574,1.4301364864449977,15.13419190276331,62,21,41,33.87096774193548,9358.419999999998,6783.070000000001,2575.3499999999976,1023.0699999999999,0,1,0.07726049248949934,0.09491830395381434,-0.0007668108729332042,0.049206349206349205,0.022678961378999704,0.007152110703946436,-0.009522135120385336
1c_risk,99,0.23296326846283144,True,54,21,79.0,24.0,12,4,1.4,17,46,1.2000000000000002,3.0,2.5,0.03,0.5,23.085812366999708,1.1721733591980448,0.7279346390886436,20.742671578686824,122,37,85,30.327868852459016,15716.77,13408.23,2308.540000000001,1747.88,0,1,21.36355516299971,1.375134990860131,1.3591656170607214,14.18892823956385,62,21,41,33.87096774193548,7831.160000000001,5694.830000000001,2136.33,844.71,0,1,0.06409066548899912,0.09378374771503273,-0.0,0.049206349206349205,0.02308581236699971,0.00860866795990224,-0.005811974274451574
1c_risk,100,0.23376007657775566,True,54,21,79.0,24.0,12,4,1.4,17,46,1.2000000000000002,3.0,3.0,0.03,0.6000000000000001,20.21287800849956,1.1078205505019765,0.5845798434842724,27.70791409101915,122,37,85,30.327868852459016,20768.189999999995,18746.89,2021.2999999999956,2522.0,0,1,32.82119492149959,1.4073873178336527,1.5709936495288825,15.997430442029112,62,21,41,33.87096774193548,11338.630000000001,8056.51,3282.120000000001,1248.76,0,1,0.09846358476449878,0.10184682945841317,-0.005699602525880638,0.049206349206349205,0.02021287800849956,0.005391027525098824,-0.035660989859223224
1c_risk,101,0.23894799640743825,True,54,21,79.0,24.0,12,4,1.4,17,46,1.2000000000000002,3.0,2.5,0.029,0.6000000000000001,21.764877287499747,1.1383516668626623,0.6561874748395108,24.13727487739684,122,37,85,30.327868852459016,17908.15,15731.65,2176.500000000002,2087.45,0,1,25.980159396999785,1.3854472352862632,1.4535777248240918,14.78967484378748,62,21,41,33.87096774193548,9338.33,6740.3,2598.0299999999997,1021.77,0,1,0.07794047819099935,0.09636180882156581,-0.0,0.049206349206349205,0.021764877287499748,0.006917583343133116,-0.013243100442108987
1c_risk,102,0.2409272717392905,True,54,21,79.0,24.0,12,4,1.4,17,46,1.2000000000000002,3.0,2.5,0.03,0.6000000000000001,22.678961378999702,1.1430422140789287,0.6705624728549252,24.281990317017755,122,37,85,30.327868852459016,18122.820000000003,15854.899999999998,2267.9200000000055,2097.52,0,1,25.753497496499783,1.3796732158152574,1.4301364864449977,15.13419190276331,62,21,41,33.87096774193548,9358.419999999998,6783.070000000001,2575.3499999999976,1023.0699999999999,0,1,0.07726049248949934,0.09491830395381434,-0.0007668108729332042,0.049206349206349205,0.022678961378999704,0.007152110703946436,-0.009522135120385336
1c_risk,103,0.2433662221901641,True,54,21,79.0,24.0,12,4,1.4,17,46,1.2000000000000002,3.0,2.5,0.03,0.55,23.81511597249957,1.162627697350451,0.7172926297338362,22.555323681316274,122,37,85,30.327868852459016,17025.52,14643.999999999996,2381.520000000004,1925.97,0,1,23.361452423999708,1.3742858333039603,1.387773086915694,14.66811105146944,62,21,41,33.87096774193548,8577.66,6241.54,2336.12,932.72,0,1,0.07008435727199912,0.09357145832599006,-0.0,0.049206349206349205,0.023815115972499572,0.00813138486752255,-0.001442443454196401
1c_risk,104,0.2433662221901641,True,54,21,79.0,24.0,12,4,1.4,17,46,1.2000000000000002,3.0,2.5,0.03,0.55,23.81511597249957,1.162627697350451,0.7172926297338362,22.555323681316274,122,37,85,30.327868852459016,17025.52,14643.999999999996,2381.520000000004,1925.97,0,1,23.361452423999708,1.3742858333039603,1.387773086915694,14.66811105146944,62,21,41,33.87096774193548,8577.66,6241.54,2336.12,932.72,0,1,0.07008435727199912,0.09357145832599006,-0.0,0.049206349206349205,0.023815115972499572,0.00813138486752255,-0.001442443454196401
1c_risk,105,0.22500879008377125,True,54,21,79.0,24.0,12,4,1.4,17,46,1.2000000000000002,3.0,2.5,0.03,0.45,21.633756933499683,1.1792462209967087,0.7274277148125975,18.771245092059374,122,37,85,30.327868852459016,14232.699999999997,12069.320000000002,2163.3799999999956,1558.52,0,1,19.44890994949981,1.3793476055986396,1.344850789299599,13.468430391087674,62,21,41,33.87096774193548,7071.860000000001,5126.96,1944.9000000000005,756.64,0,1,0.05834672984849942,0.09483690139965989,-0.0,0.049206349206349205,0.021633756933499684,0.008962311049835437,-0.00797725835407239
1c_risk,106,0.2433662221901641,True,54,21,79.0,24.0,12,4,1.4,17,46,1.2000000000000002,3.0,2.5,0.03,0.55,23.81511597249957,1.162627697350451,0.7172926297338362,22.555323681316274,122,37,85,30.327868852459016,17025.52,14643.999999999996,2381.520000000004,1925.97,0,1,23.361452423999708,1.3742858333039603,1.387773086915694,14.66811105146944,62,21,41,33.87096774193548,8577.66,6241.54,2336.12,932.72,0,1,0.07008435727199912,0.09357145832599006,-0.0,0.049206349206349205,0.023815115972499572,0.00813138486752255,-0.001442443454196401
1c_risk,107,0.22361772717416295,True,54,21,79.0,24.0,12,4,1.4,17,46,1.2000000000000002,3.0,2.0,0.029,0.55,21.091399384499653,1.1794040817229214,0.7256667526878908,18.39887376425616,122,37,85,30.327868852459016,13865.439999999999,11756.31,2109.129999999999,1518.89,0,1,19.019067108499765,1.380169667022472,1.3450188900705242,13.14926681898526,62,21,41,33.87096774193548,6904.630000000001,5002.74,1901.8900000000012,738.4,0,1,0.057057201325499296,0.09504241675561798,-0.0,0.049206349206349205,0.021091399384499655,0.008970204086146072,-0.007749843583949254
1c_risk,108,0.23405509825871526,True,54,21,79.0,24.0,12,4,1.4,17,46,1.2000000000000002,3.0,2.5,0.028,0.5,22.292508752499742,1.168629284266759,0.7215892328348389,20.69478541492876,122,37,85,30.327868852459016,15448.800000000003,13219.59,2229.2100000000028,1734.33,0,1,21.240094750999724,1.376123150807677,1.3758706634343163,13.622904892237091,62,21,41,33.87096774193548,7771.05,5647.0599999999995,2123.9900000000007,841.72,0,1,0.06372028425299917,0.09403078770191925,-0.0,0.049206349206349205,0.022292508752499746,0.008431464213337948,-0.0036262958683900602
1c_risk,109,0.2409272717392905,True,54,21,79.0,24.0,12,4,1.4,17,46,1.2000000000000002,3.0,3.0,0.03,0.5,22.678961378999702,1.1430422140789287,0.6705624728549252,24.281990317017755,122,37,85,30.327868852459016,18122.820000000003,15854.899999999998,2267.9200000000055,2097.52,0,1,25.753497496499783,1.3796732158152574,1.4301364864449977,15.13419190276331,62,21,41,33.87096774193548,9358.419999999998,6783.070000000001,2575.3499999999976,1023.0699999999999,0,1,0.07726049248949934,0.09491830395381434,-0.0007668108729332042,0.049206349206349205,0.022678961378999704,0.007152110703946436,-0.009522135120385336
1c_risk,110,0.19125166276502148,True,54,21,79.0,24.0,12,4,1.4,17,46,1.2000000000000002,3.0,2.0,0.015,0.55,11.275621144999677,1.1121891910984114,0.5361831400792855,16.7466290104597,122,37,85,30.327868852459016,11178.380000000001,10050.789999999999,1127.590000000002,1392.09,0,1,18.852274742999796,1.4253034336506794,1.617091746145398,8.9197239855291,62,21,41,33.87096774193548,6317.8,4432.599999999999,1885.2000000000007,705.48,0,1,0.05655682422899939,0.10632585841266984,-0.0,0.049206349206349205,0.011275621144999678,0.005609459554920571,-0.03772244978291721
1c_risk,111,0.2433662221901641,True,54,21,79.0,24.0,12,4,1.4,17,46,1.2000000000000002,3.0,2.5,0.03,0.55,23.81511597249957,1.162627697350451,0.7172926297338362,22.555323681316274,122,37,85,30.327868852459016,17025.52,14643.999999999996,2381.520000000004,1925.97,0,1,23.361452423999708,1.3742858333039603,1.387773086915694,14.66811105146944,62,21,41,33.87096774193548,8577.66,6241.54,2336.12,932.72,0,1,0.07008435727199912,0.09357145832599006,-0.0,0.049206349206349205,0.023815115972499572,0.00813138486752255,-0.001442443454196401
1c_risk,112,0.24200941828551975,True,54,21,79.0,24.0,12,4,1.4,17,46,1.2000000000000002,3.0,2.5,0.029,0.55,22.740479584999665,1.1564755837180292,0.6992991743939136,22.50685796729562,122,37,85,30.327868852459016,16807.21,14533.13,2274.08,1915.91,0,1,23.403901845499693,1.3767346774518088,1.4013283384191253,14.416130901213755,62,21,41,33.87096774193548,8552.62,6212.250000000001,2340.37,931.42,0,1,0.07021170553649907,0.0941836693629522,-0.0,0.049206349206349205,0.022740479584999668,0.007823779185901459,-0.0021565645911818484
1c_risk,113,0.24200941828551975,True,54,21,79.0,24.0,12,4,1.4,17,46,1.2000000000000002,3.0,2.5,0.029,0.55,22.740479584999665,1.1564755837180292,0.6992991743939136,22.50685796729562,122,37,85,30.327868852459016,16807.21,14533.13,2274.08,1915.91,0,1,23.403901845499693,1.3767346774518088,1.4013283384191253,14.416130901213755,62,21,41,33.87096774193548,8552.62,6212.250000000001,2340.37,931.42,0,1,0.07021170553649907,0.0941836693629522,-0.0,0.049206349206349205,0.022740479584999668,0.007823779185901459,-0.0021565645911818484
1c_risk,114,0.23281795535629612,True,54,21,79.0,24.0,12,4,1.4,17,46,1.2000000000000002,3.0,2.5,0.029,0.5,22.708660394999754,1.1703934089186696,0.7244742816908959,20.77163943627095,122,37,85,30.327868852459016,15597.950000000003,13327.1,2270.850000000002,1741.99,0,1,21.2458022944997,1.3745522051253118,1.3647999226963305,13.909911026115568,62,21,41,33.87096774193548,7796.79,5672.240000000001,2124.5499999999993,843.22,0,1,0.06373740688349909,0.09363805128132796,-0.0,0.049206349206349205,0.022708660394999757,0.008519670445933481,-0.004992182855813379
1c_risk,115,0.2337862697655162,True,54,21,79.0,24.0,12,4,1.4,17,46,1.2000000000000002,3.0,3.0,0.028,0.55,19.316233951999457,1.1134412646843426,0.5895804213059068,25.79876574537419,122,37,85,30.327868852459016,18959.11,17027.490000000005,1931.6199999999953,2285.71,0,1,29.93773330549966,1.4085022480265807,1.5577918803457023,14.938761744494752,62,21,41,33.87096774193548,10322.42,7328.65,2993.7700000000004,1133.2,0,1,0.08981319991649897,0.10212556200664519,-0.0,0.049206349206349205,0.019316233951999457,0.005672063234217129,-0.03234713855019375
1c_risk,116,0.24200941828551975,True,54,21,79.0,24.0,12,4,1.4,17,46,1.2000000000000002,3.0,2.5,0.029,0.55,22.740479584999665,1.1564755837180292,0.6992991743939136,22.50685796729562,122,37,85,30.327868852459016,16807.21,14533.13,2274.08,1915.91,0,1,23.403901845499693,1.3767346774518088,1.4013283384191253,14.416130901213755,62,21,41,33.87096774193548,8552.62,6212.250000000001,2340.37,931.42,0,1,0.07021170553649907,0.0941836693629522,-0.0,0.049206349206349205,0.022740479584999668,0.007823779185901459,-0.0021565645911818484
1c_risk,117,0.22289635478254577,True,54,21,79.0,24.0,12,4,1.4,17,46,1.2000000000000002,3.0,2.0,0.027,0.55,20.71590065799972,1.1777659358113934,0.7269872130435826,18.385821039654694,122,37,85,30.327868852459016,13725.06,11653.47,2071.59,1514.6,0,1,18.832133772999786,1.3789370534250076,1.3505441093812283,12.750013397412612,62,21,41,33.87096774193548,6853.000000000001,4969.77,1883.2300000000005,735.97,0,1,0.05649640131899935,0.0947342633562519,-0.0,0.049206349206349205,0.02071590065799972,0.008888296790569673,-0.0071448565476240926
1c_risk,118,0.23281795535629612,True,54,21,79.0,24.0,12,4,1.4,17,46,1.2000000000000002,3.0,2.5,0.029,0.5,22.708660394999754,1.1703934089186696,0.7244742816908959,20.77163943627095,122,37,85,30.327868852459016,15597.950000000003,13327.1,2270.850000000002,1741.99,0,1,21.2458022944997,1.3745522051253118,1.3647999226963305,13.909911026115568,62,21,41,33.87096774193548,7796.79,5672.240000000001,2124.5499999999993,843.22,0,1,0.06373740688349909,0.09363805128132796,-0.0,0.049206349206349205,0.022708660394999757,0.008519670445933481,-0.004992182855813379
1c_risk,119,0.23801888469167484,True,54,21,79.0,24.0,12,4,1.4,17,46,1.2000000000000002,3.0,2.5,0.028,0.55,21.711714827499655,1.150589899914688,0.6819507332236963,22.477378605860434,122,37,85,30.327868852459016,16588.859999999997,14417.7,2171.159999999996,1905.22,0,1,23.489401628999712,1.380009512654419,1.4170067370650123,14.115472747850285,62,21,41,33.87096774193548,8530.17,6181.24,2348.9300000000003,930.21,0,1,0.07046820488699913,0.09500237816360474,-0.0,0.049206349206349205,0.02171171482749966,0.007529494995734399,-0.005899257388512293
1c_risk,120,0.23455759314858615,True,54,21,79.0,24.0,12,4,1.4,17,46,1.2000000000000002,3.0,3.0,0.029,0.55,20.146158147999486,1.1174010008164341,0.6022731171544262,25.950445632554363,122,37,85,30.327868852459016,19174.590000000004,17159.99,2014.6000000000022,2294.55,0,1,29.588478859999633,1.4016097835750496,1.5318447518253382,15.237080181255584,62,21,41,33.87096774193548,10326.29,7367.450000000001,2958.84,1133.56,0,1,0.0887654365799989,0.1004024458937624,-0.0013547438928890494,0.049206349206349205,0.020146158147999485,0.005870050040821706,-0.02847810282745649
1c_risk,121,0.2433662221901641,True,54,21,79.0,24.0,12,4,1.4,17,46,1.2000000000000002,3.0,2.5,0.03,0.55,23.81511597249957,1.162627697350451,0.7172926297338362,22.555323681316274,122,37,85,30.327868852459016,17025.52,14643.999999999996,2381.520000000004,1925.97,0,1,23.361452423999708,1.3742858333039603,1.387773086915694,14.66811105146944,62,21,41,33.87096774193548,8577.66,6241.54,2336.12,932.72,0,1,0.07008435727199912,0.09357145832599006,-0.0,0.049206349206349205,0.023815115972499572,0.00813138486752255,-0.001442443454196401
1c_risk,122,0.24200941828551975,True,54,21,79.0,24.0,12,4,1.4,17,46,1.2000000000000002,3.0,2.5,0.029,0.55,22.740479584999665,1.1564755837180292,0.6992991743939136,22.50685796729562,122,37,85,30.327868852459016,16807.21,14533.13,2274.08,1915.91,0,1,23.403901845499693,1.3767346774518088,1.4013283384191253,14.416130901213755,62,21,41,33.87096774193548,8552.62,6212.250000000001,2340.37,931.42,0,1,0.07021170553649907,0.0941836693629522,-0.0,0.049206349206349205,0.022740479584999668,0.007823779185901459,-0.0021565645911818484
1c_risk,123,0.23801888469167484,True,54,21,79.0,24.0,12,4,1.4,17,46,1.2000000000000002,3.0,2.5,0.028,0.55,21.711714827499655,1.150589899914688,0.6819507332236963,22.477378605860434,122,37,85,30.327868852459016,16588.859999999997,14417.7,2171.159999999996,1905.22,0,1,23.489401628999712,1.380009512654419,1.4170067370650123,14.115472747850285,62,21,41,33.87096774193548,8530.17,6181.24,2348.9300000000003,930.21,0,1,0.07046820488699913,0.09500237816360474,-0.0,0.049206349206349205,0.02171171482749966,0.007529494995734399,-0.005899257388512293
1c_risk,124,0.23281795535629612,True,54,21,79.0,24.0,12,4,1.4,17,46,1.2000000000000002,3.0,2.5,0.029,0.5,22.708660394999754,1.1703934089186696,0.7244742816908959,20.77163943627095,122,37,85,30.327868852459016,15597.950000000003,13327.1,2270.850000000002,1741.99,0,1,21.2458022944997,1.3745522051253118,1.3647999226963305,13.909911026115568,62,21,41,33.87096774193548,7796.79,5672.240000000001,2124.5499999999993,843.22,0,1,0.06373740688349909,0.09363805128132796,-0.0,0.049206349206349205,0.022708660394999757,0.008519670445933481,-0.004992182855813379
1c_risk,125,0.22361772717416295,True,54,21,79.0,24.0,12,4,1.4,17,46,1.2000000000000002,3.0,2.0,0.029,0.55,21.091399384499653,1.1794040817229214,0.7256667526878908,18.39887376425616,122,37,85,30.327868852459016,13865.439999999999,11756.31,2109.129999999999,1518.89,0,1,19.019067108499765,1.380169667022472,1.3450188900705242,13.14926681898526,62,21,41,33.87096774193548,6904.630000000001,5002.74,1901.8900000000012,738.4,0,1,0.057057201325499296,0.09504241675561798,-0.0,0.049206349206349205,0.021091399384499655,0.008970204086146072,-0.007749843583949254
1c_risk,126,0.23801888469167484,True,54,21,79.0,24.0,12,4,1.4,17,46,1.2000000000000002,3.0,2.5,0.028,0.55,21.711714827499655,1.150589899914688,0.6819507332236963,22.477378605860434,122,37,85,30.327868852459016,16588.859999999997,14417.7,2171.159999999996,1905.22,0,1,23.489401628999712,1.380009512654419,1.4170067370650123,14.115472747850285,62,21,41,33.87096774193548,8530.17,6181.24,2348.9300000000003,930.21,0,1,0.07046820488699913,0.09500237816360474,-0.0,0.049206349206349205,0.02171171482749966,0.007529494995734399,-0.005899257388512293
1c_risk,127,0.23296326846283144,True,54,21,79.0,24.0,12,4,1.4,17,46,1.2000000000000002,3.0,2.5,0.03,0.5,23.085812366999708,1.1721733591980448,0.7279346390886436,20.742671578686824,122,37,85,30.327868852459016,15716.77,13408.23,2308.540000000001,1747.88,0,1,21.36355516299971,1.375134990860131,1.3591656170607214,14.18892823956385,62,21,41,33.87096774193548,7831.160000000001,5694.830000000001,2136.33,844.71,0,1,0.06409066548899912,0.09378374771503273,-0.0,0.049206349206349205,0.02308581236699971,0.00860866795990224,-0.005811974274451574
1c_risk,128,0.22289635478254577,True,54,21,79.0,24.0,12,4,1.4,17,46,1.2000000000000002,3.0,2.0,0.027,0.55,20.71590065799972,1.1777659358113934,0.7269872130435826,18.385821039654694,122,37,85,30.327868852459016,13725.06,11653.47,2071.59,1514.6,0,1,18.832133772999786,1.3789370534250076,1.3505441093812283,12.750013397412612,62,21,41,33.87096774193548,6853.000000000001,4969.77,1883.2300000000005,735.97,0,1,0.05649640131899935,0.0947342633562519,-0.0,0.049206349206349205,0.02071590065799972,0.008888296790569673,-0.0071448565476240926
1c_risk,129,0.24200941828551975,True,54,21,79.0,24.0,12,4,1.4,17,46,1.2000000000000002,3.0,2.5,0.029,0.55,22.740479584999665,1.1564755837180292,0.6992991743939136,22.50685796729562,122,37,85,30.327868852459016,16807.21,14533.13,2274.08,1915.91,0,1,23.403901845499693,1.3767346774518088,1.4013283384191253,14.416130901213755,62,21,41,33.87096774193548,8552.62,6212.250000000001,2340.37,931.42,0,1,0.07021170553649907,0.0941836693629522,-0.0,0.049206349206349205,0.022740479584999668,0.007823779185901459,-0.0021565645911818484
1c_risk,130,0.23455759314858615,True,54,21,79.0,24.0,12,4,1.4,17,46,1.2000000000000002,3.0,3.0,0.029,0.55,20.146158147999486,1.1174010008164341,0.6022731171544262,25.950445632554363,122,37,85,30.327868852459016,19174.590000000004,17159.99,2014.6000000000022,2294.55,0,1,29.588478859999633,1.4016097835750496,1.5318447518253382,15.237080181255584,62,21,41,33.87096774193548,10326.29,7367.450000000001,2958.84,1133.56,0,1,0.0887654365799989,0.1004024458937624,-0.0013547438928890494,0.049206349206349205,0.020146158147999485,0.005870050040821706,-0.02847810282745649
1c_risk,131,0.24200941828551975,True,54,21,79.0,24.0,12,4,1.4,17,46,1.2000000000000002,3.0,2.5,0.029,0.55,22.740479584999665,1.1564755837180292,0.6992991743939136,22.50685796729562,122,37,85,30.327868852459016,16807.21,14533.13,2274.08,1915.91,0,1,23.403901845499693,1.3767346774518088,1.4013283384191253,14.416130901213755,62,21,41,33.87096774193548,8552.62,6212.250000000001,2340.37,931.42,0,1,0.07021170553649907,0.0941836693629522,-0.0,0.049206349206349205,0.022740479584999668,0.007823779185901459,-0.0021565645911818484
1c_risk,132,0.23801888469167484,True,54,21,79.0,24.0,12,4,1.4,17,46,1.2000000000000002,3.0,2.5,0.028,0.55,21.711714827499655,1.150589899914688,0.6819507332236963,22.477378605860434,122,37,85,30.327868852459016,16588.859999999997,14417.7,2171.159999999996,1905.22,0,1,23.489401628999712,1.380009512654419,1.4170067370650123,14.115472747850285,62,21,41,33.87096774193548,8530.17,6181.24,2348.9300000000003,930.21,0,1,0.07046820488699913,0.09500237816360474,-0.0,0.049206349206349205,0.02171171482749966,0.007529494995734399,-0.005899257388512293
1c_risk,133,0.24200941828551975,True,54,21,79.0,24.0,12,4,1.4,17,46,1.2000000000000002,3.0,2.5,0.029,0.55,22.740479584999665,1.1564755837180292,0.6992991743939136,22.50685796729562,122,37,85,30.327868852459016,16807.21,14533.13,2274.08,1915.91,0,1,23.403901845499693,1.3767346774518088,1.4013283384191253,14.416130901213755,62,21,41,33.87096774193548,8552.62,6212.250000000001,2340.37,931.42,0,1,0.07021170553649907,0.0941836693629522,-0.0,0.049206349206349205,0.022740479584999668,0.007823779185901459,-0.0021565645911818484
1c_risk,134,0.23281795535629612,True,54,21,79.0,24.0,12,4,1.4,17,46,1.2000000000000002,3.0,2.5,0.029,0.5,22.708660394999754,1.1703934089186696,0.7244742816908959,20.77163943627095,122,37,85,30.327868852459016,15597.950000000003,13327.1,2270.850000000002,1741.99,0,1,21.2458022944997,1.3745522051253118,1.3647999226963305,13.909911026115568,62,21,41,33.87096774193548,7796.79,5672.240000000001,2124.5499999999993,843.22,0,1,0.06373740688349909,0.09363805128132796,-0.0,0.049206349206349205,0.022708660394999757,0.008519670445933481,-0.004992182855813379
1c_risk,135,0.23801888469167484,True,54,21,79.0,24.0,12,4,1.4,17,46,1.2000000000000002,3.0,2.5,0.028,0.55,21.711714827499655,1.150589899914688,0.6819507332236963,22.477378605860434,122,37,85,30.327868852459016,16588.859999999997,14417.7,2171.159999999996,1905.22,0,1,23.489401628999712,1.380009512654419,1.4170067370650123,14.115472747850285,62,21,41,33.87096774193548,8530.17,6181.24,2348.9300000000003,930.21,0,1,0.07046820488699913,0.09500237816360474,-0.0,0.049206349206349205,0.02171171482749966,0.007529494995734399,-0.005899257388512293
1c_risk,136,0.24200941828551975,True,54,21,79.0,24.0,12,4,1.4,17,46,1.2000000000000002,3.0,2.5,0.029,0.55,22.740479584999665,1.1564755837180292,0.6992991743939136,22.50685796729562,122,37,85,30.327868852459016,16807.21,14533.13,2274.08,1915.91,0,1,23.403901845499693,1.3767346774518088,1.4013283384191253,14.416130901213755,62,21,41,33.87096774193548,8552.62,6212.250000000001,2340.37,931.42,0,1,0.07021170553649907,0.0941836693629522,-0.0,0.049206349206349205,0.022740479584999668,0.007823779185901459,-0.0021565645911818484
1c_risk,137,0.24200941828551975,True,54,21,79.0,24.0,12,4,1.4,17,46,1.2000000000000002,3.0,2.5,0.029,0.55,22.740479584999665,1.1564755837180292,0.6992991743939136,22.50685796729562,122,37,85,30.327868852459016,16807.21,14533.13,2274.08,1915.91,0,1,23.403901845499693,1.3767346774518088,1.4013283384191253,14.416130901213755,62,21,41,33.87096774193548,8552.62,6212.250000000001,2340.37,931.42,0,1,0.07021170553649907,0.0941836693629522,-0.0,0.049206349206349205,0.022740479584999668,0.007823779185901459,-0.0021565645911818484
1c_risk,138,0.24200941828551975,True,54,21,79.0,24.0,12,4,1.4,17,46,1.2000000000000002,3.0,2.5,0.029,0.55,22.740479584999665,1.1564755837180292,0.6992991743939136,22.50685796729562,122,37,85,30.327868852459016,16807.21,14533.13,2274.08,1915.91,0,1,23.403901845499693,1.3767346774518088,1.4013283384191253,14.416130901213755,62,21,41,33.87096774193548,8552.62,6212.250000000001,2340.37,931.42,0,1,0.07021170553649907,0.0941836693629522,-0.0,0.049206349206349205,0.022740479584999668,0.007823779185901459,-0.0021565645911818484
1c_risk,139,0.23420996391107313,True,54,21,79.0,24.0,12,4,1.4,17,46,1.2000000000000002,3.0,2.5,0.027,0.55,20.607680501499633,1.1440844938465646,0.6618358534608607,22.40063659126509,122,37,85,30.327868852459016,16363.359999999999,14302.58,2060.779999999999,1894.64,0,1,23.735796791999746,1.3862630003856784,1.4416360160852202,13.765524697777188,62,21,41,33.87096774193548,8518.599999999999,6145.01,2373.5899999999983,929.35,0,1,0.07120739037599924,0.0965657500964196,-0.0,0.049206349206349205,0.020607680501499637,0.007204224692328232,-0.010581430961522788
1c_risk,140,0.23130855826825406,True,54,21,79.0,24.0,12,4,1.4,17,46,1.2000000000000002,3.0,2.5,0.026000000000000002,0.55,19.652156665499735,1.1385914062665288,0.6447477337163907,22.27888230778947,122,37,85,30.327868852459016,16145.340000000002,14180.099999999999,1965.2400000000034,1883.99,0,1,24.026506830999768,1.393852912490062,1.4708302288939612,13.42980736896528,62,21,41,33.87096774193548,8503.13,6100.45,2402.6799999999994,928.25,0,1,0.0720795204929993,0.09846322812251551,-0.0,0.049206349206349205,0.019652156665499736,0.006929570313326439,-0.015022266532436147
1c_risk,141,0.24200941828551975,True,54,21,79.0,24.0,12,4,1.4,17,46,1.2000000000000002,3.0,2.5,0.029,0.55,22.740479584999665,1.1564755837180292,0.6992991743939136,22.50685796729562,122,37,85,30.327868852459016,16807.21,14533.13,2274.08,1915.91,0,1,23.403901845499693,1.3767346774518088,1.4013283384191253,14.416130901213755,62,21,41,33.87096774193548,8552.62,6212.250000000001,2340.37,931.42,0,1,0.07021170553649907,0.0941836693629522,-0.0,0.049206349206349205,0.022740479584999668,0.007823779185901459,-0.0021565645911818484
1c_risk,142,0.24200941828551975,True,54,21,79.0,24.0,12,4,1.4,17,46,1.2000000000000002,3.0,2.5,0.029,0.55,22.740479584999665,1.1564755837180292,0.6992991743939136,22.50685796729562,122,37,85,30.327868852459016,16807.21,14533.13,2274.08,1915.91,0,1,23.403901845499693,1.3767346774518088,1.4013283384191253,14.416130901213755,62,21,41,33.87096774193548,8552.62,6212.250000000001,2340.37,931.42,0,1,0.07021170553649907,0.0941836693629522,-0.0,0.049206349206349205,0.022740479584999668,0.007823779185901459,-0.0021565645911818484
1c_risk,143,0.23801888469167484,True,54,21,79.0,24.0,12,4,1.4,17,46,1.2000000000000002,3.0,2.5,0.028,0.55,21.711714827499655,1.150589899914688,0.6819507332236963,22.477378605860434,122,37,85,30.327868852459016,16588.859999999997,14417.7,2171.159999999996,1905.22,0,1,23.489401628999712,1.380009512654419,1.4170067370650123,14.115472747850285,62,21,41,33.87096774193548,8530.17,6181.24,2348.9300000000003,930.21,0,1,0.07046820488699913,0.09500237816360474,-0.0,0.049206349206349205,0.02171171482749966,0.007529494995734399,-0.005899257388512293
1c_risk,144,0.23281795535629612,True,54,21,79.0,24.0,12,4,1.4,17,46,1.2000000000000002,3.0,2.5,0.029,0.5,22.708660394999754,1.1703934089186696,0.7244742816908959,20.77163943627095,122,37,85,30.327868852459016,15597.950000000003,13327.1,2270.850000000002,1741.99,0,1,21.2458022944997,1.3745522051253118,1.3647999226963305,13.909911026115568,62,21,41,33.87096774193548,7796.79,5672.240000000001,2124.5499999999993,843.22,0,1,0.06373740688349909,0.09363805128132796,-0.0,0.049206349206349205,0.022708660394999757,0.008519670445933481,-0.004992182855813379
1c_risk,145,0.23801888469167484,True,54,21,79.0,24.0,12,4,1.4,17,46,1.2000000000000002,3.0,2.5,0.028,0.55,21.711714827499655,1.150589899914688,0.6819507332236963,22.477378605860434,122,37,85,30.327868852459016,16588.859999999997,14417.7,2171.159999999996,1905.22,0,1,23.489401628999712,1.380009512654419,1.4170067370650123,14.115472747850285,62,21,41,33.87096774193548,8530.17,6181.24,2348.9300000000003,930.21,0,1,0.07046820488699913,0.09500237816360474,-0.0,0.049206349206349205,0.02171171482749966,0.007529494995734399,-0.005899257388512293
1c_risk,146,0.2433662221901641,True,54,21,79.0,24.0,12,4,1.4,17,46,1.2000000000000002,3.0,2.5,0.03,0.55,23.81511597249957,1.162627697350451,0.7172926297338362,22.555323681316274,122,37,85,30.327868852459016,17025.52,14643.999999999996,2381.520000000004,1925.97,0,1,23.361452423999708,1.3742858333039603,1.387773086915694,14.66811105146944,62,21,41,33.87096774193548,8577.66,6241.54,2336.12,932.72,0,1,0.07008435727199912,0.09357145832599006,-0.0,0.049206349206349205,0.023815115972499572,0.00813138486752255,-0.001442443454196401
1c_risk,147,0.2433662221901641,True,54,21,79.0,24.0,12,4,1.4,17,46,1.2000000000000002,3.0,2.5,0.03,0.55,23.81511597249957,1.162627697350451,0.7172926297338362,22.555323681316274,122,37,85,30.327868852459016,17025.52,14643.999999999996,2381.520000000004,1925.97,0,1,23.361452423999708,1.3742858333039603,1.387773086915694,14.66811105146944,62,21,41,33.87096774193548,8577.66,6241.54,2336.12,932.72,0,1,0.07008435727199912,0.09357145832599006,-0.0,0.049206349206349205,0.023815115972499572,0.00813138486752255,-0.001442443454196401
1c_risk,148,0.23296326846283144,True,54,21,79.0,24.0,12,4,1.4,17,46,1.2000000000000002,3.0,2.5,0.03,0.5,23.085812366999708,1.1721733591980448,0.7279346390886436,20.742671578686824,122,37,85,30.327868852459016,15716.77,13408.23,2308.540000000001,1747.88,0,1,21.36355516299971,1.375134990860131,1.3591656170607214,14.18892823956385,62,21,41,33.87096774193548,7831.160000000001,5694.830000000001,2136.33,844.71,0,1,0.06409066548899912,0.09378374771503273,-0.0,0.049206349206349205,0.02308581236699971,0.00860866795990224,-0.005811974274451574
1c_risk,149,0.2433662221901641,True,54,21,79.0,24.0,12,4,1.4,17,46,1.2000000000000002,3.0,2.5,0.03,0.55,23.81511597249957,1.162627697350451,0.7172926297338362,22.555323681316274,122,37,85,30.327868852459016,17025.52,14643.999999999996,2381.520000000004,1925.97,0,1,23.361452423999708,1.3742858333039603,1.387773086915694,14.66811105146944,62,21,41,33.87096774193548,8577.66,6241.54,2336.12,932.72,0,1,0.07008435727199912,0.09357145832599006,-0.0,0.049206349206349205,0.023815115972499572,0.00813138486752255,-0.001442443454196401
1c_risk,150,0.23596940775734748,True,54,21,79.0,24.0,12,4,1.4,17,46,1.2000000000000002,3.0,3.0,0.03,0.55,21.280294254999628,1.1230426491726542,0.6206881528198769,26.089498719882577,122,37,85,30.327868852459016,19423.09,17295.059999999998,2128.0300000000025,2305.18,0,1,29.226692763999672,1.3942178256283535,1.503590585528262,15.578200731560282,62,21,41,33.87096774193548,10336.48,7413.82,2922.66,1134.29,0,1,0.08768007829199902,0.09855445640708838,-0.003304004180344466,0.049206349206349205,0.02128029425499963,0.006152132458632709,-0.023599898681376998
1c_risk,151,0.2433662221901641,True,54,21,79.0,24.0,12,4,1.4,17,46,1.2000000000000002,3.0,2.5,0.03,0.55,23.81511597249957,1.162627697350451,0.7172926297338362,22.555323681316274,122,37,85,30.327868852459016,17025.52,14643.999999999996,2381.520000000004,1925.97,0,1,23.361452423999708,1.3742858333039603,1.387773086915694,14.66811105146944,62,21,41,33.87096774193548,8577.66,6241.54,2336.12,932.72,0,1,0.07008435727199912,0.09357145832599006,-0.0,0.049206349206349205,0.023815115972499572,0.00813138486752255,-0.001442443454196401
1c_risk,152,0.2433662221901641,True,54,21,79.0,24.0,12,4,1.4,17,46,1.2000000000000002,3.0,2.5,0.03,0.55,23.81511597249957,1.162627697350451,0.7172926297338362,22.555323681316274,122,37,85,30.327868852459016,17025.52,14643.999999999996,2381.520000000004,1925.97,0,1,23.361452423999708,1.3742858333039603,1.387773086915694,14.66811105146944,62,21,41,33.87096774193548,8577.66,6241.54,2336.12,932.72,0,1,0.07008435727199912,0.09357145832599006,-0.0,0.049206349206349205,0.023815115972499572,0.00813138486752255,-0.001442443454196401
1c_risk,153,0.2433662221901641,True,54,21,79.0,24.0,12,4,1.4,17,46,1.2000000000000002,3.0,2.5,0.03,0.55,23.81511597249957,1.162627697350451,0.7172926297338362,22.555323681316274,122,37,85,30.327868852459016,17025.52,14643.999999999996,2381.520000000004,1925.97,0,1,23.361452423999708,1.3742858333039603,1.387773086915694,14.66811105146944,62,21,41,33.87096774193548,8577.66,6241.54,2336.12,932.72,0,1,0.07008435727199912,0.09357145832599006,-0.0,0.049206349206349205,0.023815115972499572,0.00813138486752255,-0.001442443454196401
1c_risk,154,0.2433662221901641,True,54,21,79.0,24.0,12,4,1.4,17,46,1.2000000000000002,3.0,2.5,0.03,0.55,23.81511597249957,1.162627697350451,0.7172926297338362,22.555323681316274,122,37,85,30.327868852459016,17025.52,14643.999999999996,2381.520000000004,1925.97,0,1,23.361452423999708,1.3742858333039603,1.387773086915694,14.66811105146944,62,21,41,33.87096774193548,8577.66,6241.54,2336.12,932.72,0,1,0.07008435727199912,0.09357145832599006,-0.0,0.049206349206349205,0.023815115972499572,0.00813138486752255,-0.001442443454196401
1c_risk,155,0.23296326846283144,True,54,21,79.0,24.0,12,4,1.4,17,46,1.2000000000000002,3.0,2.5,0.03,0.5,23.085812366999708,1.1721733591980448,0.7279346390886436,20.742671578686824,122,37,85,30.327868852459016,15716.77,13408.23,2308.540000000001,1747.88,0,1,21.36355516299971,1.375134990860131,1.3591656170607214,14.18892823956385,62,21,41,33.87096774193548,7831.160000000001,5694.830000000001,2136.33,844.71,0,1,0.06409066548899912,0.09378374771503273,-0.0,0.049206349206349205,0.02308581236699971,0.00860866795990224,-0.005811974274451574
1c_risk,156,0.19373359897217546,True,54,21,79.0,24.0,12,4,1.4,17,46,1.2000000000000002,3.0,2.5,0.03,0.25,11.65004777549986,1.1794757639011915,0.6460038674513129,11.278265097924095,122,37,85,30.327868852459016,7656.389999999999,6491.35,1165.039999999999,816.93,0,1,10.733336071999984,1.391386628161372,1.3293734201983267,7.678877782610273,62,21,41,33.87096774193548,3815.85,2742.48,1073.37,404.36,0,1,0.03220000821599995,0.09784665704034301,-0.0,0.049206349206349205,0.011650047775499862,0.008973788195059574,-0.006143251461076139
1c_risk,157,0.2433662221901641,True,54,21,79.0,24.0,12,4,1.4,17,46,1.2000000000000002,3.0,2.5,0.03,0.55,23.81511597249957,1.162627697350451,0.7172926297338362,22.555323681316274,122,37,85,30.327868852459016,17025.52,14643.999999999996,2381.520000000004,1925.97,0,1,23.361452423999708,1.3742858333039603,1.387773086915694,14.66811105146944,62,21,41,33.87096774193548,8577.66,6241.54,2336.12,932.72,0,1,0.07008435727199912,0.09357145832599006,-0.0,0.049206349206349205,0.023815115972499572,0.00813138486752255,-0.001442443454196401
1c_risk,158,0.2433662221901641,True,54,21,79.0,24.0,12,4,1.4,17,46,1.2000000000000002,3.0,2.5,0.03,0.55,23.81511597249957,1.162627697350451,0.7172926297338362,22.555323681316274,122,37,85,30.327868852459016,17025.52,14643.999999999996,2381.520000000004,1925.97,0,1,23.361452423999708,1.3742858333039603,1.387773086915694,14.66811105146944,62,21,41,33.87096774193548,8577.66,6241.54,2336.12,932.72,0,1,0.07008435727199912,0.09357145832599006,-0.0,0.049206349206349205,0.023815115972499572,0.00813138486752255,-0.001442443454196401
1c_risk,159,0.2433662221901641,True,54,21,79.0,24.0,12,4,1.4,17,46,1.2000000000000002,3.0,2.5,0.03,0.55,23.81511597249957,1.162627697350451,0.7172926297338362,22.555323681316274,122,37,85,30.327868852459016,17025.52,14643.999999999996,2381.520000000004,1925.97,0,1,23.361452423999708,1.3742858333039603,1.387773086915694,14.66811105146944,62,21,41,33.87096774193548,8577.66,6241.54,2336.12,932.72,0,1,0.07008435727199912,0.09357145832599006,-0.0,0.049206349206349205,0.023815115972499572,0.00813138486752255,-0.001442443454196401
1c_risk,160,0.2409272717392905,True,54,21,79.0,24.0,12,4,1.4,17,46,1.2000000000000002,3.0,3.0,0.03,0.5,22.678961378999702,1.1430422140789287,0.6705624728549252,24.281990317017755,122,37,85,30.327868852459016,18122.820000000003,15854.899999999998,2267.9200000000055,2097.52,0,1,25.753497496499783,1.3796732158152574,1.4301364864449977,15.13419190276331,62,21,41,33.87096774193548,9358.419999999998,6783.070000000001,2575.3499999999976,1023.0699999999999,0,1,0.07726049248949934,0.09491830395381434,-0.0007668108729332042,0.049206349206349205,0.022678961378999704,0.007152110703946436,-0.009522135120385336
1c_risk,161,0.2433662221901641,True,54,21,79.0,24.0,12,4,1.4,17,46,1.2000000000000002,3.0,2.5,0.03,0.55,23.81511597249957,1.162627697350451,0.7172926297338362,22.555323681316274,122,37,85,30.327868852459016,17025.52,14643.999999999996,2381.520000000004,1925.97,0,1,23.361452423999708,1.3742858333039603,1.387773086915694,14.66811105146944,62,21,41,33.87096774193548,8577.66,6241.54,2336.12,932.72,0,1,0.07008435727199912,0.09357145832599006,-0.0,0.049206349206349205,0.023815115972499572,0.00813138486752255,-0.001442443454196401
1c_risk,162,0.2433662221901641,True,54,21,79.0,24.0,12,4,1.4,17,46,1.2000000000000002,3.0,2.5,0.03,0.55,23.81511597249957,1.162627697350451,0.7172926297338362,22.555323681316274,122,37,85,30.327868852459016,17025.52,14643.999999999996,2381.520000000004,1925.97,0,1,23.361452423999708,1.3742858333039603,1.387773086915694,14.66811105146944,62,21,41,33.87096774193548,8577.66,6241.54,2336.12,932.72,0,1,0.07008435727199912,0.09357145832599006,-0.0,0.049206349206349205,0.023815115972499572,0.00813138486752255,-0.001442443454196401
1c_risk,163,0.2433662221901641,True,54,21,79.0,24.0,12,4,1.4,17,46,1.2000000000000002,3.0,2.5,0.03,0.55,23.81511597249957,1.162627697350451,0.7172926297338362,22.555323681316274,122,37,85,30.327868852459016,17025.52,14643.999999999996,2381.520000000004,1925.97,0,1,23.361452423999708,1.3742858333039603,1.387773086915694,14.66811105146944,62,21,41,33.87096774193548,8577.66,6241.54,2336.12,932.72,0,1,0.07008435727199912,0.09357145832599006,-0.0,0.049206349206349205,0.023815115972499572,0.00813138486752255,-0.001442443454196401
1c_risk,164,0.2433662221901641,True,54,21,79.0,24.0,12,4,1.4,17,46,1.2000000000000002,3.0,2.5,0.03,0.55,23.81511597249957,1.162627697350451,0.7172926297338362,22.555323681316274,122,37,85,30.327868852459016,17025.52,14643.999999999996,2381.520000000004,1925.97,0,1,23.361452423999708,1.3742858333039603,1.387773086915694,14.66811105146944,62,21,41,33.87096774193548,8577.66,6241.54,2336.12,932.72,0,1,0.07008435727199912,0.09357145832599006,-0.0,0.049206349206349205,0.023815115972499572,0.00813138486752255,-0.001442443454196401
1c_risk,165,0.2433662221901641,True,54,21,79.0,24.0,12,4,1.4,17,46,1.2000000000000002,3.0,2.5,0.03,0.55,23.81511597249957,1.162627697350451,0.7172926297338362,22.555323681316274,122,37,85,30.327868852459016,17025.52,14643.999999999996,2381.520000000004,1925.97,0,1,23.361452423999708,1.3742858333039603,1.387773086915694,14.66811105146944,62,21,41,33.87096774193548,8577.66,6241.54,2336.12,932.72,0,1,0.07008435727199912,0.09357145832599006,-0.0,0.049206349206349205,0.023815115972499572,0.00813138486752255,-0.001442443454196401
1c_risk,166,0.2433662221901641,True,54,21,79.0,24.0,12,4,1.4,17,46,1.2000000000000002,3.0,2.5,0.03,0.55,23.81511597249957,1.162627697350451,0.7172926297338362,22.555323681316274,122,37,85,30.327868852459016,17025.52,14643.999999999996,2381.520000000004,1925.97,0,1,23.361452423999708,1.3742858333039603,1.387773086915694,14.66811105146944,62,21,41,33.87096774193548,8577.66,6241.54,2336.12,932.72,0,1,0.07008435727199912,0.09357145832599006,-0.0,0.049206349206349205,0.023815115972499572,0.00813138486752255,-0.001442443454196401
1c_risk,167,0.2433662221901641,True,54,21,79.0,24.0,12,4,1.4,17,46,1.2000000000000002,3.0,2.5,0.03,0.55,23.81511597249957,1.162627697350451,0.7172926297338362,22.555323681316274,122,37,85,30.327868852459016,17025.52,14643.999999999996,2381.520000000004,1925.97,0,1,23.361452423999708,1.3742858333039603,1.387773086915694,14.66811105146944,62,21,41,33.87096774193548,8577.66,6241.54,2336.12,932.72,0,1,0.07008435727199912,0.09357145832599006,-0.0,0.049206349206349205,0.023815115972499572,0.00813138486752255,-0.001442443454196401
1c_risk,168,0.23296326846283144,True,54,21,79.0,24.0,12,4,1.4,17,46,1.2000000000000002,3.0,2.5,0.03,0.5,23.085812366999708,1.1721733591980448,0.7279346390886436,20.742671578686824,122,37,85,30.327868852459016,15716.77,13408.23,2308.540000000001,1747.88,0,1,21.36355516299971,1.375134990860131,1.3591656170607214,14.18892823956385,62,21,41,33.87096774193548,7831.160000000001,5694.830000000001,2136.33,844.71,0,1,0.06409066548899912,0.09378374771503273,-0.0,0.049206349206349205,0.02308581236699971,0.00860866795990224,-0.005811974274451574
1c_risk,169,0.22201753808485294,True,54,21,79.0,24.0,12,4,1.4,17,46,1.2000000000000002,3.0,2.0,0.03,0.55,21.375945691999604,1.181349414067305,0.7295300147597713,18.429431950776834,122,37,85,30.327868852459016,13924.789999999997,11787.189999999999,2137.5999999999985,1520.51,0,1,18.93919257249976,1.378466359056547,1.3399547164761683,13.21485900862932,62,21,41,33.87096774193548,6898.080000000001,5004.17,1893.9100000000008,738.03,0,1,0.056817577717499276,0.09461658976413673,-0.0,0.049206349206349205,0.021375945691999604,0.009067470703365254,-0.009066394998497113
1c_risk,170,0.23596940775734748,True,54,21,79.0,24.0,12,4,1.4,17,46,1.2000000000000002,3.0,3.0,0.03,0.55,21.280294254999628,1.1230426491726542,0.6206881528198769,26.089498719882577,122,37,85,30.327868852459016,19423.09,17295.059999999998,2128.0300000000025,2305.18,0,1,29.226692763999672,1.3942178256283535,1.503590585528262,15.578200731560282,62,21,41,33.87096774193548,10336.48,7413.82,2922.66,1134.29,0,1,0.08768007829199902,0.09855445640708838,-0.003304004180344466,0.049206349206349205,0.02128029425499963,0.006152132458632709,-0.023599898681376998
1c_risk,171,0.2433662221901641,True,54,21,79.0,24.0,12,4,1.4,17,46,1.2000000000000002,3.0,2.5,0.03,0.55,23.81511597249957,1.162627697350451,0.7172926297338362,22.555323681316274,122,37,85,30.327868852459016,17025.52,14643.999999999996,2381.520000000004,1925.97,0,1,23.361452423999708,1.3742858333039603,1.387773086915694,14.66811105146944,62,21,41,33.87096774193548,8577.66,6241.54,2336.12,932.72,0,1,0.07008435727199912,0.09357145832599006,-0.0,0.049206349206349205,0.023815115972499572,0.00813138486752255,-0.001442443454196401
1c_risk,172,0.2433662221901641,True,54,21,79.0,24.0,12,4,1.4,17,46,1.2000000000000002,3.0,2.5,0.03,0.55,23.81511597249957,1.162627697350451,0.7172926297338362,22.555323681316274,122,37,85,30.327868852459016,17025.52,14643.999999999996,2381.520000000004,1925.97,0,1,23.361452423999708,1.3742858333039603,1.387773086915694,14.66811105146944,62,21,41,33.87096774193548,8577.66,6241.54,2336.12,932.72,0,1,0.07008435727199912,0.09357145832599006,-0.0,0.049206349206349205,0.023815115972499572,0.00813138486752255,-0.001442443454196401
1c_risk,173,0.2433662221901641,True,54,21,79.0,24.0,12,4,1.4,17,46,1.2000000000000002,3.0,2.5,0.03,0.55,23.81511597249957,1.162627697350451,0.7172926297338362,22.555323681316274,122,37,85,30.327868852459016,17025.52,14643.999999999996,2381.520000000004,1925.97,0,1,23.361452423999708,1.3742858333039603,1.387773086915694,14.66811105146944,62,21,41,33.87096774193548,8577.66,6241.54,2336.12,932.72,0,1,0.07008435727199912,0.09357145832599006,-0.0,0.049206349206349205,0.023815115972499572,0.00813138486752255,-0.001442443454196401
1c_risk,174,0.2433662221901641,True,54,21,79.0,24.0,12,4,1.4,17,46,1.2000000000000002,3.0,2.5,0.03,0.55,23.81511597249957,1.162627697350451,0.7172926297338362,22.555323681316274,122,37,85,30.327868852459016,17025.52,14643.999999999996,2381.520000000004,1925.97,0,1,23.361452423999708,1.3742858333039603,1.387773086915694,14.66811105146944,62,21,41,33.87096774193548,8577.66,6241.54,2336.12,932.72,0,1,0.07008435727199912,0.09357145832599006,-0.0,0.049206349206349205,0.023815115972499572,0.00813138486752255,-0.001442443454196401
1c_risk,175,0.2433662221901641,True,54,21,79.0,24.0,12,4,1.4,17,46,1.2000000000000002,3.0,2.5,0.03,0.55,23.81511597249957,1.162627697350451,0.7172926297338362,22.555323681316274,122,37,85,30.327868852459016,17025.52,14643.999999999996,2381.520000000004,1925.97,0,1,23.361452423999708,1.3742858333039603,1.387773086915694,14.66811105146944,62,21,41,33.87096774193548,8577.66,6241.54,2336.12,932.72,0,1,0.07008435727199912,0.09357145832599006,-0.0,0.049206349206349205,0.023815115972499572,0.00813138486752255,-0.001442443454196401
1c_risk,176,0.2433662221901641,True,54,21,79.0,24.0,12,4,1.4,17,46,1.2000000000000002,3.0,2.5,0.03,0.55,23.81511597249957,1.162627697350451,0.7172926297338362,22.555323681316274,122,37,85,30.327868852459016,17025.52,14643.999999999996,2381.520000000004,1925.97,0,1,23.361452423999708,1.3742858333039603,1.387773086915694,14.66811105146944,62,21,41,33.87096774193548,8577.66,6241.54,2336.12,932.72,0,1,0.07008435727199912,0.09357145832599006,-0.0,0.049206349206349205,0.023815115972499572,0.00813138486752255,-0.001442443454196401
1c_risk,177,0.2433662221901641,True,54,21,79.0,24.0,12,4,1.4,17,46,1.2000000000000002,3.0,2.5,0.03,0.55,23.81511597249957,1.162627697350451,0.7172926297338362,22.555323681316274,122,37,85,30.327868852459016,17025.52,14643.999999999996,2381.520000000004,1925.97,0,1,23.361452423999708,1.3742858333039603,1.387773086915694,14.66811105146944,62,21,41,33.87096774193548,8577.66,6241.54,2336.12,932.72,0,1,0.07008435727199912,0.09357145832599006,-0.0,0.049206349206349205,0.023815115972499572,0.00813138486752255,-0.001442443454196401
1c_risk,178,0.23296326846283144,True,54,21,79.0,24.0,12,4,1.4,17,46,1.2000000000000002,3.0,2.5,0.03,0.5,23.085812366999708,1.1721733591980448,0.7279346390886436,20.742671578686824,122,37,85,30.327868852459016,15716.77,13408.23,2308.540000000001,1747.88,0,1,21.36355516299971,1.375134990860131,1.3591656170607214,14.18892823956385,62,21,41,33.87096774193548,7831.160000000001,5694.830000000001,2136.33,844.71,0,1,0.06409066548899912,0.09378374771503273,-0.0,0.049206349206349205,0.02308581236699971,0.00860866795990224,-0.005811974274451574
1c_risk,179,0.2433662221901641,True,54,21,79.0,24.0,12,4,1.4,17,46,1.2000000000000002,3.0,2.5,0.03,0.55,23.81511597249957,1.162627697350451,0.7172926297338362,22.555323681316274,122,37,85,30.327868852459016,17025.52,14643.999999999996,2381.520000000004,1925.97,0,1,23.361452423999708,1.3742858333039603,1.387773086915694,14.66811105146944,62,21,41,33.87096774193548,8577.66,6241.54,2336.12,932.72,0,1,0.07008435727199912,0.09357145832599006,-0.0,0.049206349206349205,0.023815115972499572,0.00813138486752255,-0.001442443454196401
1c_risk,180,0.22201753808485294,True,54,21,79.0,24.0,12,4,1.4,17,46,1.2000000000000002,3.0,2.0,0.03,0.55,21.375945691999604,1.181349414067305,0.7295300147597713,18.429431950776834,122,37,85,30.327868852459016,13924.789999999997,11787.189999999999,2137.5999999999985,1520.51,0,1,18.93919257249976,1.378466359056547,1.3399547164761683,13.21485900862932,62,21,41,33.87096774193548,6898.080000000001,5004.17,1893.9100000000008,738.03,0,1,0.056817577717499276,0.09461658976413673,-0.0,0.049206349206349205,0.021375945691999604,0.009067470703365254,-0.009066394998497113
1c_risk,181,0.2433662221901641,True,54,21,79.0,24.0,12,4,1.4,17,46,1.2000000000000002,3.0,2.5,0.03,0.55,23.81511597249957,1.162627697350451,0.7172926297338362,22.555323681316274,122,37,85,30.327868852459016,17025.52,14643.999999999996,2381.520000000004,1925.97,0,1,23.361452423999708,1.3742858333039603,1.387773086915694,14.66811105146944,62,21,41,33.87096774193548,8577.66,6241.54,2336.12,932.72,0,1,0.07008435727199912,0.09357145832599006,-0.0,0.049206349206349205,0.023815115972499572,0.00813138486752255,-0.001442443454196401
1c_risk,182,0.24200941828551975,True,54,21,79.0,24.0,12,4,1.4,17,46,1.2000000000000002,3.0,2.5,0.029,0.55,22.740479584999665,1.1564755837180292,0.6992991743939136,22.50685796729562,122,37,85,30.327868852459016,16807.21,14533.13,2274.08,1915.91,0,1,23.403901845499693,1.3767346774518088,1.4013283384191253,14.416130901213755,62,21,41,33.87096774193548,8552.62,6212.250000000001,2340.37,931.42,0,1,0.07021170553649907,0.0941836693629522,-0.0,0.049206349206349205,0.022740479584999668,0.007823779185901459,-0.0021565645911818484
1c_risk,183,0.2433662221901641,True,54,21,79.0,24.0,12,4,1.4,17,46,1.2000000000000002,3.0,2.5,0.03,0.55,23.81511597249957,1.162627697350451,0.7172926297338362,22.555323681316274,122,37,85,30.327868852459016,17025.52,14643.999999999996,2381.520000000004,1925.97,0,1,23.361452423999708,1.3742858333039603,1.387773086915694,14.66811105146944,62,21,41,33.87096774193548,8577.66,6241.54,2336.12,932.72,0,1,0.07008435727199912,0.09357145832599006,-0.0,0.049206349206349205,0.023815115972499572,0.00813138486752255,-0.001442443454196401
1c_risk,184,0.2433662221901641,True,54,21,79.0,24.0,12,4,1.4,17,46,1.2000000000000002,3.0,2.5,0.03,0.55,23.81511597249957,1.162627697350451,0.7172926297338362,22.555323681316274,122,37,85,30.327868852459016,17025.52,14643.999999999996,2381.520000000004,1925.97,0,1,23.361452423999708,1.3742858333039603,1.387773086915694,14.66811105146944,62,21,41,33.87096774193548,8577.66,6241.54,2336.12,932.72,0,1,0.07008435727199912,0.09357145832599006,-0.0,0.049206349206349205,0.023815115972499572,0.00813138486752255,-0.001442443454196401
1c_risk,185,0.24200941828551975,True,54,21,79.0,24.0,12,4,1.4,17,46,1.2000000000000002,3.0,2.5,0.029,0.55,22.740479584999665,1.1564755837180292,0.6992991743939136,22.50685796729562,122,37,85,30.327868852459016,16807.21,14533.13,2274.08,1915.91,0,1,23.403901845499693,1.3767346774518088,1.4013283384191253,14.416130901213755,62,21,41,33.87096774193548,8552.62,6212.250000000001,2340.37,931.42,0,1,0.07021170553649907,0.0941836693629522,-0.0,0.049206349206349205,0.022740479584999668,0.007823779185901459,-0.0021565645911818484
1c_risk,186,0.2433662221901641,True,54,21,79.0,24.0,12,4,1.4,17,46,1.2000000000000002,3.0,2.5,0.03,0.55,23.81511597249957,1.162627697350451,0.7172926297338362,22.555323681316274,122,37,85,30.327868852459016,17025.52,14643.999999999996,2381.520000000004,1925.97,0,1,23.361452423999708,1.3742858333039603,1.387773086915694,14.66811105146944,62,21,41,33.87096774193548,8577.66,6241.54,2336.12,932.72,0,1,0.07008435727199912,0.09357145832599006,-0.0,0.049206349206349205,0.023815115972499572,0.00813138486752255,-0.001442443454196401
1c_risk,187,0.24200941828551975,True,54,21,79.0,24.0,12,4,1.4,17,46,1.2000000000000002,3.0,2.5,0.029,0.55,22.740479584999665,1.1564755837180292,0.6992991743939136,22.50685796729562,122,37,85,30.327868852459016,16807.21,14533.13,2274.08,1915.91,0,1,23.403901845499693,1.3767346774518088,1.4013283384191253,14.416130901213755,62,21,41,33.87096774193548,8552.62,6212.250000000001,2340.37,931.42,0,1,0.07021170553649907,0.0941836693629522,-0.0,0.049206349206349205,0.022740479584999668,0.007823779185901459,-0.0021565645911818484
1c_risk,188,0.23296326846283144,True,54,21,79.0,24.0,12,4,1.4,17,46,1.2000000000000002,3.0,2.5,0.03,0.5,23.085812366999708,1.1721733591980448,0.7279346390886436,20.742671578686824,122,37,85,30.327868852459016,15716.77,13408.23,2308.540000000001,1747.88,0,1,21.36355516299971,1.375134990860131,1.3591656170607214,14.18892823956385,62,21,41,33.87096774193548,7831.160000000001,5694.830000000001,2136.33,844.71,0,1,0.06409066548899912,0.09378374771503273,-0.0,0.049206349206349205,0.02308581236699971,0.00860866795990224,-0.005811974274451574
1c_risk,189,0.24200941828551975,True,54,21,79.0,24.0,12,4,1.4,17,46,1.2000000000000002,3.0,2.5,0.029,0.55,22.740479584999665,1.1564755837180292,0.6992991743939136,22.50685796729562,122,37,85,30.327868852459016,16807.21,14533.13,2274.08,1915.91,0,1,23.403901845499693,1.3767346774518088,1.4013283384191253,14.416130901213755,62,21,41,33.87096774193548,8552.62,6212.250000000001,2340.37,931.42,0,1,0.07021170553649907,0.0941836693629522,-0.0,0.049206349206349205,0.022740479584999668,0.007823779185901459,-0.0021565645911818484
1c_risk,190,0.2433662221901641,True,54,21,79.0,24.0,12,4,1.4,17,46,1.2000000000000002,3.0,2.5,0.03,0.55,23.81511597249957,1.162627697350451,0.7172926297338362,22.555323681316274,122,37,85,30.327868852459016,17025.52,14643.999999999996,2381.520000000004,1925.97,0,1,23.361452423999708,1.3742858333039603,1.387773086915694,14.66811105146944,62,21,41,33.87096774193548,8577.66,6241.54,2336.12,932.72,0,1,0.07008435727199912,0.09357145832599006,-0.0,0.049206349206349205,0.023815115972499572,0.00813138486752255,-0.001442443454196401
1c_risk,191,0.2433662221901641,True,54,21,79.0,24.0,12,4,1.4,17,46,1.2000000000000002,3.0,2.5,0.03,0.55,23.81511597249957,1.162627697350451,0.7172926297338362,22.555323681316274,122,37,85,30.327868852459016,17025.52,14643.999999999996,2381.520000000004,1925.97,0,1,23.361452423999708,1.3742858333039603,1.387773086915694,14.66811105146944,62,21,41,33.87096774193548,8577.66,6241.54,2336.12,932.72,0,1,0.07008435727199912,0.09357145832599006,-0.0,0.049206349206349205,0.023815115972499572,0.00813138486752255,-0.001442443454196401
1c_risk,192,0.2433662221901641,True,54,21,79.0,24.0,12,4,1.4,17,46,1.2000000000000002,3.0,2.5,0.03,0.55,23.81511597249957,1.162627697350451,0.7172926297338362,22.555323681316274,122,37,85,30.327868852459016,17025.52,14643.999999999996,2381.520000000004,1925.97,0,1,23.361452423999708,1.3742858333039603,1.387773086915694,14.66811105146944,62,21,41,33.87096774193548,8577.66,6241.54,2336.12,932.72,0,1,0.07008435727199912,0.09357145832599006,-0.0,0.049206349206349205,0.023815115972499572,0.00813138486752255,-0.001442443454196401
1c_risk,193,0.24200941828551975,True,54,21,79.0,24.0,12,4,1.4,17,46,1.2000000000000002,3.0,2.5,0.029,0.55,22.740479584999665,1.1564755837180292,0.6992991743939136,22.50685796729562,122,37,85,30.327868852459016,16807.21,14533.13,2274.08,1915.91,0,1,23.403901845499693,1.3767346774518088,1.4013283384191253,14.416130901213755,62,21,41,33.87096774193548,8552.62,6212.250000000001,2340.37,931.42,0,1,0.07021170553649907,0.0941836693629522,-0.0,0.049206349206349205,0.022740479584999668,0.007823779185901459,-0.0021565645911818484
1c_risk,194,0.2433662221901641,True,54,21,79.0,24.0,12,4,1.4,17,46,1.2000000000000002,3.0,2.5,0.03,0.55,23.81511597249957,1.162627697350451,0.7172926297338362,22.555323681316274,122,37,85,30.327868852459016,17025.52,14643.999999999996,2381.520000000004,1925.97,0,1,23.361452423999708,1.3742858333039603,1.387773086915694,14.66811105146944,62,21,41,33.87096774193548,8577.66,6241.54,2336.12,932.72,0,1,0.07008435727199912,0.09357145832599006,-0.0,0.049206349206349205,0.023815115972499572,0.00813138486752255,-0.001442443454196401
1c_risk,195,0.24200941828551975,True,54,21,79.0,24.0,12,4,1.4,17,46,1.2000000000000002,3.0,2.5,0.029,0.55,22.740479584999665,1.1564755837180292,0.6992991743939136,22.50685796729562,122,37,85,30.327868852459016,16807.21,14533.13,2274.08,1915.91,0,1,23.403901845499693,1.3767346774518088,1.4013283384191253,14.416130901213755,62,21,41,33.87096774193548,8552.62,6212.250000000001,2340.37,931.42,0,1,0.07021170553649907,0.0941836693629522,-0.0,0.049206349206349205,0.022740479584999668,0.007823779185901459,-0.0021565645911818484
1c_risk,196,0.2433662221901641,True,54,21,79.0,24.0,12,4,1.4,17,46,1.2000000000000002,3.0,2.5,0.03,0.55,23.81511597249957,1.162627697350451,0.7172926297338362,22.555323681316274,122,37,85,30.327868852459016,17025.52,14643.999999999996,2381.520000000004,1925.97,0,1,23.361452423999708,1.3742858333039603,1.387773086915694,14.66811105146944,62,21,41,33.87096774193548,8577.66,6241.54,2336.12,932.72,0,1,0.07008435727199912,0.09357145832599006,-0.0,0.049206349206349205,0.023815115972499572,0.00813138486752255,-0.001442443454196401
1c_risk,197,0.24200941828551975,True,54,21,79.0,24.0,12,4,1.4,17,46,1.2000000000000002,3.0,2.5,0.029,0.55,22.740479584999665,1.1564755837180292,0.6992991743939136,22.50685796729562,122,37,85,30.327868852459016,16807.21,14533.13,2274.08,1915.91,0,1,23.403901845499693,1.3767346774518088,1.4013283384191253,14.416130901213755,62,21,41,33.87096774193548,8552.62,6212.250000000001,2340.37,931.42,0,1,0.07021170553649907,0.0941836693629522,-0.0,0.049206349206349205,0.022740479584999668,0.007823779185901459,-0.0021565645911818484
1c_risk,198,0.2433662221901641,True,54,21,79.0,24.0,12,4,1.4,17,46,1.2000000000000002,3.0,2.5,0.03,0.55,23.81511597249957,1.162627697350451,0.7172926297338362,22.555323681316274,122,37,85,30.327868852459016,17025.52,14643.999999999996,2381.520000000004,1925.97,0,1,23.361452423999708,1.3742858333039603,1.387773086915694,14.66811105146944,62,21,41,33.87096774193548,8577.66,6241.54,2336.12,932.72,0,1,0.07008435727199912,0.09357145832599006,-0.0,0.049206349206349205,0.023815115972499572,0.00813138486752255,-0.001442443454196401
1c_risk,199,0.24200941828551975,True,54,21,79.0,24.0,12,4,1.4,17,46,1.2000000000000002,3.0,2.5,0.029,0.55,22.740479584999665,1.1564755837180292,0.6992991743939136,22.50685796729562,122,37,85,30.327868852459016,16807.21,14533.13,2274.08,1915.91,0,1,23.403901845499693,1.3767346774518088,1.4013283384191253,14.416130901213755,62,21,41,33.87096774193548,8552.62,6212.250000000001,2340.37,931.42,0,1,0.07021170553649907,0.0941836693629522,-0.0,0.049206349206349205,0.022740479584999668,0.007823779185901459,-0.0021565645911818484
