stage,trial,score,gated,ema_period,rsi_period,rsi_overbought,rsi_oversold,atr_period,consolidation_candles,consolidation_atr_mult,swing_lookback,volume_sma_period,volume_mult,risk_reward_ratio,leverage,risk_per_trade_pct,max_position_allocation_pct,tr_return_pct,tr_pf,tr_sharpe,tr_max_dd,tr_trades,tr_wins,tr_losses,tr_win_rate,tr_gross_profit,tr_gross_loss,tr_net_pnl,tr_fees,tr_blocked,tr_head_dropped,va_return_pct,va_pf,va_sharpe,va_max_dd,va_trades,va_wins,va_losses,va_win_rate,va_gross_profit,va_gross_loss,va_net_pnl,va_fees,va_blocked,va_head_dropped,c_gate_shortfall,c_va_ret,c_va_pf,c_va_dd,c_va_sample,c_tr_ret,c_tr_pf,c_consistency
1a_broad,0,-1.3259637188208617,False,69,21,74.0,35.0,9,6,1.1,18,34,1.6,1.0,1.0,0.015,0.5,0.7816263000000071,99.0,1.2676072648437815,0.20446019413188013,2.0,2.0,0.0,100.0,78.16,0.0,78.16,10.02,0.0,0.0,0.15445404050000433,99.0,1.243779062070204,0.07491321849998712,1.0,1.0,0.0,100.0,15.45,0.0,15.45,5.01,0.0,0.0,1.95578231292517,,,,,,,
1a_broad,1,-1.1065736786088505,False,147,19,60.0,24.0,9,9,2.6,11,21,1.4,1.4,1.0,0.015,0.5,-14.281687262999968,0.5550002492646692,-2.1630843187521442,15.419860352499981,128.0,46.0,82.0,35.9375,1781.24,3209.44,-1428.2,587.23,0.0,1.0,-6.038194686500101,0.5919445852339921,-1.7780492556084742,6.708448781008124,46.0,15.0,31.0,32.608695652173914,875.9299999999998,1479.7500000000002,-603.8200000000004,220.88,0.0,0.0,0.6394420716531035,,,,,,,
1a_broad,2,-1.0918998702098193,False,58,12,66.0,40.0,9,12,2.8,4,34,0.7,1.2,1.0,0.015,0.5,-8.88215088150033,0.8782093915886273,-0.9163941579208493,15.6870652759256,438.0,203.0,235.0,46.34703196347032,6404.139999999999,7292.27,-888.130000000001,2083.53,0.0,5.0,-9.177602575000057,0.6606582289713921,-2.3461296959525586,10.929644835976209,149.0,71.0,78.0,47.651006711409394,1786.77,2704.530000000001,-917.7600000000011,701.04,0.0,4.0,0.5513992212589162,,,,,,,
1a_broad,3,-1.2160808247919896,False,144,21,76.0,27.0,8,15,2.3,6,30,0.5,3.8000000000000003,1.0,0.015,0.5,-0.056658140499948786,0.9930800493061744,0.021167360177944645,5.003670810178033,34.0,7.0,27.0,20.58823529411765,813.7,819.3699999999999,-5.669999999999845,171.64,0.0,0.0,1.8029944980000254,1.3903986487949587,0.4968786243396958,2.8942649733024064,15.0,4.0,11.0,26.666666666666668,642.0999999999999,461.81000000000006,180.28999999999985,76.89,0.0,1.0,1.2964849487519383,,,,,,,
1a_broad,4,-1.0610031675300005,False,53,16,63.0,33.0,15,7,4.0,17,48,1.9000000000000001,2.8,1.0,0.015,0.5,12.828538555999877,1.17652951561612,0.7896662869207249,7.50797693376146,173.0,51.0,122.0,29.479768786127167,8550.039999999999,7267.17,1282.869999999999,936.37,0.0,3.0,-8.419118244500078,0.7540807861282481,-1.11067013672004,12.628464587570631,75.0,19.0,56.0,25.333333333333332,2581.49,3423.36,-841.8700000000003,352.88,0.0,2.0,0.3660190051800026,,,,,,,
1a_broad,5,-1.3026573954525624,False,140,8,60.0,21.0,11,10,1.8,18,24,0.9,2.6,1.0,0.015,0.5,-1.3223284280000007,0.314214593164964,-1.1166773259232559,1.4394686593373613,10.0,2.0,8.0,20.0,60.59,192.83,-132.24,49.07,0.0,0.0,1.9644194589999824,99.0,2.9045055499620434,0.2802455311906812,4.0,4.0,0.0,100.0,196.45,0.0,196.45,20.11,0.0,0.0,1.8159443727153741,,,,,,,
1a_broad,6,-2.0,False,38,19,56.0,45.0,18,7,1.0,17,38,1.6,3.3000000000000003,1.0,0.015,0.5,,,,,,,,,,,,,,,0.36228543600000196,99.0,1.9337767680791922,0.08824426417354399,1.0,1.0,0.0,100.0,36.23,0.0,36.23,4.94,0.0,0.0,6.0,,,,,,,
1a_broad,7,-2.0,False,29,12,58.0,42.0,16,9,1.1,9,23,1.6,2.9000000000000004,1.0,0.015,0.5,,,,,,,,,,,,,,,,,,,,,,,,,,,,,6.0,,,,,,,
1a_broad,8,-1.102283854344146,False,136,14,58.0,38.0,18,13,3.3000000000000003,12,31,1.1,1.0,1.0,0.015,0.5,-3.5618529555001075,0.8135028872682726,-0.7183927298819404,5.710748654115038,134.0,78.0,56.0,58.208955223880594,1553.88,1910.11,-356.2299999999998,643.48,0.0,0.0,-3.3126764565001214,0.5527942764578833,-2.1688566216664507,3.750238329048007,39.0,17.0,22.0,43.58974358974359,409.51,740.8000000000001,-331.2900000000001,190.28,0.0,2.0,0.6137031260648754,,,,,,,
1a_broad,9,-2.0,False,34,7,71.0,28.0,14,19,1.7000000000000002,10,40,0.8,1.2,1.0,0.015,0.5,,,,,,,,,,,,,,,,,,,,,,,,,,,,,6.0,,,,,,,
1a_broad,10,-0.06201205234944252,True,102,16,80.0,33.0,21,4,3.9000000000000004,14,49,2.0,2.2,1.0,0.015,0.5,0.024660524500031897,1.0003975712013877,0.05613623111363037,9.582857446450118,142.0,49.0,93.0,34.50704225352113,6366.169999999999,6363.64,2.529999999998836,709.7,0.0,3.0,2.6949829725000565,1.0736321343593862,0.41947103056970025,10.552732230710092,74.0,27.0,47.0,36.486486486486484,3930.1700000000005,3660.6300000000006,269.53999999999996,366.97,0.0,2.0,,0.00808494891750017,0.01840803358984655,-0.0,0.05873015873015874,2.46605245000319e-05,1.9878560069386266e-05,-0.1472797326715174
1a_broad,11,-1.0022116897935236,False,100,16,80.0,33.0,21,4,4.0,15,49,2.0,2.2,1.0,0.015,0.5,5.193279043499879,1.0795039993876536,0.3811909905482778,9.987471595357407,147.0,52.0,95.0,35.374149659863946,7051.59,6532.25,519.3400000000001,752.21,0.0,3.0,1.3332125609999639,1.036066354300802,0.23964718911688168,10.542318134039336,75.0,26.0,49.0,34.666666666666664,3829.8400000000006,3696.52,133.32000000000062,369.95,0.0,2.0,0.013270138761141031,,,,,,,
1a_broad,12,-1.018049498664876,False,100,16,80.0,32.0,21,4,4.0,14,50,2.0,2.0,1.0,0.015,0.5,1.7332524064999597,1.0265734244299565,0.1659883271413804,11.661882595864173,153.0,56.0,97.0,36.60130718954248,6698.33,6524.94,173.39000000000033,771.98,0.0,3.0,-1.661281042000064,0.9537316093522816,-0.16845093359618124,10.16271354519346,75.0,26.0,49.0,34.666666666666664,3424.0299999999997,3590.1399999999994,-166.10999999999967,364.85,0.0,2.0,0.10829699198925627,,,,,,,
1a_broad,13,-1.0178531412793232,False,102,16,80.0,30.0,21,4,3.4000000000000004,14,11,2.0,2.1,1.0,0.015,0.5,-7.462276959499886,0.8786462000809859,-0.4793186006278829,16.165008561522782,156.0,51.0,105.0,32.69230769230769,5402.98,6149.21,-746.2300000000005,712.16,0.0,2.0,0.48735163349991123,1.0158791180150122,0.12876685954164638,9.625625491162715,70.0,26.0,44.0,37.142857142857146,3118.18,3069.4400000000005,48.73999999999933,343.33,0.0,2.0,0.10711884767593968,,,,,,,
1a_broad,14,-1.0029044869234913,False,101,13,76.0,35.0,19,4,3.5,20,44,1.8,2.0,1.0,0.015,0.5,8.665478526999959,1.1123071858662155,0.5787618258025666,8.70669543381474,178.0,67.0,111.0,37.640449438202246,8582.54,7715.98,866.5600000000013,951.39,0.0,3.0,1.1447181114999512,1.0317017323820046,0.21289724705627572,11.113435814726632,78.0,27.0,51.0,34.61538461538461,3726.29,3611.7899999999995,114.50000000000045,384.09,0.0,1.0,0.017426921540948062,,,,,,,
1a_broad,15,-1.049342149537087,False,118,10,71.0,37.0,20,6,3.7,14,45,1.8,2.3,1.0,0.015,0.5,0.6579007760000786,1.0118780508073462,0.09680257965128924,11.050781743529772,140.0,45.0,95.0,32.142857142857146,5601.17,5535.42,65.75,716.47,0.0,2.0,-5.771643290500106,0.7997467124666039,-0.9314335412436744,12.020121623415438,63.0,17.0,46.0,26.984126984126984,2304.95,2882.100000000001,-577.150000000001,304.04,0.0,0.0,0.2960528972225212,,,,,,,
1a_broad,16,-1.049808674188311,False,84,17,78.0,31.0,18,6,3.2,15,43,1.3,1.7000000000000002,1.0,0.015,0.5,-5.523279531000116,0.9410659451108261,-0.30008542835029106,10.363916000154216,263.0,106.0,157.0,40.3041825095057,8819.99,9372.34,-552.3500000000004,1297.93,0.0,5.0,-6.188264361500151,0.8591765634848938,-0.8905215153089218,11.684793561283847,115.0,42.0,73.0,36.52173913043478,3775.66,4394.509999999999,-618.8499999999995,552.46,0.0,3.0,0.29885204512986574,,,,,,,
1a_broad,17,-1.022398590731301,False,118,18,72.0,27.0,21,4,3.8000000000000003,12,50,1.8,2.5,1.0,0.015,0.5,2.852754506499968,1.0443229049324496,0.23060742056756217,8.91303459539886,147.0,46.0,101.0,31.292517006802722,6721.209999999999,6435.95,285.2599999999993,752.97,0.0,3.0,-2.346768729500036,0.9335299500525541,-0.238120063124956,14.953959822229018,73.0,19.0,54.0,26.027397260273972,3295.09,3529.709999999999,-234.61999999999898,342.22,0.0,1.0,0.13439154438780598,,,,,,,
1a_broad,18,-1.324295579633015,False,85,15,68.0,35.0,16,19,3.0,8,40,2.0,3.2,1.0,0.015,0.5,-8.455068902999974,0.5479794064656854,-1.1666834446026009,12.953639695017555,48.0,8.0,40.0,16.666666666666668,1024.99,1870.49,-845.5,234.06,0.0,1.0,-5.054741330000016,0.3345051414727917,-1.5492524047745717,6.229705235656149,16.0,2.0,14.0,12.5,254.06,759.51,-505.45,76.34,0.0,1.0,1.9457734777980895,,,,,,,
1a_broad,19,-1.0508872820261033,False,121,10,77.0,23.0,19,8,3.6,16,46,1.7000000000000002,1.7000000000000002,1.0,0.015,0.5,-8.148440183000021,0.8570355722209255,-0.639282939973711,12.111438456426866,154.0,60.0,94.0,38.96103896103896,4884.339999999999,5699.110000000001,-814.7700000000013,732.54,0.0,3.0,-4.1772708625001185,0.8588300892133011,-0.6700251583200181,9.125414621201045,67.0,25.0,42.0,37.3134328358209,2541.4500000000003,2959.2,-417.74999999999955,320.06,0.0,0.0,0.3053236921566195,,,,,,,
1a_broad,20,-1.0162267642574028,False,81,14,80.0,29.0,13,5,4.0,20,42,1.4,4.0,1.0,0.015,0.5,5.757242725999932,1.0669920988631207,0.3242194253225323,10.90558437569318,167.0,41.0,126.0,24.550898203592816,9169.41,8593.699999999999,575.710000000001,864.25,0.0,5.0,-1.3236258520000956,0.9616694566243634,-0.04362179831935297,17.862200570953316,61.0,11.0,50.0,18.0327868852459,3320.5099999999998,3452.86,-132.35000000000036,284.03000000000003,0.0,2.0,0.09736058554441678,,,,,,,
1a_broad,21,-1.0086786024750762,False,100,13,75.0,34.0,19,4,3.5,20,46,1.8,1.9,1.0,0.015,0.5,9.93991752849999,1.1333836993817856,0.6628518279391545,8.959182802747259,177.0,69.0,108.0,38.983050847457626,8446.099999999999,7452.110000000001,993.989999999998,941.82,0.0,3.0,-0.12200413550004668,0.9966058478297702,0.04655497494979612,10.5770208162279,80.0,28.0,52.0,35.0,3588.09,3600.31,-12.2199999999998,393.21,0.0,1.0,0.052071614850457415,,,,,,,
1a_broad,22,-1.0035268253135163,False,107,11,78.0,37.0,20,6,3.7,19,50,1.9000000000000001,2.3,1.0,0.015,0.5,1.3848677629999293,1.0231714294317804,0.14547918080603733,9.920916490216683,139.0,47.0,92.0,33.81294964028777,6116.13,5977.620000000001,138.5099999999993,701.51,0.0,3.0,1.0058143334999476,1.0277810005248473,0.19453808833709132,10.371878560649712,74.0,22.0,52.0,29.72972972972973,3720.67,3620.1,100.57000000000016,365.77,0.0,0.0,0.02116095188109782,,,,,,,
1a_broad,23,-1.0052177178966666,False,94,14,74.0,40.0,17,5,3.1,13,44,1.7000000000000002,2.3,1.0,0.015,0.5,-3.1306307379999456,0.9586897443339225,-0.1440690266570527,15.658176297386516,179.0,57.0,122.0,31.843575418994412,7267.06,7580.200000000001,-313.1400000000003,898.18,0.0,3.0,7.323963403999878,1.2296505338413055,1.0250109321142027,11.192977670879461,79.0,28.0,51.0,35.44303797468354,3921.539999999999,3189.1499999999996,732.3899999999994,394.83,0.0,0.0,0.031306307379999454,,,,,,,
1a_broad,24,-1.0276940472695557,False,130,17,78.0,33.0,20,8,3.8000000000000003,16,37,2.0,1.7000000000000002,1.0,0.015,0.5,-3.173255808000085,0.9392657368092594,-0.2171210941069806,10.685392059096097,127.0,50.0,77.0,39.37007874015748,4906.4800000000005,5223.74,-317.2599999999993,623.25,0.0,1.0,-1.9834436645001003,0.9296728466630504,-0.27078938781228057,9.545548355950359,64.0,25.0,39.0,39.0625,2622.0400000000004,2820.39,-198.34999999999945,312.13,0.0,0.0,0.16616428361733487,,,,,,,
1a_broad,25,-1.0175203708352125,False,111,15,73.0,31.0,19,5,3.5,16,47,1.5,1.5,1.0,0.015,0.5,-1.5915454500003035,0.9787078366878501,-0.06924445315891774,10.234692663347186,225.0,97.0,128.0,43.111111111111114,7316.81,7475.99,-159.17999999999938,1108.37,0.0,4.0,-1.179851725000026,0.9687213340756647,-0.11754002615233862,9.431437580504042,96.0,40.0,56.0,41.666666666666664,3653.92,3771.9,-117.98000000000002,462.85,0.0,2.0,0.10512222501127501,,,,,,,
1a_broad,26,-1.0182848057895273,False,72,19,76.0,36.0,21,4,2.8,18,42,1.9000000000000001,2.1,1.0,0.015,0.5,-3.6562130690001866,0.9493229943499693,-0.2085139102648111,11.66400195770115,179.0,59.0,120.0,32.960893854748605,6848.53,7214.12,-365.59000000000015,906.2,0.0,4.0,-0.6878185555000891,0.980418055583231,-0.027614170556199816,13.524870959309087,79.0,28.0,51.0,35.44303797468354,3444.14,3512.9300000000003,-68.79000000000042,383.04,0.0,2.0,0.10970883473716372,,,,,,,
1a_broad,27,-1.085044149232138,False,90,13,69.0,38.0,19,7,3.8000000000000003,13,38,1.7000000000000002,2.7,1.0,0.015,0.5,-1.3722371485000804,0.9822020447224686,-0.029141499106215545,13.58595318425463,187.0,54.0,133.0,28.877005347593585,7574.3099999999995,7711.5599999999995,-137.25,943.41,0.0,3.0,-12.59954202800007,0.6609255411907811,-1.7567351137022478,14.694072675277578,83.0,17.0,66.0,20.481927710843372,2455.92,3715.8800000000006,-1259.9600000000005,387.41,0.0,0.0,0.510264895392829,,,,,,,
1a_broad,28,-1.0741383701317595,False,126,18,79.0,25.0,17,11,3.4000000000000004,15,48,1.8,3.1,1.0,0.015,0.5,-3.5536376865000783,0.9251679477729807,-0.19965209801378103,11.065301492838968,109.0,27.0,82.0,24.770642201834864,4393.16,4748.500000000001,-355.34000000000106,528.75,0.0,2.0,-8.173741482500063,0.7060657494444164,-1.2036551904576804,15.065852337681255,54.0,14.0,40.0,25.925925925925927,1963.4699999999998,2780.86,-817.3900000000003,245.16,0.0,1.0,0.4448302207905573,,,,,,,
1a_broad,29,-1.00840727415922,False,78,15,75.0,35.0,20,5,4.0,19,10,1.2000000000000002,2.4000000000000004,1.0,0.015,0.5,0.9075917184997888,1.0076143345826714,0.11612725187159378,13.171449804417962,289.0,87.0,202.0,30.103806228373703,12009.06,11918.310000000001,90.74999999999818,1499.92,0.0,4.0,-0.09105211000020064,0.9979902199519152,0.061169632261221206,11.516298286929691,111.0,37.0,74.0,33.333333333333336,4528.6900000000005,4537.81,-9.11999999999989,549.11,0.0,3.0,0.05044364495532093,,,,,,,
1a_broad,30,-1.0703291751711348,False,64,20,77.0,40.0,17,6,3.0,7,33,1.6,1.9,1.0,0.015,0.5,-1.92561344450005,0.9767160330786402,-0.09586981306404654,15.971205285052346,254.0,89.0,165.0,35.039370078740156,8076.249999999999,8268.78,-192.53000000000156,1350.31,0.0,3.0,-10.09368849600005,0.7331288667971022,-1.644106698612787,13.698166026146827,108.0,36.0,72.0,33.333333333333336,2772.84,3782.2000000000003,-1009.3600000000001,502.45,0.0,3.0,0.42197505102680843,,,,,,,
1a_broad,31,-1.0067993414144298,False,110,10,78.0,36.0,20,6,3.7,19,50,1.9000000000000001,2.2,1.0,0.015,0.5,-0.5833244280001054,0.9896847610644817,0.010209422981115155,8.750089942588088,139.0,48.0,91.0,34.53237410071942,5597.37,5655.71,-58.340000000000146,681.68,0.0,3.0,0.46386771399993454,1.0132890555830938,0.12419509814193616,10.048744404995782,74.0,23.0,51.0,31.08108108108108,3536.47,3490.09,46.379999999999654,360.96,0.0,0.0,0.04079604848657844,,,,,,,
1a_broad,32,-1.087759056303339,False,108,11,80.0,33.0,21,8,3.6,19,48,1.9000000000000001,2.5,1.0,0.015,0.5,-8.537776088000046,0.8466385837592174,-0.5521581419718015,13.497222499381559,127.0,37.0,90.0,29.133858267716537,4713.11,5566.85,-853.7400000000007,592.83,0.0,3.0,-10.528646844000178,0.6973153860749669,-1.4797542833756356,15.14724094949239,71.0,18.0,53.0,25.35211267605634,2425.5,3478.3399999999997,-1052.8399999999997,321.38,0.0,0.0,0.5265543378200338,,,,,,,
1a_broad,33,-1.0397480429411423,False,94,12,74.0,38.0,20,5,3.3000000000000003,18,44,2.0,1.9,1.0,0.015,0.5,-12.699454221000215,0.79635925132455,-0.9471812225750091,18.16396310928352,154.0,50.0,104.0,32.467532467532465,4966.16,6236.08,-1269.92,716.77,0.0,3.0,-1.458123907500012,0.9482418998200552,-0.16161046182252506,10.757286441772882,69.0,25.0,44.0,36.231884057971016,2671.7000000000007,2817.5300000000007,-145.82999999999993,336.73,0.0,0.0,0.23848825764685444,,,,,,,
1a_broad,34,-1.059816968544505,False,103,9,76.0,42.0,19,7,3.9000000000000004,20,50,1.9000000000000001,1.5,1.0,0.015,0.5,0.5948352964997685,1.010800269462002,0.09211997479069227,10.296022411256216,161.0,69.0,92.0,42.857142857142854,5566.75,5507.27,59.47999999999956,786.6,0.0,2.0,-7.433265478500088,0.7512023856938695,-1.219041358723437,11.587262924318516,71.0,27.0,44.0,38.028169014084504,2244.4500000000003,2987.81,-743.3599999999997,334.73,0.0,0.0,0.3589018112670299,,,,,,,
1a_broad,35,-1.0592222358793755,False,114,11,78.0,34.0,18,17,3.6,11,41,1.7000000000000002,3.5,1.0,0.015,0.5,-12.342847666500003,0.7162372490913146,-1.005154840366674,19.151091368571997,116.0,23.0,93.0,19.82758620689655,3115.41,4349.69,-1234.2799999999997,534.4,0.0,4.0,-3.1892896645000652,0.839987355935435,-0.5114172664554665,8.239822884889866,50.0,10.0,40.0,20.0,1674.12,1993.0299999999997,-318.90999999999985,240.81,0.0,0.0,0.355333415276253,,,,,,,
1a_broad,36,-1.0257076306136659,False,94,13,76.0,32.0,7,9,2.5,17,47,1.5,2.8,1.0,0.015,0.5,-5.1910963655001074,0.8857447862213174,-0.3567908863698634,15.644439069705399,119.0,31.0,88.0,26.050420168067227,4024.1600000000003,4543.25,-519.0899999999997,555.32,0.0,3.0,-1.1005174465001983,0.9541038721599084,-0.1128601517831119,8.661086002145618,53.0,14.0,39.0,26.41509433962264,2287.34,2397.3700000000003,-110.0300000000002,257.45,0.0,1.0,0.15424578368199504,,,,,,,
1a_broad,37,-1.0298139845952061,False,49,12,79.0,36.0,20,6,3.8000000000000003,17,36,1.8,2.3,1.0,0.015,0.5,3.4403033164999215,1.0409214401606313,0.26891297793114194,9.950200120757932,215.0,64.0,151.0,29.767441860465116,8750.86,8406.84,344.02000000000044,1110.81,0.0,2.0,-4.024148425000021,0.9044254555127011,-0.4658179892386243,10.686033258133213,100.0,31.0,69.0,31.0,3808.2100000000005,4210.64,-402.42999999999984,493.45,0.0,2.0,0.17888390757123726,,,,,,,
1a_broad,38,-1.0158294804412715,False,72,17,77.0,30.0,21,4,3.2,15,45,1.9000000000000001,2.6,1.0,0.015,0.5,0.2347490529998686,1.003128303022074,0.07153008277192079,14.113303197457219,169.0,50.0,119.0,29.585798816568047,7535.56,7512.0599999999995,23.50000000000091,872.4,0.0,4.0,-1.3088713220000863,0.964017422100991,-0.09148492090356986,15.776695789640465,79.0,24.0,55.0,30.379746835443036,3505.9,3636.76,-130.86000000000013,375.3,0.0,2.0,0.09497688264762857,,,,,,,
1a_broad,39,-1.0145856253017849,False,130,21,73.0,40.0,11,7,3.5,4,48,0.5,3.0,1.0,0.015,0.5,-2.790906434500084,0.9755487710890645,-0.07213656445120087,16.462316529113156,359.0,97.0,262.0,27.01949860724234,11139.05,11418.24,-279.1900000000005,1835.47,0.0,0.0,-0.38463174500006064,0.9914537114835069,0.02212375691839273,11.60512467473956,133.0,38.0,95.0,28.571428571428573,4472.179999999999,4510.7300000000005,-38.55000000000109,654.98,0.0,7.0,0.08751375181070918,,,,,,,
1a_broad,40,-1.0699742280987459,False,21,8,79.0,45.0,16,10,2.8,19,27,1.5,2.1,1.0,0.015,0.5,-1.274304548000273,0.985113170287103,-0.04558637786333726,20.2965421017647,278.0,90.0,188.0,32.37410071942446,8430.5,8557.900000000001,-127.40000000000146,1453.47,0.0,1.0,-9.840321849500087,0.7258659401516544,-1.7562128790589018,16.014971304245822,116.0,37.0,79.0,31.896551724137932,2605.6699999999996,3589.74,-984.0700000000002,541.54,0.0,1.0,0.4198453685924756,,,,,,,
1a_broad,41,-1.0086520604091667,False,91,14,74.0,42.0,17,5,3.1,13,44,1.7000000000000002,2.3,1.0,0.015,0.5,-5.1912362455000585,0.9285112336342559,-0.2860780241725797,17.038072321197998,176.0,55.0,121.0,31.25,6742.960000000002,7262.119999999999,-519.1599999999971,870.98,0.0,2.0,5.1546087329999315,1.1591547643306594,0.7380929493178534,11.672893618615177,80.0,28.0,52.0,35.0,3754.3399999999997,3238.86,515.4799999999996,397.26,0.0,0.0,0.05191236245500058,,,,,,,
1a_broad,42,-1.0128112181578848,False,105,16,63.0,39.0,18,5,3.9000000000000004,12,43,1.7000000000000002,2.5,1.0,0.015,0.5,6.260133336499894,1.0963568523746339,0.4395710323292062,10.233244483638746,170.0,57.0,113.0,33.529411764705884,7122.57,6496.580000000001,625.9899999999989,880.63,0.0,3.0,-0.6860715355001594,0.9764930767280775,-0.04126748432628185,11.644987110500622,69.0,20.0,49.0,28.985507246376812,2850.52,2919.14,-68.61999999999989,337.49,0.0,1.0,0.07686730894730878,,,,,,,
1a_broad,43,-1.0889376005816434,False,97,14,75.0,40.0,15,6,2.1,11,48,2.0,2.2,1.0,0.015,0.5,-2.640428817500087,0.911006639032117,-0.21352960492832102,10.801887445449005,74.0,22.0,52.0,29.72972972972973,2703.2300000000005,2967.2999999999997,-264.06999999999925,367.86,0.0,3.0,-3.706507374499979,0.8134788034945046,-0.6685724423838221,7.910245413963668,45.0,12.0,33.0,26.666666666666668,1616.48,1987.12,-370.6399999999999,217.38,0.0,0.0,0.5336256034898602,,,,,,,
1a_broad,44,-1.0353377657765477,False,77,15,69.0,37.0,19,4,2.6,13,45,1.9000000000000001,1.8,1.0,0.015,0.5,-3.7397768285001805,0.9396672599041892,-0.24125778353484137,11.433209381247483,173.0,64.0,109.0,36.994219653179194,5823.709999999999,6197.629999999999,-373.9200000000001,851.56,0.0,3.0,-3.079598643500085,0.898975518063752,-0.4334840350558752,9.392065141606501,77.0,29.0,48.0,37.66233766233766,2740.4099999999994,3048.37,-307.9600000000005,380.31,0.0,2.0,0.21202659465928653,,,,,,,
1a_broad,45,-1.057756131217429,False,85,11,72.0,43.0,17,7,3.3000000000000003,10,14,1.8,2.0,1.0,0.015,0.5,-10.558138396500034,0.8482870305176125,-0.8237028058890741,17.003499107534484,205.0,61.0,144.0,29.75609756097561,5903.45,6959.26,-1055.8100000000004,1014.39,0.0,1.0,-4.456271677500081,0.843787679107198,-0.7460349572430478,9.39559068813466,83.0,25.0,58.0,30.120481927710845,2407.36,2853.04,-445.67999999999984,397.6,0.0,0.0,0.34653678730457455,,,,,,,
1a_broad,46,-1.071674990475063,False,148,16,79.0,34.0,18,5,2.9000000000000004,14,39,1.6,2.7,1.0,0.015,0.5,-8.094045482000146,0.8787822510712292,-0.5135548638169007,16.16899584420351,154.0,44.0,110.0,28.571428571428573,5867.550000000001,6676.91,-809.3599999999988,750.74,0.0,1.0,-7.433626177000079,0.761488112426605,-0.9376097721392032,12.776405338364647,64.0,15.0,49.0,23.4375,2373.33,3116.7000000000003,-743.3700000000003,291.56,0.0,0.0,0.4300499428503785,,,,,,,
1a_broad,47,-1.0121648105054935,False,106,13,77.0,37.0,20,4,1.2,16,50,1.0,2.2,1.0,0.015,0.5,-4.237661813500108,0.8710390163734857,-0.393912947843809,10.329116518559754,95.0,31.0,64.0,32.63157894736842,2862.0599999999995,3285.8,-423.7400000000007,462.5,0.0,0.0,2.8961281749999763,1.1678169311985351,0.604420637672553,6.596884533771341,46.0,15.0,31.0,32.608695652173914,2015.2899999999997,1725.6899999999996,289.60000000000014,239.64000000000001,0.0,0.0,0.0729888630329603,,,,,,,
1a_broad,48,-1.0056239971159964,False,90,12,74.0,32.0,21,6,3.7,13,46,2.0,2.4000000000000004,1.0,0.015,0.5,-2.5341422405000773,0.9618925631265297,-0.11835508701607576,9.840796221312868,160.0,48.0,112.0,30.0,6398.24,6651.719999999999,-253.47999999999956,786.27,0.0,3.0,1.2669447240000045,1.0411773116944734,0.23611284071186084,10.527210419459019,72.0,23.0,49.0,31.944444444444443,3203.8899999999994,3077.18,126.70999999999958,357.61,0.0,1.0,0.033743982695978565,,,,,,,
1a_broad,49,-1.0510110141042648,False,122,18,80.0,39.0,15,8,3.4000000000000004,17,18,1.9000000000000001,1.2,1.0,0.015,0.5,-6.611207110000068,0.8772663048624482,-0.5828086270979275,10.877669328313116,168.0,73.0,95.0,43.45238095238095,4724.929999999999,5385.969999999999,-661.04,807.15,0.0,1.0,-4.277659262000052,0.8429637080491332,-0.8566674927793885,6.500097729594244,74.0,32.0,42.0,43.24324324324324,2296.25,2724.02,-427.77,360.4,0.0,0.0,0.30606608462558865,,,,,,,
1a_broad,50,-1.1054421768707483,False,114,15,55.0,35.0,18,5,4.0,10,42,1.8,2.0,1.0,0.015,0.5,2.3007309014999375,1.1052564167074548,0.2944249968663613,4.227635983617576,85.0,37.0,48.0,43.529411764705884,2416.19,2186.09,230.0999999999999,424.67,0.0,4.0,2.4436603260000087,1.441699051061907,0.952435995734585,2.5645615527076093,21.0,10.0,11.0,47.61904761904762,797.62,553.25,244.37,105.91,0.0,1.0,0.6326530612244898,,,,,,,
1a_broad,51,-1.012560038922962,False,88,12,73.0,32.0,21,6,3.7,13,46,2.0,2.3,1.0,0.015,0.5,-4.798372445500027,0.928406873131166,-0.275987706488308,10.241415715817928,163.0,49.0,114.0,30.061349693251532,6222.219999999999,6702.04,-479.8200000000006,799.3,0.0,3.0,0.66390552199995,1.0212546654630892,0.15415044777459086,10.149087678580281,74.0,24.0,50.0,32.432432432432435,3190.42,3124.02,66.40000000000009,367.61,0.0,1.0,0.07536023353777252,,,,,,,
1a_broad,52,-1.0292684266604921,False,99,13,74.0,30.0,21,14,3.9000000000000004,12,49,2.0,2.4000000000000004,1.0,0.015,0.5,-11.38533744850014,0.7752440360452837,-0.9615601116124999,16.730866622023015,124.0,33.0,91.0,26.612903225806452,3927.27,5065.849999999999,-1138.5799999999995,587.76,0.0,3.0,-0.2663252915000157,0.9879513708089017,0.007454852199598967,7.054862727563051,54.0,15.0,39.0,27.77777777777778,2181.9399999999996,2208.5499999999997,-26.610000000000127,266.34,0.0,1.0,0.17561055996295233,,,,,,,
1a_broad,53,-1.0439248919994044,False,93,11,71.0,33.0,20,4,3.7,14,44,1.9000000000000001,2.4000000000000004,1.0,0.015,0.5,6.6734921704999755,1.0888780851658963,0.4608362503765644,10.988373612426185,170.0,57.0,113.0,33.529411764705884,8174.97,7507.7,667.2700000000004,904.07,0.0,3.0,-5.191559948000104,0.8277845598577532,-0.7465220429331274,12.715819721925117,70.0,18.0,52.0,25.714285714285715,2495.34,3014.48,-519.1399999999999,334.96,0.0,1.0,0.26354935199642654,,,,,,,
1a_broad,54,-1.0393170599380295,False,96,14,76.0,28.0,21,6,3.5,15,46,2.0,2.6,1.0,0.015,0.5,-4.664403150500038,0.9266401068265498,-0.26493736340518037,14.443194674076643,141.0,39.0,102.0,27.659574468085108,5891.549999999998,6357.969999999999,-466.420000000001,691.83,0.0,3.0,-3.5782359230000296,0.8888502326621646,-0.43752301677050903,12.025620913316319,68.0,19.0,49.0,27.941176470588236,2861.4399999999996,3219.2599999999998,-357.82000000000016,319.99,0.0,1.0,0.23590235962817732,,,,,,,
1a_broad,55,-1.0563574935245286,False,116,9,78.0,31.0,19,5,3.2,18,41,1.8,1.8,1.0,0.015,0.5,-2.6468770245000997,0.9540639906680274,-0.1635534941279418,8.74293216861951,150.0,55.0,95.0,36.666666666666664,5496.209999999999,5760.84,-264.630000000001,751.34,0.0,4.0,-6.528836619000085,0.7912927840522215,-1.012103654772023,9.589979278143506,72.0,21.0,51.0,29.166666666666668,2475.33,3128.21,-652.8800000000001,342.6,0.0,0.0,0.3381449611471719,,,,,,,
1a_broad,56,-1.034701627317785,False,102,17,75.0,34.0,20,7,3.6,13,47,1.7000000000000002,2.1,1.0,0.015,0.5,-2.2129379010000045,0.9692406685252254,-0.09696173476790076,14.897098900477923,173.0,59.0,114.0,34.104046242774565,6974.21,7195.54,-221.32999999999993,881.78,0.0,4.0,-3.585453030499994,0.8922628526787055,-0.48454230807254,10.282185639532031,77.0,24.0,53.0,31.16883116883117,2969.54,3328.1,-358.55999999999995,366.05,0.0,1.0,0.20820976390670903,,,,,,,
1a_broad,57,0.04699710063317809,True,87,12,77.0,32.0,19,4,3.8000000000000003,20,49,2.0,2.8,1.0,0.015,0.5,8.502414281999899,1.1233713750897842,0.5350548063376769,7.918575258605423,145.0,44.0,101.0,30.344827586206897,7741.77,6891.549999999998,850.2200000000021,759.57,0.0,3.0,3.6294011729999327,1.1108819656404008,0.5095028721997605,12.957010019842082,68.0,19.0,49.0,27.941176470588236,3635.9500000000003,3273.0299999999997,362.9200000000005,335.76,0.0,2.0,,0.010888203518999797,0.02772049141010019,-0.0,0.05396825396825397,0.008502414281999899,0.006168568754489213,-0.06025083130066498
1a_broad,58,0.030360621732556596,True,86,13,79.0,29.0,16,4,3.9000000000000004,20,49,1.8,2.9000000000000004,1.0,0.015,0.5,12.365185087999762,1.1538133321391209,0.6918522376492908,6.9674869455107755,163.0,48.0,115.0,29.447852760736197,9275.240000000002,8038.77,1236.4700000000012,873.62,0.0,3.0,3.636245508999964,1.112191690372903,0.486201076808453,14.135341328762715,67.0,19.0,48.0,28.35820895522388,3604.6800000000003,3241.0599999999995,363.6200000000008,322.05,0.0,2.0,,0.010908736526999892,0.02804792259322575,-0.0,0.05317460317460318,0.012365185087999763,0.007690666606956043,-0.08182649225722803
1a_broad,59,0.008089463213928165,True,78,9,80.0,25.0,13,4,3.9000000000000004,20,49,1.8,3.3000000000000003,1.0,0.015,0.5,8.069561759499848,1.0921072907142781,0.4681110707974743,10.767145153778081,170.0,42.0,128.0,24.705882352941178,9567.81,8760.87,806.9399999999987,930.64,0.0,3.0,2.3862684599999557,1.0728052567677224,0.3469441626852649,13.192638092030407,65.0,17.0,48.0,26.153846153846153,3516.72,3278.06,238.65999999999985,313.64,0.0,2.0,,0.007158805379999867,0.018201314191930607,-0.0,0.0515873015873016,0.008069561759499848,0.004605364535713907,-0.08153288424051766
1a_broad,60,-1.0137053476178064,False,67,9,80.0,20.0,13,4,3.9000000000000004,20,49,1.6,3.4000000000000004,1.0,0.015,0.5,4.439970777499821,1.0476494061533372,0.28541113266016577,14.869796732204698,189.0,49.0,140.0,25.925925925925927,9761.179999999998,9317.220000000001,443.9599999999973,1011.53,0.0,3.0,-0.9425732885001344,0.9735533295370711,-0.03149953087940869,14.911092309220408,68.0,17.0,51.0,25.0,3470.63,3564.91,-94.27999999999975,326.83,0.0,2.0,0.08223208570683845,,,,,,,
1a_broad,61,-1.0487949550133795,False,80,7,79.0,25.0,12,4,4.0,20,49,1.9000000000000001,3.6,1.0,0.015,0.5,-4.119915091500244,0.9431434019853238,-0.13707795574178772,13.476801748888082,140.0,30.0,110.0,21.428571428571427,6835.129999999999,7247.18,-412.0500000000011,711.65,0.0,3.0,-5.248046197500043,0.8409553769502126,-0.5725671593296604,15.183883435806077,63.0,11.0,52.0,17.46031746031746,2774.85,3299.6400000000003,-524.7900000000004,300.65,0.0,2.0,0.2927697300802766,,,,,,,
1a_broad,62,-1.0061275961174376,False,61,10,78.0,26.0,10,4,3.8000000000000003,19,48,1.8,2.9000000000000004,1.0,0.015,0.5,20.429997854999822,1.2347178291705778,1.071754676518698,7.87683972669251,177.0,54.0,123.0,30.508474576271187,10746.699999999999,8703.769999999999,2042.9300000000003,980.37,0.0,3.0,0.39019990699986007,1.0113961444601427,0.11653715803412347,13.657975823353052,72.0,21.0,51.0,29.166666666666668,3464.76,3425.7200000000003,39.039999999999964,348.54,0.0,2.0,0.03676557670462604,,,,,,,
1a_broad,63,-1.0289694642545517,False,74,8,77.0,28.0,12,5,3.9000000000000004,20,50,1.9000000000000001,3.2,1.0,0.015,0.5,11.941787005499755,1.1490300913185592,0.687649847930409,8.14552705385637,162.0,43.0,119.0,26.54320987654321,9206.73,8012.61,1194.12,886.72,0.0,4.0,-3.295699170500065,0.9020972164865756,-0.34303151544028465,13.720774665633732,64.0,15.0,49.0,23.4375,3036.36,3365.8900000000003,-329.5300000000002,305.17,0.0,2.0,0.17381678552730964,,,,,,,
1a_broad,64,0.04283510665794184,True,86,11,79.0,29.0,14,4,3.8000000000000003,19,47,1.8,3.1,1.0,0.015,0.5,15.609200069499876,1.1820163036570706,0.827027612391877,7.063397128413984,169.0,48.0,121.0,28.402366863905325,10136.960000000001,8575.99,1560.9700000000012,925.31,0.0,3.0,4.5267023684998815,1.1388870990012427,0.5750664891123105,13.644036783421257,66.0,18.0,48.0,27.272727272727273,3711.69,3259.0499999999997,452.6400000000003,320.35,0.0,2.0,,0.013580107105499645,0.034721774750310685,-0.0,0.05238095238095239,0.015609200069499876,0.009100815182853527,-0.08255774283117429
1a_broad,65,-1.0088069094861924,False,85,11,80.0,23.0,14,4,3.8000000000000003,18,47,1.8,3.7,1.0,0.015,0.5,0.26575997549987734,1.0035241450304917,0.08780776725039868,13.81315568852835,141.0,32.0,109.0,22.69503546099291,7574.53,7547.93,26.599999999999454,732.92,0.0,3.0,-0.13284461250008464,0.9959113386682383,0.06455732600035073,16.41299324877851,61.0,12.0,49.0,19.672131147540984,3244.4700000000003,3257.79,-13.319999999999709,289.02,0.0,2.0,0.052841456917154854,,,,,,,
1a_broad,66,-1.006334922435956,False,55,13,79.0,29.0,14,4,4.0,20,43,2.0,3.1,1.0,0.015,0.5,4.171493265499939,1.0552525781048199,0.29880571397317446,8.876121183201063,163.0,41.0,122.0,25.153374233128833,7966.26,7549.15,417.1100000000006,818.12,0.0,3.0,0.3474190434998309,1.0100899886534782,0.11097409371751078,12.040080469830263,71.0,18.0,53.0,25.35211267605634,3480.7599999999998,3445.9900000000002,34.76999999999953,349.81,0.0,2.0,0.03800953461573508,,,,,,,
1a_broad,67,-1.0121608654018963,False,87,10,77.0,27.0,13,5,3.5,19,45,1.6,3.4000000000000004,1.0,0.015,0.5,-7.240347523000255,0.9162115588700598,-0.3162372500978912,17.71272660950999,181.0,45.0,136.0,24.861878453038674,7916.81,8640.81,-723.9999999999991,913.47,0.0,3.0,1.6534773354999015,1.0494101969595564,0.25777044250501496,11.818006434889394,67.0,16.0,51.0,23.880597014925375,3512.25,3346.8799999999997,165.37000000000035,331.68,0.0,3.0,0.07296519241137746,,,,,,,
1a_broad,68,-1.0043398985194365,False,82,12,79.0,31.0,14,4,3.8000000000000003,18,47,1.7000000000000002,3.3000000000000003,1.0,0.015,0.5,4.079640950999801,1.0455868089233755,0.272756063052289,12.4034874433266,179.0,45.0,134.0,25.139664804469273,9357.04,8949.08,407.96000000000095,966.0,0.0,3.0,0.824353116000002,1.02265863932755,0.1660954433350007,15.989706981151555,71.0,17.0,54.0,23.943661971830984,3721.69,3639.23,82.46000000000004,336.55,0.0,2.0,0.026039391116619015,,,,,,,
1a_broad,69,0.10562275928702643,True,74,16,80.0,29.0,12,5,3.6,19,49,1.8,2.9000000000000004,1.0,0.015,0.5,6.306868977999748,1.0792437468904066,0.4026538522153321,9.797955167665188,167.0,44.0,123.0,26.347305389221557,8589.96,7959.24,630.7199999999993,874.4,0.0,4.0,5.471265420999972,1.1612851874452788,0.6710177680623135,16.24053964311094,71.0,22.0,49.0,30.985915492957748,3939.3,3392.19,547.1100000000001,339.8,0.0,2.0,,0.016413796262999915,0.04032129686131969,-0.007088797960633936,0.05634920634920635,0.006306868977999748,0.00396218734452033,-0.01064179854838567
1a_broad,70,-0.014107432644396584,True,68,17,80.0,29.0,12,5,3.6,19,49,1.8,2.9000000000000004,1.0,0.015,0.5,10.172160186499786,1.1290289847167803,0.6019440885434296,9.908798374956255,166.0,44.0,122.0,26.50602409638554,8901.05,7883.8099999999995,1017.2399999999998,875.35,0.0,3.0,1.9948781754999436,1.0561719599218264,0.2959075233064851,16.24053964311094,72.0,21.0,51.0,29.166666666666668,3750.5300000000007,3551.06,199.4700000000007,341.48,0.0,2.0,,0.005984634526499831,0.01404298998045661,-0.007088797960633936,0.05714285714285714,0.010172160186499787,0.006451449235839013,-0.10081272575591503
1a_broad,71,-1.0039786493830043,False,67,16,80.0,29.0,12,5,3.6,19,49,1.8,2.9000000000000004,1.0,0.015,0.5,15.66964309299994,1.197022507229976,0.8764178970257693,9.392235331786802,164.0,47.0,117.0,28.658536585365855,9519.920000000002,7953.000000000002,1566.92,900.0,0.0,3.0,0.8852206614999705,1.0249345088870736,0.17322175573841447,16.24053964311094,71.0,20.0,51.0,28.169014084507044,3638.6200000000003,3550.1000000000004,88.51999999999998,335.87,0.0,2.0,0.02387189629802518,,,,,,,
1a_broad,72,0.06881397670652961,True,75,18,80.0,29.0,11,5,3.9000000000000004,19,49,1.7000000000000002,3.0,1.0,0.015,0.5,8.218812795999728,1.0931367771095946,0.4827925163418398,10.531613871484598,183.0,53.0,130.0,28.961748633879782,9645.03,8823.26,821.7700000000004,990.95,0.0,3.0,4.5660983249999845,1.1328714064132375,0.5672532792917917,15.365804006099367,68.0,20.0,48.0,29.41176470588235,3892.92,3436.33,456.59000000000015,325.79,0.0,2.0,,0.013698294974999952,0.03321785160330937,-0.0020903086062820974,0.05396825396825397,0.008218812795999729,0.004656838855479728,-0.042855766885231045
1a_broad,73,-0.028984814567701744,True,75,19,80.0,28.0,11,5,3.4000000000000004,19,49,1.7000000000000002,3.0,1.0,0.015,0.5,0.3551803094997922,1.0042840838623592,0.08524669929105916,14.952136843654543,177.0,47.0,130.0,26.55367231638418,8324.33,8288.82,35.51000000000022,930.4,0.0,3.0,4.5660983249999845,1.1328714064132375,0.5672532792917917,15.365804006099367,68.0,20.0,48.0,29.41176470588235,3892.92,3436.33,456.59000000000015,325.79,0.0,2.0,,0.013698294974999952,0.03321785160330937,-0.0020903086062820974,0.05396825396825397,0.0003551803094997922,0.00021420419311796168,-0.1283482910106007
1a_broad,74,0.09153282835723542,True,75,20,79.0,26.0,10,5,3.4000000000000004,19,48,1.5,3.0,1.0,0.015,0.5,6.621853063499748,1.0686130872573625,0.3984180547793536,14.951204663402102,197.0,53.0,144.0,26.903553299492387,10313.42,9651.219999999998,662.2000000000025,1091.03,0.0,4.0,5.137860072999956,1.1311427287856974,0.6057751500341795,16.55769404653305,77.0,24.0,53.0,31.16883116883117,4431.41,3917.64,513.77,370.54,0.0,2.0,,0.015413580218999868,0.03278568219642436,-0.008901108837331721,0.061111111111111116,0.0066218530634997485,0.0034306543628681244,-0.01892894375833607
1a_broad,75,-1.0253242777379066,False,49,18,78.0,26.0,10,6,3.7,20,47,1.4,3.1,1.0,0.015,0.5,16.723366647499898,1.1591892758862599,0.85162684901438,8.456689363859915,221.0,62.0,159.0,28.054298642533936,12178.060000000001,10505.669999999998,1672.390000000003,1216.44,0.0,4.0,-3.5285832625001423,0.9275071745074395,-0.2992500162740793,15.814341244067801,101.0,27.0,74.0,26.73267326732673,4515.04,4867.93,-352.8900000000003,482.44,0.0,3.0,0.15194566642744006,,,,,,,
1a_broad,76,-1.0225544208148898,False,70,20,79.0,23.0,10,7,3.6,17,48,1.5,2.8,1.0,0.015,0.5,4.162466395999745,1.0451175896824536,0.2792763035276599,13.10096248877341,198.0,57.0,141.0,28.78787878787879,9643.3,9227.0,416.2999999999993,1059.73,0.0,4.0,-2.651736912500055,0.9357503864474455,-0.22011004282328953,16.381309620990546,82.0,24.0,58.0,29.26829268292683,3862.16,4127.34,-265.1800000000003,383.21,0.0,2.0,0.13532652488933825,,,,,,,
1a_broad,77,0.07635521383756981,True,79,19,78.0,26.0,9,5,3.4000000000000004,18,45,1.3,3.0,1.0,0.015,0.5,2.0762933174998763,1.0229074335796962,0.17612280374512546,14.578017541008654,197.0,56.0,141.0,28.426395939086294,9271.5,9063.869999999999,207.63000000000102,1034.56,0.0,5.0,11.590461424499917,1.2854268659068748,1.2125486144127147,14.410595119749889,90.0,30.0,60.0,33.333333333333336,5219.81,4060.7599999999998,1159.0500000000006,444.81,0.0,3.0,,0.03477138427349975,0.0713567164767187,-0.0,0.07142857142857144,0.0020762933174998765,0.001145371678984808,-0.10442312333770477
1a_broad,78,-1.0664466755003368,False,78,20,77.0,24.0,9,20,3.4000000000000004,18,45,1.3,3.2,1.0,0.015,0.5,-8.642411088000044,0.8190977179196266,-0.6162324959946099,16.94417482853523,117.0,27.0,90.0,23.076923076923077,3913.0099999999998,4777.220000000001,-864.2100000000014,554.81,0.0,4.0,-5.041396574000082,0.7750659247988793,-0.9220764283965807,12.0082811207463,50.0,10.0,40.0,20.0,1737.0700000000002,2241.19,-504.1199999999999,236.95,0.0,2.0,0.39868005300202103,,,,,,,
1a_broad,79,0.07295964619754962,True,82,21,78.0,25.0,8,5,3.3000000000000003,18,46,1.4,3.0,1.0,0.015,0.5,2.7712148294997676,1.0319804887507904,0.21322685412462242,14.100797416029586,185.0,54.0,131.0,29.18918918918919,8940.789999999999,8663.720000000001,277.0699999999979,988.4,0.0,5.0,4.965884107499987,1.1243832061757029,0.5912373580110989,15.405311608640385,85.0,25.0,60.0,29.41176470588235,4489.009999999999,3992.42,496.58999999999924,409.02,0.0,4.0,,0.01489765232249996,0.031095801543925716,-0.002316066335087917,0.06746031746031747,0.0027712148294997676,0.0015990244375395203,-0.04254829806114489
1a_broad,80,-1.004058302849485,False,62,21,76.0,26.0,8,6,3.3000000000000003,18,46,1.3,3.0,1.0,0.015,0.5,6.186473120999599,1.067724342975243,0.38203223164674005,13.500562234648658,197.0,57.0,140.0,28.934010152284262,9753.79,9135.119999999999,618.6700000000019,1053.24,0.0,6.0,1.0862461259998781,1.024432692048245,0.19167510084974707,14.969761024665512,90.0,27.0,63.0,30.0,4555.9800000000005,4447.32,108.66000000000076,434.54,0.0,3.0,0.024349817096909622,,,,,,,
1a_broad,81,0.05944513444768761,True,82,20,78.0,27.0,9,5,3.3000000000000003,18,50,1.2000000000000002,2.7,1.0,0.015,0.5,2.0347572644998033,1.021795755067229,0.17368694981876462,15.617191233553616,201.0,61.0,140.0,30.34825870646766,9536.43,9333.010000000002,203.41999999999825,1066.12,0.0,5.0,4.728197070499882,1.1090895667701792,0.5636176222795167,14.586858414991797,94.0,29.0,65.0,30.851063829787233,4807.26,4334.42,472.84000000000015,457.73,0.0,5.0,,0.014184591211499646,0.027272391692544806,-0.0,0.0746031746031746,0.0020347572644998035,0.0010897877533614486,-0.059739568077392696
1a_broad,82,-1.0139831187510067,False,83,20,78.0,27.0,9,5,3.2,17,50,1.2000000000000002,2.7,1.0,0.015,0.5,-1.8190891905001445,0.980508174008827,-0.02935872544700389,19.169078557353924,205.0,60.0,145.0,29.26829268292683,9150.72,9332.630000000001,-181.91000000000167,1067.04,0.0,5.0,-0.5577553560000342,0.98686321960691,0.01847213094716971,15.700416495783456,94.0,27.0,67.0,28.72340425531915,4188.06,4243.8099999999995,-55.74999999999909,445.24,0.0,5.0,0.08389871250603989,,,,,,,
1a_broad,83,-1.0047271015183339,False,73,19,78.0,24.0,8,5,3.1,18,47,1.2000000000000002,2.8,1.0,0.015,0.5,-2.836260911000336,0.9696562539781706,-0.08464584578806517,15.337902188411693,213.0,61.0,152.0,28.63849765258216,9064.240000000002,9347.890000000001,-283.64999999999964,1080.11,0.0,7.0,3.3575121394998133,1.0772052060338482,0.42658928883722297,16.656929727247253,92.0,30.0,62.0,32.608695652173914,4684.549999999999,4348.8,335.7499999999991,438.77,0.0,4.0,0.028362609110003358,,,,,,,
1a_broad,84,0.0539445879351023,True,80,21,79.0,27.0,9,6,3.4000000000000004,19,44,1.4,3.1,1.0,0.015,0.5,9.374527945499848,1.088589854330121,0.5111577874817577,11.765327384589977,218.0,62.0,156.0,28.440366972477065,11518.87,10581.46,937.4100000000017,1180.1299999999999,0.0,5.0,3.9951245189999285,1.0999617206205765,0.4927889503318968,15.273124780201075,82.0,23.0,59.0,28.048780487804876,4396.47,3996.93,399.5400000000004,392.46,0.0,3.0,,0.011985373556999785,0.024990430155144128,-0.001560713029720426,0.06507936507936508,0.009374527945499849,0.004429492716506045,-0.060353888488692164
1a_broad,85,0.028306684056084296,True,81,20,77.0,27.0,7,6,3.4000000000000004,19,43,1.4,3.1,1.0,0.015,0.5,12.46344288199971,1.1157751879657345,0.6421157297334877,11.837050415731888,221.0,64.0,157.0,28.959276018099548,12011.61,10765.259999999998,1246.3500000000022,1220.08,0.0,5.0,3.465756997999943,1.0866417509343398,0.43895060196094543,15.273124780201075,81.0,22.0,59.0,27.160493827160494,4346.73,4000.1500000000005,346.579999999999,388.09,0.0,2.0,,0.010397270993999829,0.021660437733584947,-0.001560713029720426,0.0642857142857143,0.01246344288199971,0.005788759398286725,-0.08472822820778078
1a_broad,86,-1.0351739962811743,False,72,21,79.0,26.0,8,7,3.0,17,41,1.1,2.7,1.0,0.015,0.5,-3.448380576500258,0.9627164818057985,-0.11895071623818837,16.122272880163617,223.0,63.0,160.0,28.251121076233183,8905.319999999998,9250.2,-344.88000000000284,1126.8,0.0,7.0,-4.034647485500172,0.9069756180796067,-0.367111411798724,16.739669048332324,98.0,29.0,69.0,29.591836734693878,3933.3900000000003,4336.820000000001,-403.4300000000003,453.39,0.0,4.0,0.21104397768704558,,,,,,,
1a_broad,87,-1.010522672197911,False,77,21,76.0,30.0,10,6,3.3000000000000003,18,45,1.4,3.0,1.0,0.015,0.5,-3.3671410820002348,0.9599334067968861,-0.12773083850777622,18.623338474375352,185.0,49.0,136.0,26.486486486486488,8066.57,8403.259999999998,-336.6899999999987,961.45,0.0,5.0,0.7398029034999308,1.0190621465141627,0.15673593950871503,16.129690069404536,82.0,24.0,58.0,29.26829268292683,3954.9700000000003,3880.99,73.98000000000047,387.28000000000003,0.0,3.0,0.06313603318746647,,,,,,,
1a_broad,88,0.08858444475986361,True,88,19,78.0,28.0,9,6,3.2,19,43,1.3,3.2,1.0,0.015,0.5,3.0710233394998068,1.0277542778844309,0.22269017390501897,19.56925345681902,217.0,60.0,157.0,27.649769585253456,11370.949999999999,11063.880000000001,307.0699999999979,1175.48,0.0,5.0,2.7767468694999113,1.069883514890361,0.3676765589495679,13.682103157485223,83.0,23.0,60.0,27.710843373493976,4250.69,3973.04,277.64999999999964,399.15,0.0,3.0,,0.008330240608499734,0.017470878722590233,-0.0,0.06587301587301587,0.003071023339499807,0.0013877138942215428,-0.007548427677963576
1a_broad,89,-1.0479412667639858,False,65,19,77.0,22.0,9,8,3.2,16,39,1.3,2.8,1.0,0.015,0.5,-12.112899616000123,0.8772805929744364,-0.6399075185916363,21.168572606135534,245.0,61.0,184.0,24.897959183673468,8658.970000000001,9870.24,-1211.2699999999986,1175.92,0.0,6.0,-3.8821223700000886,0.9159177502398913,-0.3728202398082416,15.942949391712762,101.0,29.0,72.0,28.712871287128714,4228.489999999999,4616.67,-388.1800000000012,474.75,0.0,3.0,0.28764760058391514,,,,,,,
1a_broad,90,-1.0433990720648794,False,90,20,75.0,25.0,8,8,3.1,19,42,1.1,3.2,1.0,0.015,0.5,1.8890412879998437,1.0174259161035906,0.16490419716655355,14.873939850452523,230.0,62.0,168.0,26.956521739130434,11029.66,10840.75,188.90999999999985,1203.13,0.0,5.0,-6.881060326500118,0.8488369794195114,-0.703609261774662,13.251930120955436,97.0,22.0,75.0,22.68041237113402,3864.2200000000003,4552.369999999999,-688.1499999999987,452.43,0.0,2.0,0.26039443238927606,,,,,,,
1a_broad,91,-1.0094588553728774,False,80,18,78.0,28.0,11,6,3.3000000000000003,19,43,1.4,3.0,1.0,0.015,0.5,2.2895535349998317,1.022331652236139,0.18500707649083378,15.992828208232135,215.0,59.0,156.0,27.441860465116278,10486.250000000002,10257.189999999999,229.06000000000313,1142.21,0.0,5.0,-0.26732349150010126,0.993216107811624,0.04948158356481773,16.429243307526388,81.0,22.0,59.0,27.160493827160494,3914.95,3941.6899999999996,-26.73999999999978,380.71999999999997,0.0,2.0,0.056753132237263956,,,,,,,
1a_broad,92,0.13006962464892483,True,88,19,79.0,27.0,10,5,3.5,19,46,1.2000000000000002,3.1,1.0,0.015,0.5,9.057380591999681,1.0770382971484465,0.48636776661604636,15.67849597575027,234.0,67.0,167.0,28.632478632478634,12662.47,11756.750000000002,905.7199999999975,1286.24,0.0,5.0,7.151944470999952,1.1739840127664334,0.7926548059456823,12.71797078315527,88.0,25.0,63.0,28.40909090909091,4825.99,4110.780000000001,715.2099999999991,436.78000000000003,0.0,4.0,,0.021455833412999854,0.043496003191608346,-0.0,0.06984126984126984,0.00905738059199968,0.003851914857422323,-0.017632777246375214
1a_broad,93,-1.06704470839734,False,75,19,78.0,24.0,10,7,3.5,17,46,1.2000000000000002,3.4000000000000004,1.0,0.015,0.5,-2.6750888740002665,0.9711164199221534,-0.06322163626988093,21.383541058485232,187.0,46.0,141.0,24.59893048128342,8991.8,9259.24,-267.4400000000005,995.63,0.0,5.0,-10.039170873500133,0.7611180644455124,-0.9781770681118208,16.135463811711467,82.0,18.0,64.0,21.951219512195124,3198.6899999999996,4202.62,-1003.9300000000003,374.46,0.0,3.0,0.4022682503840398,,,,,,,
1a_broad,94,0.09018029451628007,True,70,19,79.0,27.0,9,5,2.9000000000000004,18,44,1.3,2.9000000000000004,1.0,0.015,0.5,4.3831724644997845,1.0480979847329581,0.2982106529265419,15.883403930933634,204.0,58.0,146.0,28.431372549019606,9550.73,9112.440000000002,438.28999999999724,1081.65,0.0,6.0,3.6635708914999303,1.0879852445315426,0.4732461294303305,16.748280295385236,93.0,30.0,63.0,32.25806451612903,4530.24,4163.88,366.3599999999997,443.23,0.0,3.0,,0.01099071267449979,0.021996311132885638,-0.009990173116487061,0.07380952380952381,0.004383172464499784,0.0024048992366479064,-0.013414151685289805
1a_broad,95,-1.0145121349895747,False,71,19,79.0,27.0,9,7,2.7,18,40,1.3,3.2,1.0,0.015,0.5,1.0881013219998568,1.0143829610516029,0.12437203862476975,13.256347362427107,181.0,43.0,138.0,23.756906077348066,7669.78,7561.03,108.75,945.96,0.0,6.0,-1.1750894315000915,0.9709119885964304,-0.06283516911221546,14.138380373059467,88.0,25.0,63.0,28.40909090909091,3923.3,4040.8400000000006,-117.54000000000042,420.93,0.0,3.0,0.08707280993744823,,,,,,,
1a_broad,96,0.07620042719216963,True,60,20,78.0,26.0,9,5,2.9000000000000004,18,42,1.2000000000000002,2.9000000000000004,1.0,0.015,0.5,2.173366478499774,1.0226451540308064,0.18124000617434952,14.334398149381617,219.0,61.0,158.0,27.85388127853881,9815.43,9598.079999999998,217.35000000000218,1148.69,0.0,6.0,4.008563749999885,1.0825701490938604,0.49525135271916654,15.028760464747744,107.0,34.0,73.0,31.77570093457944,5255.51,4854.66,400.85000000000036,530.82,0.0,3.0,,0.012025691249999654,0.0206425372734651,-0.00016434551284425376,0.08492063492063492,0.002173366478499774,0.001132257701540318,-0.04452971491912589
1a_broad,97,0.10752938491421277,True,56,20,78.0,26.0,11,5,3.0,18,42,1.0,2.9000000000000004,1.0,0.015,0.5,4.8653549719998415,1.043584791057104,0.3002086008949852,12.499629829095623,255.0,71.0,184.0,27.84313725490196,11648.89,11162.380000000001,486.5099999999984,1338.05,0.0,7.0,3.831628273999868,1.069921251220469,0.46798506130985346,16.865736398676137,128.0,40.0,88.0,31.25,5862.58,5479.450000000001,383.1299999999992,634.04,0.0,6.0,,0.011494884821999604,0.01748031280511725,-0.010661350849577929,0.1,0.004865354971999841,0.0021792395528552055,-0.017829056388181205
1a_broad,98,-1.0426041870339995,False,58,18,61.0,26.0,11,5,2.9000000000000004,17,37,0.9,2.9000000000000004,1.0,0.015,0.5,5.8694386829996805,1.0597925750845596,0.35569347142117785,13.18611119811369,249.0,75.0,174.0,30.120481927710845,10402.500000000002,9815.599999999999,586.9000000000033,1308.99,0.0,7.0,-7.640632220000061,0.8618202599958042,-0.7744068430728374,18.904384533663823,140.0,40.0,100.0,28.571428571428573,4765.280000000001,5529.320000000001,-764.04,659.9,0.0,6.0,0.2556251222039966,,,,,,,
1a_broad,99,-1.015625228440578,False,40,19,80.0,28.0,11,16,2.9000000000000004,18,41,1.0,3.3000000000000003,1.0,0.015,0.5,-3.9388032060001024,0.9269279927875919,-0.24380625529765515,16.851365966445446,156.0,34.0,122.0,21.794871794871796,4996.799999999999,5390.71,-393.91000000000076,748.66,0.0,6.0,-0.12528172000005725,0.9942339525473605,0.02180721604528761,10.40540170930232,68.0,22.0,46.0,32.35294117647059,2162.2599999999998,2174.8,-12.540000000000418,332.61,0.0,3.0,0.09375137064346786,,,,,,,
1a_broad,100,-1.048013572713527,False,49,20,78.0,25.0,10,5,3.0,16,39,1.1,3.0,1.0,0.015,0.5,-2.722256094000313,0.9765082423131303,-0.05571569030820562,17.897164927672154,264.0,68.0,196.0,25.757575757575758,11313.18,11585.34,-272.15999999999985,1365.63,0.0,4.0,-7.687139736500176,0.8568131481250358,-0.7524320057979171,16.026535962222955,127.0,36.0,91.0,28.346456692913385,4599.69,5368.370000000001,-768.6800000000012,599.55,0.0,4.0,0.2880814362811613,,,,,,,
1a_broad,101,-1.0250218957624297,False,58,20,78.0,26.0,8,5,2.8,18,43,1.2000000000000002,2.7,1.0,0.015,0.5,-0.25991901850027715,0.9969846065381057,0.052276388801566445,13.106582417033957,207.0,60.0,147.0,28.985507246376812,8599.73,8625.74,-26.01000000000022,1037.29,0.0,6.0,-3.559330034000195,0.9324641717479482,-0.318759746524114,14.035138478648756,116.0,37.0,79.0,31.896551724137932,4914.999999999999,5270.98,-355.9800000000005,567.08,0.0,3.0,0.15013137457457792,,,,,,,
1a_broad,102,-1.0094551440287582,False,63,19,77.0,27.0,9,6,3.0,18,44,1.3,2.6,1.0,0.015,0.5,-0.9257051590001902,0.9898706755071229,0.013986861995975475,17.20406955278783,215.0,64.0,151.0,29.767441860465116,9047.220000000001,9139.8,-92.57999999999811,1113.94,0.0,6.0,0.006355993499855685,1.000152496788325,0.07602650239045529,14.330003003243464,97.0,32.0,65.0,32.98969072164948,4328.62,4327.96,0.6599999999998545,459.88,0.0,3.0,0.056730864172549494,,,,,,,
1a_broad,103,0.14194843976423369,True,53,20,79.0,24.0,10,5,3.1,18,45,1.2000000000000002,2.9000000000000004,1.0,0.015,0.5,5.911483234499829,1.0532631231804335,0.3581757096486846,12.54575347142874,242.0,69.0,173.0,28.512396694214875,11689.230000000001,11098.11,591.1200000000008,1291.31,0.0,6.0,5.758666098999875,1.113653454071049,0.668661790060813,15.144820641262067,114.0,37.0,77.0,32.45614035087719,5642.469999999999,5066.63,575.8399999999992,569.97,0.0,4.0,,0.017275998296999624,0.028413363517762247,-0.0008275465214975242,0.09047619047619049,0.005911483234499829,0.0026631561590216737,-0.001964205398742655
1a_broad,104,-1.0592650433788637,False,45,18,79.0,24.0,10,5,3.1,17,42,0.7,2.9000000000000004,1.0,0.015,0.5,-6.117913148500247,0.9527768406571563,-0.18818897621804578,16.836955318022124,315.0,82.0,233.0,26.03174603174603,12341.69,12953.39,-611.6999999999989,1552.76,0.0,8.0,-6.7218289405000355,0.8114475186476621,-0.814024005742133,17.280832588508098,83.0,21.0,62.0,25.301204819277107,2892.6399999999994,3564.79,-672.1500000000005,395.25,0.0,6.0,0.35559026027318186,,,,,,,
1a_broad,105,-1.0511081405583573,False,55,20,80.0,25.0,11,6,2.7,19,45,1.0,3.0,1.0,0.015,0.5,12.91972934699972,1.1320064203489506,0.670158990404561,10.36501032492577,235.0,69.0,166.0,29.361702127659573,11079.659999999998,9787.63,1292.0299999999988,1259.42,0.0,8.0,-9.45654964300018,0.8273124857338509,-1.0085744079612644,16.48982897325351,124.0,34.0,90.0,27.419354838709676,4530.57,5476.249999999999,-945.6799999999994,583.84,0.0,6.0,0.30664884335014386,,,,,,,
1a_broad,106,-1.0197697945593316,False,53,21,76.0,28.0,10,5,2.9000000000000004,18,40,1.5,2.8,1.0,0.015,0.5,7.287209115500009,1.078492095208653,0.44714925014443413,10.947030435323214,216.0,60.0,156.0,27.77777777777778,10012.300000000003,9283.61,728.6900000000023,1125.22,0.0,4.0,-2.2556748495001373,0.9491348801959631,-0.18701103713129064,15.49687366920642,99.0,28.0,71.0,28.282828282828284,4207.9800000000005,4433.49,-225.5099999999993,471.11,0.0,2.0,0.11861876735598889,,,,,,,
1a_broad,107,-1.0468671969374523,False,66,19,79.0,22.0,7,6,2.5,19,42,1.3,2.9000000000000004,1.0,0.015,0.5,15.66492014949963,1.2109436858689506,0.8904420125487088,12.311207860142343,174.0,52.0,122.0,29.885057471264368,8992.710000000001,7426.2,1566.5100000000011,974.37,0.0,6.0,-7.299004743500081,0.8313762091008011,-0.826860973571561,15.892363558200604,97.0,26.0,71.0,26.804123711340207,3598.7200000000007,4328.63,-729.9099999999994,449.7,0.0,3.0,0.281203181624714,,,,,,,
1a_broad,108,-1.0200899569455852,False,45,21,80.0,30.0,9,6,3.2,17,44,1.1,3.3000000000000003,1.0,0.015,0.5,16.262889431499733,1.1481702506054217,0.7735253930182803,12.501808068589243,236.0,62.0,174.0,26.271186440677965,12602.109999999999,10975.82,1626.289999999999,1330.54,0.0,6.0,-2.576797591000104,0.9504896459483144,-0.1834172038975721,15.717307910414585,115.0,32.0,83.0,27.82608695652174,4946.12,5203.759999999999,-257.6399999999994,555.21,0.0,4.0,0.12053974167351114,,,,,,,
1a_broad,109,0.08177676384007346,True,70,18,78.0,25.0,11,4,2.7,18,46,1.3,3.1,1.0,0.015,0.5,15.394208636499663,1.1694063816394713,0.8303873614235536,14.864175474051633,197.0,58.0,139.0,29.441624365482234,10626.77,9087.32,1539.4500000000007,1115.78,0.0,6.0,6.269058993999861,1.1489395570063836,0.7088841996221327,15.976626982866799,89.0,27.0,62.0,30.337078651685392,4835.99,4209.09,626.8999999999996,430.88,0.0,3.0,,0.018807176981999584,0.037234889251595904,-0.0055807256163817095,0.07063492063492065,0.015394208636499663,0.008470319081973566,-0.0631840251305342
1a_broad,110,0.025898668484139385,True,69,20,76.0,25.0,10,4,2.9000000000000004,16,46,1.3,3.1,1.0,0.015,0.5,9.96040306899973,1.1092018042237435,0.5721032602574934,13.4090273444866,206.0,58.0,148.0,28.155339805825243,10116.830000000004,9120.82,996.0100000000039,1104.2,0.0,6.0,2.9357931909998296,1.067481941306661,0.3779845683468502,16.13924308698533,92.0,27.0,65.0,29.347826086956523,4644.71,4351.09,293.6199999999999,436.72,0.0,3.0,,0.008807379572999489,0.01687048532666524,-0.006509960497059037,0.07301587301587302,0.00996040306899973,0.005460090211187174,-0.08170560221452623
1a_broad,111,-1.0512429785323285,False,76,18,78.0,26.0,11,5,2.7,18,45,1.2000000000000002,3.0,1.0,0.015,0.5,-8.405783169000097,0.9280328000780794,-0.36340177449439987,25.5190814934105,248.0,60.0,188.0,24.193548387096776,10839.850000000002,11680.46,-840.609999999997,1288.84,0.0,5.0,-5.589907223000137,0.8741239843623326,-0.5709959075270655,16.403399450744633,99.0,27.0,72.0,27.272727272727273,3881.6,4440.56,-558.9600000000005,461.73,0.0,3.0,0.3074578711939713,,,,,,,
1a_broad,112,-1.0015826403427348,False,60,19,79.0,26.0,12,4,2.8,19,46,1.3,3.2,1.0,0.015,0.5,11.048904671999772,1.1211625091564648,0.626521524141232,13.725434044135682,194.0,56.0,138.0,28.8659793814433,10224.15,9119.24,1104.9099999999999,1084.41,0.0,6.0,1.8487448889999543,1.0400293658407704,0.26703317018315786,15.008345570128345,94.0,28.0,66.0,29.78723404255319,4802.45,4617.61,184.84000000000015,455.63,0.0,3.0,0.009495842056409149,,,,,,,
1a_broad,113,-1.0502055455019708,False,53,17,77.0,23.0,11,5,2.4000000000000004,18,48,1.4,2.9000000000000004,1.0,0.015,0.5,12.76370443999982,1.1563330201863449,0.7755554899170048,8.081847834861284,207.0,59.0,148.0,28.502415458937197,9440.8,8164.43,1276.369999999999,1079.21,0.0,5.0,-7.776555782000195,0.8153588990485869,-0.9587448291133784,15.092079713718853,95.0,27.0,68.0,28.42105263157895,3433.9900000000002,4211.63,-777.6399999999999,445.93,0.0,3.0,0.30123327301182395,,,,,,,
1a_broad,114,0.06858503173128928,True,70,20,80.0,24.0,9,4,2.6,19,44,1.2000000000000002,3.1,1.0,0.015,0.5,10.586506000999853,1.1065070243427382,0.5901565330830851,16.024956057837265,211.0,58.0,153.0,27.488151658767773,10998.37,9939.72,1058.6500000000015,1177.1,0.0,6.0,4.880192858499722,1.1097674000089979,0.5691716600439244,16.51745034798668,94.0,28.0,66.0,29.78723404255319,4933.36,4445.400000000001,487.9599999999991,454.08,0.0,3.0,,0.014640578575499165,0.027441850002249468,-0.00867114484563818,0.0746031746031746,0.010586506000999854,0.005325351217136909,-0.055341283822132534
1a_broad,115,-1.0305527025528407,False,64,19,78.0,28.0,12,6,3.2,18,48,1.4,3.0,1.0,0.015,0.5,0.8387060959997142,1.010610341350345,0.11075609728121538,15.604606233133248,174.0,47.0,127.0,27.011494252873565,7987.470000000001,7903.61,83.86000000000149,904.76,0.0,5.0,-4.081587391500106,0.9003746415278541,-0.3862959683498606,17.234912933495433,87.0,24.0,63.0,27.586206896551722,3689.0599999999995,4097.249999999999,-408.1899999999996,399.71,0.0,3.0,0.18331621531704484,,,,,,,
1a_broad,116,-1.004871157811378,False,60,18,79.0,26.0,10,4,3.1,20,42,1.5,3.2,1.0,0.015,0.5,2.1747078370000055,1.0216560090969373,0.1793198493493064,13.33487015342133,216.0,57.0,159.0,26.38888888888889,10260.429999999998,10042.940000000002,217.48999999999614,1106.13,0.0,3.0,0.8550660504998814,1.0193117057883188,0.1686750616299787,15.88634056155521,88.0,23.0,65.0,26.136363636363637,4514.45,4428.919999999999,85.53000000000065,426.11,0.0,2.0,0.029226946868267892,,,,,,,
1a_broad,117,0.0501116140317731,True,55,17,77.0,25.0,10,5,3.0,17,47,1.3,2.9000000000000004,1.0,0.015,0.5,11.698454402499829,1.1188039074901008,0.6397973816204662,9.170513321513882,222.0,65.0,157.0,29.27927927927928,11016.56,9846.73,1169.83,1203.32,0.0,7.0,3.671791604999871,1.0773644100115674,0.4678598807365178,15.643539930163092,106.0,34.0,72.0,32.075471698113205,5113.29,4746.11,367.1800000000003,522.83,0.0,3.0,,0.011015374814999613,0.019341102502891838,-0.003677371029503383,0.08412698412698413,0.011698454402499829,0.005940195374505042,-0.07833312616060398
1a_broad,118,-1.0085508498725007,False,74,19,79.0,29.0,11,5,3.5,19,45,0.9,2.8,1.0,0.015,0.5,-5.130509923500394,0.9518628819780665,-0.1869675106802328,18.167003998746093,248.0,67.0,181.0,27.016129032258064,10144.65,10657.68,-513.0300000000007,1254.04,0.0,8.0,4.903255990499856,1.1135899770415314,0.5719933114439021,12.299964215937722,96.0,29.0,67.0,30.208333333333332,4806.799999999999,4316.49,490.3099999999995,477.43,0.0,5.0,0.05130509923500395,,,,,,,
1a_broad,119,-1.0025608863651776,False,92,20,78.0,28.0,9,4,3.0,18,29,1.1,2.6,1.0,0.015,0.5,-0.49826452600020277,0.9957568729108397,0.047954646153975815,12.372783114561031,270.0,82.0,188.0,30.37037037037037,11677.44,11727.2,-49.76000000000022,1357.38,0.0,5.0,1.794035159999894,1.0390981934223833,0.26601067280089435,12.250797295845379,103.0,31.0,72.0,30.097087378640776,4767.05,4587.68,179.3699999999999,498.91,0.0,3.0,0.015365318191065595,,,,,,,
1a_broad,120,0.023257721946833666,True,89,19,66.0,24.0,8,7,3.4000000000000004,20,43,1.2000000000000002,3.1,1.0,0.015,0.5,13.060742365999722,1.112004802435521,0.6684285259443338,11.275229852544506,237.0,68.0,169.0,28.69198312236287,12966.81,11660.75,1306.0599999999995,1305.8799999999999,0.0,5.0,2.848297206499883,1.0646018040331051,0.38123852409878367,12.221953693798099,96.0,26.0,70.0,27.083333333333332,4693.840000000001,4409.01,284.83000000000084,472.42,0.0,2.0,,0.008544891619499648,0.01615045100827628,-0.0,0.0761904761904762,0.013060742365999724,0.005600240121776046,-0.09628907935919423
1a_broad,121,-1.0464982720723734,False,72,20,80.0,23.0,9,4,2.1,19,44,1.2000000000000002,3.1,1.0,0.015,0.5,-6.643458497000119,0.9345057640566973,-0.29050902210081336,16.85182983839886,236.0,59.0,177.0,25.0,9478.720000000001,10143.029999999999,-664.3099999999977,1143.23,0.0,6.0,-5.173869843000175,0.8811428335140502,-0.5105175778761242,18.978673068648106,93.0,24.0,69.0,25.806451612903224,3835.65,4353.039999999999,-517.389999999999,431.07,0.0,2.0,0.2789896324342409,,,,,,,
1a_broad,122,-1.0251084063825684,False,67,21,80.0,24.0,10,5,2.6,19,41,1.2000000000000002,3.0,1.0,0.015,0.5,3.870291655999754,1.034117972665429,0.264856257400113,17.70838092611357,255.0,67.0,188.0,26.274509803921568,11732.42,11345.34,387.0799999999999,1365.37,0.0,6.0,-3.3244620100002975,0.9267238908948229,-0.29843695726334657,15.22766518534624,99.0,28.0,71.0,28.282828282828284,4204.12,4536.54,-332.4200000000001,472.46,0.0,3.0,0.1506504382954098,,,,,,,
1a_broad,123,0.07770843104149536,True,70,20,80.0,25.0,9,4,2.8,18,43,1.3,2.8,1.0,0.015,0.5,7.2819003624998,1.0788760191641313,0.44548585773160615,13.832352901575263,209.0,63.0,146.0,30.14354066985646,9960.000000000002,9231.83,728.1700000000019,1115.06,0.0,6.0,4.148834311999817,1.0930827374688978,0.5114682048079511,15.893353093842025,97.0,32.0,65.0,32.98969072164948,4871.99,4457.110000000001,414.8799999999992,465.25,0.0,3.0,,0.01244650293599945,0.02327068436722446,-0.0051048748219544296,0.07698412698412699,0.007281900362499801,0.003943800958206567,-0.04111370974460747
1a_broad,124,-1.0350245759234256,False,78,19,79.0,27.0,8,5,2.8,18,46,1.4,2.8,1.0,0.015,0.5,-3.181444121000331,0.961477555309654,-0.12197701875694379,16.808730237912535,185.0,53.0,132.0,28.64864864864865,7941.669999999999,8259.86,-318.1900000000014,947.22,0.0,5.0,-3.9420984515000783,0.904142368693673,-0.38334981522346995,16.494071431904416,90.0,26.0,64.0,28.88888888888889,3717.96,4112.139999999999,-394.1799999999994,418.02,0.0,2.0,0.21014745554055364,,,,,,,
1a_broad,125,0.016072361557710458,True,69,20,78.0,25.0,11,4,2.7,17,43,1.3,2.9000000000000004,1.0,0.015,0.5,15.869616822499758,1.1712127701580841,0.8590134832514513,12.425129719271109,209.0,62.0,147.0,29.66507177033493,10856.1,9269.11,1586.9899999999998,1174.44,0.0,6.0,2.7911393634998243,1.0642458422052141,0.37398017729959787,15.674634346352075,96.0,30.0,66.0,31.25,4623.35,4344.249999999999,279.1000000000013,458.63,0.0,3.0,,0.008373418090499471,0.01606146055130353,-0.003855053407726144,0.0761904761904762,0.01586961682249976,0.008560638507904205,-0.10512819519724656
1a_broad,126,-1.306122448979592,False,82,21,80.0,27.0,10,6,1.3,18,45,1.5,2.8,1.0,0.015,0.5,2.1199711064999973,4.013790162069945,0.6254692991832852,1.7022380199780025,2.0,1.0,1.0,50.0,282.33,70.34,211.98999999999998,10.23,0.0,0.0,2.542060580000016,2.496967198633767,1.0069402519280755,2.5069898641420214,6.0,3.0,3.0,50.0,424.01,169.81,254.2,30.04,0.0,0.0,1.836734693877551,,,,,,,
1a_broad,127,-1.00316714457986,False,84,20,79.0,26.0,9,5,3.3000000000000003,17,41,1.3,3.0,1.0,0.015,0.5,1.0726019444998565,1.0115089500337648,0.12392615142959351,15.509254778562745,199.0,55.0,144.0,27.63819095477387,9421.690000000002,9314.49,107.20000000000255,1048.48,0.0,5.0,1.2448966604999987,1.0300469891468826,0.20802746735180302,13.826079759821589,89.0,24.0,65.0,26.96629213483146,4268.01,4143.51,124.5,424.25,0.0,3.0,0.01900286747915943,,,,,,,
1a_broad,128,-1.0029762620347122,False,74,18,77.0,22.0,12,4,3.1,18,47,1.4,3.3000000000000003,1.0,0.015,0.5,4.79082494399976,1.0515943021710425,0.31069516653367235,19.367297745661887,187.0,51.0,136.0,27.272727272727273,9763.99,9284.94,479.0499999999993,1037.19,0.0,6.0,1.2994641004999539,1.0312495491813136,0.21276901888323152,16.71340631759354,81.0,22.0,59.0,27.160493827160494,4289.070000000001,4159.099999999999,129.97000000000116,384.59,0.0,3.0,0.017857572208272787,,,,,,,
1a_broad,129,-1.0115826342558336,False,78,19,78.0,25.0,7,12,2.9000000000000004,19,48,1.6,3.1,1.0,0.015,0.5,-6.949580553500109,0.8880296564090419,-0.4409496449475808,20.164342590434575,141.0,31.0,110.0,21.98581560283688,5512.079999999999,6207.089999999999,-695.0100000000002,695.18,0.0,3.0,3.3255606674999765,1.1560107341240053,0.5691808514275064,9.832399237337263,46.0,12.0,34.0,26.08695652173913,2464.06,2131.52,332.53999999999996,229.32,0.0,2.0,0.06949580553500109,,,,,,,
1a_broad,130,0.08743131016525728,True,64,20,79.0,29.0,8,5,3.2,20,40,1.3,2.7,1.0,0.015,0.5,7.257932423999628,1.0787824840971754,0.44335218628528916,12.227361122562636,200.0,60.0,140.0,30.0,9937.96,9212.2,725.7599999999984,1076.75,0.0,6.0,4.43117133699976,1.0989816591428425,0.5402766330635421,15.301147409568525,96.0,32.0,64.0,33.333333333333336,4920.02,4476.89,443.1300000000001,466.1,0.0,3.0,,0.013293514010999279,0.02474541478571063,-0.0017208423403915726,0.0761904761904762,0.007257932423999628,0.003939124204858768,-0.036274309110395656
1a_broad,131,0.09655573650051417,True,65,20,79.0,29.0,8,5,3.2,20,38,1.3,2.7,1.0,0.015,0.5,4.505523716499757,1.0494384414638054,0.3063563544792582,12.89856411924662,204.0,61.0,143.0,29.901960784313726,9562.63,9112.14,450.4899999999998,1077.4,0.0,5.0,3.589079936499711,1.0789464423182666,0.4538507920520286,15.301147409568525,98.0,32.0,66.0,32.6530612244898,4905.43,4546.500000000001,358.9299999999994,474.82,0.0,2.0,,0.010767239809499132,0.01973661057956666,-0.0017208423403915726,0.07777777777777778,0.004505523716499757,0.0024719220731902695,-0.016982495115627855
1a_broad,132,0.020114255395556183,True,63,21,79.0,31.0,8,5,3.2,20,37,1.3,2.5,1.0,0.015,0.5,0.8837449969997943,1.0092859423309584,0.11341462361935936,14.274388580984192,220.0,66.0,154.0,30.0,9610.34,9521.92,88.42000000000007,1137.76,0.0,5.0,3.8185137434998255,1.083079132307826,0.4819955737594992,14.953409736884723,101.0,36.0,65.0,35.64356435643565,4977.94,4596.1,381.83999999999924,500.67,0.0,2.0,,0.011455541230499475,0.020769783076956483,-0.0,0.08015873015873017,0.0008837449969997942,0.0004642971165479182,-0.09361784118417765
1a_broad,133,-1.0053328108108741,False,57,20,78.0,28.0,8,5,3.1,20,38,1.3,2.7,1.0,0.015,0.5,-0.036252186500314566,0.9995780847862059,0.0631065961771781,11.798341942915332,198.0,56.0,142.0,28.282828282828284,8528.919999999998,8532.52,-3.600000000002183,997.28,0.0,6.0,0.824351975999798,1.0167839398497465,0.1657823467437548,14.668234170832475,107.0,35.0,72.0,32.71028037383178,4995.49,4913.03,82.46000000000004,520.7,0.0,2.0,0.03199686486524465,,,,,,,
1a_broad,134,0.07288790945478521,True,61,20,79.0,27.0,8,6,3.4000000000000004,20,36,1.2000000000000002,2.8,1.0,0.015,0.5,7.432568690999597,1.0759259372759087,0.44138819671317037,13.087619117164731,214.0,64.0,150.0,29.906542056074766,10532.82,9789.54,743.2799999999988,1157.86,0.0,6.0,3.6961046219998206,1.076749440353522,0.4595185298538037,14.543631394868667,103.0,33.0,70.0,32.03883495145631,5185.13,4815.540000000001,369.58999999999924,506.11,0.0,4.0,,0.01108831386599946,0.019187360088380512,-0.0,0.08174603174603175,0.0074325686909995975,0.0037962968637954343,-0.050362661800421545
1a_broad,135,-1.0082509538104085,False,65,21,78.0,30.0,7,4,2.8,19,40,1.3,2.6,1.0,0.015,0.5,-0.6967411415002607,0.9926344184296972,0.027938432817438148,16.094811882314662,216.0,64.0,152.0,29.62962962962963,9394.58,9464.29,-69.71000000000095,1111.75,0.0,6.0,0.2418195479998576,1.005334772980179,0.10334622068319803,15.116409572580444,98.0,32.0,66.0,32.6530612244898,4562.36,4538.150000000001,24.209999999999127,468.56,0.0,3.0,0.04950572286245129,,,,,,,
1a_broad,136,-1.014040071534167,False,52,19,77.0,29.0,9,5,3.2,20,35,1.4,2.7,1.0,0.015,0.5,-8.424042920500233,0.9169061874278724,-0.4056022235003279,17.254798601990952,245.0,62.0,183.0,25.306122448979593,9295.869999999999,10138.3,-842.4300000000003,1182.74,0.0,4.0,4.205054588499879,1.0905486885740128,0.5271909392913183,14.737016895689953,106.0,36.0,70.0,33.9622641509434,5064.29,4643.799999999999,420.4900000000007,520.52,0.0,3.0,0.08424042920500233,,,,,,,
1a_broad,137,0.08427187770886053,True,68,20,79.0,26.0,9,5,3.3000000000000003,18,39,1.1,2.9000000000000004,1.0,0.015,0.5,9.780760828499787,1.0927053443711061,0.5430233837318952,11.064115882663227,240.0,69.0,171.0,28.75,11527.200000000003,10549.23,977.970000000003,1275.53,0.0,6.0,5.0128361389997735,1.1018798742278977,0.581840695327725,16.681704140579107,110.0,33.0,77.0,30.0,5421.259999999999,4920.01,501.2499999999991,533.38,0.0,4.0,,0.015038508416999321,0.02546996855697442,-0.009609737946166328,0.08730158730158731,0.009780760828499787,0.004635267218555306,-0.04834447666758928
1a_broad,138,-1.0357383289496969,False,68,20,79.0,26.0,9,6,3.0,6,38,1.0,2.9000000000000004,1.0,0.015,0.5,0.5027480269998705,1.0047792087310856,0.09433790149614066,21.79517609054379,285.0,71.0,214.0,24.912280701754387,10570.849999999997,10520.57,50.27999999999702,1519.95,0.0,6.0,-5.860486928000118,0.8863836403609109,-0.6314686093722696,17.70711602603548,146.0,40.0,106.0,27.397260273972602,4572.02,5158.06,-586.04,685.84,0.0,5.0,0.21442997369818134,,,,,,,
1a_broad,139,-1.0074347617271626,False,141,20,80.0,28.0,9,4,3.3000000000000003,19,39,1.1,2.5,1.0,0.015,0.5,3.2952618449998408,1.036244940161915,0.24086529420184472,9.668607920068187,193.0,63.0,130.0,32.64248704663213,9420.710000000001,9091.2,329.5100000000002,977.43,0.0,1.0,0.13234368199995514,1.0031610011188752,0.09052777047853647,12.71891834577483,80.0,23.0,57.0,28.75,4204.96,4191.71,13.25,380.91,0.0,1.0,0.04460857036297605,,,,,,,
1a_broad,140,-1.0083992805516673,False,60,19,79.0,26.0,10,5,2.9000000000000004,18,40,1.1,2.7,1.0,0.015,0.5,-5.039568331000319,0.9455388255887452,-0.19869477921994103,15.971186790248773,228.0,67.0,161.0,29.385964912280702,8750.82,9254.85,-504.03000000000065,1119.25,0.0,6.0,4.224380782499847,1.0841325326401958,0.5190268421269253,14.041386985575555,114.0,40.0,74.0,35.08771929824562,5443.049999999999,5020.65,422.39999999999964,575.44,0.0,4.0,0.050395683310003186,,,,,,,
1a_broad,141,0.1489335457839082,True,70,20,79.0,25.0,8,5,3.5,18,41,1.2000000000000002,2.9000000000000004,1.0,0.015,0.5,7.892881911999666,1.0770796205244888,0.45749315376227395,12.183411715984631,223.0,65.0,158.0,29.14798206278027,11029.78,10240.449999999999,789.3300000000017,1194.71,0.0,6.0,7.601912108999877,1.1616537116000127,0.8462854519972053,16.007191683050625,104.0,33.0,71.0,31.73076923076923,5462.27,4702.150000000001,760.1199999999999,512.96,0.0,3.0,,0.02280573632699963,0.040413427900003185,-0.005755381046003569,0.08253968253968254,0.007892881911999666,0.0038539810262244404,-0.002816782874997705
1a_broad,142,0.12472014691307913,True,71,20,80.0,27.0,9,5,3.5,18,41,1.2000000000000002,2.8,1.0,0.015,0.5,5.568648090499737,1.0553313342196198,0.34946556343398244,11.911238597529577,225.0,66.0,159.0,29.333333333333332,10621.339999999998,10064.460000000003,556.8799999999956,1186.2,0.0,7.0,7.76951324199983,1.1693183502314592,0.8600243992258426,15.53792428232232,99.0,33.0,66.0,33.333333333333336,5365.16,4588.28,776.8800000000001,485.67,0.0,4.0,,0.02330853972599949,0.04232958755786481,-0.0030738530418418317,0.07857142857142857,0.005568648090499738,0.002766566710980989,-0.02475077070185263
1a_broad,143,-0.02270699695422141,True,72,20,80.0,29.0,8,6,3.6,19,39,1.1,2.8,1.0,0.015,0.5,0.0012501214999065269,1.000009750760803,0.07053462413718084,11.615263623679262,242.0,70.0,172.0,28.925619834710744,10255.71,10255.61,0.09999999999854481,1207.92,0.0,7.0,6.1714649029998325,1.1334038064108882,0.6958253905812445,15.838874437509293,101.0,32.0,69.0,31.683168316831683,5242.99,4625.88,617.1099999999997,493.04,0.0,4.0,,0.018514394708999498,0.033350951602722056,-0.004793568214338819,0.08015873015873017,1.250121499906527e-06,4.875380401503371e-07,-0.14993924286987437
1a_broad,144,-1.0176836220837049,False,66,19,80.0,27.0,9,4,3.5,17,37,1.0,2.6,1.0,0.015,0.5,0.4296602954996706,1.0038043612957135,0.09354754414293287,12.273139776869986,276.0,85.0,191.0,30.797101449275363,11340.539999999999,11297.559999999998,42.98000000000138,1396.81,0.0,6.0,-2.0297058145001756,0.959905091924911,-0.13115953794995855,16.486138299412165,116.0,34.0,82.0,29.310344827586206,4858.79,5061.740000000001,-202.95000000000073,547.62,0.0,5.0,0.10610173250222939,,,,,,,
1a_broad,145,0.12917853148666206,True,71,19,79.0,25.0,10,5,3.5,19,40,1.2000000000000002,2.9000000000000004,1.0,0.015,0.5,5.896428994999733,1.05843211759564,0.3634659135685503,12.79973547011416,220.0,63.0,157.0,28.636363636363637,10679.76,10090.170000000002,589.5899999999983,1169.06,0.0,7.0,7.011035135999828,1.1565875405383674,0.7832501479566019,15.673851362326538,97.0,31.0,66.0,31.95876288659794,5178.32,4477.24,701.0799999999999,471.58,0.0,4.0,,0.021033105407999485,0.03914688513459186,-0.003850579213294501,0.07698412698412699,0.005896428994999733,0.0029216058797819967,-0.012953041701543504
1a_broad,146,0.04285172900525437,True,71,20,79.0,25.0,10,6,3.6,20,40,1.2000000000000002,2.7,1.0,0.015,0.5,1.6750383789997432,1.0167163237267558,0.15502948606672398,12.28551316880528,225.0,66.0,159.0,29.333333333333332,10182.78,10015.359999999999,167.4200000000019,1159.5,0.0,7.0,4.207493677999792,1.0929816807725454,0.512462438533507,16.38871424215568,97.0,31.0,66.0,31.95876288659794,4946.07,4525.3,420.7699999999995,469.57,0.0,4.0,,0.012622481033999376,0.023245420193136357,-0.007935509955175307,0.07698412698412699,0.0016750383789997433,0.00083581618633779,-0.06457564381617058
1a_broad,147,0.11235699873648736,True,63,20,79.0,27.0,10,5,3.5,19,42,1.2000000000000002,2.8,1.0,0.015,0.5,7.396128406499647,1.0759250533067646,0.4386924492756682,11.895298423048335,215.0,64.0,151.0,29.767441860465116,10480.36,9740.79,739.5699999999997,1142.74,0.0,6.0,5.315801698999803,1.1120756364004394,0.6223236214980642,14.292345808714444,103.0,34.0,69.0,33.00970873786408,5274.23,4742.69,531.54,505.94,0.0,3.0,,0.01594740509699941,0.028018909100109846,-0.0,0.08174603174603175,0.007396128406499647,0.003796252665338229,-0.02454772827849152
1a_broad,148,0.037332813912193244,True,64,19,79.0,28.0,10,6,3.5,19,41,1.1,2.9000000000000004,1.0,0.015,0.5,12.29367973849965,1.1253180402198553,0.6514146336995223,12.750710829047366,213.0,65.0,148.0,30.516431924882628,11039.46,9810.080000000002,1229.3799999999974,1159.65,0.0,6.0,3.33668303099972,1.070830069397122,0.4164456015232075,15.828222462770261,103.0,31.0,72.0,30.097087378640776,5044.22,4710.57,333.65000000000055,499.31,0.0,4.0,,0.01001004909299916,0.0177075173492805,-0.004732699787258637,0.08174603174603175,0.01229367973849965,0.006265902010992763,-0.08595766623835194
1a_broad,149,0.029441191637300034,True,68,21,79.0,30.0,11,5,3.4000000000000004,20,41,1.2000000000000002,2.8,1.0,0.015,0.5,1.3062863779997496,1.0131669160438954,0.13617331443149322,16.243791826350904,223.0,61.0,162.0,27.3542600896861,10048.629999999997,9918.04,130.5899999999965,1159.51,0.0,6.0,4.350173028499812,1.0908306972762483,0.5240998022650016,16.76792856586111,104.0,33.0,71.0,31.73076923076923,5224.37,4789.35,435.0199999999995,503.71,0.0,3.0,,0.013050519085499437,0.022707674319062066,-0.010102448947777764,0.08253968253968254,0.0013062863779997498,0.0006583458021947709,-0.08071886753936076
1a_broad,150,-1.0387507932944335,False,57,19,79.0,27.0,10,5,3.5,19,39,1.2000000000000002,4.0,1.0,0.015,0.5,7.729500802499806,1.1022277767858912,0.4198515057830305,13.596244358690472,140.0,34.0,106.0,24.285714285714285,8334.33,7561.350000000001,772.9799999999987,773.36,0.0,7.0,-5.652414685500171,0.8652203564428208,-0.45027466956113604,14.805279145880359,71.0,13.0,58.0,18.309859154929576,3628.4400000000005,4193.660000000001,-565.2200000000003,341.2,0.0,3.0,0.23250475976660098,,,,,,,
1a_broad,151,0.10434324172139639,True,70,20,80.0,27.0,10,4,3.7,19,43,1.2000000000000002,2.8,1.0,0.015,0.5,4.137030283499699,1.0407477128973184,0.2772228821755927,13.54359053761831,223.0,65.0,158.0,29.14798206278027,10565.14,10151.490000000002,413.6499999999978,1161.29,0.0,6.0,5.673263360499805,1.1198299882335294,0.6561947482701133,16.375332802929627,104.0,34.0,70.0,32.69230769230769,5301.039999999999,4733.79,567.2499999999991,508.05,0.0,3.0,,0.017019790081499415,0.029957497058382354,-0.007859044588169299,0.08253968253968254,0.004137030283499698,0.002037385644865919,-0.02348909929836424
1a_broad,152,0.05169070065868802,True,63,20,80.0,27.0,10,5,3.7,19,38,1.2000000000000002,2.9000000000000004,1.0,0.015,0.5,7.3143098719997575,1.074954831979061,0.43323745950112014,12.201470027344065,212.0,62.0,150.0,29.245283018867923,10489.419999999998,9758.010000000002,731.4099999999962,1134.05,0.0,6.0,3.0323679589997665,1.0657484165172273,0.3897195398644822,15.383877088128642,100.0,31.0,69.0,31.0,4914.880000000001,4611.669999999999,303.21000000000186,483.8,0.0,3.0,,0.009097103876999298,0.016437104129306823,-0.0021935833607350983,0.07936507936507936,0.007314309871999759,0.0037477415989530475,-0.06207705482291517
1a_broad,153,-1.0005894333680336,False,66,20,80.0,28.0,11,4,3.7,19,41,1.1,2.7,1.0,0.015,0.5,6.276366509499785,1.0633654789740856,0.3763443794650202,12.396746374828266,223.0,70.0,153.0,31.390134529147982,10532.55,9904.919999999998,627.630000000001,1168.75,0.0,6.0,2.2385445514996536,1.046286569781388,0.3089021826182472,15.555829703068822,107.0,33.0,74.0,30.8411214953271,5059.8,4835.96,223.84000000000015,518.47,0.0,4.0,0.0035366002082020437,,,,,,,
1a_broad,154,-1.0144972125241671,False,76,20,79.0,29.0,10,5,3.6,20,22,1.2000000000000002,2.9000000000000004,1.0,0.015,0.5,-8.698327514500233,0.915136963514446,-0.39296365531998867,18.165578747244822,235.0,61.0,174.0,25.95744680851064,9379.980000000001,10249.809999999998,-869.8299999999963,1165.23,0.0,5.0,2.5150728364998756,1.0526367551234785,0.34725945168044864,13.020726094786689,108.0,32.0,76.0,29.62962962962963,5030.530000000001,4778.98,251.5500000000011,533.32,0.0,4.0,0.08698327514500233,,,,,,,
1a_broad,155,-1.000112033840483,False,69,21,78.0,26.0,7,5,3.4000000000000004,19,42,1.0,2.8,1.0,0.015,0.5,2.571091143999565,1.0249866611464709,0.19827010878564152,12.294971930292526,233.0,69.0,164.0,29.613733905579398,10546.590000000002,10289.490000000002,257.10000000000036,1202.33,0.0,6.0,2.4483507339998143,1.0492941868049575,0.3276484756019139,17.357477100093767,111.0,33.0,78.0,29.72972972972973,5212.18,4967.319999999999,244.8600000000015,534.16,0.0,5.0,0.0006722030428977073,,,,,,,
1a_broad,156,0.05180706477770789,True,72,19,80.0,27.0,8,4,3.3000000000000003,18,40,1.1,3.2,1.0,0.015,0.5,2.0779365904997396,1.0192232607283693,0.17331285038549993,17.054780877124397,229.0,61.0,168.0,26.637554585152838,11016.030000000002,10808.259999999998,207.77000000000407,1196.85,0.0,7.0,7.362223891499835,1.168449087739048,0.783661739577789,15.645434743194485,91.0,28.0,63.0,30.76923076923077,5106.66,4370.46,736.1999999999998,440.9,0.0,4.0,,0.022086671674499504,0.042112271934762024,-0.003688198532539917,0.07222222222222223,0.0020779365904997397,0.0009611630364184665,-0.08396500214815415
1a_broad,157,-1.0031129280722884,False,62,20,79.0,28.0,10,6,3.5,20,42,1.2000000000000002,3.0,1.0,0.015,0.5,7.726486315999701,1.0780431537247912,0.4480588057136221,12.938600273592677,207.0,59.0,148.0,28.502415458937197,10673.079999999998,9900.42,772.659999999998,1125.32,0.0,6.0,1.4166697339998247,1.0303885531445829,0.22427042948960332,15.485759656129986,96.0,29.0,67.0,30.208333333333332,4804.64,4662.939999999999,141.70000000000164,461.90000000000003,0.0,3.0,0.018677568433730626,,,,,,,
1a_broad,158,-1.0227530341206872,False,74,20,78.0,24.0,11,5,3.3000000000000003,19,43,1.2000000000000002,2.6,1.0,0.015,0.5,-9.224341009500204,0.9072240125848411,-0.4620129401151644,16.467886542095457,241.0,67.0,174.0,27.800829875518673,9019.730000000001,9942.12,-922.3899999999994,1169.37,0.0,7.0,0.1547083974997986,1.0035114656394228,0.09507927715943978,17.222710359554718,96.0,31.0,65.0,32.291666666666664,4418.18,4402.72,15.460000000000036,452.78000000000003,0.0,3.0,0.13651820472412318,,,,,,,
1a_broad,159,-1.001383146215029,False,65,19,79.0,26.0,10,4,3.6,18,36,1.1,2.7,1.0,0.015,0.5,2.3432097844996496,1.0226720718263305,0.18773057346774272,11.97949309858763,249.0,78.0,171.0,31.325301204819276,10572.659999999998,10338.27,234.3899999999976,1274.25,0.0,6.0,2.0379650844997195,1.0412861788453163,0.2883144063948176,15.240726229107151,110.0,34.0,76.0,30.90909090909091,5139.32,4935.549999999999,203.77000000000044,534.33,0.0,4.0,0.008298877290175024,,,,,,,
1a_broad,160,-1.0002636705058334,False,96,21,80.0,27.0,9,6,3.1,20,44,1.3,2.9000000000000004,1.0,0.015,0.5,-0.15820230350011116,0.9985328327124783,0.06267874236661887,16.645347836107973,222.0,63.0,159.0,28.37837837837838,10821.309999999998,10837.210000000001,-15.900000000003274,1140.9,0.0,5.0,5.40125207999994,1.126546630273069,0.6325466218052828,13.134552852989707,90.0,27.0,63.0,30.0,4808.269999999999,4268.15,540.119999999999,440.53000000000003,0.0,2.0,0.0015820230350011117,,,,,,,
1a_broad,161,0.08683615590805098,True,70,20,80.0,25.0,9,4,3.2,18,42,1.3,2.8,1.0,0.015,0.5,3.4302913534996877,1.035403345254868,0.24543033312445103,15.438561978703506,211.0,62.0,149.0,29.38388625592417,10031.35,9688.349999999999,343.0000000000018,1110.05,0.0,6.0,6.875807984499843,1.1528214611983791,0.7787038101903682,15.844749323675966,98.0,33.0,65.0,33.673469387755105,5186.4400000000005,4498.910000000001,687.5299999999997,478.99,0.0,3.0,,0.020627423953499528,0.038205365299594785,-0.004827138992434093,0.07777777777777778,0.003430291353499688,0.0017701672627434052,-0.05014773074663011
1a_broad,162,0.12214362307031737,True,68,20,80.0,25.0,8,4,3.2,18,39,1.3,2.8,1.0,0.015,0.5,5.454231237499735,1.0479558110150646,0.3348877770849756,11.395090187413413,255.0,72.0,183.0,28.235294117647058,11918.369999999999,11372.97,545.3999999999996,1331.91,0.0,6.0,5.174549103999817,1.1118924821866858,0.6084671336344136,15.947948300883958,101.0,33.0,68.0,32.67326732673267,5141.78,4624.349999999999,517.4300000000003,491.23,0.0,3.0,,0.01552364731199945,0.02797312054667145,-0.005416847433622618,0.08015873015873017,0.0054542312374997355,0.0023977905507532316,-0.003947049301714038
1a_broad,163,0.04232984805464502,True,67,20,80.0,24.0,8,5,3.2,18,39,1.2000000000000002,2.8,1.0,0.015,0.5,12.761349072499561,1.1256326524986635,0.6982316936699346,12.387201431834866,228.0,69.0,159.0,30.263157894736842,11433.76,10157.630000000001,1276.1299999999992,1253.05,0.0,6.0,3.7321679654997753,1.0791914690434508,0.46245440517660386,16.28411641924913,103.0,32.0,71.0,31.067961165048544,5085.42,4712.249999999999,373.170000000001,500.62,0.0,3.0,,0.011196503896499326,0.01979786726086269,-0.0073378081099950325,0.08174603174603175,0.012761349072499562,0.006281632624933176,-0.08211572843618645
1a_broad,164,-1.0022559851308337,False,73,20,80.0,26.0,8,4,3.2,19,38,1.3,2.7,1.0,0.015,0.5,-1.353591078500267,0.9858964405004453,-0.005790545630090937,12.590363997074897,220.0,64.0,156.0,29.09090909090909,9460.119999999999,9595.45,-135.33000000000175,1123.55,0.0,6.0,5.470797283499869,1.1249018264840183,0.6454859910126987,16.13765481054065,97.0,33.0,64.0,34.02061855670103,4927.07,4380.0,547.0699999999997,467.15,0.0,2.0,0.013535910785002669,,,,,,,
1a_broad,165,0.05162021376723795,True,59,21,79.0,25.0,9,5,3.4000000000000004,18,40,1.2000000000000002,2.8,1.0,0.015,0.5,10.920483628999682,1.1160626893683772,0.6050183319981361,11.05554087084352,207.0,61.0,146.0,29.468599033816425,10501.67,9409.57,1092.1000000000004,1133.56,0.0,6.0,3.4409292239998104,1.0679235450523983,0.4321882926961915,14.265810965499679,108.0,34.0,74.0,31.48148148148148,5410.09,5065.990000000001,344.09999999999945,536.23,0.0,3.0,,0.010322787671999432,0.01698088626309957,-0.0,0.08571428571428572,0.010920483628999682,0.005803134468418858,-0.0781213639795653
1a_broad,166,-1.0020717131126098,False,69,20,80.0,29.0,8,5,3.1,17,41,1.3,2.9000000000000004,1.0,0.015,0.5,3.2200438609997586,1.0336095942107357,0.23625793111306,14.713102516714724,214.0,58.0,156.0,27.102803738317757,9901.060000000001,9579.11,321.9500000000007,1140.96,0.0,5.0,1.6114713799998754,1.036948207390559,0.248311203077121,16.52486390748015,98.0,30.0,68.0,30.612244897959183,4522.380000000001,4361.24,161.14000000000124,466.15,0.0,3.0,0.012430278675658204,,,,,,,
1a_broad,167,-1.0062961975768976,False,56,20,58.0,27.0,9,4,3.2,19,42,1.2000000000000002,2.8,1.0,0.015,0.5,9.56910320499981,1.0939853464024043,0.5322145281402832,12.836202611023708,234.0,70.0,164.0,29.914529914529915,11138.74,10181.8,956.9400000000005,1295.3799999999999,0.0,7.0,0.5087362894999206,1.010333955265546,0.1309050206568144,12.453414834036067,114.0,37.0,77.0,32.45614035087719,4976.41,4925.51,50.899999999999636,572.96,0.0,3.0,0.03777718546138487,,,,,,,
1a_broad,168,-1.0054114767692959,False,62,21,79.0,28.0,7,5,3.5,18,33,1.3,3.0,1.0,0.015,0.5,2.6437492004996606,1.0294182444521593,0.2044578535516723,12.29694361803415,202.0,55.0,147.0,27.22772277227723,9251.670000000002,8987.279999999999,264.39000000000306,1043.77,0.0,4.0,0.7261350639998818,1.0159076963534364,0.15537842007814365,15.007248685396751,96.0,28.0,68.0,29.166666666666668,4635.790000000001,4563.2,72.59000000000106,463.55,0.0,3.0,0.03246886061577493,,,,,,,
1a_broad,169,-1.0138535860945266,False,51,19,80.0,26.0,9,18,3.3000000000000003,19,40,0.9,2.9000000000000004,1.0,0.015,0.5,-3.1002154305002843,0.9614780538477212,-0.13930422439677917,12.805654385183146,233.0,58.0,175.0,24.892703862660944,7737.859999999999,8047.88,-310.02000000000135,1119.02,0.0,5.0,-0.1171623284999987,0.9965048740739855,0.040981317449649064,13.196105032742242,96.0,30.0,66.0,31.25,3338.6699999999996,3350.38,-11.710000000000491,469.5,0.0,3.0,0.08312151656715956,,,,,,,
1a_broad,170,0.08179090557667258,True,65,20,79.0,24.0,9,4,3.3000000000000003,19,37,1.1,2.7,1.0,0.015,0.5,3.8770777219995765,1.0385316031496312,0.26324000402345865,11.757721808073399,238.0,73.0,165.0,30.672268907563026,10449.84,10062.130000000001,387.7099999999991,1229.46,0.0,6.0,2.6088559964997695,1.052850824318876,0.34543839136487664,15.390221301987122,109.0,34.0,75.0,31.192660550458715,5196.4400000000005,4935.589999999999,260.8500000000013,531.84,0.0,4.0,,0.007826567989499308,0.013212706079719028,-0.0022298360113549823,0.08650793650793652,0.0038770777219995765,0.0019265801574815612,-0.029330126868608426
1a_broad,171,0.08179090557667258,True,65,20,79.0,24.0,9,4,3.3000000000000003,19,37,1.1,2.7,1.0,0.015,0.5,3.8770777219995765,1.0385316031496312,0.26324000402345865,11.757721808073399,238.0,73.0,165.0,30.672268907563026,10449.84,10062.130000000001,387.7099999999991,1229.46,0.0,6.0,2.6088559964997695,1.052850824318876,0.34543839136487664,15.390221301987122,109.0,34.0,75.0,31.192660550458715,5196.4400000000005,4935.589999999999,260.8500000000013,531.84,0.0,4.0,,0.007826567989499308,0.013212706079719028,-0.0022298360113549823,0.08650793650793652,0.0038770777219995765,0.0019265801574815612,-0.029330126868608426
1a_broad,172,-1.040430515619541,False,67,20,79.0,23.0,9,4,3.4000000000000004,20,38,1.0,2.6,1.0,0.015,0.5,-4.056954687500311,0.9623395033248142,-0.1305555978837676,14.172210622586324,254.0,74.0,180.0,29.133858267716537,10366.349999999999,10772.03,-405.6800000000021,1264.57,0.0,6.0,-5.418145216000248,0.8947763005836481,-0.4871527707661117,18.301208761656685,116.0,33.0,83.0,28.448275862068964,4606.889999999999,5148.65,-541.7600000000002,537.24,0.0,5.0,0.2425830937172455,,,,,,,
1a_broad,173,-1.0044136846333338,False,71,20,80.0,25.0,10,5,3.2,19,42,1.2000000000000002,2.8,1.0,0.015,0.5,-2.648210780000336,0.9728063952097528,-0.07532159488267694,17.360892538438158,222.0,61.0,161.0,27.47747747747748,9474.929999999998,9739.79,-264.8600000000024,1125.55,0.0,7.0,3.5379649784998577,1.0783159199574992,0.446240923034586,16.612526306457447,98.0,32.0,66.0,32.6530612244898,4871.4,4517.600000000001,353.79999999999836,470.72,0.0,4.0,0.02648210780000336,,,,,,,
1a_broad,174,0.023999378621019526,True,76,19,79.0,23.0,8,4,3.4000000000000004,18,43,1.1,2.9000000000000004,1.0,0.015,0.5,0.9462029219995021,1.008773206358976,0.11860438867815906,17.56772077252631,226.0,63.0,163.0,27.876106194690266,10883.180000000004,10788.53,94.65000000000327,1213.24,0.0,5.0,7.31130418299992,1.1540099854641976,0.8077516020256589,15.967981917958227,105.0,32.0,73.0,30.476190476190474,5477.97,4746.900000000001,731.0699999999997,516.62,0.0,4.0,,0.02193391254899976,0.03850249636604941,-0.005531325245475582,0.08333333333333334,0.0009462029219995021,0.0004386603179488025,-0.11562390162183571
1a_broad,175,0.10183130833975182,True,64,20,78.0,27.0,10,5,3.6,19,41,1.3,2.7,1.0,0.015,0.5,2.571937679499715,1.027324122938897,0.20206629517493124,13.217090025914779,204.0,61.0,143.0,29.901960784313726,9669.0,9411.830000000002,257.16999999999825,1069.98,0.0,5.0,2.5478738094997424,1.0558817529999325,0.34610459727197407,14.85655298387899,97.0,31.0,66.0,31.95876288659794,4814.050000000001,4559.269999999999,254.78000000000247,469.93,0.0,3.0,,0.007643621428499227,0.01397043824998312,-0.0,0.07698412698412699,0.002571937679499715,0.0013662061469448485,-0.0007050221493020776
1a_broad,176,-1.0107852989109136,False,62,21,77.0,27.0,10,5,3.6,18,41,1.3,3.0,1.0,0.015,0.5,6.412686193499757,1.0662574113811125,0.3893270118103787,13.445427474369676,202.0,57.0,145.0,28.217821782178216,10320.7,9679.37,641.3299999999999,1091.76,0.0,5.0,-0.5499991160001445,0.9878276075792458,0.02302838290373972,15.007248685396751,95.0,27.0,68.0,28.42105263157895,4462.61,4517.5999999999985,-54.98999999999887,455.54,0.0,3.0,0.06471179346548167,,,,,,,
1a_broad,177,0.0037087372553277075,True,69,20,78.0,28.0,10,6,3.7,17,40,1.3,2.5,1.0,0.015,0.5,0.6228515139997398,1.0061630507793833,0.09950580617212222,12.840749613831864,242.0,71.0,171.0,29.33884297520661,10170.929999999998,10108.630000000001,62.29999999999745,1251.88,0.0,6.0,4.968430985499872,1.1070640462029135,0.6047731657701901,15.71026756354492,103.0,36.0,67.0,34.95145631067961,5137.219999999999,4640.4,496.8199999999997,511.91,0.0,3.0,,0.014905292956499613,0.026766011550728386,-0.004058671791685253,0.08174603174603175,0.0006228515139997398,0.0003081525389691642,-0.11658093125921569
1a_broad,178,-1.0010003579537101,False,75,19,78.0,26.0,10,5,3.5,18,43,1.4,2.8,1.0,0.015,0.5,4.853077215499816,1.0451027622584281,0.3093633600864282,12.085998536432912,235.0,69.0,166.0,29.361702127659573,11246.100000000002,10760.76,485.34000000000196,1236.25,0.0,5.0,1.7954792744998667,1.0436977448916258,0.2695795777265939,16.31584516440837,84.0,26.0,58.0,30.952380952380953,4287.98,4108.45,179.52999999999975,396.1,0.0,2.0,0.006002147722261174,,,,,,,
1a_broad,179,-1.008400355689712,False,46,20,80.0,27.0,8,5,3.7,9,39,1.3,2.6,1.0,0.015,0.5,7.23698882899991,1.0647569188088686,0.4319934154432147,10.671200211767108,276.0,82.0,194.0,29.71014492753623,11897.859999999999,11174.25,723.6099999999988,1471.83,0.0,5.0,-0.09490495450010712,0.9980742611770648,0.06494072564567184,11.824006886404858,127.0,43.0,84.0,33.85826771653543,4939.22,4948.750000000001,-9.530000000000655,624.76,0.0,3.0,0.05040213413827276,,,,,,,
1a_broad,180,-1.0573695374580248,False,58,19,78.0,29.0,11,6,3.1,20,41,1.2000000000000002,1.0,1.0,0.015,0.5,3.846514177999579,1.0402697208795024,0.33066839628804295,8.807013452115307,381.0,201.0,180.0,52.75590551181102,9938.3,9553.580000000002,384.7199999999975,1955.16,0.0,6.0,-9.952386378500195,0.7930719709886965,-1.6175822801778075,14.075421775439157,166.0,83.0,83.0,50.0,3814.0099999999998,4809.16,-995.1500000000001,769.76,0.0,3.0,0.34421722474814814,,,,,,,
1a_broad,181,0.0975458337497872,True,64,20,79.0,25.0,9,4,3.3000000000000003,19,38,1.2000000000000002,2.7,1.0,0.015,0.5,3.042667750999735,1.0314460013147722,0.22498000254890188,12.448754973150992,219.0,66.0,153.0,30.136986301369863,9978.91,9674.68,304.22999999999956,1141.55,0.0,6.0,3.7923018894997584,1.0826909447745734,0.4692521400041227,15.216783074978398,99.0,32.0,67.0,32.323232323232325,4964.95,4585.75,379.1999999999998,482.71,0.0,3.0,,0.011376905668499275,0.02067273619364335,-0.001238760428447989,0.07857142857142857,0.0030426677509997353,0.0015723000657386077,-0.016451444072074342
1a_broad,182,-1.0050391298025,False,72,20,80.0,25.0,9,5,3.5,19,39,1.2000000000000002,2.7,1.0,0.015,0.5,-3.0234778815001118,0.9693564292714769,-0.0933729249326898,13.30876863926799,230.0,66.0,164.0,28.695652173913043,9564.320000000002,9866.669999999998,-302.3499999999967,1149.35,0.0,7.0,6.905791766999809,1.1535123503035614,0.7798851318819116,16.13765481054065,100.0,33.0,67.0,33.0,5188.81,4498.2699999999995,690.5400000000009,487.43,0.0,3.0,0.03023477881500112,,,,,,,
1a_broad,183,0.13730079731790568,True,64,21,79.0,25.0,10,4,3.6,19,42,1.2000000000000002,2.8,1.0,0.015,0.5,5.805995419499595,1.0593892403606662,0.360560799879332,11.932520523073602,214.0,64.0,150.0,29.906542056074766,10356.96,9776.35,580.6099999999988,1122.69,0.0,6.0,5.9291981054997995,1.1254405971387103,0.6826004994796608,14.532444230310789,102.0,34.0,68.0,33.333333333333336,5319.44,4726.54,592.8999999999996,501.83,0.0,3.0,,0.017787594316499396,0.03136014928467756,-0.0,0.08095238095238096,0.005805995419499596,0.0029694620180333088,-0.0015747846731851477
1a_broad,184,-1.025881686436528,False,63,21,78.0,25.0,10,4,3.6,19,42,0.8,2.8,1.0,0.015,0.5,-0.41630538700039327,0.9959531592265733,0.05646737723487134,13.217564891968465,245.0,70.0,175.0,28.571428571428573,10252.789999999999,10294.45,-41.66000000000167,1234.28,0.0,8.0,-3.733110464500096,0.9305142418906288,-0.3082323155180063,18.00514031942543,126.0,35.0,91.0,27.77777777777778,4998.889999999999,5372.180000000001,-373.2900000000018,602.31,0.0,6.0,0.15529011861916797,,,,,,,
1a_broad,185,-1.0006819618941671,False,60,21,79.0,25.0,10,4,3.6,20,44,1.3,2.8,1.0,0.015,0.5,-0.40917713650032966,0.9956440804566471,0.04592416626840777,13.111492014521714,209.0,60.0,149.0,28.708133971291865,9344.050000000001,9384.93,-40.8799999999992,1067.64,0.0,6.0,4.1671358864998,1.084762241830305,0.5075534254983547,14.187623133112224,101.0,34.0,67.0,33.663366336633665,5333.06,4916.339999999999,416.72000000000116,502.9,0.0,3.0,0.004091771365003297,,,,,,,
1a_broad,186,0.04541738295086904,True,66,21,80.0,26.0,10,4,3.6,19,42,1.2000000000000002,2.7,1.0,0.015,0.5,7.146856741499651,1.0731325900468938,0.4284875965922267,11.650709555616876,218.0,68.0,150.0,31.192660550458715,10485.6,9771.02,714.5799999999999,1156.47,0.0,6.0,2.7327270889996726,1.0575664442904358,0.3629117585877337,15.473019037565738,103.0,33.0,70.0,32.03883495145631,5020.49,4747.21,273.27999999999975,498.36,0.0,3.0,,0.008198181266999017,0.014391611072608945,-0.002702965928947074,0.08174603174603175,0.007146856741499651,0.003656629502344688,-0.06701896144966793
1a_broad,187,0.12503474305076528,True,71,20,79.0,28.0,10,4,3.5,19,43,1.2000000000000002,2.9000000000000004,1.0,0.015,0.5,5.50031687599967,1.0544601124930677,0.34256843731029857,12.924868966155456,219.0,63.0,156.0,28.767123287671232,10648.359999999997,10098.400000000001,549.9599999999955,1152.75,0.0,7.0,7.550849253999786,1.1678496562179752,0.8379642277534313,15.630243055508336,100.0,33.0,67.0,33.0,5253.5599999999995,4498.49,755.0699999999997,487.11,0.0,4.0,,0.022652547761999358,0.0419624140544938,-0.0036013888886190617,0.07936507936507936,0.00550031687599967,0.002723005624653385,-0.023567231742841224
1a_broad,188,0.12404270915918447,True,54,19,77.0,29.0,10,5,3.5,20,44,1.2000000000000002,2.9000000000000004,1.0,0.015,0.5,8.490543480499818,1.0768026212708677,0.4739034271910508,12.271856902792917,232.0,68.0,164.0,29.310344827586206,11903.17,11054.18,848.9899999999998,1250.44,0.0,6.0,6.0128206934998705,1.1184668097087342,0.6837964519270501,14.580836473782222,113.0,37.0,76.0,32.743362831858406,5676.7,5075.429999999999,601.2700000000004,569.04,0.0,3.0,,0.018038462080499612,0.02961670242718356,-0.0,0.0896825396825397,0.008490543480499818,0.003840131063543384,-0.025625669575081594
1a_broad,189,0.06889872038988062,True,55,19,77.0,28.0,10,4,3.5,19,44,1.2000000000000002,3.0,1.0,0.015,0.5,12.827114423499788,1.11524794817773,0.6579063735831536,13.121902626390746,227.0,67.0,160.0,29.515418502202643,12413.1,11130.350000000002,1282.7499999999982,1265.8,0.0,7.0,4.518652094999761,1.0915503374880193,0.5288639843537174,14.52682918376981,108.0,35.0,73.0,32.407407407407405,5386.79,4934.99,451.8000000000002,533.61,0.0,3.0,,0.013555956284999284,0.022887584372004832,-0.0,0.08571428571428572,0.01282711442349979,0.0057623974088865,-0.07184861781379549
1a_broad,190,0.09084996721718389,True,53,19,77.0,28.0,11,5,3.6,19,45,1.2000000000000002,2.9000000000000004,1.0,0.015,0.5,9.448459296999898,1.0861232068679791,0.5192584177924823,12.074924421583484,232.0,68.0,164.0,29.310344827586206,11915.13,10970.330000000002,944.7999999999975,1256.44,0.0,6.0,4.781823212999789,1.0947192633870646,0.5639437006573801,15.248837460375222,113.0,36.0,77.0,31.858407079646017,5526.110000000001,5047.97,478.1400000000003,563.61,0.0,4.0,,0.014345469638999367,0.02367981584676615,-0.0014219283450012709,0.0896825396825397,0.009448459296999898,0.0043061603433989576,-0.049190549246518916
1a_broad,191,-1.006404521131222,False,50,19,77.0,30.0,11,5,3.6,19,45,1.2000000000000002,2.9000000000000004,1.0,0.015,0.5,7.564507009499867,1.0680867188280518,0.4321808932725546,11.35495500610957,238.0,66.0,172.0,27.73109243697479,11866.859999999999,11110.39,756.4699999999993,1269.24,0.0,4.0,0.5013500174997899,1.0096515168733018,0.13222266804975993,15.31098271069582,114.0,35.0,79.0,30.70175438596491,5242.040000000001,5191.929999999999,50.11000000000149,561.63,0.0,4.0,0.03842712678733167,,,,,,,
1a_broad,192,-1.0246720166088716,False,48,19,77.0,28.0,12,5,3.5,19,44,1.2000000000000002,2.9000000000000004,1.0,0.015,0.5,4.057787383499818,1.0359023634085747,0.2701750015292888,13.245138357496147,247.0,65.0,182.0,26.31578947368421,11708.1,11302.32,405.78000000000065,1307.19,0.0,4.0,-3.6064265660002093,0.9324337743071103,-0.3049131732630556,16.030867961590964,121.0,35.0,86.0,28.925619834710744,4976.799999999999,5337.429999999999,-360.6300000000001,586.73,0.0,3.0,0.14803209965323044,,,,,,,
1a_broad,193,-1.0156516380627751,False,56,18,78.0,27.0,10,5,3.7,4,19,1.2000000000000002,3.0,1.0,0.015,0.5,-4.190514204500177,0.9637685294214274,-0.15794668294740008,15.792474274377438,335.0,85.0,250.0,25.37313432835821,11147.660000000002,11566.74,-419.0799999999981,1695.49,0.0,5.0,-0.15526509000012084,0.9970253627967705,0.05452415308027247,13.610509757152418,150.0,44.0,106.0,29.333333333333332,5215.33,5230.890000000001,-15.56000000000131,754.28,0.0,5.0,0.09390982837665021,,,,,,,
1a_broad,194,-1.0133984047208626,False,40,19,78.0,28.0,11,6,3.5,19,43,1.2000000000000002,2.9000000000000004,1.0,0.015,0.5,5.466412542499784,1.0471186542945434,0.3327751425393377,13.032761226653747,261.0,66.0,195.0,25.28735632183908,12147.990000000002,11601.35,546.6400000000012,1387.37,0.0,6.0,-1.1495228190001034,0.9776600398580663,-0.041252200631623125,17.515437509273628,118.0,36.0,82.0,30.508474576271187,5028.349999999999,5143.25,-114.90000000000055,575.96,0.0,3.0,0.08039042832517607,,,,,,,
1a_broad,195,0.0850527120683592,True,54,20,76.0,27.0,10,4,3.5,20,45,1.2000000000000002,3.0,1.0,0.015,0.5,11.229991441999719,1.102112070964275,0.5853293481620941,13.787607439584795,223.0,66.0,157.0,29.59641255605381,12121.259999999998,10998.21,1123.0499999999993,1232.91,0.0,6.0,5.074658445999776,1.1039766882379698,0.5822367393405625,14.150947694411178,106.0,34.0,72.0,32.075471698113205,5387.339999999999,4879.9400000000005,507.3999999999987,524.65,0.0,4.0,,0.015223975337999327,0.02599417205949245,-0.0,0.08412698412698413,0.01122999144199972,0.005105603548213756,-0.05662801444633019
1a_broad,196,0.06906784636342916,True,53,18,78.0,28.0,13,5,3.4000000000000004,19,43,1.2000000000000002,3.1,1.0,0.015,0.5,7.733873988999822,1.069168749748465,0.438429152183121,13.584425748228208,238.0,63.0,175.0,26.470588235294116,11954.749999999996,11181.349999999999,773.3999999999978,1300.81,0.0,6.0,3.5595719529998675,1.071844370165835,0.43633428277858216,15.181179755195604,108.0,32.0,76.0,29.62962962962963,5310.26,4954.3200000000015,355.9399999999987,530.15,0.0,3.0,,0.010678715858999602,0.017961092541458723,-0.001035312886832023,0.08571428571428572,0.007733873988999822,0.0034584374874232493,-0.05544324634090592
1a_broad,197,0.10903802454640275,True,58,19,79.0,30.0,11,5,3.6,19,44,1.2000000000000002,2.8,1.0,0.015,0.5,7.19055880049973,1.07664267419589,0.4317331460487577,11.215775802245245,205.0,61.0,144.0,29.75609756097561,10101.180000000002,9382.11,719.0700000000015,1081.19,0.0,6.0,4.84564076499988,1.0920767581866275,0.5751047562015589,14.108541687913553,113.0,38.0,75.0,33.6283185840708,5746.769999999999,5262.24,484.52999999999884,568.55,0.0,3.0,,0.014536922294999638,0.023019189546656882,-0.0,0.0896825396825397,0.00719055880049973,0.0038321337097945054,-0.029223319488087703
1a_broad,198,-1.0233842018801331,False,57,20,79.0,30.0,11,5,3.8000000000000003,20,13,1.2000000000000002,2.8,1.0,0.015,0.5,5.19137688849989,1.0458158698555,0.3169527592463667,11.823000230600943,253.0,70.0,183.0,27.66798418972332,11849.92,11330.789999999999,519.130000000001,1337.78,0.0,5.0,-3.4814436930000374,0.9392346869316616,-0.3037204825472732,16.18437262837803,128.0,40.0,88.0,31.25,5381.27,5729.42,-348.14999999999964,628.98,0.0,5.0,0.14030521128079892,,,,,,,
1a_broad,199,-1.0002400848033066,False,59,19,79.0,31.0,11,4,3.6,19,44,1.1,2.9000000000000004,1.0,0.015,0.5,13.349749272999635,1.1363809566618277,0.6970463393641501,12.938574314137941,213.0,65.0,148.0,30.516431924882628,11123.84,9788.830000000002,1335.0099999999984,1164.55,0.0,6.0,2.4932380834998367,1.0484874657391685,0.3327807400222613,14.745968719353911,113.0,36.0,77.0,31.858407079646017,5389.970000000001,5140.71,249.26000000000113,559.3,0.0,5.0,0.001440508819839555,,,,,,,
1a_broad,200,0.12802660575145727,True,62,20,79.0,29.0,11,5,3.7,18,45,1.2000000000000002,2.8,1.0,0.015,0.5,8.158854921499714,1.082186495824645,0.4728716506500399,11.726995070673285,222.0,67.0,155.0,30.18018018018018,10743.189999999999,9927.300000000001,815.8899999999976,1182.4,0.0,6.0,6.322334306999873,1.129925030209866,0.7206412076316602,13.931620241410009,105.0,35.0,70.0,33.333333333333336,5498.17,4865.96,632.21,525.13,0.0,4.0,,0.018967002920999617,0.0324812575524665,-0.0,0.08333333333333334,0.008158854921499715,0.00410932479123225,-0.01902316776807416
1a_broad,201,0.08388534391110225,True,61,20,79.0,30.0,11,5,3.7,18,45,1.2000000000000002,2.8,1.0,0.015,0.5,9.36058411999962,1.0950294965336114,0.528523860473339,11.77118681737168,219.0,67.0,152.0,30.59360730593607,10786.38,9850.310000000001,936.0699999999979,1176.1,0.0,6.0,4.604796291499824,1.0916523860987877,0.5485941913277892,13.972907632454353,106.0,35.0,71.0,33.0188679245283,5484.799999999999,5024.3099999999995,460.4899999999998,529.92,0.0,4.0,,0.01381438887449947,0.02291309652469692,-0.0,0.08412698412698413,0.009360584119999621,0.004751474826680569,-0.05108118456175847
1a_broad,202,0.12015351197104097,True,53,20,79.0,29.0,12,5,3.6,18,44,1.2000000000000002,2.9000000000000004,1.0,0.015,0.5,8.132408797999851,1.0711427561639617,0.4609521461917243,13.000147163837244,248.0,70.0,178.0,28.225806451612904,12244.189999999999,11430.96,813.2299999999996,1348.61,0.0,6.0,5.602343746499864,1.1060607208039563,0.6470238543648835,15.153595663844877,118.0,38.0,80.0,32.20338983050848,5842.080000000001,5281.88,560.2000000000007,593.46,0.0,3.0,,0.01680703123949959,0.026515180200989086,-0.0008776895076850115,0.09365079365079365,0.008132408797999853,0.0035571378081980854,-0.027631350218754274
1a_broad,203,-1.0287502737755958,False,48,20,78.0,29.0,12,5,3.8000000000000003,19,46,1.2000000000000002,2.8,1.0,0.015,0.5,6.812073163999957,1.0597362554873695,0.39004934650064055,12.63211383495857,242.0,67.0,175.0,27.68595041322314,12084.66,11403.460000000001,681.1999999999989,1284.51,0.0,4.0,-4.552158323000149,0.9166709376052481,-0.4139164449336482,14.978115144711676,119.0,35.0,84.0,29.41176470588235,5008.030000000001,5463.280000000001,-455.25,577.86,0.0,3.0,0.1725016426535748,,,,,,,
1a_broad,204,-1.0103466337778022,False,51,21,80.0,29.0,12,5,3.6,18,45,1.2000000000000002,2.7,1.0,0.015,0.5,-2.447292784000274,0.978963943714754,-0.04886710139558647,14.68506668653099,270.0,74.0,196.0,27.40740740740741,11389.570000000002,11634.310000000001,-244.73999999999978,1364.27,0.0,6.0,0.5383605609998267,1.0105127814318486,0.1355244688679472,14.216367430961963,113.0,37.0,76.0,32.743362831858406,5171.38,5117.58,53.80000000000018,557.16,0.0,4.0,0.0620798026668136,,,,,,,
1a_broad,205,0.064656056388421,True,58,20,79.0,30.0,12,4,3.7,19,43,1.1,2.9000000000000004,1.0,0.015,0.5,11.4848776584997,1.1192073120100972,0.619335273635962,12.365010333068257,210.0,64.0,146.0,30.476190476190474,10783.07,9634.559999999998,1148.510000000002,1132.25,0.0,6.0,3.8108633014997393,1.0727098570264633,0.46448984348538935,14.760633482839204,117.0,38.0,79.0,32.47863247863248,5621.89,5240.830000000001,381.0599999999995,586.54,0.0,4.0,,0.011432589904499219,0.018177464256615816,-0.0,0.09285714285714286,0.0114848776584997,0.005960365600504858,-0.07525638388884145
1a_broad,206,0.04213350705109923,True,53,20,79.0,29.0,11,5,3.5,18,44,1.2000000000000002,3.0,1.0,0.015,0.5,7.644316772499805,1.067369120525536,0.43362921402057886,14.370257309496942,242.0,67.0,175.0,27.68595041322314,12111.319999999998,11346.89,764.4299999999985,1327.65,0.0,6.0,2.533984090499871,1.0509842741481161,0.3352868739210217,15.074034674889319,109.0,34.0,75.0,31.192660550458715,5223.56,4970.16,253.40000000000055,533.87,0.0,3.0,,0.007601952271499613,0.012746068537029032,-0.00042305528508182174,0.08650793650793652,0.007644316772499805,0.0033684560262768008,-0.07531216777906072
1a_broad,207,0.13630130652092703,True,55,20,78.0,29.0,11,4,3.6,20,46,1.2000000000000002,2.8,1.0,0.015,0.5,6.237209629999834,1.0575508901039483,0.36410991150705324,12.639921128345307,229.0,69.0,160.0,30.131004366812228,11461.8,10838.060000000001,623.739999999998,1198.03,0.0,7.0,5.751663648499816,1.1116451239088698,0.6644006779848156,13.859846076253973,111.0,38.0,73.0,34.234234234234236,5726.939999999998,5151.7699999999995,575.1699999999983,556.33,0.0,3.0,,0.017254990945499447,0.027911280977217456,-0.0,0.0880952380952381,0.006237209629999834,0.002877544505197416,-0.006074957632225234
1a_broad,208,-1.009718142524711,False,63,21,78.0,30.0,10,4,3.7,20,47,1.1,2.7,1.0,0.015,0.5,5.319405388499708,1.054367102128177,0.3313836054016443,12.639759574034985,219.0,68.0,151.0,31.050228310502284,10315.39,9783.49,531.8999999999996,1144.16,0.0,6.0,-0.36716223250010444,0.9926309055355722,0.04105900984168834,15.329085214007742,110.0,35.0,75.0,31.818181818181817,4934.13,4970.759999999999,-36.6299999999992,525.55,0.0,5.0,0.05830885514826565,,,,,,,
1a_broad,209,-1.0010542060458338,False,60,20,80.0,29.0,12,4,3.5,20,46,1.2000000000000002,2.8,1.0,0.015,0.5,-0.632523627500268,0.9935286086098801,0.03708194438014817,15.564457152314429,216.0,62.0,154.0,28.703703703703702,9699.789999999999,9762.969999999998,-63.17999999999847,1113.82,0.0,6.0,3.7742109034997884,1.0747232253159744,0.46588098303472397,14.098167207805524,106.0,35.0,71.0,33.0188679245283,5428.469999999999,5051.04,377.4299999999994,526.45,0.0,3.0,0.00632523627500268,,,,,,,
1a_broad,210,-1.0293631927988396,False,67,20,79.0,29.0,11,4,3.6,20,41,0.6,2.8,1.0,0.015,0.5,1.5619906539996555,1.013370530747771,0.14889165901484597,16.273606900532393,260.0,76.0,184.0,29.23076923076923,11841.640000000001,11685.4,156.2400000000016,1390.81,0.0,8.0,-4.7315268430001565,0.9146929172188119,-0.39987339928651683,17.751563173990448,122.0,35.0,87.0,28.688524590163933,5073.39,5546.549999999999,-473.15999999999894,576.02,0.0,7.0,0.17617915679303792,,,,,,,
1a_broad,211,0.09732446678403159,True,54,20,78.0,29.0,11,5,3.6,19,46,1.2000000000000002,2.9000000000000004,1.0,0.015,0.5,8.318874707999894,1.0777939671893209,0.46406528580282624,12.636967108335876,224.0,66.0,158.0,29.464285714285715,11524.699999999999,10692.859999999999,831.8400000000001,1203.12,0.0,6.0,4.775197584999823,1.096334153166986,0.5643629112048092,14.422636254543479,110.0,35.0,75.0,31.818181818181817,5433.75,4956.289999999999,477.46000000000095,549.96,0.0,3.0,,0.014325592754999469,0.024083538291746476,-0.0,0.08730158730158731,0.008318874707999895,0.003889698359466043,-0.040594824631767605
1a_broad,212,0.0642799007223718,True,56,20,78.0,31.0,11,5,3.7,19,47,1.2000000000000002,2.9000000000000004,1.0,0.015,0.5,12.212103458999827,1.1143540212835292,0.6330439476618026,11.074993954305691,219.0,65.0,154.0,29.680365296803654,11899.829999999998,10678.68,1221.1499999999978,1196.23,0.0,7.0,4.234523018499859,1.0859388320113017,0.510486897581234,14.847744974419921,107.0,34.0,73.0,31.77570093457944,5350.16,4926.759999999999,423.40000000000055,535.03,0.0,4.0,,0.012703569055499577,0.021484708002825426,-0.0,0.08492063492063492,0.012212103458999828,0.005717701064176461,-0.07275881577976441
1a_broad,213,-1.0140020869288309,False,51,20,79.0,30.0,12,5,3.6,18,46,1.2000000000000002,2.7,1.0,0.015,0.5,-2.423534841500132,0.9790593059048456,-0.04763793568015398,14.133917200987431,268.0,74.0,194.0,27.611940298507463,11332.68,11575.07,-242.38999999999942,1349.39,0.0,6.0,-0.42354080300014174,0.9916811466156187,0.03365298231859184,14.216367430961963,112.0,36.0,76.0,32.142857142857146,5050.88,5093.25,-42.36999999999989,549.58,0.0,3.0,0.08401252157298499,,,,,,,
1a_broad,214,0.1170846237953131,True,55,20,78.0,29.0,10,4,3.5,20,48,1.2000000000000002,2.8,1.0,0.015,0.5,9.731355509999847,1.0907288194849085,0.518453368504565,12.45766802693937,227.0,70.0,157.0,30.837004405286343,11699.43,10726.25,973.1800000000003,1207.12,0.0,7.0,6.197231226499808,1.120818021425299,0.708818565568554,13.859846076253973,110.0,38.0,72.0,34.54545454545455,5749.18,5129.450000000001,619.7299999999996,553.55,0.0,4.0,,0.018591693679499425,0.03020450535632474,-0.0,0.08730158730158731,0.009731355509999848,0.004536440974245426,-0.03328095902634365
1a_broad,215,-1.0262491046573823,False,55,20,78.0,29.0,10,4,3.8000000000000003,20,42,0.8,2.6,1.0,0.015,0.5,-5.491244695000368,0.9590051400351627,-0.17240796667794986,18.374062224741824,319.0,94.0,225.0,29.46708463949843,12845.729999999998,13394.849999999999,-549.1200000000008,1588.57,0.0,9.0,-1.973709427000176,0.9630126589394974,-0.12083516636623604,17.694329888327882,123.0,41.0,82.0,33.333333333333336,5138.78,5336.150000000001,-197.3700000000008,596.62,0.0,7.0,0.1574946279442937,,,,,,,
1a_broad,216,0.08851105830603367,True,58,21,78.0,29.0,11,4,3.5,20,43,1.2000000000000002,2.8,1.0,0.015,0.5,7.600563537499748,1.0791612813860747,0.448342540051475,11.320790983322986,206.0,61.0,145.0,29.611650485436893,10361.879999999997,9601.789999999999,760.0899999999983,1100.0,0.0,6.0,4.120122498999808,1.0778072402018555,0.5022911390535088,14.141609966464722,113.0,38.0,75.0,33.6283185840708,5706.860000000001,5294.88,411.9800000000005,564.57,0.0,3.0,,0.012360367496999423,0.01945181005046387,-0.0,0.0896825396825397,0.007600563537499748,0.003958064069303735,-0.044542286530772794
1a_broad,217,-1.0242039453419525,False,48,20,79.0,29.0,13,4,3.7,20,46,1.1,2.7,1.0,0.015,0.5,5.740308753999834,1.0502223128411154,0.33897230393177036,11.690410830115159,252.0,72.0,180.0,28.571428571428573,12001.510000000002,11427.59,573.9200000000019,1312.9,0.0,4.0,-3.6709908240001274,0.9360605479977008,-0.315884032544576,13.917110392292226,128.0,40.0,88.0,31.25,5373.83,5740.9,-367.0699999999997,630.63,0.0,4.0,0.14522367205171485,,,,,,,
1a_broad,218,0.15121439152637622,True,54,20,80.0,31.0,10,4,3.6,20,41,1.2000000000000002,2.8,1.0,0.015,0.5,7.104817385999778,1.0636552257953544,0.40581863359113196,12.746118179804643,240.0,71.0,169.0,29.583333333333332,11872.86,11162.32,710.5400000000009,1277.43,0.0,6.0,6.878109870499884,1.1321676735999018,0.7760921447922643,13.152898819114917,113.0,39.0,74.0,34.51327433628319,5891.710000000001,5203.92,687.7900000000009,571.52,0.0,3.0,,0.02063432961149965,0.033041918399975445,-0.0,0.0896825396825397,0.0071048173859997775,0.0031827612897677216,-0.002431974843406057
1a_broad,219,-1.0212959298277728,False,44,20,80.0,31.0,10,4,3.6,19,42,1.2000000000000002,2.8,1.0,0.015,0.5,8.270056978499797,1.072279521719865,0.45109329116490043,12.152970306424898,247.0,68.0,179.0,27.530364372469634,12268.840000000002,11441.829999999998,827.0100000000039,1328.23,0.0,6.0,-2.934785383000126,0.9466508886065319,-0.2335599284268703,15.491989398920328,125.0,39.0,86.0,31.2,5207.820000000001,5501.31,-293.4899999999998,609.19,0.0,3.0,0.12777557896663758,,,,,,,
1a_broad,220,0.13960015537617523,True,54,21,80.0,31.0,10,4,3.7,18,41,1.1,2.9000000000000004,1.0,0.015,0.5,9.017534079499946,1.0806796372762615,0.4844910471367232,13.53211291408129,240.0,70.0,170.0,29.166666666666668,12078.27,11176.55,901.7200000000012,1295.52,0.0,6.0,6.761255529499885,1.1267291471415184,0.7512662629526059,14.477010210885489,121.0,40.0,81.0,33.05785123966942,6011.1,5335.0,676.1000000000004,614.16,0.0,4.0,,0.020283766588499653,0.0316822867853796,-0.0,0.09603174603174604,0.009017534079499947,0.004033981863813075,-0.021449159972763074
1a_broad,221,0.12731195020524727,True,53,21,80.0,31.0,10,4,3.7,18,41,1.1,2.9000000000000004,1.0,0.015,0.5,7.87845288699993,1.0682599120087748,0.4373021840283947,14.374733003054752,249.0,71.0,178.0,28.514056224899598,12329.92,11542.060000000001,787.8599999999988,1344.76,0.0,6.0,5.731609047499806,1.106077262178398,0.6516945062914341,15.289059640569786,123.0,40.0,83.0,32.520325203252035,5976.6,5403.42,573.1800000000003,619.49,0.0,4.0,,0.017194827142499414,0.02651931554459952,-0.0016517693746844891,0.09761904761904762,0.007878452886999931,0.00341299560043874,-0.023660919213653476
1a_broad,222,0.10400620287234091,True,53,21,80.0,32.0,10,4,3.7,18,41,1.1,2.8,1.0,0.015,0.5,8.659655722999833,1.073246255433206,0.46536418025622633,13.485664373408762,258.0,77.0,181.0,29.844961240310077,12689.130000000001,11823.13,866.0000000000018,1387.55,0.0,6.0,4.813246456999768,1.0897971443870023,0.5650767672518836,14.284377085342332,123.0,41.0,82.0,33.333333333333336,5841.28,5359.969999999999,481.3100000000004,618.34,0.0,4.0,,0.014439739370999304,0.022449286096750565,-0.0,0.09761904761904762,0.008659655722999834,0.0036623127716603034,-0.042823838709116706
1a_broad,223,0.15112860055715138,True,52,21,80.0,32.0,10,4,3.7,18,41,1.1,2.9000000000000004,1.0,0.015,0.5,6.608011483499832,1.0565954837350398,0.3800528670897171,14.764001186811996,252.0,71.0,181.0,28.174603174603174,12336.83,11676.02,660.8099999999995,1354.57,0.0,6.0,6.3047601089998535,1.1178953155269002,0.7054969570419175,14.803518096986357,122.0,40.0,82.0,32.78688524590164,5978.37,5347.88,630.4899999999998,616.83,0.0,4.0,,0.018914280326999558,0.02947382888172506,-0.0,0.09682539682539683,0.006608011483499832,0.0028297741867519878,-0.0035226911472218715
1a_broad,224,-1.001106961538878,False,51,21,80.0,32.0,10,4,3.8000000000000003,17,41,1.1,2.9000000000000004,1.0,0.015,0.5,4.1551908474997985,1.0350237840789949,0.26796001389952745,15.123730535328828,259.0,70.0,189.0,27.027027027027028,12280.640000000001,11865.080000000002,415.5599999999995,1379.28,0.0,6.0,2.3659689824998167,1.0430261423050693,0.32312261774935686,14.982157509090285,126.0,40.0,86.0,31.746031746031747,5735.34,5498.75,236.59000000000015,630.48,0.0,4.0,0.0066417692332673825,,,,,,,
1a_broad,225,-1.0112442579228509,False,50,21,80.0,32.0,10,4,3.7,18,41,1.0,2.9000000000000004,1.0,0.015,0.5,5.092538165999776,1.0414534851063935,0.3094026997646448,13.906624799372091,277.0,77.0,200.0,27.79783393501805,12793.350000000002,12284.130000000001,509.22000000000116,1459.74,0.0,4.0,-0.7514959040001485,0.9870518820780405,0.004877982942161635,16.185748643137575,133.0,40.0,93.0,30.075187969924812,5728.02,5803.159999999999,-75.13999999999851,655.51,0.0,6.0,0.0674655475371058,,,,,,,
1a_broad,226,0.1363944316823222,True,53,21,80.0,33.0,10,4,3.7,18,40,1.1,2.9000000000000004,1.0,0.015,0.5,6.3137033279998285,1.054455808449956,0.3676555613641552,14.435251126611027,253.0,71.0,182.0,28.063241106719367,12226.51,11595.09,631.4200000000001,1353.34,0.0,6.0,5.494097581499791,1.1012808034331727,0.6279129222314203,15.289059640569786,123.0,40.0,83.0,32.520325203252035,5974.14,5424.719999999999,549.420000000001,619.42,0.0,4.0,,0.016482292744499374,0.025320200858293174,-0.0016517693746844891,0.09761904761904762,0.006313703327999829,0.0027227904224978007,-0.010411833915331101
1a_broad,227,-1.021337723047657,False,46,21,80.0,31.0,10,4,3.8000000000000003,18,40,1.1,2.9000000000000004,1.0,0.015,0.5,0.152040414999683,1.0012811248174356,0.08230954095434934,15.902808228695381,261.0,68.0,193.0,26.053639846743295,11832.880000000001,11817.74,15.140000000001237,1355.52,0.0,6.0,-2.9731574680000814,0.9467904982137616,-0.23420687502303442,16.031057430138166,130.0,39.0,91.0,30.0,5289.87,5587.16,-297.28999999999996,634.93,0.0,3.0,0.12802633828594218,,,,,,,
1a_broad,228,0.032192318552086596,True,55,21,80.0,33.0,10,4,3.7,17,42,1.1,3.0,1.0,0.015,0.5,14.639442681499803,1.1321125042187279,0.7152646295050574,14.516536121713386,229.0,69.0,160.0,30.131004366812228,12545.550000000001,11081.539999999999,1464.010000000002,1287.92,0.0,7.0,2.8331623614998533,1.0564823066632374,0.36280607589124353,14.829016630897451,113.0,36.0,77.0,31.858407079646017,5299.03,5015.73,283.3000000000002,555.52,0.0,4.0,,0.00849948708449956,0.014120576665809348,-0.0,0.0896825396825397,0.014639442681499804,0.006605625210936395,-0.10135535277319821
1a_broad,229,0.08989963802957497,True,52,21,80.0,31.0,10,4,3.8000000000000003,18,40,1.0,2.9000000000000004,1.0,0.015,0.5,2.173427988999738,1.0173173286482056,0.17679388260985862,13.143838461606142,287.0,81.0,206.0,28.222996515679444,12761.9,12544.66,217.23999999999978,1483.5,0.0,6.0,3.4874981874997504,1.0622246489692568,0.429336716225167,15.759295067766695,129.0,40.0,89.0,31.007751937984494,5952.93,5604.210000000001,348.71999999999935,643.11,0.0,6.0,,0.010462494562499251,0.015556162242314209,-0.004338828958666829,0.1,0.002173427988999738,0.0008658664324102783,-0.03481948423798168
1a_broad,230,0.09795979107419304,True,56,21,80.0,33.0,10,4,3.5,18,42,1.1,2.8,1.0,0.015,0.5,13.967216946999669,1.1236476275884413,0.6807200572830963,12.351999330714868,239.0,74.0,165.0,30.96234309623431,12692.600000000002,11295.890000000003,1396.7099999999991,1305.37,0.0,7.0,5.782753685499829,1.1095376374027077,0.6611519951052262,14.002460224566397,120.0,41.0,79.0,34.166666666666664,5857.459999999999,5279.189999999999,578.2700000000004,605.58,0.0,4.0,,0.017348261056499486,0.02738440935067693,-0.0,0.09523809523809523,0.01396721694699967,0.006182381379422064,-0.062160572897500335
1a_broad,231,0.1122481946870491,True,53,21,80.0,32.0,10,4,3.7,18,40,1.1,2.8,1.0,0.015,0.5,7.032839463999807,1.059335888861519,0.39538606328521503,13.478324235455311,262.0,77.0,185.0,29.389312977099237,12557.41,11854.039999999999,703.3700000000008,1393.66,0.0,6.0,4.635926553999743,1.0861345630750479,0.5465706277171023,14.284377085342332,123.0,41.0,82.0,33.333333333333336,5845.749999999999,5382.16,463.58999999999924,618.26,0.0,4.0,,0.01390777966199923,0.021533640768761964,-0.0,0.09761904761904762,0.007032839463999807,0.002966794443075949,-0.030811907269835473
1a_broad,232,-1.0232852322005717,False,48,21,80.0,33.0,10,4,3.7,18,40,1.1,2.8,1.0,0.015,0.5,4.277586344999836,1.0355299588553257,0.2722016531433859,14.174361632461668,270.0,76.0,194.0,28.14814814814815,12465.720000000001,12038.01,427.71000000000095,1418.61,0.0,4.0,-3.414113852500177,0.9391512325876498,-0.2871778746494932,14.786779777240506,131.0,40.0,91.0,30.53435114503817,5269.54,5610.960000000001,-341.420000000001,641.17,0.0,3.0,0.1397113932034306,,,,,,,
1a_broad,233,-1.0009379233006186,False,51,21,80.0,32.0,10,4,3.6,18,40,1.1,2.9000000000000004,1.0,0.015,0.5,4.696020029499778,1.0400637169832891,0.2935130428394564,14.454802786747079,259.0,71.0,188.0,27.413127413127413,12190.150000000001,11720.580000000002,469.5699999999997,1372.18,0.0,6.0,2.428812922999805,1.0440910832061028,0.3291935515620376,15.092252748580398,125.0,40.0,85.0,32.0,5751.24,5508.37,242.8699999999999,625.62,0.0,4.0,0.005627539803711683,,,,,,,
1a_broad,234,-1.003574350319891,False,57,21,80.0,31.0,10,4,3.8000000000000003,17,43,1.0,3.0,1.0,0.015,0.5,8.554460818499665,1.0846713450060872,0.4707736627454048,13.421441648541792,213.0,61.0,152.0,28.63849765258216,10958.76,10103.3,855.460000000001,1163.4,0.0,7.0,1.4440732494997792,1.0274815929846866,0.2257435470218038,15.357458801932964,115.0,35.0,80.0,30.434782608695652,5399.200000000001,5254.79,144.41000000000076,563.67,0.0,6.0,0.02144610191934618,,,,,,,
1a_broad,235,0.13960015537617523,True,54,21,80.0,32.0,11,4,3.7,18,41,1.1,2.9000000000000004,1.0,0.015,0.5,9.017534079499946,1.0806796372762615,0.4844910471367232,13.53211291408129,240.0,70.0,170.0,29.166666666666668,12078.27,11176.55,901.7200000000012,1295.52,0.0,6.0,6.761255529499885,1.1267291471415184,0.7512662629526059,14.477010210885489,121.0,40.0,81.0,33.05785123966942,6011.1,5335.0,676.1000000000004,614.16,0.0,4.0,,0.020283766588499653,0.0316822867853796,-0.0,0.09603174603174604,0.009017534079499947,0.004033981863813075,-0.021449159972763074
1a_broad,236,-1.0014010550439851,False,53,21,79.0,32.0,11,4,3.5,17,41,1.1,3.0,1.0,0.015,0.5,8.662675644999835,1.0758262227466413,0.466353000629487,15.868096555207355,241.0,68.0,173.0,28.21576763485477,12290.539999999999,11424.279999999999,866.2600000000002,1328.17,0.0,6.0,2.0978339069998584,1.0411733532228937,0.2905535072998457,15.131146937965646,115.0,36.0,79.0,31.304347826086957,5304.57,5094.8,209.76999999999953,563.52,0.0,4.0,0.008406330263910779,,,,,,,
1a_broad,237,0.1450470636668252,True,54,21,79.0,32.0,11,4,3.6,18,40,1.1,2.9000000000000004,1.0,0.015,0.5,7.536411800499791,1.0671609470935777,0.4199066665161395,13.509821030181502,244.0,70.0,174.0,28.688524590163933,11975.36,11221.7,753.6599999999999,1303.65,0.0,6.0,6.466593303499867,1.1207238389676726,0.72210665386319,14.478876865968868,121.0,40.0,81.0,33.05785123966942,6003.09,5356.4400000000005,646.6499999999996,613.63,0.0,4.0,,0.0193997799104996,0.030180959741918145,-0.0,0.09603174603174604,0.007536411800499791,0.0033580473546788838,-0.011459881172517252
1a_broad,238,-1.0033929120187464,False,50,21,79.0,34.0,11,4,3.6,18,40,1.1,2.9000000000000004,1.0,0.015,0.5,3.8658606114998655,1.0330021758362622,0.25562758629923915,14.767552779308,260.0,70.0,190.0,26.923076923076923,12096.910000000002,11710.440000000002,386.46999999999935,1369.06,0.0,4.0,1.601641021999876,1.0286246542818984,0.24477537268885247,15.07065810583193,127.0,40.0,87.0,31.496062992125985,5753.540000000001,5593.430000000001,160.10999999999967,635.07,0.0,4.0,0.020357472112477737,,,,,,,
1a_broad,239,0.06532712074304002,True,55,21,79.0,32.0,11,4,3.6,17,39,1.1,3.0,1.0,0.015,0.5,8.734535932499856,1.076296577109804,0.46977625990454114,14.658762397687136,247.0,72.0,175.0,29.149797570850204,12321.68,11448.22,873.460000000001,1342.84,0.0,7.0,3.4814468339997076,1.0686141371297249,0.4235605571967646,14.795610195549846,113.0,36.0,77.0,31.858407079646017,5421.710000000001,5073.59,348.1200000000008,559.58,0.0,4.0,,0.010444340501999121,0.017153534282431215,-0.0,0.0896825396825397,0.008734535932499857,0.0038148288554902044,-0.06450265851192008
1a_broad,240,-1.0002696804098348,False,58,21,79.0,32.0,11,4,3.7,18,41,1.0,2.8,1.0,0.015,0.5,7.894360791499748,1.0780737895417676,0.44939637929484855,10.7574662539087,230.0,72.0,158.0,31.304347826086957,10900.9,10111.46,789.4400000000005,1207.64,0.0,6.0,2.700942013999865,1.0483010134180415,0.3531718969241282,15.20715321290957,127.0,41.0,86.0,32.28346456692913,5861.030000000002,5590.98,270.050000000002,630.38,0.0,6.0,0.0016180824590081432,,,,,,,
1a_broad,241,0.07710910690589924,True,54,21,80.0,33.0,11,14,3.5,18,41,1.1,2.9000000000000004,1.0,0.015,0.5,1.921747026999783,1.0194428225789312,0.17053821587757353,13.416777307832492,248.0,67.0,181.0,27.016129032258064,10074.449999999999,9882.310000000001,192.1399999999976,1272.3799999999999,0.0,4.0,9.901769053499939,1.2433139049154225,1.1897599669855643,11.789399888601631,107.0,35.0,72.0,32.71028037383178,5059.84,4069.6400000000003,990.1999999999998,552.62,0.0,3.0,,0.029705307160499815,0.06082847622885562,-0.0,0.08492063492063492,0.0019217470269997832,0.0009721411289465576,-0.10123919956003746
1a_broad,242,-1.0009379233006186,False,51,21,80.0,31.0,10,4,3.6,18,40,1.1,2.9000000000000004,1.0,0.015,0.5,4.696020029499778,1.0400637169832891,0.2935130428394564,14.454802786747079,259.0,71.0,188.0,27.413127413127413,12190.150000000001,11720.580000000002,469.5699999999997,1372.18,0.0,6.0,2.428812922999805,1.0440910832061028,0.3291935515620376,15.092252748580398,125.0,40.0,85.0,32.0,5751.24,5508.37,242.8699999999999,625.62,0.0,4.0,0.005627539803711683,,,,,,,
1a_broad,243,0.08874497642934977,True,56,21,79.0,32.0,11,4,3.5,18,42,0.9,2.8,1.0,0.015,0.5,2.078442578999639,1.0169314927883932,0.17164053791328862,11.864333101170917,276.0,79.0,197.0,28.6231884057971,12483.190000000002,12275.349999999999,207.84000000000378,1411.95,0.0,8.0,3.3775164384997516,1.0586717719841072,0.416785861787109,15.571420096195729,132.0,43.0,89.0,32.57575757575758,6093.81,5756.09,337.72000000000025,661.06,0.0,6.0,,0.010132549315499255,0.014667942996026806,-0.0032652576925470203,0.1,0.002078442578999639,0.0008465746394196616,-0.035715275408048586
1a_broad,244,-1.0195667227773721,False,48,21,80.0,30.0,10,5,3.7,18,39,1.2000000000000002,2.9000000000000004,1.0,0.015,0.5,9.398621871499799,1.0801565227922667,0.517598638270134,14.158883235605568,254.0,69.0,185.0,27.165354330708663,12664.63,11724.810000000001,939.8199999999979,1399.47,0.0,4.0,-2.570883220500109,0.953723920317807,-0.19531122844628415,16.264973460486125,126.0,37.0,89.0,29.365079365079364,5298.48,5555.570000000001,-257.09000000000106,615.57,0.0,3.0,0.11740033666423261,,,,,,,
1a_broad,245,-1.0005399813835674,False,53,21,79.0,31.0,10,4,3.9000000000000004,18,42,1.1,3.0,1.0,0.015,0.5,9.542065158499737,1.0822711141920063,0.5014273644451552,15.782772969948663,237.0,68.0,169.0,28.69198312236287,12552.569999999998,11598.36,954.2099999999973,1312.96,0.0,6.0,2.3707932919998167,1.046598117283526,0.3170059655288386,15.262741583267125,114.0,36.0,78.0,31.57894736842105,5324.39,5087.33,237.0600000000004,558.9,0.0,4.0,0.0032398883014039285,,,,,,,
1a_broad,246,0.11652961171790965,True,60,21,80.0,33.0,12,5,3.6,17,40,1.2000000000000002,2.8,1.0,0.015,0.5,4.055582321999627,1.042022109373948,0.2755431963986138,13.186932985646651,219.0,62.0,157.0,28.310502283105023,10056.670000000002,9651.11,405.5600000000013,1169.99,0.0,6.0,3.7733075919998194,1.0749881762865987,0.4659436103774226,14.093147493407333,108.0,34.0,74.0,31.48148148148148,5409.62,5032.26,377.3599999999997,537.77,0.0,3.0,,0.011319922775999457,0.018747044071649677,-0.0,0.08571428571428572,0.004055582321999627,0.0021011054686973954,-0.005408328634722219
1a_broad,247,0.04754257558932429,True,59,21,80.0,33.0,11,5,3.6,17,40,1.2000000000000002,2.8,1.0,0.015,0.5,10.572235086999699,1.1128714224252512,0.588026051479923,11.217617675409837,208.0,61.0,147.0,29.326923076923077,10424.3,9367.029999999999,1057.2700000000004,1138.3,0.0,6.0,3.1894292094998313,1.062887923215849,0.4073416636712364,14.093147493407333,109.0,34.0,75.0,31.192660550458715,5390.84,5071.88,318.96000000000004,540.96,0.0,3.0,,0.009568287628499494,0.015721980803962254,-0.0,0.08650793650793652,0.010572235086999698,0.005643571121262559,-0.08047143555933624
1a_broad,248,0.09343588882124387,True,57,21,79.0,34.0,12,4,3.5,17,41,1.2000000000000002,2.8,1.0,0.015,0.5,8.543814532499745,1.09301748323693,0.48786077983498,12.7322809333516,196.0,58.0,138.0,29.591836734693878,10039.769999999999,9185.369999999999,854.3999999999996,1074.81,0.0,7.0,4.590057148999876,1.0877750620598907,0.5506204958725693,13.401100147363328,113.0,38.0,75.0,33.6283185840708,5687.779999999999,5228.820000000001,458.9599999999982,567.17,0.0,3.0,,0.01377017144699963,0.02194376551497268,-0.0,0.0896825396825397,0.008543814532499746,0.004650874161846496,-0.045155276517614376
1a_broad,249,0.07852750845107803,True,60,21,80.0,32.0,10,5,3.7,17,39,1.2000000000000002,2.9000000000000004,1.0,0.015,0.5,7.939108725499645,1.0811078079826737,0.46350751435250176,11.65721704297941,219.0,63.0,156.0,28.767123287671232,10582.64,9788.7,793.9399999999987,1184.94,0.0,6.0,3.9705872894998535,1.078514880458079,0.4832314156838365,15.129343261417075,108.0,33.0,75.0,30.555555555555557,5454.74,5057.64,397.09999999999945,536.68,0.0,3.0,,0.01191176186849956,0.01962872011451977,-0.0007391043509547148,0.08571428571428572,0.007939108725499645,0.004055390399133685,-0.04998265401990563
1a_broad,250,0.12776540305080036,True,54,21,79.0,33.0,13,4,3.8000000000000003,18,44,1.2000000000000002,2.8,1.0,0.015,0.5,7.947239855999724,1.0698461495195362,0.4409517178377908,12.099754278476556,243.0,72.0,171.0,29.62962962962963,12173.330000000002,11378.579999999998,794.7500000000036,1300.31,0.0,6.0,5.92799168149977,1.1132309373227156,0.6810545369104143,12.858804626649537,116.0,40.0,76.0,34.48275862068966,5828.02,5235.2300000000005,592.79,587.27,0.0,3.0,,0.017783975044499307,0.028307734330678902,-0.0,0.09206349206349207,0.007947239855999724,0.0034923074759768084,-0.021829345719846453
1a_broad,251,-1.0376430915418102,False,26,21,79.0,34.0,10,4,3.8000000000000003,18,44,1.2000000000000002,2.8,1.0,0.015,0.5,7.186135387999839,1.0501447879815509,0.40069740246092567,14.270977142020394,334.0,91.0,243.0,27.24550898203593,15049.939999999999,14331.3,718.6399999999994,1829.82,0.0,4.0,-5.002860693500006,0.8653785605683455,-0.5147388672031709,14.413036728282139,87.0,25.0,62.0,28.735632183908045,3215.79,3716.0499999999997,-500.25999999999976,412.29,0.0,3.0,0.22585854925086152,,,,,,,
1a_broad,252,0.09970911278212106,True,53,21,80.0,33.0,14,4,3.8000000000000003,18,44,1.2000000000000002,2.8,1.0,0.015,0.5,8.927103433499777,1.0769122751398417,0.4881426628890774,12.233201961101312,250.0,73.0,177.0,29.2,12500.55,11607.77,892.7799999999988,1347.51,0.0,6.0,4.861035247999844,1.0917476387850786,0.574247568050518,13.67516246110794,118.0,40.0,78.0,33.898305084745765,5784.210000000001,5298.12,486.09000000000106,592.57,0.0,3.0,,0.014583105743999531,0.02293690969626966,-0.0,0.09365079365079365,0.008927103433499778,0.0038456137569920835,-0.044234413499433634
1a_broad,253,-1.015410645173435,False,49,21,79.0,33.0,13,4,3.9000000000000004,18,40,1.1,2.8,1.0,0.015,0.5,5.390698109499809,1.0447981825796202,0.3213714997257454,14.009339885545668,270.0,76.0,194.0,28.14814814814815,12573.77,12034.64,539.130000000001,1427.08,0.0,4.0,-1.673743041500129,0.9704872373431108,-0.09782809532408414,14.049612871849778,130.0,41.0,89.0,31.53846153846154,5505.379999999999,5672.8,-167.42000000000098,644.19,0.0,4.0,0.09246387104061007,,,,,,,
1a_broad,254,-1.0412246725038783,False,44,21,80.0,32.0,10,4,3.7,16,41,1.2000000000000002,3.0,1.0,0.015,0.5,8.679403512499775,1.0771046385195395,0.47474810264005063,13.412297427820427,243.0,63.0,180.0,25.925925925925927,12125.009999999998,11257.04,867.9699999999975,1338.31,0.0,5.0,-7.0431968120001684,0.864238129751569,-0.6661519142027116,16.224408886018544,118.0,34.0,84.0,28.8135593220339,4483.46,5187.76,-704.3000000000002,553.54,0.0,3.0,0.24734803502326935,,,,,,,
1a_broad,255,0.1136133202513585,True,55,21,79.0,31.0,13,4,3.6,18,43,1.2000000000000002,2.9000000000000004,1.0,0.015,0.5,13.400655682999805,1.1218856670423012,0.688451326230265,11.653322568652245,233.0,69.0,164.0,29.613733905579398,12334.83,10994.73,1340.1000000000004,1292.82,0.0,7.0,6.730035711499858,1.1294531311611948,0.7580238404830179,14.492761555306306,115.0,38.0,77.0,33.04347826086956,5871.88,5198.869999999999,673.0100000000011,581.15,0.0,3.0,,0.020190107134499573,0.03236328279029871,-0.0,0.09126984126984128,0.013400655682999805,0.00609428335211506,-0.049704849978395936
1a_broad,256,0.11321414129346655,True,54,21,80.0,31.0,13,4,3.6,17,42,1.1,2.9000000000000004,1.0,0.015,0.5,13.081341122499907,1.1184370996437252,0.6562336581605708,13.751003477685957,236.0,71.0,165.0,30.084745762711865,12352.97,11044.850000000002,1308.1199999999972,1304.66,0.0,6.0,6.382067369999931,1.1194764154828853,0.7160764828793675,14.344650262493882,122.0,40.0,82.0,32.78688524590164,5979.84,5341.64,638.1999999999998,618.46,0.0,4.0,,0.019146202109999795,0.029869103870721336,-0.0,0.09682539682539683,0.013081341122499908,0.005921854982186259,-0.051629757617337575
1a_broad,257,-1.004413246786883,False,55,21,79.0,31.0,14,4,3.4000000000000004,16,42,1.2000000000000002,3.0,1.0,0.015,0.5,12.492119581999777,1.1147600770928148,0.6476666084959862,12.99177667064708,228.0,66.0,162.0,28.94736842105263,12134.81,10885.579999999998,1249.2300000000014,1279.03,0.0,7.0,1.1065423399997962,1.0221965452426378,0.19402176091545872,14.653615814798709,111.0,34.0,77.0,30.63063063063063,5095.660000000001,4985.009999999999,110.65000000000146,537.86,0.0,3.0,0.026479480721297365,,,,,,,
1a_broad,258,-1.0061413292519352,False,51,21,65.0,33.0,13,4,3.6,17,43,1.1,2.9000000000000004,1.0,0.015,0.5,7.660552001999695,1.0650072172725753,0.42814163613463346,13.528368731890058,260.0,72.0,188.0,27.692307692307693,12550.29,11784.23,766.0600000000013,1404.17,0.0,6.0,0.6410012364997965,1.0113096257128085,0.14642534790235362,15.194010955008737,131.0,41.0,90.0,31.297709923664122,5730.050000000001,5665.969999999999,64.08000000000175,653.27,0.0,4.0,0.03684797551161102,,,,,,,
1a_broad,259,0.09419382260622332,True,56,21,80.0,31.0,13,4,3.6,17,43,1.2000000000000002,2.9000000000000004,1.0,0.015,0.5,13.748934330499923,1.1260766741463406,0.6979221397310439,10.743968092937525,231.0,67.0,164.0,29.004329004329005,12279.990000000002,10905.11,1374.880000000001,1278.78,0.0,7.0,5.728370914499919,1.1098185220262038,0.6609962128299589,14.316788305286307,115.0,37.0,78.0,32.17391304347826,5788.88,5216.0599999999995,572.8200000000006,580.47,0.0,3.0,,0.017185112743499757,0.027454630506550948,-0.0,0.09126984126984128,0.013748934330499923,0.0063038337073170305,-0.061768529951485615
1a_broad,260,-1.0317904913663842,False,47,21,79.0,34.0,13,4,3.5,17,41,1.2000000000000002,3.0,1.0,0.015,0.5,10.033145796999706,1.0878223943428948,0.5397104134024804,12.412416181883172,245.0,65.0,180.0,26.53061224489796,12426.75,11423.509999999998,1003.2400000000016,1358.31,0.0,5.0,-5.0415356925000925,0.9026560291630303,-0.45023825050072236,15.136245273072813,116.0,34.0,82.0,29.310344827586206,4675.0,5179.16,-504.15999999999985,553.52,0.0,3.0,0.1907429481983054,,,,,,,
1a_broad,261,-1.036887065847062,False,50,20,80.0,31.0,13,4,1.7000000000000002,17,42,1.1,2.9000000000000004,1.0,0.015,0.5,7.391477286999888,1.0827057657145542,0.4526972916038265,10.349345972725283,224.0,61.0,163.0,27.232142857142858,9675.73,8936.62,739.1099999999988,1178.83,0.0,3.0,-5.19494215900002,0.8721583778330095,-0.6637720863624941,12.324733808733509,104.0,28.0,76.0,26.923076923076923,3544.1900000000005,4063.6999999999994,-519.5099999999989,510.77,0.0,3.0,0.22132239508237211,,,,,,,
1a_broad,262,0.12758498301700377,True,61,21,79.0,32.0,13,4,3.4000000000000004,18,45,1.2000000000000002,2.9000000000000004,1.0,0.015,0.5,5.093394236999647,1.0516628933573526,0.3241903492272068,14.287272041017363,219.0,64.0,155.0,29.22374429223744,10368.050000000001,9858.720000000001,509.3299999999999,1156.25,0.0,6.0,6.327701425499908,1.125687759958367,0.7172581257263236,14.642160929430087,108.0,35.0,73.0,32.407407407407405,5667.2300000000005,5034.46,632.7700000000004,543.63,0.0,4.0,,0.018983104276499723,0.03142193998959175,-0.0,0.08571428571428572,0.0050933942369996476,0.0025831446678676317,-0.016210885868240692
1a_broad,263,-1.0030915014503399,False,60,21,79.0,32.0,13,4,3.4000000000000004,18,45,1.2000000000000002,3.1,1.0,0.015,0.5,0.732427668499804,1.0072747743946213,0.10701755413328577,14.872206772425416,220.0,59.0,161.0,26.818181818181817,10145.060000000001,10071.789999999999,73.27000000000226,1146.83,0.0,6.0,1.4786670959998627,1.0305235408628586,0.2299720168551738,14.527467057418619,100.0,30.0,70.0,30.0,4991.989999999999,4844.13,147.85999999999876,485.07,0.0,4.0,0.01854900870203949,,,,,,,
1a_broad,264,0.03391749425293175,True,54,21,80.0,33.0,13,4,3.6,18,44,1.1,3.0,1.0,0.015,0.5,14.740380606999807,1.129316515837898,0.723351411972288,13.882031322720023,234.0,71.0,163.0,30.34188034188034,12873.35,11399.240000000002,1474.1099999999988,1319.78,0.0,6.0,2.931073177499784,1.0579042846245967,0.371482952205905,14.428281621988198,113.0,36.0,77.0,31.858407079646017,5353.4400000000005,5060.419999999999,293.02000000000135,558.14,0.0,5.0,,0.00879321953249935,0.014476071156149184,-0.0,0.0896825396825397,0.014740380606999807,0.0064658257918948974,-0.10024054251715118
1a_broad,265,0.08852924817764082,True,58,21,79.0,32.0,14,4,3.4000000000000004,17,45,1.2000000000000002,2.9000000000000004,1.0,0.015,0.5,10.556910607499649,1.1099133353600894,0.5840107807306267,10.9572346202074,206.0,61.0,145.0,29.611650485436893,10660.539999999999,9604.839999999998,1055.7000000000007,1117.09,0.0,6.0,4.828483426999901,1.0934574735782587,0.5773780414184778,14.45782860098844,114.0,37.0,77.0,32.45614035087719,5649.02,5166.2,482.8200000000006,570.91,0.0,4.0,,0.014485450280999701,0.023364368394564683,-0.0,0.09047619047619049,0.01055691060749965,0.0054956667680044705,-0.055849338349618166
1a_broad,266,0.06677516615437262,True,52,21,79.0,30.0,13,4,3.8000000000000003,18,44,1.2000000000000002,2.9000000000000004,1.0,0.015,0.5,9.338631000499737,1.0811647255443355,0.512218255324727,12.376388389905399,245.0,70.0,175.0,28.571428571428573,12440.13,11506.23,933.8999999999996,1333.24,0.0,6.0,3.57310668499982,1.067127485481201,0.44621075195105864,14.285524090565838,117.0,38.0,79.0,32.47863247863248,5679.69,5322.410000000001,357.27999999999884,588.87,0.0,3.0,,0.01071932005499946,0.01678187137030024,-0.0,0.09285714285714286,0.009338631000499737,0.004058236277216776,-0.06698003540578645
1a_broad,267,-1.0031017329791725,False,55,21,80.0,31.0,13,4,3.5,18,47,1.1,3.0,1.0,0.015,0.5,18.624120263499773,1.1650721816879739,0.8829214733497823,12.58764531502985,230.0,71.0,159.0,30.869565217391305,13145.090000000002,11282.64,1862.4500000000025,1311.4,0.0,7.0,1.5395280759998058,1.030459082231213,0.2366256928561271,15.054007846712322,113.0,36.0,77.0,31.858407079646017,5208.61,5054.65,153.96000000000004,551.88,0.0,5.0,0.018610397875035312,,,,,,,
1a_broad,268,0.1300508122614001,True,61,21,78.0,35.0,14,4,3.6,18,39,1.2000000000000002,2.9000000000000004,1.0,0.015,0.5,6.741630583999594,1.069209054047118,0.4051910727568746,14.575316106917446,217.0,63.0,154.0,29.032258064516128,10415.699999999999,9741.5,674.1999999999989,1166.11,0.0,6.0,5.865929591999957,1.117345469093819,0.6683813709450253,14.686192000878732,105.0,34.0,71.0,32.38095238095238,5585.61,4998.999999999999,586.6100000000006,527.9,0.0,3.0,,0.01759778877599987,0.029336367273454733,-0.0,0.08333333333333334,0.0067416305839995945,0.0034604527023558984,-0.010418760407743323
1a_broad,269,-1.0032995357716672,False,62,20,78.0,34.0,15,5,3.7,18,39,1.2000000000000002,2.7,1.0,0.015,0.5,-1.9797214630003328,0.9791336661576289,-0.0384744712565856,16.408530675684567,222.0,64.0,158.0,28.82882882882883,9290.5,9488.49,-197.98999999999978,1141.09,0.0,6.0,4.033179102499835,1.084392405645968,0.49302457409657136,14.028591284240017,103.0,34.0,69.0,33.00970873786408,5182.68,4779.34,403.34000000000015,511.4,0.0,3.0,0.019797214630003328,,,,,,,
1a_broad,270,-1.0068607219600387,False,61,21,78.0,36.0,14,10,3.6,18,39,1.2000000000000002,2.9000000000000004,1.0,0.015,0.5,4.3824989914997605,1.0457436248573935,0.30711988240343785,15.389637885150103,233.0,62.0,171.0,26.609442060085836,10018.819999999998,9580.57,438.2499999999982,1244.4,0.0,6.0,0.30758762899986325,1.006777451651756,0.10820460961852855,15.277064574137384,105.0,31.0,74.0,29.523809523809526,4572.31,4541.530000000001,30.779999999999745,504.7,0.0,3.0,0.041164331760232396,,,,,,,
1a_broad,271,-1.009007822872937,False,59,20,78.0,33.0,12,4,3.5,18,40,1.2000000000000002,3.1,1.0,0.015,0.5,16.18517399099963,1.1677269199323126,0.8269923744682508,10.668771831725167,201.0,57.0,144.0,28.35820895522388,11268.810000000001,9650.21,1618.6000000000022,1140.17,0.0,6.0,-0.21906542900020212,0.9955509029049986,0.061878444621901556,14.849059381284887,101.0,29.0,72.0,28.712871287128714,4907.16,4929.09,-21.93000000000029,484.88,0.0,3.0,0.05404693723762245,,,,,,,
1a_broad,272,-0.019702110144491213,True,57,21,79.0,32.0,14,5,3.7,18,45,1.2000000000000002,2.8,1.0,0.015,0.5,0.08981236199970226,1.0009749022125525,0.07378976026044637,13.396070347012772,205.0,58.0,147.0,28.29268292682927,9261.230000000001,9252.210000000001,9.020000000000437,1059.51,0.0,7.0,4.7716168369998195,1.0920022058625034,0.5660949433767097,13.952929172185863,110.0,37.0,73.0,33.63636363636363,5663.319999999999,5186.18,477.1399999999985,552.68,0.0,4.0,,0.014314850510999459,0.02300055146562585,-0.0,0.08730158730158731,8.981236199970227e-05,4.874511062762377e-05,-0.14445765689533116
1a_broad,273,-1.0064280266102048,False,50,20,79.0,30.0,16,4,3.4000000000000004,18,38,1.2000000000000002,2.9000000000000004,1.0,0.015,0.5,15.231750876499808,1.1322905864430746,0.7805543830891477,11.760030271263005,251.0,70.0,181.0,27.888446215139442,13036.990000000002,11513.820000000002,1523.17,1423.22,0.0,4.0,0.5180128469998818,1.0095034323557102,0.13358447696853898,15.516030121961558,122.0,38.0,84.0,31.147540983606557,5501.400000000001,5449.609999999999,51.79000000000178,602.71,0.0,3.0,0.03856815966122846,,,,,,,
1a_broad,274,-1.0056784919798618,False,57,21,77.0,32.0,12,5,3.6,18,41,1.3,3.0,1.0,0.015,0.5,11.755730884999812,1.1286180071555958,0.6501796342083774,11.868695644443982,193.0,54.0,139.0,27.979274611398964,10315.229999999998,9139.699999999999,1175.5299999999988,1071.91,0.0,6.0,0.6750267959997837,1.0142255005268703,0.14999102931129674,14.99952183346175,102.0,30.0,72.0,29.41176470588235,4812.5,4745.0,67.5,496.62,0.0,3.0,0.034070951879171155,,,,,,,
1a_broad,275,0.0887963400971087,True,62,20,78.0,24.0,12,4,3.5,18,39,1.2000000000000002,2.8,1.0,0.015,0.5,3.17541063749959,1.0320536437992776,0.2311658694378586,15.125179897619908,224.0,65.0,159.0,29.017857142857142,10224.38,9906.830000000002,317.54999999999745,1182.07,0.0,6.0,6.550616530499864,1.135523792382217,0.7403609612253524,13.629801666259048,104.0,35.0,69.0,33.65384615384615,5488.769999999999,4833.69,655.079999999999,522.97,0.0,3.0,,0.01965184959149959,0.03388094809555425,-0.0,0.08253968253968254,0.00317541063749959,0.0016026821899638778,-0.052054232957091155
1a_broad,276,0.03764835733498323,True,52,21,79.0,33.0,10,5,3.7,18,43,1.2000000000000002,2.9000000000000004,1.0,0.015,0.5,10.691907520499843,1.0929767788516311,0.5757906057533893,12.182263848842208,246.0,70.0,176.0,28.45528455284553,12567.67,11498.57,1069.1000000000004,1350.67,0.0,6.0,2.7168452584997977,1.0515827808030866,0.36013447298412266,14.665172561197584,114.0,36.0,78.0,31.57894736842105,5538.350000000001,5266.68,271.670000000001,569.2,0.0,3.0,,0.008150535775499393,0.012895695200771662,-0.0,0.09047619047619049,0.010691907520499843,0.004648838942581557,-0.08921481058055972
1a_broad,277,0.10015381199509865,True,59,20,78.0,31.0,15,4,3.8000000000000003,20,45,1.3,2.8,1.0,0.015,0.5,7.7846539569997555,1.088588824399681,0.4623128720768123,11.177643390526582,191.0,58.0,133.0,30.36649214659686,9565.429999999998,8787.0,778.4299999999985,1008.33,0.0,6.0,4.938704568499779,1.0997177456803782,0.5849146611585748,14.187623133112224,103.0,35.0,68.0,33.980582524271846,5446.879999999999,4952.98,493.89999999999964,512.2,0.0,3.0,,0.014816113705499337,0.024929436420094542,-0.0,0.08174603174603175,0.007784653956999756,0.004429441219984054,-0.033551865053510786
1a_broad,278,0.09491133323486298,True,56,21,79.0,32.0,10,4,3.6,18,41,1.1,2.7,1.0,0.015,0.5,5.910974308499772,1.0531209895715379,0.3449185685887771,12.367865597631338,249.0,75.0,174.0,30.120481927710845,11718.33,11127.24,591.0900000000001,1290.65,0.0,7.0,3.5839533654997107,1.068465673557808,0.44409095842852325,14.079232151861948,120.0,41.0,79.0,34.166666666666664,5593.14,5234.740000000001,358.39999999999964,598.87,0.0,4.0,,0.010751860096499132,0.017116418389451993,-0.0,0.09523809523809523,0.005910974308499772,0.002656049478576894,-0.03676206427626004
1a_broad,279,-1.0153700209161696,False,47,20,80.0,30.0,14,5,3.5,18,25,1.2000000000000002,2.9000000000000004,1.0,0.015,0.5,-1.2439287880002121,0.9893762108371525,0.008098125930897388,14.842488088402888,288.0,74.0,214.0,25.694444444444443,11592.619999999999,11717.099999999999,-124.47999999999956,1475.85,0.0,5.0,-1.2004042400000616,0.9788343650221352,-0.051182648627318854,17.58925264694996,140.0,40.0,100.0,28.571428571428573,5551.88,5671.930000000001,-120.05000000000109,676.58,0.0,4.0,0.09222012549701691,,,,,,,
1a_broad,280,0.18159548185297453,True,54,21,79.0,24.0,12,4,1.4,17,46,1.2000000000000002,3.0,1.0,0.015,0.5,10.524038199999868,1.208985011080839,0.7363280416897727,8.771755933194346,122.0,37.0,85.0,30.327868852459016,6088.110000000001,5035.719999999998,1052.3900000000021,644.06,0.0,1.0,8.675924668499883,1.3993059390993778,1.338002125579767,6.197105830474536,62.0,21.0,41.0,33.87096774193548,3040.2999999999997,2172.72,867.5799999999999,320.6,0.0,1.0,,0.02602777400549965,0.09982648477484446,-0.0,0.049206349206349205,0.01052403819999987,0.010449250554041944,-0.01443841488776061
1a_broad,281,-1.0150776927893035,False,52,20,77.0,35.0,12,5,3.9000000000000004,17,48,1.1,3.1,1.0,0.015,0.5,18.11138645799987,1.1577968798191947,0.8603247440218165,12.499035916133634,238.0,69.0,169.0,28.991596638655462,13288.660000000002,11477.54,1811.1200000000008,1346.65,0.0,6.0,-1.5019828305001648,0.9707813551476395,-0.07062015211320241,14.931513251142302,112.0,33.0,79.0,29.464285714285715,4991.35,5141.58,-150.22999999999956,544.63,0.0,5.0,0.09046615673582119,,,,,,,
1a_broad,282,0.01996250219416946,True,61,21,78.0,35.0,12,4,1.4,17,46,1.2000000000000002,3.0,1.0,0.015,0.5,7.134832141999868,1.1350926590408599,0.5128163572776396,9.442659339006639,129.0,36.0,93.0,27.906976744186046,5994.639999999999,5281.1900000000005,713.4499999999989,675.9,0.0,1.0,2.361053141499924,1.1007665909750557,0.4057844513325842,6.601286023650473,62.0,17.0,45.0,27.419354838709676,2578.92,2342.8400000000006,236.07999999999947,311.27,0.0,1.0,,0.007083159424499771,0.025191647743763923,-0.0,0.049206349206349205,0.007134832141999868,0.006754632952042994,-0.0754081192744863
1a_broad,283,-1.0287393834732232,False,44,21,80.0,36.0,12,4,3.4000000000000004,20,47,1.3,3.1,1.0,0.015,0.5,18.70167094799981,1.1770662718016789,0.9088403081072552,10.527629089171613,213.0,59.0,154.0,27.699530516431924,12432.48,10562.259999999998,1870.2200000000012,1213.05,0.0,5.0,-4.322095628000134,0.9143238882126956,-0.37040453693643133,16.859983980989075,107.0,30.0,77.0,28.037383177570092,4612.38,5044.58,-432.1999999999998,508.61,0.0,3.0,0.1724363008393389,,,,,,,
1a_broad,284,-1.0595889865361312,False,111,20,79.0,37.0,12,5,2.2,17,45,1.3,1.4,1.0,0.015,0.5,-6.882984380000308,0.9010063470192883,-0.5224605608460037,13.853568073235467,223.0,96.0,127.0,43.04932735426009,6264.58,6952.870000000001,-688.2900000000009,1080.88,0.0,3.0,-6.4739976945001585,0.8148376966046283,-1.0732268430226,9.327479740001003,91.0,36.0,55.0,39.56043956043956,2848.8599999999997,3496.23,-647.3700000000003,433.1,0.0,1.0,0.3575339192167872,,,,,,,
1a_broad,285,-1.0033386438058336,False,49,21,80.0,24.0,10,4,1.4,17,38,1.1,3.0,1.0,0.015,0.5,-2.003186283500181,0.9655416771299523,-0.09972836674949696,13.80488087198348,156.0,42.0,114.0,26.923076923076923,5613.639999999999,5813.98,-200.34000000000015,795.91,0.0,2.0,1.3389520964999428,1.053098994899133,0.25513415221168895,8.20757739317209,66.0,20.0,46.0,30.303030303030305,2655.0099999999998,2521.14,133.8699999999999,328.69,0.0,2.0,0.02003186283500181,,,,,,,
1a_broad,286,-1.0000712910988319,False,53,20,79.0,23.0,11,5,3.7,20,46,1.2000000000000002,3.0,1.0,0.015,0.5,9.421938812999741,1.0853319349688038,0.5100459051878105,14.09183168725196,225.0,65.0,160.0,28.88888888888889,11983.66,11041.470000000001,942.1899999999987,1235.41,0.0,6.0,2.4243196919998264,1.0495508660773594,0.32447976132447537,15.411907934106583,105.0,32.0,73.0,30.476190476190474,5135.19,4892.749999999999,242.4400000000005,510.87,0.0,3.0,0.00042774659299112046,,,,,,,
1a_broad,287,-1.0023002310832674,False,59,21,80.0,34.0,10,4,3.5,19,40,1.2000000000000002,2.9000000000000004,1.0,0.015,0.5,15.231412523499785,1.1589874305612096,0.7932362666674935,10.782716308423892,204.0,61.0,143.0,29.901960784313726,11103.540000000003,9580.380000000001,1523.1600000000017,1136.3,0.0,6.0,1.794571214499956,1.0355085441754155,0.26385423101934136,15.001521295108319,108.0,33.0,75.0,30.555555555555557,5232.58,5053.15,179.4300000000003,528.82,0.0,3.0,0.013801386499604336,,,,,,,
1a_broad,288,-1.0013235878566633,False,66,19,79.0,24.0,11,5,3.7,16,40,1.1,2.8,1.0,0.015,0.5,9.996591895999554,1.0972368671914217,0.5418555938218877,12.677737612739445,229.0,71.0,158.0,31.004366812227076,11279.990000000002,10280.359999999999,999.6300000000028,1238.64,0.0,6.0,2.075023413499748,1.0416613965030206,0.2914919515731381,15.99824395446231,111.0,33.0,78.0,29.72972972972973,5188.38,4980.87,207.51000000000022,535.77,0.0,4.0,0.007941527139980436,,,,,,,
1a_broad,289,0.051977096163589885,True,55,20,69.0,33.0,10,4,3.4000000000000004,18,41,1.0,2.8,1.0,0.015,0.5,11.398006782999765,1.0964738324188033,0.5746541681112292,9.72090507608581,266.0,83.0,183.0,31.203007518796994,12954.630000000001,11814.810000000001,1139.8199999999997,1419.88,0.0,7.0,3.187410977499785,1.056975931378596,0.39955298221060254,15.631932805853582,127.0,41.0,86.0,32.28346456692913,5912.290000000001,5593.59,318.7000000000007,632.93,0.0,6.0,,0.009562232932499354,0.014243982844649006,-0.0036110446048776114,0.1,0.011398006782999764,0.004823691620940163,-0.0844397734126208
1a_broad,290,-1.0477216117336603,False,51,21,78.0,24.0,11,5,1.8,20,39,1.2000000000000002,2.7,1.0,0.015,0.5,-6.091847793500201,0.9123611378852965,-0.3628967497085995,14.530162437184323,184.0,50.0,134.0,27.17391304347826,6341.95,6951.14,-609.1900000000005,897.83,0.0,3.0,-4.850548968500134,0.8642490120789442,-0.6915829191065274,10.993113491116903,89.0,27.0,62.0,30.337078651685392,3088.1000000000004,3573.16,-485.0599999999995,445.32,0.0,1.0,0.2863296704019613,,,,,,,
1a_broad,291,-1.0061476971593508,False,61,20,80.0,33.0,10,4,3.8000000000000003,18,44,1.2000000000000002,3.0,1.0,0.015,0.5,6.799707425499692,1.0686193389020178,0.40170684014898245,12.315071441380491,213.0,60.0,153.0,28.169014084507044,10590.21,9910.18,680.0299999999988,1144.09,0.0,6.0,0.5454819649998354,1.0112695078960903,0.1377105916482545,14.586356600390497,101.0,31.0,70.0,30.693069306930692,4896.84,4842.2699999999995,54.57000000000062,489.47,0.0,3.0,0.036886182956104546,,,,,,,
1a_broad,292,-1.0009284624758925,False,57,21,78.0,32.0,11,5,3.6,16,46,1.1,2.8,1.0,0.015,0.5,11.9607568884998,1.1260489501277762,0.6298233365302085,12.121767439915772,204.0,64.0,140.0,31.372549019607842,10685.36,9489.25,1196.1100000000006,1120.81,0.0,7.0,2.3861378504997446,1.0441506864018775,0.3269732092947874,13.18164343954487,120.0,40.0,80.0,33.333333333333336,5642.110000000001,5403.54,238.57000000000062,599.98,0.0,5.0,0.005570774855354833,,,,,,,
1a_broad,293,-1.348984079915923,False,131,20,79.0,30.0,10,4,1.1,19,47,1.2000000000000002,3.1,1.0,0.015,0.5,5.8805280935000335,1.7367016611961614,0.8048907276690493,4.692671929683042,19.0,6.0,13.0,31.57894736842105,1386.27,798.22,588.05,95.76,0.0,0.0,-1.9266820530000586,0.5180590295147575,-1.2766385472159665,3.431201454094629,10.0,1.0,9.0,10.0,207.12,399.79999999999995,-192.67999999999995,49.55,0.0,0.0,2.0939044794955377,,,,,,,
1a_broad,294,0.10252322709747191,True,54,19,80.0,22.0,12,4,3.5,17,40,1.3,2.9000000000000004,1.0,0.015,0.5,15.878681488999845,1.1506654736500521,0.8094104166896702,10.8151931034418,231.0,67.0,164.0,29.004329004329005,12126.990000000002,10539.11,1587.880000000001,1275.11,0.0,6.0,6.648228526999883,1.1364859732501207,0.7646201491685221,14.216927938545043,109.0,36.0,73.0,33.027522935779814,5535.880000000001,4871.05,664.8300000000008,545.04,0.0,3.0,,0.019944685580999648,0.03412149331253017,-0.0,0.08650793650793652,0.015878681488999846,0.007533273682502607,-0.06146284347549688
1a_broad,295,-1.0199415451668528,False,49,21,79.0,25.0,10,5,3.7,19,45,1.1,2.9000000000000004,1.0,0.015,0.5,11.569053831499804,1.1004065869692563,0.599756347559559,11.632812405721376,244.0,69.0,175.0,28.278688524590162,12679.71,11522.75,1156.9599999999991,1336.06,0.0,4.0,-2.658448903500175,0.9522819789355791,-0.1996738125004733,15.129522385426617,127.0,39.0,88.0,30.708661417322833,5305.62,5571.48,-265.8599999999997,622.1,0.0,5.0,0.11964927100111694,,,,,,,
1a_broad,296,0.13009562245784234,True,64,20,78.0,24.0,11,4,3.5,18,41,1.2000000000000002,2.8,1.0,0.015,0.5,7.248476945499678,1.0743284607536003,0.4313473475999798,12.009571733961389,214.0,64.0,150.0,29.906542056074766,10476.69,9751.850000000002,724.8399999999983,1142.39,0.0,6.0,6.148184513999786,1.1313888580196785,0.7035908038849712,14.395425797569333,101.0,34.0,67.0,33.663366336633665,5294.04,4679.24,614.8000000000002,497.42,0.0,3.0,,0.018444553541999358,0.03284721450491962,-0.0,0.08015873015873017,0.007248476945499679,0.003716423037680017,-0.012319775730986502
1a_broad,297,0.07836428346883767,True,68,20,77.0,23.0,11,4,3.4000000000000004,18,42,1.2000000000000002,2.7,1.0,0.015,0.5,1.8325629164997554,1.0180872913992298,0.1632535255589524,14.71383557099523,235.0,69.0,166.0,29.361702127659573,10310.17,10127.0,183.17000000000007,1208.24,0.0,6.0,2.391435757999734,1.0501783690770976,0.32775635560226757,16.46513233283578,106.0,34.0,72.0,32.075471698113205,5004.52,4765.4,239.1200000000008,509.78,0.0,3.0,,0.007174307273999201,0.012544592269274402,-0.008372184759061594,0.08412698412698413,0.0018325629164997555,0.0009043645699614911,-0.01984634292881972
1a_broad,298,-1.0051774316212307,False,65,20,78.0,24.0,11,4,3.5,19,43,1.1,2.9000000000000004,1.0,0.015,0.5,10.363667050999574,1.1041822687086285,0.5624445870270498,12.997825309566204,215.0,65.0,150.0,30.232558139534884,10984.349999999999,9947.949999999999,1036.3999999999996,1163.67,0.0,6.0,0.8414819194998199,1.0173821807862466,0.16713347698483266,15.828222462770261,105.0,30.0,75.0,28.571428571428573,4925.900000000001,4841.739999999999,84.16000000000167,505.8,0.0,4.0,0.031064589727384184,,,,,,,
1a_broad,299,-1.038579838989997,False,42,19,77.0,23.0,9,4,3.4000000000000004,18,41,1.2000000000000002,3.0,1.0,0.015,0.5,13.059317783999813,1.1164272729623153,0.6567807348817668,11.188960905231419,242.0,64.0,178.0,26.446280991735538,12522.439999999999,11216.53,1305.909999999998,1347.42,0.0,5.0,-6.457406883500153,0.8747497866397703,-0.6067801424324049,16.58003583457191,115.0,33.0,82.0,28.695652173913043,4509.86,5155.599999999999,-645.7399999999998,543.15,0.0,4.0,0.2314790339399822,,,,,,,
1a_broad,300,0.01265102319027793,True,72,20,59.0,45.0,10,4,3.5,18,44,1.3,2.9000000000000004,1.0,0.015,0.5,18.845706636999694,1.2184289858633528,1.016909392494611,9.727781633512391,201.0,63.0,138.0,31.34328358208955,10512.519999999999,8627.93,1884.5899999999983,1151.99,0.0,4.0,2.5173244294998405,1.061512222298242,0.3636793585651235,13.589601280110902,94.0,31.0,63.0,32.97872340425532,4344.260000000001,4092.5199999999995,251.7400000000016,459.65,0.0,2.0,,0.007551973288499521,0.015378055574560512,-0.0,0.0746031746031746,0.018845706636999693,0.010921449293167641,-0.11464933620612404
1a_broad,301,-1.0005675655308015,False,67,20,56.0,44.0,11,4,3.5,18,41,1.2000000000000002,2.8,1.0,0.015,0.5,4.077778686999845,1.0440109304243093,0.3033282018969657,14.649873538401096,259.0,74.0,185.0,28.571428571428573,9673.68,9265.880000000001,407.7999999999993,1371.4,0.0,4.0,1.746669724500007,1.0464243371559512,0.30033424529067176,10.768872899044501,102.0,31.0,71.0,30.392156862745097,3936.46,3761.8199999999997,174.64000000000033,506.32,0.0,3.0,0.0034053931848084433,,,,,,,
1a_broad,302,-1.0592432236538905,False,52,19,76.0,24.0,9,4,1.9,19,46,1.1,3.0,1.0,0.015,0.5,24.627103547499793,1.25856017504092,1.1786286021563057,8.589773183299387,211.0,66.0,145.0,31.27962085308057,11987.32,9524.630000000001,2462.6899999999987,1203.48,0.0,5.0,-10.090305163000231,0.782715895191993,-1.1705134477984023,14.12237039923569,107.0,29.0,78.0,27.102803738317757,3634.8700000000003,4643.92,-1009.0499999999997,507.49,0.0,4.0,0.3554593419233423,,,,,,,
1a_broad,303,-1.0110468614885812,False,50,20,78.0,25.0,15,4,3.6,20,42,1.2000000000000002,2.7,1.0,0.015,0.5,1.8366959204996602,1.015770576076026,0.16211002167664834,13.000871309941035,261.0,72.0,189.0,27.586206896551722,11828.11,11644.469999999998,183.64000000000306,1343.03,0.0,4.0,-0.672247775500091,0.9874633742646894,0.008548106968690461,14.168099612086738,118.0,38.0,80.0,32.20338983050848,5297.82,5365.08,-67.26000000000022,579.27,0.0,3.0,0.0662811689314872,,,,,,,
1a_broad,304,0.1195406451052328,True,64,20,79.0,38.0,11,4,3.8000000000000003,6,45,1.2000000000000002,2.8,1.0,0.015,0.5,9.036011973999702,1.0856985703786244,0.5210016665550216,18.09742396017912,253.0,73.0,180.0,28.85375494071146,11448.42,10544.75,903.6700000000001,1410.33,0.0,6.0,5.4295102109998155,1.1093149443801278,0.6652898881793919,13.475533204170038,127.0,41.0,86.0,32.28346456692913,5509.6900000000005,4966.750000000001,542.9399999999996,641.31,0.0,4.0,,0.016288530632999447,0.027328736095031947,-0.0,0.1,0.009036011973999702,0.0042849285189312195,-0.03739756211572953
1a_broad,305,-1.0020485456700847,False,63,19,79.0,38.0,11,5,3.9000000000000004,12,44,1.3,2.9000000000000004,1.0,0.015,0.5,11.285017715999711,1.118774325413782,0.6256623347438932,11.998006050104053,208.0,64.0,144.0,30.76923076923077,10629.900000000001,9501.380000000001,1128.5200000000004,1139.31,0.0,6.0,1.637650651499953,1.0370941622784666,0.250757976601625,14.69645140867323,100.0,31.0,69.0,31.0,4579.03,4415.25,163.77999999999975,480.6,0.0,3.0,0.012291274020508018,,,,,,,
1a_broad,306,-1.0067534722405378,False,69,20,79.0,39.0,11,4,3.8000000000000003,6,45,1.0,2.8,1.0,0.015,0.5,3.9865822774997652,1.0351168771688775,0.2657234383473629,20.02982962668538,289.0,78.0,211.0,26.98961937716263,11752.51,11353.8,398.71000000000095,1583.19,0.0,7.0,0.4038382304999141,1.0074531248846121,0.12036827334123301,13.961970747391936,142.0,40.0,102.0,28.169014084507044,5456.889999999999,5416.5199999999995,40.36999999999989,703.23,0.0,5.0,0.04052083344322657,,,,,,,
1a_broad,307,-1.007689003658039,False,65,21,79.0,25.0,11,5,3.8000000000000003,11,45,1.1,3.1,1.0,0.015,0.5,18.56300819699962,1.1843131102713242,0.9098255104813214,12.467916896087194,217.0,66.0,151.0,30.4147465437788,11927.619999999999,10071.34,1856.2799999999988,1233.02,0.0,6.0,0.07331998849991578,1.0015592769543542,0.08970972761882078,15.78779194294571,105.0,27.0,78.0,25.714285714285715,4714.650000000001,4707.3099999999995,7.340000000001055,502.44,0.0,5.0,0.04613402194823413,,,,,,,
1a_broad,308,0.0569629091099867,True,63,21,80.0,24.0,11,4,3.7,8,43,1.2000000000000002,2.9000000000000004,1.0,0.015,0.5,6.423518256499593,1.0638463457518765,0.3916463349942943,14.522045852271493,237.0,69.0,168.0,29.11392405063291,10703.390000000001,10061.029999999999,642.3600000000024,1289.43,0.0,6.0,2.610378184499768,1.0557637096912014,0.3525532168696016,14.802286165528086,112.0,34.0,78.0,30.357142857142858,4942.41,4681.359999999998,261.050000000002,550.02,0.0,3.0,,0.007831134553499304,0.013940927422800342,-0.0,0.08888888888888889,0.006423518256499593,0.003192317287593827,-0.06331387729929526
1a_broad,309,-1.0178993396230105,False,67,20,78.0,38.0,11,4,1.6,4,39,1.3,2.7,1.0,0.015,0.5,-1.323211915000047,0.9773651363597503,-0.05994986017068276,15.039778581052547,195.0,49.0,146.0,25.128205128205128,5716.12,5848.5,-132.3800000000001,1011.17,0.0,2.0,-0.9103519625000627,0.9606865810887858,-0.11662360627009795,7.51855339054172,78.0,24.0,54.0,30.76923076923077,2224.2200000000003,2315.24,-91.01999999999953,385.76,0.0,2.0,0.10739603773806228,,,,,,,
1a_broad,310,-1.0048237386137915,False,71,20,79.0,25.0,10,5,3.7,5,46,1.2000000000000002,3.0,1.0,0.015,0.5,12.407651506999773,1.1233010663892127,0.6638955278894727,16.856949606387357,235.0,64.0,171.0,27.23404255319149,11303.7,10062.93,1240.7700000000004,1346.64,0.0,7.0,0.9453219479998005,1.0196104467331133,0.1794838339889208,14.867359551930823,126.0,35.0,91.0,27.77777777777778,4914.399999999999,4819.88,94.51999999999862,618.24,0.0,4.0,0.028942431682749282,,,,,,,
1a_broad,311,-1.0306067828560963,False,99,21,80.0,40.0,11,4,2.0,14,42,1.1,2.8,1.0,0.015,0.5,4.540478083999733,1.0471086411324089,0.30432491922194455,14.501987903309118,222.0,64.0,158.0,28.82882882882883,10091.52,9637.509999999998,454.01000000000204,1133.02,0.0,4.0,-3.6942919179999265,0.8959673331455927,-0.36063263513567867,10.556060759683863,80.0,19.0,61.0,23.75,3181.5799999999995,3550.9999999999995,-369.4200000000001,383.6,0.0,0.0,0.18364069713657763,,,,,,,
1a_broad,312,-1.0002018294808759,False,62,20,79.0,24.0,7,4,2.3,7,40,1.2000000000000002,2.9000000000000004,1.0,0.015,0.5,14.580429312999676,1.1445161008978364,0.8208504190089656,17.836441238013126,250.0,72.0,178.0,28.8,11547.95,10089.810000000001,1458.1399999999994,1456.51,0.0,6.0,2.4036772739998926,1.0487284742704819,0.3496000527416777,13.953480632406542,124.0,37.0,87.0,29.838709677419356,5173.43,4933.05,240.3800000000001,628.21,0.0,3.0,0.0012109768852553938,,,,,,,
1a_broad,313,-2.0,False,59,21,78.0,32.0,10,11,1.0,18,44,1.1,2.6,1.0,0.015,0.5,,,,,,,,,,,,,,,,,,,,,,,,,,,,,6.0,,,,,,,
1a_broad,314,0.029187421664145966,True,57,19,80.0,37.0,9,5,3.7,18,41,1.2000000000000002,3.0,1.0,0.015,0.5,10.906031227999774,1.115302761992864,0.5918847637538961,13.222138917647547,192.0,56.0,136.0,29.166666666666668,10549.37,9458.75,1090.6200000000008,1074.5,0.0,7.0,2.616992890999827,1.0531022294008197,0.3436115114123613,14.58458283535527,105.0,33.0,72.0,31.428571428571427,5189.930000000001,4928.23,261.70000000000164,514.08,0.0,3.0,,0.00785097867299948,0.013275557350204914,-0.0,0.08333333333333334,0.010906031227999775,0.005765138099643197,-0.09194361702003474
1a_broad,315,-1.019048291530043,False,48,21,79.0,39.0,11,4,3.9000000000000004,10,45,1.2000000000000002,2.8,1.0,0.015,0.5,3.8609023039997012,1.0324222279700501,0.25660351850882096,15.064833192713836,273.0,78.0,195.0,28.571428571428573,12293.960000000001,11907.880000000001,386.0799999999999,1451.33,0.0,4.0,-2.38512687450002,0.9550395955429802,-0.188483554753444,15.192224637747028,132.0,41.0,91.0,31.060606060606062,5066.38,5304.889999999999,-238.5099999999993,642.52,0.0,3.0,0.11428974918025715,,,,,,,
1a_broad,316,-1.0164173084730355,False,46,20,79.0,23.0,10,16,3.8000000000000003,15,43,1.1,2.9000000000000004,1.0,0.015,0.5,0.5574629859997913,1.005089358390042,0.09696674373463865,15.687316579543173,275.0,70.0,205.0,25.454545454545453,11002.080000000002,10946.369999999999,55.710000000002765,1438.44,0.0,6.0,-1.7071008110001094,0.9644955151353785,-0.1352238553385519,13.929973789572633,132.0,38.0,94.0,28.78787878787879,4636.600000000001,4807.279999999999,-170.67999999999756,650.1,0.0,3.0,0.09850385083821213,,,,,,,
1a_broad,317,-1.0090026459058337,False,74,21,80.0,35.0,11,4,3.6,19,40,1.2000000000000002,2.7,1.0,0.015,0.5,-5.401587543500246,0.9459221881820548,-0.22359134136604922,14.255089040740698,232.0,66.0,166.0,28.448275862068964,9448.06,9988.2,-540.1400000000012,1153.31,0.0,7.0,7.184612998499815,1.1605668933733555,0.8067754319588187,16.13765481054065,100.0,33.0,67.0,33.0,5192.620000000001,4474.21,718.4100000000008,486.39,0.0,3.0,0.054015875435002456,,,,,,,
1a_broad,318,-1.0033930724141988,False,64,20,78.0,31.0,10,5,3.9000000000000004,19,43,1.3,3.0,1.0,0.015,0.5,4.947548528499701,1.0527978743837632,0.3183990624726116,13.765677987414849,194.0,56.0,138.0,28.8659793814433,9866.189999999999,9371.400000000001,494.78999999999724,1031.87,0.0,6.0,1.2390072789999067,1.0286236437905478,0.20730464850999028,15.075264749564676,88.0,27.0,61.0,30.681818181818183,4452.13,4328.24,123.89000000000033,421.62,0.0,3.0,0.02035843448519259,,,,,,,
1a_broad,319,-1.007682261861667,False,105,19,80.0,28.0,9,5,4.0,9,39,1.1,2.8,1.0,0.015,0.5,-4.6093571170002,0.9583207888853025,-0.16000989072411523,13.69916772089694,268.0,80.0,188.0,29.850746268656717,10599.67,11060.670000000002,-461.0000000000018,1317.96,0.0,5.0,10.704107455499887,1.231008287292818,1.181318258634709,11.000130593277618,107.0,33.0,74.0,30.8411214953271,5704.000000000001,4633.599999999999,1070.4000000000015,555.75,0.0,4.0,0.046093571170002,,,,,,,
1a_broad,320,0.10211061648298489,True,53,21,79.0,32.0,10,4,3.7,18,46,1.2000000000000002,2.9000000000000004,1.0,0.015,0.5,10.503391294999856,1.092565421034311,0.5631098438738612,12.444919518628259,239.0,70.0,169.0,29.288702928870293,12398.05,11347.65,1050.3999999999996,1305.24,0.0,6.0,5.476363598499847,1.1058724588927877,0.6356438713194636,14.74155887732087,115.0,37.0,78.0,32.17391304347826,5720.07,5172.45,547.6199999999999,576.73,0.0,3.0,,0.01642909079549954,0.026468114723196934,-0.0,0.09126984126984128,0.010503391294999857,0.004628271051715549,-0.047188092652268275
1a_broad,321,-1.009832390822269,False,68,20,62.0,31.0,11,4,3.6,18,41,1.2000000000000002,3.1,1.0,0.015,0.5,13.863304827999654,1.1356950661233627,0.7313859114396918,10.39458108800221,224.0,61.0,163.0,27.232142857142858,11602.839999999998,10216.510000000002,1386.3299999999963,1230.19,0.0,6.0,-0.3664861135002139,0.9919040420114579,0.038663237926958215,15.639652959752942,99.0,27.0,72.0,27.272727272727273,4487.85,4524.48,-36.6299999999992,479.82,0.0,3.0,0.058994344933613725,,,,,,,
1a_broad,322,-1.0002400848033066,False,59,19,79.0,24.0,10,5,3.8000000000000003,19,44,1.1,2.9000000000000004,1.0,0.015,0.5,13.489683240999604,1.1372688680589191,0.7027814900455122,12.936136030239942,212.0,65.0,147.0,30.660377358490567,11176.76,9827.72,1349.0400000000009,1162.87,0.0,6.0,2.4932380834998367,1.0484874657391685,0.3327807400222613,14.745968719353911,113.0,36.0,77.0,31.858407079646017,5389.970000000001,5140.71,249.26000000000113,559.3,0.0,5.0,0.001440508819839555,,,,,,,
1a_broad,323,0.12452633825483775,True,57,21,80.0,23.0,12,4,3.7,18,47,1.2000000000000002,2.8,1.0,0.015,0.5,5.426410026999802,1.057327949594001,0.3388911349786253,11.876353565597427,202.0,60.0,142.0,29.702970297029704,10008.179999999998,9465.539999999999,542.6399999999994,1072.02,0.0,7.0,4.879980415499867,1.0953283296932568,0.578119181783319,13.565773692757462,108.0,37.0,71.0,34.25925925925926,5606.919999999999,5118.94,487.97999999999956,542.46,0.0,4.0,,0.0146399412464996,0.023832082423314194,-0.0,0.08571428571428572,0.005426410026999802,0.002866397479700045,-0.007952778635961605
1a_broad,324,0.07283192722882804,True,56,21,80.0,23.0,12,6,3.6,18,47,1.3,2.8,1.0,0.015,0.5,8.578884903499947,1.0826497875661143,0.4834094160227803,10.081166767765074,230.0,67.0,163.0,29.130434782608695,11237.579999999998,10379.7,857.8799999999974,1222.66,0.0,7.0,4.024983461499796,1.0819841767768534,0.49688017986545713,14.738670163801574,103.0,34.0,69.0,33.00970873786408,5311.72,4909.24,402.4800000000005,514.49,0.0,3.0,,0.012074950384499388,0.02049604419421336,-0.0,0.08174603174603175,0.008578884903499949,0.004132489378305715,-0.05419647337772212
1a_broad,325,0.02789638804729422,True,54,21,80.0,24.0,12,4,3.6,18,38,1.2000000000000002,3.0,1.0,0.015,0.5,16.432545064499738,1.1483002970915355,0.8138307857039442,12.8257708129419,233.0,68.0,165.0,29.184549356223176,12724.04,11080.759999999998,1643.2800000000025,1330.2,0.0,6.0,2.9657372189998568,1.0606346220686556,0.3770654436321093,14.901444098479738,106.0,33.0,73.0,31.132075471698112,5187.670000000001,4891.099999999999,296.5700000000015,518.33,0.0,3.0,,0.00889721165699957,0.015158655517163888,-0.0,0.08412698412698413,0.01643254506449974,0.007415014854576774,-0.10413402317292988
1a_broad,326,-1.003207738315109,False,51,21,80.0,22.0,12,20,3.7,18,42,1.1,2.9000000000000004,1.0,0.015,0.5,3.1327911874998606,1.0412409801395275,0.2474995391451461,9.498254014177023,208.0,55.0,153.0,26.442307692307693,7911.880000000001,7598.51,313.3700000000008,1054.7,0.0,6.0,0.9946030690000225,1.0297912486148133,0.2006024467137984,10.771611710862814,95.0,28.0,67.0,29.473684210526315,3438.37,3338.9,99.4699999999998,465.62,0.0,3.0,0.01924642989065404,,,,,,,
1a_broad,327,-1.0020554563426933,False,58,21,80.0,23.0,9,5,3.5,18,41,1.2000000000000002,2.7,1.0,0.015,0.5,7.636631282999678,1.083404873466802,0.45329127714193806,11.961302569821708,203.0,62.0,141.0,30.541871921182267,9919.33,9155.7,763.6299999999992,1088.6200000000001,0.0,6.0,1.919095674999844,1.0370506250410323,0.27934403219517706,14.035885568709944,112.0,37.0,75.0,33.035714285714285,5370.74,5178.86,191.8800000000001,554.25,0.0,3.0,0.012332738056159764,,,,,,,
1a_broad,328,0.04332904063660535,True,55,21,79.0,25.0,14,4,3.6,17,47,1.2000000000000002,3.0,1.0,0.015,0.5,14.396317811999834,1.1301352713335955,0.7187352367881742,13.522313515695398,226.0,67.0,159.0,29.646017699115045,12502.630000000001,11062.95,1439.6800000000003,1279.47,0.0,7.0,3.6418554964998107,1.0767408830954277,0.44566951043890374,14.27685422340765,103.0,33.0,70.0,32.03883495145631,5109.759999999999,4745.58,364.1799999999994,506.44,0.0,4.0,,0.010925566489499432,0.019185220773856926,-0.0,0.08174603174603175,0.014396317811999834,0.006506763566679775,-0.08943085975146237
1a_broad,329,-1.0005053511728184,False,53,21,77.0,22.0,10,4,3.4000000000000004,17,40,1.0,2.9000000000000004,1.0,0.015,0.5,5.369295639499942,1.0440246003186138,0.3211772864874468,12.787163284525285,280.0,81.0,199.0,28.928571428571427,12733.54,12196.59,536.9500000000007,1472.49,0.0,6.0,2.6515391944998554,1.0468162876112446,0.347863932463142,16.109416333400965,131.0,40.0,91.0,30.53435114503817,5928.33,5663.2,265.1300000000001,650.1,0.0,6.0,0.0030321070369099786,,,,,,,
1a_broad,330,0.07881356861894626,True,60,21,78.0,21.0,12,6,3.5,19,42,1.1,2.8,1.0,0.015,0.5,2.4696353319998523,1.0261666498911357,0.19418476174976163,15.823950732986697,218.0,65.0,153.0,29.81651376146789,9685.32,9438.349999999999,246.97000000000116,1123.91,0.0,6.0,5.7936397684998155,1.1132459754657826,0.6626754349894436,14.095174483657322,113.0,38.0,75.0,33.6283185840708,5695.499999999999,5116.119999999999,579.3800000000001,568.14,0.0,4.0,,0.017380919305499447,0.02831149386644566,-0.0,0.0896825396825397,0.0024696353319998525,0.0013083324945567854,-0.06033935206209519
1a_broad,331,0.03367955390431947,True,57,21,80.0,28.0,10,5,3.7,18,39,1.3,2.9000000000000004,1.0,0.015,0.5,15.259916314999955,1.1399144054774626,0.774423511514801,9.919455180862851,232.0,67.0,165.0,28.879310344827587,12433.320000000002,10907.240000000002,1526.08,1270.48,0.0,7.0,3.1533129369998276,1.0635245530093176,0.409271273220786,15.037374293066124,107.0,33.0,74.0,30.8411214953271,5279.070000000001,4963.750000000001,315.3199999999997,529.06,0.0,3.0,,0.009459938810999482,0.015881138252329396,-0.00021356738894928032,0.08492063492063492,0.015259916314999955,0.0069957202738731294,-0.09862422727956814
1a_broad,332,-1.016061844441321,False,50,21,79.0,30.0,13,4,3.6,18,46,1.2000000000000002,3.2,1.0,0.015,0.5,13.051234293999842,1.111347152867182,0.6591510613898525,13.09792639412306,238.0,64.0,174.0,26.89075630252101,13026.2,11721.09,1305.1100000000006,1331.27,0.0,4.0,-1.6708618080000452,0.966354429003678,-0.08650404387926601,14.67893237221562,104.0,30.0,74.0,28.846153846153847,4800.24,4967.37,-167.1300000000001,500.95,0.0,3.0,0.09637106664792625,,,,,,,
1a_broad,333,0.10360891508152748,True,61,20,68.0,25.0,12,5,3.7,19,41,1.1,2.8,1.0,0.015,0.5,11.860297432999706,1.124037307095376,0.6374953621891709,12.28100183323618,219.0,67.0,152.0,30.59360730593607,10747.729999999998,9561.72,1186.0099999999984,1176.41,0.0,6.0,6.035281069499815,1.1190320767554456,0.6849533620050702,14.125067202841072,109.0,37.0,72.0,33.944954128440365,5674.22,5070.65,603.5700000000006,551.56,0.0,4.0,,0.018105843208499443,0.029758019188861395,-0.0,0.08650793650793652,0.011860297432999706,0.0062018653547687985,-0.04882504661153839
1a_broad,334,-1.0069402450806626,False,52,18,80.0,32.0,9,4,3.4000000000000004,18,43,1.2000000000000002,2.7,1.0,0.015,0.5,1.0944406879997588,1.0094993666220682,0.1261812188732781,13.09877439439569,263.0,74.0,189.0,28.136882129277566,11627.02,11517.61,109.40999999999985,1349.3,0.0,6.0,0.32679149799982044,1.006276455991826,0.11337525090052485,13.318199705506789,115.0,38.0,77.0,33.04347826086956,5239.44,5206.759999999999,32.68000000000029,569.53,0.0,3.0,0.041641470483975256,,,,,,,
1a_broad,335,0.029040324873732454,True,56,20,79.0,26.0,8,5,3.5,18,40,1.3,3.0,1.0,0.015,0.5,18.314499728499758,1.1733565294429997,0.9021748976901014,9.186670908451196,220.0,63.0,157.0,28.636363636363637,12396.5,10564.990000000002,1831.5099999999984,1234.96,0.0,7.0,3.085733948499856,1.064839933178537,0.39681758351278223,14.885010924178621,105.0,32.0,73.0,30.476190476190474,5067.5199999999995,4758.950000000001,308.5699999999988,515.35,0.0,3.0,,0.009257201845499568,0.016209983294634245,-0.0,0.08333333333333334,0.01831449972849976,0.008667826472149988,-0.10674251980038445
1a_broad,336,0.12416751547154964,True,54,21,78.0,31.0,10,4,3.6,17,44,1.2000000000000002,2.8,1.0,0.015,0.5,7.7488561434997605,1.068400110859461,0.4319586050099836,12.276398363361707,245.0,72.0,173.0,29.387755102040817,12104.61,11329.66,774.9500000000007,1308.37,0.0,6.0,5.638594605999824,1.1074808042760524,0.6530146038307749,12.724986141304928,117.0,40.0,77.0,34.18803418803419,5809.8,5245.96,563.8400000000001,592.18,0.0,3.0,,0.01691578381799947,0.02687020106901311,-0.0,0.09285714285714286,0.007748856143499761,0.0034200055429730483,-0.023644473959078618
1a_broad,337,0.07567599416701765,True,70,21,78.0,31.0,10,4,3.5,17,42,1.1,2.8,1.0,0.015,0.5,2.2220636819996433,1.0215112367436434,0.18094678923787125,12.530045809725006,226.0,67.0,159.0,29.646017699115045,10552.16,10329.95,222.20999999999913,1184.36,0.0,6.0,3.6366151864997662,1.0757598486553155,0.44809862318715676,16.080669220612855,107.0,32.0,75.0,29.906542056074766,5163.26,4799.640000000001,363.619999999999,519.78,0.0,4.0,,0.010909845559499299,0.018939962163828872,-0.006175252689216312,0.08492063492063492,0.0022220636819996436,0.0010755618371821706,-0.03621682130691096
1a_broad,338,-1.005862434190529,False,58,21,77.0,31.0,10,4,3.7,17,46,1.2000000000000002,2.6,1.0,0.015,0.5,10.465465751499742,1.103228912144746,0.5849066057926204,12.526538447167187,230.0,75.0,155.0,32.608695652173914,11183.949999999999,10137.47,1046.4799999999996,1242.38,0.0,6.0,0.6745439019998412,1.0130666645996678,0.14980737126018587,13.63304346374869,114.0,38.0,76.0,33.333333333333336,5227.89,5160.459999999999,67.4300000000012,560.94,0.0,3.0,0.035174605143173596,,,,,,,
1a_broad,339,-1.0009914570308687,False,55,21,78.0,32.0,10,4,3.6,17,39,1.0,2.7,1.0,0.015,0.5,1.6453681689998119,1.0136442253320266,0.1527017340262512,11.577040995185246,288.0,87.0,201.0,30.208333333333332,12225.34,12060.78,164.5599999999995,1459.03,0.0,7.0,2.4336140399997563,1.043753820705527,0.32665680502532274,14.87955471647322,128.0,42.0,86.0,32.8125,5805.150000000001,5561.8,243.35000000000036,640.18,0.0,6.0,0.0059487421852124,,,,,,,
1a_broad,340,-1.0185365499124102,False,48,21,77.0,23.0,9,19,3.6,17,47,1.3,2.8,1.0,0.015,0.5,4.043180400499877,1.0516181500400246,0.30264191058127543,10.00930081597527,203.0,56.0,147.0,27.586206896551722,8237.02,7832.71,404.3100000000004,1030.31,0.0,4.0,-1.619172013500065,0.9502210416935667,-0.1578726427736529,9.669384174926295,79.0,21.0,58.0,26.582278481012658,3090.8599999999997,3252.7799999999997,-161.92000000000007,387.77,0.0,3.0,0.11121929947446099,,,,,,,
1a_broad,341,-0.0012384067991268888,True,120,21,80.0,31.0,10,4,3.4000000000000004,19,38,1.2000000000000002,2.7,1.0,0.015,0.5,0.47316937599995074,1.0047475941042763,0.09350857815515572,11.31183552774932,211.0,62.0,149.0,29.38388625592417,10016.59,9969.260000000002,47.32999999999811,1076.81,0.0,4.0,7.220179506499989,1.1904877482535192,0.8123716648905633,9.77398404957782,76.0,25.0,51.0,32.89473684210526,4512.5199999999995,3790.48,722.0399999999995,381.75,0.0,2.0,,0.021660538519499967,0.047621937063379804,-0.0,0.06031746031746032,0.00047316937599995075,0.0002373797052138138,-0.13154889178068074
1a_broad,342,-1.0078326428801017,False,34,21,78.0,32.0,10,4,3.7,18,41,1.1,2.9000000000000004,1.0,0.015,0.5,16.563517701999665,1.125765748527728,0.7756071255271646,15.234477168925665,293.0,81.0,212.0,27.64505119453925,14826.47,13170.119999999999,1656.3500000000004,1676.73,0.0,5.0,0.03516418649996922,1.0006543498553593,0.08769283454538478,17.568733656287137,130.0,38.0,92.0,29.23076923076923,5413.490000000001,5409.95,3.540000000000873,627.85,0.0,4.0,0.046995857280610245,,,,,,,
1a_broad,343,-1.0239496748098418,False,62,8,76.0,33.0,9,4,3.8000000000000003,19,16,1.2000000000000002,2.8,1.0,0.015,0.5,10.194409705999714,1.0890058435622592,0.5548352880090424,10.796655033913575,284.0,83.0,201.0,29.225352112676056,12473.069999999998,11453.63,1019.4399999999987,1533.5,0.0,3.0,-3.27133719700023,0.9334660892664995,-0.3076278484937328,16.428939749601838,120.0,34.0,86.0,28.333333333333332,4589.19,4916.290000000001,-327.1000000000013,575.94,0.0,4.0,0.14369804885905038,,,,,,,
1a_broad,344,-1.0033948361953478,False,51,21,80.0,25.0,10,4,3.6,18,45,1.2000000000000002,3.1,1.0,0.015,0.5,11.10515033549982,1.0960752068196191,0.578934340404757,12.591372544981883,241.0,67.0,174.0,27.800829875518673,12670.18,11559.59,1110.5900000000001,1330.64,0.0,6.0,1.4143384849998437,1.0286125319693094,0.22463636625889558,14.672914019826106,105.0,32.0,73.0,30.476190476190474,5083.65,4942.24,141.40999999999985,513.83,0.0,4.0,0.020369017172086373,,,,,,,
1a_broad,345,0.13504661406384258,True,58,21,79.0,34.0,8,4,3.4000000000000004,17,40,1.1,2.9000000000000004,1.0,0.015,0.5,11.878472345499649,1.1200596750620098,0.6298154506431722,12.179427837579421,217.0,65.0,152.0,29.953917050691246,11081.399999999998,9893.58,1187.819999999998,1174.73,0.0,6.0,7.40919503749983,1.1378280135577077,0.8145220767953596,14.465856212756858,120.0,40.0,80.0,33.333333333333336,6116.4400000000005,5375.54,740.9000000000005,611.28,0.0,4.0,,0.02222758511249949,0.03445700338942692,-0.0,0.09523809523809523,0.01187847234549965,0.006002983753100488,-0.03475752577477921
1a_broad,346,0.1309608546815918,True,57,21,78.0,35.0,10,4,3.5,17,41,1.1,2.9000000000000004,1.0,0.015,0.5,9.713086002499786,1.101707551783102,0.5302717160134114,12.329106158752582,206.0,61.0,145.0,29.611650485436893,10521.23,9549.93,971.2999999999993,1119.83,0.0,7.0,6.580571205999932,1.123257112031827,0.7353011948160998,14.473923333356078,119.0,40.0,79.0,33.61344537815126,5996.889999999999,5338.839999999999,658.0500000000002,602.42,0.0,4.0,,0.019741713617999795,0.030814278007956775,-0.0,0.09444444444444444,0.009713086002499788,0.005085377589155105,-0.02883804498046411
1a_broad,347,-1.0215137372437035,False,59,21,78.0,35.0,11,4,3.4000000000000004,16,41,1.1,3.0,1.0,0.015,0.5,16.586751659499587,1.1683255227730769,0.8272106561988994,11.980020752367782,213.0,65.0,148.0,30.516431924882628,11512.89,9854.18,1658.7099999999991,1201.81,0.0,6.0,-2.8204423020002105,0.9440780995356695,-0.20312868776715542,14.76709164323379,109.0,32.0,77.0,29.357798165137616,4761.76,5043.82,-282.0599999999995,518.32,0.0,4.0,0.1290824234622217,,,,,,,
1a_broad,348,0.05564289896649315,True,57,21,78.0,35.0,10,4,3.5,17,40,1.1,3.0,1.0,0.015,0.5,9.014968469499818,1.0936563675275832,0.4954379600224448,13.715743628837052,204.0,59.0,145.0,28.92156862745098,10526.88,9625.4,901.4799999999996,1114.59,0.0,7.0,3.225636526999715,1.0636432159812466,0.3999618860093459,14.410081059227966,110.0,35.0,75.0,31.818181818181817,5390.4800000000005,5067.940000000001,322.53999999999905,545.31,0.0,4.0,,0.009676909580999146,0.01591080399531164,-0.0,0.08730158730158731,0.009014968469499817,0.004682818376379161,-0.07094418875728392
1a_broad,349,0.13788410496103948,True,61,21,79.0,34.0,15,4,3.7,17,42,1.1,2.9000000000000004,1.0,0.015,0.5,8.753642881499673,1.087640591178773,0.4876024624895942,15.736210263850861,224.0,68.0,156.0,30.357142857142858,10863.549999999997,9988.18,875.3699999999972,1207.58,0.0,6.0,6.8981176404998585,1.134965712217407,0.766616242184208,14.447784498962452,111.0,37.0,74.0,33.333333333333336,5800.9800000000005,5111.150000000001,689.8299999999999,563.11,0.0,4.0,,0.020694352921499574,0.03374142805435176,-0.0,0.0880952380952381,0.008753642881499673,0.00438202955893865,-0.01778258655048827
1a_broad,350,0.06465671623181017,True,61,21,79.0,34.0,14,4,3.7,16,42,1.0,2.9000000000000004,1.0,0.015,0.5,10.160847466499709,1.0962109835838958,0.546407405460302,13.827994098055472,240.0,74.0,166.0,30.833333333333332,11577.72,10561.579999999998,1016.1400000000012,1308.83,0.0,6.0,3.880890769999733,1.0705049356180287,0.47045614483996473,16.492764659385067,121.0,38.0,83.0,31.40495867768595,5891.92,5503.870000000001,388.0499999999993,607.44,0.0,6.0,,0.011642672309999198,0.017626233904507183,-0.008530083767914668,0.09603174603174604,0.01016084746649971,0.00481054917919479,-0.06708524889222207
1a_broad,351,-1.0051575753528528,False,61,21,79.0,36.0,16,4,3.8000000000000003,17,41,1.1,3.1,1.0,0.015,0.5,7.033126151499728,1.0708661337986944,0.40665533593152153,15.045150321103376,216.0,61.0,155.0,28.24074074074074,10628.25,9924.91,703.3400000000001,1157.46,0.0,6.0,0.8641432244998396,1.017507275277028,0.1693195717566952,14.372653263049747,103.0,31.0,72.0,30.097087378640776,5020.910000000001,4934.52,86.39000000000033,502.76,0.0,4.0,0.03094545211711623,,,,,,,
1a_broad,352,0.09195005732804658,True,59,21,79.0,34.0,15,4,3.7,17,42,1.1,2.9000000000000004,1.0,0.015,0.5,17.773992030999672,1.181285875724654,0.8812562150177746,12.579537921175588,213.0,66.0,147.0,30.985915492957748,11582.130000000001,9804.68,1777.4500000000007,1198.61,0.0,6.0,6.024820597499911,1.1161076476879643,0.6813589296651944,14.466754889179557,116.0,38.0,78.0,32.758620689655174,5791.65,5189.15,602.5,582.23,0.0,4.0,,0.018074461792499733,0.029026911921991083,-0.0,0.09206349206349207,0.017773992030999674,0.009064293786232703,-0.07405309426716869
1a_broad,353,-1.0044234843879785,False,64,21,79.0,34.0,15,4,3.5,17,40,1.1,3.0,1.0,0.015,0.5,4.193197758499646,1.0410220291896546,0.2753989463959216,16.17661201104252,222.0,64.0,158.0,28.82882882882883,10642.16,10222.8,419.3600000000006,1184.88,0.0,6.0,1.046885818999781,1.0221320483557361,0.18736033225216944,15.605235431466467,100.0,29.0,71.0,29.0,4836.320000000001,4731.599999999999,104.72000000000116,480.81,0.0,4.0,0.0265409063278704,,,,,,,
1a_broad,354,-1.0097107652630892,False,77,21,79.0,35.0,15,4,3.7,17,41,1.0,3.8000000000000003,1.0,0.015,0.5,-2.96048747800025,0.9696717599641003,-0.0598073838515924,21.488820827793205,190.0,41.0,149.0,21.57894736842105,9464.52,9760.54,-296.02000000000044,1007.67,0.0,5.0,0.7370515834998878,1.0199072973615404,0.1576354606663082,12.801573242665699,74.0,16.0,58.0,21.62162162162162,3775.8599999999997,3702.1599999999994,73.70000000000027,358.46,0.0,4.0,0.058264591578535495,,,,,,,
1a_broad,355,-1.0006999434762627,False,58,21,79.0,34.0,9,4,3.8000000000000003,16,48,1.1,2.9000000000000004,1.0,0.015,0.5,18.821770068499607,1.1849868349538613,0.9167961047831659,10.914684472300063,210.0,67.0,143.0,31.904761904761905,12056.85,10174.669999999998,1882.180000000002,1187.18,0.0,6.0,2.4662135954998665,1.0455903560995454,0.3351016741240956,15.430255369973617,122.0,39.0,83.0,31.9672131147541,5655.18,5408.599999999999,246.58000000000084,604.28,0.0,5.0,0.004199660857575827,,,,,,,
1a_broad,356,-1.0419708456296923,False,63,21,80.0,35.0,14,5,2.5,17,40,1.1,2.9000000000000004,1.0,0.015,0.5,-2.477289075500139,0.976497842742165,-0.05435854534518708,16.261467688788816,260.0,72.0,188.0,27.692307692307693,10293.42,10541.16,-247.73999999999978,1276.86,0.0,5.0,-5.983430750500084,0.874421230705941,-0.6512100954437139,17.265957829745116,117.0,33.0,84.0,28.205128205128204,4166.110000000001,4764.420000000001,-598.3100000000004,547.25,0.0,4.0,0.25182507377815366,,,,,,,
1a_broad,357,0.03709548186871514,True,57,21,79.0,34.0,11,4,3.5,18,41,1.1,3.0,1.0,0.015,0.5,10.416839176499835,1.109053618578784,0.5593631351564191,13.549256784734789,198.0,58.0,140.0,29.292929292929294,10593.17,9551.54,1041.6299999999992,1092.78,0.0,7.0,2.755134138999802,1.054810820490882,0.3548396030481331,14.591018368908571,109.0,35.0,74.0,32.11009174311926,5301.110000000001,5025.65,275.46000000000095,537.05,0.0,4.0,,0.008265402416999405,0.013702705122720482,-0.0,0.08650793650793652,0.010416839176499834,0.005452680928939202,-0.0872500822843803
1a_broad,358,-1.0054033990546734,False,61,21,78.0,33.0,15,9,3.8000000000000003,18,42,1.0,2.9000000000000004,1.0,0.015,0.5,11.22596071099977,1.11953084237539,0.6093324864449023,12.037947086646708,224.0,68.0,156.0,30.357142857142858,10513.849999999999,9391.3,1122.5499999999993,1180.8,0.0,6.0,0.8649806094998893,1.0159585859555582,0.17004412947541464,15.31019341511467,122.0,37.0,85.0,30.327868852459016,5502.960000000001,5416.520000000001,86.4399999999996,602.48,0.0,6.0,0.03242039432803984,,,,,,,
1a_broad,359,-1.0172024597920293,False,65,21,80.0,36.0,16,4,3.4000000000000004,17,30,1.1,3.0,1.0,0.015,0.5,2.9202249434997247,1.0289850612933646,0.21538376768004863,17.60638940271281,226.0,67.0,159.0,29.646017699115045,10366.510000000002,10074.5,292.01000000000204,1218.93,0.0,6.0,-1.901281245500104,0.961587956387967,-0.1093181469716161,17.093262228241752,105.0,29.0,76.0,27.61904761904762,4759.87,4950.009999999999,-190.13999999999942,502.0,0.0,4.0,0.10321475875217535,,,,,,,
1a_broad,360,-1.0564698945143691,False,56,21,79.0,34.0,7,5,2.4000000000000004,17,42,0.5,2.9000000000000004,1.0,0.015,0.5,-0.5471283600002244,0.9955419261911223,0.05980321496871816,12.9469273245304,296.0,85.0,211.0,28.716216216216218,12212.939999999999,12267.630000000001,-54.69000000000233,1482.05,0.0,10.0,-11.429764472000189,0.8199970392954785,-1.1634920786192953,20.40204244909516,157.0,42.0,115.0,26.751592356687897,5206.85,6349.839999999999,-1142.9899999999989,729.02,0.0,8.0,0.33881936708621513,,,,,,,
1a_broad,361,0.12201830147562889,True,54,21,78.0,35.0,11,4,3.6,18,40,1.1,2.8,1.0,0.015,0.5,8.455974848999722,1.0734707033778366,0.4545036980855166,13.204733071187663,253.0,76.0,177.0,30.039525691699605,12355.68,11510.03,845.6499999999996,1348.06,0.0,6.0,5.65757737999982,1.1065036518334461,0.6474429543326792,13.434567687543094,121.0,41.0,80.0,33.88429752066116,5878.19,5312.400000000001,565.789999999999,612.52,0.0,4.0,,0.01697273213999946,0.02662591295836153,-0.0,0.09603174603174604,0.008455974848999721,0.0036735351688918284,-0.029741599672369688
1a_broad,362,-1.013238758481002,False,60,21,79.0,33.0,14,4,3.7,16,41,1.1,3.1,1.0,0.015,0.5,6.3505811274997725,1.063431263071892,0.375536052001787,14.893684453845898,222.0,63.0,159.0,28.37837837837838,10647.009999999998,10011.939999999999,635.0699999999997,1188.84,0.0,6.0,-1.1043712190002042,0.9781917193691888,-0.02815443853972973,14.710734177949615,108.0,32.0,76.0,29.62962962962963,4954.139999999999,5064.589999999999,-110.44999999999982,519.62,0.0,4.0,0.07943255088601274,,,,,,,
1a_broad,363,0.10953130511665421,True,57,20,80.0,34.0,8,5,3.6,19,40,1.0,2.9000000000000004,1.0,0.015,0.5,5.057733186499681,1.0505165018908105,0.3138389668949391,11.164242686704313,224.0,68.0,156.0,30.357142857142858,10517.33,10011.58,505.75,1166.84,0.0,7.0,3.858744159999787,1.0711326768960758,0.46462496053655056,15.711675050940272,122.0,39.0,83.0,31.9672131147541,5810.0700000000015,5424.2300000000005,385.84000000000106,608.19,0.0,6.0,,0.01157623247999936,0.017783169224018958,-0.004066714576801555,0.09682539682539683,0.005057733186499682,0.0025258250945405236,-0.02017033711699958
1a_broad,364,0.07235123482415416,True,73,21,79.0,33.0,11,4,3.9000000000000004,18,43,1.1,2.8,1.0,0.015,0.5,2.657657154499593,1.0256652697924584,0.20315913285673234,13.189098239964864,228.0,68.0,160.0,29.82456140350877,10619.81,10354.07,265.7399999999998,1193.59,0.0,7.0,6.886884801999768,1.1494805527457117,0.7628761916135475,15.71876233494533,102.0,32.0,70.0,31.372549019607842,5295.45,4606.820000000001,688.6299999999992,498.14,0.0,4.0,,0.020660654405999304,0.037370138186427926,-0.004107213342544744,0.08095238095238096,0.002657657154499593,0.0012832634896229212,-0.06646564602223179
1a_broad,365,-1.008788711186771,False,51,20,78.0,36.0,13,4,3.3000000000000003,19,39,1.1,3.0,1.0,0.015,0.5,6.857270208999834,1.0601248648729213,0.38881526671350314,14.089079152702425,243.0,68.0,175.0,27.983539094650205,12091.71,11405.93,685.7799999999988,1309.31,0.0,6.0,-0.18020632150019084,0.9965232858990946,0.06453841328152413,15.132217920334382,116.0,36.0,80.0,31.03448275862069,5176.5,5194.5599999999995,-18.05999999999949,565.44,0.0,4.0,0.05273226712062618,,,,,,,
1a_broad,366,-1.018100472969971,False,46,20,80.0,33.0,10,5,3.4000000000000004,18,41,1.2000000000000002,2.9000000000000004,1.0,0.015,0.5,2.8619820199997594,1.0250808536745695,0.21228906814552778,14.480828069230197,255.0,65.0,190.0,25.49019607843137,11695.66,11409.5,286.15999999999985,1353.61,0.0,5.0,-2.2306801925000763,0.9593891623104333,-0.15641622783407552,15.473605177636122,124.0,38.0,86.0,30.64516129032258,5269.09,5492.13,-223.03999999999996,607.31,0.0,3.0,0.10860283781982627,,,,,,,
1a_broad,367,-1.045542273562987,False,80,21,80.0,35.0,11,4,1.6,18,42,1.2000000000000002,2.7,1.0,0.015,0.5,-8.540365605000188,0.8889510103991407,-0.5048846218960157,17.576363720398458,185.0,51.0,134.0,27.56756756756757,6836.94,7691.02,-854.0800000000008,910.24,0.0,3.0,-3.266772654000069,0.8870586282726858,-0.3978880294376858,9.898459672634022,68.0,17.0,51.0,25.0,2565.48,2892.12,-326.6399999999999,329.44,0.0,1.0,0.2732536413779209,,,,,,,
1a_broad,368,0.15142603671373772,True,55,21,79.0,41.0,13,5,3.5,17,41,1.1,2.8,1.0,0.015,0.5,6.317993298999881,1.0559907129659578,0.3634567536798131,14.178156746023262,251.0,74.0,177.0,29.48207171314741,11916.38,11284.55,631.8299999999999,1338.09,0.0,7.0,6.900606081999886,1.1319195139948235,0.7708011257055841,13.21542303631515,120.0,41.0,79.0,34.166666666666664,5921.320000000001,5231.22,690.1000000000004,610.31,0.0,4.0,,0.020701818245999655,0.03297987849870587,-0.0,0.09523809523809523,0.006317993298999881,0.0027995356482978908,-0.006611284216360821
1a_broad,369,-1.0163399263305677,False,52,20,78.0,44.0,13,6,3.5,16,40,1.1,3.0,1.0,0.015,0.5,7.062974648999844,1.0611197455139565,0.3981852189850913,15.81637193275218,257.0,71.0,186.0,27.626459143968873,12262.13,11555.84,706.289999999999,1397.2,0.0,5.0,-1.7481557080001038,0.9654140990514248,-0.09556629054351365,15.341239063640892,115.0,34.0,81.0,29.565217391304348,4880.12,5054.95,-174.82999999999993,551.71,0.0,3.0,0.098039557983406,,,,,,,
1a_broad,370,-1.0026611956568345,False,55,21,72.0,33.0,13,5,3.4000000000000004,17,42,1.0,3.1,1.0,0.015,0.5,11.656504178999857,1.1005564857635053,0.5915571155763207,12.426095985750036,255.0,71.0,184.0,27.84313725490196,12758.080000000004,11592.390000000001,1165.6900000000023,1402.34,0.0,7.0,1.7582739429997492,1.0332344673619418,0.2558278845159109,16.62163567384018,118.0,34.0,84.0,28.8135593220339,5465.799999999999,5289.990000000001,175.80999999999858,577.25,0.0,6.0,0.015967173941007853,,,,,,,
1a_broad,371,-1.0114982714257048,False,49,20,78.0,32.0,13,5,3.5,17,41,1.1,2.8,1.0,0.015,0.5,3.127307934499895,1.0263667183082683,0.22065350078026433,15.637004378029259,270.0,75.0,195.0,27.77777777777778,12176.63,11863.82,312.8099999999995,1427.97,0.0,4.0,-0.7927065355000559,0.9858843086408108,-0.004876889309221122,13.395841256978988,130.0,41.0,89.0,31.53846153846154,5539.26,5618.57,-79.30999999999949,647.01,0.0,4.0,0.06898962855422842,,,,,,,
1a_broad,372,0.11062837410987385,True,60,21,79.0,42.0,9,5,3.6,17,41,1.1,2.9000000000000004,1.0,0.015,0.5,10.11198175099975,1.101384812682803,0.550972407418973,12.595679666967605,224.0,67.0,157.0,29.910714285714285,10984.320000000002,9973.189999999999,1011.1300000000028,1205.43,0.0,6.0,5.809918922999914,1.1122835089997642,0.6623843804835938,14.866583436433425,114.0,37.0,77.0,32.45614035087719,5755.599999999999,5174.579999999999,581.0200000000004,573.24,0.0,4.0,,0.017429756768999743,0.028070877249941062,-0.0,0.09047619047619049,0.01011198175099975,0.005069240634140149,-0.04052967277039734
1a_broad,373,0.12342128959438267,True,93,21,79.0,33.0,10,5,3.5,17,39,1.1,2.9000000000000004,1.0,0.015,0.5,10.631426064000006,1.0851190571506348,0.5523182307773464,12.891340625927777,260.0,78.0,182.0,30.0,13552.919999999998,12489.8,1063.119999999999,1417.62,0.0,5.0,7.006499961499976,1.152734026713522,0.7791911574227512,11.84583954664804,101.0,29.0,72.0,28.712871287128714,5287.81,4587.19,700.6200000000008,499.9,0.0,3.0,,0.02101949988449993,0.0381835066783805,-0.0,0.08015873015873017,0.010631426064000006,0.004255952857531742,-0.030827826048759673
1a_broad,374,0.025719722073951717,True,66,20,79.0,34.0,8,5,3.5,17,43,1.1,2.9000000000000004,1.0,0.015,0.5,11.450076941999596,1.1119138866815819,0.6083657044924662,12.516765674732074,219.0,67.0,152.0,30.59360730593607,11376.179999999998,10231.169999999998,1145.0100000000002,1200.68,0.0,6.0,2.6257119109997076,1.052876443055209,0.3470990437944961,15.856193817161351,109.0,31.0,78.0,28.440366972477065,5227.700000000002,4965.16,262.5400000000018,530.35,0.0,4.0,,0.007877135732999122,0.013219110763802278,-0.004892536098064865,0.08650793650793652,0.011450076941999596,0.005595694334079093,-0.09403769610880003
1a_broad,375,-1.0032568253576748,False,53,21,78.0,33.0,14,6,3.6,18,39,1.0,3.2,1.0,0.015,0.5,9.895876738499828,1.0797044315138824,0.514319237079464,13.302823844591524,271.0,72.0,199.0,26.568265682656826,13406.42,12416.75,989.6700000000001,1476.16,0.0,6.0,1.5784816584998222,1.029482000246649,0.23828433436792795,16.386395128228358,118.0,34.0,84.0,28.8135593220339,5509.52,5351.74,157.78000000000065,580.38,0.0,6.0,0.019540952146048677,,,,,,,
1a_broad,376,0.07135347099897014,True,63,21,79.0,26.0,17,4,3.5,17,40,1.1,2.8,1.0,0.015,0.5,5.916751394999792,1.0584141281416686,0.36163451453759154,15.032260823463044,234.0,71.0,163.0,30.34188034188034,10721.28,10129.57,591.710000000001,1239.13,0.0,6.0,2.992220358499817,1.0619119062154028,0.3868651321295319,14.454027366800595,110.0,35.0,75.0,31.818181818181817,5131.530000000001,4832.349999999999,299.1800000000012,534.61,0.0,4.0,,0.00897666107549945,0.015477976553850692,-0.0,0.08730158730158731,0.005916751394999792,0.002920706407083429,-0.04924021173405053
1a_broad,377,-1.008303707060329,False,55,20,78.0,32.0,10,5,3.3000000000000003,19,42,1.2000000000000002,2.6,1.0,0.015,0.5,-3.38587480600012,0.9684314462253958,-0.10089517585320078,15.166961006923307,249.0,74.0,175.0,29.718875502008032,10386.650000000001,10725.23,-338.5799999999981,1254.06,0.0,7.0,1.685737960499846,1.0332383309829292,0.25528417590581604,14.112129934878437,113.0,38.0,75.0,33.6283185840708,5238.57,5070.05,168.51999999999953,556.03,0.0,3.0,0.04982224236197347,,,,,,,
1a_broad,378,-1.0240144659630115,False,59,20,79.0,32.0,10,4,3.4000000000000004,16,43,1.1,3.0,1.0,0.015,0.5,12.622288394999758,1.1257495230647387,0.6583269922153284,12.16030741719929,215.0,64.0,151.0,29.767441860465116,11300.33,10038.05,1262.2800000000007,1200.76,0.0,6.0,-3.359008413500214,0.9339784527747802,-0.25882483155047387,14.76709164323379,110.0,32.0,78.0,29.09090909090909,4751.55,5087.43,-335.8800000000001,522.47,0.0,4.0,0.14408679577806865,,,,,,,
1a_broad,379,-1.00398573002957,False,50,21,79.0,42.0,9,5,3.6,19,41,1.2000000000000002,2.8,1.0,0.015,0.5,5.13086980049984,1.0433394403350995,0.31598742336607405,13.152899332919391,258.0,71.0,187.0,27.51937984496124,12351.96,11838.869999999999,513.0900000000001,1366.07,0.0,4.0,1.3467974399998457,1.0248899008137085,0.21958548742501563,13.957845379372596,119.0,38.0,81.0,31.932773109243698,5545.710000000001,5411.03,134.6800000000012,592.86,0.0,3.0,0.02391438017742056,,,,,,,
1a_broad,380,-1.0016666966581704,False,62,21,80.0,24.0,14,4,3.4000000000000004,18,40,1.0,2.7,1.0,0.015,0.5,-0.07864125750031234,0.9992459144103265,0.06689911903083956,13.3264352642641,255.0,81.0,174.0,31.764705882352942,10415.36,10423.219999999998,-7.859999999996944,1289.52,0.0,6.0,2.096393150499771,1.04032554425728,0.296282674127577,14.801271916522,119.0,38.0,81.0,31.932773109243698,5407.040000000001,5197.450000000001,209.59000000000015,589.09,0.0,5.0,0.01000017994902214,,,,,,,
1a_broad,381,0.031170035787572308,True,67,20,78.0,34.0,10,4,3.7,19,38,1.2000000000000002,2.9000000000000004,1.0,0.015,0.5,11.26525254049977,1.1102387862822654,0.617366854358468,12.064950045423412,222.0,66.0,156.0,29.72972972972973,11345.730000000001,10219.18,1126.550000000001,1208.85,0.0,6.0,3.111678622999789,1.0666633817360718,0.3976544342280827,16.172049302399138,101.0,31.0,70.0,30.693069306930692,4978.95,4667.779999999999,311.170000000001,487.01,0.0,3.0,,0.009335035868999366,0.016665845434017945,-0.006697424585137932,0.08015873015873017,0.01126525254049977,0.005511939314113268,-0.08506934294365028
1a_broad,382,0.10719001149805782,True,53,21,79.0,24.0,11,5,3.6,18,42,1.1,2.8,1.0,0.015,0.5,12.138962479499641,1.1031192763428403,0.6145917623099444,13.678347195333544,253.0,78.0,175.0,30.8300395256917,12985.170000000002,11771.32,1213.8500000000022,1389.59,0.0,6.0,5.880335167999856,1.1101122206888288,0.6693099406599489,13.60221838469496,122.0,41.0,81.0,33.60655737704918,5928.41,5340.37,588.04,617.88,0.0,4.0,,0.01764100550399957,0.02752805517220719,-0.0,0.09682539682539683,0.012138962479499643,0.005155963817142018,-0.05209937230018742
1a_broad,383,-1.178611448871087,False,58,21,80.0,44.0,13,4,1.1,17,41,1.2000000000000002,3.1,1.0,0.015,0.5,1.1080441150000115,1.107296054224159,0.23911857406767092,5.245391188199903,35.0,9.0,26.0,25.714285714285715,1143.5600000000002,1032.75,110.81000000000017,177.62,0.0,0.0,0.20757230799999887,1.0247478721121521,0.09166135317960995,4.164333237090409,25.0,6.0,19.0,24.0,859.6199999999999,838.86,20.759999999999877,125.59,0.0,0.0,1.0716686932265216,,,,,,,
1a_broad,384,0.07638295649823264,True,71,20,77.0,32.0,10,5,3.8000000000000003,18,39,1.1,3.0,1.0,0.015,0.5,2.947122004999765,1.026980477473691,0.21566451888182492,15.171396114199457,237.0,66.0,171.0,27.848101265822784,11215.89,10921.23,294.65999999999985,1250.39,0.0,7.0,6.115807009999771,1.1379727330359823,0.6757775984234002,15.509643907688805,94.0,29.0,65.0,30.851063829787233,5044.030000000001,4432.47,611.5600000000004,455.54,0.0,5.0,,0.018347421029999315,0.034493183258995586,-0.0029122509010788837,0.0746031746031746,0.002947122004999765,0.0013490238736845518,-0.0524447173715423
1a_broad,385,-1.020050638099331,False,48,21,79.0,33.0,8,4,3.5,18,43,1.2000000000000002,2.8,1.0,0.015,0.5,5.908532628499761,1.0488180115360684,0.34900443393371894,14.318618616989696,263.0,71.0,192.0,26.99619771863118,12693.749999999998,12102.91,590.8399999999983,1411.36,0.0,4.0,-2.6377939030001287,0.9513778159557155,-0.20569425399941677,14.485184883633927,122.0,38.0,84.0,31.147540983606557,5161.120000000001,5424.889999999999,-263.7699999999986,595.68,0.0,3.0,0.1203038285959866,,,,,,,
1a_broad,386,-1.0402066559382224,False,54,21,78.0,26.0,9,6,3.6,17,41,1.1,1.3,1.0,0.015,0.5,-0.21221619050018492,0.9982684857891924,0.047280983836568126,12.388676536514668,408.0,189.0,219.0,46.3235294117647,12245.480000000001,12266.72,-21.239999999997963,2074.12,0.0,6.0,-7.018313824500219,0.8726186327467037,-0.8446487254346081,13.753798198197684,172.0,81.0,91.0,47.093023255813954,4807.639999999999,5509.4400000000005,-701.8000000000011,821.05,0.0,4.0,0.2412399356293339,,,,,,,
1a_broad,387,0.0825979068816229,True,56,20,80.0,30.0,10,4,3.7,19,42,1.2000000000000002,2.7,1.0,0.015,0.5,5.160918340499811,1.0471418145547646,0.3176001734330238,11.420772237851443,241.0,71.0,170.0,29.46058091286307,11464.139999999998,10948.029999999999,516.1099999999988,1253.86,0.0,7.0,3.0521156724998035,1.059021801769049,0.39576841811044905,13.625626973169929,113.0,38.0,75.0,33.6283185840708,5476.350000000001,5171.140000000001,305.21000000000004,563.02,0.0,3.0,,0.00915634701749941,0.01475545044226223,-0.0,0.0896825396825397,0.005160918340499812,0.0023570907277382317,-0.03851443932891648
1a_broad,388,0.16807306835475322,True,61,21,79.0,43.0,11,4,3.5,18,40,1.1,2.9000000000000004,1.0,0.015,0.5,9.976030947499675,1.0994353210894863,0.5422148693114044,12.62285811461262,223.0,67.0,156.0,30.044843049327355,11029.81,10032.25,997.5599999999995,1192.56,0.0,6.0,9.276831062499932,1.1780073568494114,0.9927236649262258,15.324589695832069,111.0,38.0,73.0,34.234234234234236,6139.1500000000015,5211.469999999999,927.6800000000021,574.17,0.0,4.0,,0.027830493187499795,0.044501839212352845,-0.0018547982618975366,0.0880952380952381,0.009976030947499676,0.004971766054474314,-0.005447500880413965
1a_broad,389,-1.0051996394682225,False,61,21,78.0,32.0,11,4,3.3000000000000003,18,37,1.0,3.0,1.0,0.015,0.5,4.153209743499828,1.0390270440925262,0.27171570220879,14.731452085067057,237.0,69.0,168.0,29.11392405063291,11057.97,10642.619999999999,415.35000000000036,1261.46,0.0,6.0,0.9000931054998363,1.0172422713501976,0.17284275611513855,15.572361930676005,108.0,33.0,75.0,30.555555555555557,5308.55,5218.57,89.98000000000047,535.1,0.0,6.0,0.031197836809335636,,,,,,,
1a_broad,390,0.09787270063818906,True,64,21,78.0,44.0,11,4,3.4000000000000004,17,38,1.1,2.9000000000000004,1.0,0.015,0.5,6.371366119999784,1.0619552755917763,0.38169123104187924,14.61285504555469,238.0,72.0,166.0,30.252100840336134,10921.01,10283.87,637.1399999999994,1260.55,0.0,4.0,4.324558994999807,1.0877985980814995,0.515255120476144,15.89544939747212,110.0,33.0,77.0,30.0,5357.06,4924.680000000001,432.3799999999992,536.41,0.0,3.0,,0.01297367698499942,0.02194964952037487,-0.005116853699840687,0.08730158730158731,0.006371366119999784,0.0030977637795888135,-0.02870448936852045
1a_broad,391,0.11152961782597946,True,58,21,79.0,41.0,11,4,3.8000000000000003,19,40,1.1,2.9000000000000004,1.0,0.015,0.5,10.996053149999698,1.1160420397666053,0.5938016181183249,12.118867932877395,208.0,62.0,146.0,29.807692307692307,10575.380000000001,9475.789999999999,1099.590000000002,1110.66,0.0,6.0,5.962152215999904,1.1140564169767466,0.6724013047456946,14.753714245486671,117.0,39.0,78.0,33.333333333333336,5823.340000000001,5227.15,596.1900000000014,590.65,0.0,4.0,,0.01788645664799971,0.028514104244186655,-0.0,0.09285714285714286,0.010996053149999699,0.005802101988330266,-0.04452624106167973
1a_broad,392,0.04748252644447404,True,60,21,79.0,34.0,11,4,3.5,18,39,1.1,3.0,1.0,0.015,0.5,7.1490284064996565,1.0679549818444516,0.41511952139149766,12.185664328614102,234.0,69.0,165.0,29.487179487179485,11235.1,10520.2,714.8999999999996,1258.43,0.0,6.0,2.7442955789997177,1.0549609667586586,0.35311912200246937,14.568319532777204,103.0,33.0,70.0,32.03883495145631,5267.61,4993.18,274.4299999999994,513.73,0.0,4.0,,0.008232886736999153,0.013740241689664645,-0.0,0.08174603174603175,0.007149028406499657,0.0033977490922225797,-0.06678341122694374
1a_broad,393,-1.0010717307666668,False,96,21,79.0,42.0,13,4,3.6,16,40,1.1,2.9000000000000004,1.0,0.015,0.5,-0.6430384600001161,0.9947360452412032,0.04597032303212993,18.03884911755212,257.0,70.0,187.0,27.237354085603112,12154.630000000001,12218.95,-64.31999999999971,1332.67,0.0,4.0,10.501019503499991,1.2524922215756904,1.0773188755426828,9.496630227493654,91.0,28.0,63.0,30.76923076923077,5209.040000000001,4158.94,1050.1000000000013,469.68,0.0,3.0,0.006430384600001161,,,,,,,
1a_broad,394,-1.0005098374949382,False,52,21,77.0,43.0,11,4,3.5,18,40,1.1,3.0,1.0,0.015,0.5,6.616945056499754,1.0569491647954998,0.3773886449998518,16.125358962036135,246.0,68.0,178.0,27.642276422764226,12281.02,11619.310000000001,661.7099999999991,1338.54,0.0,6.0,2.3705396564998047,1.046788023781889,0.31645555101362344,14.793562411591402,114.0,36.0,78.0,31.57894736842105,5303.070000000001,5066.04,237.03000000000065,559.95,0.0,4.0,0.0030590249696296093,,,,,,,
1a_broad,395,0.11556951309253108,True,62,21,78.0,31.0,11,4,3.7,17,43,1.0,2.9000000000000004,1.0,0.015,0.5,12.188176676999683,1.1167097070096867,0.6394940333985173,11.245201320275463,236.0,73.0,163.0,30.93220338983051,11662.569999999998,10443.690000000002,1218.8799999999956,1281.2,0.0,6.0,6.841633506999951,1.130229361902206,0.7571458849532002,16.232656857615307,118.0,37.0,81.0,31.35593220338983,5937.400000000001,5253.2699999999995,684.130000000001,596.05,0.0,5.0,,0.020524900520999853,0.03255734047555148,-0.0070437534720874705,0.09365079365079365,0.012188176676999684,0.005835485350484337,-0.042143430110210454
1a_broad,396,0.06909259875722598,True,55,21,79.0,43.0,11,4,3.6,19,41,1.1,3.1,1.0,0.015,0.5,12.73794264899967,1.1162337431256453,0.6374395147915733,13.764966638041095,224.0,63.0,161.0,28.125,12233.04,10959.21,1273.8300000000017,1238.11,0.0,7.0,4.439054329999763,1.0876433377558756,0.5162407909294425,15.054130821576706,111.0,35.0,76.0,31.53153153153153,5508.87,5064.96,443.90999999999985,550.45,0.0,4.0,,0.013317162989999288,0.021910834438968907,-0.0003093189804383201,0.0880952380952381,0.01273794264899967,0.005811687156282264,-0.07247094759182393
1a_broad,397,0.09300178539015383,True,56,21,78.0,45.0,10,4,4.0,18,42,1.2000000000000002,2.8,1.0,0.015,0.5,9.862825886499722,1.0863670395586595,0.5203164430848565,10.977758066020177,239.0,70.0,169.0,29.288702928870293,12406.040000000003,11419.75,986.2900000000027,1290.69,0.0,5.0,4.960456734999825,1.095459321727282,0.5873580489539032,13.442257978393105,113.0,38.0,75.0,33.6283185840708,5692.159999999999,5196.139999999999,496.0199999999995,568.31,0.0,3.0,,0.014881370204999475,0.023864830431820527,-0.0,0.0896825396825397,0.009862825886499723,0.0043183519779329774,-0.04960813279363858
1a_broad,398,0.07452100093501077,True,58,21,79.0,43.0,12,5,3.4000000000000004,19,45,1.1,2.9000000000000004,1.0,0.015,0.5,9.556183195999765,1.1001944943932143,0.5348539568395891,11.75159644553094,211.0,64.0,147.0,30.33175355450237,10493.16,9537.55,955.6100000000006,1127.82,0.0,6.0,3.918281037499819,1.0756057840363988,0.4749280394471062,15.000457447292526,116.0,37.0,79.0,31.896551724137932,5574.37,5182.540000000001,391.829999999999,581.57,0.0,5.0,,0.011754843112499457,0.01890144600909971,-2.613984528717798e-06,0.09206349206349207,0.009556183195999766,0.005009724719660713,-0.06276207418121223
1a_broad,399,-1.0208225036637335,False,65,21,80.0,32.0,15,4,3.7,17,39,1.2000000000000002,1.6,1.0,0.015,0.5,-5.348283027000179,0.9536601152583437,-0.2588317947317574,14.447416057268658,348.0,137.0,211.0,39.367816091954026,11006.220000000001,11541.029999999999,-534.8099999999977,1698.3,0.0,6.0,-0.8269132085001183,0.9836577873912314,-0.032542245230307985,13.036221824637048,133.0,57.0,76.0,42.857142857142854,4979.62,5062.349999999999,-82.72999999999956,650.4,0.0,3.0,0.12493502198240164,,,,,,,
