trial,score,gated,ema_period,rsi_period,rsi_overbought,rsi_oversold,atr_period,consolidation_candles,consolidation_atr_mult,swing_lookback,volume_sma_period,volume_mult,risk_reward_ratio,leverage,risk_per_trade_pct,max_position_allocation_pct,tr_return_pct,tr_pf,tr_sharpe,tr_max_dd,tr_trades,tr_wins,tr_losses,tr_win_rate,tr_gross_profit,tr_gross_loss,tr_net_pnl,tr_fees,tr_blocked,tr_head_dropped,va_return_pct,va_pf,va_sharpe,va_max_dd,va_trades,va_wins,va_losses,va_win_rate,va_gross_profit,va_gross_loss,va_net_pnl,va_fees,va_blocked,va_head_dropped,c_va_ret,c_va_pf,c_va_dd,c_va_sample,c_tr_ret,c_tr_pf,c_consistency,c_gate_shortfall
0,0.2433662221901641,True,54,21,79.0,24.0,12,4,1.4,17,46,1.2000000000000002,3.0,2.5,0.03,0.55,23.81511597249957,1.162627697350451,0.7172926297338362,22.555323681316274,122.0,37.0,85.0,30.327868852459016,17025.52,14643.999999999996,2381.520000000004,1925.97,0.0,1.0,23.361452423999708,1.3742858333039603,1.387773086915694,14.66811105146944,62.0,21.0,41.0,33.87096774193548,8577.66,6241.54,2336.12,932.72,0.0,1.0,0.07008435727199912,0.09357145832599006,-0.0,0.049206349206349205,0.023815115972499572,0.00813138486752255,-0.001442443454196401,
1,-1.3259637188208617,False,69,21,74.0,35.0,9,6,1.1,18,34,1.6,1.0,5.0,0.026000000000000002,0.35,2.758795629499982,99.0,1.2704277869999099,0.7180446228542172,2.0,2.0,0.0,100.0,275.88,0.0,275.88,35.34,0.0,0.0,0.5394149835000098,99.0,1.244185466644316,0.26135842949997823,1.0,1.0,0.0,100.0,53.94,0.0,53.94,17.46,0.0,0.0,,,,,,,,1.95578231292517
2,-1.1577975154011366,False,43,9,62.0,33.0,13,8,2.8,6,21,1.0,2.4000000000000004,4.5,0.01,0.5,-52.169939402500454,0.7007715541321049,-2.2695011475347573,58.924062369045416,352.0,96.0,256.0,27.272727272727273,12217.91,17434.94,-5217.029999999999,4116.6,0.0,6.0,-18.507016511500378,0.7979836900698484,-1.484409359568985,21.972787613549656,146.0,49.0,97.0,33.56164383561644,7310.56,9161.289999999999,-1850.7299999999987,2381.23,0.0,4.0,,,,,,,,0.9467850924068194
3,-1.136506108442051,False,97,7,70.0,24.0,7,20,3.9000000000000004,17,22,0.6,3.1,2.5,0.008,0.5,-27.877312210000337,0.7849387710390178,-1.3231783584302108,31.519618160676693,249.0,62.0,187.0,24.899598393574298,10175.02,12962.82,-2787.7999999999993,2204.31,0.0,4.0,-17.52342775050018,0.6667192864003346,-1.9001821422959861,21.773471197218615,98.0,22.0,76.0,22.448979591836736,3505.5099999999998,5257.85,-1752.3400000000006,853.68,0.0,4.0,,,,,,,,0.8190366506523056
4,-1.0748349122720247,False,24,20,61.0,37.0,11,12,2.6,7,49,1.7000000000000002,3.9000000000000004,5.0,0.02,0.75,-30.61523307750047,0.8011828371076015,-0.6588434958882642,59.391164527622884,109.0,22.0,87.0,20.18348623853211,12337.07,15398.57,-3061.5,2524.24,0.0,2.0,14.09684025949984,1.2400678463715644,0.9394962107197289,27.44101211201843,36.0,11.0,25.0,30.555555555555557,7281.79,5872.09,1409.6999999999998,1118.03,0.0,3.0,,,,,,,,0.4490094736321476
5,-1.112496143091076,False,31,9,56.0,28.0,12,8,3.5,10,21,1.3,1.4,4.5,0.006,0.75,-15.259117999000319,0.795802760243184,-1.280887928697443,20.44199163204311,201.0,92.0,109.0,45.77114427860697,5946.66,7472.530000000001,-1525.8700000000008,2640.15,0.0,2.0,-11.16430545600022,0.6187202448037268,-2.509480055476929,15.397213429277917,71.0,29.0,42.0,40.84507042253521,1811.65,2928.06,-1116.4099999999999,975.27,0.0,3.0,,,,,,,,0.6749768585464561
6,-1.1240463006606494,False,121,9,55.0,41.0,17,16,3.3000000000000003,5,24,0.6,3.6,3.5,0.013000000000000001,0.25,-9.940045023500153,0.7665096832536673,-0.8523997756601217,15.473229702778617,140.0,33.0,107.0,23.571428571428573,3263.3,4257.349999999999,-994.0499999999993,1197.39,0.0,1.0,-8.537999906500081,0.4625277776029109,-2.33583228577423,9.061227087092732,47.0,10.0,37.0,21.27659574468085,734.7300000000001,1588.5100000000002,-853.7800000000001,387.12,0.0,0.0,,,,,,,,0.7442778039638968
7,-2.0,False,60,11,73.0,36.0,20,12,1.3,16,41,1.3,3.3000000000000003,3.0,0.018000000000000002,0.45,,,,,,,,,,,,,,,-0.48730189149999203,0.0,-1.3300922645531255,0.49143374440056675,1.0,0.0,1.0,0.0,0.0,48.73,-48.73,13.46,0.0,0.0,,,,,,,,6.0
8,-1.104875283446712,False,23,8,55.0,36.0,11,12,3.8000000000000003,8,26,1.7000000000000002,1.7000000000000002,1.0,0.012,0.3,2.018840919999984,1.1978342887941595,0.5662483246990078,3.379204004388253,90.0,43.0,47.0,47.77777777777778,1222.33,1020.4499999999999,201.88,270.7,0.0,2.0,0.9470618814999943,1.4524389661267976,0.9295483900082592,1.2792620524250842,19.0,11.0,8.0,57.89473684210526,304.01,209.31,94.69999999999999,56.96,0.0,1.0,,,,,,,,0.6292517006802721
9,-1.0210642645297832,False,141,19,71.0,42.0,19,7,3.7,13,43,1.9000000000000001,1.9,1.0,0.01,0.45,-6.775810114500036,0.8531727200036407,-0.6107385940582786,10.505974345274382,129.0,44.0,85.0,34.10852713178294,3937.230000000001,4614.8099999999995,-677.5799999999986,552.74,0.0,0.0,-0.22660077450003882,0.9908204477968672,0.0013633974273789165,8.735225234950619,67.0,25.0,42.0,37.3134328358209,2445.8700000000003,2468.5299999999997,-22.6599999999994,289.96,0.0,1.0,,,,,,,,0.12638558717869872
10,-1.1335283355448802,False,92,15,80.0,20.0,15,4,1.7000000000000002,20,13,0.9,2.8,2.5,0.028,0.65,33.17111431849955,1.0935130616922337,0.7448629620466548,46.41964762594436,214.0,66.0,148.0,30.8411214953271,38789.15,35472.05,3317.0999999999985,4410.24,0.0,4.0,-34.360461635000284,0.6821305333271659,-1.6257047937062907,38.752473336413615,101.0,23.0,78.0,22.77227722772277,7373.490000000001,10809.500000000002,-3436.010000000001,1265.42,0.0,1.0,,,,,,,,0.8011700132692815
11,-1.0969398754975457,False,148,18,80.0,45.0,20,4,2.1,13,50,1.9000000000000001,2.3,1.0,0.023000000000000003,0.6000000000000001,-13.182992899000018,0.7310119544348117,-0.9466762826967511,21.314685818126573,93.0,25.0,68.0,26.881720430107528,3582.7700000000004,4901.110000000001,-1318.3400000000001,519.13,0.0,0.0,-8.884472765000027,0.7245586024088914,-1.1761398864072115,14.180175472013392,53.0,16.0,37.0,30.18867924528302,2337.1,3225.5500000000006,-888.4500000000007,296.38,0.0,0.0,,,,,,,,0.5816392529852739
12,-1.142306007275584,False,148,17,68.0,29.0,17,8,2.3,13,41,2.0,2.1,1.5,0.03,0.4,-6.472039739499996,0.745818228947792,-0.7384021531430334,11.351908572631144,58.0,19.0,39.0,32.758620689655174,1898.98,2546.1700000000005,-647.1900000000005,335.22,0.0,0.0,0.6043368864999502,1.0514245826700603,0.16440306161276477,5.806583532305954,26.0,8.0,18.0,30.76923076923077,1235.1399999999999,1174.73,60.409999999999854,151.42,0.0,0.0,,,,,,,,0.8538360436535033
13,-1.0508985548503689,False,117,18,76.0,45.0,21,6,3.0,14,42,1.3,2.7,2.0,0.018000000000000002,0.6000000000000001,-4.32967630050005,0.9758428799758996,-0.012469432038211294,29.64190212020032,191.0,56.0,135.0,29.319371727748692,17492.129999999997,17925.15,-433.0200000000041,2411.49,0.0,2.0,-9.793040372000105,0.8776276295039276,-0.4744669001690019,17.313965164382534,87.0,22.0,65.0,25.28735632183908,7023.18,8002.46,-979.2799999999997,896.16,0.0,1.0,,,,,,,,0.3053913291022134
14,-1.2785183298265292,False,74,15,67.0,20.0,17,10,1.7000000000000002,11,34,0.9,1.8,3.5,0.014000000000000002,0.55,-1.2468478545000834,0.9637356788216712,-0.06702355174845366,9.582567616372245,52.0,21.0,31.0,40.38461538461539,3313.41,3438.09,-124.68000000000029,924.54,0.0,0.0,-6.936573247999914,0.5241175865262581,-1.8026808541646773,12.772990576598806,16.0,5.0,11.0,31.25,763.98,1457.6499999999999,-693.6699999999998,273.98,0.0,0.0,,,,,,,,1.6711099789591761
15,-1.1506888266899435,False,125,20,77.0,30.0,15,6,1.7000000000000002,15,44,1.5,1.1,2.0,0.024,0.4,-10.398459858500027,0.5987582385355085,-1.1867450573787668,11.215608963114978,55.0,20.0,35.0,36.36363636363637,1551.6699999999998,2591.4800000000005,-1039.8100000000006,415.24,0.0,0.0,0.28818590849996323,1.0205585060818916,0.09943082733835726,8.783170207531219,28.0,13.0,15.0,46.42857142857143,1429.68,1400.8799999999999,28.800000000000182,229.06,0.0,1.0,,,,,,,,0.9041329601396615
16,-1.0013397613096078,False,94,16,71.0,41.0,8,4,2.3,20,33,1.9000000000000001,4.0,1.5,0.017,0.5,4.8979532984998695,1.0491824183547958,0.26971989358031934,15.479275322676667,137.0,30.0,107.0,21.8978102189781,10449.07,9959.25,489.8199999999997,1027.86,0.0,3.0,1.687257879499921,1.0415595037494705,0.23794493287967114,17.586307050267575,53.0,10.0,43.0,18.867924528301888,4227.9400000000005,4059.24,168.70000000000073,383.84,0.0,0.0,,,,,,,,0.008038567857647201
17,-1.076204401578775,False,50,13,64.0,25.0,7,4,2.1,20,33,1.1,3.9000000000000004,2.0,0.021,0.65,8.709099617499287,1.0385641701450048,0.3457709848684447,30.234152979583044,192.0,45.0,147.0,23.4375,23453.499999999993,22582.620000000003,870.8799999999901,2842.9,0.0,3.0,-21.153017019000135,0.7920189487532189,-0.9738838712987922,33.34742701065241,105.0,23.0,82.0,21.904761904761905,8055.299999999999,10170.589999999998,-2115.289999999999,1087.76,0.0,5.0,,,,,,,,0.45722640947265003
18,-2.0,False,94,16,77.0,24.0,9,10,1.4,18,29,1.5,3.4000000000000004,3.0,0.016,0.55,,,,,,,,,,,,,,,,,,,,,,,,,,,,,,,,,,,,6.0
19,-1.1417233560090703,False,80,13,66.0,39.0,10,4,1.0,19,11,0.5,3.0,1.5,0.027,0.65,14.80839351599996,1.371879386939696,0.88973007309177,9.967916053805553,59.0,20.0,39.0,33.898305084745765,5462.81,3981.9900000000007,1480.8199999999997,642.51,0.0,0.0,3.2034106324999083,1.2161835667285308,0.5346836533402468,8.41577142616991,23.0,5.0,18.0,21.73913043478261,1802.0800000000002,1481.7499999999998,320.3300000000004,233.25,0.0,0.0,,,,,,,,0.8503401360544217
20,-1.0389936612430368,False,108,13,72.0,32.0,14,10,2.4000000000000004,16,37,0.8,3.6,1.5,0.03,0.5,-19.278947406500073,0.7721358599039299,-0.9847722844805867,33.110554946454165,162.0,35.0,127.0,21.604938271604937,6532.64,8460.48,-1927.8399999999992,1141.28,0.0,2.0,0.2230197779998889,1.0067688819371188,0.11559076959237902,12.377521630910278,52.0,14.0,38.0,26.923076923076923,3321.25,3298.92,22.329999999999927,381.87,0.0,1.0,,,,,,,,0.233961967458221
21,-1.0383660358756193,False,127,19,70.0,42.0,8,6,3.1,11,46,1.9000000000000001,2.6,1.0,0.006,0.45,-2.8456526880000816,0.9312301390718075,-0.24619132082870004,8.347362342155675,130.0,40.0,90.0,30.76923076923077,3853.57,4138.15,-284.5799999999995,508.27,0.0,3.0,-3.078655428500115,0.8704992092068513,-0.5844066030341465,9.533139227454566,66.0,18.0,48.0,27.272727272727273,2069.49,2377.3599999999997,-307.8699999999999,245.08,0.0,2.0,,,,,,,,0.23019621525371503
22,-1.287411756412291,False,137,21,70.0,42.0,18,7,1.9,17,37,1.8,2.0,2.5,0.01,0.45,3.1457633680000257,1.0988922210276821,0.3136123763938501,7.110131896630506,55.0,22.0,33.0,40.0,3495.7300000000005,3181.14,314.5900000000006,539.98,0.0,0.0,-8.891507312500071,0.3683810470981032,-1.9551033678731689,10.817297847796512,19.0,4.0,15.0,21.05263157894737,518.5699999999999,1407.7,-889.1300000000001,170.62,0.0,1.0,,,,,,,,1.724470538473746
23,-1.0069109178754365,False,56,19,76.0,40.0,13,5,3.6,20,46,2.0,1.4,1.5,0.01,0.55,0.8100751954998304,1.0093138923125036,0.10736207096845636,10.343092287558843,195.0,89.0,106.0,45.64102564102564,8778.77,8697.76,81.01000000000022,1435.63,0.0,3.0,0.27417227949983497,1.0064612173847496,0.09907224802631999,9.89950954461599,92.0,42.0,50.0,45.65217391304348,4272.76,4245.330000000001,27.42999999999938,661.76,0.0,2.0,,,,,,,,0.041465507252619487
24,-1.0931034944977622,False,45,17,76.0,39.0,13,5,2.7,20,47,1.5,1.5,1.5,0.016,0.55,16.503665571499717,1.1237183033552378,0.7928649377888963,9.171715376404379,262.0,118.0,144.0,45.038167938931295,14990.109999999999,13339.739999999998,1650.3700000000008,2263.45,0.0,2.0,-20.253513562500203,0.6761098770703498,-2.169302316706768,25.42920508762062,110.0,42.0,68.0,38.18181818181818,4227.83,6253.170000000001,-2025.340000000001,800.57,0.0,2.0,,,,,,,,0.5586209669865737
25,-1.0400084890568426,False,57,19,79.0,39.0,11,4,3.4000000000000004,18,17,2.0,3.7,2.0,0.023000000000000003,0.6000000000000001,-10.83775479850019,0.9327070734292636,-0.11941239353339389,27.901589754958568,150.0,33.0,117.0,22.0,15020.38,16104.069999999998,-1083.6899999999987,1654.5,0.0,2.0,-3.80759614350005,0.9517227038328939,-0.04384137514806419,30.58447619278436,74.0,18.0,56.0,24.324324324324323,7505.98,7886.7300000000005,-380.7500000000009,837.31,0.0,3.0,,,,,,,,0.24005093434105584
26,-1.064327230150929,False,82,15,74.0,26.0,15,5,1.4,19,38,1.2000000000000002,3.1,3.0,0.008,0.7,-4.709970353000135,0.9139101777910192,-0.2993285021671477,16.39010586332307,80.0,21.0,59.0,26.25,5000.030000000001,5471.030000000001,-471.0,984.48,0.0,1.0,0.8701938619999782,1.0370502816127922,0.18387529607179479,7.744620601283284,36.0,10.0,26.0,27.77777777777778,2436.0000000000005,2348.97,87.03000000000065,390.92,0.0,0.0,,,,,,,,0.38596338090557347
27,-1.0069614576956543,False,36,21,78.0,32.0,13,9,4.0,19,31,1.8,4.0,2.5,0.015,0.55,5.423231003999827,1.0335543477722833,0.275144143441912,19.512832594665575,152.0,36.0,116.0,23.68421052631579,16704.14,16161.84,542.2999999999993,1950.92,0.0,2.0,0.5031883939998625,1.0061428165173782,0.17317054114488045,24.00131612819377,79.0,18.0,61.0,22.78481012658228,8243.64,8193.31,50.32999999999993,954.64,0.0,2.0,,,,,,,,0.04176874617392552
28,-1.0400836623272722,False,56,17,75.0,22.0,9,5,3.0,16,48,2.0,2.3,1.5,0.019,0.5,7.920617032999908,1.0735715625830111,0.4150066319099269,14.544732805675991,167.0,53.0,114.0,31.736526946107784,11558.78,10766.659999999998,792.1200000000026,1318.72,0.0,3.0,-6.940749014500071,0.8703507919904363,-0.5560100323905084,16.832686521625707,83.0,26.0,57.0,31.325301204819276,4659.51,5353.6,-694.0900000000001,589.28,0.0,2.0,,,,,,,,0.24050197396363282
29,-2.0,False,62,20,73.0,34.0,8,7,1.2,18,39,1.6,1.0,3.5,0.005,0.4,,,,,,,,,,,,,,,-0.34253591399998184,0.523703600722925,-0.5374110667606883,0.7165525394819249,2.0,1.0,1.0,50.0,37.67,71.93,-34.260000000000005,21.189999999999998,0.0,0.0,,,,,,,,6.0
30,-1.081588309230525,False,69,18,78.0,40.0,10,5,2.4000000000000004,17,45,1.7000000000000002,1.3,2.0,0.025,0.35,-10.387690120499974,0.874060036422452,-0.5957866307579697,18.22822419686122,195.0,80.0,115.0,41.02564102564103,7208.950000000001,8247.66,-1038.7099999999991,1279.49,0.0,3.0,-10.729775003500109,0.757727035649694,-1.3402572684378768,14.771841131155405,86.0,37.0,49.0,43.02325581395349,3355.9199999999996,4428.93,-1073.0100000000007,573.43,0.0,2.0,,,,,,,,0.4895298553831494
31,0.0031334321260838415,True,38,21,78.0,31.0,13,14,4.0,19,31,1.8,4.0,2.5,0.015,0.55,2.5545833179998043,1.017844570847465,0.19738535680506794,28.307916078658824,139.0,32.0,107.0,23.02158273381295,14573.009999999998,14317.52,255.48999999999796,1751.38,0.0,2.0,6.130296245499776,1.080724828715037,0.4963297321725427,21.13627476451224,73.0,17.0,56.0,23.28767123287671,8207.1,7594.07,613.0300000000007,915.5,0.0,1.0,0.018390888736499328,0.020181207178759264,-0.03506442722578423,0.057936507936507946,0.0025545833179998045,0.0008922285423732523,-0.061757556360271526,
32,-1.021443836820834,False,37,21,75.0,27.0,14,16,3.5,20,28,1.8,3.4000000000000004,3.0,0.012,0.6000000000000001,-12.866302092500373,0.9073932924086335,-0.36565098344270297,24.13707464818945,158.0,38.0,120.0,24.050632911392405,12607.149999999998,13893.810000000001,-1286.6600000000035,2066.97,0.0,2.0,2.712717957499917,1.0511183252347154,0.31487285010237037,14.906369740223852,58.0,16.0,42.0,27.586206896551722,5578.799999999999,5307.49,271.3099999999995,816.86,0.0,1.0,,,,,,,,0.12866302092500373
33,-1.0525766491350979,False,49,20,79.0,31.0,12,17,4.0,19,35,1.6,3.8000000000000003,4.0,0.009000000000000001,0.5,6.816838691499706,1.0524635535079605,0.34623524591073535,14.432950864221866,161.0,41.0,120.0,25.46583850931677,13674.68,12993.02,681.6599999999999,2100.02,0.0,2.0,-9.860728180500118,0.8223047563441349,-0.809648119307665,18.341132403276468,80.0,17.0,63.0,21.25,4563.150000000001,5549.22,-986.0699999999997,752.42,0.0,2.0,,,,,,,,0.315459894810587
34,-1.0593620323280624,False,67,19,75.0,37.0,12,19,3.7,17,31,1.9000000000000001,4.0,2.5,0.012,0.55,-21.01902117950007,0.7760796846702889,-0.7567058916647845,27.421854889486585,112.0,21.0,91.0,18.75,7285.060000000001,9387.0,-2101.9399999999987,1165.58,0.0,3.0,-3.2461741680002163,0.9308037474819606,-0.16155486158775423,15.074047447074118,53.0,10.0,43.0,18.867924528301888,4366.539999999999,4691.15,-324.6100000000006,532.88,0.0,2.0,,,,,,,,0.35617219396837374
35,0.047717368132369375,True,34,21,59.0,44.0,14,14,3.6,18,25,2.0,3.2,2.0,0.021,0.5,0.442147856499887,1.0034189316476607,0.11099582804049288,21.279867621969622,152.0,37.0,115.0,24.342105263157894,12975.15,12930.939999999999,44.210000000000946,1656.17,0.0,1.0,16.176103778999966,1.3655510609929722,1.4173986807446757,14.711016714904638,62.0,20.0,42.0,32.25806451612903,6042.700000000001,4425.099999999999,1617.6000000000013,664.03,0.0,2.0,0.0485283113369999,0.09138776524824305,-0.0,0.049206349206349205,0.000442147856499887,0.00017094658238303584,-0.1420181520981057,
36,-1.0878210780430664,False,30,21,59.0,44.0,16,14,3.2,15,18,1.4,3.3000000000000003,2.0,0.021,0.5,-13.041966768500588,0.9298313576612175,-0.3217207456657702,38.517206444317495,285.0,65.0,220.0,22.80701754385965,17281.920000000002,18586.08,-1304.1599999999999,2978.86,0.0,1.0,-14.960762355000298,0.7907558641254409,-1.1488489295402409,32.281234159573145,125.0,31.0,94.0,24.8,5653.77,7149.83,-1496.0599999999995,1107.31,0.0,3.0,,,,,,,,0.5269264682583986
37,-1.0853944693662083,False,39,20,58.0,43.0,14,14,2.8,18,24,1.8,3.5,2.5,0.016,0.5,-11.571244310999937,0.838771298911385,-0.4340323219872558,21.714775727034144,93.0,24.0,69.0,25.806451612903224,6019.87,7177.01,-1157.1400000000003,1029.51,0.0,2.0,-4.25204796900005,0.8567308405043161,-0.4083689903012776,17.614930159474508,37.0,9.0,28.0,24.324324324324323,2542.7599999999998,2967.9799999999996,-425.2199999999998,453.4,0.0,1.0,,,,,,,,0.5123668161972498
38,-1.245062325912188,False,28,14,68.0,22.0,12,14,3.8000000000000003,15,20,0.7,2.9000000000000004,3.0,0.017,0.7,-48.848109908001234,0.888777471836266,-0.8734559208754531,54.41227050564525,524.0,141.0,383.0,26.908396946564885,39034.28,43919.07000000001,-4884.790000000008,7532.32,0.0,8.0,-33.46297863950015,0.7619237005537369,-1.7098567181742836,48.05166413505858,163.0,41.0,122.0,25.153374233128833,10709.15,14055.41,-3346.26,2565.92,0.0,7.0,,,,,,,,1.4703739554731285
39,-1.1079039512020374,False,22,11,62.0,35.0,10,13,3.9000000000000004,17,25,1.2000000000000002,3.7,2.0,0.019,0.45,-19.027429978500614,0.9086533014565392,-0.4627082750707161,35.3202986186223,347.0,74.0,273.0,21.32564841498559,18927.430000000004,20830.2,-1902.7699999999968,2956.98,0.0,4.0,-14.439762359500019,0.7216106269761703,-1.0899650416348519,24.856944639069837,77.0,12.0,65.0,15.584415584415584,3742.85,5186.8,-1443.9500000000003,630.24,0.0,4.0,,,,,,,,0.6474237072122251
40,-2.0,False,106,20,64.0,23.0,16,18,1.5,18,28,1.6,3.2,2.5,0.022000000000000002,0.35,,,,,,,,,,,,,,,,,,,,,,,,,,,,,,,,,,,,6.0
41,0.09338818570119437,True,44,21,78.0,37.0,13,11,3.6,19,31,2.0,3.8000000000000003,1.5,0.013000000000000001,0.55,13.634014246999904,1.1431649712850984,0.6116314599267385,21.65209149573877,132.0,35.0,97.0,26.515151515151516,10886.28,9522.929999999998,1363.3500000000022,1175.27,0.0,2.0,7.357849607499975,1.1783033842649249,0.7489217199006805,13.094900227273046,64.0,15.0,49.0,23.4375,4862.209999999999,4126.45,735.7599999999993,502.66,0.0,2.0,0.022073548822499924,0.04457584606623122,-0.0,0.050793650793650794,0.013634014246999905,0.007158248564254921,-0.0448471227924424,
42,-1.0033367873091672,False,42,21,80.0,37.0,13,15,3.4000000000000004,19,31,1.9000000000000001,3.8000000000000003,5.0,0.014000000000000002,0.6000000000000001,-2.0020723855002687,0.9862802736269136,0.07015211912718178,28.41632639128921,115.0,28.0,87.0,24.347826086956523,14390.489999999998,14590.669999999998,-200.1800000000003,2234.12,0.0,2.0,8.820755900499936,1.1531706893557911,0.6862889176944849,19.12488360366959,50.0,13.0,37.0,26.0,6641.110000000001,5759.0,882.1100000000006,911.99,0.0,2.0,,,,,,,,0.020020723855002687
43,-1.0028888531958338,False,34,21,78.0,43.0,14,12,3.6,4,27,1.7000000000000002,4.0,1.0,0.013000000000000001,0.55,-1.7333119175002683,0.9773946889910962,-0.03712679111304083,15.490773023949444,188.0,42.0,146.0,22.340425531914892,7493.04,7666.34,-173.30000000000018,1065.08,0.0,2.0,6.507445790999881,1.186027431720857,0.78047094210004,11.398922247598719,84.0,21.0,63.0,25.0,4148.889999999999,3498.1400000000003,650.7499999999991,472.89,0.0,2.0,,,,,,,,0.017333119175002683
44,-1.0544893490894633,False,49,11,59.0,29.0,11,11,3.8000000000000003,16,22,2.0,3.6,1.5,0.028,0.45,3.0403974554999875,1.07380352400235,0.24547927602817718,8.557537112606234,91.0,24.0,67.0,26.373626373626372,4423.1900000000005,4119.18,304.0100000000002,611.5,0.0,2.0,0.4331252499999937,1.0317171007363812,0.13411516183295005,6.491161026175077,32.0,9.0,23.0,28.125,1409.47,1366.14,43.32999999999993,216.10999999999999,0.0,2.0,,,,,,,,0.32693609453677985
45,-1.011487732854167,False,27,20,79.0,41.0,12,16,3.3000000000000003,19,30,1.9000000000000001,2.5,2.0,0.018000000000000002,0.6000000000000001,-6.892639712500186,0.9464932919639412,-0.18164956436624405,22.391847505055996,163.0,51.0,112.0,31.288343558282207,12193.019999999999,12882.31,-689.2900000000009,1940.29,0.0,3.0,7.325318227499883,1.1644275943496818,0.7312530753616151,12.288588504318293,57.0,21.0,36.0,36.8421052631579,5187.490000000001,4454.969999999999,732.5200000000013,707.55,0.0,2.0,,,,,,,,0.06892639712500186
46,-1.4813161687754761,False,21,18,72.0,34.0,15,13,1.9,18,33,1.8,3.8000000000000003,2.5,0.014000000000000002,0.55,1.5850673604999612,1.2989325185771943,0.3144936001766473,5.512826441186877,7.0,2.0,5.0,28.571428571428573,688.72,530.22,158.5,93.00999999999999,0.0,0.0,-3.0754155510000056,0.0,-1.9707915848831201,3.2885275102938434,3.0,0.0,3.0,0.0,0.0,307.54,-307.54,39.31,0.0,0.0,,,,,,,,2.887897012652857
47,-1.2852791065329081,False,84,20,57.0,38.0,16,20,2.9000000000000004,20,23,2.0,3.0,1.0,0.02,0.45,-4.840933307499963,0.43627873395905625,-1.019583382152354,7.4802813403686566,26.0,4.0,22.0,15.384615384615385,374.65000000000003,858.7400000000001,-484.0900000000001,115.31,0.0,0.0,1.2142435724999996,2.6882647385984426,0.9841372826566329,0.9303569723048556,3.0,1.0,2.0,33.333333333333336,193.34,71.92,121.42,13.629999999999999,0.0,1.0,,,,,,,,1.7116746391974487
48,-1.431750157627035,False,46,10,63.0,45.0,8,15,2.6,14,35,1.9000000000000001,3.2,4.5,0.011,0.5,-19.459487514500136,0.418087864569783,-1.5796690485563765,24.37940450828658,37.0,6.0,31.0,16.216216216216218,1398.0900000000001,3344.01,-1945.92,530.68,0.0,1.0,-7.267234026500045,0.11417601170160897,-1.929135192393521,7.972860079427811,8.0,1.0,7.0,12.5,93.67,820.4,-726.73,98.83,0.0,0.0,,,,,,,,2.590500945762211
49,-1.1724325927552608,False,33,16,77.0,28.0,13,11,2.1,17,26,1.7000000000000002,3.5,1.5,0.026000000000000002,0.4,-4.139827762000059,0.7872067024748787,-0.5544245817695186,8.937932580433536,45.0,9.0,36.0,20.0,1531.5500000000002,1945.55,-413.9999999999998,268.71,0.0,0.0,10.98608717350002,2.573488971641363,2.0259681455443634,4.230132635008319,23.0,9.0,14.0,39.130434782608695,1796.81,698.2,1098.61,148.0,0.0,1.0,,,,,,,,1.0345955565315652
50,-2.0,False,42,19,74.0,43.0,11,13,1.0,8,40,1.0,2.8,2.0,0.017,0.65,,,,,,,,,,,,,,,,,,,,,,,,,,,,,,,,,,,,6.0
51,0.03914934737986956,True,34,21,78.0,44.0,14,12,3.6,6,27,1.7000000000000002,4.0,1.0,0.013000000000000001,0.55,1.4062869659996977,1.0182946180058787,0.14233219035549563,15.1821824545913,183.0,42.0,141.0,22.950819672131146,7829.26,7688.6,140.65999999999985,1041.52,0.0,1.0,7.310808166499936,1.2088505435170769,0.8596960381440415,10.735161134475122,81.0,21.0,60.0,25.925925925925927,4231.400000000001,3500.3500000000004,731.0500000000002,457.32,0.0,2.0,0.02193242449949981,0.05221263587926922,-0.0,0.0642857142857143,0.0014062869659996978,0.0009147309002939364,-0.1016024451509074,
52,0.1153451541325715,True,51,21,80.0,41.0,14,12,3.6,6,33,1.8,3.9000000000000004,1.0,0.015,0.5,4.592568476999768,1.0739317085419857,0.329510294582889,11.841850352368837,149.0,33.0,116.0,22.14765100671141,6671.79,6212.49,459.3000000000002,804.68,0.0,3.0,8.404625789499987,1.2716015472262707,1.101240251019049,10.644747447160901,73.0,19.0,54.0,26.027397260273972,3935.06,3094.5699999999997,840.4900000000002,377.32,0.0,2.0,0.02521387736849996,0.06790038680656768,-0.0,0.057936507936507946,0.004592568476999768,0.003696585427099286,-0.04399477188310314,
53,-1.0237255710608335,False,63,21,79.0,44.0,14,11,3.6,7,20,1.4,3.9000000000000004,1.0,0.013000000000000001,0.55,-14.2353426365001,0.8585955815154764,-0.6652387112119442,23.856896342753746,242.0,49.0,193.0,20.24793388429752,8643.31,10066.800000000001,-1423.4900000000016,1292.6,0.0,2.0,10.20392846149989,1.2271132795284876,1.1281610693138915,13.714847093651214,107.0,26.0,81.0,24.299065420560748,5513.150000000001,4492.780000000002,1020.369999999999,597.23,0.0,2.0,,,,,,,,0.142353426365001
54,0.20189915127233019,True,54,21,80.0,44.0,15,12,3.7,6,29,1.8,3.7,1.0,0.015,0.5,14.341163476499824,1.212152906194062,0.8762704266311236,11.87112179893539,164.0,44.0,120.0,26.829268292682926,8193.79,6759.700000000001,1434.0900000000001,930.61,0.0,3.0,11.745557494999957,1.378935109011956,1.4708362597344373,10.026518782792174,78.0,23.0,55.0,29.487179487179485,4274.23,3099.6600000000003,1174.5699999999993,403.68,0.0,2.0,0.03523667248499987,0.09473377725298898,-0.0,0.06190476190476191,0.014341163476499824,0.010607645309703095,-0.014924869156623484,
55,0.21853183851314306,True,53,21,80.0,44.0,15,12,3.4000000000000004,6,26,1.9000000000000001,3.7,1.0,0.011,0.5,7.797939804499874,1.1404588595339356,0.563742755517713,10.676080089462413,146.0,38.0,108.0,26.027397260273972,6331.3600000000015,5551.59,779.7700000000013,790.22,0.0,1.0,14.21773508600003,1.612842462801083,1.956693258945091,7.321217399675936,65.0,21.0,44.0,32.30769230769231,3741.7300000000005,2319.96,1421.7700000000004,336.15,0.0,2.0,0.042653205258000086,0.15321061570027072,-0.0,0.0515873015873016,0.007797939804499875,0.007022942976696778,-0.043740166813626004,
56,-1.0035074525583336,False,52,20,80.0,45.0,15,9,3.2,5,25,2.0,3.4000000000000004,1.0,0.011,0.5,-2.104471535000121,0.9634127682362391,-0.09729452757892318,9.982642440277786,154.0,36.0,118.0,23.376623376623378,5541.03,5751.46,-210.4300000000003,773.6899999999999,0.0,2.0,5.9668732075000115,1.267022595355623,0.9306615544636078,7.476191524572083,65.0,18.0,47.0,27.692307692307693,2831.2000000000003,2234.53,596.6700000000001,327.2,0.0,2.0,,,,,,,,0.021044715350001207
57,-1.0181091716691668,False,74,20,80.0,41.0,16,9,3.4000000000000004,9,15,1.9000000000000001,3.7,1.0,0.008,0.25,-10.865503001500056,0.7062994147936911,-1.344848369046785,12.894904078524974,181.0,33.0,148.0,18.23204419889503,2612.99,3699.55,-1086.5600000000004,424.64,0.0,2.0,1.9203636185000323,1.1573879049640623,0.5185632130635656,3.88828068783506,62.0,14.0,48.0,22.580645161290324,1412.21,1220.17,192.03999999999996,153.6,0.0,3.0,,,,,,,,0.10865503001500056
58,0.04363100032142143,True,53,19,80.0,42.0,17,13,3.8000000000000003,6,29,2.0,3.5,1.5,0.011,0.45,0.5155782409997665,1.006235359422032,0.09467384237314863,13.199878705865235,158.0,39.0,119.0,24.68354430379747,8320.53,8268.970000000001,51.55999999999949,1087.5,0.0,2.0,11.37354368649987,1.3795188361306683,1.3231910096703339,10.970750009228764,64.0,19.0,45.0,29.6875,4134.280000000001,2996.9000000000005,1137.38,427.88,0.0,3.0,0.03412063105949961,0.09487970903266707,-0.0,0.050793650793650794,0.0005155782409997665,0.0003117679711015953,-0.1369903367764974,
59,-1.019394363504167,False,66,21,77.0,44.0,15,11,3.7,4,23,1.8,3.2,1.0,0.015,0.5,-11.636618102500162,0.8504418124915654,-0.6982036764944152,17.2908928087358,213.0,46.0,167.0,21.5962441314554,6616.820000000001,7780.450000000001,-1163.63,1048.11,0.0,2.0,6.247253951999974,1.1889178515485617,0.8764596335319562,10.4629093886324,88.0,26.0,62.0,29.545454545454547,3931.6800000000003,3306.94,624.7400000000002,447.11,0.0,2.0,,,,,,,,0.11636618102500161
60,-1.0415812844520302,False,59,19,79.0,40.0,14,10,3.5,7,36,0.5,3.6,1.5,0.029,0.45,17.446697975499628,1.110034550571365,0.633270797628389,18.90344284933473,300.0,71.0,229.0,23.666666666666668,17599.620000000003,15855.02,1744.6000000000022,2334.75,0.0,11.0,-9.273297151500138,0.885407528042961,-0.6162383735869341,21.88916387093491,171.0,41.0,130.0,23.976608187134502,7165.55,8092.94,-927.3899999999994,1115.75,0.0,7.0,,,,,,,,0.24948770671218146
61,-1.0043693361341666,False,52,19,80.0,42.0,18,13,3.8000000000000003,6,29,2.0,3.3000000000000003,1.5,0.011,0.45,-2.621601680500007,0.9680425855068363,-0.07377583099633218,12.928127376693539,163.0,41.0,122.0,25.153374233128833,7941.5599999999995,8203.730000000001,-262.1700000000019,1100.23,0.0,2.0,11.832003179500008,1.3794472487508898,1.466481858828794,9.760179199129988,65.0,19.0,46.0,29.23076923076923,4301.42,3118.2200000000003,1183.1999999999998,445.37,0.0,3.0,,,,,,,,0.026216016805000072
62,0.113267568641153,True,53,20,79.0,43.0,17,12,3.9000000000000004,6,29,1.9000000000000001,3.5,1.0,0.009000000000000001,0.4,3.188647199999887,1.0582693573152007,0.2955746025599005,7.477533008579253,176.0,44.0,132.0,25.0,5789.58,5470.8,318.77999999999975,716.14,0.0,3.0,8.303622638999931,1.3484470850851356,1.3614351853505122,7.629182635163698,78.0,23.0,55.0,29.487179487179485,3213.7,2383.2599999999998,830.44,318.11,0.0,2.0,0.024910867916999795,0.08711177127128389,-0.0,0.06190476190476191,0.003188647199999887,0.0029134678657600334,-0.0667619475176525,
63,-1.0027245775525,False,46,20,77.0,43.0,18,12,3.3000000000000003,8,50,1.9000000000000001,3.8000000000000003,1.0,0.007,0.3,-1.63474653149995,0.9418163438196324,-0.17509812724426085,11.498967401369116,123.0,28.0,95.0,22.764227642276424,2645.919999999999,2809.38,-163.46000000000095,368.56,0.0,2.0,8.150114935000039,1.6703735996183395,1.9317904577392306,4.830399662583811,61.0,18.0,43.0,29.508196721311474,2030.7399999999998,1215.7399999999998,815.0,187.66,0.0,2.0,,,,,,,,0.0163474653149995
64,-1.0176570532325,False,71,21,79.0,45.0,19,12,3.9000000000000004,5,33,1.8,3.6,1.0,0.008,0.4,-10.594231939500023,0.8220479477019671,-0.827632217063524,15.649938269656289,191.0,37.0,154.0,19.3717277486911,4894.12,5953.57,-1059.4499999999998,740.83,0.0,2.0,4.2057685699999094,1.1696739397899947,0.7449538007030716,7.971350129600582,80.0,20.0,60.0,25.0,2899.609999999999,2478.9900000000002,420.619999999999,318.19,0.0,2.0,,,,,,,,0.10594231939500023
65,-1.008937534776667,False,62,20,76.0,41.0,15,15,3.5,7,26,1.6,3.0,1.0,0.009000000000000001,0.5,-5.362520866000141,0.9244802046084791,-0.34787244315938837,18.758742659826122,196.0,48.0,148.0,24.489795918367346,6564.17,7100.390000000001,-536.2200000000012,1001.89,0.0,4.0,5.6612950739998995,1.2105456939160315,0.9301282799635868,7.357775993355912,82.0,24.0,58.0,29.26829268292683,3255.0,2688.8700000000003,566.1299999999997,412.95,0.0,3.0,,,,,,,,0.05362520866000141
66,-1.0132203821208976,False,56,21,78.0,44.0,17,11,3.9000000000000004,11,32,1.9000000000000001,3.4000000000000004,1.5,0.009000000000000001,0.5,-2.479277476500065,0.9726276788011073,-0.06208415386921051,14.568236392474965,165.0,42.0,123.0,25.454545454545453,8809.76,9057.689999999999,-247.92999999999847,1184.63,0.0,2.0,-0.20144851100010785,0.9948592155070973,0.05134780964512847,12.601199481767619,74.0,19.0,55.0,25.675675675675677,3897.5499999999997,3917.6899999999996,-20.139999999999873,490.11,0.0,2.0,,,,,,,,0.07932229272538527
67,0.1074868901422659,True,43,7,77.0,43.0,16,12,3.7,9,28,1.0,3.7,1.0,0.012,0.6000000000000001,20.724025667499447,1.151853634979991,0.9191671882396002,18.176138756736798,304.0,74.0,230.0,24.342105263157894,15718.689999999999,13646.43,2072.2599999999984,2149.98,0.0,4.0,7.283727286499871,1.1172026729784916,0.8002784140589592,13.120746213757581,159.0,40.0,119.0,25.157232704402517,6943.18,6214.79,728.3900000000003,949.03,0.0,3.0,0.02185118185949961,0.029300668244622907,-0.0,0.1,0.020724025667499448,0.007592681748999553,-0.07198166737835562,
68,-1.0403553443745874,False,44,8,77.0,38.0,16,12,3.7,9,42,1.0,3.7,1.0,0.006,0.65,10.283717359999718,1.0995015296615005,0.6312167593739902,12.303548508952472,262.0,65.0,197.0,24.80916030534351,11364.029999999999,10335.62,1028.409999999998,1731.9,0.0,4.0,-6.849592838500085,0.8676820552443502,-0.8162878184999236,16.780077656612374,144.0,34.0,110.0,23.61111111111111,4491.990000000001,5177.0,-685.0099999999993,774.31,0.0,4.0,,,,,,,,0.24213206624752454
69,-1.0300139160706288,False,41,8,76.0,42.0,17,10,3.1,5,30,0.9,3.9000000000000004,1.0,0.012,0.6000000000000001,-17.046273883500344,0.8568376355500612,-0.7876698630324699,30.30838929306562,352.0,72.0,280.0,20.454545454545453,10202.400000000001,11907.04,-1704.6399999999994,1985.24,0.0,4.0,2.4424262484997414,1.039898204531793,0.3362310999417952,13.73633036466669,171.0,39.0,132.0,22.80701754385965,6366.339999999999,6122.08,244.2599999999993,1029.75,0.0,3.0,,,,,,,,0.180083496423772
70,-1.0364452624260323,False,54,7,79.0,43.0,15,10,3.9000000000000004,6,27,1.1,3.8000000000000003,1.5,0.01,0.6000000000000001,2.296870472999617,1.0154737093738533,0.1803707786678166,19.25698453740742,255.0,64.0,191.0,25.098039215686274,15080.14,14850.349999999999,229.79000000000087,2378.18,0.0,5.0,-7.38701259300009,0.8979584789424977,-0.5693401199504043,20.410523745920486,133.0,31.0,102.0,23.30827067669173,6500.950000000001,7239.7,-738.7499999999991,1065.09,0.0,2.0,,,,,,,,0.21867157455619363
71,-1.063433510115722,False,48,12,66.0,44.0,16,12,3.6,9,28,0.7,3.5,1.0,0.014000000000000002,0.55,-7.4779161330002,0.947628971963926,-0.2691993207414479,21.932286082892837,393.0,84.0,309.0,21.374045801526716,13531.630000000001,14279.459999999997,-747.8299999999963,2178.41,0.0,5.0,-9.96387342950018,0.8335076766772052,-0.9999684480136786,16.575331405140346,184.0,40.0,144.0,21.73913043478261,4988.01,5984.360000000001,-996.3500000000004,911.29,0.0,3.0,,,,,,,,0.38060106069433225
72,-1.0698864186335253,False,65,21,55.0,45.0,14,13,3.7,4,25,1.1,3.1,1.5,0.013000000000000001,0.5,-36.65736612050019,0.6325711370399734,-2.329614007385029,39.50590608258726,305.0,66.0,239.0,21.639344262295083,6311.08,9976.87,-3665.790000000001,1789.58,0.0,4.0,-0.16001494350011855,0.9962980637807936,0.0497298333022631,10.702385766366156,105.0,32.0,73.0,30.476190476190474,4300.68,4316.66,-15.979999999999563,777.82,0.0,2.0,,,,,,,,0.4193185118011521
73,-1.0171771933591671,False,60,21,78.0,41.0,13,14,3.4000000000000004,7,30,1.2000000000000002,3.3000000000000003,1.0,0.024,0.55,-10.306316015500308,0.8737853020166283,-0.5175122434727861,26.772025425685765,219.0,47.0,172.0,21.461187214611872,7134.99,8165.61,-1030.62,1193.44,0.0,5.0,9.314815693999936,1.2374701396838186,1.1643372710851483,11.021641577328985,107.0,32.0,75.0,29.906542056074766,4853.889999999999,3922.4299999999994,931.46,604.3,0.0,4.0,,,,,,,,0.10306316015500308
74,-1.0411767837854338,False,38,20,80.0,42.0,15,8,4.0,10,32,0.8,3.6,1.5,0.014000000000000002,0.3,21.281137856499647,1.1745771193253596,1.0079125270633555,13.431855544398038,319.0,76.0,243.0,23.82445141065831,14318.33,12190.2,2128.129999999999,1714.28,0.0,7.0,-3.7424070104999734,0.8298815357620167,-0.4764340477989559,13.980113703333885,53.0,11.0,42.0,20.754716981132077,1825.5899999999997,2199.82,-374.2300000000005,230.41,0.0,6.0,,,,,,,,0.2470607027126029
75,-1.0096934555000006,False,26,20,79.0,40.0,13,11,3.3000000000000003,12,23,1.8,3.9000000000000004,1.0,0.015,0.6000000000000001,-5.816073300000334,0.9367342232587282,-0.21564886795555382,19.446521370366597,209.0,44.0,165.0,21.05263157894737,8611.66,9193.279999999999,-581.619999999999,1244.15,0.0,2.0,9.158154725499918,1.2586282367360542,1.0204669397598196,11.746090556079235,79.0,21.0,58.0,26.582278481012658,4456.790000000001,3540.9900000000002,915.8000000000006,486.44,0.0,2.0,,,,,,,,0.058160733000003344
76,-1.010598124976667,False,50,18,75.0,43.0,16,13,3.5,5,21,2.0,2.8,1.5,0.01,0.7,-6.358874986000192,0.9396395344532505,-0.2410920799177409,13.247983127946064,172.0,49.0,123.0,28.488372093023255,9898.830000000002,10534.71,-635.8799999999974,1625.91,0.0,1.0,2.276076117499979,1.058547527421645,0.32940342170368647,11.914562652279235,68.0,22.0,46.0,32.35294117647059,4115.04,3887.4400000000005,227.59999999999945,661.8,0.0,2.0,,,,,,,,0.06358874986000192
77,0.08027349407035728,True,57,14,69.0,44.0,12,14,3.7,8,34,1.5,3.7,2.0,0.012,0.5,10.931853243499663,1.073445963287096,0.4682403563259524,14.142321181511806,203.0,51.0,152.0,25.123152709359605,15977.319999999998,14884.140000000001,1093.1799999999967,2184.87,0.0,2.0,7.349629069999847,1.11974979551535,0.6790414256660982,20.239610485938258,92.0,23.0,69.0,25.0,6872.329999999999,6137.380000000001,734.949999999998,833.5,0.0,2.0,0.022048887209999538,0.02993744887883748,-0.029940631348218616,0.07301587301587302,0.010931853243499663,0.0036722981643548037,-0.029392235093988615,
78,-1.0305625731626837,False,59,10,68.0,39.0,12,15,3.8000000000000003,6,34,1.5,3.7,1.0,0.012,0.4,4.975382978999842,1.0933273811086892,0.3980154281132869,8.520942105070947,191.0,46.0,145.0,24.083769633507853,5828.899999999999,5331.34,497.5599999999986,807.97,0.0,3.0,-2.9124725504999693,0.8880367508553418,-0.554916041026626,11.27795194329241,92.0,22.0,70.0,23.91304347826087,2310.05,2601.2999999999993,-291.2499999999991,350.67,0.0,2.0,,,,,,,,0.18337543897610276
79,-1.052313227444303,False,73,14,69.0,21.0,12,11,3.9000000000000004,8,37,1.3,3.9000000000000004,1.5,0.012,0.65,-7.350479691500277,0.9456426168627906,-0.16784649454805073,25.883859714132097,190.0,40.0,150.0,21.05263157894737,12787.84,13522.91,-735.0699999999997,1820.61,0.0,6.0,-8.123265036500142,0.8829009867448951,-0.5026419920953157,20.80067319277899,100.0,21.0,79.0,21.0,6124.64,6936.95,-812.3099999999995,848.74,0.0,2.0,,,,,,,,0.3138793646658184
80,-1.0141365892640832,False,46,15,77.0,25.0,11,17,3.7,7,32,1.7000000000000002,3.7,2.0,0.016,0.55,12.348338215499753,1.095478847811716,0.49716136961917007,20.86226848613218,152.0,39.0,113.0,25.657894736842106,14168.539999999999,12933.65,1234.8899999999994,1879.91,0.0,2.0,-1.4686035800000172,0.9763598252262753,0.01107339489523994,19.784593126642257,81.0,18.0,63.0,22.22222222222222,6064.619999999999,6211.459999999999,-146.84000000000015,817.46,0.0,2.0,,,,,,,,0.08481953558449994
81,-1.0373886359541673,False,55,21,80.0,45.0,14,14,3.5,6,28,1.4,3.4000000000000004,2.0,0.013000000000000001,0.5,-22.433181572500345,0.8365687658729986,-0.8433070000832595,29.98813329445754,226.0,48.0,178.0,21.238938053097346,11482.86,13726.14,-2243.279999999999,2021.38,0.0,1.0,15.043076926499687,1.2572120810051093,1.2320813698066457,16.47911408944047,99.0,30.0,69.0,30.303030303030305,7352.830000000002,5848.5199999999995,1504.3100000000022,974.81,0.0,3.0,,,,,,,,0.22433181572500346
82,0.028830141911725834,True,41,14,78.0,44.0,13,12,3.6,10,30,1.9000000000000001,3.6,2.0,0.01,0.5,1.1526594939997814,1.0111898389622291,0.1312468785854916,18.221412689613352,156.0,40.0,116.0,25.641025641025642,10416.58,10301.31,115.27000000000044,1488.93,0.0,1.0,10.30482820499994,1.2386934033174513,1.0390363268439156,12.881231140320414,71.0,21.0,50.0,29.577464788732396,5347.65,4317.169999999999,1030.4800000000005,656.01,0.0,2.0,0.030914484614999817,0.059673350829362815,-0.0,0.05634920634920635,0.0011526594939997813,0.0005594919481114569,-0.11981905132395439,
83,0.19098725507027192,True,50,21,65.0,43.0,15,13,3.7,8,29,2.0,3.8000000000000003,1.0,0.011,0.55,21.379901608999862,1.315114284198301,1.2255686072610172,9.917528948277669,147.0,40.0,107.0,27.210884353741495,8922.84,6784.84,2138.0,953.27,0.0,1.0,11.558248454499918,1.4556184093820834,1.480337769266391,8.65752523027037,63.0,17.0,46.0,26.984126984126984,3692.54,2536.75,1155.79,354.03,0.0,3.0,0.03467474536349975,0.11390460234552086,-0.0,0.05,0.021379901608999864,0.01575571420991505,-0.0447277084576636,
84,0.07046758199959224,True,50,20,65.0,42.0,15,13,3.7,8,35,1.7000000000000002,3.8000000000000003,1.0,0.011,0.55,12.188049141999763,1.1566248493213358,0.7324656795179705,12.91654700728084,173.0,43.0,130.0,24.85549132947977,9000.230000000001,7781.46,1218.7700000000013,1091.57,0.0,2.0,4.931749519499917,1.155654883095484,0.6562200289297706,10.10170270472868,76.0,18.0,58.0,23.68421052631579,3661.0800000000004,3167.97,493.1100000000006,414.14,0.0,2.0,0.014795248558499749,0.03891372077387101,-0.0,0.06031746031746032,0.012188049141999764,0.00783124246606679,-0.06357813925830538,
85,-1.0057910842900002,False,78,12,67.0,43.0,17,12,3.8000000000000003,8,29,1.9000000000000001,3.9000000000000004,1.0,0.009000000000000001,0.6000000000000001,-3.4746505740000972,0.9531478375302702,-0.1439544886205142,16.742626441039658,157.0,33.0,124.0,21.019108280254777,7069.04,7416.52,-347.4800000000005,960.18,0.0,1.0,2.4590247030000136,1.0971680555720198,0.4188780046900458,8.970921192903209,57.0,11.0,46.0,19.29824561403509,2776.6800000000003,2530.77,245.9100000000003,334.64,0.0,1.0,,,,,,,,0.034746505740000974
86,-1.0190544487515865,False,57,21,60.0,43.0,12,13,4.0,9,34,1.8,3.5,1.0,0.011,0.55,20.922055972499802,1.2419310823311747,1.0912857652650823,9.6146405957281,182.0,50.0,132.0,27.47252747252747,10740.22,8648.0,2092.2199999999993,1163.67,0.0,3.0,-1.7597859190000964,0.9484347250145069,-0.1632041120020675,12.37291857544686,76.0,17.0,59.0,22.36842105263158,3236.23,3412.18,-175.94999999999982,405.82,0.0,2.0,,,,,,,,0.11432669250951827
87,-1.044260753728334,False,63,17,79.0,40.0,18,14,3.5,7,27,1.5,3.8000000000000003,1.5,0.007,0.6000000000000001,-26.55645223700031,0.7205710130989571,-1.6109487509948093,32.139070030174594,205.0,39.0,166.0,19.024390243902438,6848.169999999999,9503.81,-2655.6400000000003,1395.31,0.0,4.0,2.371947031499876,1.055475248173202,0.34816300995940364,11.160219306260503,90.0,22.0,68.0,24.444444444444443,4512.41,4275.24,237.17000000000007,685.63,0.0,3.0,,,,,,,,0.2655645223700031
88,-1.0240531231259036,False,44,18,74.0,45.0,15,11,3.9000000000000004,6,32,1.0,3.7,1.0,0.012,0.55,7.4679234534996795,1.0613588876226407,0.4030406261875055,17.102077776669432,298.0,65.0,233.0,21.812080536912752,12917.47,12170.69,746.7799999999988,1825.05,0.0,5.0,-3.7970246499999845,0.938334083131808,-0.313008402902083,17.67229598532599,161.0,36.0,125.0,22.36024844720497,5777.5199999999995,6157.21,-379.6900000000005,855.88,0.0,4.0,,,,,,,,0.14431873875542084
89,-1.0058709247625004,False,52,21,61.0,42.0,16,12,3.2,5,31,1.3,4.0,1.0,0.014000000000000002,0.5,-3.5225548575001993,0.9483117874070053,-0.16684968161970634,19.84981199201217,203.0,39.0,164.0,19.211822660098523,6462.65,6814.9,-352.25,1045.93,0.0,2.0,16.187754724999923,1.4983238469329014,1.9920234400428891,10.066791248823566,102.0,30.0,72.0,29.41176470588235,4867.32,3248.51,1618.8099999999995,536.72,0.0,4.0,,,,,,,,0.03522554857500199
90,-1.0269433720758336,False,69,20,78.0,36.0,13,12,3.4000000000000004,12,24,1.6,3.7,1.5,0.007,0.45,-16.1660232455002,0.802576302317402,-1.0281246514073104,22.74127315186969,191.0,38.0,153.0,19.895287958115183,6571.879999999999,8188.48,-1616.6000000000004,1110.83,0.0,3.0,2.534229698999825,1.0747264218544041,0.4028748304089904,8.324521991289256,76.0,19.0,57.0,25.0,3644.58,3391.17,253.40999999999985,442.94,0.0,3.0,,,,,,,,0.161660232455002
91,0.07254201317477983,True,49,20,65.0,42.0,15,13,3.7,8,35,1.7000000000000002,3.8000000000000003,1.0,0.011,0.55,11.589349332999864,1.1474515003187296,0.700698061041167,13.480040729790204,174.0,43.0,131.0,24.71264367816092,9018.2,7859.33,1158.8700000000008,1098.07,0.0,2.0,4.931749519499917,1.155654883095484,0.6562200289297706,10.10170270472868,76.0,18.0,58.0,23.68421052631579,3661.0800000000004,3167.97,493.1100000000006,414.14,0.0,2.0,0.014795248558499749,0.03891372077387101,-0.0,0.06031746031746032,0.011589349332999864,0.007372575015936478,-0.06044634082398759,
92,0.11269444751194888,True,48,21,64.0,41.0,16,13,3.7,8,38,1.9000000000000001,3.9000000000000004,1.0,0.013000000000000001,0.55,2.5396680144998025,1.0399631849719164,0.20796400675145205,13.895013845687695,140.0,31.0,109.0,22.142857142857142,6610.11,6356.100000000001,254.0099999999984,823.22,0.0,2.0,12.975483957499964,1.4773186281182056,1.571517511946316,7.8868291691915084,64.0,16.0,48.0,25.0,4015.8099999999995,2718.31,1297.4999999999995,368.68,0.0,2.0,0.03892645187249989,0.1193296570295514,-0.0,0.050793650793650794,0.0025396680144998025,0.0019981592485958212,-0.10089313944684883,
93,-1.0045044309383335,False,59,21,64.0,38.0,16,14,3.6,7,38,1.9000000000000001,3.9000000000000004,1.0,0.013000000000000001,0.6000000000000001,-2.7026585630001136,0.9629979998548833,-0.07968986521492985,16.842488381412505,148.0,31.0,117.0,20.945945945945947,7034.19,7304.47,-270.28000000000065,935.83,0.0,3.0,11.890878326000038,1.4572297588285958,1.4617788157224691,8.94782810339796,56.0,14.0,42.0,25.0,3789.7299999999996,2600.64,1189.0899999999997,344.55,0.0,2.0,,,,,,,,0.027026585630001137
94,-1.001210903409167,False,46,21,65.0,41.0,17,13,3.8000000000000003,9,44,2.0,3.6,1.0,0.015,0.5,-0.7265420455001186,0.9875130001289267,0.00728740239593989,16.690943626980015,142.0,32.0,110.0,22.535211267605632,5744.61,5817.250000000001,-72.64000000000124,736.71,0.0,2.0,5.2158267014999735,1.2004396482813748,0.8012026188604501,8.918892853988263,66.0,16.0,50.0,24.242424242424242,3123.64,2602.08,521.56,332.43,0.0,2.0,,,,,,,,0.007265420455001186
95,-1.0041476357125003,False,40,21,69.0,44.0,14,15,3.7,7,49,1.9000000000000001,3.9000000000000004,1.5,0.012,0.55,-2.488581427500194,0.9687887131801609,-0.03978398957573138,17.37167397520291,123.0,27.0,96.0,21.951219512195124,7726.400000000001,7975.32,-248.91999999999916,982.85,0.0,1.0,12.864212923999949,1.367021868446955,1.3712714337173404,10.052922547917406,62.0,17.0,45.0,27.419354838709676,4791.48,3505.0499999999997,1286.4299999999998,519.88,0.0,1.0,,,,,,,,0.024885814275001937
96,-2.0,False,53,19,63.0,43.0,16,12,1.2,4,29,1.8,4.0,1.0,0.014000000000000002,0.5,-0.4822307999999976,0.0,-0.6895532769148986,0.8911278161201208,1.0,0.0,1.0,0.0,0.0,48.22,-48.22,4.97,0.0,0.0,,,,,,,,,,,,,,,,,,,,,,6.0
97,-1.3146848363150623,False,57,20,62.0,39.0,12,16,2.3,5,34,2.0,3.5,2.5,0.017,0.45,-8.538792945500026,0.0,-2.052127515061677,9.124090245980325,10.0,0.0,10.0,0.0,0.0,853.89,-853.89,105.64,0.0,0.0,3.1239747150000223,2.2854380117680946,0.5771002302944066,4.354573049447586,4.0,1.0,3.0,25.0,555.43,243.02999999999997,312.4,45.980000000000004,0.0,0.0,,,,,,,,1.8881090178903743
98,-1.0123697463466672,False,36,21,71.0,41.0,17,11,4.0,8,41,1.8,3.6,1.0,0.009000000000000001,0.55,-7.421847808000274,0.8978388943948905,-0.41308391048528975,14.665598580965142,171.0,38.0,133.0,22.22222222222222,6522.620000000001,7264.8,-742.1799999999994,888.41,0.0,2.0,10.1483658259999,1.3027854687798357,1.2775647143551272,8.776187730570452,83.0,24.0,59.0,28.91566265060241,4366.52,3351.6800000000003,1014.8400000000001,454.38,0.0,2.0,,,,,,,,0.07421847808000274
99,-1.3031069754045408,False,49,16,80.0,45.0,14,9,1.6,6,26,2.0,3.8000000000000003,1.5,0.01,0.55,-0.2315321815000425,0.9556589859985827,-0.044951775987260315,4.0513926693975195,11.0,3.0,8.0,27.272727272727273,498.93999999999994,522.0899999999999,-23.149999999999977,91.14,0.0,0.0,4.663170650000011,19.337396775462054,1.3135140789167683,2.680934327063466,3.0,2.0,1.0,66.66666666666667,491.75,25.43,466.32,23.700000000000003,0.0,0.0,,,,,,,,1.8186418524272454
100,-1.2302524895035374,False,31,19,79.0,33.0,15,13,3.6,10,36,0.9,2.1,3.0,0.013000000000000001,0.6000000000000001,-59.221540956500505,0.7954592395340081,-2.0679155555437543,61.83918418739166,517.0,163.0,354.0,31.528046421663444,23031.17,28953.300000000003,-5922.130000000005,5643.12,0.0,6.0,-29.52557636700041,0.7903834644489771,-1.810757117433621,43.63764721415011,213.0,72.0,141.0,33.80281690140845,11132.970000000001,14085.53,-2952.5599999999995,2721.13,0.0,4.0,,,,,,,,1.3815149370212247
101,0.09307509224309732,True,47,20,65.0,42.0,15,13,3.7,8,33,1.7000000000000002,3.8000000000000003,1.0,0.011,0.55,13.282531870499842,1.1752577863688243,0.7887273109183056,14.139472574986831,169.0,43.0,126.0,25.443786982248522,8907.22,7578.949999999999,1328.2700000000004,1058.05,0.0,2.0,6.057034586499904,1.184807917069732,0.7774942846784423,10.680235840097978,79.0,19.0,60.0,24.050632911392405,3882.5800000000004,3276.9700000000003,605.6100000000001,427.55,0.0,2.0,0.01817110375949971,0.046201979267433024,-0.0,0.0626984126984127,0.013282531870499843,0.008762889318441214,-0.056041824671189164,
102,0.17846346158240872,True,47,20,66.0,43.0,15,14,3.8000000000000003,9,33,1.8,3.7,1.0,0.011,0.55,8.945434128999858,1.1262635814718944,0.56490721443562,12.99875029484204,154.0,38.0,116.0,24.675324675324674,7979.6,7085.019999999999,894.5800000000017,947.08,0.0,2.0,11.31671429699998,1.3427924052780167,1.376758097362778,8.394786371149255,77.0,19.0,58.0,24.675324675324674,4432.88,3301.2400000000002,1131.6399999999999,440.87,0.0,2.0,0.033950142890999936,0.08569810131950417,-0.0,0.061111111111111116,0.00894543412899986,0.006313179073594722,-0.017554506941801086,
103,0.065748823368644,True,43,20,66.0,40.0,15,12,3.8000000000000003,10,33,1.9000000000000001,3.8000000000000003,3.5,0.011,0.55,12.012704668499772,1.0809026508026625,0.48492463363509763,18.59374855384165,151.0,39.0,112.0,25.827814569536425,16050.010000000002,14848.71,1201.300000000003,2339.69,0.0,2.0,6.533473256499947,1.1038054367013086,0.5712496447393438,16.520411479918653,72.0,19.0,53.0,26.38888888888889,6947.2300000000005,6293.890000000001,653.3399999999992,952.79,0.0,2.0,0.01960041976949984,0.02595135917532715,-0.008688065599535163,0.05714285714285714,0.012012704668499774,0.004045132540133123,-0.044315584328137855,
104,0.060075328029051925,True,47,20,66.0,43.0,16,13,3.9000000000000004,9,31,1.8,4.0,1.0,0.008,0.6000000000000001,8.353510016999735,1.124116494237247,0.5478260507334598,12.076569913871031,148.0,37.0,111.0,25.0,7565.630000000001,6730.29,835.340000000001,918.21,0.0,2.0,3.7984342615000064,1.1105951337675308,0.5436917533305796,9.5141242879711,79.0,18.0,61.0,22.78481012658228,3814.5499999999997,3434.6899999999996,379.8600000000001,449.35,0.0,2.0,0.011395302784500018,0.027648783441882707,-0.0,0.0626984126984127,0.008353510016999735,0.006205824711862352,-0.056226505624605586,
105,-1.2529568670320579,False,52,21,63.0,42.0,15,12,2.0,11,28,1.7000000000000002,2.7,1.0,0.01,0.55,-2.7945283824999936,0.6592361348226915,-0.5813700004610343,5.819673642344651,22.0,5.0,17.0,22.727272727272727,540.5999999999999,820.04,-279.44000000000005,119.66,0.0,0.0,3.1007554784999956,1.986447795380798,1.1523772498403435,2.142701936071755,12.0,4.0,8.0,33.333333333333336,624.4200000000001,314.34000000000003,310.08000000000004,66.73,0.0,0.0,,,,,,,,1.5177412021923469
106,-1.0012745307063273,False,44,20,67.0,35.0,14,6,2.5,7,30,1.9000000000000001,3.7,1.0,0.012,0.35,9.861063663500008,1.2743563491489396,0.8918949947378083,8.200099201258586,139.0,38.0,101.0,27.33812949640288,4580.47,3594.3400000000006,986.1299999999997,526.96,0.0,2.0,0.751891354499985,1.0419704565501378,0.19892180912957,4.126907371214102,70.0,16.0,54.0,22.857142857142858,1866.4399999999998,1791.26,75.17999999999984,245.85999999999999,0.0,2.0,,,,,,,,0.007647184237964082
107,-1.010678560799167,False,40,21,65.0,41.0,16,11,3.4000000000000004,9,32,1.8,3.5,1.0,0.009000000000000001,0.55,-6.407136479500259,0.9062763293390751,-0.38076700419994086,15.59368443233699,171.0,40.0,131.0,23.391812865497077,6195.74,6836.48,-640.7399999999998,901.21,0.0,2.0,7.109513077499942,1.2786238898861078,1.0170183647558335,7.8945744165527865,67.0,19.0,48.0,28.35820895522388,3262.4599999999996,2551.54,710.9199999999996,371.31,0.0,1.0,,,,,,,,0.0640713647950026
108,-1.0224836915075002,False,61,19,62.0,43.0,15,14,3.6,6,39,2.0,3.9000000000000004,1.0,0.027,0.6000000000000001,-13.49021490450008,0.7946078117910725,-0.712576050230825,26.7111037936134,134.0,24.0,110.0,17.91044776119403,5219.0,6568.0199999999995,-1349.0199999999995,791.71,0.0,2.0,3.3746679284999663,1.1375582433440548,0.5071111250562744,9.928012689029043,50.0,11.0,39.0,22.0,2790.51,2453.0699999999997,337.4400000000005,299.65,0.0,2.0,,,,,,,,0.1349021490450008
109,0.2825035008865844,True,54,20,64.0,42.0,14,13,3.8000000000000003,5,26,1.9000000000000001,3.8000000000000003,1.0,0.013000000000000001,0.65,17.121803254999797,1.2189590878399112,0.8535682257157398,9.820199998814296,151.0,40.0,111.0,26.490066225165563,9531.869999999999,7819.680000000001,1712.1899999999978,1130.16,0.0,4.0,19.790383752999986,1.6045799754382324,1.9971025839774876,11.105148244351797,69.0,20.0,49.0,28.985507246376812,5252.400000000001,3273.3799999999997,1979.020000000001,471.41,0.0,3.0,0.05937115125899995,0.1511449938595581,-0.0,0.05476190476190477,0.0171218032549998,0.010947954391995564,-0.010844306640873819,
110,0.14181849358223286,True,54,21,64.0,30.0,14,8,3.8000000000000003,5,27,1.9000000000000001,3.4000000000000004,1.0,0.016,0.7,7.539068796999728,1.071899850645771,0.40120305486186814,14.450394265573374,183.0,47.0,136.0,25.683060109289617,11239.019999999999,10485.14,753.8799999999992,1405.55,0.0,4.0,10.532040162500051,1.2322343223917327,1.0320204694021669,13.16587658322299,83.0,24.0,59.0,28.91566265060241,5588.540000000001,4535.29,1053.250000000001,605.72,0.0,3.0,0.03159612048750015,0.058058580597933174,-0.0,0.06587301587301587,0.007539068796999728,0.003594992532288555,-0.024843284705504627,
111,0.026744879540202722,True,54,21,64.0,29.0,14,8,3.8000000000000003,5,26,1.9000000000000001,3.6,4.0,0.015,0.7,3.5905693004994097,1.0166696072877879,0.2313099437463731,23.393311499364184,161.0,42.0,119.0,26.08695652173913,21896.420000000002,21537.4,359.02000000000044,3565.04,0.0,4.0,4.996482483000018,1.0516470895921222,0.41449669263835004,23.20657049158513,83.0,23.0,60.0,27.710843373493976,10173.35,9673.73,499.6200000000008,1529.06,0.0,3.0,0.014989447449000052,0.012911772398030541,-0.0468946885233436,0.06587301587301587,0.00359056930049941,0.000833480364389394,-0.024558717321388947,
112,-1.0024268698575,False,51,21,64.0,25.0,14,7,2.2,4,27,1.9000000000000001,3.5,1.0,0.016,0.65,-1.4561219145000723,0.970860826423787,-0.031028572258274618,12.763954632355107,112.0,27.0,85.0,24.107142857142858,4851.110000000001,4996.71,-145.59999999999945,739.23,0.0,2.0,4.882410949499972,1.2084418412042452,0.6891608690680162,8.41080935716817,55.0,16.0,39.0,29.09090909090909,2830.63,2342.38,488.25,365.98,0.0,3.0,,,,,,,,0.014561219145000723
113,0.17804924727662622,True,55,21,63.0,27.0,13,6,3.9000000000000004,5,28,2.0,3.4000000000000004,1.0,0.013000000000000001,0.7,10.847252058999821,1.106168931900105,0.5385207002204963,14.91038099468834,171.0,45.0,126.0,26.31578947368421,11302.27,10217.489999999998,1084.7800000000025,1328.4,0.0,2.0,12.64953585799998,1.294182763640761,1.2364700777976803,13.562492642191268,78.0,22.0,56.0,28.205128205128204,5564.959999999999,4299.98,1264.9799999999996,571.93,0.0,2.0,0.03794860757399994,0.07354569091019025,-0.0,0.06190476190476191,0.01084725205899982,0.005308446595005245,-0.011505511766330943,
114,0.03561905981977211,True,65,20,62.0,26.0,13,4,3.9000000000000004,5,28,1.8,3.4000000000000004,1.0,0.014000000000000002,0.7,1.7216243104999192,1.0146819841311798,0.15704163461057977,15.770602342034993,205.0,46.0,159.0,22.4390243902439,11900.860000000002,11728.66,172.20000000000255,1499.1,0.0,3.0,6.96182967799994,1.1454928096871204,0.7303066441903209,15.32003989711573,86.0,22.0,64.0,25.58139534883721,5481.079999999999,4784.91,696.1699999999992,616.81,0.0,3.0,0.020885489033999817,0.036373202421780104,-0.001828799412089889,0.06825396825396826,0.0017216243104999193,0.0007340992065589914,-0.09052052399494509,
115,0.15972821678775254,True,55,21,63.0,24.0,14,6,4.0,4,29,1.9000000000000001,3.2,1.0,0.013000000000000001,0.75,8.909253331499803,1.0783451307979774,0.45265519576298235,14.600674560299792,191.0,50.0,141.0,26.17801047120419,12263.48,11372.5,890.9799999999996,1549.79,0.0,3.0,12.384955592499791,1.2607306166788772,1.245455921189366,14.632953696459793,87.0,25.0,62.0,28.735632183908045,5988.42,4749.96,1238.46,682.83,0.0,3.0,0.03715486677749937,0.0651826541697193,-0.0,0.06904761904761905,0.008909253331499804,0.003917256539898872,-0.024483433078483875,
116,0.1341296579690191,True,55,21,63.0,24.0,14,7,4.0,4,24,1.9000000000000001,3.2,1.0,0.016,0.75,7.013388963499838,1.0600900764287446,0.37105409303318737,17.206733325117643,188.0,48.0,140.0,25.53191489361702,12373.7,11672.310000000001,701.3899999999994,1579.67,0.0,4.0,8.798408138999894,1.176407486275029,0.8779412846249891,15.292917110305437,91.0,26.0,65.0,28.571428571428573,5867.05,4987.259999999999,879.7900000000009,704.7,0.0,3.0,0.026395224416999683,0.04410187156875722,-0.001673812058888211,0.07222222222222223,0.007013388963499838,0.0030045038214372324,-0.01693374096500888,
117,0.09731076321200595,True,55,20,63.0,24.0,21,6,4.0,4,24,2.0,3.2,1.0,0.016,0.75,4.150360506499801,1.0390058759243093,0.2605015515516467,16.985455058715644,177.0,44.0,133.0,24.858757062146893,11056.82,10641.73,415.09000000000015,1448.94,0.0,2.0,5.654761672999866,1.1160255002903356,0.6187533254000674,14.344792849235708,86.0,22.0,64.0,25.58139534883721,5439.14,4873.67,565.4700000000003,663.97,0.0,3.0,0.016964285018999596,0.029006375072583912,-0.0,0.06825396825396826,0.004150360506499802,0.0019502937962154632,-0.023014519436261083,
118,-1.0129552111245954,False,59,21,61.0,23.0,14,5,3.9000000000000004,4,25,1.9000000000000001,3.3000000000000003,4.0,0.018000000000000002,0.75,-6.396765286500322,0.9793120890401324,0.05061819501184065,39.539431593831495,190.0,51.0,139.0,26.842105263157894,30280.320000000003,30919.989999999998,-639.6699999999946,4989.75,0.0,3.0,4.411212817999549,1.035548205423302,0.3799782644070728,29.662681836173377,88.0,25.0,63.0,28.40909090909091,12849.020000000002,12407.939999999997,441.0800000000054,1949.84,0.0,3.0,,,,,,,,0.07773126674757273
119,-1.0059984134906452,False,62,19,60.0,27.0,13,7,4.0,5,22,1.8,3.0,1.0,0.018000000000000002,0.75,13.582020548999955,1.1125568967289146,0.6406518976289457,18.210639983837368,217.0,60.0,157.0,27.649769585253456,13423.8,12065.720000000001,1358.079999999998,1868.4,0.0,4.0,0.60666600749988,1.0122099950089356,0.1444051555124568,14.573449641767974,87.0,26.0,61.0,29.885057471264368,5029.55,4968.88,60.67000000000007,660.83,0.0,3.0,,,,,,,,0.035990480943870896
120,-0.020048952496360233,True,55,21,63.0,23.0,14,7,3.9000000000000004,4,26,2.0,3.1,1.5,0.019,0.7,1.1410345899998902,1.0075072160729432,0.1471926764607735,22.939654008541474,178.0,45.0,133.0,25.280898876404493,15312.810000000001,15198.71,114.10000000000218,2056.54,0.0,2.0,7.340009764499864,1.1116086633904239,0.6213556849568281,20.129193907547705,85.0,23.0,62.0,27.058823529411764,7310.65,6576.640000000002,734.0099999999975,904.88,0.0,2.0,0.02202002929349959,0.027902165847605964,-0.029309679471701173,0.06746031746031747,0.0011410345899998903,0.0003753608036471623,-0.10963818101972914,
121,0.08160555750742965,True,51,21,64.0,24.0,14,8,3.8000000000000003,5,29,1.9000000000000001,3.3000000000000003,1.0,0.015,0.75,3.5716022754997905,1.0321515623931128,0.23195287753918406,14.093477099839221,193.0,48.0,145.0,24.870466321243523,11467.079999999998,11109.880000000001,357.1999999999971,1523.72,0.0,3.0,9.540422719000016,1.172287315885663,0.92839411754787,12.745514501894965,92.0,26.0,66.0,28.26086956521739,6491.33,5537.32,954.0100000000002,741.24,0.0,3.0,0.028621268157000047,0.04307182897141576,-0.0,0.07301587301587302,0.0035716022754997906,0.0016075781196556395,-0.0682825930320146,
122,0.14537073334953096,True,58,21,63.0,26.0,14,5,4.0,6,24,1.9000000000000001,3.1,1.0,0.013000000000000001,0.7,12.635838471999921,1.1091825951409695,0.5939023855206423,11.591720346652059,194.0,53.0,141.0,27.31958762886598,12836.670000000002,11573.09,1263.5800000000017,1505.84,0.0,3.0,9.456680646999994,1.2057736202953613,0.9993660521362803,13.789006941720602,87.0,27.0,60.0,31.03448275862069,5541.41,4595.73,945.6800000000003,627.9,0.0,3.0,0.028370041940999978,0.05144340507384032,-0.0,0.06904761904761905,0.012635838471999922,0.005459129757048476,-0.021585300941976793,
123,0.001149425743803455,True,66,20,62.0,26.0,13,5,4.0,6,24,1.9000000000000001,2.9000000000000004,1.0,0.017,0.7,0.4976513169999453,1.0041510400972276,0.10318032079784514,21.67288464961198,206.0,51.0,155.0,24.75728155339806,12029.86,11980.130000000001,49.72999999999956,1590.78,0.0,3.0,8.289896020999858,1.1811271366237468,0.8676566360197673,15.033029572331605,80.0,24.0,56.0,30.0,5405.7,4576.73,828.9700000000003,590.16,0.0,3.0,0.024869688062999575,0.0452817841559367,-0.00018874041332345826,0.06349206349206349,0.0004976513169999453,0.00020755200486137772,-0.13301057287573417,
124,0.11284386940850147,True,58,21,63.0,24.0,20,6,3.9000000000000004,5,27,1.9000000000000001,3.2,1.0,0.014000000000000002,0.75,5.380563223499685,1.045982080286606,0.30231507078448966,17.20805482760533,192.0,50.0,142.0,26.041666666666668,12239.12,11701.080000000002,538.039999999999,1567.13,0.0,3.0,10.141363530499985,1.2004494755130724,1.0093626461023841,13.645187768370848,89.0,26.0,63.0,29.213483146067414,6073.35,5059.23,1014.1200000000008,694.73,0.0,3.0,0.030424090591499958,0.05011236887826809,-0.0,0.07063492063492065,0.0053805632234996854,0.0022991040143303,-0.046007177934017214,
125,0.022379878569384642,True,54,20,61.0,22.0,14,4,3.8000000000000003,6,22,2.0,3.1,1.0,0.016,0.7,23.977125061999903,1.2266576800042348,1.057868134557347,9.95497778120035,176.0,51.0,125.0,28.977272727272727,12976.37,10578.640000000001,2397.7299999999996,1453.51,0.0,3.0,3.6676476400000135,1.0847455668883417,0.44583142080428995,14.285374225713163,82.0,23.0,59.0,28.048780487804876,4694.41,4327.659999999999,366.7500000000009,586.1,0.0,3.0,0.011002942920000041,0.021186391722085418,-0.0,0.06507936507936508,0.023977125061999907,0.011332884000211742,-0.11019883021427755,
126,0.061853620584424986,True,63,21,64.0,25.0,13,5,4.0,4,19,1.8,2.9000000000000004,1.0,0.015,0.75,2.269534515999858,1.0173217203871014,0.17912951422553555,23.586065605118332,227.0,59.0,168.0,25.991189427312776,13328.409999999998,13101.470000000001,226.93999999999687,1868.41,0.0,4.0,12.764064141999897,1.2453312523545559,1.2437503301330048,17.72323297582942,100.0,34.0,66.0,34.0,6479.06,5202.679999999999,1276.380000000001,789.7,0.0,3.0,0.03829219242599969,0.06133281308863897,-0.01556133129045382,0.07936507936507936,0.0022695345159998584,0.0008660860193550724,-0.10471075354019414,
127,-1.0121545176066669,False,69,21,63.0,21.0,14,6,3.8000000000000003,5,23,1.9000000000000001,3.4000000000000004,1.0,0.013000000000000001,0.7,-7.292710564000099,0.9313629527285598,-0.2612828609750022,23.32676310866282,196.0,43.0,153.0,21.93877551020408,9895.750000000004,10625.02,-729.2699999999968,1421.17,0.0,3.0,23.857387445999976,1.5700519221716993,2.197446117814157,11.654127311482867,77.0,25.0,52.0,32.467532467532465,6570.84,4185.11,2385.7300000000005,589.25,0.0,3.0,,,,,,,,0.07292710564000099
128,-1.0070810777425,False,60,20,65.0,30.0,15,6,4.0,6,25,2.0,3.3000000000000003,1.0,0.014000000000000002,0.65,-4.248646645500121,0.9557098598126943,-0.11992899715075972,17.15582576268931,183.0,45.0,138.0,24.59016393442623,9168.01,9592.880000000001,-424.8700000000008,1207.59,0.0,2.0,9.329155035999937,1.2145730457762274,1.008335347939643,14.485687346917505,80.0,22.0,58.0,27.5,5280.830000000001,4347.889999999999,932.9400000000014,542.1899999999999,0.0,3.0,,,,,,,,0.04248646645500121
129,0.12062846154486499,True,56,21,66.0,27.0,13,4,3.9000000000000004,5,29,1.8,3.4000000000000004,1.5,0.03,0.75,21.64604050149981,1.1052910631984725,0.630796651990052,18.244921439885424,195.0,49.0,146.0,25.128205128205128,22722.85,20558.25,2164.5999999999985,2623.96,0.0,4.0,16.467021404499917,1.1837353127897419,0.9881944310643891,24.910424799972798,95.0,27.0,68.0,28.42105263157895,10609.5,8962.729999999998,1646.7700000000023,1178.68,0.0,3.0,0.049401064213499754,0.04593382819743547,-0.05663099885698741,0.0753968253968254,0.021646040501499812,0.005264553159923625,-0.020382851067331658,
130,-1.0143394117079219,False,57,21,67.0,27.0,13,4,1.8,4,26,1.8,3.0,1.5,0.029,0.75,8.222771161499876,1.0599535929715667,0.3764286657749719,21.890099555444927,153.0,38.0,115.0,24.836601307189543,14535.61,13713.44,822.1700000000001,2045.82,0.0,4.0,-1.2699894375000076,0.9729965953338422,-0.005029275086849228,12.323255021334633,65.0,20.0,45.0,30.76923076923077,4575.389999999999,4702.37,-126.98000000000047,743.37,0.0,2.0,,,,,,,,0.08603647024753136
131,0.13739644917098273,True,53,21,66.0,26.0,14,5,3.9000000000000004,5,29,1.9000000000000001,3.2,1.0,0.03,0.75,17.438108203499887,1.1364151938183396,0.7059220551302241,12.318958189178,188.0,48.0,140.0,25.53191489361702,14527.5,12783.619999999999,1743.880000000001,1637.68,0.0,3.0,11.298298373499874,1.2023797369500464,1.0218236430808587,17.016967167983324,91.0,27.0,64.0,29.67032967032967,6712.85,5582.97,1129.88,733.5,0.0,3.0,0.03389489512049962,0.0505949342375116,-0.011525526674190425,0.07222222222222223,0.017438108203499888,0.006820759690916978,-0.032048943629477154,
132,0.06305646712672146,True,49,21,66.0,28.0,14,5,3.9000000000000004,5,30,1.8,3.2,1.0,0.03,0.75,2.704392914499931,1.019920920317792,0.19524900938231282,15.979612635263782,209.0,49.0,160.0,23.444976076555022,13846.63,13576.18,270.4499999999989,1701.82,0.0,2.0,10.942082411499959,1.1743078930222999,0.9540469299284768,16.02634529975039,100.0,29.0,71.0,29.0,7371.8,6277.570000000001,1094.2299999999996,819.39,0.0,3.0,0.032826247234499874,0.04357697325557497,-0.0058648302842879375,0.07936507936507936,0.002704392914499931,0.0009960460158895956,-0.09054744137453434,
133,0.11354396373506394,True,51,21,66.0,26.0,14,4,3.8000000000000003,4,27,1.9000000000000001,3.0,1.0,0.03,0.7,22.332140756999888,1.1811635706370156,0.9285180577004625,16.694291733454456,204.0,55.0,149.0,26.96078431372549,14559.66,12326.54,2233.119999999999,1704.23,0.0,4.0,9.04389556749993,1.1757845755536636,0.9173118566919467,13.332271099426366,94.0,29.0,65.0,30.851063829787233,6049.199999999999,5144.82,904.3799999999992,707.5,0.0,3.0,0.027131686702499793,0.04394614388841589,-0.0,0.0746031746031746,0.02233214075699989,0.00905817853185078,-0.06352736074787702,
134,0.14815094860999267,True,55,21,65.0,27.0,13,5,4.0,5,24,2.0,3.1,1.0,0.028,0.75,9.969170317499938,1.0876430869863374,0.4680851035251891,11.645488299484994,175.0,46.0,129.0,26.285714285714285,12371.07,11374.2,996.869999999999,1441.09,0.0,2.0,9.35310569049996,1.1772044697563915,0.8786666056433399,15.494529449528368,87.0,25.0,62.0,28.735632183908045,6213.450000000001,5278.14,935.3100000000004,700.1,0.0,3.0,0.02805931707149988,0.04430111743909787,-0.0028258825687335334,0.06904761904761905,0.009969170317499937,0.004382154349316869,-0.004782547046307415,
135,0.11934677413571004,True,56,21,65.0,28.0,13,5,4.0,5,25,2.0,3.1,1.5,0.029,0.75,10.96577083049986,1.0650286686229808,0.41571586072798966,16.509325503138353,174.0,46.0,128.0,26.436781609195403,17958.129999999997,16861.64,1096.489999999998,2146.74,0.0,2.0,19.822205822500035,1.2362593814025054,1.202297816328841,21.8776189043045,87.0,26.0,61.0,29.885057471264368,10372.55,8390.27,1982.2799999999988,1118.19,0.0,3.0,0.05946661746750011,0.05906484535062634,-0.039300679453168584,0.06904761904761905,0.010965770830499861,0.0032514334311490424,-0.04314883253851578,
136,-1.0129454693983853,False,61,20,66.0,27.0,12,4,3.9000000000000004,14,23,2.0,3.2,1.0,0.029,0.75,23.07934169850003,1.1935917072507873,0.8450626389367264,12.653809370998651,165.0,46.0,119.0,27.87878787878788,14229.689999999999,11921.739999999998,2307.9500000000007,1394.92,0.0,3.0,-1.1070188240001335,0.9800672404421744,0.010227342892209588,18.118379299193972,77.0,19.0,58.0,24.675324675324674,5445.43,5556.179999999999,-110.74999999999909,580.28,0.0,3.0,,,,,,,,0.07767281639031146
137,0.21163414295849303,True,54,21,64.0,25.0,13,5,4.0,4,28,2.0,3.3000000000000003,1.0,0.03,0.7,14.739798067499905,1.1313368202514502,0.6413659677116641,15.84827834108581,175.0,44.0,131.0,25.142857142857142,12696.880000000001,11222.9,1473.9800000000014,1438.12,0.0,2.0,14.981370744500037,1.3229182832410813,1.4261144296628785,14.058457189553925,83.0,24.0,59.0,28.91566265060241,6137.6,4639.439999999999,1498.1600000000017,634.87,0.0,2.0,0.04494411223350011,0.08072957081027032,-0.0,0.06587301587301587,0.014739798067499905,0.006566841012572511,-0.0012191950383657034,
138,-1.0139363324991666,False,64,21,64.0,25.0,15,5,4.0,4,10,2.0,3.3000000000000003,1.0,0.028,0.7,-8.361799499499975,0.9030927118162801,-0.32340114311142676,17.14071005672417,163.0,36.0,127.0,22.085889570552148,7792.2,8628.349999999999,-836.1499999999987,1155.75,0.0,2.0,10.714186868499874,1.294668837562363,1.222620324867661,15.127802901325566,76.0,25.0,51.0,32.89473684210526,4707.39,3635.98,1071.4100000000003,543.33,0.0,1.0,,,,,,,,0.08361799499499975
139,0.2090254551684219,True,54,20,63.0,23.0,13,6,4.0,4,26,2.0,2.9000000000000004,1.0,0.027,0.7,13.734178745999653,1.1279891820964072,0.651177637172816,15.137467917830596,184.0,50.0,134.0,27.17391304347826,12103.730000000001,10730.359999999999,1373.3700000000026,1479.58,0.0,2.0,14.23708651099987,1.3415416428773623,1.4171289549204535,14.063317196433841,80.0,26.0,54.0,32.5,5592.2699999999995,4168.54,1423.7299999999996,603.37,0.0,2.0,0.042711259532999604,0.08538541071934058,-0.0,0.06349206349206349,0.013734178745999654,0.00639945910482036,-0.0026969164268017994,
140,0.14125448787785166,True,53,20,65.0,23.0,13,6,2.8,5,27,2.0,2.9000000000000004,1.0,0.027,0.7,10.501261120499766,1.1139981524961382,0.5651682043878226,14.27629716353566,165.0,45.0,120.0,27.272727272727273,10262.63,9212.43,1050.199999999999,1302.5,0.0,2.0,8.39836234149996,1.2376215212938129,0.9671246086102752,10.009265215257368,72.0,21.0,51.0,29.166666666666668,4374.200000000001,3534.36,839.8400000000006,526.18,0.0,2.0,0.02519508702449988,0.059405380323453216,-0.0,0.05714285714285714,0.010501261120499768,0.005699907624806911,-0.016690005358265248,
141,0.12760025447287107,True,52,20,65.0,23.0,13,6,2.9000000000000004,5,27,2.0,2.9000000000000004,1.0,0.027,0.7,11.662233170999807,1.1179477428529234,0.6049024945536322,12.153948246455798,172.0,47.0,125.0,27.325581395348838,11053.439999999997,9887.26,1166.1799999999967,1366.22,0.0,2.0,8.116782944000006,1.2185669778576025,0.9216175800309123,9.480516427048698,73.0,21.0,52.0,28.767123287671232,4525.38,3713.6900000000005,811.6899999999996,537.11,0.0,2.0,0.02435034883200002,0.05464174446440062,-0.0,0.057936507936507946,0.011662233170999807,0.005897387142646171,-0.026887967073683492,
142,0.09481695631297184,True,59,20,64.0,26.0,12,6,3.9000000000000004,4,28,2.0,3.0,1.0,0.028,0.7,22.87849700749988,1.197940504422413,0.9693514270888332,15.579035374313172,193.0,54.0,139.0,27.979274611398964,13846.000000000002,11558.17,2287.8300000000017,1623.32,0.0,2.0,8.152563159499806,1.176390409388103,0.8526292486385887,15.21064336116241,83.0,24.0,59.0,28.91566265060241,5437.3,4622.02,815.2799999999997,620.35,0.0,2.0,0.02445768947849942,0.044097602347025755,-0.0012036763494994826,0.06587301587301587,0.022878497007499884,0.009897025221120648,-0.07118319726469026,
143,-1.0535849704708344,False,47,20,63.0,24.0,11,5,3.8000000000000003,5,26,2.0,2.8,5.0,0.026000000000000002,0.65,-32.15098228250067,0.8912627414056494,-0.3780861815213115,41.957221887247925,191.0,53.0,138.0,27.74869109947644,26352.83,29567.97,-3215.1399999999994,4285.49,0.0,1.0,10.024629772999653,1.0561286049341039,0.5706424335633534,29.861059273223006,91.0,29.0,62.0,31.86813186813187,18863.08,17860.589999999997,1002.4900000000052,2728.19,0.0,1.0,,,,,,,,0.32150982282500673
144,0.1758892178619436,True,53,20,67.0,25.0,13,6,4.0,4,25,2.0,2.7,1.0,0.026000000000000002,0.7,14.033318259999724,1.1276617229524737,0.6696788091453675,17.38624026587605,194.0,57.0,137.0,29.38144329896907,12395.720000000001,10992.41,1403.3100000000013,1541.59,0.0,2.0,11.734187186499858,1.2489023133084174,1.1746437836409263,14.45656949709895,90.0,30.0,60.0,33.333333333333336,5887.900000000001,4714.459999999999,1173.4400000000014,674.36,0.0,3.0,0.03520256155949957,0.06222557832710435,-0.0,0.07142857142857144,0.014033318259999726,0.006383086147623685,-0.01338389786085518,
145,0.10443311800121488,True,49,20,62.0,25.0,12,6,2.7,4,25,2.0,2.6,1.0,0.026000000000000002,0.65,3.990651453499977,1.0471920633625722,0.28433910768894954,15.750268803772736,180.0,51.0,129.0,28.333333333333332,8857.140000000001,8457.99,399.15000000000146,1254.64,0.0,1.0,5.879448547999873,1.1889783520563135,0.8284365263713772,8.266196957155447,78.0,27.0,51.0,34.61538461538461,3699.0899999999997,3111.1499999999996,587.94,526.01,0.0,3.0,0.017638345643999617,0.04724458801407838,-0.0,0.06190476190476191,0.003990651453499978,0.00235960316812861,-0.02870483218325361,
146,0.13058749499240552,True,58,19,67.0,23.0,13,6,4.0,4,22,2.0,2.7,1.0,0.025,0.7,16.362514764999776,1.1474610439877835,0.7522484624512826,16.26801366358984,195.0,60.0,135.0,30.76923076923077,12732.789999999999,11096.49,1636.2999999999993,1589.76,0.0,3.0,9.227870442999956,1.2045892407799494,0.9675077639296469,14.120102913026225,88.0,28.0,60.0,31.818181818181817,5433.36,4510.549999999999,922.8100000000004,656.53,0.0,3.0,0.02768361132899987,0.05114731019498736,-0.0,0.06984126984126984,0.016362514764999777,0.007373052199389174,-0.04182026333724051,
147,-1.2787556999073977,False,54,19,65.0,21.0,13,6,1.4,6,24,2.0,2.9000000000000004,1.0,0.028,0.7,-2.4140365584999746,0.6744126453213928,-0.4721908807342033,4.499837088524106,17.0,3.0,14.0,17.647058823529413,500.04999999999995,741.46,-241.41000000000008,117.37,0.0,0.0,0.1668342985000163,1.0370436173047881,0.07456284164650326,4.826722423111381,8.0,2.0,6.0,25.0,466.96,450.28,16.680000000000007,56.16,0.0,0.0,,,,,,,,1.6725341994443854
148,-1.004583605472948,False,45,20,64.0,22.0,13,7,3.8000000000000003,5,27,2.0,2.8,1.0,0.027,0.7,11.24755278099983,1.0957669727660913,0.5476228427427295,15.221419498060124,192.0,54.0,138.0,28.125,12869.289999999999,11744.550000000001,1124.739999999998,1571.05,0.0,1.0,1.1300717004999568,1.0211232855204277,0.19473336293660945,13.587301680364774,94.0,27.0,67.0,28.72340425531915,5463.03,5350.02,113.00999999999931,686.44,0.0,1.0,,,,,,,,0.0275016328376879
149,-1.0079642193491534,False,141,20,63.0,25.0,12,6,4.0,4,26,1.9000000000000001,2.6,1.0,0.027,0.65,12.146583899500001,1.1723095037131084,0.6832233356949261,12.686521046430766,139.0,45.0,94.0,32.37410071942446,8264.02,7049.35,1214.67,990.57,0.0,1.0,-0.00426091550005367,0.9998701577130849,0.06706941528261766,9.61699925012407,64.0,20.0,44.0,31.25,3311.28,3311.71,-0.4299999999998363,417.23,0.0,0.0,,,,,,,,0.04778531609491977
150,-1.0290695741753877,False,61,21,65.0,24.0,13,5,3.9000000000000004,6,28,1.9000000000000001,3.1,3.5,0.029,0.7,-11.529479752500102,0.965279114076716,0.04921596465745076,34.87719442361484,192.0,53.0,139.0,27.604166666666668,32054.399999999998,33207.39,-1152.9900000000016,4344.46,0.0,3.0,14.772954426499801,1.096239562120448,0.7229156609716775,37.06929266345637,84.0,26.0,58.0,30.952380952380953,16827.649999999998,15350.34,1477.3099999999977,2083.21,0.0,3.0,,,,,,,,0.17441744505232598
151,0.0718358840062372,True,53,21,64.0,26.0,14,5,3.9000000000000004,5,29,1.9000000000000001,2.5,1.0,0.03,0.7,21.08200729149992,1.1691330312618329,0.931493135585645,14.820112161335281,212.0,64.0,148.0,30.18867924528302,14573.289999999999,12465.04,2108.249999999998,1764.92,0.0,3.0,6.130531742499952,1.1268698106803752,0.6711853100057432,13.400292728696087,94.0,32.0,62.0,34.04255319148936,5445.08,4832.04,613.04,691.7,0.0,3.0,0.018391595227499856,0.03171745267009379,-0.0,0.0746031746031746,0.02108200729149992,0.008456651563091644,-0.08241499734912262,
152,0.13744248869159406,True,51,21,66.0,23.0,14,5,4.0,5,27,2.0,3.1,1.0,0.025,0.7,10.452104250499978,1.0926660986489038,0.5009452365292246,13.152748085999425,185.0,48.0,137.0,25.945945945945947,12324.17,11278.99,1045.1800000000003,1445.23,0.0,2.0,8.58592907799999,1.1626716027115407,0.8477777059388026,14.206418257189563,89.0,26.0,63.0,29.213483146067414,6136.789999999999,5278.179999999999,858.6099999999997,664.51,0.0,2.0,0.02575778723399997,0.04066790067788517,-0.0,0.07063492063492065,0.010452104250499979,0.004633304932445193,-0.014703529038156898,
153,0.048887615607086,True,50,20,67.0,23.0,13,4,4.0,4,27,2.0,3.0,1.0,0.027,0.7,18.781935894999986,1.163240367090489,0.8199928131052077,15.487550098164851,188.0,50.0,138.0,26.595744680851062,13383.79,11505.61,1878.1800000000003,1556.71,0.0,1.0,4.823646429499859,1.0926152410611258,0.539476784473877,14.206362228506379,92.0,26.0,66.0,28.26086956521739,5690.8099999999995,5208.429999999999,482.3800000000001,676.73,0.0,2.0,0.014470939288499575,0.02315381026528146,-0.0,0.07301587301587302,0.018781935894999987,0.008162018354524448,-0.08869696121209249,
154,0.0869210741661561,True,57,21,64.0,22.0,15,6,4.0,5,25,2.0,3.1,1.0,0.028,0.7,3.105652883999828,1.0288308445009724,0.2138668107648413,13.478777447276858,186.0,48.0,138.0,25.806451612903224,11082.0,10771.45,310.5499999999993,1388.61,0.0,2.0,12.719154285499974,1.2778709869099423,1.237354390432999,14.159216077726736,83.0,25.0,58.0,30.120481927710845,5849.48,4577.52,1271.9599999999991,622.8,0.0,3.0,0.038157462856499916,0.06946774672748557,-0.0,0.06587301587301587,0.003105652883999828,0.00144154222504862,-0.09112434639989371,
155,0.09201127420097455,True,47,21,72.0,24.0,14,7,3.8000000000000003,4,26,2.0,2.9000000000000004,1.0,0.025,0.65,14.298848247499718,1.1461398204871907,0.7213088338238922,13.658547915896161,185.0,51.0,134.0,27.56756756756757,11214.130000000001,9784.26,1429.8700000000008,1378.13,0.0,1.0,6.566463624999924,1.1489850744914027,0.7484558925038267,10.99775137138075,87.0,27.0,60.0,31.03448275862069,5063.83,4407.22,656.6099999999997,598.03,0.0,1.0,0.01969939087499977,0.03724626862285069,-0.0,0.06904761904761905,0.014298848247499718,0.007306991024359533,-0.05558784361635421,
156,0.1300102510897136,True,54,20,65.0,25.0,15,5,3.7,6,24,2.0,3.1,1.0,0.026000000000000002,0.7,11.35695823399992,1.1088156078042857,0.5456287212419116,10.444520660635744,171.0,45.0,126.0,26.31578947368421,11572.52,10436.829999999998,1135.6900000000023,1320.89,0.0,2.0,8.436137751500047,1.1798395211214765,0.8484041837189491,13.467627467853886,82.0,24.0,58.0,29.26829268292683,5534.58,4690.959999999999,843.6200000000008,607.48,0.0,3.0,0.025308413254500138,0.044959880280369124,-0.0,0.06507936507936508,0.01135695823399992,0.005440780390214284,-0.02213514614873496,
157,-1.0575050951991742,False,49,21,62.0,23.0,12,4,3.9000000000000004,5,28,1.9000000000000001,2.7,4.5,0.025,0.65,-31.033444613000437,0.9055134891566117,-0.385287850347041,45.57555762379238,223.0,63.0,160.0,28.251121076233183,29741.499999999996,32844.9,-3103.400000000005,4950.8,0.0,2.0,2.2828311649998794,1.0135690686817074,0.3156435892417458,30.15358451365223,97.0,31.0,66.0,31.95876288659794,17051.09,16822.82,228.27000000000044,2538.97,0.0,3.0,,,,,,,,0.345030571195045
158,0.09801982493240553,True,51,19,63.0,24.0,13,5,4.0,5,30,2.0,2.9000000000000004,1.0,0.027,0.7,20.545109692499736,1.1789569496766323,0.8970577136229962,11.389625509162776,196.0,53.0,143.0,27.040816326530614,13535.309999999998,11480.75,2054.5599999999977,1591.7,0.0,3.0,8.152309156999946,1.16554473218764,0.8344925803381084,12.690252156626979,85.0,25.0,60.0,29.41176470588235,5739.759999999999,4924.530000000001,815.2299999999987,637.43,0.0,3.0,0.024456927470999836,0.04138618304691,-0.0,0.06746031746031747,0.020545109692499737,0.008947847483831617,-0.06477656022215313,
159,0.22510513671222068,True,58,21,65.0,23.0,14,6,3.8000000000000003,4,13,1.9000000000000001,3.0,1.0,0.024,0.7,20.234008721999906,1.178072896727436,0.9092622711830556,12.191643154132743,207.0,59.0,148.0,28.502415458937197,13386.029999999999,11362.649999999998,2023.380000000001,1696.39,0.0,2.0,16.363132140499875,1.3620854087329424,1.5814406128591738,14.000508342970996,91.0,29.0,62.0,31.86813186813187,6155.55,4519.21,1636.3400000000001,693.54,0.0,3.0,0.04908939642149963,0.09052135218323559,-0.0,0.07222222222222223,0.02023400872199991,0.008903644836371806,-0.015865487673108473,
160,0.10978852032343171,True,67,20,65.0,25.0,15,7,3.7,4,21,1.9000000000000001,3.0,1.0,0.024,0.65,12.10295898799992,1.1192483109855647,0.6202093392891179,19.11093974687597,194.0,51.0,143.0,26.288659793814432,11359.71,10149.41,1210.2999999999993,1464.76,0.0,3.0,7.021276656499922,1.1627038838438495,0.8041129417915726,12.866746266911072,88.0,27.0,61.0,30.681818181818183,5017.730000000001,4315.57,702.1600000000017,599.74,0.0,3.0,0.021063829969499768,0.04067597096096237,-0.0,0.06984126984126984,0.01210295898799992,0.005962415549278233,-0.03985792498557842,
161,-1.0052225391925003,False,58,21,68.0,23.0,14,6,3.8000000000000003,4,17,1.9000000000000001,3.1,1.0,0.023000000000000003,0.7,-3.1335235155002006,0.9708645253422289,-0.05627860833912855,14.5202978930583,207.0,52.0,155.0,25.120772946859905,10442.58,10755.96,-313.3799999999992,1473.54,0.0,2.0,12.282118803499872,1.2555002205080836,1.2033793482824642,16.199307824608823,94.0,29.0,65.0,30.851063829787233,6035.289999999999,4807.08,1228.2099999999991,695.48,0.0,3.0,,,,,,,,0.03133523515500201
162,0.06982097123030934,True,55,21,66.0,21.0,14,6,3.9000000000000004,5,46,2.0,2.8,1.0,0.026000000000000002,0.7,2.9264905649996216,1.0254293257140075,0.2092189981671328,17.76517875872124,183.0,48.0,135.0,26.229508196721312,11800.21,11507.58,292.6299999999992,1434.54,0.0,3.0,5.186285451500007,1.116591585516082,0.587015052973491,14.64068186817373,79.0,24.0,55.0,30.379746835443036,4967.18,4448.5199999999995,518.6600000000008,565.69,0.0,2.0,0.01555885635450002,0.029147896379020488,-0.0,0.0626984126984127,0.002926490564999622,0.0012714662857003735,-0.04178215105232387,
163,0.13235720873945855,True,52,21,64.0,23.0,13,7,4.0,4,13,1.9000000000000001,3.2,1.0,0.024,0.7,5.079697853499838,1.0484284608373664,0.30301387078918335,14.585484165710803,197.0,51.0,146.0,25.888324873096447,10997.050000000001,10489.079999999998,507.970000000003,1489.1200000000001,0.0,2.0,14.430330523999983,1.3058877644894205,1.425329718933213,13.983932498606036,97.0,29.0,68.0,29.896907216494846,6160.63,4717.58,1443.0500000000002,718.74,0.0,3.0,0.04329099157199994,0.07647194112235511,-0.0,0.07698412698412699,0.005079697853499839,0.0024214230418683202,-0.07189097183439165,
164,-1.0035089735944638,False,63,21,65.0,22.0,15,5,3.8000000000000003,5,14,2.0,1.6,1.0,0.025,0.75,16.031105117999907,1.1708800310406065,0.9067834928455584,10.532256463751684,202.0,85.0,117.0,42.07920792079208,10984.33,9381.26,1603.0699999999997,1746.66,0.0,2.0,1.1825275954999417,1.0278934663548778,0.21094514846548834,11.592841608617254,92.0,38.0,54.0,41.30434782608695,4356.12,4237.91,118.21000000000004,700.33,0.0,3.0,,,,,,,,0.021053841566783117
165,-0.03738231578303649,True,59,20,63.0,29.0,14,6,4.0,6,28,1.9000000000000001,3.1,3.0,0.028,0.7,5.4144238564997424,1.0162160332862042,0.303111197188843,33.88331667379474,197.0,55.0,142.0,27.918781725888326,33931.87000000001,33390.41,541.4600000000064,4494.38,0.0,3.0,10.671628428499753,1.0798791542594681,0.6135216635178783,34.67745413024909,83.0,25.0,58.0,30.120481927710845,14426.300000000001,13359.18,1067.1200000000008,1793.86,0.0,3.0,0.032014885285499256,0.01996978856486703,-0.11244259502999479,0.06587301587301587,0.0054144238564997425,0.0008108016643102123,-0.04902263599723381,
166,0.14773070536316638,True,56,21,67.0,24.0,13,6,3.1,4,26,2.0,3.3000000000000003,1.0,0.012,0.7,7.53764220499992,1.0848503405878758,0.4299642764143412,13.51480925127852,163.0,42.0,121.0,25.766871165644172,9636.909999999998,8883.169999999998,753.7399999999998,1224.86,0.0,2.0,9.798901213499885,1.2600307822948733,1.1686849392934995,12.608597317867897,77.0,22.0,55.0,28.571428571428573,4748.300000000001,3768.4,979.900000000001,544.51,0.0,2.0,0.029396703640499653,0.06500769557371833,-0.0,0.061111111111111116,0.0075376422049999205,0.004242517029393789,-0.01956496419655643,
167,-1.0070879838741669,False,56,21,68.0,24.0,13,8,3.3000000000000003,4,26,1.9000000000000001,3.3000000000000003,1.0,0.012,0.75,-4.252790324500184,0.9557298633702015,-0.13581865627380352,15.133120086821302,178.0,44.0,134.0,24.719101123595507,9180.979999999998,9606.25,-425.27000000000226,1338.23,0.0,4.0,7.1173073349998965,1.178361554596052,0.8534498612033191,12.223649139359381,77.0,22.0,55.0,28.571428571428573,4702.24,3990.4900000000002,711.7499999999995,571.09,0.0,3.0,,,,,,,,0.042527903245001844
168,0.07600819614960462,True,60,20,64.0,30.0,12,6,3.1,4,16,2.0,3.0,1.0,0.011,0.65,6.810681584499871,1.0761471777732805,0.4397875826682316,15.895546379984896,191.0,52.0,139.0,27.225130890052355,9624.49,8943.47,681.0200000000004,1346.73,0.0,2.0,3.9250647934998413,1.1122392959059377,0.574818682929456,13.848754396802864,83.0,25.0,58.0,30.120481927710845,3889.79,3497.26,392.52999999999975,531.65,0.0,3.0,0.011775194380499523,0.028059823976484433,-0.0,0.06587301587301587,0.006810681584499871,0.0038073588886640254,-0.04031787855355911,
169,-1.0443420540550001,False,45,20,67.0,25.0,13,7,2.8,4,25,1.9000000000000001,3.3000000000000003,1.5,0.013000000000000001,0.7,-26.605232433000047,0.7469246779139938,-1.1453370927464053,28.07990987137559,171.0,39.0,132.0,22.80701754385965,7852.210000000001,10512.720000000001,-2660.51,1519.65,0.0,2.0,4.553610124999887,1.0866764754586686,0.4858830526501935,12.887149145080315,78.0,22.0,56.0,28.205128205128204,5709.17,5253.790000000001,455.3799999999992,818.89,0.0,2.0,,,,,,,,0.2660523243300005
170,0.09683024584283229,True,54,21,65.0,26.0,13,6,3.0,7,23,2.0,3.4000000000000004,1.0,0.012,0.7,9.344098640499997,1.099962878052799,0.5083118997763628,12.515902701234923,163.0,44.0,119.0,26.993865030674847,10281.980000000001,9347.57,934.4100000000017,1231.37,0.0,3.0,5.939820219499943,1.1700935275284792,0.7223032955527313,11.808409731760108,70.0,19.0,51.0,27.142857142857142,4085.99,3492.02,593.9699999999998,475.48,0.0,3.0,0.01781946065849983,0.04252338188211979,-0.0,0.05555555555555556,0.009344098640499997,0.0049981439026399515,-0.03341039479648285,
171,0.027361551405471377,True,50,21,66.0,24.0,14,5,3.9000000000000004,5,27,2.0,3.2,1.0,0.011,0.7,1.0682560375000139,1.0107668819303548,0.12533543855295073,14.229423821320704,179.0,45.0,134.0,25.139664804469273,10023.290000000003,9916.52,106.77000000000226,1274.82,0.0,1.0,8.883286038999886,1.1818911519772959,0.9706211720091031,12.824590371952088,90.0,26.0,64.0,28.88888888888889,5771.990000000001,4883.6900000000005,888.3000000000002,639.7,0.0,2.0,0.02664985811699966,0.04547278799432397,-0.0,0.07142857142857144,0.001068256037500014,0.0005383440965177399,-0.11779626626844145,
172,0.12294730072738239,True,56,21,67.0,23.0,14,5,3.7,5,27,2.0,3.0,1.0,0.029,0.7,27.556511617999952,1.2455793104062884,1.130551998633872,11.573649068499838,175.0,49.0,126.0,28.0,13976.769999999999,11221.099999999997,2755.670000000002,1508.68,0.0,2.0,10.390748482999843,1.2156813091697092,1.030213249523435,14.390206348999927,83.0,25.0,58.0,30.120481927710845,5856.8,4817.71,1039.0900000000001,621.88,0.0,2.0,0.031172245448999526,0.053920327292427295,-0.0,0.06587301587301587,0.027556511617999952,0.012278965520314423,-0.06785376502537468,
173,-1.0261988810073641,False,53,21,64.0,22.0,14,6,3.8000000000000003,4,26,0.6,2.8,1.0,0.026000000000000002,0.7,-3.775712139500447,0.9835536759258897,-0.01802664670807041,24.894297186319925,537.0,148.0,389.0,27.560521415270017,22584.33,22961.97,-377.6399999999994,3893.43,0.0,11.0,-3.5205995565001835,0.9615583224616123,-0.1692238047048631,19.54422607357108,222.0,63.0,159.0,28.37837837837838,8807.73,9159.85,-352.1200000000008,1545.03,0.0,9.0,,,,,,,,0.1571932860441851
174,0.03999074234976097,True,47,21,66.0,24.0,13,4,3.9000000000000004,6,30,2.0,3.4000000000000004,1.0,0.012,0.75,10.25091963399993,1.0948653433113986,0.5023744584501932,10.609407948679605,178.0,46.0,132.0,25.84269662921348,11831.52,10806.370000000003,1025.1499999999978,1393.72,0.0,2.0,3.7114468819999273,1.0729753216521434,0.431341505899282,12.825436999109924,83.0,21.0,62.0,25.301204819277107,5457.409999999999,5086.240000000002,371.16999999999734,624.5,0.0,2.0,0.011134340645999783,0.018243830413035844,-0.0,0.06587301587301587,0.01025091963399993,0.004743267165569932,-0.07025463138186039,
175,0.1386295965152594,True,61,20,65.0,27.0,15,5,4.0,5,29,1.9000000000000001,3.1,1.0,0.013000000000000001,0.7,11.566870335999848,1.102392078513783,0.5472925273822223,9.589620982855635,191.0,51.0,140.0,26.701570680628272,12453.58,11296.869999999999,1156.710000000001,1441.26,0.0,3.0,8.903184861999943,1.1891685736079325,0.942506185851309,14.75310758765013,85.0,25.0,60.0,29.41176470588235,5596.8099999999995,4706.490000000001,890.3199999999988,624.58,0.0,3.0,0.026709554585999825,0.04729214340198312,-0.0,0.06746031746031747,0.01156687033599985,0.005119603925689154,-0.01951889319473001,
176,0.11150271725869604,True,61,20,62.0,28.0,15,6,3.5,4,29,1.9000000000000001,3.2,1.0,0.013000000000000001,0.65,4.967055050499857,1.0489793302039367,0.305811016794799,16.789112106111403,194.0,48.0,146.0,24.742268041237114,10637.07,10140.4,496.6700000000001,1369.43,0.0,3.0,4.669824558499858,1.1089734315862179,0.5871986778295257,13.24308964133234,85.0,22.0,63.0,25.88235294117647,4752.55,4285.54,467.0100000000002,570.2,0.0,3.0,0.014009473675499574,0.027243357896554465,-0.0,0.06746031746031747,0.0049670550504998575,0.0024489665101968374,-0.004626453334372162,
177,0.09730841063344225,True,64,20,63.0,27.0,15,5,3.8000000000000003,5,31,1.9000000000000001,2.9000000000000004,1.0,0.013000000000000001,0.7,3.3183720834997077,1.0313350276291098,0.2299527277506729,17.97692121575245,192.0,48.0,144.0,25.0,10920.26,10588.47,331.7900000000009,1435.51,0.0,3.0,14.117262098999891,1.3401544448058595,1.4610886118530555,11.943839862911949,73.0,23.0,50.0,31.506849315068493,5562.11,4150.35,1411.7599999999993,550.71,0.0,3.0,0.04235178629699967,0.08503861120146489,-0.0,0.057936507936507946,0.003318372083499708,0.001566751381455489,-0.09290361826648544,
178,-1.0198703415738635,False,58,19,65.0,27.0,15,4,3.0,15,43,1.9000000000000001,3.6,1.0,0.012,0.75,11.15031860099989,1.1097354782707967,0.5293205680899086,15.581502446754843,150.0,38.0,112.0,25.333333333333332,11276.0,10160.98,1115.0200000000004,1224.37,0.0,3.0,-2.325031358500128,0.949229677348911,-0.13262815596117888,15.222106791063887,74.0,16.0,58.0,21.62162162162162,4346.76,4579.25,-232.48999999999978,512.88,0.0,2.0,,,,,,,,0.11922204944318136
179,-1.0248868302318255,False,56,20,64.0,44.0,12,7,3.9000000000000004,4,28,1.8,3.1,1.0,0.01,0.7,-1.3714329910000924,0.9863392439342497,0.0010551368049133926,11.818553531500134,206.0,53.0,153.0,25.728155339805824,9906.889999999998,10044.1,-137.21000000000276,1400.45,0.0,3.0,-2.9328443520000107,0.9384078816410006,-0.2679206170448737,13.66831548819414,98.0,25.0,73.0,25.510204081632654,4469.13,4762.46,-293.3299999999999,649.87,0.0,2.0,,,,,,,,0.14932098139095284
180,0.040163900671704375,True,61,20,80.0,26.0,15,5,4.0,6,29,1.9000000000000001,3.3000000000000003,1.0,0.022000000000000002,0.7,9.863432227499926,1.0838058417419012,0.4511550527045338,11.52421518462335,182.0,47.0,135.0,25.824175824175825,12755.039999999999,11768.75,986.289999999999,1386.19,0.0,3.0,4.290280529999891,1.0824356160908852,0.4639051418833939,17.34238991474489,82.0,22.0,60.0,26.829268292682926,5632.929999999999,5203.939999999999,428.9900000000007,598.01,0.0,3.0,0.012870841589999673,0.02060890402272131,-0.01338508522711365,0.06507936507936508,0.009863432227499927,0.00419029208709506,-0.059063849107863026,
181,0.0981984696847507,True,51,21,66.0,23.0,14,5,4.0,5,27,2.0,3.1,1.0,0.013000000000000001,0.7,4.421680884000016,1.0422184750705137,0.27539801853016255,13.085154398602555,185.0,48.0,137.0,25.945945945945947,10915.3,10473.14,442.15999999999985,1356.11,0.0,2.0,9.297179795999947,1.1857895651861134,0.9627980037440811,13.381211249145386,89.0,26.0,63.0,29.213483146067414,5933.94,5004.209999999999,929.7300000000005,649.57,0.0,2.0,0.027891539387999837,0.04644739129652836,-0.0,0.07063492063492065,0.004421680884000015,0.0021109237535256844,-0.05330798627222385,
182,-1.0228296876808336,False,109,21,65.0,25.0,14,5,3.9000000000000004,5,25,2.0,3.0,1.0,0.014000000000000002,0.7,-13.697812608500099,0.8295151871194509,-0.626547117116879,16.16408154661282,150.0,38.0,112.0,25.333333333333332,6664.690000000001,8034.44,-1369.7499999999982,942.57,0.0,2.0,12.018447116499937,1.292068861606058,1.2715283630714695,8.691132962186977,72.0,21.0,51.0,29.166666666666668,5316.76,4114.92,1201.8400000000001,531.03,0.0,1.0,,,,,,,,0.13697812608500098
183,0.1340064114769817,True,53,21,64.0,28.0,13,6,4.0,6,28,2.0,3.3000000000000003,1.0,0.012,0.7,6.6521455124998825,1.066433835315596,0.3716644818821792,14.794096381247707,173.0,46.0,127.0,26.589595375722542,10678.17,10012.969999999998,665.2000000000025,1284.52,0.0,2.0,11.330989813500018,1.2559486968660634,1.1955730179750301,13.456197836871265,82.0,24.0,58.0,29.26829268292683,5560.110000000001,4427.02,1133.0900000000001,589.94,0.0,2.0,0.03399296944050005,0.06398717421651584,-0.0,0.06507936507936508,0.006652145512499883,0.0033216917657797997,-0.03902693453767897,
184,0.20854837977678942,True,48,21,63.0,32.0,15,14,3.9000000000000004,4,26,2.0,3.0,1.0,0.027,0.75,17.54194673949989,1.1683301234901984,0.8041081584773596,15.015345721391448,174.0,47.0,127.0,27.011494252873565,12175.250000000002,10421.07,1754.180000000002,1521.72,0.0,1.0,14.670283219999854,1.3697100130792743,1.4243893404198356,10.764307242298258,75.0,23.0,52.0,30.666666666666668,5435.159999999999,3968.11,1467.0499999999988,608.02,0.0,1.0,0.04401084965999957,0.09242750326981858,-0.0,0.05952380952380953,0.01754194673949989,0.00841650617450992,-0.013372235590848073,
185,0.0644437322016447,True,49,21,63.0,32.0,15,14,3.8000000000000003,4,24,1.9000000000000001,2.9000000000000004,1.0,0.027,0.75,1.41040771699978,1.0134991717330823,0.1417192746578807,15.30047875624578,192.0,50.0,142.0,26.041666666666668,10590.589999999998,10449.530000000002,141.05999999999585,1537.43,0.0,2.0,13.08241723049994,1.3216950186144185,1.290725583106164,9.727387158962205,80.0,26.0,54.0,32.5,5374.99,4066.7399999999993,1308.2500000000005,645.16,0.0,3.0,0.03924725169149982,0.08042375465360463,-0.0,0.06349206349206349,0.00141040771699978,0.0006749585866541175,-0.12080470393917712,
186,-2.0,False,58,20,63.0,31.0,15,15,1.0,4,26,2.0,3.7,1.0,0.029,0.75,,,,,,,,,,,,,,,,,,,,,,,,,,,,,,,,,,,,6.0
187,-2.0,False,55,21,62.0,33.0,15,15,1.3,4,30,1.8,3.5,1.0,0.028,0.75,,,,,,,,,,,,,,,,,,,,,,,,,,,,,,,,,,,,6.0
188,-1.0105937954550004,False,47,20,57.0,27.0,11,14,3.6,4,26,1.9000000000000001,3.0,1.0,0.01,0.75,-6.356277273000269,0.9041500545861406,-0.3859988617988168,12.57703522926031,151.0,39.0,112.0,25.827814569536425,5996.07,6631.719999999999,-635.6499999999996,1061.6,0.0,2.0,8.334848401499931,1.3018020790713336,1.158464655752564,8.526794445611197,61.0,20.0,41.0,32.78688524590164,3595.3299999999995,2761.8099999999995,833.52,459.73,0.0,2.0,,,,,,,,0.06356277273000269
189,0.12430690128630432,True,53,21,64.0,29.0,13,14,3.2,13,28,2.0,2.8,1.5,0.011,0.5,0.9069195454999863,1.0121560011206898,0.1140586209662935,13.972920543000065,127.0,38.0,89.0,29.921259842519685,7550.369999999998,7459.69,90.67999999999847,970.88,0.0,1.0,15.581753007499902,1.682629038052097,1.93938302567269,6.568138804093973,49.0,18.0,31.0,36.734693877551024,3840.8699999999994,2282.66,1558.2099999999996,377.38,0.0,2.0,0.0467452590224997,0.17065725951302424,-0.0,0.03888888888888889,0.0009069195454999863,0.000607800056034491,-0.13349922573964298,
190,0.09065455577733994,True,57,20,62.0,24.0,16,6,2.9000000000000004,5,12,2.0,3.2,1.0,0.014000000000000002,0.75,3.4611381804998196,1.038309307926613,0.2354720706289871,11.874948740075684,167.0,43.0,124.0,25.748502994011975,9380.999999999998,9034.880000000001,346.11999999999716,1301.65,0.0,2.0,9.549742068499963,1.2691971584822688,1.1442504389967407,11.693344134055412,75.0,22.0,53.0,29.333333333333332,4502.349999999999,3547.3999999999996,954.9499999999998,579.36,0.0,1.0,0.028649226205499888,0.0672992896205672,-0.0,0.05952380952380953,0.00346113818049982,0.0019154653963306513,-0.07019437314936713,
191,0.1597346374724227,True,49,21,66.0,23.0,14,5,4.0,5,25,2.0,3.1,1.0,0.026000000000000002,0.7,10.373839422999772,1.0976486381154462,0.5039216090008711,11.482831916375446,181.0,48.0,133.0,26.519337016574585,11660.08,10622.78,1037.2999999999993,1371.16,0.0,1.0,9.916870577999997,1.1835347809430747,0.9552889669237361,12.919797540697534,91.0,26.0,65.0,28.571428571428573,6395.099999999999,5403.389999999999,991.71,695.11,0.0,3.0,0.029750611733999992,0.045883695235768684,-0.0,0.07222222222222223,0.010373839422999773,0.004882431905772311,-0.003378163048340292,
192,0.112312886293779,True,43,21,65.0,26.0,14,6,3.9000000000000004,5,25,2.0,3.1,1.0,0.026000000000000002,0.7,5.150724725999953,1.047446438868736,0.2955106074022166,13.480734603284608,182.0,49.0,133.0,26.923076923076923,11370.89,10855.82,515.0699999999997,1380.62,0.0,1.0,11.583130934499968,1.2219097464348387,1.0952933203307382,11.75802038935585,91.0,28.0,63.0,30.76923076923077,6378.320000000001,5219.96,1158.3600000000006,695.3,0.0,2.0,0.0347493928034999,0.055477436608709685,-0.0,0.07222222222222223,0.0051507247259999535,0.002372321943436795,-0.05765921201008956,
193,0.1188709173951515,True,49,21,65.0,24.0,13,4,4.0,4,25,2.0,3.0,1.0,0.027,0.7,16.649659112999835,1.152655944413728,0.7549571954196777,14.73610373650629,188.0,50.0,138.0,26.595744680851062,12571.2,10906.29,1664.9099999999999,1498.28,0.0,1.0,8.747854483999891,1.1711657774099444,0.889582351117692,12.660620879174381,91.0,26.0,65.0,28.571428571428573,5985.84,5111.01,874.8299999999999,690.35,0.0,3.0,0.02624356345199967,0.04279144435248611,-0.0,0.07222222222222223,0.016649659112999836,0.007632797220686405,-0.046668768965242746,
194,0.09773635870809697,True,54,21,67.0,44.0,15,5,3.9000000000000004,5,20,1.9000000000000001,2.9000000000000004,1.0,0.028,0.7,4.558337609499758,1.0394659827662638,0.27684647611357754,14.253202831717715,204.0,54.0,150.0,26.470588235294116,12005.25,11549.440000000002,455.8099999999977,1547.96,0.0,2.0,9.139791599499931,1.1819421387253322,0.9294977092068748,16.07355611545937,94.0,30.0,64.0,31.914893617021278,5937.77,5023.74,914.0300000000007,698.39,0.0,2.0,0.027419374798499794,0.04548553468133304,-0.006134606374053533,0.0746031746031746,0.004558337609499758,0.0019732991383131894,-0.050168755748669885,
195,0.028142176553687864,True,50,21,63.0,25.0,14,7,3.7,16,23,2.0,3.2,1.0,0.03,0.65,36.87218265049987,1.3605859831500509,1.4387610288904347,9.375034836062563,165.0,47.0,118.0,28.484848484848484,13912.740000000002,10225.55,3687.1900000000023,1342.09,0.0,2.0,3.825664689499918,1.0802845720401673,0.4496789835785827,11.093576807267649,80.0,22.0,58.0,27.5,5147.61,4765.05,382.5599999999995,533.39,0.0,3.0,0.011476994068499754,0.020071143010041814,-0.0,0.06349206349206349,0.03687218265049987,0.018029299157502544,-0.12179950582491961,
196,0.15736874137816617,True,60,20,64.0,25.0,13,13,4.0,4,24,1.9000000000000001,3.7,1.0,0.027,0.7,7.648732911499864,1.0735400587851265,0.38348144975770965,13.514933808381945,187.0,46.0,141.0,24.59893048128342,11165.449999999999,10400.59,764.8599999999988,1428.38,0.0,3.0,14.837244383000069,1.3471446219501924,1.3869276736368388,14.894230744599234,79.0,22.0,57.0,27.848101265822784,5757.75,4274.04,1483.71,585.49,0.0,3.0,0.044511733149000206,0.08678615548754809,-0.0,0.0626984126984127,0.007648732911499864,0.003677002939256324,-0.047953295807551005,
197,-1.0053497608525004,False,46,21,64.0,25.0,13,13,3.9000000000000004,4,26,1.3,3.7,1.0,0.027,0.75,-3.2098565115002384,0.9768612960845853,-0.0024795370122410133,32.183121383540474,239.0,50.0,189.0,20.92050209205021,13551.86,13872.86,-321.0,2005.42,0.0,4.0,3.7000058499998523,1.0523415861052405,0.39303524505903564,19.29616562186469,140.0,34.0,106.0,24.285714285714285,7439.15,7069.14,370.0099999999993,1052.14,0.0,4.0,,,,,,,,0.032098565115002385
198,-1.3284681170929704,False,56,20,63.0,24.0,13,13,1.6,4,24,2.0,3.7,1.0,0.026000000000000002,0.5,-0.4822307999999976,0.0,-0.6895532769148986,0.8911278161201208,1.0,0.0,1.0,0.0,0.0,48.22,-48.22,4.97,0.0,0.0,2.5645909709999977,99.0,1.0271251837577178,1.9697631863287084,1.0,1.0,0.0,100.0,256.46,0.0,256.46,5.05,0.0,0.0,,,,,,,,1.9708087025578231
199,-1.2050757356919444,False,52,21,73.0,34.0,12,14,2.4000000000000004,7,23,1.9000000000000001,3.8000000000000003,1.0,0.028,0.7,-6.378774748500001,0.729389206112181,-0.5323000277849964,13.140159083112572,42.0,8.0,34.0,19.047619047619047,1719.3600000000001,2357.26,-637.9000000000001,279.16,0.0,0.0,6.7913398915000105,2.1993042188355383,1.5735962161041652,3.185599864562712,17.0,6.0,11.0,35.294117647058826,1245.4,566.2699999999999,679.1300000000002,123.91,0.0,1.0,,,,,,,,1.2304544141516665
200,0.18685308391740763,True,58,21,64.0,23.0,13,13,3.8000000000000003,4,27,2.0,3.8000000000000003,1.5,0.027,0.7,15.733202396499909,1.104229974514554,0.5308050894769206,18.7516526323148,163.0,40.0,123.0,24.539877300613497,16668.23,15094.890000000001,1573.3399999999983,2037.49,0.0,2.0,21.388326477499906,1.3576122178043666,1.371175287893224,18.841492463075596,72.0,18.0,54.0,25.0,8119.579999999999,5980.78,2138.7999999999993,803.45,0.0,2.0,0.06416497943249971,0.08940305445109165,-0.021951385503289123,0.05714285714285714,0.01573320239649991,0.005211498725727704,-0.022851122727979366,
201,0.1840131546078059,True,59,21,64.0,23.0,13,13,3.8000000000000003,4,27,2.0,3.8000000000000003,1.5,0.027,0.7,18.75363757899986,1.1216017565007974,0.5998048405413997,19.594348522725273,166.0,41.0,125.0,24.698795180722893,17296.86,15421.57,1875.2900000000009,2110.06,0.0,2.0,19.66910677199992,1.3238656010116479,1.2758967522384517,21.013562418018527,72.0,18.0,54.0,25.0,8040.18,6073.26,1966.92,796.59,0.0,2.0,0.05900732031599976,0.08096640025291196,-0.034363213817248724,0.05714285714285714,0.018753637578999862,0.006080087825039871,-0.0035739346907539644,
202,0.21762230367524477,True,58,21,64.0,22.0,13,13,3.7,4,27,2.0,3.8000000000000003,1.5,0.027,0.7,14.641885776999807,1.0963369724771246,0.5219786097029707,18.023294732831037,165.0,39.0,126.0,23.636363636363637,16662.82,15198.63,1464.1900000000005,2058.72,0.0,2.0,26.995651615999922,1.4798669648285152,1.679167605413099,17.283288208760023,69.0,18.0,51.0,26.08695652173913,8325.109999999999,5625.58,2699.529999999999,786.62,0.0,2.0,0.08098695484799977,0.1199667412071288,-0.013047361192914421,0.05476190476190477,0.014641885776999809,0.004816848623856229,-0.044504670349730185,
203,0.052595356580515784,True,60,21,64.0,21.0,13,13,3.7,4,25,2.0,3.8000000000000003,1.5,0.026000000000000002,0.7,0.5141568944997743,1.0034448545249057,0.13568897779479405,23.38483545683017,169.0,38.0,131.0,22.485207100591715,14978.030000000002,14926.61,51.42000000000189,1970.1,0.0,2.0,22.608550171000026,1.3850963733111679,1.4707904177094915,19.550778567401377,72.0,18.0,54.0,25.0,8131.79,5870.919999999999,2260.870000000001,807.79,0.0,3.0,0.06782565051300007,0.09627409332779197,-0.026004448956579298,0.05714285714285714,0.0005141568944997744,0.00017224272624528637,-0.14332919506729916,
204,0.19564419007705713,True,65,21,63.0,22.0,12,13,3.8000000000000003,4,26,2.0,3.8000000000000003,1.5,0.027,0.7,4.902402724499825,1.0336606160219535,0.26149298271249266,21.89579371034966,160.0,38.0,122.0,23.75,15055.67,14565.39,490.28000000000065,1907.83,0.0,2.0,38.650075002499925,1.628959658915233,2.1640689299839333,18.827000238890793,68.0,19.0,49.0,27.941176470588236,10010.119999999999,6145.1,3865.0199999999986,826.68,0.0,2.0,0.11595022500749977,0.15723991472880827,-0.021868572793661677,0.05396825396825397,0.004902402724499825,0.0016830308010976737,-0.1162310643594407,
205,-1.0065704470475003,False,67,21,64.0,20.0,12,13,3.8000000000000003,4,26,2.0,3.9000000000000004,1.5,0.027,0.7,-3.9422682285001613,0.9720138330509998,0.021842410338590232,23.30274272981544,159.0,37.0,122.0,23.270440251572328,13696.539999999999,14090.889999999998,-394.34999999999854,1787.0,0.0,2.0,44.03809409649985,1.7167356199119175,2.3961550519724772,18.346328784086076,67.0,19.0,48.0,28.35820895522388,10548.069999999998,6144.26,4403.809999999998,830.58,0.0,2.0,,,,,,,,0.03942268228500161
206,0.2154795874424488,True,63,21,63.0,22.0,12,13,3.8000000000000003,12,27,2.0,3.8000000000000003,1.5,0.027,0.75,18.20617622499978,1.103899098144871,0.5674701175506103,19.492091827955598,154.0,39.0,115.0,25.324675324675326,19343.37,17522.769999999997,1820.6000000000022,2098.1,0.0,2.0,30.888928321499897,1.4631359725077253,1.6325816597489349,20.250653132458808,66.0,19.0,47.0,28.78787878787879,9758.399999999998,6669.509999999999,3088.8899999999985,816.26,0.0,2.0,0.09266678496449969,0.11578399312693133,-0.030003732185478905,0.05238095238095239,0.01820617622499978,0.0051949549072435545,-0.038749541976699046,
207,0.17435569841905915,True,64,21,62.0,22.0,12,13,3.7,4,28,2.0,3.8000000000000003,1.5,0.027,0.75,7.542371859999767,1.0505552151886175,0.32828814649953714,21.408889035220895,152.0,36.0,116.0,23.68421052631579,15672.75,14918.54,754.2099999999991,1980.57,0.0,2.0,32.92029847599997,1.5348474115858017,1.8620491803481996,19.357814646627403,64.0,17.0,47.0,26.5625,9447.17,6155.12,3292.05,824.02,0.0,2.0,0.09876089542799991,0.13371185289645043,-0.02490179798072802,0.050793650793650794,0.007542371859999767,0.002527760759430875,-0.09407903533774462,
208,0.06447171388330614,True,64,21,61.0,22.0,11,13,3.8000000000000003,12,28,2.0,3.8000000000000003,1.5,0.027,0.75,14.08450533299996,1.0844182932574449,0.47784059151291547,24.746754037496352,155.0,39.0,116.0,25.161290322580644,18092.63,16684.180000000004,1408.449999999997,2022.56,0.0,2.0,9.431190494999937,1.1476377582968067,0.6739755825989254,21.88704319160643,63.0,15.0,48.0,23.80952380952381,7331.110000000001,6388.0,943.1100000000006,726.71,0.0,2.0,0.02829357148499981,0.036909439574201675,-0.039354532523465324,0.05,0.014084505332999962,0.004220914662872244,-0.02968218464830223,
209,0.03752398849393388,True,72,21,62.0,22.0,12,13,3.7,4,28,2.0,3.9000000000000004,1.5,0.027,0.75,1.4551578934998362,1.009865914151427,0.17434006970691027,25.25456879471998,151.0,36.0,115.0,23.841059602649008,14894.27,14748.759999999998,145.51000000000204,1901.76,0.0,2.0,20.147405927499804,1.325765047909478,1.2625854961252494,19.640312696858935,63.0,15.0,48.0,23.80952380952381,8199.3,6184.58,2014.7199999999993,787.0,0.0,2.0,0.060442217782499405,0.0814412619773695,-0.026516072553479625,0.05,0.001455157893499836,0.0004932957075713507,-0.1297918723135266,
210,0.1694412026240004,True,68,21,61.0,22.0,12,13,3.7,11,27,2.0,3.7,1.5,0.026000000000000002,0.75,18.407716070999832,1.1155088837782805,0.5907827194609966,21.022641745216504,150.0,36.0,114.0,24.0,17777.14,15936.35,1840.789999999999,2045.9,0.0,2.0,19.33602476549986,1.3073379767237079,1.2163475494226037,21.28167235407329,63.0,15.0,48.0,23.80952380952381,8224.960000000001,6291.38,1933.5800000000008,743.72,0.0,2.0,0.058008074296499575,0.07683449418092697,-0.035895270594704515,0.05,0.018407716070999832,0.005775444188914025,-0.0036892555186354915,
211,0.02578108586247703,True,66,21,60.0,22.0,12,13,3.7,12,27,2.0,3.7,1.5,0.026000000000000002,0.75,28.967329820499817,1.1830551038992143,0.8255703227429191,18.34342517638344,146.0,37.0,109.0,25.34246575342466,18721.22,15824.470000000001,2896.75,2108.62,0.0,2.0,8.337665316999791,1.1432063014413893,0.645688939845507,21.61895662184472,60.0,13.0,47.0,21.666666666666668,6655.93,5822.160000000001,833.7699999999995,652.03,0.0,2.0,0.025012995950999373,0.03580157536034734,-0.03782260926768412,0.047619047619047616,0.028967329820499817,0.009152755194960716,-0.08295000881569371,
212,0.10475616858969594,True,68,21,61.0,22.0,12,14,3.6,10,28,2.0,3.8000000000000003,1.5,0.026000000000000002,0.75,11.305759554499964,1.0705177781991275,0.4357790629542256,19.86078026267675,153.0,36.0,117.0,23.529411764705884,17163.739999999998,16033.120000000003,1130.6199999999953,2050.67,0.0,1.0,9.278088174499917,1.1646685065712996,0.6847898797514681,16.66928702189203,57.0,12.0,45.0,21.05263157894737,6562.1500000000015,5634.349999999999,927.800000000002,658.29,0.0,2.0,0.02783426452349975,0.0411671266428249,-0.009538782982240163,0.045238095238095244,0.011305759554499965,0.0035258889099563763,-0.01477618329694013,
213,0.05283577015306876,True,71,21,62.0,20.0,11,13,3.8000000000000003,11,27,2.0,3.7,1.5,0.027,0.75,2.9649754304996896,1.0173592855110358,0.2155997204376582,28.655155305201248,159.0,39.0,120.0,24.528301886792452,17376.109999999997,17079.62,296.48999999999796,2005.04,0.0,2.0,21.30167007899987,1.3108636040587656,1.2850272376552485,20.26166892873155,64.0,16.0,48.0,25.0,8982.470000000001,6852.33,2130.1400000000012,796.75,0.0,3.0,0.0639050102369996,0.07771590101469139,-0.030066679592751708,0.050793650793650794,0.0029649754304996896,0.0008679642755517914,-0.1133450520055728,
214,0.10441666252773035,True,64,21,61.0,21.0,12,12,3.7,4,29,2.0,3.8000000000000003,1.5,0.028,0.75,5.685640890999767,1.0380739674195114,0.28139816471820556,23.98445734620644,156.0,36.0,120.0,23.076923076923077,15500.779999999999,14932.25,568.5299999999988,1988.74,0.0,2.0,24.669926863499878,1.4066307011948387,1.4796097629381222,21.13034766515067,63.0,16.0,47.0,25.396825396825395,8533.93,6066.9299999999985,2467.000000000002,785.9,0.0,3.0,0.07400978059049963,0.10165767529870967,-0.03503055808657526,0.05,0.005685640890999767,0.0019036983709755707,-0.09380957453687903,
215,0.07072364048570776,True,69,21,63.0,22.0,12,13,3.6,11,27,2.0,3.6,1.5,0.026000000000000002,0.75,3.659406479499885,1.022862140592544,0.22766178724817754,23.0865914799382,156.0,36.0,120.0,23.076923076923077,16373.21,16007.25,365.9599999999991,1982.97,0.0,1.0,21.364814354500012,1.3580874514773025,1.2896741773943172,20.10730521818894,60.0,16.0,44.0,26.666666666666668,8102.73,5966.28,2136.45,707.42,0.0,2.0,0.06409444306350003,0.08952186286932562,-0.029184601246793947,0.047619047619047616,0.0036594064794998847,0.0011431070296271995,-0.10612962532849864,
216,-1.0039769120116666,False,62,20,63.0,23.0,12,19,3.8000000000000003,4,26,2.0,3.9000000000000004,1.5,0.027,0.5,-2.386147207000013,0.9705677747846423,-0.009253961180442468,19.605660227174575,135.0,30.0,105.0,22.22222222222222,7868.820000000001,8107.4400000000005,-238.6199999999999,1037.3,0.0,2.0,12.694736548999863,1.3969165158066865,1.2976425938805933,12.831055167471659,57.0,13.0,44.0,22.80701754385965,4467.8,3198.3300000000004,1269.4699999999998,442.89,0.0,1.0,,,,,,,,0.02386147207000013
217,0.21948638088768396,True,65,21,62.0,22.0,12,14,3.7,4,28,2.0,3.8000000000000003,2.0,0.026000000000000002,0.65,13.701789745499827,1.0803102810640055,0.46271543069350074,23.551527418148098,148.0,36.0,112.0,24.324324324324323,18432.200000000004,17061.949999999997,1370.2500000000073,2345.73,0.0,2.0,38.67653440249991,1.5526491769547324,1.9412694211610129,20.40761282849032,63.0,16.0,47.0,25.396825396825395,10866.06,6998.400000000001,3867.659999999999,949.4,0.0,2.0,0.11602960320749973,0.1381622942386831,-0.030900644734230393,0.05,0.013701789745499827,0.004015514053200275,-0.07152217562296857,
218,0.24095864170679607,True,70,21,62.0,22.0,12,14,3.7,4,29,2.0,3.8000000000000003,2.0,0.025,0.65,11.784839819999707,1.0692925451346753,0.42188311070372886,24.26892924576629,148.0,35.0,113.0,23.64864864864865,18185.330000000005,17006.879999999997,1178.450000000008,2331.62,0.0,2.0,43.09049823649986,1.6385309001459618,2.1566376969979553,19.556075464798646,61.0,16.0,45.0,26.229508196721312,11057.380000000001,6748.349999999999,4309.030000000002,941.34,0.0,3.0,0.12927149470949958,0.15963272503649045,-0.02603471694170655,0.048412698412698414,0.011784839819999707,0.003464627256733766,-0.08557302658691932,
219,0.14575214802396216,True,74,21,62.0,21.0,11,14,3.5,14,27,2.0,3.8000000000000003,2.0,0.026000000000000002,0.65,14.697056415999759,1.084835302864479,0.48968498564618196,23.905155392127476,136.0,30.0,106.0,22.058823529411764,18793.600000000006,17323.92,1469.6800000000076,2135.85,0.0,1.0,18.081144388499833,1.2796290768833425,1.0755042575142295,19.32393751343802,54.0,13.0,41.0,24.074074074074073,8274.119999999999,6466.03,1808.0899999999992,742.38,0.0,2.0,0.054243433165499504,0.06990726922083562,-0.024708214362502964,0.04285714285714286,0.01469705641599976,0.0042417651432239524,-0.015486304416236572,
220,0.03811874857594946,True,69,21,60.0,22.0,12,14,3.7,4,29,2.0,3.8000000000000003,2.5,0.025,0.65,13.131463026999555,1.0641503663599583,0.43626648820101566,30.323083812663327,147.0,35.0,112.0,23.80952380952381,21782.030000000006,20468.940000000002,1313.0900000000038,2963.39,0.0,2.0,8.93856772049985,1.125240807291119,0.6093706666731423,24.568006840471217,59.0,12.0,47.0,20.338983050847457,8031.3499999999985,7137.450000000001,893.8999999999978,917.64,0.0,3.0,0.026815703161499553,0.03131020182277977,-0.054674324802692666,0.046825396825396826,0.013131463026999555,0.0032075183179979152,-0.028497209776031488,
221,0.16592222088457503,True,67,21,62.0,22.0,12,14,3.6,4,30,2.0,3.8000000000000003,2.0,0.024,0.65,6.032088236499749,1.0359801237197044,0.28980363281625887,24.041018191353142,148.0,34.0,114.0,22.972972972972972,17366.860000000004,16763.699999999997,603.1600000000071,2261.8,0.0,2.0,31.02438080749993,1.5254840720315443,1.7318801172311495,16.68556001663823,56.0,14.0,42.0,25.0,9006.58,5904.08,3102.5,815.26,0.0,3.0,0.09307314242249978,0.1313710180078861,-0.009631771523647034,0.044444444444444446,0.006032088236499748,0.001799006185985219,-0.10116570688909321,
222,-1.0227751490850003,False,71,21,61.0,22.0,12,14,3.6,4,30,2.0,3.9000000000000004,2.0,0.025,0.65,-13.66508945100026,0.91764935590867,-0.24499312793431763,35.140919214033424,155.0,33.0,122.0,21.29032258064516,15227.4,16593.920000000002,-1366.5200000000023,2193.02,0.0,2.0,12.963648038499795,1.2113499713063438,0.856054421199561,17.882827061985253,57.0,12.0,45.0,21.05263157894737,7430.13,6133.76,1296.37,793.91,0.0,4.0,,,,,,,,0.1366508945100026
223,-1.038031823740834,False,66,21,62.0,21.0,12,14,3.7,4,48,2.0,3.8000000000000003,2.0,0.024,0.6000000000000001,-22.819094244500292,0.8227906492731922,-0.6003142811683626,38.680486836563375,136.0,24.0,112.0,17.647058823529413,10594.96,12876.86,-2281.9000000000015,1583.4,0.0,3.0,28.858226356499856,1.4566668090877293,1.7513897631875412,20.421498819147153,63.0,16.0,47.0,25.396825396825395,9205.099999999999,6319.290000000001,2885.8099999999977,835.05,0.0,2.0,,,,,,,,0.22819094244500293
224,0.1071766200519883,True,75,21,62.0,23.0,11,15,3.6,4,28,2.0,4.0,2.0,0.024,0.65,18.776676544999553,1.1146817791491228,0.5709780854314557,21.184805076614012,138.0,34.0,104.0,24.63768115942029,18250.93,16373.22,1877.710000000001,2212.95,0.0,1.0,13.926559380999862,1.2252250795278303,0.8918316361267231,21.583236707559887,56.0,12.0,44.0,21.428571428571427,7576.0199999999995,6183.37,1392.6499999999996,763.84,0.0,2.0,0.041779678142999585,0.05630626988195758,-0.03761849547177079,0.044444444444444446,0.018776676544999555,0.0057340889574561404,-0.02224604244809822,
225,-1.0052455507208338,False,77,21,61.0,22.0,12,14,3.7,4,29,2.0,3.8000000000000003,2.0,0.025,0.65,-3.1473304325003113,0.9809066489979755,0.05279910331212714,31.760823006330057,147.0,33.0,114.0,22.448979591836736,16166.450000000003,16481.129999999997,-314.67999999999483,2191.28,0.0,1.0,6.946870172999843,1.1075871831446178,0.536758915622507,22.41986938095706,61.0,12.0,49.0,19.672131147540984,7151.4800000000005,6456.81,694.6700000000001,811.12,0.0,2.0,,,,,,,,0.031473304325003115
226,0.08296473118795804,True,67,21,62.0,23.0,12,13,3.7,15,27,2.0,3.7,2.0,0.026000000000000002,0.65,5.4069265584998725,1.0312504154487396,0.2755221381963957,24.653288796511383,142.0,33.0,109.0,23.239436619718308,17841.219999999998,17300.569999999996,540.6500000000015,2080.99,0.0,2.0,25.361460935499853,1.3526486820204986,1.3812224606783663,22.030904553070823,62.0,16.0,46.0,25.806451612903224,9727.83,7191.6900000000005,2536.1399999999994,834.47,0.0,2.0,0.07608438280649955,0.08816217050512465,-0.04017659744611898,0.049206349206349205,0.0054069265584998725,0.0015625207724369817,-0.09728102121483324,
227,0.11761960494277755,True,64,21,63.0,21.0,12,14,3.8000000000000003,4,28,2.0,3.9000000000000004,2.5,0.025,0.65,1.8309550074998695,1.0087194257072838,0.21144172195947836,27.489363504793303,154.0,37.0,117.0,24.025974025974026,21185.659999999996,21002.53,183.12999999999738,2821.7,0.0,2.0,42.377604572999715,1.4902227301857587,1.8141613630485038,23.460901659595297,65.0,18.0,47.0,27.692307692307693,12882.289999999997,8644.539999999999,4237.749999999998,1172.21,0.0,2.0,0.12713281371899915,0.12255568254643967,-0.048348009483401705,0.0515873015873016,0.0018309550074998696,0.00043597128536418953,-0.13757510971942521,
228,-1.0123987769475002,False,63,21,80.0,22.0,12,12,3.6,4,30,2.0,3.6,1.5,0.023000000000000003,0.6000000000000001,-7.439266168500199,0.9363180596083571,-0.16789707112489036,21.251928522561478,157.0,35.0,122.0,22.29299363057325,10938.619999999999,11682.590000000002,-743.970000000003,1458.73,0.0,2.0,13.87684641949996,1.2674080483137775,1.0592790945293804,18.106737418665947,68.0,19.0,49.0,27.941176470588236,6577.1,5189.41,1387.6900000000005,640.27,0.0,3.0,,,,,,,,0.07439266168500198
229,-1.006347541431667,False,71,21,63.0,23.0,11,13,3.8000000000000003,10,31,2.0,3.7,2.0,0.026000000000000002,0.65,-3.8085248590002085,0.9803692846623824,0.06601420334080024,30.336661119337162,161.0,39.0,122.0,24.22360248447205,19019.37,19400.210000000003,-380.8400000000038,2314.46,0.0,3.0,15.168617116999922,1.1965541727785869,0.8793792148293299,21.799164293301374,64.0,15.0,49.0,23.4375,9234.0,7717.16,1516.8400000000001,885.61,0.0,3.0,,,,,,,,0.038085248590002084
230,0.1660076063344912,True,67,21,62.0,22.0,12,13,3.7,4,26,2.0,3.8000000000000003,1.5,0.024,0.65,4.735909077499727,1.0370971127457738,0.25857882726567705,19.97286486033326,152.0,35.0,117.0,23.026315789473685,13241.49,12767.84,473.64999999999964,1670.13,0.0,2.0,29.872561940499924,1.5538157494679237,1.9453718084262486,17.115483754047943,66.0,17.0,49.0,25.757575757575758,8381.220000000001,5393.96,2987.260000000001,722.67,0.0,2.0,0.08961768582149977,0.13845393736698092,-0.012088478594559677,0.05238095238095239,0.004735909077499727,0.0018548556372886883,-0.10894725535517062,
231,0.12239896022731359,True,69,21,62.0,22.0,12,13,3.7,4,26,2.0,3.8000000000000003,1.5,0.025,0.65,1.0111179114997866,1.0078387345134596,0.14735805169711394,20.38258115370331,155.0,35.0,120.0,22.580645161290324,12998.59,12897.49,101.10000000000036,1660.52,0.0,2.0,29.024642211499884,1.5309468539118245,1.8961505085400907,17.115483754047943,67.0,17.0,50.0,25.37313432835821,8369.119999999999,5466.630000000001,2902.489999999998,733.63,0.0,2.0,0.08707392663449966,0.13273671347795613,-0.012088478594559677,0.05317460317460318,0.0010111179114997866,0.00039193672567298113,-0.13990085910235847,
232,-1.002982395869167,False,65,21,61.0,21.0,12,13,3.7,4,27,2.0,3.9000000000000004,1.5,0.026000000000000002,0.65,-1.7894375215002583,0.9854079947815807,0.06201569685916453,20.393320482440718,153.0,34.0,119.0,22.22222222222222,12085.29,12264.25,-178.95999999999913,1620.21,0.0,2.0,20.452846827999856,1.3904083833592613,1.4205668202295143,18.56022498517827,63.0,15.0,48.0,23.80952380952381,7284.280000000002,5238.95,2045.3300000000017,657.4,0.0,2.0,,,,,,,,0.017894375215002582
233,-1.0039696061400003,False,68,21,62.0,23.0,12,14,3.6,4,28,2.0,3.7,1.5,0.024,0.65,-2.38176368400018,0.9811443978619921,0.02397368926985192,20.40916108234054,158.0,36.0,122.0,22.78481012658228,12394.130000000001,12632.32,-238.1899999999987,1682.58,0.0,1.0,23.23850582899986,1.4974515407421678,1.639987343291341,13.874827548977283,59.0,15.0,44.0,25.423728813559322,6995.2699999999995,4671.45,2323.8199999999997,642.61,0.0,2.0,,,,,,,,0.0238176368400018
234,0.1684426813898215,True,63,21,63.0,22.0,12,13,3.8000000000000003,4,26,2.0,3.8000000000000003,1.5,0.024,0.6000000000000001,0.9564803384998596,1.0077335891781523,0.1412247236591058,19.588332077213238,161.0,38.0,123.0,23.60248447204969,12457.259999999998,12361.66,95.59999999999854,1591.67,0.0,2.0,33.72821687049993,1.6429610368814254,2.2100132989607215,16.653316951696446,71.0,21.0,50.0,29.577464788732396,8618.53,5245.7300000000005,3372.8,727.98,0.0,2.0,0.10118465061149978,0.16074025922035634,-0.009447525438265408,0.05634920634920635,0.0009564803384998597,0.0003866794589076128,-0.14172706915038305,
235,0.1920908332007426,True,62,21,63.0,22.0,11,13,3.8000000000000003,4,28,2.0,3.8000000000000003,1.5,0.024,0.6000000000000001,12.358275841999875,1.0949436376584794,0.4786427987534169,17.62603128434469,164.0,41.0,123.0,25.0,14252.52,13016.670000000002,1235.8499999999985,1687.08,0.0,2.0,22.825991089999935,1.443484224699192,1.6266312858754866,17.537302455909305,69.0,19.0,50.0,27.536231884057973,7429.57,5146.97,2282.5999999999995,682.16,0.0,2.0,0.0684779732699998,0.11087105617479798,-0.014498871176624604,0.05476190476190477,0.012358275841999875,0.004747181882923968,-0.044626687554259185,
236,0.10646928450970315,True,63,20,63.0,21.0,10,12,3.8000000000000003,4,27,2.0,3.9000000000000004,1.5,0.023000000000000003,0.6000000000000001,0.18513036249978543,1.001482479244088,0.12315838590333882,19.21525996253796,161.0,38.0,123.0,23.60248447204969,12490.839999999998,12472.349999999999,18.48999999999978,1555.41,0.0,2.0,27.433854408999885,1.4867116118158432,1.8597938599911152,16.072670495066056,71.0,20.0,51.0,28.169014084507044,8379.85,5636.5,2743.3500000000004,719.05,0.0,2.0,0.08230156322699965,0.1216779029539608,-0.0061295456860917495,0.05634920634920635,0.00018513036249978544,7.412396220439766e-05,-0.14798909665907609,
237,0.20326486270877625,True,61,21,63.0,22.0,11,13,3.8000000000000003,4,26,2.0,3.8000000000000003,1.5,0.024,0.6000000000000001,16.61401630499977,1.1293694041647264,0.592639850010361,14.266687970906183,163.0,42.0,121.0,25.766871165644172,14503.52,12842.14,1661.380000000001,1686.33,0.0,2.0,20.958529653500026,1.3964262340973659,1.5135010701887408,18.779672573914354,72.0,19.0,53.0,26.38888888888889,7382.71,5286.860000000001,2095.8499999999995,699.18,0.0,2.0,0.06287558896050008,0.09910655852434147,-0.02159812899379631,0.05714285714285714,0.016614016304999767,0.006468470208236321,-0.017344499438362224,
238,0.036632867436680094,True,60,21,63.0,22.0,10,13,3.8000000000000003,4,28,1.4,3.7,1.5,0.022000000000000002,0.6000000000000001,2.3322467629996755,1.0154459893671408,0.185800093948581,24.360575153513167,213.0,46.0,167.0,21.5962441314554,15333.599999999999,15100.36,233.23999999999796,2181.82,0.0,4.0,14.230792830999835,1.1848584482241238,1.028108732378095,21.528252928213874,113.0,29.0,84.0,25.663716814159294,9120.91,7697.89,1423.0199999999995,1063.37,0.0,4.0,0.042692378492999505,0.046214612056030946,-0.03730430244693642,0.0896825396825397,0.0023322467629996757,0.0007722994683570406,-0.10775690657931035,
239,-1.000078264060834,False,62,20,63.0,20.0,11,13,3.8000000000000003,4,27,0.8,3.6,1.5,0.023000000000000003,0.6000000000000001,11.544057418999474,1.0618178391145823,0.4335555525788667,19.82452352604561,306.0,75.0,231.0,24.50980392156863,19829.479999999996,18675.03,1154.449999999997,3052.16,0.0,7.0,5.109327764999817,1.0495069364167449,0.4438790724208665,22.54295338587201,170.0,37.0,133.0,21.764705882352942,10831.089999999998,10320.17,510.91999999999825,1604.74,0.0,6.0,,,,,,,,0.0004695843650049354
240,0.1842692962848444,True,61,21,64.0,21.0,11,12,3.8000000000000003,4,26,1.2000000000000002,3.8000000000000003,1.5,0.027,0.6000000000000001,16.077234159499568,1.093983672347926,0.5592409131949283,21.679132613046452,237.0,57.0,180.0,24.050632911392405,18713.630000000005,17105.95,1607.680000000004,2584.77,0.0,6.0,21.762657357499975,1.265110392110046,1.3612983054650272,22.27422830695457,121.0,30.0,91.0,24.793388429752067,10385.19,8208.920000000002,2176.2699999999986,1151.69,0.0,5.0,0.06528797207249992,0.06627759802751149,-0.04156701889688325,0.09603174603174604,0.01607723415949957,0.004699183617396296,-0.022537418726925666,
241,0.18255900963364058,True,59,21,64.0,21.0,11,12,3.8000000000000003,4,26,1.2000000000000002,3.8000000000000003,1.5,0.027,0.6000000000000001,20.712755854499555,1.1183872168052644,0.6731338744452973,21.02077754912053,236.0,56.0,180.0,23.728813559322035,19566.71,17495.47,2071.239999999998,2653.54,0.0,6.0,18.087904591499917,1.2161856909628515,1.1698761675592433,22.25237531347812,125.0,30.0,95.0,24.0,10175.849999999999,8367.02,1808.829999999998,1165.89,0.0,5.0,0.054263713774499754,0.05404642274071286,-0.041442144648446394,0.09920634920634921,0.020712755854499554,0.005919360840263222,-0.010147448134237643,
242,0.16185760037228988,True,59,21,64.0,21.0,10,12,3.9000000000000004,4,26,1.2000000000000002,3.8000000000000003,1.5,0.027,0.6000000000000001,15.919870729999566,1.0902751157373276,0.5539411219843923,22.769592769614142,239.0,56.0,183.0,23.430962343096233,19226.739999999998,17634.760000000002,1591.979999999996,2628.37,0.0,6.0,14.98038224699998,1.173116835692296,0.9976751531133539,22.25237531347812,125.0,29.0,96.0,23.2,10151.589999999998,8653.52,1498.069999999998,1173.45,0.0,5.0,0.044941146740999936,0.04327920892307402,-0.041442144648446394,0.09920634920634921,0.015919870729999567,0.004513755786866381,-0.004560586366552839,
243,0.15732952908750483,True,58,21,64.0,21.0,11,12,3.8000000000000003,4,28,1.3,3.7,1.5,0.027,0.6000000000000001,18.27253002349966,1.1138288210281604,0.6222898554756142,18.834938076552685,211.0,50.0,161.0,23.696682464454977,17880.45,16053.14,1827.3100000000013,2370.86,0.0,5.0,14.51723229599991,1.1809761266596024,1.0078673585085183,21.41618063064073,124.0,30.0,94.0,24.193548387096776,9473.199999999999,8021.499999999999,1451.6999999999998,1133.83,0.0,4.0,0.04355169688799973,0.0452440316649006,-0.036663889317947035,0.09841269841269841,0.01827253002349966,0.0056914410514080195,-0.01717897963505455,
244,0.18223299039414312,True,59,21,64.0,21.0,11,12,3.7,4,27,1.3,3.9000000000000004,1.5,0.028,0.55,12.502226922499776,1.0945826029922738,0.48483192469886655,18.758015904642964,205.0,49.0,156.0,23.902439024390244,14468.97,13218.71,1250.2600000000002,1967.92,0.0,5.0,19.88986559449977,1.275247056153466,1.3813196623664148,18.87213577574321,117.0,28.0,89.0,23.931623931623932,9215.05,7226.090000000001,1988.9599999999982,1013.86,0.0,5.0,0.059669596783499305,0.06881176403836647,-0.02212649014710406,0.09285714285714286,0.012502226922499776,0.004729130149613692,-0.03421038020987493,
245,0.011387757135313151,True,59,21,64.0,20.0,11,12,3.9000000000000004,4,25,1.2000000000000002,3.9000000000000004,2.5,0.028,0.55,0.728924286999445,1.0030512604207398,0.19678158874312143,31.756839817375432,229.0,51.0,178.0,22.270742358078603,23935.08,23862.269999999997,72.81000000000495,3511.39,0.0,6.0,30.509440690999856,1.2375269562238709,1.329837612322788,31.351267946584304,121.0,29.0,92.0,23.96694214876033,15895.910000000002,12844.900000000001,3051.01,1783.46,0.0,5.0,0.09152832207299956,0.05938173905596772,-0.0934358168376246,0.09603174603174604,0.0007289242869994451,0.00015256302103698884,-0.142999720495812,
246,-1.0045179107679107,False,58,21,64.0,21.0,10,12,3.8000000000000003,4,26,1.2000000000000002,4.0,1.5,0.028,0.55,15.64619527099967,1.1033196735925033,0.5649400622587002,18.924715701111687,221.0,50.0,171.0,22.624434389140273,16708.960000000003,15144.259999999998,1564.7000000000044,2192.31,0.0,6.0,1.6322794245000112,1.021537162162162,0.233093273528962,20.471476560386254,123.0,27.0,96.0,21.951219512195124,7740.799999999999,7577.6,163.1999999999989,1011.73,0.0,5.0,,,,,,,,0.027107464607464746
247,-1.0109116893259393,False,62,20,63.0,44.0,11,12,3.7,4,28,1.2000000000000002,2.3,1.5,0.027,0.55,3.785559909499825,1.0215398216193523,0.23554866324987742,23.841875952351856,337.0,114.0,223.0,33.82789317507418,17956.77,17578.14,378.630000000001,3079.47,0.0,4.0,-0.7604264310001962,0.9892408347720837,0.040659546080591566,16.771525216991954,140.0,45.0,95.0,32.142857142857146,6996.02,7072.11,-76.08999999999924,1125.05,0.0,3.0,,,,,,,,0.06547013595563658
248,0.07449091624105825,True,61,21,64.0,43.0,11,12,3.9000000000000004,4,27,1.2000000000000002,3.9000000000000004,1.5,0.029,0.55,1.4154408444998445,1.0096048721329764,0.15965791010271688,24.34042090091425,233.0,52.0,181.0,22.317596566523605,14876.759999999998,14735.23,141.52999999999884,2137.43,0.0,6.0,22.453160948999866,1.302186894781681,1.4936436382294067,20.139964856838784,115.0,28.0,87.0,24.347826086956523,9675.470000000001,7430.169999999999,2245.300000000002,1017.67,0.0,5.0,0.0673594828469996,0.07554672369542026,-0.02937122775336448,0.09126984126984128,0.0014154408444998446,0.00048024360664882253,-0.13220958826898707,
249,0.15251183572128843,True,57,21,63.0,20.0,11,12,3.8000000000000003,4,29,1.3,3.8000000000000003,1.5,0.028,0.6000000000000001,11.776084400999826,1.0721576648561737,0.4492173894127872,23.70719331084335,209.0,47.0,162.0,22.48803827751196,17497.27,16319.68,1177.5900000000001,2327.79,0.0,6.0,16.91027958999992,1.2134499159332917,1.139247203537931,21.326366822916658,121.0,29.0,92.0,23.96694214876033,9613.289999999999,7922.280000000001,1691.0099999999984,1117.56,0.0,5.0,0.050730838769999766,0.053362478983322914,-0.03615066755952376,0.09603174603174604,0.011776084400999826,0.003607883242808685,-0.02684652814806504,
250,-1.0056619516975003,False,60,20,64.0,23.0,11,13,3.9000000000000004,4,26,1.2000000000000002,3.9000000000000004,1.5,0.027,0.55,-3.397171018500194,0.9766828974276771,0.005866063441636015,24.246456045976384,241.0,53.0,188.0,21.991701244813278,14227.329999999998,14566.99,-339.6600000000017,2124.94,0.0,6.0,18.273203505999827,1.2422918528457896,1.2778242544082226,20.556545333847865,121.0,29.0,92.0,23.96694214876033,9369.390000000001,7542.0199999999995,1827.3700000000017,1045.5,0.0,5.0,,,,,,,,0.03397171018500194
251,0.11147109088149261,True,57,21,80.0,36.0,11,11,3.7,4,28,1.4,3.8000000000000003,1.5,0.027,0.6000000000000001,14.845433161999663,1.0936512152086708,0.5337658714655273,19.61783490575041,201.0,45.0,156.0,22.388059701492537,17336.57,15852.009999999998,1484.5600000000013,2207.42,0.0,4.0,10.502698332499877,1.1337369878712635,0.7824652408565455,21.472066071871733,113.0,28.0,85.0,24.778761061946902,8903.52,7853.25,1050.2700000000004,1039.72,0.0,4.0,0.03150809499749963,0.033434246967815884,-0.036983234696409906,0.0896825396825397,0.014845433161999664,0.0046825607604335405,-0.0256985499923859,
252,0.15968876381030378,True,55,21,64.0,21.0,11,15,3.8000000000000003,5,40,1.2000000000000002,3.9000000000000004,3.0,0.028,0.55,14.329646778499228,1.0516780563909462,0.4396089480430687,33.80984732005019,190.0,43.0,147.0,22.63157894736842,29161.149999999998,27728.21,1432.9399999999987,3936.14,0.0,7.0,43.2502279109996,1.3191695521136824,1.6485720075897827,28.499816076802748,108.0,28.0,80.0,25.925925925925927,17875.75,13550.759999999998,4324.990000000002,2021.03,0.0,3.0,0.1297506837329988,0.07979238802842059,-0.07714180615315858,0.08571428571428572,0.014329646778499228,0.0025839028195473127,-0.0753403371102893,
253,0.0440522605806793,True,65,21,63.0,22.0,11,13,3.9000000000000004,4,25,1.1,3.8000000000000003,1.5,0.029,0.6000000000000001,3.2631524519996673,1.0190584210222,0.2185830836561154,28.10152208709042,244.0,53.0,191.0,21.721311475409838,17448.41,17122.09,326.3199999999997,2497.2,0.0,6.0,12.90011950649994,1.1426831831001496,0.8870338865682653,22.892680156694787,133.0,31.0,102.0,23.30827067669173,10331.57,9041.499999999998,1290.0700000000015,1255.2,0.0,4.0,0.03870035851949982,0.0356707957750374,-0.04510102946682736,0.1,0.0032631524519996674,0.0009529210511100006,-0.08943393775014023,
254,-1.0156713523657916,False,61,20,64.0,23.0,11,12,3.8000000000000003,13,18,1.1,3.9000000000000004,1.5,0.027,0.55,-0.6551751110002806,0.9952782138446087,0.10679203923419871,23.019088403024114,208.0,47.0,161.0,22.596153846153847,13795.83,13861.280000000002,-65.45000000000255,1706.26,0.0,5.0,-1.8270785895001245,0.9773341439507676,0.012020618435925121,23.257609587658333,118.0,28.0,90.0,23.728813559322035,7877.02,8059.699999999999,-182.67999999999847,951.66,0.0,6.0,,,,,,,,0.09402811419474927
255,-1.0451979162425014,False,52,21,63.0,43.0,13,14,3.7,4,27,1.1,4.0,2.5,0.028,0.6000000000000001,-27.11874974550082,0.8912129963522374,-0.43549260334568207,52.80437269478184,260.0,53.0,207.0,20.384615384615383,22215.809999999998,24927.61,-2711.800000000003,3863.46,0.0,6.0,8.156327127000022,1.0686914963050296,0.5267357932693036,33.75429602803263,121.0,29.0,92.0,23.96694214876033,12689.91,11874.250000000002,815.659999999998,1810.74,0.0,5.0,,,,,,,,0.2711874974550082
256,0.12603190443926104,True,58,21,64.0,21.0,10,13,3.9000000000000004,5,27,1.2000000000000002,3.7,1.5,0.027,0.5,12.823701941499749,1.0932639510105528,0.5141068711207091,16.979601164192832,220.0,53.0,167.0,24.09090909090909,15032.27,13749.9,1282.3700000000008,1915.55,0.0,6.0,8.956083033999839,1.126881074580012,0.7597852488106953,18.957293406440026,125.0,29.0,96.0,23.2,7954.8,7059.13,895.6700000000001,945.29,0.0,5.0,0.026868249101999513,0.03172026864500299,-0.022613105179657297,0.09920634920634921,0.01282370194149975,0.004663197550527643,-0.026636756826460776,
257,0.06505256301839192,True,55,20,79.0,45.0,13,11,3.8000000000000003,4,29,1.1,3.8000000000000003,1.5,0.03,0.55,4.312007254999662,1.025811746227095,0.24559883412907302,24.023974416477063,273.0,65.0,208.0,23.80952380952381,17137.17,16705.96,431.2099999999991,2560.65,0.0,5.0,10.136357231500023,1.122397918213818,0.7810670765834953,22.19098773313098,143.0,34.0,109.0,23.776223776223777,9294.97,8281.349999999999,1013.6200000000008,1200.44,0.0,4.0,0.030409071694500068,0.03059947955345449,-0.04109135847503418,0.1,0.0043120072549996625,0.0012905873113547518,-0.060467224320882876,
258,-1.011883177061667,False,63,21,65.0,22.0,11,13,3.7,5,26,1.3,3.8000000000000003,1.5,0.026000000000000002,0.5,-7.1299062370001955,0.9391064401082232,-0.1683900403698422,27.084574637180562,206.0,44.0,162.0,21.359223300970875,10996.109999999999,11709.12,-713.010000000002,1592.85,0.0,4.0,18.033639722500013,1.2887620389569838,1.3804740191226508,18.77524846690678,111.0,27.0,84.0,24.324324324324323,8048.7699999999995,6245.35,1803.4199999999992,864.2,0.0,4.0,,,,,,,,0.07129906237000196
259,-1.0183392780817588,False,59,21,63.0,23.0,13,14,3.8000000000000003,4,28,1.2000000000000002,2.6,1.5,0.027,0.6000000000000001,-0.6295083910002904,0.9962961196687171,0.07213683809016155,27.672487858505747,292.0,84.0,208.0,28.767123287671232,16921.979999999996,16984.89,-62.91000000000349,2975.55,0.0,6.0,-2.4365815910002313,0.9666564928959253,-0.05987055450471991,20.06884227354602,130.0,38.0,92.0,29.23076923076923,7062.750000000001,7306.37,-243.61999999999898,1122.55,0.0,5.0,,,,,,,,0.11003566849055262
260,0.16510343251687368,True,52,20,64.0,21.0,9,12,3.9000000000000004,4,25,1.6,3.7,1.5,0.029,0.7,9.348818270999692,1.051788242645283,0.3697354645894909,22.878914835122956,197.0,45.0,152.0,22.84263959390863,18987.26,18052.36,934.8999999999978,2479.63,0.0,4.0,28.109626234499974,1.3126032869436404,1.5826464622357899,18.344013792303066,107.0,31.0,76.0,28.97196261682243,11802.849999999999,8991.94,2810.909999999998,1296.93,0.0,3.0,0.08432887870349992,0.07815082173591009,-0.019108650241731806,0.08492063492063492,0.009348818270999691,0.0025894121322641464,-0.0751264830047033,
261,-0.010255050237972022,True,56,21,65.0,22.0,13,13,3.5,4,27,1.9000000000000001,3.9000000000000004,1.5,0.005,0.6000000000000001,0.5446913954997217,1.0096019045099853,0.08829838220080571,9.272430216752877,140.0,34.0,106.0,24.285714285714285,5725.2,5670.750000000001,54.44999999999891,927.71,0.0,2.0,3.851991544499906,1.1695162901642877,0.7200995939969307,6.856146131503649,60.0,17.0,43.0,28.333333333333332,2657.41,2272.2300000000005,385.1799999999994,383.91,0.0,3.0,0.011555974633499718,0.04237907254107193,-0.0,0.047619047619047616,0.0005446913954997218,0.00048009522549926633,-0.11283393165259027,
262,0.07006655297927296,True,65,21,63.0,44.0,7,15,3.7,5,26,2.0,3.6,1.5,0.02,0.45,2.940483049999875,1.034424671228996,0.20790102402732558,13.450934079875825,151.0,39.0,112.0,25.827814569536425,8836.49,8542.42,294.0699999999997,1095.03,0.0,1.0,10.396541359999938,1.2468937904305948,1.0522457956037132,12.342493830807127,71.0,19.0,52.0,26.760563380281692,5250.570000000001,4210.92,1039.6500000000005,503.48,0.0,1.0,0.031189624079999815,0.061723447607648696,-0.0,0.05634920634920635,0.0029404830499998747,0.0017212335614497976,-0.08385744166903157,
263,-1.3243793885692743,False,61,21,64.0,20.0,11,14,2.0,17,29,2.0,3.7,1.5,0.027,0.55,-1.4303542299999936,0.0,-0.5706287226664992,2.0978001707600153,2.0,0.0,2.0,0.0,0.0,143.03,-143.03,16.34,0.0,0.0,3.344484119999997,4.243526331102706,0.7963662001870793,3.2366201060967494,2.0,1.0,1.0,50.0,437.55,103.11,334.44,16.96,0.0,0.0,,,,,,,,1.9462763314156462
264,0.13510089377580226,True,53,20,63.0,23.0,15,12,3.6,4,27,1.9000000000000001,3.8000000000000003,1.5,0.011,0.7,6.248532433499731,1.0555085724438127,0.3347007440505075,13.80829743005005,159.0,40.0,119.0,25.157232704402517,11881.86,11257.0,624.8600000000006,1734.33,0.0,4.0,15.910919723499864,1.3559525274331927,1.4490397386517988,13.123936101307232,69.0,21.0,48.0,30.434782608695652,6061.04,4469.95,1591.0900000000001,698.3,0.0,3.0,0.04773275917049959,0.08898813185829818,-0.0,0.05476190476190477,0.006248532433499731,0.0027754286221906344,-0.06540586307059064,
265,-1.0306535357643252,False,125,21,80.0,22.0,13,13,3.8000000000000003,7,10,2.0,3.9000000000000004,1.5,0.025,0.7,-17.398084340000114,0.7873615407461003,-0.5520870770986434,31.170142303741283,99.0,19.0,80.0,19.19191919191919,6442.2,8182.009999999999,-1739.8099999999995,953.62,0.0,1.0,2.1911463964999167,1.0395626102547522,0.2687016224307983,21.207311496834205,57.0,13.0,44.0,22.80701754385965,5757.419999999999,5538.310000000002,219.10999999999694,576.77,0.0,0.0,,,,,,,,0.1839212145859515
266,-1.0387385459607912,False,86,21,70.0,23.0,10,13,3.9000000000000004,4,45,2.0,3.8000000000000003,1.5,0.028,0.6000000000000001,-0.14853936100016651,0.9988421827753144,0.10702981542149353,23.200189373074977,155.0,36.0,119.0,23.225806451612904,12750.62,12765.400000000001,-14.780000000000655,1546.65,0.0,3.0,-7.035474693500037,0.8813793080192679,-0.4151434930225287,22.80016251060403,77.0,15.0,62.0,19.48051948051948,5227.54,5931.09,-703.5500000000002,669.8,0.0,1.0,,,,,,,,0.23243127576474693
267,0.23229368959777916,True,57,20,65.0,43.0,11,14,3.7,5,25,1.9000000000000001,4.0,2.0,0.026000000000000002,0.7,27.199791057999683,1.1267458684666087,0.6751949805744223,20.290417455900574,159.0,40.0,119.0,25.157232704402517,24179.91,21459.95,2719.959999999999,2807.68,0.0,3.0,30.482344402499912,1.432865853831713,1.5112706625321164,22.970436415591738,67.0,18.0,49.0,26.865671641791046,10090.269999999999,7042.0199999999995,3048.249999999999,987.34,0.0,2.0,0.09144703320749974,0.10821646345792824,-0.04554535094623851,0.05317460317460318,0.027199791057999686,0.0063372934233304375,-0.008536143777343602,
268,0.2702589964971294,True,56,20,65.0,42.0,11,14,3.8000000000000003,5,25,1.9000000000000001,3.9000000000000004,2.0,0.026000000000000002,0.7,28.59515270949969,1.1545738681819557,0.7296325832894992,20.50832827534388,134.0,34.0,100.0,25.37313432835821,21358.969999999998,18499.44,2859.529999999999,2440.9,0.0,4.0,42.262366152999874,1.498004433022126,1.9088175516994714,22.973605133468674,72.0,21.0,51.0,29.166666666666668,12712.53,8486.310000000001,4226.219999999999,1158.41,0.0,3.0,0.12678709845899963,0.12450110825553151,-0.04556345790553528,0.05714285714285714,0.02859515270949969,0.007728693409097787,-0.02893245557332106,
269,0.20683401684879416,True,57,20,65.0,42.0,11,14,3.8000000000000003,5,25,1.9000000000000001,4.0,2.0,0.025,0.7,28.99560696899958,1.1307384662554558,0.7045411088745489,19.867397026941813,161.0,40.0,121.0,24.84472049689441,25077.97,22178.4,2899.5699999999997,2875.57,0.0,4.0,26.8986995025,1.33965239878678,1.3537895640293,22.74128771773258,70.0,19.0,51.0,27.142857142857142,10609.27,7919.419999999999,2689.8500000000013,1050.97,0.0,3.0,0.0806960985075,0.08491309969669503,-0.04423592981561474,0.05555555555555556,0.028995606968999582,0.006536923312772791,-0.005627337377114044,
270,0.20802223640037948,True,58,19,65.0,42.0,11,14,3.8000000000000003,5,25,1.9000000000000001,4.0,2.0,0.025,0.7,34.921355871499614,1.1559397219730259,0.7984814129077028,19.040440487286716,160.0,40.0,120.0,25.0,25886.38,22394.230000000003,3492.149999999998,2936.11,0.0,3.0,27.474775371999932,1.3544718447052875,1.3784779971526304,22.732559701131397,71.0,19.0,52.0,26.760563380281692,10498.43,7750.94,2747.4900000000007,1053.7,0.0,3.0,0.0824243261159998,0.08861796117632187,-0.04418605543503656,0.05634920634920635,0.03492135587149962,0.007796986098651293,-0.017901543776262897,
271,0.16783934323615915,True,58,18,65.0,42.0,11,14,3.6,5,24,1.9000000000000001,4.0,2.0,0.025,0.7,42.86803203849961,1.207157219823993,0.9344232552941614,17.38227945984757,155.0,39.0,116.0,25.161290322580644,24980.319999999996,20693.51,4286.809999999998,2860.41,0.0,2.0,22.825513741499982,1.3347264933575596,1.2385041117402145,22.728349444283435,66.0,17.0,49.0,25.757575757575758,9101.539999999999,6819.03,2282.5099999999993,948.46,0.0,2.0,0.06847654122449993,0.08368162333938989,-0.044161996824476774,0.05238095238095239,0.04286803203849961,0.010357860991199654,-0.04576366991390554,
272,0.23034987383410313,True,57,19,65.0,42.0,11,14,3.7,5,25,1.9000000000000001,4.0,2.0,0.025,0.7,27.610823882999703,1.1292853503948215,0.6852191707989167,19.87080655127479,159.0,40.0,119.0,25.157232704402517,24117.559999999998,21356.48,2761.079999999998,2803.06,0.0,3.0,29.02959744249991,1.4160369178734962,1.4716705933620333,22.742091919936446,67.0,18.0,49.0,26.865671641791046,9880.61,6977.65,2902.960000000001,978.68,0.0,3.0,0.08708879232749973,0.10400922946837404,-0.04424052525677969,0.05317460317460318,0.027610823882999704,0.006464267519741074,-0.0037573172823349168,
273,0.2738851078605103,True,56,19,65.0,42.0,11,14,3.8000000000000003,5,25,1.9000000000000001,4.0,2.0,0.025,0.7,34.84968041349941,1.1850291109763722,0.8441153811489149,19.892212662777983,133.0,34.0,99.0,25.56390977443609,22319.809999999998,18834.820000000003,3484.9899999999943,2492.46,0.0,4.0,34.91950940149998,1.4554237860665178,1.6622428017044955,22.74128771773258,70.0,20.0,50.0,28.571428571428573,11159.359999999999,7667.429999999999,3491.9299999999994,1061.41,0.0,3.0,0.10475852820449995,0.11385594651662945,-0.04423592981561474,0.05555555555555556,0.03484968041349941,0.00925145554881861,-0.0001501285628779673,
274,0.20793572450236386,True,56,19,65.0,42.0,11,15,3.8000000000000003,5,25,1.9000000000000001,4.0,2.0,0.025,0.7,35.209709129999574,1.1994472449767437,0.8601752008496466,19.867615262387993,131.0,34.0,97.0,25.954198473282442,21174.309999999998,17653.39,3520.9199999999983,2398.46,0.0,4.0,26.865693663999956,1.373540428632209,1.3743447969320106,22.742091919936446,67.0,18.0,49.0,26.865671641791046,9878.750000000002,7192.18,2686.5700000000015,974.27,0.0,3.0,0.08059708099199987,0.09338510715805226,-0.04424052525677969,0.05317460317460318,0.03520970912999957,0.009972362248837185,-0.020162612944348512,
275,0.2488421462412561,True,55,19,65.0,42.0,11,15,3.7,5,25,1.9000000000000001,4.0,2.0,0.025,0.7,38.257041298999454,1.220272895504444,0.9156486756459069,19.056816934959382,125.0,33.0,92.0,26.4,21193.48,17367.820000000007,3825.6599999999926,2348.96,0.0,3.0,31.44120099049989,1.4594330386498136,1.561942578428836,23.42036995926682,67.0,18.0,49.0,26.865671641791046,9987.63,6843.5,3144.129999999999,981.85,0.0,3.0,0.09432360297149966,0.11485825966245339,-0.048116399767238985,0.05317460317460318,0.038257041298999456,0.011013644775222198,-0.014668605874282778,
276,0.26034728107884586,True,55,19,65.0,42.0,10,16,3.6,5,24,1.9000000000000001,4.0,2.0,0.025,0.7,21.20261398349965,1.1383345131646339,0.6097554557057163,19.029196751712742,124.0,31.0,93.0,25.0,17447.31,15327.05,2120.260000000002,2064.07,0.0,2.0,39.280885164999965,1.635693501768832,1.8807222754461774,23.42036995926682,61.0,18.0,43.0,29.508196721311474,10107.310000000001,6179.219999999999,3928.090000000002,919.02,0.0,3.0,0.11784265549499989,0.15892337544220803,-0.048116399767238985,0.048412698412698414,0.021202613983499652,0.006916725658231693,-0.04483438814555285,
277,0.2586732485187655,True,54,19,65.0,42.0,9,16,3.6,5,24,1.9000000000000001,4.0,2.0,0.025,0.7,21.640014416499724,1.1400461172761167,0.6180512291742891,19.020851722924693,126.0,32.0,94.0,25.396825396825395,17615.89,15451.91,2163.9799999999996,2080.57,0.0,2.0,38.499103787500026,1.609414375625261,1.8405126830928984,22.593040072879365,60.0,17.0,43.0,28.333333333333332,10167.25,6317.360000000001,3849.8899999999994,907.32,0.0,3.0,0.11549731136250008,0.15235359390631525,-0.043388800416453516,0.047619047619047616,0.021640014416499726,0.007002305863805836,-0.042050224232949504,
278,0.1459011179742948,True,55,19,65.0,42.0,10,16,3.5,5,24,1.9000000000000001,4.0,2.0,0.025,0.7,14.118800627999626,1.0994334788371527,0.4682504518611294,18.736014442838638,117.0,28.0,89.0,23.931623931623932,15610.789999999999,14198.939999999999,1411.8500000000004,1923.33,0.0,2.0,23.09994664849988,1.386361279575036,1.2709996567279065,23.421272043374884,57.0,14.0,43.0,24.56140350877193,8288.86,5978.860000000001,2310.0,828.07,0.0,3.0,0.06929983994549964,0.09659031989375899,-0.04812155453357077,0.045238095238095244,0.014118800627999625,0.0049716739418576355,-0.03619605713934556,
279,0.20500853008652087,True,55,19,66.0,42.0,10,17,3.6,5,23,1.9000000000000001,4.0,2.0,0.025,0.7,14.022210909499663,1.0992744665757628,0.4671462991846141,23.65154001008321,118.0,29.0,89.0,24.576271186440678,15527.01,14124.779999999999,1402.2300000000014,1887.56,0.0,2.0,34.78405588999993,1.5869542473954725,1.8000557301819864,23.414801195332362,59.0,16.0,43.0,27.11864406779661,9404.64,5926.220000000001,3478.4199999999983,892.68,0.0,3.0,0.10435216766999977,0.14673856184886813,-0.048084578259042075,0.046825396825396826,0.014022210909499663,0.004963723328788139,-0.06380895223698958,
280,0.24051306083989846,True,56,18,66.0,42.0,10,17,3.6,5,22,1.9000000000000001,4.0,2.0,0.025,0.7,16.181031325999683,1.115052673192985,0.5118948765503527,23.66775091927594,120.0,29.0,91.0,24.166666666666668,15682.189999999999,14064.080000000002,1618.109999999997,1917.82,0.0,2.0,37.99351144249981,1.653201043919581,1.9402903803812628,22.759173822186188,58.0,17.0,41.0,29.310344827586206,9615.91,5816.54,3799.37,887.24,0.0,2.0,0.11398053432749942,0.16330026097989525,-0.04433813612677822,0.046031746031746035,0.016181031325999684,0.005752633659649254,-0.06039500935811298,
281,0.21602920427005054,True,54,18,66.0,41.0,9,17,3.6,5,23,1.9000000000000001,4.0,2.0,0.025,0.7,14.5870388404997,1.1022095634474374,0.4789514360925228,23.6495508436402,120.0,30.0,90.0,25.0,15730.79,14272.050000000001,1458.7399999999998,1907.61,0.0,2.0,35.390580658999916,1.5999521942338109,1.8006082803434562,22.598723251694953,58.0,16.0,42.0,27.586206896551722,9437.91,5898.87,3539.04,882.32,0.0,3.0,0.10617174197699975,0.1499880485584527,-0.04342127572397116,0.046031746031746035,0.014587038840499701,0.005110478172371868,-0.06243857358604835,
282,0.17342830682200477,True,54,18,66.0,42.0,9,17,3.5,5,22,1.9000000000000001,4.0,2.0,0.025,0.7,8.573733447499672,1.065131980759706,0.34778641156591567,23.756624474122088,117.0,28.0,89.0,23.931623931623932,14021.44,13164.04,857.3999999999996,1764.27,0.0,2.0,30.261120370999905,1.5853559933149706,1.7355839176516723,21.05741243864676,54.0,15.0,39.0,27.77777777777778,8195.910000000002,5169.759999999999,3026.1500000000024,794.58,0.0,2.0,0.09078336111299971,0.14633899832874264,-0.034613785363695776,0.04285714285714286,0.008573733447499673,0.0032565990379852974,-0.08376774259866963,
283,0.2488848016820777,True,52,18,66.0,41.0,8,17,3.4000000000000004,5,23,1.9000000000000001,4.0,2.0,0.025,0.7,20.650463328499683,1.1626600689545985,0.610223869834414,24.976587758897033,105.0,27.0,78.0,25.714285714285715,14760.33,12695.309999999998,2065.0200000000023,1700.02,0.0,2.0,29.137112086,1.5347176597970307,1.6643696113878512,18.05975848799199,53.0,14.0,39.0,26.41509433962264,8362.83,5449.1,2913.7299999999996,808.76,0.0,2.0,0.087411336258,0.13367941494925767,-0.017484334217097077,0.04206349206349207,0.020650463328499683,0.008133003447729926,-0.025568574147804574,
284,0.29416619678565586,True,51,18,66.0,41.0,9,16,3.5,5,22,1.9000000000000001,4.0,2.0,0.025,0.7,7.8891394979996035,1.0554955266760369,0.3309230246925507,20.90585169373684,128.0,29.0,99.0,22.65625,15004.27,14215.38,788.8900000000012,1940.03,0.0,2.0,53.97790576999994,1.8652067564924968,2.475684385670731,20.21741741137243,59.0,19.0,40.0,32.20338983050848,11636.539999999999,6238.74,5397.799999999999,985.09,0.0,3.0,0.16193371730999984,0.2163016891231242,-0.02981381377927103,0.046825396825396826,0.007889139497999603,0.002774776333801843,-0.11174470852539539,
285,0.056223656021984515,True,51,18,66.0,41.0,8,16,3.4000000000000004,5,21,1.8,4.0,2.0,0.025,0.7,1.1537699634994716,1.0083832204818226,0.1728938312695442,25.35746392621424,129.0,29.0,100.0,22.48062015503876,13879.79,13764.400000000001,115.38999999999942,1897.74,0.0,2.0,27.824092218000025,1.4286623251973147,1.5449250888332644,23.52695432715094,64.0,17.0,47.0,26.5625,9273.289999999999,6490.89,2782.3999999999987,954.95,0.0,3.0,0.08347227665400007,0.10716558129932868,-0.04872545329800537,0.050793650793650794,0.0011537699634994716,0.00041916102409113033,-0.13805533041458026,
286,0.28691464013597007,True,51,19,66.0,41.0,9,16,3.6,5,23,1.9000000000000001,4.0,2.0,0.025,0.7,18.80104090999961,1.1203390785175174,0.561216208749803,19.910569002439743,131.0,32.0,99.0,24.427480916030536,17503.64,15623.519999999999,1880.1200000000008,2137.8,0.0,2.0,47.916055981000014,1.6506988277727686,2.1620704760595943,20.190607336741763,64.0,19.0,45.0,29.6875,12155.35,7363.759999999999,4791.590000000001,1051.56,0.0,3.0,0.14374816794300005,0.16267470694319214,-0.02966061335281008,0.050793650793650794,0.018801040909999612,0.0060169539258758675,-0.06545926702693831,
287,0.17604385241550707,True,50,18,66.0,40.0,8,17,3.6,6,23,1.9000000000000001,4.0,2.0,0.025,0.7,16.360010715499538,1.1021631380395436,0.5107228580769624,25.306659295258243,130.0,31.0,99.0,23.846153846153847,17649.280000000002,16013.31,1635.970000000003,2145.48,0.0,2.0,27.424199700000006,1.3435867752649493,1.4818423349900474,20.1899994196611,68.0,17.0,51.0,25.0,10724.119999999999,7981.71,2742.409999999999,1079.49,0.0,3.0,0.08227259910000002,0.08589669381623732,-0.02965713954092057,0.05396825396825397,0.01636001071549954,0.0051081569019771796,-0.0379047225455404,
288,0.06861009686216529,True,52,18,66.0,41.0,9,18,3.5,5,22,1.8,4.0,2.0,0.025,0.7,0.3645519144996797,1.0027644412269776,0.15357399877708094,26.30502610084286,126.0,28.0,98.0,22.22222222222222,13214.499999999998,13178.070000000002,36.42999999999665,1812.69,0.0,2.0,26.719334325999917,1.440632462169686,1.5281015616351805,19.315416896825973,61.0,16.0,45.0,26.229508196721312,8735.880000000001,6063.919999999999,2671.960000000002,921.89,0.0,2.0,0.08015800297799974,0.1101581155424215,-0.024659525124719844,0.048412698412698414,0.00036455191449967977,0.0001382220613488805,-0.14596196892208307,
289,0.30268516864856176,True,51,17,65.0,41.0,9,16,3.5,5,23,1.9000000000000001,4.0,2.0,0.024,0.7,10.36245367599964,1.0723786268414026,0.38766709805163113,18.84296943880407,128.0,30.0,98.0,23.4375,15353.47,14317.210000000001,1036.2599999999984,1964.04,0.0,2.0,52.6103200099999,1.8543314247111895,2.4594178300953726,20.057811719351825,59.0,19.0,40.0,32.20338983050848,11419.01,6158.02,5260.99,978.21,0.0,2.0,0.1578309600299997,0.21358285617779738,-0.028901781253439004,0.046825396825396826,0.01036245367599964,0.003618931342070131,-0.1006336481492629,
290,0.12802314790945463,True,51,17,66.0,41.0,9,16,3.4000000000000004,6,23,1.9000000000000001,4.0,2.0,0.024,0.7,7.641488018999534,1.0587508467395628,0.32838058211980703,24.31624891262016,117.0,27.0,90.0,23.076923076923077,13769.870000000003,13005.77,764.1000000000022,1773.55,0.0,2.0,24.288366989499938,1.4560098830146952,1.4725079117907973,20.96346222216388,54.0,15.0,39.0,27.77777777777778,7755.16,5326.309999999999,2428.8500000000013,784.75,0.0,2.0,0.07286510096849981,0.11400247075367381,-0.0340769269837936,0.04285714285714286,0.007641488018999535,0.0029375423369781386,-0.07820367004204593,
291,0.04561447057108507,True,49,18,65.0,41.0,9,16,3.4000000000000004,5,22,1.9000000000000001,4.0,2.0,0.024,0.7,3.141623769499638,1.0240672891124094,0.21881138495754338,25.140636459061998,120.0,26.0,94.0,21.666666666666668,13365.860000000002,13051.740000000003,314.119999999999,1795.05,0.0,2.0,18.23463762299991,1.322100004769366,1.1510390205549763,20.964269683727967,58.0,15.0,43.0,25.862068965517242,7484.580000000001,5661.13,1823.4500000000007,828.17,0.0,3.0,0.05470391286899972,0.08052500119234152,-0.03408154104987409,0.046031746031746035,0.003141623769499638,0.0012033644556204703,-0.10590963669724822,
292,0.13606129159167657,True,48,19,65.0,41.0,9,16,3.5,5,20,1.9000000000000001,4.0,2.0,0.025,0.7,3.730107708999676,1.0240302775311496,0.23545457421968574,23.658878039526616,138.0,31.0,107.0,22.463768115942027,15893.380000000003,15520.419999999998,372.9600000000046,2068.43,0.0,2.0,37.46386706549995,1.5187878821448995,1.8598360857484117,22.366118699024096,68.0,19.0,49.0,27.941176470588236,10967.789999999999,7221.410000000001,3746.3799999999983,1082.95,0.0,2.0,0.11239160119649984,0.12969697053622486,-0.042092106851566266,0.05396825396825397,0.0037301077089996765,0.0012015138765574807,-0.122835048843293,
293,0.21397508244473007,True,53,17,66.0,40.0,8,18,3.5,6,23,1.8,4.0,2.0,0.024,0.7,26.07225205449968,1.177012959768301,0.7128625149304838,25.46508865865481,123.0,31.0,92.0,25.203252032520325,17336.730000000003,14729.429999999998,2607.3000000000047,2023.5,0.0,2.0,24.756446455499916,1.366700932890539,1.3936548594156708,21.33218849735284,67.0,17.0,50.0,25.37313432835821,9226.680000000002,6751.0599999999995,2475.6200000000026,990.55,0.0,2.0,0.07426933936649974,0.09167523322263477,-0.03618393427058765,0.05317460317460318,0.02607225205449968,0.008850647988415051,-0.003883059091334699,
294,-1.0087962629366671,False,53,17,67.0,41.0,8,18,3.3000000000000003,6,21,1.8,4.0,2.0,0.023000000000000003,0.7,-5.277757762000275,0.9511024261157686,-0.021914626369718887,25.694497713217768,104.0,24.0,80.0,23.076923076923077,10264.829999999998,10792.56,-527.7300000000014,1437.77,0.0,2.0,26.549540590999804,1.5314731369844647,1.606817673836901,20.312583331927364,53.0,14.0,39.0,26.41509433962264,7650.520000000001,4995.529999999999,2654.9900000000025,776.67,0.0,2.0,,,,,,,,0.05277757762000275
295,0.1264549133266872,True,52,18,66.0,40.0,8,17,3.4000000000000004,6,23,1.8,4.0,2.0,0.024,0.7,12.447281455999654,1.0966914003753554,0.4365906552979064,25.63768761479659,112.0,27.0,85.0,24.107142857142858,14117.839999999998,12873.120000000003,1244.7199999999957,1713.58,0.0,2.0,14.857269882999955,1.228725025632499,0.9456330825826369,20.134590436842895,63.0,15.0,48.0,23.80952380952381,7981.379999999999,6495.66,1485.7199999999993,919.93,0.0,2.0,0.044571809648999865,0.05718125640812477,-0.029340516781959404,0.05,0.012447281455999654,0.00483457001876777,-0.013239487423245449,
296,0.2300764800562133,True,48,17,66.0,41.0,8,18,3.5,5,22,1.9000000000000001,4.0,2.0,0.024,0.7,20.00655097049972,1.1427037838308227,0.601154771234233,27.015828639811858,122.0,30.0,92.0,24.59016393442623,16020.009999999997,14019.39,2000.6199999999972,1964.5,0.0,2.0,29.595481128499923,1.4374675730686854,1.635772280655244,17.977564599828554,64.0,16.0,48.0,25.0,9724.77,6765.209999999999,2959.5600000000013,988.46,0.0,2.0,0.08878644338549976,0.10936689326717136,-0.01701465485616317,0.050793650793650794,0.02000655097049972,0.007135189191541136,-0.028997592695986306,
297,-1.018048095017501,False,53,17,66.0,40.0,9,18,3.5,5,22,0.7,4.0,2.0,0.024,0.7,-10.828857010500688,0.950493854478888,-0.059330660012100446,33.34099740977538,262.0,57.0,205.0,21.755725190839694,20790.0,21872.84,-1082.8400000000001,3581.87,0.0,7.0,8.412174420499632,1.0776144054698709,0.5657639472581639,29.33422288293498,130.0,31.0,99.0,23.846153846153847,11678.699999999999,10837.55,841.1499999999996,1775.35,0.0,5.0,,,,,,,,0.10828857010500688
298,0.28739171529569785,True,51,17,67.0,41.0,8,18,3.5,6,22,1.9000000000000001,4.0,2.0,0.024,0.7,19.950422092999613,1.1464792124337722,0.5998808116883533,23.908938389622932,118.0,29.0,89.0,24.576271186440678,15614.679999999998,13619.68,1994.9999999999982,1874.79,0.0,2.0,39.745782461999895,1.6466104741870877,2.100790426120031,17.986222886211248,58.0,16.0,42.0,27.586206896551722,10121.27,6146.730000000001,3974.539999999999,916.85,0.0,2.0,0.11923734738599968,0.16165261854677193,-0.01706413077834999,0.046031746031746035,0.019950422092999614,0.007323960621688608,-0.049740248605158015,
299,0.04983994574611456,True,45,16,67.0,41.0,8,19,3.5,6,21,1.9000000000000001,4.0,2.0,0.024,0.7,3.453591415499741,1.0248668771669587,0.22617971222254882,30.30313725903025,121.0,27.0,94.0,22.31404958677686,14232.890000000001,13887.550000000003,345.3399999999983,1872.53,0.0,2.0,14.407020817499816,1.2285742391092225,0.9580705631492749,16.62092407323155,58.0,14.0,44.0,24.137931034482758,7743.469999999998,6302.81,1440.659999999998,883.7,0.0,2.0,0.043221062452499445,0.05714355977730562,-0.009262423275608852,0.046031746031746035,0.003453591415499741,0.001243343858347934,-0.09199093451367536,
