stage,trial,score,gated,ema_period,rsi_period,rsi_overbought,rsi_oversold,atr_period,consolidation_candles,consolidation_atr_mult,swing_lookback,volume_sma_period,volume_mult,risk_reward_ratio,leverage,risk_per_trade_pct,max_position_allocation_pct,tr_return_pct,tr_pf,tr_sharpe,tr_max_dd,tr_trades,tr_wins,tr_losses,tr_win_rate,tr_gross_profit,tr_gross_loss,tr_net_pnl,tr_fees,tr_blocked,tr_head_dropped,va_return_pct,va_pf,va_sharpe,va_max_dd,va_trades,va_wins,va_losses,va_win_rate,va_gross_profit,va_gross_loss,va_net_pnl,va_fees,va_blocked,va_head_dropped,c_gate_shortfall,c_va_ret,c_va_pf,c_va_dd,c_va_sample,c_tr_ret,c_tr_pf,c_consistency
1a_broad,0,-1.4946787223816116,False,69,21,74.0,35.0,9,6,1.1,18,34,1.6,1.0,1.0,0.015,0.5,-0.09104491145000793,0.9170993896328687,-0.03793495459218215,1.396339662700624,2.0,1.0,1.0,50.0,100.67,109.77,-9.099999999999994,10.04,0.0,0.0,-1.137957224999991,0.0,-1.0420568136747304,1.7883168033303136,1.0,0.0,1.0,0.0,0.0,113.8,-113.8,4.94,0.0,0.0,2.9680723342896695,,,,,,,
1a_broad,1,0.214983836625758,True,147,19,60.0,24.0,9,9,2.6,11,21,1.4,1.4,1.0,0.015,0.5,5.985737594800012,1.148728995694164,0.6140243189181435,5.208307545004887,131.0,64.0,67.0,48.85496183206107,4623.37,4024.77,598.5999999999999,677.32,0.0,1.0,7.087266906199983,1.6098505382173,1.79649024542232,4.2617534554482095,51.0,27.0,24.0,52.94117647058823,1870.9199999999998,1162.17,708.7499999999998,258.84,0.0,0.0,,0.02126180071859995,0.15246263455432502,-0.0,0.04047619047619048,0.005985737594800013,0.007436449784708199,-0.012638976502865634
1a_broad,2,-1.058123206269616,False,58,12,66.0,40.0,9,12,2.8,4,34,0.7,1.2,1.0,0.015,0.5,1.7244146528000055,1.017375281704827,0.1709652813930018,11.705352703869936,432.0,208.0,224.0,48.148148148148145,10098.64,9926.169999999998,172.47000000000116,2106.34,0.0,1.0,-7.711257666799902,0.764792006002818,-1.6783288024854521,10.677274269814113,145.0,66.0,79.0,45.51724137931034,2507.3399999999997,3278.460000000001,-771.1200000000013,707.73,0.0,0.0,0.34873923761769615,,,,,,,
1a_broad,3,-1.3481206636941399,False,144,21,76.0,27.0,8,15,2.3,6,30,0.5,3.8000000000000003,1.0,0.015,0.5,-3.697272380200011,0.7522415664830523,-0.5733382250899276,5.820574393828694,38.0,7.0,31.0,18.42105263157895,1122.5399999999997,1492.2600000000002,-369.7200000000005,182.69,0.0,1.0,-2.581483039600007,0.3906238934919623,-0.8730869760681457,4.989118773989163,9.0,1.0,8.0,11.11111111111111,165.48,423.63,-258.15,44.63,0.0,0.0,2.0887239821648387,,,,,,,
1a_broad,4,-1.0659338539399823,False,53,16,63.0,33.0,15,7,4.0,17,48,1.9000000000000001,2.8,1.0,0.015,0.5,16.27988567629991,1.16219641350232,0.766264269094758,12.103058377236374,147.0,49.0,98.0,33.333333333333336,11665.07,10037.09,1627.9799999999996,787.72,0.0,1.0,-11.593212844200025,0.756345455042212,-1.136155721557847,17.341414416422644,80.0,20.0,60.0,25.0,3598.79,4758.13,-1159.3400000000001,363.26,0.0,1.0,0.39560312363989364,,,,,,,
1a_broad,5,-1.4848186253195996,False,140,8,60.0,21.0,11,10,1.8,18,24,0.9,2.6,1.0,0.015,0.5,-1.6906616784999824,0.442763439796961,-0.6993420534739866,3.0061098736337373,9.0,3.0,6.0,33.333333333333336,134.32999999999998,303.39,-169.06,44.57,0.0,0.0,-0.765139363599992,0.0,-1.493511994704469,0.8898240698653674,1.0,0.0,1.0,0.0,0.0,76.51,-76.51,4.96,0.0,0.0,2.908911751917598,,,,,,,
1a_broad,6,-2.0,False,38,19,56.0,45.0,18,7,1.0,17,38,1.6,3.3000000000000003,1.0,0.015,0.5,,,,,,,,,,,,,,,,,,,,,,,,,,,,,6.0,,,,,,,
1a_broad,7,-2.0,False,29,12,58.0,42.0,16,9,1.1,9,23,1.6,2.9000000000000004,1.0,0.015,0.5,,,,,,,,,,,,,,,,,,,,,,,,,,,,,6.0,,,,,,,
1a_broad,8,-1.039662136242418,False,136,14,58.0,38.0,18,13,3.3000000000000003,12,31,1.1,1.0,1.0,0.015,0.5,-1.7275308915999994,0.9411892907980136,-0.21922847389351685,6.275513553952881,140.0,79.0,61.0,56.42857142857143,2763.8399999999992,2936.5400000000004,-172.70000000000118,681.1,0.0,0.0,-1.7688278869500025,0.8368403088475411,-0.587154157698164,4.346816581160496,54.0,27.0,27.0,50.0,907.16,1084.03,-176.87,265.46,0.0,0.0,0.2379728174545085,,,,,,,
1a_broad,9,-2.0,False,34,7,71.0,28.0,14,19,1.7000000000000002,10,40,0.8,1.2,1.0,0.015,0.5,,,,,,,,,,,,,,,,,,,,,,,,,,,,,6.0,,,,,,,
1a_broad,10,-1.0196750944378337,False,104,17,80.0,20.0,21,4,3.9000000000000004,14,12,1.2000000000000002,2.0,1.0,0.015,0.5,-11.805056662700153,0.9197291372590617,-0.4299646576437128,16.80508164841,302.0,104.0,198.0,34.437086092715234,13526.529999999999,14707.079999999998,-1180.5499999999993,1389.74,0.0,3.0,4.376110679150024,1.0720005923537006,0.5107646894238939,11.859897500916428,126.0,46.0,80.0,36.507936507936506,6515.029999999999,6077.450000000001,437.5799999999981,617.24,0.0,0.0,0.11805056662700153,,,,,,,
1a_broad,11,-1.0085943026085833,False,106,17,80.0,20.0,21,4,4.0,14,10,1.2000000000000002,1.9,1.0,0.015,0.5,-5.15658156514999,0.9648648851262891,-0.13596738007232553,14.301529158797177,312.0,113.0,199.0,36.217948717948715,14157.529999999999,14673.07,-515.5400000000009,1457.17,0.0,3.0,3.557832287350011,1.0565102681684395,0.4378820788320502,11.147712027182363,130.0,50.0,80.0,38.46153846153846,6651.44,6295.67,355.7699999999995,640.51,0.0,0.0,0.0515658156514999,,,,,,,
1a_broad,12,-1.002040638648167,False,109,18,69.0,25.0,21,4,3.0,14,10,1.3,1.9,1.0,0.015,0.5,-1.2243831889002286,0.9908379197384103,0.02498438832737959,12.262243814891367,279.0,104.0,175.0,37.27598566308244,13235.93,13358.32,-122.38999999999942,1364.79,0.0,3.0,5.872411070899907,1.1105821381222127,0.7125513147246734,12.219322995608016,119.0,46.0,73.0,38.65546218487395,5897.279999999999,5310.08,587.1999999999989,591.77,0.0,0.0,0.012243831889002285,,,,,,,
1a_broad,13,-1.0254471031451666,False,115,19,67.0,26.0,12,10,3.0,14,17,1.4,1.8,1.0,0.015,0.5,-15.268261887100016,0.8371939529517639,-0.8987275411643303,19.897586629583664,217.0,79.0,138.0,36.40552995391705,7851.589999999999,9378.46,-1526.87,1013.63,0.0,3.0,7.621735348950061,1.2373471427726208,1.2338033374213349,5.594070692033079,89.0,39.0,50.0,43.82022471910113,3973.53,3211.33,762.2000000000003,459.66,0.0,0.0,0.15268261887100015,,,,,,,
1a_broad,14,-1.2718823849749072,False,86,19,69.0,24.0,7,17,2.5,9,21,2.0,1.6,1.0,0.015,0.5,-4.6260296244000525,0.5646638121676941,-0.9099692418363186,6.710966823960615,22.0,7.0,15.0,31.818181818181817,600.0400000000001,1062.6499999999999,-462.6099999999998,103.37,0.0,0.0,3.011697277500007,2.583938150836226,1.2791865215118616,1.370695196515547,8.0,5.0,3.0,62.5,491.31,190.14,301.17,40.65,0.0,0.0,1.6312943098494428,,,,,,,
1a_broad,15,-1.0138594257791331,False,120,15,63.0,32.0,12,6,3.4000000000000004,12,17,1.4,2.3,1.0,0.015,0.5,3.883800800099853,1.042995444506562,0.28469817667567576,13.427398701501044,206.0,71.0,135.0,34.46601941747573,9421.43,9033.050000000001,388.3799999999992,1023.63,0.0,4.0,-1.0172859077499743,0.9733671196228361,-0.08066093671896253,7.897353454100981,90.0,30.0,60.0,33.333333333333336,3718.35,3820.09,-101.74000000000024,448.08,0.0,0.0,0.08315655467479877,,,,,,,
1a_broad,16,-1.0629233034917076,False,88,18,63.0,30.0,18,12,2.2,20,17,1.4,1.5,1.0,0.015,0.5,-6.1213290338000474,0.825490363781503,-0.5997273000464445,14.551565640378625,81.0,33.0,48.0,40.74074074074074,2895.49,3507.6,-612.1100000000001,375.7,0.0,0.0,5.819105288550036,1.5106890862498688,1.5644797685663447,3.1222546875255586,36.0,18.0,18.0,50.0,1721.4,1139.4799999999998,581.9200000000003,186.19,0.0,0.0,0.3775398209502454,,,,,,,
1a_broad,17,-1.0117581962616669,False,128,13,72.0,24.0,19,8,2.8,7,13,1.8,2.2,1.0,0.015,0.5,-7.054917757000166,0.8958522501613007,-0.4403278179838321,16.13962058954766,157.0,54.0,103.0,34.394904458598724,6067.670000000001,6773.070000000001,-705.3999999999996,742.14,0.0,1.0,10.093237934400005,1.4504228306223086,1.9049576969005886,4.442998963888621,64.0,26.0,38.0,40.625,3250.18,2240.85,1009.3299999999999,339.74,0.0,0.0,0.07054917757000166,,,,,,,
1a_broad,18,-1.026687736263417,False,150,21,66.0,23.0,14,4,3.5,12,26,1.0,1.5,1.0,0.015,0.5,-16.01264175805023,0.8845180758517928,-0.755383464074476,22.718985067224942,319.0,141.0,178.0,44.20062695924765,12264.25,13865.460000000001,-1601.210000000001,1499.13,0.0,0.0,3.444006568950026,1.0683233017374434,0.486593321292907,11.107975425591997,132.0,57.0,75.0,43.18181818181818,5385.14,5040.74,344.40000000000055,645.03,0.0,0.0,0.16012641758050228,,,,,,,
1a_broad,19,-1.4949461928155539,False,87,9,55.0,30.0,11,15,1.9,15,19,1.3,2.4000000000000004,1.0,0.015,0.5,0.2144958201999907,99.0,0.5582153045993955,0.16552236550097107,1.0,1.0,0.0,100.0,21.45,0.0,21.45,5.01,0.0,0.0,-0.36907623355000396,0.0,-0.8256320618650083,0.7340057534916165,1.0,0.0,1.0,0.0,0.0,36.91,-36.91,4.98,0.0,0.0,2.969677156893323,,,,,,,
1a_broad,20,-1.0131612775600005,False,128,15,76.0,26.0,20,11,3.1,10,14,1.7000000000000002,4.0,1.0,0.015,0.5,-7.896766536000251,0.8925222324148201,-0.3442038035885105,21.454698309041305,145.0,32.0,113.0,22.06896551724138,6557.7,7347.379999999999,-789.6799999999994,646.25,0.0,2.0,21.982348900999877,1.7393126317948995,2.288762072961041,5.990679392908999,62.0,19.0,43.0,30.64516129032258,5171.620000000001,2973.3700000000003,2198.2500000000005,340.24,0.0,0.0,0.0789676653600025,,,,,,,
1a_broad,21,-1.0195217202834823,False,105,17,78.0,22.0,21,4,3.7,15,11,1.1,1.9,1.0,0.015,0.5,-10.391295008400101,0.9292303899401223,-0.3644933744498293,15.768432191620082,305.0,112.0,193.0,36.721311475409834,13644.15,14683.28,-1039.130000000001,1383.35,0.0,3.0,2.294125192049978,1.0361217598022623,0.3109218659989498,11.824255545241614,131.0,49.0,82.0,37.404580152671755,6581.29,6351.85,229.4399999999996,640.53,0.0,0.0,0.11713032170089412,,,,,,,
1a_broad,22,-1.0448301664800004,False,103,18,70.0,20.0,16,5,2.6,13,10,1.2000000000000002,1.7000000000000002,1.0,0.015,0.5,-26.89809988800019,0.7848732909170163,-1.3394964531057334,29.357240735631756,307.0,109.0,198.0,35.504885993485345,9813.310000000001,12503.050000000001,-2689.74,1266.7,0.0,3.0,5.62860031634993,1.1033122623085625,0.6789229120092952,11.022862355838939,135.0,56.0,79.0,41.48148148148148,6011.110000000001,5448.239999999998,562.8700000000026,673.99,0.0,0.0,0.2689809988800019,,,,,,,
1a_broad,23,-1.0347240406312421,False,75,20,74.0,24.0,20,6,3.2,11,15,1.5,2.1,1.0,0.015,0.5,-12.985264543450157,0.9031734159951142,-0.5435128677985572,21.99133919515229,280.0,92.0,188.0,32.857142857142854,12111.980000000001,13410.470000000001,-1298.4899999999998,1331.32,0.0,2.0,-1.128968995199957,0.9794379961790006,-0.05053175001719021,12.617067857519471,129.0,46.0,83.0,35.65891472868217,5377.81,5490.71,-112.89999999999964,615.9,0.0,0.0,0.20834424378745298,,,,,,,
1a_broad,24,-1.0250977866951667,False,115,17,61.0,29.0,17,8,3.7,16,10,1.3,1.3,1.0,0.015,0.5,-15.05867201709998,0.8286598548119154,-0.9268661985159453,15.618492508978166,239.0,102.0,137.0,42.67782426778243,7282.76,8788.6,-1505.8400000000001,1065.13,0.0,4.0,3.126104742650059,1.0976709452450286,0.5668900900215605,7.411841597921298,109.0,55.0,54.0,50.45871559633027,3513.0299999999997,3200.4400000000005,312.58999999999924,540.62,0.0,0.0,0.1505867201709998,,,,,,,
1a_broad,25,-1.0117699412885839,False,98,16,80.0,25.0,20,5,2.1,14,20,1.0,1.9,1.0,0.015,0.5,-7.061964773150266,0.9479790457754933,-0.2461581871877034,20.23049884999633,286.0,101.0,185.0,35.31468531468531,12870.009999999998,13576.26,-706.2500000000018,1379.6299999999999,0.0,3.0,5.720098605150033,1.120106335620753,0.7181673693104242,7.79102286771141,117.0,45.0,72.0,38.46153846153846,5334.259999999999,4762.28,571.9799999999996,583.53,0.0,0.0,0.07061964773150266,,,,,,,
1a_broad,26,-1.0503394860196362,False,126,18,67.0,22.0,21,9,2.9000000000000004,8,27,1.2000000000000002,1.4,1.0,0.015,0.5,-15.874040178649992,0.8149055981118457,-1.1601224794176632,17.09343056542107,261.0,112.0,149.0,42.911877394636015,6988.280000000001,8575.57,-1587.289999999999,1209.49,0.0,4.0,-2.2864610462499697,0.9235465009377413,-0.4034080068654662,8.073823023127881,98.0,39.0,59.0,39.795918367346935,2762.54,2991.23,-228.69000000000005,475.2,0.0,0.0,0.30203691611781747,,,,,,,
1a_broad,27,-1.0304886118804526,False,109,20,69.0,22.0,19,5,1.5,13,15,1.4,2.5,1.0,0.015,0.5,-10.315926537300074,0.8065984499379449,-0.79494632267294,14.018496132762692,118.0,32.0,86.0,27.11864406779661,4302.38,5333.9800000000005,-1031.6000000000004,564.95,0.0,2.0,-0.6588766472499993,0.9731571785909247,-0.05270306746975041,6.096531872657796,59.0,19.0,40.0,32.20338983050848,2388.7699999999995,2454.6600000000003,-65.89000000000078,293.84,0.0,0.0,0.18293167128271537,,,,,,,
1a_broad,28,-1.0153907984908683,False,94,16,77.0,20.0,10,7,2.5,11,22,1.5,1.7000000000000002,1.0,0.015,0.5,-4.221096816050158,0.9491968248466819,-0.19233119617784442,16.04504513514774,192.0,75.0,117.0,39.0625,7887.370000000001,8309.52,-422.14999999999964,935.44,0.0,3.0,-0.07394225864998588,0.9981358797918817,0.04749594336589239,5.875668736767704,103.0,44.0,59.0,42.71844660194175,3973.0099999999998,3980.4300000000003,-7.4200000000005275,508.91,0.0,0.0,0.09234479094520942,,,,,,,
1a_broad,29,-1.01181410892725,False,78,20,73.0,27.0,13,14,3.6,19,50,1.0,2.1,1.0,0.015,0.5,-7.088465356350115,0.9408947338578684,-0.25376451942532835,18.042877279113117,241.0,81.0,160.0,33.60995850622407,11283.999999999998,11992.84,-708.840000000002,1140.06,0.0,4.0,3.4368417022999713,1.0601390623961147,0.4253372918514384,11.522842968278981,115.0,43.0,72.0,37.391304347826086,6059.140000000001,5715.42,343.72000000000116,558.07,0.0,0.0,0.07088465356350115,,,,,,,
1a_broad,30,-1.1734693877551021,False,62,14,75.0,32.0,7,20,2.7,16,18,1.7000000000000002,1.0,1.0,0.015,0.5,7.699352421350013,1.6113594676787968,1.386074696658021,2.188566548252053,45.0,28.0,17.0,62.22222222222222,2029.33,1259.39,769.9399999999998,232.93,0.0,0.0,2.704102530150012,1.6232194717189878,0.9873416189259238,3.273617385189367,21.0,13.0,8.0,61.904761904761905,704.25,433.85999999999996,270.39000000000004,106.46,0.0,0.0,1.0408163265306123,,,,,,,
1a_broad,31,-1.014970951321667,False,132,11,78.0,24.0,19,8,2.9000000000000004,7,13,1.8,2.3,1.0,0.015,0.5,-8.982570793000196,0.8803838773637792,-0.5315005020938888,18.729610749640596,164.0,55.0,109.0,33.53658536585366,6611.41,7509.6900000000005,-898.2800000000007,779.05,0.0,1.0,12.64588232424996,1.5058177440192628,2.115335715246234,3.484430541667317,70.0,28.0,42.0,40.0,3764.71,2500.1100000000006,1264.5999999999995,366.5,0.0,0.0,0.08982570793000196,,,,,,,
1a_broad,32,-1.0161899438309208,False,150,13,72.0,25.0,19,8,2.4000000000000004,4,14,1.9000000000000001,2.1,1.0,0.015,0.5,-7.333013917600074,0.8372043975170722,-0.6632785506102103,14.421780461236311,114.0,40.0,74.0,35.08771929824562,3771.0699999999997,4504.360000000001,-733.2900000000009,545.2,0.0,0.0,8.486489219899978,1.7441167186897202,2.1190831790598317,4.655984090957547,41.0,16.0,25.0,39.02439024390244,1989.2,1140.5200000000002,848.6799999999998,217.99,0.0,0.0,0.09713966298552458,,,,,,,
1a_broad,33,-1.0159377548105002,False,121,12,65.0,23.0,21,6,2.7,5,10,1.3,2.7,1.0,0.015,0.5,-9.56265288630013,0.8737802568241603,-0.6604040715110137,14.504856842268005,218.0,63.0,155.0,28.89908256880734,6620.099999999999,7576.389999999999,-956.29,1016.04,0.0,4.0,11.42542230994999,1.4028077944147315,1.7107973540154038,4.947108169456948,94.0,33.0,61.0,35.1063829787234,3978.91,2836.39,1142.52,497.43,0.0,0.0,0.0956265288630013,,,,,,,
1a_broad,34,-1.0372241021962505,False,142,10,72.0,27.0,20,10,3.1,7,13,0.6,2.2,1.0,0.015,0.5,-22.334461317750247,0.8135119112231863,-1.311378200897281,28.173010688002424,367.0,113.0,254.0,30.79019073569482,9742.7,11976.099999999999,-2233.399999999998,1612.83,0.0,1.0,4.816421394699937,1.1182736816256371,0.7465026861941355,7.481918374726448,137.0,49.0,88.0,35.76642335766423,4553.89,4072.2499999999995,481.6400000000008,685.01,0.0,0.0,0.22334461317750245,,,,,,,
1a_broad,35,-1.038777182496118,False,132,21,61.0,22.0,9,5,2.8,13,12,1.6,3.1,1.0,0.015,0.5,-19.401907955750048,0.7694028325164136,-1.0309971527827206,27.041244430552368,175.0,42.0,133.0,24.0,6473.539999999999,8413.72,-1940.1800000000003,725.15,0.0,1.0,0.3516885999499755,1.0094237838098323,0.1160886836562857,10.590023983337069,67.0,17.0,50.0,25.37313432835821,3770.4300000000003,3735.23,35.20000000000027,333.95,0.0,0.0,0.2326630949767078,,,,,,,
1a_broad,36,-1.0352970600391154,False,122,15,65.0,25.0,17,7,3.9000000000000004,7,16,0.8,1.8,1.0,0.015,0.5,-13.847431375900124,0.8963871378065433,-0.600401656856658,23.708985300347756,388.0,138.0,250.0,35.56701030927835,11979.99,13364.75,-1384.7600000000002,1644.4,0.0,5.0,-0.9032599390999348,0.9825107805610738,-0.045032686450420675,11.219227565555963,147.0,57.0,90.0,38.775510204081634,5069.51,5159.75,-90.23999999999978,710.44,0.0,0.0,0.21178236023469227,,,,,,,
1a_broad,37,-1.3560179939486356,False,140,17,68.0,36.0,8,11,2.1,16,24,2.0,1.2,1.0,0.015,0.5,-1.5393821280999873,0.7527665793996242,-0.5336246724721786,4.467056789418641,15.0,6.0,9.0,40.0,468.68000000000006,622.61,-153.92999999999995,74.4,0.0,0.0,-0.3851618410999981,0.6665800640859098,-0.5160821132252517,1.1727570829957894,4.0,2.0,2.0,50.0,76.97,115.47,-38.5,19.96,0.0,0.0,2.136107963691814,,,,,,,
1a_broad,38,-1.0197137332822392,False,112,19,59.0,21.0,19,4,3.3000000000000003,6,31,1.5,3.5,1.0,0.015,0.5,-10.448507949400046,0.8847308345293425,-0.480590273515856,17.868421655138263,188.0,46.0,142.0,24.46808510638298,8019.969999999998,9064.869999999997,-1044.8999999999987,863.29,0.0,3.0,1.1514893820000178,1.0355128137905933,0.20820037981374656,12.544323814849994,74.0,20.0,54.0,27.027027027027028,3357.35,3242.21,115.13999999999987,358.41,0.0,0.0,0.11828239969343542,,,,,,,
1a_broad,39,-1.098639455782313,False,136,13,74.0,28.0,17,9,2.3,18,27,1.8,2.9000000000000004,1.0,0.015,0.5,9.939902743649927,1.265776991074723,0.7819515553794207,6.990060701529001,68.0,22.0,46.0,32.35294117647059,4733.929999999999,3739.94,993.9899999999993,352.34,0.0,1.0,6.798457183199989,1.5032869410719574,1.1918596796059322,5.378463755228856,30.0,11.0,19.0,36.666666666666664,2030.6399999999999,1350.8,679.8399999999999,154.45,0.0,0.0,0.5918367346938775,,,,,,,
1a_broad,40,-1.0269253742215305,False,47,18,79.0,23.0,16,7,4.0,10,43,1.1,2.5,1.0,0.015,0.5,-8.697303372650204,0.9467612160015672,-0.22941687641402697,20.036674401527492,316.0,101.0,215.0,31.962025316455698,15467.380000000001,16337.149999999998,-869.7699999999968,1468.57,0.0,1.0,-1.199546794100006,0.9842870691552351,-0.01632734097337353,19.513734879205447,157.0,53.0,104.0,33.75796178343949,7513.89,7633.84,-119.94999999999982,735.92,0.0,2.0,0.161552245329183,,,,,,,
1a_broad,41,-1.0154593466740836,False,97,14,80.0,25.0,20,5,2.0,14,20,1.0,1.9,1.0,0.015,0.5,-9.275608004450186,0.9286208459574875,-0.3724670922544073,18.105439668694732,277.0,97.0,180.0,35.018050541516246,12066.75,12994.269999999999,-927.5199999999986,1292.81,0.0,3.0,2.487751061600029,1.055602485027264,0.3645702163701803,6.973725764358413,108.0,42.0,66.0,38.888888888888886,4723.610000000001,4474.799999999999,248.8100000000013,532.12,0.0,0.0,0.09275608004450187,,,,,,,
1a_broad,42,-1.1196122038394363,False,97,16,77.0,26.0,21,6,1.6,14,21,0.9,1.9,1.0,0.015,0.5,-17.47325445079996,0.7562611070658374,-1.2387295274769885,19.962496819867575,181.0,58.0,123.0,32.04419889502763,5421.53,7168.860000000001,-1747.3300000000008,805.68,0.0,2.0,-11.328533946850003,0.5988618939868766,-2.2480819944382047,12.75562874252948,72.0,24.0,48.0,33.333333333333336,1691.1799999999998,2823.9900000000002,-1132.8100000000004,339.61,0.0,0.0,0.7176732230366172,,,,,,,
1a_broad,43,-1.0394154074329165,False,117,16,79.0,21.0,20,5,2.3,15,19,1.1,1.6,1.0,0.015,0.5,-23.649244459749916,0.7964575264652725,-1.2591103660685736,26.592379739526447,255.0,94.0,161.0,36.86274509803921,9254.04,11619.0,-2364.959999999999,1140.03,0.0,5.0,10.443594157449988,1.225120327281584,1.3129165804502312,8.524724753507718,113.0,54.0,59.0,47.78761061946903,5683.86,4639.43,1044.4299999999994,576.25,0.0,0.0,0.23649244459749916,,,,,,,
1a_broad,44,-1.0977465702958642,False,109,17,80.0,28.0,18,4,1.3,11,34,0.8,2.0,1.0,0.015,0.5,-16.363771929450177,0.7775586189459259,-1.0732420318842681,18.795741800439416,173.0,60.0,113.0,34.68208092485549,5720.039999999999,7356.41,-1636.3700000000008,809.79,0.0,4.0,-8.612361323800087,0.6964460062951827,-1.5583484056731944,12.861938006790893,76.0,23.0,53.0,30.263157894736842,1975.8799999999997,2837.0899999999997,-861.21,352.84,0.0,0.0,0.5864794217751859,,,,,,,
1a_broad,45,-1.1293779217137416,False,101,19,76.0,44.0,19,8,1.8,17,12,1.2000000000000002,1.4,1.0,0.015,0.5,-25.866024664000104,0.5690505743870844,-2.36076084548434,25.991342905456055,136.0,41.0,95.0,30.147058823529413,3415.47,6002.05,-2586.5800000000004,595.64,0.0,0.0,-8.102934618249984,0.5915931656670531,-2.260877727099361,8.496777071154378,56.0,21.0,35.0,37.5,1173.78,1984.1,-810.3199999999999,269.24,0.0,0.0,0.7762675302824502,,,,,,,
1a_broad,46,-1.050185821298543,False,91,15,57.0,24.0,21,9,2.5,9,24,0.9,2.3,1.0,0.015,0.5,-12.322198855850166,0.7939334952138228,-1.1499503839680314,14.554553771848008,204.0,63.0,141.0,30.88235294117647,4747.5,5979.719999999999,-1232.2199999999993,950.14,0.0,3.0,-1.9903701768000066,0.8841113006620049,-0.49513145074272463,6.079822995147667,66.0,20.0,46.0,30.303030303030305,1518.4699999999998,1717.5099999999998,-199.03999999999996,329.45,0.0,0.0,0.301114927791259,,,,,,,
1a_broad,47,-1.068562912293661,False,81,20,71.0,30.0,20,7,2.1,13,16,1.3,1.7000000000000002,1.0,0.015,0.5,-17.06373273705016,0.8145734873981083,-1.0924162960768353,20.423318574225977,228.0,81.0,147.0,35.526315789473685,7495.860000000001,9202.190000000002,-1706.3300000000017,1059.88,0.0,2.0,-5.459808056949969,0.8545508308869363,-0.9178769560805526,7.336688049294221,102.0,39.0,63.0,38.23529411764706,3207.8299999999995,3753.82,-545.9900000000007,487.25,0.0,0.0,0.41137747376196676,,,,,,,
1a_broad,48,-1.0206817158551449,False,146,18,64.0,26.0,15,5,3.0,12,18,0.6,2.0,1.0,0.015,0.5,-9.868606310450195,0.935184431128286,-0.35194987145169937,20.64279058581882,314.0,109.0,205.0,34.71337579617835,14239.38,15226.28,-986.9000000000015,1544.53,0.0,1.0,1.31426292069993,1.0233255563723138,0.22070401478119173,11.448672354775947,134.0,48.0,86.0,35.82089552238806,5763.389999999999,5632.02,131.36999999999898,656.24,0.0,0.0,0.12409029513086979,,,,,,,
1a_broad,49,0.09147989860457109,True,127,13,75.0,23.0,18,6,2.7,15,29,1.7000000000000002,1.5,1.0,0.015,0.5,2.8413626087998636,1.0393686278475962,0.23557243001874895,9.590507737611103,164.0,73.0,91.0,44.51219512195122,7502.09,7217.93,284.15999999999985,820.29,0.0,2.0,2.6057122337999497,1.0747022973414593,0.476211907924411,4.1000972971635194,84.0,37.0,47.0,44.04761904761905,3748.97,3488.38,260.5899999999997,430.37,0.0,0.0,,0.007817136701399848,0.01867557433536482,-0.0,0.06666666666666667,0.002841362608799864,0.00196843139237981,-0.00648927310003991
1a_broad,50,-1.0187370147447123,False,130,11,73.0,20.0,18,6,2.7,15,29,1.7000000000000002,1.0,1.0,0.015,0.5,1.3478184708998742,1.0230762251541123,0.15274367037812475,11.955937003253293,165.0,90.0,75.0,54.54545454545455,5976.31,5841.510000000001,134.79999999999927,840.19,0.0,1.0,-1.296734656950066,0.9455725210062873,-0.2414728057725377,6.865719274478586,72.0,34.0,38.0,47.22222222222222,2252.94,2382.62,-129.67999999999984,358.45,0.0,0.0,0.1124220884682747,,,,,,,
1a_broad,51,-1.001046323646981,False,137,13,78.0,23.0,20,4,2.9000000000000004,17,34,1.9000000000000001,1.5,1.0,0.015,0.5,16.870646469949826,1.232825101710728,1.037410562318784,11.160068910482153,159.0,79.0,80.0,49.685534591194966,8933.100000000002,7246.04,1687.0600000000022,813.37,0.0,1.0,1.8574891459500396,1.043408161024019,0.3163697983490233,7.235862630744217,88.0,38.0,50.0,43.18181818181818,4465.380000000001,4279.61,185.77000000000135,440.82,0.0,0.0,0.006277941881886805,,,,,,,
1a_broad,52,0.022145128317945822,True,135,13,75.0,23.0,21,6,2.9000000000000004,17,35,1.9000000000000001,1.5,1.0,0.015,0.5,9.581090294649858,1.1460118193150404,0.6738197610326575,11.434720299116924,143.0,68.0,75.0,47.55244755244755,7520.29,6562.14,958.1499999999996,734.14,0.0,1.0,2.755869785050054,1.0913520662691139,0.5191593228750654,4.84640192540858,72.0,32.0,40.0,44.44444444444444,3292.38,3016.79,275.59000000000015,368.05,0.0,0.0,,0.008267609355150161,0.022838016567278463,-0.0,0.05714285714285714,0.009581090294649859,0.007300590965752019,-0.08298503600774182
1a_broad,53,-1.0081269003405258,False,124,11,75.0,23.0,21,4,3.0,17,36,1.9000000000000001,1.2,1.0,0.015,0.5,-2.6096501713500038,0.9626368937765859,-0.13567899726928834,13.107892217301028,166.0,83.0,83.0,50.0,6723.47,6984.43,-260.96000000000004,793.71,0.0,2.0,0.8747521098999459,1.0262018546538627,0.18960514470503234,7.017766434795253,83.0,40.0,43.0,48.19277108433735,3425.0,3337.55,87.44999999999982,412.29,0.0,0.0,0.04876140204315464,,,,,,,
1a_broad,54,-1.030751444527982,False,137,8,75.0,23.0,21,4,3.1,18,36,1.9000000000000001,1.2,1.0,0.015,0.5,-2.011501865150076,0.9642091670209227,-0.1235431949426389,10.873626376256077,145.0,72.0,73.0,49.6551724137931,5420.89,5622.110000000001,-201.22000000000025,690.89,0.0,1.0,-2.5959195271000315,0.9046438240923402,-0.4358735420950192,7.136733812525729,68.0,31.0,37.0,45.588235294117645,2462.54,2722.1099999999997,-259.5699999999997,328.88,0.0,0.0,0.18450866716789138,,,,,,,
1a_broad,55,0.002349309570366366,True,124,12,75.0,23.0,21,6,2.9000000000000004,19,40,2.0,1.4,1.0,0.015,0.5,0.5549517106498753,1.0100229560942102,0.08923890432523461,11.543144373104044,123.0,57.0,66.0,46.34146341463415,5587.75,5532.300000000001,55.44999999999891,592.65,0.0,2.0,1.5163177668999925,1.0559392570947888,0.31635555712420127,4.8420229540501625,66.0,30.0,36.0,45.45454545454545,2862.06,2710.4400000000005,151.61999999999944,331.68,0.0,0.0,,0.004548953300699978,0.013984814273697188,-0.0,0.05238095238095239,0.0005549517106498754,0.0005011478047105112,-0.06962150990034358
1a_broad,56,-1.0000648741210836,False,145,12,77.0,27.0,20,6,2.9000000000000004,20,41,2.0,1.5,1.0,0.015,0.5,-0.03892447265016017,0.9993500401927283,0.047566756727370776,11.386719234788904,128.0,57.0,71.0,44.53125,6104.099999999999,6108.0700000000015,-3.9700000000020736,609.82,0.0,1.0,2.7361467692499537,1.1024445941898775,0.5288710361787541,5.064862579167972,60.0,28.0,32.0,46.666666666666664,2944.8500000000004,2671.2,273.65000000000055,301.83,0.0,0.0,0.0003892447265016017,,,,,,,
1a_broad,57,-1.0069618840630004,False,145,12,77.0,27.0,20,7,2.8,20,42,2.0,1.5,1.0,0.015,0.5,-4.177130437800152,0.9235149992492138,-0.2686383282780912,14.907508671629513,116.0,51.0,65.0,43.96551724137931,5043.260000000001,5460.94,-417.6799999999985,529.49,0.0,1.0,3.0864769122500366,1.1215250980453926,0.5957946196716132,4.424785812035831,57.0,27.0,30.0,47.36842105263158,2848.27,2539.6399999999994,308.63000000000056,287.19,0.0,0.0,0.041771304378001514,,,,,,,
1a_broad,58,-1.0042803671259166,False,138,10,78.0,21.0,11,6,2.6,19,45,1.9000000000000001,1.4,1.0,0.015,0.5,-2.568220275549993,0.9547575004844707,-0.1342008845389446,11.8135161220409,118.0,55.0,63.0,46.610169491525426,5419.490000000001,5676.299999999999,-256.8099999999986,564.53,0.0,1.0,1.6313698531999217,1.0597395844775948,0.34161096760324705,5.499085138446846,65.0,30.0,35.0,46.15384615384615,2894.17,2731.0199999999995,163.15000000000055,326.19,0.0,0.0,0.02568220275549993,,,,,,,
1a_broad,59,-1.017633641827752,False,145,13,76.0,29.0,18,6,3.3000000000000003,19,38,2.0,1.1,1.0,0.015,0.5,-5.883617624300041,0.9026778196999795,-0.40880800122096783,12.62541095094586,145.0,72.0,73.0,49.6551724137931,5457.22,6045.590000000001,-588.3700000000008,678.08,0.0,1.0,0.021231621600036308,1.000686041540312,0.05273916420954234,6.501929983741587,72.0,37.0,35.0,51.388888888888886,3019.3799999999997,3017.3100000000004,2.069999999999254,353.86,0.0,0.0,0.10580185096651279,,,,,,,
1a_broad,60,-1.0034299659184167,False,131,10,73.0,22.0,13,10,2.9000000000000004,18,39,1.8,1.6,1.0,0.015,0.5,-2.057979551050066,0.9557327231160653,-0.1221356286816971,7.364381807863128,107.0,46.0,61.0,42.99065420560748,4443.88,4649.71,-205.82999999999993,519.87,0.0,1.0,9.685685008750006,1.7083897108837318,2.1416898552364674,3.742255072838464,42.0,21.0,21.0,50.0,2335.83,1367.27,968.56,222.08,0.0,0.0,0.02057979551050066,,,,,,,
1a_broad,61,-1.0221270960470836,False,148,14,76.0,25.0,20,5,2.6,20,32,1.9000000000000001,1.3,1.0,0.015,0.5,-13.276257628250187,0.7969460231617713,-0.9326588344170846,21.33656213185339,140.0,62.0,78.0,44.285714285714285,5210.719999999999,6538.360000000001,-1327.6400000000012,607.87,0.0,1.0,8.11384577775003,1.2837589262608669,1.3371650122741547,5.566143419731535,71.0,38.0,33.0,53.521126760563384,3670.96,2859.5400000000004,811.4199999999996,369.17,0.0,0.0,0.13276257628250188,,,,,,,
1a_broad,62,-1.0172529002468749,False,135,12,79.0,24.0,19,4,3.2,19,41,2.0,1.5,1.0,0.015,0.5,0.9185515271998701,1.0126839532183445,0.11429542738989504,14.847271958676004,151.0,70.0,81.0,46.35761589403973,7334.880000000001,7243.009999999999,91.87000000000171,702.31,0.0,1.0,-1.7986049117999936,0.9601920800185884,-0.18364712724710913,11.155551106632265,87.0,36.0,51.0,41.37931034482759,4339.0599999999995,4518.95,-179.89000000000033,427.9,0.0,0.0,0.10351740148124916,,,,,,,
1a_broad,63,-1.0498786633748245,False,141,13,75.0,23.0,21,7,2.9000000000000004,16,45,1.7000000000000002,1.3,1.0,0.015,0.5,-12.77292038060001,0.7989280064225166,-0.9098443857176141,18.127949794310176,149.0,68.0,81.0,45.63758389261745,5075.31,6352.650000000001,-1277.3400000000001,653.48,0.0,1.0,-2.8370682769499944,0.8996693016428813,-0.46729524715077114,5.752850940640579,68.0,30.0,38.0,44.11764705882353,2543.6800000000003,2827.35,-283.6699999999996,334.84,0.0,0.0,0.29927198024894647,,,,,,,
1a_broad,64,-1.0006107590405835,False,126,14,77.0,27.0,20,6,3.1,18,34,1.8,1.6,1.0,0.015,0.5,-0.36645542435007883,0.9953458442590284,0.03748501679123787,11.385894037925262,167.0,74.0,93.0,44.31137724550898,7842.3099999999995,7878.98,-36.67000000000007,810.22,0.0,2.0,5.018226559050017,1.127664175269534,0.7944766529516109,5.442526003514261,85.0,36.0,49.0,42.35294117647059,4432.6900000000005,3930.86,501.8300000000004,443.84,0.0,0.0,0.003664554243500788,,,,,,,
1a_broad,65,0.024574601296746726,True,127,12,74.0,26.0,19,8,3.4000000000000004,17,34,1.8,1.6,1.0,0.015,0.5,5.65443188644982,1.0806579994693553,0.41025234719096354,8.8254875236759,160.0,73.0,87.0,45.625,7575.78,7010.34,565.4399999999996,801.4,0.0,2.0,2.1606956115500178,1.0701034339554079,0.41817112436863135,7.786021563649278,73.0,31.0,42.0,42.465753424657535,3298.23,3082.16,216.07000000000016,375.1,0.0,0.0,,0.006482086834650054,0.017525858488851964,-0.0,0.057936507936507946,0.00565443188644982,0.004032899973467763,-0.06705718382318082
1a_broad,66,-1.0025399085867501,False,126,12,74.0,29.0,19,8,3.5,19,36,1.8,1.7000000000000002,1.0,0.015,0.5,-1.5239451520500733,0.9803899618221895,-0.03592472494980904,8.55634170999197,165.0,69.0,96.0,41.81818181818182,7619.13,7771.53,-152.39999999999964,813.78,0.0,2.0,6.324925593600038,1.201840717905513,1.0176645574099366,6.257368977107672,72.0,31.0,41.0,43.05555555555556,3766.04,3133.5600000000004,632.4799999999996,375.87,0.0,0.0,0.015239451520500734,,,,,,,
1a_broad,67,-1.0022528019714168,False,118,11,77.0,26.0,18,10,3.2,17,38,1.8,1.4,1.0,0.015,0.5,-1.3516811828500794,0.9773030012379876,-0.05732745928012613,9.565501494259408,139.0,66.0,73.0,47.48201438848921,5818.09,5953.21,-135.1199999999999,684.22,0.0,3.0,5.5293396777500305,1.2249956255824077,1.0188596623306445,4.93705679718847,65.0,32.0,33.0,49.23076923076923,3010.3899999999994,2457.47,552.9199999999996,324.36,0.0,0.0,0.013516811828500794,,,,,,,
1a_broad,68,-1.0002523314323335,False,127,14,71.0,31.0,17,17,3.4000000000000004,18,33,1.7000000000000002,1.8,1.0,0.015,0.5,-0.15139885940003295,0.997033424848394,0.03512434216132362,7.9046541476371,112.0,42.0,70.0,37.5,5095.110000000001,5110.269999999999,-15.159999999998035,553.35,0.0,1.0,12.082275813850064,1.7375444079549758,2.374790107621936,3.7940518210883276,49.0,22.0,27.0,44.89795918367347,2846.4800000000005,1638.22,1208.2600000000004,263.67,0.0,0.0,0.0015139885940003296,,,,,,,
1a_broad,69,-1.0024319905310002,False,133,12,70.0,34.0,17,17,3.7,20,30,1.6,1.8,1.0,0.015,0.5,-1.459194318600057,0.9765483746024298,-0.05741919858323502,10.858631007943522,142.0,57.0,85.0,40.140845070422536,6076.25,6222.169999999999,-145.91999999999916,708.21,0.0,1.0,11.506192306700013,1.604840405399723,2.198815476808195,3.3148644706811914,56.0,26.0,30.0,46.42857142857143,3052.9200000000005,1902.3199999999997,1150.6000000000008,302.18,0.0,0.0,0.01459194318600057,,,,,,,
1a_broad,70,-1.0006514766389167,False,142,9,74.0,32.0,10,16,3.6,18,33,1.7000000000000002,1.7000000000000002,1.0,0.015,0.5,-0.39088598335005376,0.993217965978933,0.015963137861319657,9.36210260081566,133.0,57.0,76.0,42.857142857142854,5731.99,5771.13,-39.14000000000033,664.63,0.0,1.0,8.886824857350039,1.4615951965428402,1.6301502384765485,4.995681841041843,49.0,22.0,27.0,44.89795918367347,2813.9799999999996,1925.2800000000002,888.6999999999994,258.93,0.0,0.0,0.0039088598335005375,,,,,,,
1a_broad,71,-1.0793650793650793,False,126,14,75.0,31.0,19,19,3.1,18,35,1.7000000000000002,1.6,1.0,0.015,0.5,7.106579969199939,1.2575846545312193,0.8328628227623214,4.872689821166317,70.0,31.0,39.0,44.285714285714285,3469.4999999999995,2758.86,710.6399999999994,359.22,0.0,1.0,2.441602408650033,1.1906103872785894,0.6631754620979762,4.4442754958119846,34.0,13.0,21.0,38.23529411764706,1525.1599999999999,1280.9899999999998,244.17000000000007,172.7,0.0,0.0,0.47619047619047616,,,,,,,
1a_broad,72,-1.0078389779425003,False,113,13,71.0,37.0,20,13,3.4000000000000004,19,29,1.9000000000000001,1.3,1.0,0.015,0.5,-4.703386765500145,0.9141500790293088,-0.3303403085769141,11.719565507534288,134.0,63.0,71.0,47.014925373134325,5008.610000000002,5478.9800000000005,-470.3699999999981,633.59,0.0,0.0,3.424823657749948,1.1817969512971849,0.7811977098342903,6.1929225113804796,55.0,25.0,30.0,45.45454545454545,2226.6,1884.08,342.52,285.93,0.0,0.0,0.04703386765500145,,,,,,,
1a_broad,73,-1.0045276798624168,False,121,14,73.0,28.0,15,6,3.4000000000000004,17,38,2.0,1.6,1.0,0.015,0.5,-2.7166079174500193,0.9593334450943884,-0.11897189280840295,15.176571975754676,141.0,61.0,80.0,43.262411347517734,6409.230000000001,6680.92,-271.6899999999987,658.64,0.0,2.0,10.057643792650014,1.2771985237981054,1.4165179786752333,6.847503015498221,79.0,37.0,42.0,46.835443037974684,4633.97,3628.2300000000005,1005.7399999999998,419.48,0.0,0.0,0.02716607917450019,,,,,,,
1a_broad,74,-1.0136487995454304,False,129,11,77.0,27.0,18,9,2.7,20,32,1.5,1.1,1.0,0.015,0.5,-7.301913598200099,0.8850963391894762,-0.5332048358736562,13.98667158283256,161.0,83.0,78.0,51.5527950310559,5624.92,6355.150000000001,-730.2300000000005,776.04,0.0,2.0,0.952792111100025,1.0406826556448892,0.23399634312540632,5.694062371041262,70.0,35.0,35.0,50.0,2437.31,2342.03,95.27999999999975,341.76,0.0,0.0,0.08189279727258279,,,,,,,
1a_broad,75,-1.1770005363499354,False,124,15,55.0,25.0,19,6,3.0,16,40,1.8,1.8,1.0,0.015,0.5,-2.1186891569,0.871383651616506,-0.4135704084927746,7.233831546992593,52.0,20.0,32.0,38.46153846153846,1435.4999999999998,1647.38,-211.88000000000034,253.33,0.0,3.0,4.8471840645499835,2.504095817301725,1.911250662717062,1.8670694626716229,18.0,10.0,8.0,55.55555555555556,807.0199999999999,322.28,484.7399999999999,91.33,0.0,0.0,1.0620032180996124,,,,,,,
1a_broad,76,0.14382914202705596,True,119,13,74.0,31.0,16,8,2.4000000000000004,18,37,1.7000000000000002,1.5,1.0,0.015,0.5,6.328501891199939,1.124075083423848,0.536161587815839,8.206114785006077,112.0,54.0,58.0,48.214285714285715,5733.299999999999,5100.46,632.8399999999992,590.55,0.0,3.0,5.935917358049992,1.3080831936218915,1.2489871236543684,3.370254610167531,52.0,24.0,28.0,46.15384615384615,2520.1400000000003,1926.5900000000001,593.5500000000002,263.63,0.0,0.0,,0.017807752074149974,0.07702079840547288,-0.0,0.04126984126984127,0.00632850189119994,0.006203754171192399,-0.004801505784800488
1a_broad,77,0.13233355695050147,True,118,12,74.0,31.0,16,8,2.5,17,37,1.7000000000000002,1.5,1.0,0.015,0.5,9.544510325350002,1.179672484191781,0.762953962343926,8.226232833585643,122.0,60.0,62.0,49.18032786885246,6266.550000000001,5312.11,954.4400000000014,656.03,0.0,2.0,6.422294803849981,1.3177028711637016,1.29911208684344,4.091995669707899,56.0,26.0,30.0,46.42857142857143,2663.7099999999996,2021.48,642.2299999999996,286.8,0.0,0.0,,0.019266884411549945,0.07942571779092539,-0.0,0.044444444444444446,0.009544510325350003,0.008983624209589048,-0.02933162423135735
1a_broad,78,-1.014915852495,False,115,12,74.0,34.0,15,8,2.5,17,43,1.6,1.4,1.0,0.015,0.5,-8.949511496999985,0.8589841361880212,-0.6320947983959335,11.405031884247359,142.0,62.0,80.0,43.66197183098591,5451.5599999999995,6346.5199999999995,-894.96,675.62,0.0,2.0,7.632761886049975,1.4119088220692033,1.5483483570171512,3.8686411515120778,56.0,27.0,29.0,48.214285714285715,2616.3799999999997,1853.0800000000002,763.2999999999995,291.59,0.0,0.0,0.08949511496999986,,,,,,,
1a_broad,79,-1.1186111521014053,False,119,11,72.0,40.0,16,11,2.4000000000000004,16,37,1.5,1.1,1.0,0.015,0.5,-0.931747073900042,0.9665297062774312,-0.08266750801818518,7.602145990384222,84.0,43.0,41.0,51.19047619047619,2691.07,2784.2599999999998,-93.1899999999996,409.09000000000003,0.0,0.0,-2.77468583959997,0.7416672873528973,-0.9578421474969122,5.007219108729869,32.0,14.0,18.0,43.75,796.6099999999999,1074.08,-277.47,157.71,0.0,0.0,0.7116669126084314,,,,,,,
1a_broad,80,-1.0696757640953134,False,21,13,62.0,34.0,14,8,2.4000000000000004,19,39,2.0,1.5,1.0,0.015,0.5,-0.7244698671500192,0.9820559942143274,-0.030449558650373833,9.568145920366227,103.0,41.0,62.0,39.80582524271845,3965.1099999999997,4037.56,-72.45000000000027,507.05,0.0,1.0,-6.926993470050056,0.6913830512401261,-1.3746974397280898,10.839180054104359,53.0,19.0,34.0,35.84905660377358,1551.8300000000002,2244.5299999999997,-692.6999999999996,245.14,0.0,1.0,0.41805458457188066,,,,,,,
1a_broad,81,-1.1207891002550925,False,135,12,73.0,32.0,17,9,2.2,18,40,1.7000000000000002,1.4,1.0,0.015,0.5,-9.88842613945002,0.6932491166242171,-1.1443900156733817,11.831271620667634,67.0,25.0,42.0,37.3134328358209,2234.64,3223.43,-988.79,314.83,0.0,0.0,3.3284732290499783,1.318232667539943,0.9543369835106974,3.647362687048904,29.0,14.0,15.0,48.275862068965516,1378.7,1045.87,332.83000000000015,147.22,0.0,0.0,0.7247346015305547,,,,,,,
1a_broad,82,-1.0111619754730834,False,110,13,76.0,29.0,16,7,2.6,18,35,1.6,1.3,1.0,0.015,0.5,-6.6971852838500485,0.9098865526093437,-0.39440842251775704,11.115559382134524,170.0,78.0,92.0,45.88235294117647,6762.75,7432.52,-669.7700000000004,818.94,0.0,3.0,5.038486748300001,1.1541851163900865,0.8583945685146119,6.387962025537851,91.0,45.0,46.0,49.45054945054945,3771.75,3267.8900000000003,503.8599999999997,453.35,0.0,0.0,0.06697185283850049,,,,,,,
1a_broad,83,0.10621717790403132,True,122,12,74.0,33.0,17,8,2.7,15,37,1.7000000000000002,1.8,1.0,0.015,0.5,1.0950073802999396,1.0174312028883719,0.12601058991541386,7.498624316240378,139.0,56.0,83.0,40.28776978417266,6388.42,6278.97,109.44999999999982,689.92,0.0,2.0,13.404815910150027,1.5655222457537743,2.2503111651991685,5.024915253664957,63.0,29.0,34.0,46.03174603174603,3710.82,2370.3399999999992,1340.480000000001,340.5,0.0,0.0,,0.04021444773045008,0.14138056143844357,-0.0,0.05,0.0010950073802999396,0.0008715601444185928,-0.12734439878958087
1a_broad,84,0.1884734330670636,True,123,10,75.0,33.0,16,8,2.7,15,37,1.8,1.6,1.0,0.015,0.5,7.221314709699909,1.1308256292358947,0.5636482955728568,6.72358126366934,128.0,56.0,72.0,43.75,6241.92,5519.790000000001,722.1299999999992,651.06,0.0,2.0,9.36570854270003,1.4894205193325702,1.8383231024272881,4.294973427725209,55.0,27.0,28.0,49.09090909090909,2850.1699999999996,1913.61,936.5599999999997,287.48,0.0,0.0,,0.02809712562810009,0.12235512983314256,-0.0,0.043650793650793655,0.0072213147096999095,0.006541281461794735,-0.019392212216467357
1a_broad,85,0.1957488809928177,True,117,7,74.0,33.0,16,8,2.7,15,35,1.6,1.7000000000000002,1.0,0.015,0.5,2.6326272006498765,1.0623128897513874,0.2805664280468462,6.511516435955168,119.0,51.0,68.0,42.857142857142854,4488.75,4225.45,263.3000000000002,584.45,0.0,2.0,11.810933421299996,1.8471663331253192,2.3656927649777995,3.5980149559805317,48.0,25.0,23.0,52.083333333333336,2575.1900000000005,1394.1299999999997,1181.0600000000009,251.02,0.0,0.0,,0.035432800263899986,0.2117915832813298,-0.0,0.0380952380952381,0.0026326272006498767,0.0031156444875693693,-0.09531901233586942
1a_broad,86,-1.0187503692584998,False,107,8,74.0,33.0,16,9,2.6,15,37,1.6,1.7000000000000002,1.0,0.015,0.5,-11.250221555099907,0.7734677810687225,-1.0132829464457798,12.378825072825618,122.0,45.0,77.0,36.885245901639344,3841.419999999999,4966.49,-1125.0700000000006,564.63,0.0,1.0,5.141391188250054,1.2716485095681394,1.068009369559186,3.9632892925369707,57.0,25.0,32.0,43.85964912280702,2406.9,1892.74,514.1600000000001,287.8,0.0,0.0,0.11250221555099907,,,,,,,
1a_broad,87,-1.0084264711959168,False,115,7,72.0,35.0,14,8,2.7,15,35,1.4,1.6,1.0,0.015,0.5,-5.055882717550048,0.896773574427076,-0.42287075288438075,9.143950820556311,133.0,52.0,81.0,39.097744360902254,4392.110000000001,4897.679999999999,-505.5699999999988,632.01,0.0,2.0,7.739256502299995,1.601048421543121,1.721074819474544,4.10111896444944,49.0,25.0,24.0,51.02040816326531,2061.59,1287.65,773.94,249.3,0.0,0.0,0.05055882717550048,,,,,,,
1a_broad,88,-1.1306684454355977,False,119,9,73.0,33.0,15,9,2.3,16,37,1.7000000000000002,2.0,1.0,0.015,0.5,-5.611951615100115,0.8057895283247397,-0.6396359578265319,7.930041059099668,64.0,21.0,43.0,32.8125,2328.49,2889.6999999999994,-561.2099999999996,306.64,0.0,2.0,6.356972707699969,1.647939005993395,1.548240171606278,3.0235976987644553,26.0,11.0,15.0,42.30769230769231,1616.76,981.08,635.68,133.61,0.0,0.0,0.7840106726135863,,,,,,,
1a_broad,89,-1.1222934824946622,False,112,7,74.0,31.0,16,10,2.5,14,31,1.8,1.8,1.0,0.015,0.5,-4.668606503600003,0.7648759310834563,-0.7162947548078701,9.161102459984969,54.0,16.0,38.0,29.62962962962963,1518.73,1985.59,-466.8599999999999,257.26,0.0,0.0,2.2797402829999918,1.2134024768091656,0.6376504193691891,3.016037416042282,32.0,12.0,20.0,37.5,1296.29,1068.3100000000002,227.9799999999998,160.46,0.0,0.0,0.7337608949679729,,,,,,,
1a_broad,90,-1.0092502730305835,False,122,10,70.0,36.0,16,7,2.4000000000000004,15,26,1.5,1.7000000000000002,1.0,0.015,0.5,-5.5501638183500654,0.904649496703965,-0.40524203191124375,10.699391379252244,144.0,51.0,93.0,35.416666666666664,5265.63,5820.63,-555.0,703.16,0.0,2.0,8.49098726160002,1.4006870808971694,1.6287139848791603,5.054746690714093,60.0,28.0,32.0,46.666666666666664,2968.21,2119.1099999999997,849.1000000000004,308.0,0.0,0.0,0.05550163818350065,,,,,,,
1a_broad,91,-1.0007772073514167,False,123,11,75.0,35.0,17,8,2.8,16,39,1.8,1.5,1.0,0.015,0.5,-0.4663244108499748,0.9924528911990816,0.016735900807687963,7.83148152594601,141.0,62.0,79.0,43.97163120567376,6138.469999999999,6185.15,-46.68000000000029,690.06,0.0,2.0,11.167097502799988,1.5553693361249668,2.1920104172699397,3.2386236303011455,61.0,31.0,30.0,50.81967213114754,3127.49,2010.7700000000002,1116.7199999999996,324.94,0.0,0.0,0.004663244108499748,,,,,,,
1a_broad,92,-1.000621864379667,False,117,9,76.0,32.0,15,8,2.7,13,36,1.9000000000000001,1.6,1.0,0.015,0.5,-0.37311862780010413,0.9927550310665201,0.013131100014025355,7.2545162788607325,122.0,52.0,70.0,42.622950819672134,5109.7300000000005,5147.02,-37.289999999999964,609.01,0.0,1.0,9.65120514074997,1.5565884856488716,1.9490944804973795,2.960427446195429,52.0,26.0,26.0,50.0,2699.14,1734.01,965.1299999999999,272.24,0.0,0.0,0.0037311862780010415,,,,,,,
1a_broad,93,0.07679425627375912,True,130,12,75.0,33.0,17,7,2.8,17,33,1.7000000000000002,1.4,1.0,0.015,0.5,2.6235812167499173,1.0394187692113541,0.22755626985403946,9.156157503592615,158.0,76.0,82.0,48.10126582278481,6918.599999999999,6656.22,262.3799999999992,786.94,0.0,1.0,5.801064487999956,1.2073900607794061,1.0533781022886348,4.0692428209483404,75.0,36.0,39.0,48.0,3377.0699999999993,2797.0000000000005,580.0699999999988,384.54,0.0,0.0,,0.017403193463999867,0.051847515194851534,-0.0,0.05952380952380953,0.0026235812167499173,0.001970938460567706,-0.05657478158621943
1a_broad,94,-1.0141000195859193,False,130,13,74.0,33.0,17,7,2.8,17,33,1.6,1.3,1.0,0.015,0.5,-2.5796089276000567,0.9642177478417188,-0.12466147619565424,9.646073503235849,179.0,87.0,92.0,48.60335195530726,6951.469999999999,7209.439999999999,-257.96999999999935,872.61,0.0,1.0,-0.29016460820002976,0.9913024987346094,-8.23951334515262e-05,5.03300539538012,86.0,41.0,45.0,47.674418604651166,3309.8499999999995,3338.8899999999994,-29.039999999999964,428.7,0.0,0.0,0.08460011751551576,,,,,,,
1a_broad,95,0.25292574321283967,True,134,10,75.0,30.0,16,9,2.6,15,34,1.7000000000000002,1.5,1.0,0.015,0.5,6.1667576106998965,1.1407030016518664,0.5760520601083496,6.028618342121607,109.0,51.0,58.0,46.788990825688074,4999.61,4382.920000000001,616.6899999999987,557.67,0.0,1.0,10.56044097600001,1.8437385148847087,2.47137559339697,2.6276686080162754,46.0,23.0,23.0,50.0,2307.6599999999994,1251.6200000000001,1056.0399999999993,239.98,0.0,0.0,,0.03168132292800003,0.2109346287211772,-0.0,0.03650793650793651,0.006166757610699897,0.007035150082593322,-0.03940005263756726
1a_broad,96,-1.1071686797671207,False,102,9,72.0,31.0,16,9,2.2,15,32,1.7000000000000002,1.9,1.0,0.015,0.5,-6.13794255414994,0.7783071171870768,-0.6887446677647027,10.710713754430309,62.0,19.0,43.0,30.64516129032258,2154.86,2768.65,-613.79,293.42,0.0,1.0,5.205189224099958,1.4560028032061667,1.3379619114739167,3.825547818173532,33.0,14.0,19.0,42.42424242424242,1662.0999999999995,1141.55,520.5499999999995,169.26,0.0,0.0,0.6430120786027239,,,,,,,
1a_broad,97,-1.003968253968254,False,133,10,76.0,30.0,17,10,2.5,14,28,1.6,1.4,1.0,0.015,0.5,1.528585922249913,1.0364282361127328,0.18194961334242307,6.965068690325216,107.0,47.0,60.0,43.925233644859816,4349.34,4196.47,152.8699999999999,536.33,0.0,1.0,5.602377891149991,1.43445184605005,1.4673042829090928,3.488184302638078,41.0,19.0,22.0,46.34146341463415,1849.74,1289.51,560.23,208.94,0.0,0.0,0.023809523809523836,,,,,,,
1a_broad,98,-1.3456502837010842,False,139,8,59.0,33.0,18,9,2.6,16,37,1.7000000000000002,1.2,1.0,0.015,0.5,-2.177919113499975,0.7348325277294144,-0.7341693948047912,3.67341086200548,33.0,14.0,19.0,42.42424242424242,603.54,821.33,-217.79000000000008,161.52,0.0,0.0,-0.8495579988000099,0.47562029379089,-1.4720010008705084,1.192127860700002,7.0,2.0,5.0,28.571428571428573,77.06,162.02,-84.96000000000001,34.8,0.0,0.0,2.0739017022065056,,,,,,,
1a_broad,99,-1.0063786881533334,False,106,10,73.0,35.0,13,8,2.3,12,31,1.7000000000000002,1.6,1.0,0.015,0.5,-3.827212892000098,0.9102145971083591,-0.30075125973447614,8.671656240884762,104.0,42.0,62.0,40.38461538461539,3879.28,4261.9400000000005,-382.6600000000003,519.19,0.0,1.0,3.8580936481500063,1.2542436542871453,0.9572493204778695,4.013304976787264,50.0,22.0,28.0,44.0,1903.3900000000003,1517.56,385.8300000000004,250.14000000000001,0.0,0.0,0.03827212892000098,,,,,,,
1a_broad,100,-1.004810008085583,False,114,7,75.0,31.0,14,7,2.7,14,33,1.4,1.7000000000000002,1.0,0.015,0.5,-2.8860048513498984,0.9597898663887918,-0.15625288827586903,10.03337229071776,180.0,70.0,110.0,38.888888888888886,6889.650000000001,7178.29,-288.6399999999994,881.16,0.0,2.0,8.349498302649899,1.3276444618856076,1.422566248318896,4.35004911837881,73.0,36.0,37.0,49.31506849315068,3383.1699999999996,2548.25,834.9199999999996,381.38,0.0,0.0,0.028860048513498982,,,,,,,
1a_broad,101,-1.002136708477917,False,129,12,75.0,30.0,17,7,2.5,15,35,1.6,1.5,1.0,0.015,0.5,-1.2820250867500909,0.9790162872099668,-0.04176396883421284,9.244948076137113,143.0,64.0,79.0,44.75524475524475,5982.700000000001,6110.9299999999985,-128.22999999999774,706.66,0.0,2.0,13.62535158499999,1.65216995897971,2.4965005601913934,3.6789298480861023,65.0,34.0,31.0,52.30769230769231,3451.73,2089.21,1362.52,337.3,0.0,0.0,0.012820250867500908,,,,,,,
1a_broad,102,0.03639972751058854,True,134,11,76.0,34.0,16,9,2.7,17,34,1.8,1.4,1.0,0.015,0.5,8.539454120449973,1.178768446814346,0.7471771456692851,5.7130318802500994,120.0,61.0,59.0,50.833333333333336,5630.47,4776.57,853.9000000000005,616.95,0.0,1.0,3.0026476104500035,1.1623994029075806,0.7217991758928194,3.937690378534716,52.0,23.0,29.0,44.23076923076923,2149.2299999999996,1848.9599999999996,300.27,263.82,0.0,0.0,,0.00900794283135001,0.04059985072689515,-0.0,0.04126984126984127,0.008539454120449973,0.008938422340717301,-0.07195578377866516
1a_broad,103,-1.0217932343545755,False,120,11,74.0,34.0,15,9,2.7,17,34,1.8,1.2,1.0,0.015,0.5,3.6294100244500074,1.0813949577193804,0.3682234464886441,6.743525944967442,120.0,66.0,54.0,55.0,4822.469999999999,4459.49,362.97999999999956,616.1899999999999,0.0,2.0,-1.3955882602499514,0.9273563002987996,-0.2846519467523097,5.418959436267958,53.0,23.0,30.0,43.39622641509434,1781.4700000000003,1921.0200000000004,-139.55000000000018,261.84000000000003,0.0,0.0,0.13075940612745235,,,,,,,
1a_broad,104,0.019596578127790577,True,133,11,76.0,32.0,16,10,2.8,16,36,1.8,1.3,1.0,0.015,0.5,0.015870867199919304,1.0003514877852602,0.04187731185827981,7.909148758667521,117.0,55.0,62.0,47.00854700854701,4639.0599999999995,4637.43,1.6299999999991996,569.91,0.0,1.0,6.85288756734999,1.4376896201529095,1.6193867432925506,3.648758415854391,49.0,26.0,23.0,53.06122448979592,2250.89,1565.63,685.2599999999998,255.11,0.0,0.0,,0.02055866270204997,0.10942240503822737,-0.0,0.03888888888888889,1.5870867199919302e-05,1.7574389263008696e-05,-0.14930682375783857
1a_broad,105,-1.061940792966045,False,128,11,78.0,36.0,16,11,2.4000000000000004,15,23,1.7000000000000002,1.4,1.0,0.015,0.5,-3.1508703374500695,0.9102540372299375,-0.31204386192909395,9.788599533113198,88.0,36.0,52.0,40.90909090909091,3196.5299999999997,3511.6900000000005,-315.16000000000076,426.48,0.0,0.0,4.596779262749988,1.521906470327774,1.5392699616787509,2.5062168175085944,32.0,16.0,16.0,50.0,1340.48,880.79,459.69000000000005,165.77,0.0,0.0,0.37164475779626943,,,,,,,
1a_broad,106,0.13319741165411625,True,142,10,67.0,34.0,17,8,2.6,16,30,1.6,1.8,1.0,0.015,0.5,3.692052218550034,1.1009711764882848,0.4035997418747459,5.774105395319046,102.0,42.0,60.0,41.1764705882353,4025.5800000000004,3656.3900000000003,369.19000000000005,512.72,0.0,1.0,5.355337250949961,1.4073600778908613,1.2429070647963327,3.4773925568331707,43.0,17.0,26.0,39.53488372093023,1850.1999999999998,1314.66,535.5399999999997,216.18,0.0,0.0,,0.01606601175284988,0.10184001947271532,-0.0,0.03412698412698413,0.0036920522185500343,0.00504855882441424,-0.02757621474139736
1a_broad,107,-1.036281179138322,False,142,10,67.0,34.0,17,9,2.6,16,30,1.6,1.9,1.0,0.015,0.5,6.801138668699933,1.2235810846352115,0.7824122393735877,4.569359186910855,86.0,37.0,49.0,43.02325581395349,3721.8400000000006,3041.7599999999998,680.0800000000008,441.74,0.0,1.0,5.936063769449956,1.5080186903091086,1.4165798608388125,3.1981137987239894,38.0,16.0,22.0,42.10526315789474,1762.1499999999999,1168.5200000000002,593.6299999999997,192.18,0.0,0.0,0.217687074829932,,,,,,,
1a_broad,108,0.08221417077237474,True,138,10,65.0,33.0,15,8,2.8,16,28,1.5,1.8,1.0,0.015,0.5,0.41150301575002235,1.0097057395174711,0.0772492395271,6.572477669812835,123.0,50.0,73.0,40.65040650406504,4282.989999999999,4241.82,41.16999999999916,605.77,0.0,2.0,7.562126808149968,1.629737269434151,1.8118122543380024,3.3183355547255844,45.0,20.0,25.0,44.44444444444444,1957.07,1200.85,756.22,229.35,0.0,0.0,,0.022686380424449905,0.15743431735853775,-0.0,0.03571428571428572,0.00041150301575002235,0.00048528697587355566,-0.13451760271652222
1a_broad,109,-1.0736961451247167,False,147,9,62.0,33.0,18,8,2.8,15,28,1.5,1.8,1.0,0.015,0.5,1.542242016499986,1.0632041871083293,0.2695318670301677,4.60207500971496,85.0,35.0,50.0,41.1764705882353,2594.08,2439.8700000000003,154.20999999999958,428.82,0.0,1.0,0.7855648782000025,1.1054567914495945,0.2808701668394844,2.6154968636383567,29.0,11.0,18.0,37.93103448275862,823.3,744.76,78.53999999999996,145.24,0.0,0.0,0.44217687074829937,,,,,,,
1a_broad,110,-1.1198272886491145,False,150,8,65.0,35.0,15,7,2.6,16,26,1.4,3.6,1.0,0.015,0.5,3.195452327549956,1.089701192534866,0.3528754550351326,7.400990934686759,96.0,26.0,70.0,27.083333333333332,3881.6899999999996,3562.1600000000008,319.52999999999884,471.85,0.0,0.0,-5.828704371900021,0.5777180488441002,-0.9740315380052139,10.668015848486716,34.0,5.0,29.0,14.705882352941176,797.43,1380.3100000000002,-582.8800000000002,160.31,0.0,0.0,0.7189637318946872,,,,,,,
1a_broad,111,-1.1201814058956916,False,139,10,60.0,34.0,16,8,2.7,8,29,1.6,2.1,1.0,0.015,0.5,5.940653269249905,1.335733339361606,1.0284280407693507,2.7731669981866975,67.0,28.0,39.0,41.791044776119406,2363.5,1769.4399999999998,594.0600000000002,343.06,0.0,2.0,3.7427805870000337,1.676517903945918,1.3090960392798034,2.278939357621324,25.0,10.0,15.0,40.0,927.5,553.2299999999999,374.2700000000001,125.57000000000001,0.0,0.0,0.7210884353741497,,,,,,,
1a_broad,112,-1.0872495664110147,False,136,10,68.0,33.0,17,10,2.5,15,32,1.5,1.7000000000000002,1.0,0.015,0.5,-0.6490595745000246,0.9759339546717203,-0.05362133189942947,5.60243767566514,73.0,28.0,45.0,38.35616438356164,2631.44,2696.3300000000004,-64.89000000000033,365.21,0.0,1.0,4.175283453899993,1.4711836863665602,1.1842455574572777,3.7624205609224326,31.0,14.0,17.0,45.16129032258065,1303.6599999999999,886.13,417.52999999999986,155.59,0.0,0.0,0.5234973984660886,,,,,,,
1a_broad,113,-1.163265306122449,False,143,11,57.0,32.0,8,8,2.6,16,25,1.7000000000000002,1.9,1.0,0.015,0.5,3.2171875942499173,1.2281275262015856,0.5920371694352331,3.4644680711754567,51.0,23.0,28.0,45.09803921568628,1731.9299999999998,1410.2199999999998,321.71000000000004,252.53,0.0,1.0,1.1326431648499966,1.2523224987190056,0.5840814804660076,1.9849861861210325,21.0,7.0,14.0,33.333333333333336,562.13,448.87,113.25999999999999,105.07000000000001,0.0,0.0,0.9795918367346939,,,,,,,
1a_broad,114,-1.0044473626269168,False,132,9,75.0,33.0,16,9,3.0,17,31,1.5,1.5,1.0,0.015,0.5,-2.6684175761501137,0.9659400127632418,-0.12439188981497697,12.717157412305143,186.0,82.0,104.0,44.086021505376344,7568.139999999999,7835.0,-266.8600000000006,924.47,0.0,2.0,6.517862326550003,1.2804205943218043,1.249408435490865,3.95709047692467,70.0,34.0,36.0,48.57142857142857,2976.12,2324.3300000000004,651.7899999999995,355.05,0.0,0.0,0.026684175761501137,,,,,,,
1a_broad,115,-1.0674603174603174,False,139,10,64.0,36.0,17,8,2.8,13,38,1.6,2.0,1.0,0.015,0.5,1.8343007743499582,1.0621783789280987,0.2601015994240252,6.404995284912696,91.0,36.0,55.0,39.56043956043956,3133.3199999999993,2949.9000000000005,183.4199999999987,446.99,0.0,1.0,8.46337060054997,2.2381029009465014,2.0950989189688474,3.8533372927705414,28.0,13.0,15.0,46.42857142857143,1529.9,683.57,846.33,143.85999999999999,0.0,0.0,0.40476190476190477,,,,,,,
1a_broad,116,-1.0142993901907502,False,125,12,76.0,34.0,10,9,2.7,14,28,1.7000000000000002,1.8,1.0,0.015,0.5,-8.579634114450073,0.8503570195235787,-0.6212616593363143,13.075346126941747,130.0,45.0,85.0,34.61538461538461,4875.590000000001,5733.580000000001,-857.9899999999998,605.89,0.0,2.0,8.971231204500056,1.4042657701909815,1.6147142780696921,4.935951985319687,63.0,27.0,36.0,42.857142857142854,3116.15,2219.0600000000004,897.0899999999997,321.9,0.0,0.0,0.08579634114450073,,,,,,,
1a_broad,117,0.12043136955401562,True,121,11,73.0,32.0,15,7,2.9000000000000004,17,34,1.7000000000000002,1.4,1.0,0.015,0.5,4.499902061549801,1.0680997563596193,0.34815015687311596,9.02364985059668,159.0,77.0,82.0,48.42767295597484,7058.110000000001,6608.1,450.0100000000002,817.24,0.0,2.0,4.40654020654998,1.1527232904057558,0.7980001974735742,5.263906625867281,79.0,38.0,41.0,48.10126582278481,3326.1600000000003,2885.48,440.6800000000003,405.94,0.0,0.0,,0.01321962061964994,0.03818082260143896,-0.0,0.0626984126984127,0.004499902061549802,0.0034049878179809646,-0.001572376245016744
1a_broad,118,-1.0048252231920003,False,117,12,66.0,31.0,15,7,2.9000000000000004,16,36,1.6,1.5,1.0,0.015,0.5,-2.8951339152001676,0.94865522636402,-0.17715639231462077,8.99682137883733,148.0,66.0,82.0,44.5945945945946,5347.929999999999,5637.38,-289.4500000000007,707.61,0.0,3.0,16.073237517800006,1.8987932808445918,2.890597680716964,3.218687029292018,65.0,38.0,27.0,58.46153846153846,3395.65,1788.32,1607.3300000000002,352.33,0.0,0.0,0.028951339152001675,,,,,,,
1a_broad,119,-1.0011024218665001,False,122,10,72.0,32.0,15,8,2.4000000000000004,14,30,1.7000000000000002,1.6,1.0,0.015,0.5,-0.661453119900034,0.983629408633432,-0.02410016123155766,7.784438210388514,101.0,40.0,61.0,39.603960396039604,3972.83,4038.95,-66.11999999999989,509.12,0.0,2.0,11.194147447299983,1.8206470342431107,2.489771240009377,3.2079743898200106,47.0,23.0,24.0,48.93617021276596,2483.49,1364.07,1119.4199999999998,245.83,0.0,0.0,0.0066145311990003395,,,,,,,
1a_broad,120,-1.01541334529,False,130,11,73.0,30.0,16,7,2.8,15,33,1.5,1.7000000000000002,1.0,0.015,0.5,-9.248007174000069,0.8855034695355588,-0.5374899998843609,15.644898037196647,187.0,77.0,110.0,41.1764705882353,7152.61,8077.45,-924.8400000000001,883.43,0.0,1.0,9.54040467574996,1.313462454618632,1.3751908621384588,4.058037034327045,78.0,35.0,43.0,44.87179487179487,3997.72,3043.6500000000005,954.0699999999993,412.0,0.0,0.0,0.09248007174000068,,,,,,,
1a_broad,121,0.11550820861114097,True,120,11,75.0,32.0,16,8,2.6,17,34,1.8,1.4,1.0,0.015,0.5,1.926456443099869,1.0359693020129213,0.20083402130798453,8.550255743401443,126.0,63.0,63.0,50.0,5548.03,5355.4000000000015,192.6299999999983,654.91,0.0,2.0,10.188022167349972,1.5499247040789337,1.9819494926623349,3.1308577812620926,58.0,30.0,28.0,51.724137931034484,2871.5299999999997,1852.69,1018.8399999999997,305.44,0.0,0.0,,0.030564066502049916,0.13748117601973342,-0.0,0.046031746031746035,0.001926456443099869,0.0017984651006460628,-0.10229370148613433
1a_broad,122,0.1557690276287066,True,111,11,74.0,32.0,17,8,2.6,17,37,1.7000000000000002,1.5,1.0,0.015,0.5,3.2136850177999077,1.0516903596900125,0.2678288313117866,9.94360785062226,139.0,63.0,76.0,45.32374100719424,6538.38,6217.0199999999995,321.3600000000006,710.58,0.0,1.0,12.630527095849974,1.604920710183868,2.2725670233326793,4.668951488193945,63.0,32.0,31.0,50.79365079365079,3350.93,2087.91,1263.02,334.57,0.0,0.0,,0.03789158128754992,0.15123017754596702,-0.0,0.05,0.003213685017799908,0.002584517984500623,-0.08915093420711089
1a_broad,123,-1.0084606789780002,False,111,11,74.0,32.0,15,8,2.6,16,37,1.6,1.5,1.0,0.015,0.5,-5.076407386800165,0.9252987300386829,-0.2939014497940385,8.688708461257988,158.0,66.0,92.0,41.77215189873418,6288.58,6796.27,-507.6900000000005,758.91,0.0,1.0,11.583232396100065,1.5251692229571965,1.980352199615131,4.483666214658881,66.0,34.0,32.0,51.515151515151516,3364.0199999999995,2205.67,1158.3499999999995,343.78,0.0,0.0,0.05076407386800165,,,,,,,
1a_broad,124,0.18624395540993596,True,117,10,73.0,31.0,18,8,2.5,18,38,1.8,1.6,1.0,0.015,0.5,4.254478639349891,1.0895860223317593,0.38122732569401,8.092424244234326,105.0,46.0,59.0,43.80952380952381,5174.759999999999,4749.289999999998,425.47000000000116,546.29,0.0,2.0,11.278692755450011,1.6936398410882747,2.18313342720356,3.4741957296586996,48.0,24.0,24.0,50.0,2753.96,1626.06,1127.9,252.34,0.0,0.0,,0.03383607826635003,0.17340996027206868,-0.0,0.0380952380952381,0.004254478639349891,0.004479301116587964,-0.06783110097965869
1a_broad,125,-1.062358276643991,False,117,9,73.0,30.0,18,9,2.5,18,39,1.8,1.6,1.0,0.015,0.5,1.0303119844498725,1.0304722578813172,0.1446555588357702,7.388052641303959,80.0,35.0,45.0,43.75,3483.8,3380.78,103.01999999999998,408.83,0.0,2.0,2.9048578241999348,1.2194945030035134,0.7543471259165447,5.087378265059969,34.0,14.0,20.0,41.1764705882353,1613.9399999999998,1323.45,290.4899999999998,173.79,0.0,0.0,0.37414965986394555,,,,,,,
1a_broad,126,-1.0459944875883151,False,109,11,71.0,31.0,18,8,2.3,18,38,1.8,1.3,1.0,0.015,0.5,-2.7667605802000073,0.9212450927641935,-0.25966470116668705,6.894049600822134,83.0,40.0,43.0,48.19277108433735,3236.0299999999997,3512.67,-276.6400000000003,409.38,0.0,1.0,0.9966085252999255,1.0766055574772282,0.30766513859559225,4.5002446801620035,38.0,17.0,21.0,44.73684210526316,1400.6100000000001,1300.95,99.66000000000008,189.87,0.0,0.0,0.27596692552989116,,,,,,,
1a_broad,127,0.12789333224636265,True,120,10,74.0,32.0,17,7,2.4000000000000004,17,35,1.7000000000000002,1.7000000000000002,1.0,0.015,0.5,5.141169030649944,1.0936697790936007,0.4114320132392693,7.00448985035235,123.0,53.0,70.0,43.08943089430894,6002.880000000001,5488.75,514.130000000001,637.23,0.0,2.0,5.275851245499981,1.2421187397325644,1.0078890140932595,5.54588718458762,55.0,23.0,32.0,41.81818181818182,2706.8499999999995,2179.2200000000003,527.6299999999992,280.9,0.0,0.0,,0.015827553736499942,0.06052968493314109,-0.0,0.043650793650793655,0.005141169030649944,0.004683488954680038,-0.0019393580594020152
1a_broad,128,-1.0091642864853336,False,113,10,73.0,31.0,17,7,2.4000000000000004,17,41,1.7000000000000002,1.7000000000000002,1.0,0.015,0.5,-5.498571891200154,0.8999410422421417,-0.3459282183009602,8.94255534938192,119.0,47.0,72.0,39.49579831932773,4945.59,5495.46,-549.8699999999999,568.37,0.0,1.0,7.946279387249942,1.372620097165688,1.4058846954766442,4.859140974467771,54.0,25.0,29.0,46.2962962962963,2927.0299999999997,2132.44,794.5899999999997,274.94,0.0,0.0,0.05498571891200154,,,,,,,
1a_broad,129,0.13753815490678326,True,120,10,74.0,32.0,16,8,2.5,18,35,1.8,1.6,1.0,0.015,0.5,15.234050342749905,1.3231684680575737,1.2194343289724106,6.862500527346456,109.0,52.0,57.0,47.706422018348626,6237.35,4713.950000000001,1523.3999999999996,601.68,0.0,2.0,6.851382674699981,1.4304174388290354,1.4639079565678235,5.1738489434064245,44.0,20.0,24.0,45.45454545454545,2277.0099999999998,1591.85,685.1599999999999,227.03,0.0,0.0,,0.020554148024099942,0.10760435970725885,-0.0,0.03492063492063492,0.015234050342749906,0.016158423402878687,-0.05693346149083904
1a_broad,130,-1.1820703037032394,False,116,10,73.0,30.0,16,9,2.2,18,35,1.9000000000000001,1.6,1.0,0.015,0.5,-8.561910113100058,0.6610654569637091,-1.1468432834952582,8.878162600197324,53.0,18.0,35.0,33.9622641509434,1670.0100000000002,2526.24,-856.2299999999996,252.06,0.0,1.0,6.718182960499944,2.0610932983747414,1.953804089841972,3.176384598842563,19.0,10.0,9.0,52.63157894736842,1304.94,633.13,671.8100000000001,99.58,0.0,0.0,1.092421822219436,,,,,,,
1a_broad,131,0.10869941333072174,True,120,9,74.0,32.0,17,8,2.5,17,37,1.8,1.7000000000000002,1.0,0.015,0.5,1.1065599026998278,1.0253582735924107,0.1327144119943064,6.91705850716047,99.0,41.0,58.0,41.41414141414141,4472.500000000001,4361.89,110.61000000000058,497.2,0.0,2.0,10.04028778419999,1.649183041400759,1.986558804795464,4.388974059036513,43.0,21.0,22.0,48.83720930232558,2550.61,1546.5900000000001,1004.02,224.82,0.0,0.0,,0.030120863352599968,0.16229576035018978,-0.0,0.03412698412698413,0.0011065599026998279,0.001267913679620536,-0.1202186680813725
1a_broad,132,-1.0215419501133787,False,119,9,74.0,32.0,16,8,2.4000000000000004,17,36,1.8,1.7000000000000002,1.0,0.015,0.5,3.984124271449818,1.101672855338208,0.36458515767857336,6.695539095142713,90.0,39.0,51.0,43.333333333333336,4316.85,3918.4499999999994,398.400000000001,460.55,0.0,2.0,7.69317315495,1.538128479897037,1.6808840567118553,3.5186283765102107,40.0,19.0,21.0,47.5,2198.97,1429.6399999999999,769.3299999999999,205.98,0.0,0.0,0.12925170068027214,,,,,,,
1a_broad,133,-1.0297661508425031,False,107,10,74.0,31.0,7,7,2.5,18,39,1.9000000000000001,1.5,1.0,0.015,0.5,-9.609585592650074,0.8201498361459585,-0.6685594063808752,14.14662319518608,113.0,46.0,67.0,40.70796460176991,4382.2,5343.169999999998,-960.9699999999984,518.07,0.0,1.0,-0.7462112739499753,0.9712091167915314,-0.0847197454666995,6.026115142141725,61.0,25.0,36.0,40.98360655737705,2517.5099999999998,2592.1399999999994,-74.62999999999965,303.54,0.0,0.0,0.1785969050550182,,,,,,,
1a_broad,134,-1.0119047619047619,False,119,8,75.0,32.0,16,8,2.5,17,35,1.8,1.6,1.0,0.015,0.5,10.097760501099911,1.259885420741626,0.9518664644237796,6.71602098362178,98.0,46.0,52.0,46.93877551020408,4895.310000000001,3885.5199999999995,1009.7900000000018,524.71,0.0,2.0,7.437516525149985,1.5402894213026863,1.6302266944371142,5.390923320272724,39.0,19.0,20.0,48.717948717948715,2120.27,1376.5400000000002,743.7299999999998,201.1,0.0,0.0,0.0714285714285714,,,,,,,
1a_broad,135,-1.0048174423709166,False,113,9,72.0,31.0,12,7,2.6,17,38,1.8,1.4,1.0,0.015,0.5,-2.890465422549987,0.9371408686574308,-0.21267428969429258,8.096517723046984,113.0,51.0,62.0,45.13274336283186,4308.88,4597.899999999999,-289.0199999999986,548.51,0.0,1.0,5.270161504549979,1.2544663550679855,1.0510944223120504,4.496951466685594,59.0,29.0,30.0,49.152542372881356,2598.0500000000006,2071.04,527.0100000000007,300.78,0.0,0.0,0.028904654225499867,,,,,,,
1a_broad,136,0.05121363563813657,True,121,10,73.0,29.0,17,8,2.4000000000000004,19,37,1.7000000000000002,1.6,1.0,0.015,0.5,13.93110768784998,1.3172040684820157,1.1300310312833786,6.538088045411911,102.0,50.0,52.0,49.01960784313726,5784.910000000001,4391.8099999999995,1393.1000000000013,562.77,0.0,2.0,3.882809280700021,1.244204329614209,0.884009551482725,3.7577745950611163,42.0,18.0,24.0,42.857142857142854,1978.26,1589.98,388.28,211.81,0.0,0.0,,0.011648427842100063,0.061051082403552226,-0.0,0.03333333333333333,0.013931107687849982,0.015860203424100782,-0.08461051905279982
1a_broad,137,-1.0887566700986049,False,124,11,71.0,32.0,9,9,2.5,18,34,1.9000000000000001,1.4,1.0,0.015,0.5,-4.614546276850051,0.8599588462378908,-0.4739067929057127,8.932374222792495,76.0,33.0,43.0,43.421052631578945,2833.53,3294.9599999999996,-461.4299999999994,364.21,0.0,2.0,6.125887402850058,1.6819244384086205,1.711864935592401,2.770955992022178,31.0,16.0,15.0,51.61290322580645,1510.94,898.3399999999999,612.6000000000001,158.65,0.0,0.0,0.5325400205916297,,,,,,,
1a_broad,138,-1.1003359053543897,False,115,9,75.0,30.0,16,9,2.3,17,36,1.7000000000000002,1.3,1.0,0.015,0.5,-3.661199923000095,0.8832002450143723,-0.37183295829008894,9.621860441861138,75.0,36.0,39.0,48.0,2768.4,3134.5099999999998,-366.1099999999997,370.8,0.0,1.0,0.03133167840001988,1.0027549668874172,0.03738400756464352,3.425022502859545,30.0,13.0,17.0,43.333333333333336,1135.62,1132.5,3.119999999999891,149.63,0.0,0.0,0.6020154321263383,,,,,,,
1a_broad,139,0.17206743742935876,True,109,10,72.0,31.0,17,8,2.6,18,35,1.8,1.7000000000000002,1.0,0.015,0.5,1.9475255880998157,1.039632533111909,0.18913027667049004,7.331333904598219,112.0,46.0,66.0,41.07142857142857,5108.38,4913.639999999999,194.7400000000007,553.79,0.0,1.0,14.581195716100009,1.778408908914253,2.5692191221206437,4.351122932277106,56.0,28.0,28.0,50.0,3331.28,1873.1799999999998,1458.1000000000004,299.0,0.0,0.0,,0.043743587148300025,0.19460222722856324,-0.0,0.044444444444444446,0.0019475255880998157,0.0019816266555954475,-0.11465197363564421
1a_broad,140,-1.0170050642381667,False,103,10,72.0,31.0,16,7,2.6,18,35,1.7000000000000002,1.5,1.0,0.015,0.5,-10.203038542900012,0.8366408840486662,-0.6885647118248452,14.179877182215566,143.0,57.0,86.0,39.86013986013986,5225.5,6245.81,-1020.3100000000004,657.84,0.0,1.0,4.8585438717499345,1.1798932199875596,0.8911485721073156,5.45491872301619,74.0,34.0,40.0,45.945945945945944,3186.75,2700.88,485.8699999999999,375.44,0.0,0.0,0.10203038542900013,,,,,,,
1a_broad,141,0.0791170380079286,True,100,10,73.0,32.0,17,8,2.5,18,37,1.8,1.7000000000000002,1.0,0.015,0.5,2.155057248699959,1.0419832752721858,0.20631325397302783,5.527871223055159,109.0,44.0,65.0,40.36697247706422,5348.0,5132.52,215.47999999999956,545.07,0.0,1.0,7.602364793150028,1.3844566712517192,1.4361044400473544,5.076046393625227,50.0,23.0,27.0,46.0,2737.68,1977.44,760.2399999999998,259.16,0.0,0.0,,0.022807094379450082,0.09611416781292981,-0.0,0.03968253968253968,0.0021550572486999592,0.002099163763609291,-0.08374098487930022
1a_broad,142,0.14449787170790296,True,110,11,74.0,33.0,17,8,2.6,17,36,1.8,1.6,1.0,0.015,0.5,2.7270970055997896,1.0459653309335304,0.23687520193341216,9.342040788006951,127.0,55.0,72.0,43.30708661417323,6206.5700000000015,5933.82,272.7500000000018,648.24,0.0,1.0,12.249593624799964,1.6019114070215952,2.198521447489778,4.5230739746521245,60.0,29.0,31.0,48.333333333333336,3260.1299999999997,2035.15,1224.9799999999996,320.62,0.0,0.0,,0.03674878087439989,0.1504778517553988,-0.0,0.047619047619047616,0.0027270970055997897,0.00229826654667652,-0.09537317209321966
1a_broad,143,0.2335577158522919,True,111,21,74.0,33.0,17,8,2.6,19,34,1.8,1.6,1.0,0.015,0.5,4.925337256599923,1.078305160729303,0.38089320139808197,11.077596730099122,131.0,59.0,72.0,45.038167938931295,6782.96,6290.389999999999,492.5700000000006,685.3,0.0,2.0,19.612458441249963,1.809951144571596,3.0305401118491213,5.004435845878619,67.0,34.0,33.0,50.74626865671642,4382.669999999999,2421.43,1961.2399999999993,366.6,0.0,0.0,,0.058837375323749885,0.20248778614289897,-0.0,0.05317460317460318,0.004925337256599924,0.0039152580364651525,-0.08978264408202521
1a_broad,144,0.13467930738627906,True,105,20,73.0,33.0,17,10,2.6,19,36,1.8,1.6,1.0,0.015,0.5,5.349671242199929,1.1123250858168612,0.4789027288977567,6.624934995803041,98.0,44.0,54.0,44.89795918367347,5298.0599999999995,4763.049999999999,535.0100000000002,515.61,0.0,2.0,7.312205650100021,1.3191520008380473,1.3649444398464305,5.668379376880542,57.0,25.0,32.0,43.85964912280702,3022.23,2291.04,731.19,295.39,0.0,0.0,,0.021936616950300063,0.07978800020951182,-0.0,0.045238095238095244,0.00534967124219993,0.005616254290843059,-0.023249330544671053
1a_broad,145,-1.0068027210884354,False,105,21,72.0,35.0,18,10,2.6,19,36,1.9000000000000001,1.8,1.0,0.015,0.5,4.41189659099995,1.0939561586194264,0.40304517279015534,6.248863992719049,94.0,39.0,55.0,41.48936170212766,5137.24,4696.02,441.21999999999935,481.54,0.0,1.0,9.193332587350069,1.4770362759901827,1.7038790070792071,5.123811911222636,47.0,20.0,27.0,42.5531914893617,2846.5,1927.1699999999998,919.3300000000002,246.28,0.0,0.0,0.04081632653061229,,,,,,,
1a_broad,146,-1.0890022675736961,False,108,20,74.0,33.0,18,11,2.4000000000000004,19,38,1.8,1.6,1.0,0.015,0.5,7.758718729999982,1.280158016559962,0.8652651375490681,8.513703554302278,62.0,28.0,34.0,45.16129032258065,3545.1799999999994,2769.33,775.8499999999995,325.01,0.0,0.0,5.323405625650011,1.4088880696175798,1.3356634354740993,4.321723324250267,35.0,15.0,20.0,42.857142857142854,1834.3300000000002,1301.9699999999998,532.3600000000004,183.04,0.0,0.0,0.5340136054421768,,,,,,,
1a_broad,147,-1.0789588086689235,False,111,21,74.0,34.0,17,10,2.3,19,35,1.8,1.6,1.0,0.015,0.5,-0.43650969115004046,0.985993255179059,-0.01493904308555007,10.285093003893444,66.0,27.0,39.0,40.90909090909091,3069.89,3113.4999999999995,-43.60999999999967,339.05,0.0,1.0,3.2851929556500363,1.2336723806814138,0.833673512942204,4.949296825844229,36.0,14.0,22.0,38.888888888888886,1734.4199999999996,1405.8999999999999,328.51999999999975,185.4,0.0,0.0,0.4737528520135413,,,,,,,
1a_broad,148,-1.0237298518222941,False,110,19,75.0,33.0,17,9,2.6,20,40,1.9000000000000001,1.5,1.0,0.015,0.5,-9.135870277050016,0.814388021494672,-0.7218715158127018,14.871723567745127,93.0,39.0,54.0,41.935483870967744,4008.54,4922.15,-913.6099999999997,455.33,0.0,2.0,8.957979513900028,1.4418380985731405,1.7506865754439238,4.709225211472836,52.0,24.0,28.0,46.15384615384615,2923.37,2027.5300000000002,895.8399999999997,267.64,0.0,0.0,0.1423791109337654,,,,,,,
1a_broad,149,-1.0020227012455463,False,95,21,72.0,31.0,18,9,2.7,18,36,1.7000000000000002,1.7000000000000002,1.0,0.015,0.5,11.649857409650048,1.1788291420493004,0.7497290320848213,8.200924241163689,134.0,58.0,76.0,43.28358208955224,7679.729999999999,6514.71,1165.0199999999986,701.36,0.0,2.0,1.1870221395500085,1.0372569821530582,0.2477718723863052,7.689926962687871,73.0,29.0,44.0,39.726027397260275,3304.6800000000003,3185.98,118.70000000000027,369.31,0.0,0.0,0.012136207473277974,,,,,,,
1a_broad,150,-1.0351740738176474,False,100,20,73.0,34.0,17,9,2.5,19,39,1.8,4.0,1.0,0.015,0.5,-4.097641569500029,0.9225210439938584,-0.15906289902161527,16.714208459929853,86.0,18.0,68.0,20.930232558139537,4879.139999999999,5288.920000000002,-409.7800000000025,400.71,0.0,2.0,2.952662750149975,1.131831677642594,0.4119231195486626,8.877155722626062,40.0,9.0,31.0,22.5,2535.02,2239.75,295.27,199.97,0.0,0.0,0.21104444290588473,,,,,,,
1a_broad,151,0.18604497348289825,True,104,20,73.0,33.0,17,8,2.7,10,34,1.7000000000000002,1.5,1.0,0.015,0.5,8.292359837399836,1.130869808804615,0.6255822319328633,6.742264341093144,165.0,75.0,90.0,45.45454545454545,7165.700000000002,6336.449999999999,829.2500000000027,842.58,0.0,2.0,10.231007907999974,1.3645426915087313,1.8368908663659091,5.308726036645014,82.0,38.0,44.0,46.34146341463415,3829.6299999999997,2806.53,1023.0999999999995,432.92,0.0,0.0,,0.030693023723999922,0.09113567287718283,-0.0,0.06507936507936508,0.008292359837399836,0.0065434904402307485,-0.015698938475280165
1a_broad,152,0.17591904001425193,True,104,20,74.0,33.0,17,8,2.6,9,35,1.7000000000000002,1.5,1.0,0.015,0.5,5.517943640149897,1.0923785402566883,0.45373269124112797,6.198696153815862,158.0,71.0,87.0,44.936708860759495,6525.64,5973.789999999998,551.8500000000022,796.28,0.0,2.0,12.431857585300076,1.4942610534853116,2.2362518256044104,5.228006489398288,79.0,38.0,41.0,48.10126582278481,3758.47,2515.27,1243.1999999999998,418.29,0.0,0.0,,0.03729557275590022,0.1235652633713279,-0.0,0.0626984126984127,0.0055179436401498975,0.004618927012834418,-0.05777707946437321
1a_broad,153,0.13990238447474998,True,104,20,74.0,33.0,17,8,2.7,10,32,1.8,1.5,1.0,0.015,0.5,2.4294834564998564,1.0409638026062664,0.22955075873942637,6.7384419816543755,152.0,68.0,84.0,44.73684210526316,6174.05,5931.089999999999,242.96000000000095,751.6,0.0,2.0,13.908529084000094,1.5519105082916336,2.5573945930612423,4.762203965084674,77.0,37.0,40.0,48.05194805194805,3910.83,2520.01,1390.8199999999997,417.88,0.0,0.0,,0.041725587252000276,0.1379776270729084,-0.0,0.061111111111111116,0.0024294834564998567,0.002048190130313321,-0.10538961454808297
1a_broad,154,0.14083799636122993,True,104,20,73.0,33.0,18,8,2.7,10,32,1.8,1.6,1.0,0.015,0.5,1.9778456035498313,1.0325593338348116,0.19360517768893093,7.995514091214904,150.0,64.0,86.0,42.666666666666664,6273.18,6075.370000000001,197.8099999999995,744.65,0.0,2.0,15.124342017100043,1.5842137589764784,2.638865519349557,4.761860394244496,77.0,37.0,40.0,48.05194805194805,4101.07,2588.71,1512.3599999999997,420.42,0.0,0.0,,0.04537302605130013,0.1460534397441196,-0.0,0.061111111111111116,0.0019778456035498314,0.0016279666917405789,-0.11530539284059133
1a_broad,155,-1.0006981164876667,False,105,20,73.0,33.0,18,8,2.7,11,32,1.9000000000000001,1.6,1.0,0.015,0.5,-0.4188698926000871,0.9927500982406695,0.015025665649521068,10.018547064999446,138.0,60.0,78.0,43.47826086956522,5734.75,5776.630000000001,-41.88000000000102,679.04,0.0,2.0,14.497793273400076,1.5924538017049032,2.512438825018005,4.7753249338529775,70.0,35.0,35.0,50.0,3896.83,2447.0599999999995,1449.7700000000004,379.42,0.0,0.0,0.004188698926000871,,,,,,,
1a_broad,156,0.012125375031824146,True,92,19,72.0,33.0,18,9,2.7,10,33,1.8,1.5,1.0,0.015,0.5,9.589238320699934,1.1867133466259578,0.7685242292036144,10.376524362817126,134.0,63.0,71.0,47.014925373134325,6094.58,5135.68,958.8999999999996,671.08,0.0,2.0,2.2619578933499724,1.094400253737198,0.5014563151554747,4.886752928061256,70.0,29.0,41.0,41.42857142857143,2622.379999999999,2396.1800000000003,226.1999999999989,354.57,0.0,0.0,,0.006785873680049917,0.02360006343429949,-0.0,0.05555555555555556,0.009589238320699935,0.009335667331297893,-0.09274102329007865
1a_broad,157,-1.022137204211747,False,99,20,74.0,33.0,18,12,2.7,10,34,1.8,1.5,1.0,0.015,0.5,8.332856800799927,1.2581261713365242,0.8739856707088494,4.963961977208004,90.0,43.0,47.0,47.77777777777778,4061.42,3228.1499999999996,833.2700000000004,460.17,0.0,0.0,-0.05842465205003464,0.9968633580268058,0.02035878608821657,4.794456709239592,55.0,23.0,32.0,41.81818181818182,1862.3799999999997,1868.24,-5.860000000000355,276.65,0.0,0.0,0.13282322527048124,,,,,,,
1a_broad,158,-2.0,False,107,20,73.0,34.0,17,8,1.0,9,32,1.9000000000000001,1.6,1.0,0.015,0.5,,,,,,,,,,,,,,,,,,,,,,,,,,,,,6.0,,,,,,,
1a_broad,159,-1.006758065991667,False,103,20,76.0,33.0,17,10,2.8,9,33,1.8,1.5,1.0,0.015,0.5,-4.054839595000176,0.9223542478528545,-0.3050461988266985,9.939074696385267,132.0,56.0,76.0,42.42424242424242,4816.58,5222.050000000001,-405.47000000000116,639.49,0.0,2.0,6.726805350350096,1.2916601626862307,1.4689189702650256,5.227207894966771,71.0,31.0,40.0,43.66197183098591,2978.93,2306.2799999999997,672.6500000000001,372.49,0.0,0.0,0.04054839595000176,,,,,,,
1a_broad,160,0.21739080458501037,True,104,21,75.0,41.0,18,8,2.6,10,35,1.8,1.6,1.0,0.015,0.5,5.864102930499885,1.0984198380396932,0.4797343004153212,5.765969271244459,140.0,62.0,78.0,44.285714285714285,6544.66,5958.249999999998,586.4100000000017,733.07,0.0,2.0,15.769914689249964,1.696039617070296,2.7112468095615503,5.308876537816828,68.0,34.0,34.0,50.0,3842.7,2265.6900000000005,1577.0099999999993,367.25,0.0,0.0,,0.04730974406774989,0.174009904267574,-0.0,0.05396825396825397,0.005864102930499885,0.004920991901984662,-0.06868219255105205
1a_broad,161,0.12249398305062478,True,96,21,75.0,41.0,18,8,2.6,10,35,1.8,1.6,1.0,0.015,0.5,13.332272109849818,1.2225911957245823,0.9703555246939602,7.047406642453437,143.0,67.0,76.0,46.85314685314685,7322.820000000001,5989.59,1333.2300000000005,772.03,0.0,2.0,6.9080455603999695,1.2837975515569793,1.29818660172845,4.865912260604518,68.0,31.0,37.0,45.588235294117645,3125.019999999999,2434.2000000000003,690.8199999999988,352.35,0.0,0.0,,0.02072413668119991,0.07094938788924482,-0.0,0.05396825396825397,0.01333227210984982,0.011129559786229115,-0.04760962738415286
1a_broad,162,0.17711061952659476,True,103,21,75.0,45.0,18,8,2.7,11,34,1.8,1.6,1.0,0.015,0.5,6.458636629449865,1.1052304885101942,0.5028860797481203,6.79336119827666,149.0,67.0,82.0,44.966442953020135,6783.959999999998,6138.05,645.909999999998,758.04,0.0,1.0,12.88091329514993,1.4586197934282996,2.141425132701364,5.321836383780187,78.0,38.0,40.0,48.717948717948715,4096.839999999999,2808.71,1288.1299999999992,419.45,0.0,0.0,,0.03864273988544979,0.1146549483570749,-0.0,0.06190476190476191,0.006458636629449866,0.005261524425509712,-0.04981199167565141
1a_broad,163,0.1543585356634186,True,101,21,75.0,44.0,18,8,2.7,11,34,1.8,1.5,1.0,0.015,0.5,11.152320635549968,1.192441558486379,0.8322229786551507,7.1331762526267735,155.0,74.0,81.0,47.74193548387097,6910.33,5795.11,1115.2200000000003,780.41,0.0,1.0,8.008894933949904,1.292216250533621,1.4605800776682265,5.321410647016301,77.0,36.0,41.0,46.753246753246756,3541.59,2740.71,800.8800000000001,403.66,0.0,0.0,,0.024026684801849708,0.07305406263340525,-0.0,0.061111111111111116,0.011152320635549967,0.009622077924318951,-0.024607721442816404
1a_broad,164,0.11479442028309182,True,102,21,75.0,44.0,19,8,2.7,11,34,1.7000000000000002,1.4,1.0,0.015,0.5,17.17223046729985,1.2937972002367923,1.2320305631297064,5.4866919208040335,163.0,79.0,84.0,48.466257668711656,7561.96,5844.780000000001,1717.1799999999994,840.43,0.0,1.0,6.821124366850054,1.2484076897025138,1.269520017228876,5.321782423084694,82.0,40.0,42.0,48.78048780487805,3428.1400000000003,2746.01,682.1300000000001,423.75,0.0,0.0,,0.020463373100550162,0.06210192242562845,-0.0,0.06507936507936508,0.01717223046729985,0.014689860011839619,-0.06471233080159135
1a_broad,165,-1.0105710302880835,False,109,21,76.0,45.0,19,9,2.8,9,33,1.9000000000000001,1.5,1.0,0.015,0.5,-6.342618172850144,0.8788701138976525,-0.5032051382834761,11.439871527012448,127.0,54.0,73.0,42.51968503937008,4602.009999999999,5236.28,-634.2700000000004,608.82,0.0,1.0,11.397903727299981,1.5559983804641042,2.3537573375568734,3.527181813820039,66.0,31.0,35.0,46.96969696969697,3189.75,2049.9700000000003,1139.7799999999997,353.02,0.0,0.0,0.06342618172850144,,,,,,,
1a_broad,166,0.05425208025533141,True,97,21,75.0,44.0,18,8,2.7,12,31,1.8,1.4,1.0,0.015,0.5,10.905309963249838,1.196525114616072,0.8472937972729213,9.683525708692866,151.0,73.0,78.0,48.34437086092715,6639.469999999999,5548.96,1090.5099999999993,753.94,0.0,1.0,3.7018048439999984,1.134757014347239,0.7406940432136321,5.445533585296028,79.0,37.0,42.0,46.835443037974684,3117.03,2746.87,370.1600000000003,407.06,0.0,0.0,,0.011105414531999995,0.03368925358680974,-0.0,0.0626984126984127,0.010905309963249838,0.009826255730803602,-0.07397256625594446
1a_broad,167,0.037338997279531376,True,102,19,74.0,43.0,18,7,2.8,11,32,1.7000000000000002,1.5,1.0,0.015,0.5,1.0384823005498585,1.0145134168382475,0.12179158845238264,11.674139667013774,178.0,76.0,102.0,42.69662921348315,7257.900000000001,7154.07,103.83000000000084,855.01,0.0,1.0,7.002235931749946,1.2017017305343687,1.134878107257692,6.426707776809954,95.0,45.0,50.0,47.36842105263158,4172.02,3471.76,700.2600000000002,494.65,0.0,0.0,,0.021006707795249838,0.05042543263359217,-0.0,0.0753968253968254,0.0010384823005498585,0.0007256708419123737,-0.11125412168859827
1a_broad,168,-1.000409372237,False,105,21,76.0,38.0,18,8,2.6,10,34,1.9000000000000001,1.3,1.0,0.015,0.5,-0.2456233422000332,0.9949459465584841,0.016778147558936942,7.111167796230593,129.0,62.0,67.0,48.06201550387597,4829.0,4853.530000000001,-24.530000000000655,636.24,0.0,2.0,14.420018354099975,1.848145490477479,2.990445391225243,4.158558227711292,62.0,34.0,28.0,54.83870967741935,3142.1800000000003,1700.18,1442.0000000000002,333.18,0.0,0.0,0.002456233422000332,,,,,,,
1a_broad,169,-1.00253158412175,False,93,20,74.0,45.0,18,9,2.9000000000000004,11,48,1.7000000000000002,1.7000000000000002,1.0,0.015,0.5,-1.5189504730499903,0.9768696171228788,-0.0522043273978903,11.458203239765536,150.0,64.0,86.0,42.666666666666664,6415.219999999999,6567.12,-151.90000000000055,728.33,0.0,1.0,2.337576221699983,1.0774511168094567,0.4329429470084968,4.845188092370819,78.0,32.0,46.0,41.02564102564103,3252.2,3018.4199999999996,233.7800000000002,386.95,0.0,0.0,0.015189504730499903,,,,,,,
1a_broad,170,-1.0022422810305438,False,99,19,75.0,41.0,19,7,2.7,8,36,1.8,1.6,1.0,0.015,0.5,0.13699560379975081,1.0020419211012392,0.06320864827571188,10.99898864956498,158.0,66.0,92.0,41.77215189873418,6737.789999999999,6724.06,13.729999999998654,787.64,0.0,1.0,1.132441885900007,1.0358736295075734,0.24717820016289135,5.269915630626159,83.0,35.0,48.0,42.16867469879518,3269.0099999999998,3155.7999999999997,113.21000000000004,422.69,0.0,0.0,0.013453686183263426,,,,,,,
1a_broad,171,0.22929669465860508,True,112,21,74.0,43.0,17,8,2.5,10,35,1.8,1.6,1.0,0.015,0.5,13.303288976699786,1.2713360596387817,1.0544581912865965,7.775642443844864,120.0,55.0,65.0,45.833333333333336,6233.170000000001,4902.85,1330.3200000000006,656.76,0.0,1.0,10.967276912649941,1.5390229517865042,2.1414953015009117,4.686757151146939,62.0,29.0,33.0,46.774193548387096,3131.4500000000003,2034.7,1096.7500000000002,326.46,0.0,0.0,,0.03290183073794982,0.13475573794662604,-0.0,0.049206349206349205,0.013303288976699787,0.013566802981939087,-0.014437315190958859
1a_broad,172,0.2786263110193533,True,112,21,74.0,43.0,17,8,2.6,10,35,1.8,1.5,1.0,0.015,0.5,7.970010211249792,1.14583421003039,0.6399205434632803,6.330988948415076,136.0,64.0,72.0,47.05882352941177,6262.66,5465.59,797.0699999999997,721.18,0.0,1.0,17.51710362280004,1.8489565664104528,3.145307682059975,4.686293425600787,69.0,36.0,33.0,52.17391304347826,3815.1000000000004,2063.38,1751.7200000000003,376.02,0.0,0.0,,0.05255131086840012,0.2122391416026132,-0.0,0.05476190476190477,0.007970010211249793,0.007291710501519499,-0.056187766926334086
1a_broad,173,0.3151590599417472,True,112,21,75.0,42.0,17,8,2.6,10,35,1.8,1.7000000000000002,1.0,0.015,0.5,8.490566517799834,1.1537624262664423,0.6321122392215073,7.191054663685572,131.0,58.0,73.0,44.274809160305345,6370.58,5521.57,849.0100000000002,694.85,0.0,1.0,21.07868908375003,1.982534155584455,3.5035233354452435,4.686300812215256,68.0,35.0,33.0,51.470588235294116,4253.19,2145.3300000000004,2107.859999999999,376.47,0.0,0.0,,0.0632360672512501,0.24563353889611372,-0.0,0.05396825396825397,0.008490566517799834,0.0076881213133221165,-0.06385748800499255
1a_broad,174,0.14059731104282938,True,112,21,76.0,43.0,17,9,2.6,9,36,1.7000000000000002,1.7000000000000002,1.0,0.015,0.5,5.026915268299908,1.098296706627221,0.45418750186387363,6.532133521459267,127.0,55.0,72.0,43.30708661417323,5616.919999999999,5114.21,502.7099999999991,662.93,0.0,1.0,8.335408293550046,1.3679819178711117,1.6279342638742325,4.623013749037296,64.0,27.0,37.0,42.1875,3098.7799999999993,2265.22,833.5599999999995,333.55,0.0,0.0,,0.025006224880650133,0.09199547946777792,-0.0,0.050793650793650794,0.005026915268299909,0.004914835331361046,-0.03713979469891041
1a_broad,175,0.3139739285973753,True,114,21,75.0,43.0,17,8,2.5,11,35,1.8,1.8,1.0,0.015,0.5,8.740761305049965,1.1706909346560952,0.6654569664753538,7.342361080279956,116.0,47.0,69.0,40.51724137931034,5994.64,5120.599999999999,874.0400000000009,611.93,0.0,1.0,19.169775395400045,2.036793457979307,3.2611419660837453,4.056429892275927,57.0,30.0,27.0,52.63157894736842,3765.9700000000003,1848.9700000000003,1917.0,312.57,0.0,0.0,,0.05750932618620014,0.25,-0.0,0.045238095238095244,0.008740761305049966,0.00853454673280476,-0.056048800864774824
1a_broad,176,0.19716251985219982,True,114,21,77.0,43.0,17,8,2.5,11,35,1.9000000000000001,1.8,1.0,0.015,0.5,0.01647121919984784,1.0003575042304667,0.045591347507892656,7.077383262871607,105.0,40.0,65.0,38.095238095238095,4616.98,4615.33,1.6499999999996362,526.01,0.0,1.0,19.062211474450034,2.2032140580323047,3.476763792706992,3.8662796883215083,50.0,27.0,23.0,54.0,3490.53,1584.29,1906.2400000000002,271.69,0.0,0.0,,0.0571866344233501,0.25,-0.0,0.03968253968253968,1.647121919984784e-05,1.7875211523332714e-05,-0.14974100068441315
1a_broad,177,-1.0036606311925835,False,115,21,77.0,42.0,17,7,2.5,11,35,1.9000000000000001,1.8,1.0,0.015,0.5,-2.1963787155500722,0.9579332585207798,-0.12209391221888524,7.9871143845466595,118.0,45.0,73.0,38.13559322033898,5002.27,5221.94,-219.66999999999916,580.48,0.0,1.0,17.207103279000023,1.7120004634342127,2.840950304554195,3.281165516037753,64.0,31.0,33.0,48.4375,4137.459999999999,2416.74,1720.7199999999993,347.98,0.0,0.0,0.021963787155500722,,,,,,,
1a_broad,178,0.24489220759276265,True,108,21,77.0,43.0,17,8,2.5,12,34,1.9000000000000001,1.9,1.0,0.015,0.5,2.7350907430998084,1.0580371069088963,0.27092213023740647,6.772384640303801,103.0,41.0,62.0,39.80582524271845,4985.82,4712.33,273.4899999999998,517.9,0.0,1.0,19.047005439349995,2.035242003424192,3.2964661803385193,3.5258473594313715,56.0,27.0,29.0,48.214285714285715,3744.54,1839.8500000000001,1904.6899999999998,306.02,0.0,0.0,,0.057141016318049985,0.25,-0.0,0.044444444444444446,0.0027350907430998086,0.002901855345444815,-0.1123301992582764
1a_broad,179,-1.0034013605442178,False,113,21,77.0,43.0,17,9,2.5,12,35,1.9000000000000001,1.9,1.0,0.015,0.5,2.148209535599835,1.0506779153189754,0.2280390412741582,6.773789811060479,96.0,37.0,59.0,38.541666666666664,4453.54,4238.73,214.8100000000004,485.37,0.0,1.0,10.631436746750024,1.6972755653497038,2.2400223790845457,3.8630088293661284,42.0,19.0,23.0,45.23809523809524,2587.870000000001,1524.7200000000003,1063.1500000000005,219.19,0.0,0.0,0.020408163265306145,,,,,,,
1a_broad,180,0.2600732747178415,True,108,21,78.0,42.0,17,8,2.5,11,34,1.9000000000000001,2.0,1.0,0.015,0.5,3.6790474988499593,1.0769913300785379,0.3454196565663582,6.740103339394153,103.0,40.0,63.0,38.83495145631068,5146.5,4778.59,367.90999999999985,524.41,0.0,1.0,21.311862924699998,2.1585513690997153,3.577850960851866,3.529037675372579,56.0,27.0,29.0,48.214285714285715,3970.72,1839.5300000000002,2131.1899999999996,309.39,0.0,0.0,,0.0639355887741,0.25,-0.0,0.044444444444444446,0.003679047498849959,0.0038495665039268937,-0.10583537250347981
1a_broad,181,0.24458304596231967,True,109,21,79.0,42.0,17,8,2.5,11,34,1.9000000000000001,2.0,1.0,0.015,0.5,2.4956391711498145,1.0516306540200042,0.23920133205459598,7.051017705667532,104.0,39.0,65.0,37.5,5083.529999999999,4833.95,249.57999999999902,526.41,0.0,1.0,21.590298248949967,2.1907466950512626,3.622443968015989,3.529037675372579,55.0,27.0,28.0,49.09090909090909,3972.24,1813.1900000000003,2159.0499999999993,303.67,0.0,0.0,,0.0647708947468499,0.25,-0.0,0.043650793650793655,0.002495639171149815,0.002581532701000211,-0.1189158143074739
1a_broad,182,-1.0277777777777777,False,113,21,78.0,42.0,17,8,2.4000000000000004,11,33,2.0,2.0,1.0,0.015,0.5,4.685194412549845,1.1134655580394448,0.4204805233287566,7.969780540669015,91.0,36.0,55.0,39.56043956043956,4597.31,4128.83,468.4800000000005,465.55,0.0,0.0,15.746775143400027,2.301450473160047,3.3692420111175143,3.609756691477924,38.0,19.0,19.0,50.0,2784.64,1209.9500000000003,1574.6899999999996,210.27,0.0,0.0,0.16666666666666663,,,,,,,
1a_broad,183,-1.0051020408163265,False,109,21,79.0,41.0,17,8,2.4000000000000004,10,34,1.9000000000000001,2.0,1.0,0.015,0.5,3.439485057949896,1.0795293214515285,0.3206124357644221,7.966568216776812,95.0,37.0,58.0,38.94736842105263,4668.77,4324.820000000001,343.9499999999998,484.62,0.0,1.0,17.150197990499947,2.1092103816477925,3.284533657651418,3.5255128469674437,50.0,23.0,27.0,46.0,3261.2400000000002,1546.19,1715.0500000000002,275.34,0.0,0.0,0.030612244897959218,,,,,,,
1a_broad,184,0.23712200090149468,True,107,21,79.0,43.0,17,7,2.5,10,34,1.9000000000000001,2.2,1.0,0.015,0.5,4.8539381388998475,1.08588267766969,0.3977797233446411,8.091376271779856,119.0,44.0,75.0,36.97478991596638,6137.17,5651.78,485.3900000000003,609.0,0.0,1.0,21.895174742750005,1.8187012268309923,3.210792340008877,3.528716553328833,67.0,29.0,38.0,43.28358208955224,4863.88,2674.3699999999994,2189.5100000000007,377.64,0.0,0.0,,0.06568552422825001,0.20467530670774808,-0.0,0.05317460317460318,0.004853938138899848,0.004294133883484497,-0.09556150523149093
1a_broad,185,0.23928442829980323,True,107,21,79.0,42.0,17,7,2.5,10,33,1.9000000000000001,2.2,1.0,0.015,0.5,6.6897441653498575,1.119510382576137,0.5259747574310718,7.679351235578359,118.0,45.0,73.0,38.13559322033898,6266.840000000002,5597.839999999999,669.0000000000027,610.17,0.0,1.0,20.634512925599992,1.7460212441340013,3.0406210535714253,3.528836060421922,69.0,29.0,40.0,42.028985507246375,4829.39,2765.9400000000005,2063.45,385.35,0.0,0.0,,0.06190353877679998,0.18650531103350032,-0.0,0.05476190476190477,0.006689744165349858,0.00597551912880685,-0.07655158956655855
1a_broad,186,0.21865560681000906,True,107,21,80.0,43.0,17,7,2.5,11,33,2.0,2.2,1.0,0.015,0.5,7.9329340978498655,1.1492190027613294,0.6154792501699872,8.330534023403882,109.0,41.0,68.0,37.61467889908257,6109.57,5316.28,793.29,565.86,0.0,0.0,15.790884922949955,1.6413396204192203,2.567013852710792,4.35740172971821,57.0,24.0,33.0,42.10526315789474,4041.29,2462.19,1579.1,312.52,0.0,0.0,,0.047372654768849866,0.16033490510480508,-0.0,0.045238095238095244,0.007932934097849866,0.007460950138066469,-0.04968393253765747
1a_broad,187,0.24559579861173114,True,108,21,79.0,43.0,17,7,2.5,12,33,2.0,2.2,1.0,0.015,0.5,8.336371621999879,1.1609922845913925,0.6483723523539479,8.468232111891664,104.0,39.0,65.0,37.5,6011.56,5177.95,833.6100000000006,539.86,0.0,0.0,17.403275387749964,1.7415748051627091,2.877070791525442,3.711662620842345,56.0,24.0,32.0,42.857142857142854,4087.1800000000003,2346.83,1740.3500000000004,308.82,0.0,0.0,,0.052209826163249894,0.18539370129067728,-0.0,0.044444444444444446,0.008336371621999879,0.008049614229569624,-0.052838159138209974
1a_broad,188,0.2079156952077879,True,107,21,80.0,43.0,16,7,2.5,12,33,2.0,2.4000000000000004,1.0,0.015,0.5,6.983011040599958,1.1273825160537072,0.5293876499737803,7.9654476898755,108.0,38.0,70.0,35.18518518518518,6179.860000000001,5481.599999999999,698.2600000000011,554.1,0.0,0.0,15.797476123300003,1.6430650367783248,2.3010665681303526,6.588322915732819,56.0,23.0,33.0,41.07142857142857,4036.37,2456.6099999999997,1579.7600000000002,305.08,0.0,0.0,,0.04739242836990001,0.1607662591945812,-0.0,0.044444444444444446,0.006983011040599958,0.006369125802685361,-0.05803957364442308
1a_broad,189,0.21529993415863777,True,111,21,80.0,43.0,16,7,2.4000000000000004,12,33,2.0,2.2,1.0,0.015,0.5,3.1518981227499174,1.0587276270826422,0.27969425919191465,9.72758564860674,109.0,39.0,70.0,35.77981651376147,5682.169999999998,5366.98,315.1899999999987,567.55,0.0,0.0,17.764885892600013,1.880938212833482,3.114916438771384,3.3112180729748273,51.0,23.0,28.0,45.09803921568628,3793.0999999999995,2016.6,1776.4999999999995,282.65,0.0,0.0,,0.05329465767780004,0.2202345532083705,-0.0,0.04047619047619048,0.0031518981227499176,0.0029363813541321117,-0.10479374668060527
1a_broad,190,0.1371842967951882,True,107,21,80.0,42.0,11,7,2.4000000000000004,12,33,2.0,2.4000000000000004,1.0,0.015,0.5,3.7972647989999677,1.0727953705993187,0.3200006447237553,10.630781321457123,103.0,35.0,68.0,33.980582524271846,5596.869999999999,5217.089999999999,379.77999999999975,514.51,0.0,0.0,12.96014601965002,1.523290790679646,2.1880161851110005,6.553661998662166,53.0,21.0,32.0,39.62264150943396,3772.7799999999997,2476.73,1296.0499999999997,286.59,0.0,0.0,,0.03888043805895006,0.1308226976699115,-0.0,0.04206349206349207,0.003797264798999968,0.003639768529965937,-0.08201936432613133
1a_broad,191,0.2476084256675562,True,107,21,79.0,43.0,16,6,2.5,12,33,2.0,2.2,1.0,0.015,0.5,12.930261329699825,1.2105696855997319,0.8519148955963395,8.900979566848505,120.0,47.0,73.0,39.166666666666664,7433.600000000001,6140.58,1293.0200000000013,635.38,0.0,0.0,15.655115090149922,1.5754551569753978,2.3068944276826002,4.595842354164821,60.0,25.0,35.0,41.666666666666664,4286.01,2720.4900000000002,1565.52,327.84,0.0,0.0,,0.04696534527044976,0.14386378924384946,-0.0,0.047619047619047616,0.012930261329699825,0.010528484279986594,-0.014298502075477058
1a_broad,192,0.26427138158365465,True,108,21,79.0,43.0,16,6,2.5,12,33,2.0,2.2,1.0,0.015,0.5,12.534377415449926,1.2123188356698082,0.8379502776783407,9.464845309071771,114.0,44.0,70.0,38.59649122807018,7156.9000000000015,5903.480000000001,1253.42,602.74,0.0,0.0,17.19730746124995,1.6649151906711674,2.5665497895749234,4.595461650603135,59.0,25.0,34.0,42.3728813559322,4306.12,2586.3899999999994,1719.7300000000005,324.14,0.0,0.0,,0.05159192238374985,0.16622879766779186,-0.0,0.046825396825396826,0.012534377415449927,0.010615941783490413,-0.023525054492224223
1a_broad,193,0.17617524960298497,True,107,21,79.0,43.0,16,6,2.5,12,31,2.0,2.2,1.0,0.015,0.5,7.522918449799872,1.1187268801999823,0.5299336897317619,9.807778200340595,123.0,46.0,77.0,37.39837398373984,7088.88,6336.5599999999995,752.3200000000006,636.0600000000001,0.0,0.0,12.632854941599945,1.4640814362282477,1.9356900314754115,4.59555129915355,59.0,23.0,36.0,38.983050847457626,3985.42,2722.13,1263.29,319.54,0.0,0.0,,0.03789856482479983,0.11602035905706193,-0.0,0.046825396825396826,0.007522918449799872,0.0059363440099991175,-0.03802833356407259
1a_broad,194,0.35600257132070723,True,111,21,79.0,43.0,16,6,2.3,12,33,2.0,2.2,1.0,0.015,0.5,14.659050784999907,1.2754179489780963,0.9978291383421886,7.2615246545154415,106.0,41.0,65.0,38.679245283018865,6788.3099999999995,5322.42,1465.8899999999994,578.3,0.0,0.0,21.05289039174995,2.0854351412662404,3.4499366645797394,4.046192537128044,52.0,24.0,28.0,46.15384615384615,4044.91,1939.6000000000001,2105.3099999999995,293.08,0.0,0.0,,0.06315867117524986,0.25,-0.0,0.04126984126984127,0.014659050784999909,0.013770897448904819,-0.02685588935828864
1a_broad,195,-1.0085034013605443,False,108,21,79.0,42.0,16,6,2.2,13,33,2.0,2.2,1.0,0.015,0.5,15.591750887499947,1.3196535287786377,1.136861815598449,8.72218829183151,93.0,38.0,55.0,40.86021505376344,6436.939999999999,4877.749999999999,1559.1899999999996,504.71999999999997,0.0,0.0,24.237360136750013,2.4109829079731737,3.925686745734202,3.821930485151645,47.0,23.0,24.0,48.93617021276596,4141.49,1717.7600000000002,2423.7299999999996,270.23,0.0,0.0,0.05102040816326525,,,,,,,
1a_broad,196,0.2847767553665861,True,111,21,80.0,44.0,16,6,2.3,12,32,2.0,2.2,1.0,0.015,0.5,8.796802923549858,1.1637662057204985,0.635109300366751,7.260572498795952,107.0,39.0,68.0,36.44859813084112,6251.24,5371.5599999999995,879.6800000000003,563.65,0.0,0.0,18.150456183599964,1.893372906884026,3.0449802635529295,4.046497450515584,53.0,23.0,30.0,43.39622641509434,3846.69,2031.66,1815.03,296.1,0.0,0.0,,0.05445136855079989,0.22334322672100648,-0.0,0.04206349206349207,0.00879680292354986,0.008188310286024925,-0.052066445178287166
1a_broad,197,-1.0029606080958335,False,111,21,79.0,44.0,16,5,2.3,12,31,2.0,2.2,1.0,0.015,0.5,-1.776364857500084,0.9714976868338819,-0.05144056103206266,14.831110665793377,118.0,40.0,78.0,33.898305084745765,6056.2,6233.88,-177.6800000000003,581.96,0.0,0.0,15.945458847150057,1.5548391586492458,2.3262157704945783,5.440161289097214,63.0,25.0,38.0,39.682539682539684,4468.53,2873.95,1594.58,346.07,0.0,0.0,0.017763648575000842,,,,,,,
1a_broad,198,0.30275995638248,True,110,21,80.0,42.0,16,6,2.3,13,32,2.0,2.1,1.0,0.015,0.5,10.963161670849932,1.2093032135874875,0.7846894985169404,7.605080925277881,107.0,42.0,65.0,39.25233644859813,6334.039999999999,5237.76,1096.2799999999988,564.0,0.0,0.0,18.19167867340002,1.887533663791421,3.0532578214365724,3.274944792983751,53.0,24.0,29.0,45.283018867924525,3868.8399999999997,2049.68,1819.1599999999999,296.62,0.0,0.0,,0.05457503602020006,0.22188341594785527,-0.0,0.04206349206349207,0.010963161670849932,0.010465160679374376,-0.03719030999929174
1a_broad,199,0.1825817674749764,True,111,21,80.0,42.0,16,6,2.3,13,32,2.0,2.3,1.0,0.015,0.5,1.3933618137999657,1.0256522579398308,0.1457070188620048,9.03071386661109,105.0,35.0,70.0,33.333333333333336,5572.419999999999,5433.050000000001,139.36999999999807,522.42,0.0,0.0,18.49522833049994,1.8453564425674285,2.971182472240081,4.93331458572039,53.0,22.0,31.0,41.509433962264154,4037.3999999999996,2187.87,1849.5299999999997,300.07,0.0,0.0,,0.05548568499149982,0.21133911064185712,-0.0,0.04206349206349207,0.0013933618137999659,0.0012826128969915418,-0.12898249493266412
1a_broad,200,0.32173371930042066,True,110,21,78.0,41.0,16,6,2.3,12,33,2.0,2.3,1.0,0.015,0.5,10.126708764849937,1.1927315982300037,0.7093715514552882,8.55428119157995,104.0,38.0,66.0,36.53846153846154,6266.909999999998,5254.250000000001,1012.6599999999971,545.22,0.0,0.0,22.963820846499967,2.1642052857584653,3.627836522979153,4.046151809085112,52.0,24.0,28.0,46.15384615384615,4268.83,1972.47,2296.3599999999997,295.9,0.0,0.0,,0.06889146253949989,0.25,-0.0,0.04126984126984127,0.010126708764849938,0.009636579911500187,-0.05819087318527061
1a_broad,201,0.23689808583130711,True,109,21,78.0,41.0,16,5,2.3,12,33,2.0,2.1,1.0,0.015,0.5,9.967958630949907,1.1718654898262153,0.6519607226058578,9.48099626247589,115.0,45.0,70.0,39.130434782608695,6796.48,5799.71,996.7699999999995,596.61,0.0,0.0,17.674665768350025,1.6253555910950084,2.5428324297444065,4.475367507325254,64.0,28.0,36.0,43.75,4593.71,2826.2799999999997,1767.4300000000003,352.19,0.0,0.0,,0.05302399730505008,0.1563388977737521,-0.0,0.050793650793650794,0.009967958630949908,0.008593274491310766,-0.041819693163406516
1a_broad,202,0.22830941536833088,True,108,21,78.0,40.0,16,5,2.2,12,32,2.0,2.1,1.0,0.015,0.5,8.140330667799862,1.1434712264450222,0.5735579321848993,8.32019643175394,113.0,44.0,69.0,38.93805309734513,6488.009999999999,5673.960000000001,814.0499999999984,580.49,0.0,1.0,17.69986285649993,1.6679018448430047,2.627645323193129,4.975704835166748,61.0,25.0,36.0,40.98360655737705,4420.089999999999,2650.0900000000006,1769.9999999999986,339.76,0.0,0.0,,0.053099588569499784,0.16697546121075119,-0.0,0.048412698412698414,0.008140330667799863,0.00717356132225111,-0.05549222481466947
1a_broad,203,0.2260066526197425,True,108,21,78.0,40.0,16,5,2.1,12,31,2.0,2.1,1.0,0.015,0.5,7.816814037999883,1.1408589014537247,0.5557176901731143,8.959942679506545,109.0,42.0,67.0,38.53211009174312,6331.629999999999,5549.880000000001,781.7499999999982,561.68,0.0,1.0,16.45620758099991,1.6797161550408088,2.6199288647025676,6.015599834156772,57.0,23.0,34.0,40.35087719298246,4066.66,2421.04,1645.62,320.63,0.0,0.0,,0.049368622742999725,0.1699290387602022,-0.0,0.045238095238095244,0.007816814037999885,0.007042945072686236,-0.05338886323224079
1a_broad,204,0.16879801509076728,True,110,21,78.0,40.0,16,5,2.0,12,32,2.0,2.1,1.0,0.015,0.5,5.483267421399832,1.1079415823321794,0.414575884168808,8.553321881989465,102.0,38.0,64.0,37.254901960784316,5628.31,5079.969999999999,548.340000000001,522.52,0.0,1.0,11.986924816400023,1.5429366017601311,2.132404259534845,3.4915119053092476,53.0,21.0,32.0,39.62264150943396,3406.48,2207.79,1198.69,287.66,0.0,0.0,,0.03596077444920007,0.13573415044003279,-0.0,0.04206349206349207,0.005483267421399832,0.0053970791166089715,-0.05584074839996645
1a_broad,205,-1.0046393991345,False,114,21,78.0,42.0,16,5,2.1,12,31,2.0,2.3,1.0,0.015,0.5,-2.783639480699985,0.9509100976578344,-0.12405631657809384,11.885699793466937,108.0,35.0,73.0,32.407407407407405,5392.4400000000005,5670.82,-278.3799999999992,526.91,0.0,0.0,18.89021072179992,1.7979698562087087,2.731646324770644,4.836747832990598,51.0,22.0,29.0,43.13725490196079,4256.37,2367.3199999999997,1889.0500000000002,287.71,0.0,0.0,0.027836394806999853,,,,,,,
1a_broad,206,0.03778749785667382,True,67,21,79.0,40.0,16,5,2.1,13,31,2.0,2.1,1.0,0.015,0.5,0.6147096755999882,1.0087138682034524,0.09683108760639018,12.029677866222475,133.0,49.0,84.0,36.8421052631579,7116.900000000001,7055.419999999998,61.48000000000229,672.96,0.0,0.0,9.89546724240001,1.3484944532488115,1.5903559078505929,4.960897986486409,66.0,25.0,41.0,37.878787878787875,3829.05,2839.5,989.5500000000002,346.27,0.0,0.0,,0.029686401727200027,0.08712361331220286,-0.0,0.05238095238095239,0.0006147096755999882,0.0004356934101726218,-0.13245387264945407
1a_broad,207,-1.0034013605442178,False,108,21,78.0,40.0,15,6,2.2,12,32,2.0,2.1,1.0,0.015,0.5,12.590346683999906,1.2644177152182268,0.9600223881759371,6.586643681897238,96.0,40.0,56.0,41.666666666666664,6020.3099999999995,4761.33,1258.9799999999996,508.74,0.0,1.0,17.486261545400048,2.000457710418061,3.064438246168569,3.5796059940058806,48.0,22.0,26.0,45.833333333333336,3496.4599999999996,1747.83,1748.6299999999997,268.91,0.0,0.0,0.020408163265306145,,,,,,,
1a_broad,208,0.325127892743615,True,109,20,79.0,41.0,16,6,2.2,12,30,2.0,2.1,1.0,0.015,0.5,10.916330592049944,1.224018731672081,0.8022979795801928,7.503636854332371,99.0,39.0,60.0,39.39393939393939,5964.68,4873.03,1091.6500000000005,523.37,0.0,0.0,18.948789262599966,2.1171448953242265,3.218174494181568,4.195440926403742,46.0,22.0,24.0,47.82608695652174,3591.08,1696.19,1894.8899999999999,256.43,0.0,0.0,,0.0568463677877999,0.25,-0.0,0.03650793650793651,0.010916330592049946,0.011200936583604049,-0.04034367872777543
1a_broad,209,0.2628180040885978,True,112,20,79.0,41.0,16,6,2.2,12,30,2.0,2.3,1.0,0.015,0.5,4.797086290399929,1.0954935622317599,0.38900672451773055,8.6583891355441,100.0,35.0,65.0,35.0,5503.1900000000005,5023.48,479.71000000000095,508.21999999999997,0.0,0.0,19.12102986459993,2.073412264007949,3.1586098771872315,3.4825620934521497,45.0,20.0,25.0,44.44444444444444,3693.39,1781.31,1912.08,255.07,0.0,0.0,,0.05736308959379978,0.25,-0.0,0.03571428571428572,0.00479708629039993,0.004774678111587993,-0.08983113562147566
1a_broad,210,0.246197250531626,True,113,20,79.0,44.0,16,6,2.3,13,30,1.9000000000000001,2.4000000000000004,1.0,0.015,0.5,7.13473748929995,1.1238232598825344,0.5148066756812377,11.008581598819005,115.0,41.0,74.0,35.65217391304348,6475.110000000001,5761.68,713.4300000000003,582.87,0.0,1.0,21.000827796199992,1.781523518904436,2.9705994700470684,4.933223512211525,61.0,25.0,36.0,40.98360655737705,4787.31,2687.2,2100.1100000000006,349.73,0.0,0.0,,0.06300248338859997,0.195380879726109,-0.0,0.048412698412698414,0.00713473748929995,0.00619116299412672,-0.07392471147920808
1a_broad,211,0.246197250531626,True,113,20,79.0,44.0,16,6,2.3,13,30,1.9000000000000001,2.4000000000000004,1.0,0.015,0.5,7.13473748929995,1.1238232598825344,0.5148066756812377,11.008581598819005,115.0,41.0,74.0,35.65217391304348,6475.110000000001,5761.68,713.4300000000003,582.87,0.0,1.0,21.000827796199992,1.781523518904436,2.9705994700470684,4.933223512211525,61.0,25.0,36.0,40.98360655737705,4787.31,2687.2,2100.1100000000006,349.73,0.0,0.0,,0.06300248338859997,0.195380879726109,-0.0,0.048412698412698414,0.00713473748929995,0.00619116299412672,-0.07392471147920808
1a_broad,212,0.13917132525892667,True,114,20,79.0,44.0,16,6,2.3,13,29,1.9000000000000001,2.5,1.0,0.015,0.5,3.890542542449821,1.0653458095876351,0.3027346815233343,11.174408761063038,115.0,38.0,77.0,33.04347826086956,6342.76,5953.710000000001,389.0499999999993,579.76,0.0,1.0,13.249998999000038,1.5189014337128108,1.9475789980686884,5.3657675679098045,56.0,21.0,35.0,37.5,3878.53,2553.51,1325.02,305.78000000000003,0.0,0.0,,0.03974999699700011,0.1297253584282027,-0.0,0.044444444444444446,0.003890542542449821,0.0032672904793817573,-0.08190630763255217
1a_broad,213,0.251871067156605,True,111,20,79.0,42.0,15,6,2.2,13,30,2.0,2.3,1.0,0.015,0.5,3.741865407200003,1.0736397720898652,0.3044551075887317,9.557093669515744,99.0,33.0,66.0,33.333333333333336,5455.110000000001,5080.95,374.16000000000076,498.8,0.0,0.0,20.620648443399876,2.1245017150273475,3.382172677907001,3.212106046936662,46.0,21.0,25.0,45.65217391304348,3895.89,1833.79,2062.1,262.6,0.0,0.0,,0.06186194533019962,0.25,-0.0,0.03650793650793651,0.003741865407200003,0.003681988604493258,-0.10392266869322436
1a_broad,214,0.273321236694563,True,115,20,79.0,42.0,15,6,2.2,13,30,2.0,2.4000000000000004,1.0,0.015,0.5,5.82237847964996,1.1100305398908425,0.44828186399580905,7.128724353454005,101.0,35.0,66.0,34.65346534653465,5873.66,5291.44,582.2200000000003,514.81,0.0,0.0,20.524612213149958,2.105284414934005,3.323253995113947,3.058428690927519,43.0,20.0,23.0,46.51162790697674,3909.45,1856.97,2052.4799999999996,245.74,0.0,0.0,,0.06157383663944987,0.25,-0.0,0.03412698412698413,0.005822378479649961,0.005501526994542128,-0.08370348954606309
1a_broad,215,0.311653774516091,True,116,20,79.0,42.0,15,6,2.2,13,30,2.0,2.4000000000000004,1.0,0.015,0.5,9.674323311699972,1.1850021704667366,0.7000725298627294,6.6877858401223,100.0,36.0,64.0,36.0,6196.720000000001,5229.29,967.4300000000012,518.47,0.0,0.0,19.987507584099966,2.0474857846605348,3.2426579810974263,3.4903501224209177,44.0,20.0,24.0,45.45454545454545,3906.91,1908.15,1998.7599999999998,251.5,0.0,0.0,,0.05996252275229989,0.25,-0.0,0.03492063492063492,0.009674323311699972,0.00925010852333683,-0.05215381499188063
1a_broad,216,-1.0464852607709751,False,116,20,79.0,42.0,15,6,2.0,13,30,2.0,2.4000000000000004,1.0,0.015,0.5,1.441160726199887,1.0315506991323227,0.15750725873424531,7.893979633184244,87.0,28.0,59.0,32.18390804597701,4712.659999999999,4568.52,144.1399999999985,442.67,0.0,0.0,9.344629322699983,1.5720022035869499,1.9165165685940126,5.286651455513285,35.0,14.0,21.0,40.0,2568.18,1633.6999999999998,934.48,186.72,0.0,0.0,0.2789115646258503,,,,,,,
1a_broad,217,0.20533199241425248,True,115,20,80.0,41.0,15,6,2.2,13,29,2.0,2.4000000000000004,1.0,0.015,0.5,3.00208807074996,1.0571823656913426,0.25971621992914257,8.603382540703103,98.0,33.0,65.0,33.673469387755105,5550.4400000000005,5250.22,300.22000000000025,496.73,0.0,0.0,17.96274287145001,1.8644628178720621,2.908377667139669,3.0723836808316864,46.0,20.0,26.0,43.47826086956522,3874.1300000000006,2077.88,1796.2500000000005,259.6,0.0,0.0,,0.05388822861435003,0.21611570446801553,-0.0,0.03650793650793651,0.00300208807074996,0.0028591182845671306,-0.10704108353136668
1a_broad,218,0.22918947552475935,True,113,20,79.0,42.0,15,6,2.2,13,30,2.0,2.3,1.0,0.015,0.5,2.3919695081000283,1.0465516435945748,0.21774642444394657,9.086822492798653,99.0,34.0,65.0,34.343434343434346,5376.68,5137.52,239.15999999999985,495.6,0.0,0.0,18.85793618334992,2.0338647602548217,3.121639479314325,3.2122460289398247,43.0,20.0,23.0,46.51162790697674,3709.8099999999995,1824.0199999999998,1885.7899999999997,242.52,0.0,0.0,,0.05657380855004976,0.25,-0.0,0.03412698412698413,0.0023919695081000285,0.002327582179728738,-0.1162308688401033
1a_broad,219,0.25131445165501104,True,112,20,79.0,44.0,14,6,2.2,13,30,2.0,2.3,1.0,0.015,0.5,3.9252388662500017,1.0780907092191527,0.32406472573940215,8.710657181109731,98.0,34.0,64.0,34.69387755102041,5418.43,5025.95,392.4800000000005,499.32,0.0,0.0,19.252986579999906,2.0722126003107477,3.2191972759158105,3.212230757587658,44.0,20.0,24.0,45.45454545454545,3721.01,1795.67,1925.3400000000001,250.63,0.0,0.0,,0.05775895973999971,0.25,-0.0,0.03492063492063492,0.0039252388662500024,0.003904535460957637,-0.09919491733283126
1a_broad,220,-1.0379818594104309,False,116,20,80.0,44.0,14,6,2.1,13,30,2.0,2.5,1.0,0.015,0.5,1.7630899835498166,1.035310966449675,0.17618549068547268,7.4718669314176145,92.0,28.0,64.0,30.434782608695652,5168.790000000002,4992.5,176.29000000000178,471.95,0.0,0.0,13.334554473699992,1.8289094164159438,2.2725819064089285,3.4956034524914523,35.0,15.0,20.0,42.857142857142854,2942.13,1608.6799999999998,1333.4500000000003,190.12,0.0,0.0,0.22789115646258495,,,,,,,
1a_broad,221,0.014250783753477728,True,45,20,79.0,42.0,14,6,2.2,13,29,2.0,2.3,1.0,0.015,0.5,9.022975063899976,1.1546596733000805,0.6301861530741387,9.583570942408858,117.0,40.0,77.0,34.18803418803419,6736.4,5834.1,902.2999999999993,610.44,0.0,0.0,2.628715558099957,1.0845304133905744,0.4824230686492652,7.650787918633968,64.0,22.0,42.0,34.375,3372.51,3109.65,262.8600000000001,329.02,0.0,0.0,,0.007886146674299871,0.021132603347643608,-0.0,0.050793650793650794,0.009022975063899976,0.007732983665004023,-0.08231757579102054
1a_broad,222,-1.0002459564953337,False,111,20,79.0,44.0,15,6,2.3,12,30,1.9000000000000001,2.6,1.0,0.015,0.5,-0.14757389720014544,0.9975653810343181,0.0479897927461014,13.484566733342207,117.0,37.0,80.0,31.623931623931625,6064.179999999999,6078.9800000000005,-14.800000000001091,590.15,0.0,1.0,28.197945593300044,2.112975417988917,3.6742661827075973,4.874478641812422,63.0,26.0,37.0,41.26984126984127,5353.35,2533.56,2819.7900000000004,370.98,0.0,0.0,0.0014757389720014545,,,,,,,
1a_broad,223,-1.0068902324529168,False,113,20,80.0,42.0,13,6,2.3,13,28,2.0,2.3,1.0,0.015,0.5,-4.134139471750113,0.9255927633733971,-0.2382131681415299,14.306377655689923,107.0,34.0,73.0,31.77570093457944,5142.760000000001,5556.179999999999,-413.41999999999825,525.66,0.0,0.0,15.528643569649903,1.6779373180069932,2.456368270380201,4.9729205037001964,52.0,21.0,31.0,40.38461538461539,3843.4999999999995,2290.6100000000006,1552.889999999999,288.33,0.0,0.0,0.04134139471750113,,,,,,,
1a_broad,224,0.1952636660450299,True,110,19,78.0,43.0,15,6,2.2,14,29,1.9000000000000001,2.4000000000000004,1.0,0.015,0.5,5.10475904799996,1.0918888268860367,0.37875450552816886,10.540437203478485,108.0,35.0,73.0,32.407407407407405,6065.7699999999995,5555.299999999999,510.47000000000025,539.27,0.0,1.0,15.67642747779997,1.6879402123112435,2.370419166979406,4.021034048550701,54.0,21.0,33.0,38.888888888888886,3846.3599999999997,2278.73,1567.6299999999997,299.56,0.0,0.0,,0.04702928243339991,0.17198505307781087,-0.0,0.04285714285714286,0.00510475904799996,0.0045944413443018365,-0.07630701271562554
1a_broad,225,0.18977990390613958,True,116,20,79.0,44.0,15,6,2.3,12,30,2.0,2.3,1.0,0.015,0.5,3.0112549170999046,1.0537951731899462,0.25665533072506763,7.836996036335318,111.0,38.0,73.0,34.234234234234236,5899.04,5597.900000000001,301.1399999999994,559.52,0.0,0.0,16.581068518899954,1.7941777984261469,2.6991463427890943,3.9853574132933627,50.0,21.0,29.0,42.0,3746.0099999999998,2087.8700000000003,1658.1399999999994,278.16,0.0,0.0,,0.049743205556699865,0.19854444960653672,-0.0,0.03968253968253968,0.003011254917099905,0.00268975865949731,-0.10389130451623389
1a_broad,226,-1.0300604752924702,False,112,20,79.0,41.0,14,6,2.0,13,27,2.0,2.5,1.0,0.015,0.5,-0.3492103455501456,0.9921035800569066,0.01943944153866135,11.573529766074909,83.0,25.0,58.0,30.120481927710845,4389.849999999999,4424.79,-34.94000000000051,428.29,0.0,0.0,9.060661329449976,1.4969751153185862,1.6362567480295687,4.623005731424939,41.0,15.0,26.0,36.58536585365854,2729.2999999999997,1823.2100000000003,906.0899999999995,219.88,0.0,0.0,0.18036285175482117,,,,,,,
1a_broad,227,0.3163328554287807,True,106,20,80.0,42.0,16,6,2.2,12,31,1.9000000000000001,2.3,1.0,0.015,0.5,8.748497505099948,1.1568053541630445,0.6437372090872954,8.680322982616161,114.0,42.0,72.0,36.8421052631579,6454.0599999999995,5579.21,874.8499999999995,583.87,0.0,1.0,24.24029484529992,1.9962067661756961,3.404507449738912,4.211944427262623,61.0,27.0,34.0,44.26229508196721,4857.329999999998,2433.28,2424.049999999998,349.0,0.0,0.0,,0.07272088453589975,0.24905169154392404,-0.0,0.048412698412698414,0.008748497505099947,0.007840267708152228,-0.07044118427699365
1a_broad,228,0.2905412014275514,True,110,20,80.0,43.0,16,6,2.2,12,31,2.0,2.3,1.0,0.015,0.5,7.275822208050031,1.1445362860372306,0.5433300223066978,8.072605809438196,99.0,35.0,64.0,35.35353535353536,5761.629999999999,5034.03,727.5999999999995,511.03,0.0,0.0,21.418040390599927,2.2398048080207005,3.520580641720326,3.913349432267131,45.0,21.0,24.0,46.666666666666664,3869.3300000000004,1727.53,2141.8,255.03,0.0,0.0,,0.06425412117179978,0.25,-0.0,0.03571428571428572,0.0072758222080500316,0.007226814301861529,-0.07392984196844565
1a_broad,229,-1.003968253968254,False,114,20,80.0,43.0,16,6,2.2,12,31,2.0,2.3,1.0,0.015,0.5,4.21138975869997,1.0832896587050291,0.3482847846851265,7.710559014399173,99.0,35.0,64.0,35.35353535353536,5477.47,5056.33,421.1400000000003,500.84,0.0,0.0,19.86316803999998,2.1677709515270878,3.2950663345727356,3.4826718320354417,41.0,20.0,21.0,48.78048780487805,3687.27,1700.95,1986.32,230.22,0.0,0.0,0.023809523809523836,,,,,,,
1a_broad,230,-1.0036599200408334,False,111,19,80.0,44.0,16,5,2.1,12,30,2.0,2.4000000000000004,1.0,0.015,0.5,-2.195952024500075,0.9614541292375968,-0.07739186580813737,13.329280485130674,109.0,33.0,76.0,30.275229357798164,5476.759999999999,5696.33,-219.57000000000062,529.19,0.0,0.0,13.683526247299996,1.581317892357822,1.8811054983080808,6.9155457448257796,52.0,20.0,32.0,38.46153846153846,3722.28,2353.91,1368.3700000000003,283.36,0.0,0.0,0.02195952024500075,,,,,,,
1a_broad,231,0.3163328554287807,True,106,20,78.0,43.0,16,6,2.2,12,31,1.9000000000000001,2.3,1.0,0.015,0.5,8.748497505099948,1.1568053541630445,0.6437372090872954,8.680322982616161,114.0,42.0,72.0,36.8421052631579,6454.0599999999995,5579.21,874.8499999999995,583.87,0.0,1.0,24.24029484529992,1.9962067661756961,3.404507449738912,4.211944427262623,61.0,27.0,34.0,44.26229508196721,4857.329999999998,2433.28,2424.049999999998,349.0,0.0,0.0,,0.07272088453589975,0.24905169154392404,-0.0,0.048412698412698414,0.008748497505099947,0.007840267708152228,-0.07044118427699365
1a_broad,232,0.2665190775495765,True,106,20,78.0,43.0,16,6,2.2,12,31,2.0,2.3,1.0,0.015,0.5,6.266830904449962,1.1169730036454317,0.4866873780425943,8.141039168023676,104.0,38.0,66.0,36.53846153846154,5984.0599999999995,5357.39,626.6699999999992,530.46,0.0,0.0,18.545708212249938,1.9396044218824413,3.001302209156973,4.859992544429467,48.0,21.0,27.0,43.75,3828.4300000000003,1973.82,1854.6100000000004,268.76,0.0,0.0,,0.05563712463674981,0.23490110547061033,-0.0,0.0380952380952381,0.006266830904449962,0.005848650182271587,-0.07422987173974328
1a_broad,233,0.2388441675346725,True,105,20,78.0,43.0,16,6,2.2,13,31,2.0,2.3,1.0,0.015,0.5,3.017558950949915,1.0549686341083127,0.25776291812943003,10.091801924524606,104.0,37.0,67.0,35.57692307692308,5791.820000000001,5490.04,301.78000000000065,519.05,0.0,0.0,19.683257016250028,1.9905690762324608,3.1246322313974515,4.838502337663706,46.0,21.0,25.0,45.65217391304348,3955.419999999999,1987.0800000000004,1968.3399999999988,258.81,0.0,0.0,,0.05904977104875008,0.2476422690581152,-0.0,0.03650793650793651,0.003017558950949915,0.002748431705415633,-0.11012179973649484
1a_broad,234,0.20925744919620093,True,106,20,80.0,44.0,16,6,2.1,12,30,2.0,2.4000000000000004,1.0,0.015,0.5,8.29064052539985,1.171652715117158,0.6621594643575653,6.906147675443733,99.0,34.0,65.0,34.343434343434346,5658.860000000001,4829.8099999999995,829.0500000000011,513.85,0.0,0.0,10.712027356599974,1.5809385388816277,2.0352865636324897,4.925236090704662,43.0,16.0,27.0,37.2093023255814,2915.14,1843.93,1071.2099999999998,234.92000000000002,0.0,0.0,,0.03213608206979992,0.14523463472040693,-0.0,0.03412698412698413,0.008290640525399849,0.008582635755857904,-0.019113528002247804
1a_broad,235,0.281798779526052,True,113,19,79.0,42.0,15,6,2.2,13,31,2.0,2.2,1.0,0.015,0.5,6.678735258749857,1.1305624523469728,0.5228665506630772,8.848356298936565,99.0,37.0,62.0,37.37373737373738,5782.9400000000005,5115.099999999999,667.840000000001,514.34,0.0,0.0,17.779474859099935,2.021340885460049,3.0652184633712416,3.35523566878416,42.0,20.0,22.0,47.61904761904762,3518.7299999999996,1740.7900000000002,1777.9399999999994,234.4,0.0,0.0,,0.0533384245772998,0.25,-0.0,0.03333333333333333,0.006678735258749857,0.006528122617348642,-0.06807983626067964
1a_broad,236,0.26729929102040967,True,113,19,78.0,41.0,15,6,2.2,13,30,2.0,2.2,1.0,0.015,0.5,5.320874176749895,1.1040555129629337,0.4289637252697493,9.742729680908964,99.0,36.0,63.0,36.36363636363637,5645.08,5113.040000000001,532.039999999999,510.82,0.0,0.0,19.049642335449935,2.094307756823051,3.2080534716310476,3.35523566878416,43.0,21.0,22.0,48.83720930232558,3645.7499999999995,1740.7900000000002,1904.9599999999994,240.35,0.0,0.0,,0.0571489270063498,0.25,-0.0,0.03412698412698413,0.005320874176749895,0.005202775648146685,-0.08450026993782087
1a_broad,237,-1.030045351473923,False,116,19,78.0,41.0,15,6,2.1,13,31,2.0,2.2,1.0,0.015,0.5,5.406313493199886,1.1127004840384063,0.4525625008423265,7.736612848620049,92.0,33.0,59.0,35.869565217391305,5337.78,4797.139999999999,540.6400000000003,485.34,0.0,0.0,9.519348749999972,1.5717949796072823,1.949517208765847,5.892331118301146,37.0,15.0,22.0,40.54054054054054,2616.7399999999993,1664.8099999999997,951.9299999999996,198.24,0.0,0.0,0.1802721088435374,,,,,,,
1a_broad,238,-1.0031838313039168,False,111,19,78.0,41.0,15,5,2.2,14,29,2.0,2.2,1.0,0.015,0.5,-1.9102987823500914,0.9689415743857424,-0.062365936562927854,15.929826819034137,115.0,37.0,78.0,32.17391304347826,5958.700000000001,6149.700000000001,-191.0,570.66,0.0,0.0,15.484524793999935,1.5170770638403026,2.1981888536914846,7.2291586941599855,61.0,24.0,37.0,39.34426229508197,4543.13,2994.66,1548.4700000000003,338.32,0.0,0.0,0.019102987823500915,,,,,,,
1a_broad,239,0.2936057029402846,True,117,20,80.0,42.0,15,6,2.2,14,31,2.0,2.3,1.0,0.015,0.5,12.383519138150078,1.2385528939231947,0.8752858472309397,7.072084224128548,98.0,38.0,60.0,38.775510204081634,6429.39,5191.05,1238.3400000000001,516.96,0.0,0.0,16.800080771549965,1.8266969127358257,2.7582188519937265,3.856115826794268,44.0,20.0,24.0,45.45454545454545,3712.25,2032.2200000000003,1680.0299999999997,243.72,0.0,0.0,,0.05040024231464989,0.20667422818395642,-0.0,0.03492063492063492,0.012383519138150077,0.011927644696159735,-0.022700566313266467
1a_broad,240,-1.003968253968254,False,116,19,80.0,42.0,14,6,2.2,14,31,2.0,2.3,1.0,0.015,0.5,9.159296732649983,1.1757721492751563,0.6672268605018837,6.803539307350781,98.0,36.0,62.0,36.734693877551024,6126.69,5210.780000000001,915.909999999999,511.44,0.0,0.0,19.85197039774992,2.110729412027997,3.3056851712038067,3.561508140507399,41.0,20.0,21.0,48.78048780487805,3772.57,1787.33,1985.2400000000002,232.03,0.0,0.0,0.023809523809523836,,,,,,,
1a_broad,241,-1.0034013605442178,False,113,20,80.0,42.0,15,6,2.2,14,29,2.0,2.3,1.0,0.015,0.5,0.8954324356499457,1.017164938672003,0.1135338525035789,10.244203209113458,96.0,32.0,64.0,33.333333333333336,5306.58,5217.03,89.55000000000018,480.75,0.0,0.0,16.142496772649938,1.7640502087297305,2.6449015915118634,3.5579358374682983,46.0,20.0,26.0,43.47826086956522,3727.05,2112.78,1614.27,256.46,0.0,0.0,0.020408163265306145,,,,,,,
1a_broad,242,0.25178895592464845,True,117,18,79.0,41.0,15,6,2.3,13,31,2.0,2.2,1.0,0.015,0.5,12.255167566199761,1.2175281337640669,0.8686093280130572,7.158058667115216,112.0,44.0,68.0,39.285714285714285,6859.309999999999,5633.799999999999,1225.5099999999993,600.52,0.0,0.0,13.952241305049991,1.6241511662237964,2.3228639159772246,3.985283207517889,51.0,21.0,30.0,41.1764705882353,3630.66,2235.4200000000005,1395.2399999999993,276.84,0.0,0.0,,0.041856723915149975,0.1560377915559491,-0.0,0.04047619047619048,0.012255167566199762,0.010876406688203345,-0.00971332427704423
1a_broad,243,-1.0187074829931972,False,110,18,79.0,41.0,15,6,2.1,12,31,2.0,2.2,1.0,0.015,0.5,8.932552310049925,1.191682636285406,0.6839040977450632,8.726773008954664,94.0,34.0,60.0,36.170212765957444,5553.11,4659.889999999999,893.2200000000003,499.06,0.0,0.0,9.073754780499913,1.5669707573106724,1.900990062050549,5.240826350438314,39.0,15.0,24.0,38.46153846153846,2507.78,1600.4,907.3800000000001,209.77,0.0,0.0,0.11224489795918369,,,,,,,
1a_broad,244,-1.0051020408163265,False,117,20,80.0,42.0,15,6,2.2,13,32,2.0,2.1,1.0,0.015,0.5,15.519334215049893,1.324970108906185,1.1352271770062226,6.882476055712665,95.0,41.0,54.0,43.1578947368421,6327.62,4775.67,1551.9499999999998,515.3,0.0,0.0,14.235876073549953,1.7131571301185267,2.441104053836681,3.523414999194215,46.0,21.0,25.0,45.65217391304348,3419.7700000000004,1996.1799999999998,1423.5900000000006,252.18,0.0,0.0,0.030612244897959218,,,,,,,
1a_broad,245,0.1279377957140521,True,118,18,78.0,41.0,14,5,2.3,13,31,2.0,2.2,1.0,0.015,0.5,5.18107688734981,1.0831651858451117,0.38281803882280185,9.784601643139961,120.0,46.0,74.0,38.333333333333336,6747.740000000001,6229.650000000001,518.0900000000001,609.73,0.0,0.0,11.685607447750009,1.3623781658278211,1.6661426734536033,6.634202589048767,64.0,24.0,40.0,37.5,4393.22,3224.67,1168.5500000000002,350.25,0.0,0.0,,0.03505682234325003,0.09059454145695528,-0.0,0.050793650793650794,0.00518107688734981,0.004158259292255584,-0.0578465550594094
1a_broad,246,-1.0357142857142858,False,110,19,79.0,42.0,15,6,2.0,12,32,2.0,2.3,1.0,0.015,0.5,2.9886788731998606,1.071463926104287,0.27599492960859645,9.644845057362085,84.0,28.0,56.0,33.333333333333336,4480.98,4182.11,298.8699999999999,427.54,0.0,0.0,8.687785947749944,1.54963874935152,1.833245241608391,4.322719510986649,39.0,15.0,24.0,38.46153846153846,2449.39,1580.6200000000001,868.7699999999998,208.84,0.0,0.0,0.2142857142857143,,,,,,,
1a_broad,247,0.2841653102733638,True,105,20,80.0,43.0,15,6,2.2,13,30,2.0,2.2,1.0,0.015,0.5,6.588694880349867,1.120602104399909,0.5187460278500956,10.885777687745204,106.0,39.0,67.0,36.79245283018868,6121.67,5462.840000000001,658.829999999999,549.53,0.0,0.0,19.030122440199992,2.010063480605507,3.152523598837954,3.78563771953082,47.0,22.0,25.0,46.808510638297875,3787.04,1884.0400000000002,1902.9999999999998,262.74,0.0,0.0,,0.05709036732059997,0.25,-0.0,0.0373015873015873,0.006588694880349868,0.006030105219995452,-0.07284544444916882
1a_broad,248,-1.0153318669584168,False,115,20,80.0,39.0,15,5,2.1,13,29,2.0,2.3,1.0,0.015,0.5,-9.199120175050066,0.840302202285266,-0.5528063026859327,14.806928388389117,109.0,33.0,76.0,30.275229357798164,4840.46,5760.379999999999,-919.9199999999992,508.82,0.0,1.0,12.986275675849937,1.5168019738936644,1.9289563164681038,6.093407097155219,51.0,19.0,32.0,37.254901960784316,3811.42,2512.8,1298.62,279.57,0.0,0.0,0.09199120175050066,,,,,,,
1a_broad,249,0.03881746498889606,True,84,20,80.0,41.0,15,6,2.2,13,30,2.0,2.1,1.0,0.015,0.5,11.761019646049972,1.2207699325351682,0.8249327652629579,7.918072456724233,107.0,43.0,64.0,40.18691588785047,6503.3099999999995,5327.22,1176.0899999999992,550.6,0.0,1.0,3.797832336249976,1.1573302734431636,0.7108756515231879,5.6519397957698985,53.0,20.0,33.0,37.735849056603776,2793.8300000000004,2414.03,379.8000000000002,275.01,0.0,0.0,,0.011393497008749929,0.03933256836079091,-0.0,0.04206349206349207,0.011761019646049973,0.011038496626758411,-0.07677160871694523
1a_broad,250,-1.0026392147950836,False,105,19,78.0,43.0,14,6,2.3,14,28,2.0,2.2,1.0,0.015,0.5,-1.5835288770501392,0.9743127184002958,-0.05895393259670604,15.720584873941016,115.0,38.0,77.0,33.04347826086956,6005.8,6164.140000000001,-158.34000000000106,578.65,0.0,0.0,12.769371391149981,1.5228903230033413,2.091457015233651,5.900078252855325,56.0,22.0,34.0,39.285714285714285,3719.02,2442.0800000000004,1276.9399999999996,306.42,0.0,0.0,0.01583528877050139,,,,,,,
1a_broad,251,-1.0277889770086113,False,112,20,80.0,42.0,15,6,2.1,13,31,2.0,2.3,1.0,0.015,0.5,-0.006719538500146883,0.9998446014762861,0.04747503487394757,7.7499560303753725,91.0,30.0,61.0,32.967032967032964,4761.21,4761.95,-0.7399999999997817,460.98,0.0,0.0,11.367308617099935,1.7011021407557712,2.2852821784866495,4.9214462583028435,38.0,15.0,23.0,39.473684210526315,2758.15,1621.39,1136.76,207.04,0.0,0.0,0.1667338620516681,,,,,,,
1a_broad,252,0.11271355076767861,True,101,20,79.0,43.0,15,5,2.2,12,30,2.0,2.5,1.0,0.015,0.5,0.38912285014981535,1.0059360486841402,0.08316715283624068,13.20712834548122,120.0,39.0,81.0,32.5,6595.469999999999,6556.55,38.91999999999916,589.27,0.0,0.0,16.937020082849994,1.6401380290420364,2.2876162893924192,6.122144391395171,56.0,22.0,34.0,39.285714285714285,4339.51,2645.8199999999997,1693.6900000000005,310.09,0.0,0.0,,0.05081106024854998,0.1600345072605091,-0.0,0.044444444444444446,0.00038912285014981534,0.0002968024342070108,-0.14326238647018175
1a_broad,253,0.28144741287862396,True,110,20,78.0,42.0,15,6,2.3,13,31,2.0,2.2,1.0,0.015,0.5,7.51423370614988,1.1337480642921987,0.546505448062597,9.407571316352199,111.0,40.0,71.0,36.03603603603604,6369.51,5618.099999999999,751.4100000000008,580.73,0.0,0.0,18.696900326199994,1.938698356754477,3.1152460423885273,3.9855102272746334,51.0,22.0,29.0,43.13725490196079,3861.48,1991.79,1869.69,285.11,0.0,0.0,,0.05609070097859998,0.23467458918861928,-0.0,0.04047619047619048,0.00751423370614988,0.006687403214609933,-0.0639957046855456
1a_broad,254,0.33011709044753274,True,105,19,77.0,42.0,15,6,2.3,11,32,1.9000000000000001,2.2,1.0,0.015,0.5,10.090037683500015,1.1631173685240062,0.6988482631706932,9.564254183375215,123.0,49.0,74.0,39.83739837398374,7194.7300000000005,6185.7300000000005,1009.0,645.91,0.0,1.0,24.63842137030004,2.032043495379873,3.4520787134099677,3.719645500210858,64.0,29.0,35.0,45.3125,4851.26,2387.3799999999997,2463.8800000000006,360.22,0.0,0.0,,0.07391526411090012,0.25,-0.0,0.050793650793650794,0.010090037683500015,0.008155868426200308,-0.06283773056671851
1a_broad,255,0.33041027279047974,True,103,19,77.0,42.0,15,6,2.3,11,32,1.9000000000000001,2.1,1.0,0.015,0.5,10.062326215300036,1.1623581763969384,0.6976786039768279,9.52758572699672,125.0,51.0,74.0,40.8,7204.110000000001,6197.84,1006.2700000000004,650.19,0.0,1.0,24.04965465069994,2.0249219059632724,3.4451552316703262,3.423229532191991,65.0,31.0,34.0,47.69230769230769,4751.539999999998,2346.53,2405.009999999998,365.28,0.0,0.0,,0.07214896395209981,0.25,-0.0,0.0515873015873016,0.010062326215300038,0.00811790881984692,-0.06150622778406863
1a_broad,256,0.21255496416885658,True,101,19,77.0,42.0,15,5,2.3,11,32,1.9000000000000001,2.1,1.0,0.015,0.5,9.741599075549875,1.1439270591085986,0.6121769980697053,11.959264221023844,138.0,55.0,83.0,39.85507246376812,7742.349999999999,6768.22,974.1299999999992,696.62,0.0,1.0,16.978736094899975,1.4967872943049092,2.2358026056290603,5.498490323699989,77.0,32.0,45.0,41.55844155844156,5115.540000000001,3417.6799999999994,1697.8600000000015,425.64,0.0,0.0,,0.05093620828469993,0.1241968235762273,-0.0,0.061111111111111116,0.009741599075549875,0.00719635295542993,-0.04062713083416157
1a_broad,257,0.2982751539232235,True,103,19,77.0,42.0,16,6,2.3,11,32,1.9000000000000001,2.0,1.0,0.015,0.5,8.958813156799861,1.1511508826273495,0.6410061688880878,8.56952997981368,123.0,51.0,72.0,41.46341463414634,6823.09,5927.1900000000005,895.8999999999996,637.59,0.0,1.0,21.689432397950004,1.9064652290203947,3.22681733648924,3.2789515859062672,66.0,32.0,34.0,48.484848484848484,4561.79,2392.7999999999997,2168.9900000000002,367.72,0.0,0.0,,0.06506829719385,0.22661630725509868,-0.0,0.05238095238095239,0.00895881315679986,0.007557544131367478,-0.06230676019484491
1a_broad,258,0.3134818992085742,True,104,19,77.0,42.0,15,6,2.3,11,32,1.9000000000000001,2.0,1.0,0.015,0.5,9.614184604349957,1.157122731551697,0.6779029649150949,9.03484694489169,127.0,53.0,74.0,41.732283464566926,7080.109999999999,6118.719999999999,961.3899999999994,656.77,0.0,1.0,21.855308771900038,1.9488237005135867,3.2524035849953408,3.2790515875589845,65.0,31.0,34.0,47.69230769230769,4488.9400000000005,2303.41,2185.5300000000007,361.27,0.0,0.0,,0.06556592631570012,0.23720592512839667,-0.0,0.0515873015873016,0.009614184604349957,0.00785613657758485,-0.05834757500475897
1a_broad,259,0.312433937908999,True,103,19,77.0,41.0,15,6,2.3,11,32,1.9000000000000001,2.0,1.0,0.015,0.5,8.662786695499944,1.142281777774858,0.6186479678543957,10.366175366486532,126.0,52.0,74.0,41.26984126984127,6954.280000000002,6088.06,866.2200000000012,648.02,0.0,1.0,22.536845286300032,1.9734742625620378,3.3364564975073003,3.2789907253778416,66.0,32.0,34.0,48.484848484848484,4568.8099999999995,2315.11,2253.6999999999994,368.21,0.0,0.0,,0.0676105358589001,0.24336856564050946,-0.0,0.05238095238095239,0.008662786695499945,0.007114088888742898,-0.06670299155560583
1a_broad,260,0.28678031421907235,True,99,19,77.0,43.0,15,6,2.3,11,32,1.9000000000000001,2.0,1.0,0.015,0.5,14.353467703249933,1.2333731147199802,0.9534154291879877,9.68690548817006,127.0,54.0,73.0,42.51968503937008,7585.59,6150.28,1435.3100000000004,680.6,0.0,1.0,16.05780192239994,1.6776156436462457,2.5089919417300077,3.3730825736188743,65.0,29.0,36.0,44.61538461538461,3975.58,2369.7799999999997,1605.8000000000002,350.7,0.0,0.0,,0.04817340576719981,0.16940391091156143,-0.0,0.0515873015873016,0.014353467703249934,0.011668655735999012,-0.008406427486239413
1a_broad,261,0.28678031421907235,True,99,19,77.0,42.0,15,6,2.3,11,32,1.9000000000000001,2.0,1.0,0.015,0.5,14.353467703249933,1.2333731147199802,0.9534154291879877,9.68690548817006,127.0,54.0,73.0,42.51968503937008,7585.59,6150.28,1435.3100000000004,680.6,0.0,1.0,16.05780192239994,1.6776156436462457,2.5089919417300077,3.3730825736188743,65.0,29.0,36.0,44.61538461538461,3975.58,2369.7799999999997,1605.8000000000002,350.7,0.0,0.0,,0.04817340576719981,0.16940391091156143,-0.0,0.0515873015873016,0.014353467703249934,0.011668655735999012,-0.008406427486239413
1a_broad,262,0.08775718548986523,True,95,19,77.0,42.0,15,5,2.3,11,32,1.9000000000000001,2.0,1.0,0.015,0.5,15.553342037199927,1.237948148352136,0.9366614180566536,11.628181753341602,134.0,58.0,76.0,43.28358208955224,8091.650000000001,6536.34,1555.3100000000004,700.03,0.0,1.0,6.115882978050085,1.1656572496546491,0.9025394116484514,7.82007936899914,83.0,30.0,53.0,36.144578313253014,4303.489999999999,3691.8999999999996,611.5899999999992,435.35,0.0,0.0,,0.018347648934150255,0.04141431241366228,-0.0,0.06587301587301587,0.015553342037199928,0.011897407417606799,-0.0653285411857699
1a_broad,263,0.26012460337696797,True,97,19,77.0,41.0,15,6,2.3,11,32,1.9000000000000001,2.0,1.0,0.015,0.5,16.700050899899836,1.2791755548571313,1.0926093008430373,8.550394077120545,124.0,54.0,70.0,43.54838709677419,7651.67,5981.72,1669.9499999999998,670.16,0.0,1.0,14.361841814600012,1.5843372758675407,2.2347702287288125,3.4066592837130023,65.0,28.0,37.0,43.07692307692308,3894.0,2457.81,1436.19,348.91,0.0,0.0,,0.04308552544380004,0.14608431896688517,-0.0,0.0515873015873016,0.016700050899899836,0.013958777742856567,-0.011291371263775253
1a_broad,264,0.18426484489797706,True,100,19,77.0,42.0,15,6,2.4000000000000004,11,32,1.9000000000000001,2.0,1.0,0.015,0.5,9.012491305449876,1.1413530697833443,0.6247050014107127,10.96315950233927,132.0,54.0,78.0,40.90909090909091,7277.29,6376.02,901.2699999999995,684.5,0.0,1.0,10.63271677195,1.3692339745815678,1.6814642617965616,4.329978796434631,71.0,30.0,41.0,42.25352112676056,3943.1199999999994,2879.8,1063.3199999999993,374.13,0.0,0.0,,0.03189815031584999,0.09230849364539195,-0.0,0.05634920634920635,0.009012491305449876,0.007067653489167214,-0.012371150207088314
1a_broad,265,0.19554686371888427,True,98,19,77.0,41.0,15,5,2.3,11,32,1.9000000000000001,2.1,1.0,0.015,0.5,14.929339174200013,1.2199580095031126,0.899152925801745,9.858779651345158,135.0,56.0,79.0,41.48148148148148,8280.16,6787.249999999999,1492.9100000000008,716.6899999999999,0.0,1.0,12.061792251900023,1.3562113507096414,1.6728637819072554,5.610830235636632,76.0,30.0,46.0,39.473684210526315,4592.430000000001,3386.22,1206.2100000000014,408.12,0.0,0.0,,0.03618537675570007,0.08905283767741035,-0.0,0.06031746031746032,0.014929339174200014,0.010997900475155632,-0.015936050681042105
1a_broad,266,0.302915143424311,True,102,18,77.0,42.0,15,6,2.3,11,31,1.9000000000000001,2.1,1.0,0.015,0.5,9.226657703199963,1.1487868907443777,0.6438816382072209,10.542616749162587,126.0,49.0,77.0,38.888888888888886,7124.11,6201.420000000001,922.6899999999987,649.99,0.0,1.0,22.28830054930002,1.9166882585431855,3.260983132278752,3.563290373533508,66.0,31.0,35.0,46.96969696969697,4660.37,2431.4700000000003,2228.8999999999996,369.06,0.0,0.0,,0.06686490164790006,0.22917206463579637,-0.0,0.05238095238095239,0.009226657703199964,0.0074393445372188845,-0.0621687774807567
1a_broad,267,0.17969692046900781,True,102,18,77.0,42.0,15,6,2.4000000000000004,11,31,1.9000000000000001,2.0,1.0,0.015,0.5,6.298943250249886,1.099500027644601,0.4582218484038186,12.59690921639364,131.0,51.0,80.0,38.93129770992366,6960.22,6330.35,629.8699999999999,661.22,0.0,1.0,14.868946804150038,1.506433704574095,2.2544326245650024,4.775127330536779,73.0,33.0,40.0,45.205479452054796,4423.04,2936.1,1486.94,393.35,0.0,0.0,,0.04460684041245011,0.12660842614352374,-0.0,0.057936507936507946,0.006298943250249886,0.004975001382230049,-0.06072879865595393
1a_broad,268,0.29265656634432324,True,99,19,77.0,43.0,14,6,2.3,11,32,1.9000000000000001,2.1,1.0,0.015,0.5,14.132003360199924,1.2242028960215006,0.9301088912214049,9.031761797944354,126.0,52.0,74.0,41.26984126984127,7716.3099999999995,6303.129999999999,1413.1800000000003,679.61,0.0,1.0,17.233261368999955,1.7186092671047801,2.6089108964516714,3.4351146584595664,64.0,28.0,36.0,43.75,4121.499999999999,2398.16,1723.3399999999992,347.37,0.0,0.0,,0.051699784106999866,0.17965231677619503,-0.0,0.050793650793650794,0.014132003360199924,0.01121014480107503,-0.014831333493797404
1a_broad,269,0.1950505933180257,True,99,19,77.0,43.0,14,7,2.3,11,32,1.9000000000000001,2.1,1.0,0.015,0.5,7.332669950699892,1.1423678329200735,0.6144756741299204,8.503125975881643,112.0,44.0,68.0,39.285714285714285,5883.320000000001,5150.110000000001,733.21,591.04,0.0,1.0,12.262132648550015,1.5388928929280856,2.0357278770295943,4.618927028642524,59.0,25.0,34.0,42.3728813559322,3501.7200000000003,2275.48,1226.2400000000002,315.3,0.0,0.0,,0.03678639794565004,0.1347232232320214,-0.0,0.046825396825396826,0.007332669950699893,0.007118391646003675,-0.03773548628174613
1a_broad,270,0.08616014983241929,True,103,17,76.0,43.0,14,5,2.4000000000000004,11,32,1.9000000000000001,2.0,1.0,0.015,0.5,1.5666271624499497,1.0226584419662303,0.15225462432443826,15.204823138920254,139.0,54.0,85.0,38.84892086330935,7067.48,6910.8899999999985,156.59000000000106,676.23,0.0,1.0,14.077065678349973,1.381252352799391,1.8543679919976903,6.789364998127791,83.0,35.0,48.0,42.16867469879518,5100.149999999999,3692.41,1407.7399999999989,451.16,0.0,0.0,,0.04223119703504992,0.09531308819984774,-0.0,0.06587301587301587,0.0015666271624499497,0.0011329220983115173,-0.1199567005362557
1a_broad,271,0.30038160802468716,True,98,19,77.0,42.0,15,6,2.3,11,32,1.9000000000000001,2.1,1.0,0.015,0.5,17.36240028204993,1.2806724862592953,1.1158443882604523,7.6980689509165465,125.0,53.0,72.0,42.4,7922.240000000001,6186.0,1736.2400000000007,682.66,0.0,1.0,16.53663675369995,1.6921183915358091,2.5187105378540817,3.4347989186029224,63.0,27.0,36.0,42.857142857142854,4043.0800000000004,2389.3599999999997,1653.7200000000007,340.72,0.0,0.0,,0.04960991026109984,0.17302959788395228,-0.0,0.05,0.01736240028204993,0.014033624312964767,-0.0036539247153796663
1a_broad,272,0.20478989360825964,True,90,19,77.0,42.0,15,6,2.3,11,32,1.9000000000000001,2.1,1.0,0.015,0.5,10.708957818799881,1.1780526047131081,0.7280399871095552,11.660583966528042,123.0,50.0,73.0,40.65040650406504,7085.15,6014.29,1070.8599999999997,633.79,0.0,1.0,11.222912017649978,1.4042257376671277,1.6968848433341595,4.373510447870867,68.0,27.0,41.0,39.705882352941174,3898.58,2776.32,1122.2599999999998,358.8,0.0,0.0,,0.033668736052949934,0.10105643441678192,-0.0,0.05396825396825397,0.010708957818799882,0.008902630235655407,-0.0035151188841814575
1a_broad,273,0.09882451366020295,True,98,18,76.0,42.0,15,6,2.4000000000000004,11,31,1.9000000000000001,1.9,1.0,0.015,0.5,11.148954177649957,1.1832795789072235,0.7587222759017477,11.625549373208425,129.0,54.0,75.0,41.86046511627907,7198.15,6083.219999999999,1114.9300000000003,672.83,0.0,1.0,5.9385684879499605,1.200340721249536,1.0162558814926546,4.4940990683736945,71.0,29.0,42.0,40.84507042253521,3558.1699999999996,2964.2999999999997,593.8699999999999,368.17,0.0,0.0,,0.01781570546384988,0.050085180312384014,-0.0,0.05634920634920635,0.011148954177649958,0.009163978945361173,-0.045738511588248425
1a_broad,274,0.18802768322965552,True,94,19,77.0,42.0,14,6,2.3,11,32,1.9000000000000001,2.1,1.0,0.015,0.5,14.524480119299914,1.2329776585779,0.9437229258364092,10.13958685166878,124.0,52.0,72.0,41.935483870967744,7686.580000000001,6234.16,1452.420000000001,665.57,0.0,1.0,10.868666359300024,1.3875013815651083,1.6395864516135015,4.439347874645747,68.0,26.0,42.0,38.23529411764706,3891.65,2804.79,1086.8600000000001,358.78000000000003,0.0,0.0,,0.03260599907790007,0.09687534539127707,-0.0,0.05396825396825397,0.014524480119299917,0.011648882928895,-0.021595278255970518
1a_broad,275,0.27931416703622514,True,101,19,76.0,43.0,15,6,2.3,11,31,1.9000000000000001,2.0,1.0,0.015,0.5,9.01879811754996,1.1475873941631403,0.6367848130576459,11.338653642079112,130.0,52.0,78.0,40.0,7012.7,6110.82,901.8800000000001,665.42,0.0,1.0,19.607880899400023,1.8351363783498305,2.994701347169123,3.3733692880948003,64.0,30.0,34.0,46.875,4308.68,2347.88,1960.8000000000002,352.66,0.0,0.0,,0.05882364269820007,0.2087840945874576,-0.0,0.050793650793650794,0.009018798117549959,0.007379369708157013,-0.0554853888687903
1a_broad,276,0.1350600358692197,True,99,19,77.0,42.0,13,5,2.4000000000000004,11,33,1.9000000000000001,2.1,1.0,0.015,0.5,6.047571163699813,1.0832232351257323,0.4054252076820811,14.281003895003714,141.0,55.0,86.0,39.00709219858156,7870.960000000001,7266.240000000001,604.7200000000003,718.68,0.0,1.0,10.421409829450004,1.2765536805623743,1.4165259123895961,6.706506802920574,81.0,32.0,49.0,39.50617283950617,4810.450000000001,3768.31,1042.1400000000008,438.09,0.0,0.0,,0.03126422948835001,0.06913842014059357,-0.0,0.0642857142857143,0.006047571163699814,0.004161161756286613,-0.03983706096542462
1a_broad,277,0.18216650560632422,True,103,18,77.0,41.0,15,7,2.3,11,31,1.9000000000000001,2.1,1.0,0.015,0.5,4.457202991349987,1.0859311294075462,0.40087374689150573,8.230592733266748,114.0,43.0,71.0,37.719298245614034,5633.17,5187.410000000001,445.7599999999993,587.66,0.0,1.0,15.123159390999955,1.6485332144067035,2.4806492447875224,6.073606471887541,60.0,26.0,34.0,43.333333333333336,3844.33,2331.97,1512.3600000000001,328.23,0.0,0.0,,0.04536947817299986,0.16213330360167588,-0.0,0.047619047619047616,0.004457202991349987,0.004296556470377311,-0.08170908324912644
1a_broad,278,0.2833778898221436,True,103,19,78.0,43.0,15,6,2.1,11,32,1.9000000000000001,2.0,1.0,0.015,0.5,11.543548906699925,1.2328863298437878,0.8681713011413039,7.66904045126658,109.0,45.0,64.0,41.28440366972477,6111.06,4956.709999999999,1154.3500000000013,568.01,0.0,1.0,15.010096441250042,1.7707142747115638,2.5776461004393023,3.2791390482075933,53.0,25.0,28.0,47.16981132075472,3448.59,1947.57,1501.0200000000002,286.84,0.0,0.0,,0.045030289323750125,0.19267856867789096,-0.0,0.04206349206349207,0.011543548906699926,0.011644316492189388,-0.019582325641878843
1a_broad,279,0.1766508299378744,True,96,19,76.0,43.0,14,6,2.1,11,32,1.9000000000000001,1.9,1.0,0.015,0.5,13.210157538999901,1.268911480428959,0.967616053827401,8.187795225162715,108.0,47.0,61.0,43.51851851851852,6233.35,4912.36,1320.9900000000007,580.08,0.0,1.0,8.830828184699966,1.4544944571963814,1.6075382317831748,3.4960651653882238,50.0,22.0,28.0,44.0,2826.1700000000005,1943.06,883.1100000000006,261.12,0.0,0.0,,0.026492484554099895,0.11362361429909534,-0.0,0.03968253968253968,0.0132101575389999,0.01344557402144795,-0.029803540158308363
1a_broad,280,-1.310880847795644,False,102,19,77.0,43.0,15,6,1.4,11,32,1.9000000000000001,2.0,1.0,0.015,0.5,-5.970419463749986,0.5048927736221452,-1.2392618235906057,10.196115445249902,24.0,6.0,18.0,25.0,608.83,1205.86,-597.0299999999999,118.74,0.0,0.0,-1.2834057042999847,0.7354729660091109,-0.5632145386805805,3.44411831284616,11.0,3.0,8.0,27.272727272727273,356.8,485.13,-128.32999999999998,55.23,0.0,0.0,1.8652850867738635,,,,,,,
1a_broad,281,0.16635255664066115,True,104,18,78.0,43.0,15,5,2.0,11,33,1.9000000000000001,2.0,1.0,0.015,0.5,4.862047405349858,1.084266683305775,0.36725994819707763,11.64915474447173,117.0,47.0,70.0,40.17094017094017,6255.72,5769.539999999999,486.1800000000012,581.96,0.0,1.0,13.88617923294998,1.5544486855974702,2.1588013156957633,3.5610420501276883,62.0,25.0,37.0,40.32258064516129,3893.21,2504.56,1388.65,336.77,0.0,0.0,,0.04165853769884994,0.13861217139936755,-0.0,0.049206349206349205,0.004862047405349859,0.0042133341652887514,-0.07219988323454414
1a_broad,282,0.1850635218700686,True,100,19,77.0,42.0,16,6,2.1,11,33,1.9000000000000001,1.9,1.0,0.015,0.5,5.583014771149901,1.1164335562239027,0.47507102082207303,8.186681074958951,107.0,44.0,63.0,41.12149532710281,5352.83,4794.58,558.25,548.25,0.0,1.0,11.049382673049985,1.5973326701949953,2.008702947433508,2.947229237398453,51.0,24.0,27.0,47.05882352941177,2954.73,1849.79,1104.94,271.2,0.0,0.0,,0.033148148019149955,0.1493331675487488,-0.0,0.04047619047619048,0.005583014771149902,0.005821677811195136,-0.049298676756365664
1a_broad,283,-1.1014739229024944,False,104,19,76.0,45.0,15,7,1.9,10,32,1.9000000000000001,2.1,1.0,0.015,0.5,0.18245447959996455,1.0065751786106738,0.05179879211821184,6.833297811531458,64.0,25.0,39.0,39.0625,2793.84,2775.59,18.25,324.7,0.0,1.0,2.3720432981999875,1.1830105701720548,0.6322710586687538,4.9430775270276355,31.0,10.0,21.0,32.25806451612903,1533.3000000000002,1296.1,237.20000000000027,159.99,0.0,0.0,0.608843537414966,,,,,,,
1a_broad,284,0.253299558829207,True,96,18,78.0,40.0,14,6,2.2,11,31,1.9000000000000001,2.0,1.0,0.015,0.5,16.71173973529978,1.306438097193979,1.1289174603570278,10.219518318876888,115.0,49.0,66.0,42.608695652173914,7124.83,5453.63,1671.1999999999998,623.14,0.0,2.0,13.394962793300039,1.615821364865113,2.2144559707476983,4.770605066454082,55.0,25.0,30.0,45.45454545454545,3514.6699999999996,2175.1600000000003,1339.5099999999993,295.17,0.0,0.0,,0.04018488837990011,0.15395534121627824,-0.0,0.043650793650793655,0.01671173973529978,0.015321904859698955,-0.01652510901276372
1a_broad,285,0.2031536221736316,True,101,19,80.0,41.0,16,5,2.2,10,33,1.9000000000000001,1.9,1.0,0.015,0.5,8.154138448249997,1.1360986348743782,0.5541960627569281,13.384773012503231,131.0,55.0,76.0,41.98473282442748,6806.81,5991.389999999999,815.420000000001,653.84,0.0,1.0,15.44355764515005,1.5242263981859898,2.2691978819503262,5.0427581804179855,72.0,30.0,42.0,41.666666666666664,4490.3099999999995,2945.9600000000005,1544.349999999999,393.26,0.0,0.0,,0.046330672935450144,0.13105659954649745,-0.0,0.05714285714285714,0.008154138448249996,0.006804931743718912,-0.04633557764314206
1a_broad,286,0.13163535553910197,True,104,19,78.0,43.0,15,7,2.4000000000000004,11,31,1.9000000000000001,2.1,1.0,0.015,0.5,3.331029657550007,1.0580134166475101,0.29638241326827447,8.2541072711766,122.0,47.0,75.0,38.52459016393443,6075.240000000001,5742.12,333.1200000000008,628.76,0.0,1.0,13.790006537450008,1.4931414758342507,2.17774325306203,4.775138900400144,66.0,28.0,38.0,42.42424242424242,4175.599999999999,2796.5200000000004,1379.079999999999,353.76,0.0,0.0,,0.041370019612350026,0.12328536895856268,-0.0,0.05238095238095239,0.0033310296575500067,0.0029006708323755072,-0.09163268590268865
1a_broad,287,-1.0319582540326668,False,99,18,77.0,42.0,16,6,2.3,12,32,0.7,2.2,1.0,0.015,0.5,-19.17495241960005,0.8555603179756586,-0.863228507185457,24.822281412196354,298.0,94.0,204.0,31.543624161073826,11357.760000000002,13275.23,-1917.4699999999975,1321.87,0.0,3.0,6.624539401450039,1.1282912319025817,0.7950841321176864,6.462241192522322,127.0,49.0,78.0,38.58267716535433,5826.179999999999,5163.72,662.4599999999991,636.66,0.0,0.0,0.1917495241960005,,,,,,,
1a_broad,288,0.15564160862424745,True,105,19,80.0,41.0,15,5,2.3,12,33,1.9000000000000001,2.1,1.0,0.015,0.5,4.351713985149909,1.0638407114178037,0.31570686781829504,12.304432554337035,132.0,53.0,79.0,40.15151515151515,7251.999999999999,6816.810000000001,435.1899999999978,657.24,0.0,1.0,17.553717384249996,1.4989114246410258,2.2567873575272546,5.044866562904157,77.0,32.0,45.0,41.55844155844156,5273.71,3518.36,1755.35,427.45,0.0,0.0,,0.05266115215274998,0.12472785616025645,-0.0,0.061111111111111116,0.00435171398514991,0.003192035570890184,-0.09040226035591019
1a_broad,289,0.13339301627859773,True,102,19,77.0,42.0,16,7,2.2,11,31,1.9000000000000001,2.0,1.0,0.015,0.5,1.761452014549959,1.038362608761938,0.19175502720647913,9.27498668419143,101.0,37.0,64.0,36.633663366336634,4767.59,4591.45,176.14000000000033,510.53000000000003,0.0,1.0,13.006240118699935,1.6513919980768936,2.3028475139901365,5.471390439531348,53.0,24.0,29.0,45.283018867924525,3297.45,1996.7700000000004,1300.6799999999994,286.54,0.0,0.0,,0.0390187203560998,0.1628479995192234,-0.0,0.04206349206349207,0.001761452014549959,0.001918130438096899,-0.11421677811286439
1a_broad,290,-1.006051204534193,False,92,19,76.0,43.0,14,6,2.1,11,29,1.9000000000000001,2.2,1.0,0.015,0.5,10.898519200049941,1.2093182721802116,0.7713875723780935,13.195589746889205,104.0,40.0,64.0,38.46153846153846,6296.110000000001,5206.33,1089.7800000000007,554.5,0.0,1.0,0.27124055539998154,1.0118774114345843,0.09536412458044678,6.387434546302432,50.0,16.0,34.0,32.0,2307.89,2280.7999999999997,27.090000000000146,252.35,0.0,0.0,0.03630722720515783,,,,,,,
1a_broad,291,0.15697487132473695,True,105,19,80.0,44.0,15,5,2.2,12,32,1.9000000000000001,1.9,1.0,0.015,0.5,3.895958416649919,1.0621932200738429,0.3002032912320446,13.129829391721785,131.0,55.0,76.0,41.98473282442748,6654.290000000001,6264.67,389.6200000000008,650.66,0.0,1.0,17.09608829505005,1.537092771197889,2.334631866418267,5.597939082706872,74.0,32.0,42.0,43.24324324324324,4892.72,3183.1,1709.6200000000003,405.92,0.0,0.0,,0.05128826488515015,0.13427319279947225,-0.0,0.05873015873015874,0.003895958416649919,0.0031096610036921435,-0.09432236451038625
1a_broad,292,0.20358083693637688,True,98,17,77.0,42.0,16,6,2.4000000000000004,10,31,1.9000000000000001,2.1,1.0,0.015,0.5,12.95011070584993,1.203010170809401,0.8475175487428257,10.378851750383907,130.0,52.0,78.0,40.0,7674.05,6379.039999999999,1295.0100000000011,693.5,0.0,1.0,11.370204749799996,1.4022336289572273,1.8509652547681752,4.705254190264934,70.0,28.0,42.0,40.0,3963.82,2826.79,1137.0300000000002,375.74,0.0,0.0,,0.034110614249399984,0.10055840723930681,-0.0,0.05555555555555556,0.01295011070584993,0.01015050854047005,-0.009744359354205468
1a_broad,293,0.26869754954047625,True,102,18,78.0,40.0,15,6,2.1,12,33,1.9000000000000001,2.0,1.0,0.015,0.5,8.993524915899851,1.180037235000901,0.6984850780490891,8.097937336891759,106.0,43.0,63.0,40.56603773584906,5894.639999999999,4995.299999999999,899.3400000000001,549.16,0.0,2.0,15.576193665499869,1.8115657352458465,2.6759251398613966,2.977611410438298,52.0,25.0,27.0,48.07692307692308,3476.9200000000005,1919.29,1557.6300000000006,282.91,0.0,0.0,,0.046728580996499604,0.20289143381146163,-0.0,0.04126984126984127,0.00899352491589985,0.009001861750045049,-0.04018769320327116
1a_broad,294,0.3429426089654553,True,106,19,78.0,43.0,16,6,2.3,11,32,1.9000000000000001,2.2,1.0,0.015,0.5,14.473025648399998,1.2459081849892872,0.9930734058403279,7.278037671878566,121.0,49.0,72.0,40.49586776859504,7332.83,5885.53,1447.3000000000002,649.25,0.0,1.0,23.107089243750014,1.9157383299053237,3.2613029407623473,4.016347325220836,66.0,29.0,37.0,43.93939393939394,4834.04,2523.33,2310.71,370.62,0.0,0.0,,0.06932126773125004,0.22893458247633092,-0.0,0.05238095238095239,0.014473025648399999,0.012295409249464363,-0.03446262852094242
1a_broad,295,0.21430818280797273,True,106,19,78.0,43.0,16,7,2.3,11,32,1.9000000000000001,2.1,1.0,0.015,0.5,7.227010315400002,1.1402480559377592,0.610281807796903,7.05121834736508,113.0,45.0,68.0,39.823008849557525,5875.55,5152.869999999999,722.6800000000012,592.33,0.0,1.0,14.48714906325,1.6365633636958825,2.3469279920188004,5.357649862654328,60.0,25.0,35.0,41.666666666666664,3724.54,2275.83,1448.71,325.76,0.0,0.0,,0.043461447189749994,0.15914084092397063,-0.0,0.047619047619047616,0.007227010315400003,0.007012402796887963,-0.05015256603708347
1a_broad,296,-1.0084447431441668,False,98,19,76.0,44.0,16,6,2.4000000000000004,11,33,1.9000000000000001,3.2,1.0,0.015,0.5,-5.066845886500123,0.9167500513452456,-0.2186234084646424,12.889698090283725,108.0,32.0,76.0,29.62962962962963,5579.57,6086.249999999999,-506.6799999999994,510.76,0.0,1.0,10.987133597349985,1.3566075642061737,1.329545415927538,6.301183494709149,63.0,20.0,43.0,31.746031746031747,4179.83,3081.09,1098.7399999999998,337.07,0.0,0.0,0.05066845886500123,,,,,,,
1a_broad,297,-1.01858824666225,False,105,19,77.0,43.0,16,6,2.4000000000000004,11,32,0.5,2.2,1.0,0.015,0.5,-11.152947997349983,0.9227587773487061,-0.3968470786421533,18.885162024026936,323.0,103.0,220.0,31.888544891640866,13324.12,14439.439999999999,-1115.319999999998,1489.33,0.0,6.0,9.121046534299857,1.1617045569382363,1.0488862424753689,7.228485636817764,138.0,51.0,87.0,36.95652173913044,6552.489999999999,5640.410000000002,912.0799999999972,712.98,0.0,0.0,0.11152947997349984,,,,,,,
1a_broad,298,0.17512762458185047,True,101,18,78.0,43.0,16,5,2.3,10,30,1.9000000000000001,2.0,1.0,0.015,0.5,8.161440643799905,1.123423071920926,0.5266602551476942,13.003407099075556,141.0,55.0,86.0,39.00709219858156,7428.679999999999,6612.54,816.1399999999994,704.05,0.0,1.0,12.256604403900056,1.3719959693329362,1.7811146305283359,6.032634421961144,77.0,31.0,46.0,40.25974025974026,4520.37,3294.740000000001,1225.6299999999987,415.23,0.0,0.0,,0.03676981321170017,0.09299899233323405,-0.0,0.061111111111111116,0.008161440643799906,0.006171153596046298,-0.03008488631404107
1a_broad,299,0.3312983666642536,True,103,19,77.0,41.0,16,6,2.3,12,33,1.9000000000000001,2.1,1.0,0.015,0.5,12.202478084399864,1.2039339757924612,0.8392183123470127,8.429816669189968,119.0,50.0,69.0,42.016806722689076,7203.45,5983.259999999998,1220.1900000000014,627.89,0.0,1.0,22.6479006702,1.9436551057482374,3.2863342154507755,3.5081588692852375,63.0,30.0,33.0,47.61904761904762,4664.849999999999,2400.04,2264.8099999999995,355.37,0.0,0.0,,0.0679437020106,0.23591377643705935,-0.0,0.05,0.012202478084399865,0.01019669878962306,-0.04495828865742867
1a_broad,300,0.1622586468003049,True,95,18,76.0,41.0,16,7,2.3,12,33,1.9000000000000001,2.2,1.0,0.015,0.5,7.661439462449944,1.1438476920043934,0.6147665613953627,9.697435257655721,110.0,43.0,67.0,39.09090909090909,6092.19,5326.05,766.1399999999994,583.38,0.0,1.0,7.823389318799909,1.3083629942333692,1.3454970741185184,8.382608738606336,61.0,22.0,39.0,36.0655737704918,3319.33,2537.0099999999998,782.3200000000002,321.57,0.0,0.0,,0.023470167956399727,0.0770907485583423,-0.0,0.048412698412698414,0.007661439462449945,0.00719238460021967,-0.0015687921898051495
1a_broad,301,0.19014765651225018,True,106,20,77.0,41.0,16,5,2.3,12,33,1.9000000000000001,2.1,1.0,0.015,0.5,6.271483704349958,1.0931264450770488,0.4277295757334337,11.305864455004212,132.0,54.0,78.0,40.90909090909091,7361.190000000001,6734.07,627.1200000000017,662.45,0.0,2.0,18.500526919349976,1.5434522707979001,2.4090189185050126,5.07864210744078,78.0,32.0,46.0,41.02564102564103,5254.389999999999,3404.31,1850.0799999999995,433.98,0.0,0.0,,0.05550158075804993,0.13586306769947504,-0.0,0.06190476190476191,0.006271483704349958,0.004656322253852441,-0.0740495598082391
1a_broad,302,-1.0080961998298332,False,100,20,80.0,39.0,16,7,2.4000000000000004,4,31,1.9000000000000001,2.1,1.0,0.015,0.5,-4.857719897899951,0.907108297795032,-0.392282024323821,11.334532869385011,130.0,46.0,84.0,35.38461538461539,4743.360000000001,5229.0999999999985,-485.73999999999796,633.86,0.0,2.0,9.326929863650001,1.4030498924024928,1.7593686414689236,4.409707915510725,66.0,27.0,39.0,40.90909090909091,3246.91,2314.1799999999994,932.7300000000005,350.13,0.0,0.0,0.04857719897899951,,,,,,,
1a_broad,303,-1.4837000096450272,False,106,19,77.0,42.0,16,6,1.1,12,30,1.9000000000000001,2.2,1.0,0.015,0.5,-0.5412583715000073,0.7760446834919321,-0.2614653690438601,1.9798397418451494,5.0,2.0,3.0,40.0,187.57,241.70000000000002,-54.130000000000024,25.09,0.0,0.0,-1.9236453747000088,0.0,-2.276352359064154,2.0503089304334554,3.0,0.0,3.0,0.0,0.0,192.36,-192.36,14.850000000000001,0.0,0.0,2.9022000578701634,,,,,,,
1a_broad,304,-1.0065917071284425,False,103,20,77.0,41.0,16,6,2.2,12,32,2.0,2.9000000000000004,1.0,0.015,0.5,-2.93461611380013,0.9470042962168369,-0.12731309356124126,11.577095275069462,97.0,29.0,68.0,29.896907216494846,5243.969999999999,5537.43,-293.46000000000095,468.69,0.0,1.0,25.382339574599953,2.227647781464321,3.124598867752828,6.048722753636011,46.0,21.0,25.0,45.65217391304348,4605.84,2067.58,2538.26,263.19,0.0,0.0,0.03955024277065437,,,,,,,
1a_broad,305,0.32727301359404853,True,97,19,80.0,42.0,16,6,2.3,11,33,1.9000000000000001,2.4000000000000004,1.0,0.015,0.5,14.369905442899888,1.2404609342184754,0.9107497023021731,11.322999151355274,115.0,44.0,71.0,38.26086956521739,7412.610000000001,5975.69,1436.920000000001,610.13,0.0,1.0,21.59920723064999,1.871270794004227,3.0983017733410882,3.43443100191596,61.0,26.0,35.0,42.622950819672134,4639.03,2479.0800000000004,2159.9499999999994,340.33,0.0,0.0,,0.06479762169194997,0.21781769850105676,-0.0,0.048412698412698414,0.01436990544289989,0.012023046710923769,-0.03014795716548027
1a_broad,306,0.30041239546178033,True,97,19,76.0,41.0,16,6,2.3,11,34,1.9000000000000001,2.5,1.0,0.015,0.5,7.736418303649879,1.125061827774491,0.5225662019664489,11.179746113794662,114.0,41.0,73.0,35.96491228070175,6960.24,6186.54,773.6999999999998,600.95,0.0,1.0,23.510783084000067,1.98550469483568,3.2272351261654655,4.593060954848843,57.0,25.0,32.0,43.85964912280702,4736.619999999999,2385.6000000000004,2351.0199999999986,323.98,0.0,0.0,,0.07053234925200019,0.24637617370892,-0.0,0.045238095238095244,0.00773641830364988,0.006253091388724552,-0.07572373242960953
1a_broad,307,-1.252267573696145,False,91,19,77.0,40.0,16,15,2.4000000000000004,10,34,1.9000000000000001,2.7,1.0,0.015,0.5,2.6211325974000466,1.2774754938284674,0.4238524809848706,4.493808216085431,22.0,7.0,15.0,31.818181818181817,1206.78,944.66,262.12,112.33,0.0,0.0,10.051250996599991,4.678389752973467,2.885050395007616,2.4993930264178985,11.0,7.0,4.0,63.63636363636363,1278.37,273.25,1005.1199999999999,58.480000000000004,0.0,0.0,1.5136054421768708,,,,,,,
1a_broad,308,0.29917798938010437,True,95,18,76.0,41.0,16,6,2.3,11,34,1.9000000000000001,2.3,1.0,0.015,0.5,15.183888902450054,1.2538244345888365,0.9650350609438931,11.625782948715928,119.0,47.0,72.0,39.49579831932773,7500.289999999999,5981.93,1518.3599999999988,623.77,0.0,1.0,18.559205869299948,1.7225189591541183,2.7193577566788583,4.300343654946809,63.0,26.0,37.0,41.26984126984127,4424.6,2568.68,1855.9200000000005,346.78,0.0,0.0,,0.05567761760789984,0.1806297397885296,-0.0,0.05,0.015183888902450055,0.012691221729441827,-0.015004478648216957
1a_broad,309,-1.0095230470935002,False,89,18,76.0,41.0,16,7,2.4000000000000004,11,34,1.9000000000000001,2.6,1.0,0.015,0.5,-5.713828256100114,0.9064571894429765,-0.36211726501286334,17.867338388977032,117.0,37.0,80.0,31.623931623931625,5537.13,6108.540000000001,-571.4100000000008,572.63,0.0,1.0,17.593535198049974,1.5943335675485772,2.4172509942148457,5.030104190583356,67.0,26.0,41.0,38.80597014925373,4719.610000000001,2960.2400000000002,1759.3700000000003,374.8,0.0,0.0,0.05713828256100114,,,,,,,
1a_broad,310,0.22768808084588205,True,95,18,76.0,41.0,16,6,2.3,11,34,1.9000000000000001,2.5,1.0,0.015,0.5,5.977017577249862,1.0947347066859812,0.415101623490395,11.178355311666916,116.0,41.0,75.0,35.3448275862069,6907.36,6309.62,597.7399999999998,606.51,0.0,1.0,20.226148861999974,1.7514600763846575,2.8024503743344185,4.763091498197928,63.0,25.0,38.0,39.682539682539684,4714.3,2691.6400000000003,2022.6599999999999,352.42,0.0,0.0,,0.06067844658599992,0.18786501909616438,-0.0,0.05,0.005977017577249863,0.004736735334299059,-0.08156913774783117
1a_broad,311,0.33595415743810525,True,94,18,76.0,40.0,16,6,2.2,10,34,1.9000000000000001,2.4000000000000004,1.0,0.015,0.5,14.04925346309983,1.241666580657591,0.9045909276868869,11.650486276312243,112.0,42.0,70.0,37.5,7218.2300000000005,5813.34,1404.8900000000003,593.81,0.0,2.0,21.52067819580005,1.926115115653577,3.133466196412863,4.038252148897343,57.0,24.0,33.0,42.10526315789474,4475.8099999999995,2323.75,2152.0599999999995,319.17,0.0,0.0,,0.06456203458740013,0.23152877891339424,-0.0,0.045238095238095244,0.014049253463099832,0.012083329032879554,-0.03150733379676374
1a_broad,312,0.20725994705998363,True,95,18,76.0,40.0,16,5,2.2,10,34,1.8,2.5,1.0,0.015,0.5,10.71050992289991,1.1498626621573025,0.6201075064132802,11.368334438575257,134.0,50.0,84.0,37.3134328358209,8217.62,7146.610000000001,1071.0100000000002,692.94,0.0,2.0,15.750923913650022,1.433883990182386,1.9558199244963836,8.282106384792165,78.0,27.0,51.0,34.61538461538461,5205.299999999999,3630.2099999999996,1575.0899999999997,433.38,0.0,0.0,,0.047252771740950064,0.10847099754559653,-0.0,0.06190476190476191,0.01071050992289991,0.007493133107865125,-0.028572227162089906
1a_broad,313,0.18952817624924592,True,93,18,76.0,41.0,16,5,2.2,10,34,1.9000000000000001,2.4000000000000004,1.0,0.015,0.5,6.712101204999799,1.1036617290700423,0.4403318632103861,15.30448780531335,123.0,44.0,79.0,35.77235772357724,7146.000000000001,6474.81,671.1900000000005,617.06,0.0,1.0,16.402054767050032,1.562065656911795,2.1534122158884013,5.45347829562901,64.0,24.0,40.0,37.5,4558.42,2918.2,1640.2200000000003,351.97,0.0,0.0,,0.049206164301150095,0.14051641422794875,-0.0,0.050793650793650794,0.006712101204999799,0.005183086453502118,-0.06288324073200563
1a_broad,314,0.15930465575798136,True,93,17,76.0,40.0,16,7,2.2,11,33,1.8,2.4000000000000004,1.0,0.015,0.5,5.176390148449936,1.0978491818649245,0.41992966184761327,8.561322851744965,107.0,35.0,72.0,32.71028037383178,5807.71,5290.08,517.6300000000001,553.68,0.0,1.0,11.892370542500066,1.5157113244694227,1.9612821864557088,6.3637368526094775,55.0,21.0,34.0,38.18181818181818,3495.2000000000003,2305.9800000000005,1189.2199999999998,293.65,0.0,0.0,,0.035677111627500195,0.12892783111735567,-0.0,0.043650793650793655,0.005176390148449937,0.004892459093246227,-0.05901992987936434
1a_broad,315,-1.0009136384729167,False,87,18,76.0,40.0,16,6,2.3,10,33,1.9000000000000001,2.6,1.0,0.015,0.5,-0.5481830837500821,0.991207236910682,0.02457596355121297,13.242452812836417,117.0,39.0,78.0,33.333333333333336,6180.98,6235.8099999999995,-54.82999999999993,578.99,0.0,2.0,20.83602748055002,1.764243088897121,2.8172154506173235,4.589961561816846,66.0,26.0,40.0,39.39393939393939,4810.049999999999,2726.41,2083.6399999999994,369.69,0.0,0.0,0.0054818308375008205,,,,,,,
1a_broad,316,0.26526646423426836,True,97,17,78.0,41.0,16,6,2.4000000000000004,10,34,1.9000000000000001,2.4000000000000004,1.0,0.015,0.5,10.557775539649919,1.163533712303093,0.6792091573941211,13.29515693235979,123.0,45.0,78.0,36.58536585365854,7511.89,6456.100000000001,1055.789999999999,642.78,0.0,1.0,20.02290171445002,1.7188627559391527,2.888129313455139,3.3499749174735487,67.0,28.0,39.0,41.791044776119406,4787.6,2785.33,2002.2700000000004,377.21,0.0,0.0,,0.06006870514335005,0.17971568898478818,-0.0,0.05317460317460318,0.01055777553964992,0.008176685615154656,-0.04642699422327761
1a_broad,317,0.37665622028873336,True,97,18,76.0,40.0,16,6,2.2,11,33,1.8,2.4000000000000004,1.0,0.015,0.5,17.323948588349992,1.277995846880185,1.0501414812190308,9.624314365338295,122.0,46.0,76.0,37.704918032786885,7963.779999999999,6231.460000000001,1732.319999999998,650.35,0.0,2.0,25.16441340335001,2.0407374933827422,3.4746112815487145,3.727681017117743,60.0,27.0,33.0,45.0,4934.34,2417.92,2516.42,342.41,0.0,0.0,,0.07549324021005004,0.25,-0.0,0.047619047619047616,0.017323948588349992,0.013899792344009254,-0.027679808472723545
1a_broad,318,0.18565827194355236,True,96,18,76.0,40.0,16,5,2.3,11,34,1.8,2.4000000000000004,1.0,0.015,0.5,13.807067681349944,1.1855713195131394,0.7725666272430715,10.578512432207102,143.0,54.0,89.0,37.76223776223776,8821.03,7440.32,1380.710000000001,733.07,0.0,2.0,11.619741891900066,1.3148492369721667,1.5011703216402756,7.051035480702655,78.0,28.0,50.0,35.8974358974359,4852.53,3690.56,1161.9699999999998,417.51,0.0,0.0,,0.0348592256757002,0.07871230924304168,-0.0,0.06190476190476191,0.013807067681349944,0.009278565975656973,-0.01290365853695834
1a_broad,319,-1.302040652287975,False,92,18,76.0,39.0,16,14,2.1,11,33,1.8,2.5,1.0,0.015,0.5,-3.333234910200026,0.3308373316202598,-1.2177955215227714,5.14997769609438,10.0,1.0,9.0,10.0,164.8,498.13,-333.33,49.28,0.0,0.0,3.770268278900003,4.129658836224786,1.847421957317011,1.306693620733878,5.0,3.0,2.0,60.0,497.5,120.47,377.03,25.67,0.0,0.0,1.8122439137278508,,,,,,,
1a_broad,320,0.19555521410520976,True,97,18,77.0,39.0,16,6,2.4000000000000004,11,35,1.8,2.4000000000000004,1.0,0.015,0.5,6.7845942440999,1.0952312110332283,0.43151061053683515,15.3730591434314,134.0,47.0,87.0,35.07462686567164,7803.150000000001,7124.660000000001,678.4899999999998,680.94,0.0,2.0,18.091532250599993,1.5599096310968066,2.474900952958563,4.709509498859714,73.0,30.0,43.0,41.0958904109589,5040.38,3231.1999999999994,1809.1800000000007,404.5,0.0,0.0,,0.05427459675179998,0.13997740777420165,-0.0,0.057936507936507946,0.0067845942440999,0.004761560551661415,-0.06817945315306112
1a_broad,321,0.17778839060354212,True,94,18,75.0,41.0,16,7,2.3,10,34,1.8,2.4000000000000004,1.0,0.015,0.5,11.137825836249887,1.1912686268549575,0.7829978776552186,9.940285062498045,120.0,45.0,75.0,37.5,6936.65,5822.909999999999,1113.7400000000007,641.78,0.0,1.0,9.626098648600037,1.3406456133397506,1.559943167120651,7.644960424124157,68.0,23.0,45.0,33.8235294117647,3788.4500000000003,2825.8399999999997,962.6100000000006,359.98,0.0,0.0,,0.02887829594580011,0.08516140333493766,-0.0,0.05396825396825397,0.011137825836249888,0.009563431342747876,-0.010920819824447384
1a_broad,322,0.13179053066522606,True,101,19,77.0,40.0,16,4,2.2,11,33,1.9000000000000001,2.3,1.0,0.015,0.5,3.942670012150065,1.0548044990178729,0.27915617344430316,17.16418336809265,142.0,50.0,92.0,35.2112676056338,7587.8099999999995,7193.57,394.2399999999998,684.54,0.0,2.0,15.841133092349938,1.4203979703406475,1.9427022724215204,6.971826145151129,79.0,30.0,49.0,37.9746835443038,5352.2300000000005,3768.12,1584.1100000000006,427.26,0.0,0.0,,0.047523399277049815,0.10509949258516188,-0.0,0.0626984126984127,0.003942670012150065,0.002740224950893644,-0.09021366885844204
1a_broad,323,0.2954399757566794,True,97,18,78.0,39.0,16,6,2.3,10,33,1.9000000000000001,2.5,1.0,0.015,0.5,9.768565969949904,1.1612836121030812,0.6403530879845026,10.806740129108972,113.0,42.0,71.0,37.16814159292036,7033.859999999999,6056.969999999999,976.8899999999994,602.57,0.0,2.0,21.90650981650009,1.8838210434158134,3.08635037457152,4.590067284224599,61.0,25.0,36.0,40.98360655737705,4669.22,2478.5899999999997,2190.6300000000006,343.92,0.0,0.0,,0.06571952944950027,0.22095526085395334,-0.0,0.048412698412698414,0.009768565969949905,0.00806418060515406,-0.057480259534576576
1a_broad,324,0.3819783017580578,True,97,17,78.0,39.0,16,6,2.2,10,34,1.8,2.5,1.0,0.015,0.5,18.103763596949864,1.2852254196831598,1.0717159175285884,9.017612717113623,121.0,47.0,74.0,38.84297520661157,8157.389999999999,6347.049999999999,1810.3400000000001,661.01,0.0,2.0,26.251366033200117,2.060354159598016,3.5022626439049396,3.6165619968120977,61.0,27.0,34.0,44.26229508196721,5100.86,2475.72,2625.14,347.12,0.0,0.0,,0.07875409809960035,0.25,-0.0,0.048412698412698414,0.018103763596949866,0.014261270984157992,-0.027553529335348836
1a_broad,325,0.20971891576052934,True,97,17,78.0,39.0,16,7,2.3,10,35,1.8,2.5,1.0,0.015,0.5,8.789061547349903,1.153373494396415,0.6123814227686821,11.635459512131009,115.0,40.0,75.0,34.78260869565217,6609.13,5730.26,878.8699999999999,605.94,0.0,2.0,14.021977135500038,1.5519464672308596,2.1306940369950156,6.149627130037858,60.0,23.0,37.0,38.333333333333336,3942.72,2540.5000000000005,1402.2199999999993,326.44,0.0,0.0,,0.04206593140650011,0.1379866168077149,-0.0,0.047619047619047616,0.008789061547349902,0.007668674719820745,-0.03441041633990393
1a_broad,326,-1.3165955142405783,False,89,16,78.0,38.0,16,20,2.4000000000000004,10,34,1.8,2.6,1.0,0.015,0.5,-0.16139017699999386,0.8690108819230145,-0.06541333343316487,2.531424343245434,3.0,1.0,2.0,33.333333333333336,107.01,123.14,-16.129999999999995,14.91,0.0,0.0,1.3870925096499924,2.026948989412897,0.7946909108498847,1.303447447470159,3.0,1.0,2.0,33.333333333333336,273.78,135.07,138.70999999999998,15.14,0.0,0.0,1.8995730854434694,,,,,,,
1a_broad,327,0.2876803355820816,True,96,17,78.0,38.0,16,6,2.1,10,34,1.8,2.5,1.0,0.015,0.5,15.324555428350015,1.2575735674763515,0.9776937709288547,7.0953634297965635,118.0,45.0,73.0,38.13559322033898,7482.110000000001,5949.64,1532.4700000000003,644.26,0.0,2.0,16.078163655100106,1.6815915758058773,2.4591770415549354,4.317670314200609,56.0,23.0,33.0,41.07142857142857,3966.7400000000002,2358.92,1607.8200000000002,304.03,0.0,0.0,,0.04823449096530032,0.17039789395146931,-0.0,0.044444444444444446,0.015324555428350015,0.012878678373817577,-0.0035997275813000737
1a_broad,328,0.20164455475290344,True,93,17,78.0,39.0,16,7,2.2,9,35,1.8,2.6,1.0,0.015,0.5,7.943128474649856,1.1543632377976258,0.586325736807255,10.646682738584651,105.0,33.0,72.0,31.428571428571427,5940.03,5145.72,794.3099999999995,543.18,0.0,2.0,13.174818794949969,1.550350260868112,2.061569794184963,5.620553413247205,58.0,21.0,37.0,36.206896551724135,3711.4299999999994,2393.9300000000003,1317.499999999999,310.77,0.0,0.0,,0.03952445638484991,0.13758756521702797,-0.0,0.046031746031746035,0.007943128474649857,0.007718161889881292,-0.03716050324525162
1a_broad,329,-1.0015963992427503,False,91,18,76.0,39.0,16,6,2.3,9,33,1.9000000000000001,2.5,1.0,0.015,0.5,-0.9578395456501495,0.9838653446803634,-0.0032861793882047064,14.320598960568582,113.0,38.0,75.0,33.6283185840708,5841.729999999999,5937.530000000001,-95.800000000002,564.02,0.0,2.0,17.436884271200014,1.6604997897655602,2.569058685820329,4.815575508056269,65.0,25.0,40.0,38.46153846153846,4383.57,2639.91,1743.6599999999999,358.62,0.0,0.0,0.009578395456501495,,,,,,,
1a_broad,330,-1.0057598269970003,False,100,18,78.0,40.0,16,5,2.4000000000000004,10,33,1.8,2.5,1.0,0.015,0.5,-3.4558961982001346,0.9553086786986803,-0.12309009455880031,13.543900818712244,148.0,48.0,100.0,32.432432432432435,7386.59,7732.15,-345.5599999999995,714.19,0.0,2.0,17.53999429105008,1.4924685052966133,2.133917249599195,6.6489217964589775,79.0,30.0,49.0,37.9746835443038,5315.740000000001,3561.71,1754.0300000000007,441.97,0.0,0.0,0.03455896198200135,,,,,,,
1a_broad,331,0.3632340602828104,True,97,17,76.0,40.0,16,6,2.2,10,34,1.9000000000000001,2.7,1.0,0.015,0.5,16.196248011200005,1.2742302775826013,0.9981401271133943,9.393046121478728,108.0,39.0,69.0,36.111111111111114,7526.049999999998,5906.35,1619.699999999998,585.48,0.0,1.0,27.38213403039994,2.312482924233927,3.5584167391906956,4.182631552407791,50.0,23.0,27.0,46.0,4824.509999999999,2086.29,2738.2199999999993,290.83,0.0,0.0,,0.08214640209119982,0.25,-0.0,0.03968253968253968,0.016196248011200006,0.013711513879130067,-0.03850264338125914
1a_broad,332,0.32668718668498603,True,102,19,75.0,40.0,16,6,2.2,11,35,1.9000000000000001,2.3,1.0,0.015,0.5,9.999806489649963,1.1760420682746835,0.6975260077422468,12.56641265205446,112.0,42.0,70.0,37.5,6680.26,5680.289999999999,999.9700000000012,569.12,0.0,2.0,30.025947037149948,2.51461590068754,4.165825003803526,3.4236716028443412,54.0,27.0,27.0,50.0,4985.05,1982.4299999999998,3002.6200000000003,313.89,0.0,0.0,,0.09007784111144984,0.25,-0.0,0.04285714285714286,0.009999806489649963,0.008802103413734176,-0.0750497071869908
1a_broad,333,-1.0026756783150004,False,101,16,75.0,40.0,16,5,2.0,10,35,1.8,2.4000000000000004,1.0,0.015,0.5,-1.6054069890002027,0.975039770597904,-0.030352330646923834,17.505017073220337,127.0,42.0,85.0,33.07086614173228,6270.12,6430.63,-160.51000000000022,606.28,0.0,1.0,22.547470290650054,1.8187872669566925,3.2368765092858935,3.8204050116074932,65.0,28.0,37.0,43.07692307692308,5008.540000000001,2753.78,2254.7600000000007,369.68,0.0,0.0,0.016054069890002028,,,,,,,
1a_broad,334,0.2911964177775798,True,95,17,75.0,40.0,16,6,2.1,9,35,1.9000000000000001,2.3,1.0,0.015,0.5,14.550941301899876,1.278719047445738,1.045213219786228,9.707604769634811,110.0,43.0,67.0,39.09090909090909,6675.54,5220.49,1455.0500000000002,586.66,0.0,1.0,14.368938429400005,1.7107582727407624,2.4618318429735364,4.702914316205244,54.0,22.0,32.0,40.74074074074074,3458.64,2021.7000000000003,1436.9399999999996,291.79,0.0,0.0,,0.04310681528820001,0.1776895681851906,-0.0,0.04285714285714286,0.014550941301899876,0.013935952372286897,-0.000944002227140433
1a_broad,335,0.32617432469951846,True,98,16,75.0,40.0,16,7,2.2,11,36,1.9000000000000001,2.9000000000000004,1.0,0.015,0.5,12.683941908549986,1.2454081267401522,0.9239433707292547,8.216240966848781,98.0,31.0,67.0,31.632653061224488,6436.73,5168.369999999999,1268.3600000000006,528.05,0.0,0.0,18.6123518865,1.9491570369312679,2.401282625401245,5.494682649891585,46.0,19.0,27.0,41.30434782608695,3822.1800000000003,1960.94,1861.2400000000002,255.77,0.0,0.0,,0.0558370556595,0.23728925923281696,-0.0,0.03650793650793651,0.012683941908549988,0.012270406337007612,-0.028414274946292624
1a_broad,336,0.11649845017743779,True,27,16,75.0,39.0,17,7,2.1,10,36,1.8,3.0,1.0,0.015,0.5,11.523994693549922,1.1800773228902635,0.7496753042075339,12.541987626673118,131.0,37.0,94.0,28.244274809160306,7551.4800000000005,6399.139999999999,1152.340000000001,715.55,0.0,1.0,6.933118611300106,1.2308765596955034,0.9318158810504152,8.610906338893733,69.0,20.0,49.0,28.985507246376812,3696.31,3002.9900000000002,693.3199999999997,348.54,0.0,2.0,,0.020799355833900315,0.05771913992387584,-0.0,0.05476190476190477,0.011523994693549922,0.009003866144513173,-0.03730981118030623
1a_broad,337,0.3374595946931884,True,99,17,75.0,40.0,16,7,2.2,11,36,1.9000000000000001,2.9000000000000004,1.0,0.015,0.5,12.650192025249963,1.2447650817115508,0.9226740489639336,8.216456249478279,98.0,31.0,67.0,31.632653061224488,6433.170000000001,5168.1799999999985,1264.9900000000025,527.71,0.0,0.0,19.617337247599988,1.9952210880902614,2.5116743060434463,5.494682649891585,47.0,20.0,27.0,42.5531914893617,3932.9,1971.16,1961.74,262.74,0.0,0.0,,0.058852011742799956,0.24880527202256536,-0.0,0.0373015873015873,0.012650192025249963,0.012238254085577539,-0.032387722484591715
1a_broad,338,0.20066556140332917,True,103,16,75.0,40.0,16,7,2.2,12,36,1.8,2.8,1.0,0.015,0.5,1.6735713080999086,1.0308568772788553,0.1652133800202886,12.010354837870143,104.0,29.0,75.0,27.884615384615383,5589.4400000000005,5422.13,167.3100000000004,523.07,0.0,1.0,20.807196323049993,1.8793481614213323,2.5750257935005934,7.038783415477534,54.0,23.0,31.0,42.592592592592595,4446.97,2366.2300000000005,2080.74,302.23,0.0,0.0,,0.062421588969149976,0.21983704035533308,-0.0,0.04285714285714286,0.0016735713080999086,0.0015428438639427666,-0.12766662595033942
1a_broad,339,-1.0548053735641487,False,101,16,75.0,40.0,16,7,2.0,11,36,1.9000000000000001,2.8,1.0,0.015,0.5,-8.053292165700077,0.8005339964532333,-0.7509085419214426,12.793557963584421,83.0,23.0,60.0,27.710843373493976,3232.14,4037.4799999999996,-805.3399999999997,397.24,0.0,0.0,16.983492651949962,2.178408870139602,2.6346766689103363,5.9334654296090275,38.0,17.0,21.0,44.73684210526316,3139.6099999999997,1441.24,1698.3699999999997,208.21,0.0,0.0,0.32883224138489187,,,,,,,
1a_broad,340,0.3440539113962676,True,107,17,75.0,38.0,17,7,2.2,11,36,1.9000000000000001,3.0,1.0,0.015,0.5,15.377430604549808,1.3052273246062385,1.096583020694241,7.805291033586963,100.0,32.0,68.0,32.0,6575.67,5037.950000000001,1537.7199999999993,540.49,0.0,0.0,19.643911379300008,1.9386476684680554,2.4501683300811954,6.488285462580596,48.0,18.0,30.0,37.5,4057.26,2092.83,1964.4300000000003,269.82,0.0,0.0,,0.058931734137900024,0.23466191711701384,-0.0,0.0380952380952381,0.015377430604549809,0.015261366230311924,-0.018273774788746096
1a_broad,341,-1.0238095238095237,False,108,17,75.0,38.0,17,7,2.1,12,36,1.9000000000000001,3.0,1.0,0.015,0.5,6.120295566099885,1.13760772736573,0.5041436449712567,11.230470271198184,84.0,24.0,60.0,28.571428571428573,5059.59,4447.570000000001,612.0199999999995,440.58,0.0,0.0,19.694581752800005,2.1011472788469066,2.535796135325388,6.172701955099291,44.0,17.0,27.0,38.63636363636363,3758.07,1788.5800000000002,1969.49,245.36,0.0,0.0,0.1428571428571429,,,,,,,
1a_broad,342,-1.0136054421768708,False,106,15,75.0,37.0,17,7,2.1,11,36,1.9000000000000001,3.0,1.0,0.015,0.5,6.146205474499893,1.133789019983456,0.5018504211670253,10.172167387778389,90.0,26.0,64.0,28.88888888888889,5208.4,4593.8,614.5999999999995,471.49,0.0,1.0,18.67028753159999,2.005049308815297,2.3819763046937017,6.392969920592286,44.0,17.0,27.0,38.63636363636363,3724.7400000000002,1857.6799999999998,1867.0600000000004,243.7,0.0,0.0,0.08163265306122447,,,,,,,
1a_broad,343,-1.010204081632653,False,108,17,75.0,37.0,17,7,2.2,10,37,1.9000000000000001,2.8,1.0,0.015,0.5,19.207037354600015,1.4227162384923333,1.4508928715168132,6.306562851310978,92.0,32.0,60.0,34.78260869565217,6464.41,4543.71,1920.6999999999998,506.64,0.0,0.0,20.627578394250012,1.9749269786654824,2.6221639803710044,5.374936195765686,51.0,20.0,31.0,39.21568627450981,4178.59,2115.8199999999997,2062.7700000000004,289.14,0.0,0.0,0.061224489795918324,,,,,,,
1a_broad,344,0.24087391123716187,True,104,17,75.0,38.0,17,7,2.2,12,36,1.8,3.0,1.0,0.015,0.5,9.913467367399917,1.177266753095802,0.665856982299288,11.260759606558752,106.0,32.0,74.0,30.18867924528302,6583.57,5592.25,991.3199999999997,557.7,0.0,2.0,16.824618613249932,1.6733245823962097,2.0725505249067475,7.493546052389437,53.0,20.0,33.0,37.735849056603776,4181.27,2498.7799999999997,1682.4900000000007,289.79,0.0,0.0,,0.05047385583974979,0.16833114559905243,-0.0,0.04206349206349207,0.009913467367399918,0.008863337654790105,-0.03877138728732244
1a_broad,345,-1.0119047619047619,False,106,16,76.0,39.0,17,7,2.1,12,35,1.9000000000000001,2.9000000000000004,1.0,0.015,0.5,1.2194500228998186,1.026130129718119,0.14245319008694052,11.092761473581051,91.0,26.0,65.0,28.571428571428573,4786.62,4664.73,121.89000000000033,466.96,0.0,1.0,21.542431726899977,2.1243176100957175,2.7349485799543904,6.702392814438371,45.0,19.0,26.0,42.22222222222222,4070.3200000000006,1916.06,2154.2600000000007,254.38,0.0,0.0,0.0714285714285714,,,,,,,
1a_broad,346,-1.0051020408163265,False,103,17,76.0,40.0,16,7,2.2,9,37,1.9000000000000001,2.9000000000000004,1.0,0.015,0.5,17.116835892649906,1.368273161495762,1.3260336273592344,6.307564985707026,95.0,31.0,64.0,32.63157894736842,6359.460000000001,4647.799999999999,1711.6600000000017,514.31,0.0,0.0,22.133567845499982,2.0505232682313297,2.8592870176690064,5.84052437103221,51.0,21.0,30.0,41.1764705882353,4320.349999999999,2106.95,2213.3999999999996,288.5,0.0,0.0,0.030612244897959218,,,,,,,
1a_broad,347,0.21893623751720556,True,107,15,75.0,39.0,16,6,2.2,11,35,1.8,3.2,1.0,0.015,0.5,3.028367653949917,1.0504504534525876,0.2285750211544027,14.463921501491782,110.0,32.0,78.0,29.09090909090909,6304.5199999999995,6001.7300000000005,302.78999999999905,533.69,0.0,1.0,23.020172210250056,1.8568365808720901,2.513426548665996,6.911827729575746,57.0,21.0,36.0,36.8421052631579,4988.669999999999,2686.649999999999,2302.02,319.1,0.0,0.0,,0.06906051663075016,0.21420914521802253,-0.0,0.045238095238095244,0.0030283676539499173,0.0025225226726293794,-0.11512240989624167
1a_broad,348,-1.0111029900270834,False,100,17,79.0,40.0,17,5,2.0,12,36,1.9000000000000001,3.0,1.0,0.015,0.5,-6.661794016250077,0.8943290874192983,-0.326460403842273,15.214394054004762,107.0,31.0,76.0,28.97196261682243,5637.94,6304.100000000001,-666.1600000000017,517.98,0.0,0.0,17.566499298099934,1.7274805461570633,2.156428449722765,6.524722893308602,52.0,20.0,32.0,38.46153846153846,4171.33,2414.6900000000005,1756.6399999999994,286.24,0.0,0.0,0.06661794016250078,,,,,,,
1a_broad,349,-1.0165005418830002,False,103,17,76.0,40.0,16,6,3.9000000000000004,11,35,1.8,3.1,1.0,0.015,0.5,-9.90032512980013,0.8932178838796797,-0.34863234389988407,20.249032689846448,155.0,41.0,114.0,26.451612903225808,8281.55,9271.59,-990.0400000000009,701.03,0.0,1.0,2.510941239599979,1.0506667043335782,0.316646902435032,14.539342100973407,80.0,24.0,56.0,30.0,5206.8099999999995,4955.719999999999,251.09000000000015,398.32,0.0,0.0,0.0990032512980013,,,,,,,
1a_broad,350,0.27103639212543834,True,74,16,75.0,37.0,16,6,2.2,10,35,1.9000000000000001,2.7,1.0,0.015,0.5,14.944257926599985,1.2190091122515674,0.9037732462554531,10.260227648722294,128.0,45.0,83.0,35.15625,8318.25,6823.78,1494.4700000000003,693.98,0.0,1.0,17.439252183250044,1.6175228126582366,2.270380523115565,7.126089113378077,63.0,23.0,40.0,36.507936507936506,4568.03,2824.09,1743.9399999999996,346.47,0.0,0.0,,0.052317756549750134,0.15438070316455915,-0.0,0.05,0.014944257926599987,0.01095045561257837,-0.011556781128049313
1a_broad,351,-1.0914834843402863,False,109,17,76.0,39.0,17,7,1.9,11,34,1.8,2.7,1.0,0.015,0.5,-4.549954549750055,0.8532229656057859,-0.45392049433723913,12.09237732707927,65.0,19.0,46.0,29.23076923076923,2644.94,3099.94,-455.0,320.96,0.0,1.0,5.504722509749972,1.3665658879624945,1.1797631572739156,4.767668160508009,35.0,11.0,24.0,31.428571428571427,2052.09,1501.6399999999999,550.4500000000003,184.05,0.0,0.0,0.5489009060417183,,,,,,,
1a_broad,352,-1.00662356052575,False,99,17,79.0,41.0,16,5,2.1,12,37,1.9000000000000001,2.9000000000000004,1.0,0.015,0.5,-3.9741363154500142,0.9417440295948011,-0.14863176354749993,14.16901260779429,116.0,34.0,82.0,29.310344827586206,6425.35,6822.82,-397.46999999999935,557.71,0.0,0.0,18.1764739422001,1.5973956398989018,2.0471666627266663,6.06514205165191,60.0,23.0,37.0,38.333333333333336,4860.219999999999,3042.5899999999997,1817.6299999999997,339.56,0.0,0.0,0.039741363154500144,,,,,,,
1a_broad,353,0.29682107479214703,True,105,16,77.0,41.0,15,6,2.2,11,34,2.0,2.9000000000000004,1.0,0.015,0.5,7.933246697449886,1.1443501740353457,0.5625723612852944,9.517425557441408,100.0,34.0,66.0,34.0,6289.360000000001,5496.01,793.3500000000004,515.57,0.0,0.0,25.33432695219997,2.2812299289453053,2.985046304645184,5.949574087105251,43.0,20.0,23.0,46.51162790697674,4510.79,1977.3500000000001,2533.4399999999996,248.56,0.0,0.0,,0.07600298085659991,0.25,-0.0,0.03412698412698413,0.007933246697449886,0.007217508701767284,-0.07845964559065416
1a_broad,354,-1.001700680272109,False,102,17,76.0,40.0,16,7,2.2,10,36,1.9000000000000001,2.4000000000000004,1.0,0.015,0.5,7.824072465799945,1.1718042132493582,0.6570766428357719,6.381740111600067,97.0,33.0,64.0,34.02061855670103,5336.08,4553.73,782.3500000000004,498.43,0.0,0.0,23.521378771450035,2.329739661361902,3.7210374222563756,3.5199810944347147,50.0,23.0,27.0,46.0,4120.96,1768.85,2352.11,283.51,0.0,0.0,0.010204081632653073,,,,,,,
1a_broad,355,0.33153849531167606,True,109,21,79.0,38.0,16,6,2.2,11,33,1.9000000000000001,2.8,1.0,0.015,0.5,11.008609356399866,1.2008953012197703,0.7276675395128828,9.709666077838818,99.0,34.0,65.0,34.343434343434346,6580.57,5479.72,1100.8499999999995,524.23,0.0,2.0,29.480745690299976,2.408329392206601,3.377394155590083,5.317650869819937,51.0,23.0,28.0,45.09803921568628,5041.38,2093.31,2948.07,297.36,0.0,0.0,,0.08844223707089992,0.25,-0.0,0.04047619047619048,0.011008609356399867,0.010044765060988515,-0.06843330665280274
1a_broad,356,0.2661875013914784,True,108,16,79.0,38.0,17,6,2.1,11,35,1.9000000000000001,2.8,1.0,0.015,0.5,4.253719989849942,1.0817280164777945,0.347670135247608,10.386707876996214,98.0,31.0,67.0,31.632653061224488,5629.9400000000005,5204.580000000001,425.3599999999997,506.32,0.0,1.0,24.693572900499987,2.2376999879706485,3.074756680860502,5.914186791611689,50.0,21.0,29.0,42.0,4464.4800000000005,1995.1200000000001,2469.3600000000006,287.08,0.0,0.0,,0.07408071870149996,0.25,-0.0,0.03968253968253968,0.004253719989849942,0.004086400823889724,-0.10591587780630093
1a_broad,357,0.22210348621843765,True,106,17,78.0,38.0,16,5,2.2,11,33,1.8,2.8,1.0,0.015,0.5,9.313577089399823,1.124116664867681,0.5426817240130021,15.595558821183733,139.0,47.0,92.0,33.81294964028777,8435.63,7504.2300000000005,931.3999999999987,710.48,0.0,2.0,19.025476521950004,1.5909544117510028,2.0136356974746894,9.219666520747055,67.0,24.0,43.0,35.82089552238806,5122.030000000001,3219.47,1902.5600000000009,375.19,0.0,0.0,,0.05707642956585001,0.1477386029377507,-0.0,0.05317460317460318,0.009313577089399823,0.006205833243384052,-0.05140555979255013
1a_broad,358,-1.001700680272109,False,99,21,77.0,38.0,15,6,2.1,10,34,1.9000000000000001,3.0,1.0,0.015,0.5,9.229865804849977,1.1683268894076453,0.609648263009633,10.848309885238725,97.0,32.0,65.0,32.98969072164948,6406.17,5483.2,922.9700000000003,526.88,0.0,2.0,15.800158215900009,1.7976908086713312,2.0676674938499016,5.957900615463049,45.0,18.0,27.0,40.0,3560.83,1980.7800000000002,1580.0499999999997,243.93,0.0,0.0,0.010204081632653073,,,,,,,
1a_broad,359,-1.0034013605442178,False,102,17,75.0,39.0,16,7,2.2,11,33,1.9000000000000001,3.1,1.0,0.015,0.5,13.67600381639997,1.273961104522581,0.9834517074714988,8.702082616342901,96.0,30.0,66.0,31.25,6359.409999999999,4991.839999999999,1367.5699999999997,508.91,0.0,2.0,16.88882352014998,1.7879757761251132,2.1422682517465543,6.409443782113692,48.0,18.0,30.0,37.5,3832.2400000000002,2143.34,1688.9,262.79,0.0,0.0,0.020408163265306145,,,,,,,
1a_broad,360,-1.0051020408163265,False,108,18,78.0,40.0,17,6,2.1,11,38,1.9000000000000001,2.7,1.0,0.015,0.5,1.8126240117498855,1.0353161191035092,0.17416840583196916,9.971874742182425,95.0,29.0,66.0,30.526315789473685,5314.6399999999985,5133.349999999999,181.28999999999905,484.7,0.0,1.0,28.657161493799993,2.4314242614958888,3.9127990361340745,3.628572225168124,51.0,22.0,29.0,43.13725490196079,4867.759999999999,2002.02,2865.7399999999993,299.81,0.0,0.0,0.030612244897959218,,,,,,,
1a_broad,361,0.2531097708164649,True,104,21,78.0,39.0,15,7,2.2,12,34,1.8,2.9000000000000004,1.0,0.015,0.5,7.731332260899835,1.1425171579154998,0.5923434180770227,9.029600536839482,105.0,32.0,73.0,30.476190476190474,6197.71,5424.610000000001,773.0999999999995,553.64,0.0,2.0,19.62887445004997,1.8101189026780962,2.4252463794057157,7.175475402598011,53.0,22.0,31.0,41.509433962264154,4385.9,2422.99,1962.9099999999999,296.16,0.0,0.0,,0.05888662335014991,0.20252972566952404,-0.0,0.04206349206349207,0.007731332260899836,0.00712585789577499,-0.06522726042337591
1a_broad,362,-1.292797558891779,False,85,19,79.0,37.0,16,16,2.2,11,35,1.9000000000000001,2.8,1.0,0.015,0.5,-1.1887394167000276,0.7716673069535152,-0.2751984913184503,4.475138176151336,11.0,2.0,9.0,18.181818181818183,401.73,520.6,-118.87,54.69,0.0,0.0,2.2297503425000103,1.935080729712728,1.0865512545441458,1.6341766805610964,6.0,3.0,3.0,50.0,461.41999999999996,238.45,222.96999999999997,30.67,0.0,0.0,1.7567853533506739,,,,,,,
1a_broad,363,0.328950709595981,True,100,21,76.0,41.0,16,6,2.2,10,34,1.8,2.9000000000000004,1.0,0.015,0.5,16.83351728224994,1.2556397714174636,0.9727724134284083,9.172223175333048,119.0,41.0,78.0,34.45378151260504,8268.3,6584.93,1683.369999999999,650.8,0.0,2.0,20.607591359649994,1.8327521063584753,2.410965284245148,6.6292417435983575,56.0,23.0,33.0,41.07142857142857,4535.42,2474.6499999999996,2060.7700000000004,310.16,0.0,0.0,,0.061822774078949976,0.20818802658961882,-0.0,0.044444444444444446,0.01683351728224994,0.012781988570873183,-0.015120041370155357
1a_broad,364,-1.0008057856140002,False,93,21,76.0,41.0,16,6,2.0,9,36,1.8,2.9000000000000004,1.0,0.015,0.5,-0.48347136840009625,0.9914912035302005,0.029687345978921385,14.73283047300446,103.0,30.0,73.0,29.12621359223301,5635.170000000001,5683.530000000001,-48.35999999999967,526.63,0.0,2.0,8.29407172010002,1.339010762181539,1.2098719036690941,5.88215736684333,56.0,18.0,38.0,32.142857142857146,3275.93,2446.5299999999993,829.4000000000005,290.42,0.0,0.0,0.004834713684000963,,,,,,,
1a_broad,365,0.2638790352872445,True,99,15,76.0,40.0,17,6,2.2,10,33,1.8,3.1,1.0,0.015,0.5,11.929244141099971,1.1827544686352967,0.6910742029934723,10.984007544241207,116.0,37.0,79.0,31.896551724137932,7720.69,6527.720000000001,1192.9699999999984,616.01,0.0,1.0,17.657397019749915,1.694570758724864,2.085039476640077,7.412699565278672,57.0,21.0,36.0,36.8421052631579,4307.87,2542.16,1765.71,311.71,0.0,0.0,,0.052972191059249746,0.173642689681216,-0.0,0.045238095238095244,0.011929244141099972,0.009137723431764833,-0.029040908264181278
1a_broad,366,0.1999198842456158,True,98,21,75.0,41.0,16,5,2.1,10,35,1.8,2.8,1.0,0.015,0.5,10.336607428949973,1.1433556105049876,0.5805068283516039,14.373146733120823,125.0,40.0,85.0,32.0,8244.36,7210.670000000001,1033.6899999999996,649.42,0.0,2.0,13.974324309899966,1.448575271319571,1.6533352537443167,6.630418307760663,64.0,23.0,41.0,35.9375,4512.789999999999,3115.33,1397.4599999999991,352.96999999999997,0.0,0.0,,0.041922972929699896,0.11214381782989274,-0.0,0.050793650793650794,0.010336607428949974,0.007167780525249379,-0.022444945261826978
1a_broad,367,0.22598524474807455,True,105,21,75.0,39.0,16,6,2.1,10,37,1.8,2.9000000000000004,1.0,0.015,0.5,2.2190362255998295,1.036692741495361,0.19255821101149412,9.731500601905847,112.0,33.0,79.0,29.464285714285715,6268.570000000001,6046.700000000001,221.8699999999999,569.86,0.0,2.0,22.503913586949967,1.9321941924526738,2.7151525092689854,6.460223854044828,56.0,23.0,33.0,41.07142857142857,4664.509999999999,2414.1,2250.4099999999994,315.04,0.0,0.0,,0.0675117407608499,0.23304854811316844,-0.0,0.044444444444444446,0.0022190362255998294,0.001834637074768053,-0.12307316187075612
1a_broad,368,0.13221159696607654,True,61,21,76.0,41.0,16,7,2.2,10,34,1.8,3.5,1.0,0.015,0.5,23.32094722579992,1.3918520422822749,1.2234839241983244,8.682617433135992,115.0,33.0,82.0,28.695652173913043,8283.51,5951.43,2332.08,639.52,0.0,0.0,8.929204207299989,1.327317650767815,1.1282998126440724,6.764982667037205,60.0,17.0,43.0,28.333333333333332,3620.75,2727.8700000000003,892.8799999999997,310.13,0.0,0.0,,0.026787612621899964,0.08182941269195376,-0.0,0.047619047619047616,0.023320947225799922,0.019592602114113747,-0.06693802530673847
1a_broad,369,0.2700900774054738,True,109,20,79.0,40.0,16,6,2.3,9,35,1.9000000000000001,2.3,1.0,0.015,0.5,3.7578259880499716,1.0665244636408695,0.2976778351452468,11.732626848545353,113.0,40.0,73.0,35.39823008849557,6025.01,5649.2,375.8100000000004,568.28,0.0,1.0,26.17100363469999,2.2337642133846245,3.864316469349878,3.774122806422256,59.0,27.0,32.0,45.76271186440678,4738.35,2121.24,2617.1100000000006,338.12,0.0,0.0,,0.07851301090409997,0.25,-0.0,0.046825396825396826,0.003757825988049972,0.0033262231820434755,-0.11233237949411642
1a_broad,370,0.17631178014186952,True,100,20,75.0,41.0,17,6,2.2,12,34,1.8,2.9000000000000004,1.0,0.015,0.5,1.9499842551499205,1.0292863526107494,0.17257946311277203,11.425309470087639,120.0,37.0,83.0,30.833333333333332,6853.04,6658.049999999999,194.9900000000007,606.52,0.0,2.0,19.889823231399987,1.7679913199941317,2.3018260202811196,6.742301289125482,56.0,23.0,33.0,41.07142857142857,4578.850000000001,2589.8599999999997,1988.9900000000016,309.56,0.0,0.0,,0.05966946969419996,0.19199782999853293,-0.0,0.044444444444444446,0.0019499842551499204,0.0014643176305374707,-0.1232142658809952
1a_broad,371,0.1804945908769898,True,94,21,76.0,38.0,16,5,2.0,10,33,1.9000000000000001,2.8,1.0,0.015,0.5,8.67892810814992,1.1360291524626778,0.5456754305717664,11.364666146453192,111.0,38.0,73.0,34.234234234234236,7248.15,6380.25,867.8999999999996,575.32,0.0,2.0,12.537995867700047,1.4123834426957425,1.6232311828378732,5.515856086956766,65.0,21.0,44.0,32.30769230769231,4294.14,3040.35,1253.7900000000004,353.71,0.0,0.0,,0.03761398760310014,0.10309586067393561,-0.0,0.0515873015873016,0.00867892810814992,0.006801457623133889,-0.027282944718631366
1a_broad,372,-1.0256156735819797,False,90,21,79.0,40.0,16,7,2.1,11,33,1.9000000000000001,2.4000000000000004,1.0,0.015,0.5,-6.185730679800053,0.8643725140223391,-0.4891127919348675,16.20965561264792,89.0,27.0,62.0,30.337078651685392,3942.04,4560.580000000001,-618.5400000000009,448.5,0.0,2.0,12.339866227650036,1.630620317466807,2.1059278414440255,5.137202940157703,48.0,20.0,28.0,41.666666666666664,3190.7,1956.74,1233.9599999999998,256.26,0.0,0.0,0.15369404149187807,,,,,,,
1a_broad,373,0.15857896886958958,True,105,20,75.0,41.0,16,7,2.3,11,35,1.8,3.0,1.0,0.015,0.5,5.351981860099986,1.0890963999840177,0.3818036105193464,12.974732663583227,115.0,34.0,81.0,29.565217391304348,6541.81,6006.639999999999,535.170000000001,584.54,0.0,2.0,13.967979247200038,1.5140986333840032,1.7302169288213844,7.532266954242043,57.0,20.0,37.0,35.08771929824562,4113.7,2716.93,1396.77,309.76,0.0,0.0,,0.04190393774160011,0.1285246583460008,-0.0,0.045238095238095244,0.0053519818600999865,0.0044548199992008874,-0.06689452431540745
1a_broad,374,0.124661790255196,True,97,19,77.0,40.0,17,6,2.2,12,34,1.1,2.7,1.0,0.015,0.5,4.1240166852998295,1.0344607178397132,0.2620004352873989,20.719395196828184,217.0,65.0,152.0,29.953917050691246,12380.850000000002,11968.41,412.4400000000023,1129.57,0.0,3.0,14.198499190899858,1.3395438599008516,1.6359717347085316,6.292732534033199,93.0,33.0,60.0,35.483870967741936,5601.45,4181.61,1419.8400000000001,496.22,0.0,0.0,,0.04259549757269957,0.08488596497521289,-0.0,0.07380952380952381,0.004124016685299829,0.0017230358919856582,-0.08247624867952576
1a_broad,375,0.26320178686177137,True,102,21,78.0,41.0,16,6,2.4000000000000004,10,34,1.9000000000000001,2.3,1.0,0.015,0.5,3.9802455327500317,1.0622828652089815,0.30460975208478897,14.468032576512698,126.0,45.0,81.0,35.714285714285715,6788.03,6390.04,397.9899999999998,623.66,0.0,2.0,25.069535712500002,1.949653777387194,3.5732387759828232,4.256241007411778,66.0,30.0,36.0,45.45454545454545,5146.93,2639.9199999999996,2507.0100000000007,376.29,0.0,0.0,,0.07520860713750001,0.2374134443467985,-0.0,0.05238095238095239,0.003980245532750032,0.003114143260449076,-0.10889560579667862
1a_broad,376,0.285211013579787,True,107,20,76.0,39.0,16,6,2.2,12,37,2.0,2.4000000000000004,1.0,0.015,0.5,5.218138325949876,1.099278541558061,0.4188554688355902,9.101414531184563,103.0,37.0,66.0,35.922330097087375,5777.83,5256.02,521.8099999999995,519.62,0.0,1.0,30.510587122449994,2.596624715455663,4.241519927239427,3.508236001694857,50.0,24.0,26.0,48.0,4962.0199999999995,1910.95,3051.0699999999997,294.75,0.0,0.0,,0.09153176136734999,0.25,-0.0,0.03968253968253968,0.005218138325949875,0.004963927077903052,-0.1061853528739556
1a_broad,377,0.25385464354817844,True,101,16,78.0,40.0,15,5,2.1,10,36,1.9000000000000001,2.3,1.0,0.015,0.5,1.9190681225499249,1.030606075591551,0.17293682619593595,13.452969610885793,124.0,44.0,80.0,35.483870967741936,6460.55,6268.6900000000005,191.85999999999967,589.51,0.0,0.0,27.466983503600055,2.1233676202940637,3.651987072675449,3.5652507464895815,61.0,28.0,33.0,45.90163934426229,5191.740000000001,2445.05,2746.6900000000005,355.24,0.0,0.0,,0.08240095051080017,0.25,-0.0,0.048412698412698414,0.001919068122549925,0.0015303037795775466,-0.1304083772774476
1a_broad,378,-1.3078641548228633,False,109,19,77.0,41.0,17,18,2.3,6,33,1.8,2.9000000000000004,1.0,0.015,0.5,-2.4055677236500195,0.3863323299831641,-0.733615672329807,4.380906363989668,8.0,1.0,7.0,12.5,151.45,392.02000000000004,-240.57000000000005,39.620000000000005,0.0,0.0,4.412102355650022,7.668984280532044,2.202282227949519,1.2694100538556086,4.0,3.0,1.0,75.0,507.38,66.16,441.22,20.87,0.0,0.0,1.8471849289371804,,,,,,,
1a_broad,379,-1.0283137272777685,False,96,21,79.0,42.0,16,7,2.3,11,33,1.0,2.3,1.0,0.015,0.5,-8.071718900600027,0.9338072011729704,-0.32632265034408564,20.928090470105833,256.0,79.0,177.0,30.859375,11387.48,12194.68,-807.2000000000007,1285.73,0.0,3.0,-1.21169131545008,0.9690993254185848,-0.10492690988804836,9.528874854487855,98.0,32.0,66.0,32.6530612244898,3799.79,3920.95,-121.15999999999985,482.51,0.0,0.0,0.16988236366661083,,,,,,,
1a_broad,380,0.256882277806466,True,104,19,74.0,42.0,15,6,2.1,11,35,1.9000000000000001,2.6,1.0,0.015,0.5,3.402537690499794,1.0614256647089944,0.2756882742182362,11.052221179769878,106.0,35.0,71.0,33.0188679245283,5879.12,5538.8899999999985,340.2300000000014,536.92,0.0,1.0,26.213426323400036,2.445878563233607,3.7879805775263646,3.4238173023795837,47.0,22.0,25.0,46.808510638297875,4434.28,1812.96,2621.3199999999997,268.53,0.0,0.0,,0.07864027897020011,0.25,-0.0,0.0373015873015873,0.0034025376904997942,0.003071283235449718,-0.11553340939127091
1a_broad,381,0.3569219095419535,True,110,17,75.0,39.0,17,6,2.2,12,33,2.0,2.2,1.0,0.015,0.5,15.285554858099859,1.3091600428776569,1.066280561283334,7.754037059828269,99.0,39.0,60.0,39.39393939393939,6472.879999999999,4944.3,1528.579999999999,541.23,0.0,0.0,22.42457723079995,2.33866615726259,3.7173210128476004,3.4018192926565765,47.0,23.0,24.0,48.93617021276596,3917.64,1675.1599999999999,2242.48,266.73,0.0,0.0,,0.06727373169239985,0.25,-0.0,0.0373015873015873,0.01528555485809986,0.015458002143882843,-0.02839696645401636
1a_broad,382,0.31664061809139593,True,110,17,75.0,39.0,17,6,2.4000000000000004,12,34,1.9000000000000001,2.2,1.0,0.015,0.5,8.287193838149905,1.1384223493548256,0.5879760399546643,8.313066940450584,121.0,44.0,77.0,36.36363636363637,6815.450000000001,5986.749999999999,828.7000000000016,632.67,0.0,1.0,25.20376428374995,2.0013428738294547,3.5306134748715645,4.046225662939785,65.0,29.0,36.0,44.61538461538461,5037.359999999999,2516.99,2520.369999999999,376.09,0.0,0.0,,0.07561129285124986,0.25,-0.0,0.0515873015873016,0.008287193838149905,0.006921117467741278,-0.07576628765304673
1a_broad,383,-1.0024319812768336,False,110,17,74.0,38.0,17,5,2.4000000000000004,12,34,2.0,2.2,1.0,0.015,0.5,-1.4591887661001237,0.9756230011662995,-0.03223146470115587,11.702408202057805,117.0,40.0,77.0,34.18803418803419,5838.85,5984.740000000001,-145.89000000000033,570.51,0.0,0.0,21.822753688449975,1.7084266635502492,2.8495203093834083,4.5561059673307795,68.0,29.0,39.0,42.64705882352941,5262.74,3080.4599999999996,2182.28,392.15,0.0,0.0,0.014591887661001238,,,,,,,
1a_broad,384,0.25921599536370615,True,109,17,75.0,39.0,17,7,2.4000000000000004,12,36,1.8,2.2,1.0,0.015,0.5,3.4367163805997913,1.0539679398998751,0.270435762861679,10.506975898251834,128.0,45.0,83.0,35.15625,6711.71,6368.039999999999,343.670000000001,670.9,0.0,1.0,24.10880265129992,1.960601496569366,3.4590092650213458,4.139353784777365,67.0,30.0,37.0,44.776119402985074,4920.6,2509.74,2410.8600000000006,379.58,0.0,0.0,,0.07232640795389976,0.24015037414234153,-0.0,0.05317460317460318,0.0034367163805997915,0.002698396994993757,-0.11257050328273185
1a_broad,385,0.1349592377294484,True,53,17,75.0,38.0,17,6,2.4000000000000004,12,34,1.9000000000000001,2.2,1.0,0.015,0.5,17.196988357150023,1.239312552184804,1.0256546974223937,8.299660335947465,138.0,54.0,84.0,39.130434782608695,8905.7,7185.999999999999,1719.7000000000016,744.35,0.0,1.0,8.673802146500057,1.2691530725286184,1.3485844884681906,5.092915949399976,78.0,31.0,47.0,39.743589743589745,4089.96,3222.5899999999997,867.3700000000003,400.54,0.0,0.0,,0.02602140643950017,0.0672882681321546,-0.0,0.06190476190476191,0.017196988357150025,0.011965627609240205,-0.04941781471335852
1a_broad,386,0.2826037058845843,True,111,17,74.0,39.0,17,6,2.2,12,35,1.9000000000000001,2.3,1.0,0.015,0.5,4.8482417901498955,1.0873546731632777,0.3744641518009999,9.910530385419616,110.0,38.0,72.0,34.54545454545455,6034.34,5549.56,484.77999999999975,560.5,0.0,1.0,28.864689795250015,2.480592957349132,4.112124548866189,3.2478782970116082,55.0,26.0,29.0,47.27272727272727,4836.04,1949.55,2886.49,319.68,0.0,0.0,,0.08659406938575004,0.25,-0.0,0.043650793650793655,0.0048482417901498966,0.004367733658163886,-0.10685713260027321
1a_broad,387,0.24184522630435357,True,108,16,75.0,39.0,17,5,2.3,12,33,2.0,2.2,1.0,0.015,0.5,9.129836099799778,1.1559412239934275,0.6161080934839911,11.287970719909852,112.0,42.0,70.0,37.5,6767.7699999999995,5854.77,912.9999999999991,580.37,0.0,0.0,19.324159974599933,1.6763985242952248,2.7041993954701025,4.4524408115962935,65.0,27.0,38.0,41.53846153846154,4789.37,2856.94,1932.4299999999998,364.43,0.0,0.0,,0.057972479923799794,0.1690996310738062,-0.0,0.0515873015873016,0.009129836099799778,0.007797061199671374,-0.053741083580025176
1a_broad,388,0.17878254509490463,True,106,17,75.0,37.0,17,6,2.4000000000000004,12,34,1.9000000000000001,2.8,1.0,0.015,0.5,3.0470902499498154,1.0447303669687058,0.24211994043529575,11.925759626638186,123.0,40.0,83.0,32.520325203252035,7116.16,6811.48,304.6800000000003,625.85,0.0,2.0,20.66708025579999,1.6949745279687949,2.3336764215602046,7.3691060534990065,62.0,24.0,38.0,38.70967741935484,5040.6,2973.85,2066.7500000000005,354.25,0.0,0.0,,0.06200124076739997,0.17374363199219872,-0.0,0.049206349206349205,0.0030470902499498153,0.0022365183484352904,-0.11145228546942838
1a_broad,389,0.27825229022068027,True,113,17,76.0,39.0,17,6,2.2,12,35,1.8,2.3,1.0,0.015,0.5,4.0763225175999835,1.0663662573481174,0.30612059810154924,12.618193724315525,121.0,43.0,78.0,35.53719008264463,6550.4,6142.729999999999,407.670000000001,612.59,0.0,1.0,29.03201262275001,2.2725750529282585,3.917614853949804,3.748682137788325,59.0,29.0,30.0,49.152542372881356,5184.629999999999,2281.39,2903.2399999999993,339.01,0.0,0.0,,0.08709603786825003,0.25,-0.0,0.046825396825396826,0.004076322517599983,0.0033183128674058706,-0.11306377985797242
1a_broad,390,0.29067680421024644,True,107,17,75.0,38.0,17,7,2.3,12,33,1.9000000000000001,3.0,1.0,0.015,0.5,9.039345692849839,1.164288947011598,0.6536246442945688,9.021025304957444,107.0,34.0,73.0,31.77570093457944,6405.65,5501.7699999999995,903.8800000000001,559.3,0.0,1.0,21.86737031720006,1.9088887595803754,2.6042294686499696,5.780144319948769,54.0,20.0,34.0,37.03703703703704,4592.71,2405.96,2186.75,304.86,0.0,0.0,,0.06560211095160018,0.22722218989509385,-0.0,0.04285714285714286,0.009039345692849839,0.008214447350579902,-0.06225843253702018
1a_broad,391,-1.0153061224489797,False,110,16,76.0,39.0,17,7,2.2,11,36,2.0,3.1,1.0,0.015,0.5,9.430952945650006,1.2168118500943748,0.7893549139146627,7.452151116498943,89.0,27.0,62.0,30.337078651685392,5292.73,4349.67,943.0599999999995,460.25,0.0,0.0,14.093020177800025,1.7580794388501595,1.9137662518682756,5.6338443900989965,43.0,14.0,29.0,32.55813953488372,3268.34,1859.0399999999997,1409.3000000000004,234.24,0.0,0.0,0.09183673469387754,,,,,,,
1a_broad,392,0.2932559143630232,True,99,17,74.0,40.0,17,6,2.1,9,33,1.8,2.3,1.0,0.015,0.5,15.214783432699969,1.2633352603357138,1.038459856532315,8.440547617835605,121.0,47.0,74.0,38.84297520661157,7298.969999999999,5777.54,1521.4299999999994,650.4,0.0,1.0,15.376391511050025,1.6908488862131248,2.5274435435953984,3.814188716490731,59.0,25.0,34.0,42.3728813559322,3763.39,2225.74,1537.65,322.88,0.0,0.0,,0.046129174533150075,0.1727122215532812,-0.0,0.046825396825396826,0.015214783432699969,0.013166763016785689,-0.0007924249982905977
1a_broad,393,0.07757189007249722,True,94,17,75.0,40.0,16,6,2.4000000000000004,11,34,1.9000000000000001,2.7,1.0,0.015,0.5,1.0112872868499108,1.0147095208017394,0.11992739331630467,16.095039628454405,122.0,40.0,82.0,32.78688524590164,6972.129999999999,6871.06,101.0699999999988,613.34,0.0,1.0,14.310535129700074,1.4396719911269236,1.8667831545033309,7.334844020867938,67.0,24.0,43.0,35.82089552238806,4685.83,3254.7900000000004,1431.0399999999995,375.14,0.0,0.0,,0.04293160538910022,0.10991799778173089,-0.0,0.05317460317460318,0.0010112872868499108,0.0007354760400869687,-0.13019907959987395
1a_broad,394,0.1900736749722912,True,105,21,75.0,39.0,16,5,2.3,10,34,2.0,2.2,1.0,0.015,0.5,3.8189058030998964,1.0629547136900868,0.2923177576006341,11.491042271607983,120.0,45.0,75.0,37.5,6447.490000000001,6065.63,381.8600000000006,602.13,0.0,1.0,20.596454075350028,1.6848753886311865,2.786372176302099,5.283202956056645,67.0,28.0,39.0,41.791044776119406,5067.009999999999,3007.3500000000004,2059.659999999999,379.53000000000003,0.0,0.0,,0.06178936222605008,0.17121884715779662,-0.0,0.05317460317460318,0.0038189058030998965,0.0031477356845043382,-0.10307577907376293
1a_broad,395,0.19990185396805799,True,101,17,76.0,40.0,16,6,2.2,12,48,1.9000000000000001,2.2,1.0,0.015,0.5,3.527060198849795,1.068336317621251,0.28140595780006444,14.750822247944113,100.0,38.0,62.0,38.0,5512.999999999999,5160.360000000001,352.6399999999985,483.32,0.0,1.0,18.448521417649935,1.786422210760095,2.6424502851619063,4.844115867235115,54.0,24.0,30.0,44.44444444444444,4190.75,2345.8900000000003,1844.8599999999997,292.16,0.0,0.0,,0.05534556425294981,0.19660555269002378,-0.0,0.04285714285714286,0.003527060198849795,0.0034168158810625516,-0.1018502819119708
1a_broad,396,-1.0018295346820003,False,107,18,74.0,38.0,16,6,2.3,11,37,1.8,2.3,1.0,0.015,0.5,-1.0977208092002002,0.9832076801585203,-0.008310373694207198,12.809191022139688,129.0,44.0,85.0,34.10852713178294,6430.660000000001,6540.49,-109.82999999999902,631.23,0.0,1.0,25.791675944550065,1.9555840431562452,3.4283605254134457,5.283764258561586,67.0,30.0,37.0,44.776119402985074,5278.18,2699.0299999999997,2579.1500000000005,382.37,0.0,0.0,0.010977208092002002,,,,,,,
1a_broad,397,-1.488147832964452,False,112,16,75.0,40.0,17,7,1.2,12,35,1.9000000000000001,2.9000000000000004,1.0,0.015,0.5,2.271076989450012,2.632006323656223,0.7742777421928891,1.7982601959794435,5.0,2.0,3.0,40.0,366.27,139.16,227.10999999999999,25.240000000000002,0.0,0.0,-0.371692975950009,0.0,-1.5969032924858702,0.371692975950009,1.0,0.0,1.0,0.0,0.0,37.17,-37.17,4.98,0.0,0.0,2.9288869977867114,,,,,,,
1a_broad,398,0.03329953237907871,True,92,21,76.0,39.0,16,6,2.4000000000000004,11,32,2.0,2.2,1.0,0.015,0.5,8.438675483499829,1.141281946107033,0.5839591904977589,14.159183586872262,114.0,44.0,70.0,38.59649122807018,6816.820000000001,5972.949999999999,843.8700000000017,586.81,0.0,1.0,3.1752614967000046,1.1145265603076064,0.5852355712442562,6.321852245634566,60.0,21.0,39.0,35.0,3089.8799999999997,2772.370000000001,317.50999999999885,314.96999999999997,0.0,0.0,,0.009525784490100013,0.02863164007690161,-0.0,0.047619047619047616,0.008438675483499828,0.007064097305351647,-0.067979712595822
1a_broad,399,0.32118849278299466,True,104,18,76.0,37.0,16,6,2.2,10,36,1.8,2.4000000000000004,1.0,0.015,0.5,8.242766155149875,1.1318155359678637,0.5325051850364353,11.920717365303075,121.0,42.0,79.0,34.710743801652896,7077.650000000001,6253.360000000001,824.29,614.5,0.0,2.0,32.33282349945,2.409981117511873,4.293019476904893,3.6165619968120977,61.0,29.0,32.0,47.540983606557376,5526.4000000000015,2293.13,3233.2700000000013,356.93,0.0,0.0,,0.09699847049835,0.25,-0.0,0.048412698412698414,0.008242766155149876,0.006590776798393184,-0.0890562190815968
