trial,score,gated,ema_period,rsi_period,rsi_overbought,rsi_oversold,atr_period,consolidation_candles,consolidation_atr_mult,swing_lookback,volume_sma_period,volume_mult,risk_reward_ratio,leverage,risk_per_trade_pct,max_position_allocation_pct,tr_return_pct,tr_pf,tr_sharpe,tr_max_dd,tr_trades,tr_wins,tr_losses,tr_win_rate,tr_gross_profit,tr_gross_loss,tr_net_pnl,tr_fees,tr_blocked,tr_head_dropped,va_return_pct,va_pf,va_sharpe,va_max_dd,va_trades,va_wins,va_losses,va_win_rate,va_gross_profit,va_gross_loss,va_net_pnl,va_fees,va_blocked,va_head_dropped,c_va_ret,c_va_pf,c_va_dd,c_va_sample,c_tr_ret,c_tr_pf,c_consistency,c_gate_shortfall
0,0.6736376107091483,True,97,18,75.0,44.0,17,6,2.2,11,32,1.8,2.2,3.5,0.03,0.65,98.40060809584979,1.321379464411106,1.5851463394161047,29.892903673390016,125.0,53.0,72.0,42.4,40458.34,30618.260000000002,9840.079999999994,3846.35,0.0,1.0,107.73554852804999,1.8638433055423254,3.3217197224238983,14.38292504845688,63.0,30.0,33.0,47.61904761904762,23245.219999999998,12471.66,10773.559999999998,1947.06,0.0,0.0,0.3,0.21596082638558134,-0.0,0.05,0.0984006080958498,0.016068973220555307,-0.0067927969928380984,
1,-1.497687575326695,False,69,21,74.0,35.0,9,6,1.1,18,34,1.6,1.0,5.0,0.026000000000000002,0.35,-0.31609129100002975,0.8867471606176776,-0.046009011906942204,3.3922483995679222,2.0,1.0,1.0,50.0,247.5,279.11,-31.610000000000014,25.11,0.0,0.0,-2.718222612499994,0.0,-1.0387508851662846,4.233082946598925,1.0,0.0,1.0,0.0,0.0,271.82,-271.82,11.81,0.0,0.0,,,,,,,,2.98612545196017
2,-1.0082026877084174,False,43,9,62.0,33.0,13,8,2.8,6,21,1.0,2.4000000000000004,4.5,0.01,0.5,-4.921612625050402,0.9839821186054829,-0.021594110859212028,25.862937019002523,386.0,130.0,256.0,33.67875647668394,30234.729999999996,30726.909999999996,-492.1800000000003,5925.66,0.0,3.0,12.595247195049977,1.1176418941512503,0.9755886081275937,10.186063690225897,147.0,55.0,92.0,37.414965986394556,11965.72,10706.220000000001,1259.4999999999982,2436.64,0.0,2.0,,,,,,,,0.04921612625050402
3,-1.0103669578930004,False,97,7,70.0,24.0,7,20,3.9000000000000004,17,22,0.6,3.1,2.5,0.008,0.5,-6.22017473580021,0.9579222904992035,-0.16988310596782905,15.318815768798865,249.0,65.0,184.0,26.104417670682732,14162.45,14784.550000000001,-622.1000000000004,1882.1,0.0,3.0,8.468075048699975,1.155784283966629,0.9112651439593635,9.340393278858263,90.0,28.0,62.0,31.11111111111111,6282.67,5435.849999999999,846.8200000000006,858.85,0.0,0.0,,,,,,,,0.0622017473580021
4,-1.0051020408163265,False,24,20,61.0,37.0,11,12,2.6,7,49,1.7000000000000002,3.9000000000000004,5.0,0.02,0.75,44.7166630487495,1.247755509556399,1.0010287322479572,27.105227915536968,95.0,26.0,69.0,27.36842105263158,22520.290000000005,18048.64,4471.650000000005,2485.34,0.0,1.0,17.305788204399995,1.2048759178010182,0.8903385575092578,20.688174985794916,49.0,13.0,36.0,26.53061224489796,10177.369999999999,8446.820000000002,1730.5499999999975,1169.69,0.0,1.0,,,,,,,,0.030612244897959218
5,-1.0990801111667339,False,31,9,56.0,28.0,12,8,3.5,10,21,1.3,1.4,4.5,0.006,0.75,-12.53527852795005,0.8152481344410989,-1.0802667325050284,18.207224475994952,195.0,84.0,111.0,43.07692307692308,5531.320000000001,6784.83,-1253.5099999999993,1487.24,0.0,1.0,-9.78485591360004,0.6601567112858523,-2.2965439915765566,12.207610672089437,71.0,29.0,42.0,40.84507042253521,1900.71,2879.18,-978.4699999999998,776.31,0.0,3.0,,,,,,,,0.5944806670004035
6,-1.1177566311802072,False,121,9,55.0,41.0,17,16,3.3000000000000003,5,24,0.6,3.6,3.5,0.013000000000000001,0.25,-15.9633264375,0.7410259155788742,-1.105668702816162,19.61864427903545,150.0,33.0,117.0,22.0,4567.58,6163.860000000001,-1596.2800000000007,1171.7,0.0,0.0,-7.741897142349971,0.5570380711531199,-1.7542834304272794,9.406989572556203,42.0,10.0,32.0,23.80952380952381,973.5799999999999,1747.78,-774.2,355.13,0.0,0.0,,,,,,,,0.7065397870812428
7,-1.4968566329828872,False,60,11,73.0,36.0,20,12,1.3,16,41,1.3,3.3000000000000003,3.0,0.018000000000000002,0.45,-0.9710651597000106,0.0,-1.3180142336878853,1.001292228038716,1.0,0.0,1.0,0.0,0.0,97.11,-97.11,13.46,0.0,0.0,-0.5442751742499968,0.0,-1.6705873423312003,0.5442751742499968,1.0,0.0,1.0,0.0,0.0,54.43,-54.43,13.48,0.0,0.0,,,,,,,,2.981139797897323
8,-1.179300294676179,False,23,8,55.0,36.0,11,12,3.8000000000000003,8,26,1.7000000000000002,1.7000000000000002,1.0,0.012,0.3,0.19011364509999112,1.0138068780186662,0.061317678951345975,4.93452216433535,77.0,31.0,46.0,40.25974025974026,1395.8600000000004,1376.85,19.010000000000446,225.77,0.0,2.0,-2.161698882400069,0.6431059818052735,-1.189222423577016,3.825034741227325,23.0,7.0,16.0,30.434782608695652,389.51,605.6700000000001,-216.16000000000008,67.84,0.0,1.0,,,,,,,,1.0758017680570735
9,-1.0108314823065836,False,141,19,71.0,42.0,19,7,3.7,13,43,1.9000000000000001,1.9,1.0,0.01,0.45,-6.4988893839501,0.8998616294442684,-0.45510193005862526,14.759219872345152,153.0,59.0,94.0,38.56209150326797,5839.9400000000005,6489.819999999999,-649.8799999999983,608.11,0.0,0.0,4.124466545299947,1.127965423303899,0.7169105045600689,5.527278345313169,78.0,31.0,47.0,39.743589743589745,3635.4100000000003,3222.98,412.4300000000003,340.06,0.0,0.0,,,,,,,,0.064988893839501
10,-1.0408588587357759,False,91,15,80.0,20.0,16,4,1.8,20,13,2.0,2.7,2.0,0.028,0.65,-23.494907078200203,0.8550639256026278,-0.5092116870471515,48.25158671454248,97.0,27.0,70.0,27.835051546391753,13860.8,16210.250000000002,-2349.4500000000025,1230.76,0.0,1.0,13.287377371899947,1.1569006011612297,0.8138990598607758,19.815849104961675,63.0,23.0,40.0,36.507936507936506,9797.34,8468.609999999999,1328.7300000000014,837.58,0.0,0.0,,,,,,,,0.2451531524146551
11,-1.2332434701980126,False,149,18,65.0,45.0,15,12,2.3,11,50,1.6,4.0,4.0,0.023000000000000003,0.7,-3.8916603501000284,0.9419025937674939,-0.0398024650458077,21.715224130606384,37.0,8.0,29.0,21.62162162162162,6309.57,6698.75,-389.1800000000003,790.47,0.0,0.0,8.099285749249994,1.4212856043110085,0.6572450967065127,17.02848425997272,11.0,3.0,8.0,27.272727272727273,2732.45,1922.52,809.9299999999998,215.8,0.0,0.0,,,,,,,,1.3994608211880752
12,-1.1536281179138321,False,97,16,80.0,41.0,14,15,2.5,13,35,1.4,2.4000000000000004,5.0,0.021,0.6000000000000001,4.483066105200032,1.0521363227197553,0.2626844874780602,20.469728281500426,52.0,18.0,34.0,34.61538461538461,9046.71,8598.42,448.28999999999905,1109.49,0.0,0.0,29.327128946000062,2.0689474182989858,2.411118118758792,10.80487881900764,23.0,12.0,11.0,52.17391304347826,5676.24,2743.54,2932.7,568.87,0.0,0.0,,,,,,,,0.9217687074829931
13,-1.1972789115646258,False,71,21,62.0,45.0,21,10,2.0,8,50,1.8,4.0,3.5,0.03,0.75,29.01831978739996,1.3922823192245821,0.8842090280204544,25.004977237125896,38.0,10.0,28.0,26.31578947368421,10299.130000000001,7397.3,2901.830000000001,911.94,0.0,0.0,4.003998922450083,1.1018368270859509,0.37521272295878694,14.303844520796316,18.0,4.0,14.0,22.22222222222222,4332.18,3931.78,400.4000000000001,448.7,0.0,0.0,,,,,,,,1.183673469387755
14,0.12755010777831546,True,121,15,67.0,30.0,18,4,3.0,4,34,2.0,2.9000000000000004,2.0,0.017,0.6000000000000001,23.593592635449895,1.1668669394336961,0.7974142975584732,16.12971093903433,142.0,46.0,96.0,32.394366197183096,16498.39,14139.05,2359.34,1577.81,0.0,2.0,14.343984156299886,1.1990668200686423,0.9802806099675899,17.412970555162328,67.0,21.0,46.0,31.34328358208955,8639.84,7205.47,1434.37,817.97,0.0,0.0,0.043031952468899654,0.04976670501716057,-0.013788403172356162,0.05317460317460318,0.023593592635449898,0.008343346971684807,-0.03657168931712649,
15,0.14305184626608342,True,123,14,66.0,30.0,18,4,3.0,14,31,2.0,2.8,2.0,0.016,0.6000000000000001,8.957605710949883,1.073071541909878,0.400203925670778,19.488845034181303,121.0,36.0,85.0,29.75206611570248,13153.55,12257.85,895.6999999999989,1230.71,0.0,2.0,19.505357680899923,1.3513150856160991,1.418995466222603,13.891405735944403,50.0,19.0,31.0,38.0,7502.650000000001,5552.110000000001,1950.54,575.97,0.0,0.0,0.05851607304269977,0.08782877140402479,-0.0,0.03968253968253968,0.008957605710949883,0.0036535770954938987,-0.055586720669624605,
16,-1.0284818015590833,False,119,12,76.0,26.0,17,5,1.7000000000000002,14,29,1.5,2.2,2.0,0.025,0.6000000000000001,-17.08908093545004,0.8484513637310939,-0.5202843271278154,29.175654823560627,108.0,35.0,73.0,32.407407407407405,9567.18,11276.05,-1708.869999999999,1101.11,0.0,3.0,11.03568413739993,1.2172387862848772,0.8827222559296688,8.866242677685484,47.0,18.0,29.0,38.297872340425535,6183.5,5079.9400000000005,1103.5599999999995,555.4,0.0,0.0,,,,,,,,0.17089080935450038
17,0.039931259763725954,True,110,13,67.0,21.0,19,9,3.1,11,14,1.1,2.6,1.5,0.015,0.55,14.97576527439989,1.0724811770986138,0.5590913205617518,18.99324354095288,285.0,89.0,196.0,31.228070175438596,22159.96,20662.329999999998,1497.630000000001,2504.26,0.0,4.0,4.129563558949976,1.06845781766463,0.4370729153064505,12.730265623158054,97.0,30.0,67.0,30.927835051546392,6445.599999999999,6032.619999999999,412.9800000000005,789.51,0.0,0.0,0.012388690676849928,0.0171144544161575,-0.0,0.07698412698412699,0.014975765274399892,0.00362405885493069,-0.08515583644273904,
18,0.039368847287612446,True,83,17,77.0,31.0,15,6,2.2,15,31,1.8,2.0,3.0,0.005,0.65,1.0306250676999662,1.0229976846172035,0.14314036772535632,5.965537951422583,128.0,48.0,80.0,37.5,4586.16,4483.0599999999995,103.10000000000036,559.0,0.0,2.0,6.445105104550021,1.2837545126353793,1.4049299127796755,3.6656330755491684,70.0,30.0,40.0,42.857142857142854,2915.92,2271.3999999999996,644.5200000000004,351.62,0.0,0.0,0.019335315313650063,0.07093862815884483,-0.0,0.05555555555555556,0.0010306250676999664,0.0011498842308601766,-0.10864116103899815,
19,-1.252267573696145,False,133,14,59.0,24.0,21,4,1.5,10,40,2.0,3.3000000000000003,2.5,0.023000000000000003,0.65,13.808715914900006,1.4914372348603482,0.8378710762363948,10.942344842083052,22.0,8.0,14.0,36.36363636363637,4190.700000000001,2809.84,1380.8600000000006,364.29,0.0,1.0,1.3247633917500026,1.0937298819268073,0.21832090547448574,13.986081964894542,11.0,3.0,8.0,27.272727272727273,1546.02,1413.53,132.49,159.37,0.0,0.0,,,,,,,,1.5136054421768708
20,-1.0286591943971668,False,108,17,69.0,39.0,18,10,2.8,12,37,1.8,1.5,3.5,0.03,0.4,-17.19551663830014,0.8690492962304943,-0.4875217315942483,30.415138655212843,121.0,51.0,70.0,42.14876033057851,11411.86,13131.43,-1719.5699999999997,1540.27,0.0,1.0,19.00255751254999,1.3673783847530963,1.5429452750771795,9.072555225518807,57.0,27.0,30.0,47.36842105263158,7072.709999999999,5172.459999999999,1900.25,890.37,0.0,0.0,,,,,,,,0.1719551663830014
21,0.14678744537095287,True,126,15,64.0,31.0,18,4,3.0,4,30,2.0,2.9000000000000004,2.0,0.017,0.55,18.24231302654993,1.1751214581311429,0.7300951474472642,18.431433763026497,121.0,37.0,84.0,30.578512396694215,12241.439999999997,10417.17,1824.2699999999968,1227.57,0.0,1.0,12.902328689699862,1.2557742592236496,0.9850025719701927,10.557360639289183,54.0,18.0,36.0,33.333333333333336,6334.590000000001,5044.37,1290.2200000000012,603.72,0.0,0.0,0.038706986069099586,0.0639435648059124,-0.0,0.04285714285714286,0.018242313026549932,0.008756072906557144,-0.025718634294309043,
22,0.16761339574229053,True,133,14,65.0,32.0,16,6,3.3000000000000003,19,30,1.9000000000000001,2.8,1.5,0.015,0.55,19.754267379199973,1.2279914317831908,0.9013707226917419,15.769766766065537,111.0,38.0,73.0,34.234234234234236,10640.029999999999,8664.58,1975.449999999999,905.55,0.0,1.0,13.473705840099957,1.3388321681838755,1.2748952248650747,12.31490041945149,50.0,17.0,33.0,34.0,5324.0,3976.6000000000004,1347.3999999999996,451.3,0.0,0.0,0.040421117520299865,0.08470804204596888,-0.0,0.03968253968253968,0.019754267379199976,0.011399571589159541,-0.02835214247487741,
23,-1.084642970189301,False,136,11,63.0,33.0,16,6,3.3000000000000003,20,27,1.8,3.1,1.5,0.019,0.55,13.645403867099922,1.193652266966412,0.7113226229323276,10.50771455278558,97.0,31.0,66.0,31.95876288659794,8410.449999999999,7045.98,1364.4699999999993,803.76,0.0,1.0,-6.4504804349500775,0.7451936180886658,-0.5953898443094858,15.656013678105731,36.0,10.0,26.0,27.77777777777778,1886.48,2531.5299999999997,-645.0499999999997,281.26,0.0,0.0,,,,,,,,0.5078578211358056
24,-1.004565566488359,False,109,18,58.0,33.0,16,7,3.5,4,18,1.9000000000000001,2.4000000000000004,1.5,0.013000000000000001,0.55,-1.7189317297501294,0.9691356916047644,-0.06976396983790868,12.111462437369934,97.0,31.0,66.0,31.95876288659794,5396.07,5567.92,-171.85000000000036,765.29,0.0,2.0,17.648663694549903,2.0844649813815734,2.521915907593197,5.6097302625305225,42.0,21.0,21.0,50.0,3392.3,1627.4199999999998,1764.8800000000003,356.0,0.0,0.0,,,,,,,,0.027393398930154366
25,0.29800620528763966,True,129,15,72.0,26.0,14,6,2.5,18,31,1.6,2.1,2.5,0.015,0.5,23.8840503124498,1.1627523787263534,0.899339492970355,16.554613820158018,155.0,59.0,96.0,38.064516129032256,17063.24,14674.87,2388.370000000001,1771.81,0.0,2.0,32.836584517950016,1.5487274611052624,2.3881957074590394,8.294070255458484,68.0,30.0,38.0,44.11764705882353,9267.740000000002,5984.1,3283.6400000000012,801.73,0.0,0.0,0.09850975355385005,0.1371818652763156,-0.0,0.05396825396825397,0.023884050312449803,0.00813761893631767,-0.023675336759547447,
26,-1.0840762616882018,False,146,16,73.0,23.0,14,9,2.2,18,38,1.5,2.0,3.0,0.015,0.45,-7.928750210199978,0.8961232754136977,-0.35799547514537416,19.27515046694854,82.0,26.0,56.0,31.70731707317073,6840.1,7632.99,-792.8899999999994,824.61,0.0,0.0,7.6337484031999345,1.297840463510271,0.9337808818823697,5.594839121987553,31.0,13.0,18.0,41.935483870967744,3326.4300000000003,2563.05,763.3800000000001,340.89,0.0,0.0,,,,,,,,0.5044575701292106
27,0.2434118527640924,True,133,13,77.0,27.0,13,7,2.5,19,45,1.6,2.2,2.5,0.022000000000000002,0.5,18.474630179649868,1.1228163014039225,0.6368883685624894,19.848184597588862,124.0,47.0,77.0,37.903225806451616,16889.56,15042.140000000003,1847.4199999999983,1517.85,0.0,1.0,32.83471413199988,1.4554418777550608,2.000049012129834,14.00740143413394,61.0,25.0,36.0,40.98360655737705,10492.949999999999,7209.459999999999,3283.49,838.78,0.0,0.0,0.09850414239599964,0.11386046943876521,-0.0,0.048412698412698414,0.018474630179649867,0.006140815070196127,-0.041980902733216856,
28,-1.019987985416028,False,84,12,77.0,27.0,13,8,2.4000000000000004,16,43,1.2000000000000002,1.7000000000000002,2.5,0.027,0.4,-8.809147532750139,0.9497564620263274,-0.1521556667277539,19.34425725956491,194.0,73.0,121.0,37.628865979381445,16652.27,17533.199999999997,-880.9299999999967,1874.04,0.0,3.0,1.1455987977501354,1.016571740972899,0.1949779789283064,13.530260282653552,84.0,35.0,49.0,41.666666666666664,7028.759999999999,6914.18,114.57999999999902,824.46,0.0,0.0,,,,,,,,0.11992791249616912
29,-1.1363791112924326,False,57,19,75.0,28.0,9,7,2.0,18,46,1.6,1.0,4.0,0.025,0.35,-3.7838089912499164,0.9591507783991535,-0.10067808111550053,14.695732647479339,109.0,58.0,51.0,53.211009174311926,8884.23,9262.6,-378.3700000000008,1398.22,0.0,0.0,-25.454711914749918,0.4978160683706724,-2.7556834216540564,28.936200657014382,49.0,20.0,29.0,40.816326530612244,2523.35,5068.840000000002,-2545.490000000002,536.02,0.0,0.0,,,,,,,,0.8182746677545961
30,-2.0,False,111,17,78.0,22.0,10,10,1.0,17,46,0.8,2.2,3.0,0.023000000000000003,0.5,,,,,,,,,,,,,,,,,,,,,,,,,,,,,,,,,,,,6.0
31,0.10680705679434005,True,133,13,72.0,25.0,14,6,2.7,20,33,1.7000000000000002,2.2,2.5,0.02,0.5,11.1160039430496,1.064355796502779,0.43520271803962335,28.780751533942432,142.0,50.0,92.0,35.2112676056338,18384.16,17272.569999999996,1111.5900000000038,1745.05,0.0,1.0,10.732983069100008,1.141736505278505,0.7962421666851759,19.498350473621574,67.0,23.0,44.0,34.32835820895522,8645.480000000001,7572.22,1073.2600000000011,841.11,0.0,0.0,0.03219894920730002,0.035434126319626225,-0.02570485984926614,0.05317460317460318,0.011116003943049601,0.0032177898251389506,-0.002629555826111788,
32,0.07936553060171661,True,129,14,74.0,29.0,13,5,2.0,19,27,1.6,2.5,4.0,0.011,0.7,29.42593210549983,1.2466639115663083,1.2268451038701131,11.485727386670286,137.0,50.0,87.0,36.496350364963504,14871.94,11929.39,2942.550000000001,1528.84,0.0,2.0,8.743899674999975,1.1737788457143081,0.8383372497911383,7.618297521294526,62.0,22.0,40.0,35.483870967741936,5905.879999999999,5031.51,874.369999999999,649.91,0.0,0.0,0.026231699024999923,0.04344471142857703,-0.0,0.049206349206349205,0.029425932105499833,0.012333195578315415,-0.0812763567420248,
33,0.008209654270694129,True,141,13,69.0,26.0,15,8,4.0,18,18,1.5,1.8,1.5,0.008,0.4,15.186584878999964,1.1808411571090374,1.0030649340749491,12.03745098445148,196.0,84.0,112.0,42.857142857142854,9916.089999999998,8397.48,1518.6099999999988,1045.86,0.0,1.0,2.4155959387499935,1.0660671010235285,0.4249263390396152,6.047628007047313,87.0,34.0,53.0,39.08045977011494,3897.5200000000004,3655.9800000000005,241.53999999999996,444.49,0.0,0.0,0.00724678781624998,0.016516775255882132,-0.0,0.06904761904761905,0.015186584878999966,0.009042057855451868,-0.10883017058350887,
34,-1.009758577099417,False,103,16,78.0,34.0,12,5,2.6,19,36,1.4,2.2,2.5,0.028,0.5,-5.855146259650247,0.9750062746825523,0.04232506518210752,36.747523375805166,180.0,62.0,118.0,34.44444444444444,22841.940000000002,23427.480000000003,-585.5400000000009,2044.15,0.0,3.0,22.13482312359996,1.1956492916464845,1.0957260786488123,24.389610591760814,95.0,37.0,58.0,38.94736842105263,13527.050000000001,11313.56,2213.4900000000016,1175.45,0.0,0.0,,,,,,,,0.058551462596502464
35,-1.0042328164176033,False,116,11,75.0,43.0,13,7,2.4000000000000004,17,33,1.7000000000000002,1.2,1.0,0.014000000000000002,0.45,6.606996761049977,1.1286342034199914,0.606515944130652,7.96683809038456,143.0,72.0,71.0,50.34965034965035,5796.969999999999,5136.2699999999995,660.6999999999998,679.65,0.0,1.0,0.5065917953500139,1.0233332565690996,0.15064771662672552,4.628304247723925,69.0,32.0,37.0,46.3768115942029,2221.8100000000004,2171.15,50.66000000000031,305.72,0.0,0.0,,,,,,,,0.0253968985056195
36,-1.1208354429405722,False,138,12,70.0,38.0,17,6,1.8,19,20,1.9000000000000001,2.4000000000000004,3.5,0.022000000000000002,0.5,-0.7325582813501024,0.9909062370880107,0.060141221829821394,23.077027025321286,58.0,17.0,41.0,29.310344827586206,7986.080000000001,8059.37,-73.28999999999905,851.34,0.0,0.0,8.942829474849987,1.245348243828295,0.8259647107279967,9.98945496205761,29.0,11.0,18.0,37.93103448275862,4539.12,3644.86,894.2599999999998,458.22,0.0,0.0,,,,,,,,0.725012657643433
37,-1.1904761904761905,False,100,10,72.0,24.0,12,19,2.8,16,24,1.6,1.4,4.5,0.009000000000000001,0.7,1.26361200455005,1.0548894090670236,0.18953510014794014,6.649596254208061,42.0,20.0,22.0,47.61904761904762,2429.0200000000004,2302.63,126.39000000000033,368.87,0.0,0.0,0.9622540576500433,1.1065314168013998,0.311690646059099,5.679982047473527,18.0,9.0,9.0,50.0,999.22,903.02,96.20000000000005,212.72,0.0,0.0,,,,,,,,1.1428571428571428
38,-1.0711796178920636,False,39,14,79.0,39.0,7,9,3.2,17,39,1.4,3.1,2.5,0.019,0.55,-8.865179299650155,0.9649771151000832,-0.015423935542859441,32.84794732104411,211.0,56.0,155.0,26.540284360189574,24424.969999999998,25311.449999999997,-886.4799999999996,2266.22,0.0,1.0,-16.370990821950144,0.8665481935568019,-0.5921264397709972,26.538113749159397,119.0,31.0,88.0,26.050420168067227,10630.12,12267.2,-1637.08,1234.83,0.0,3.0,,,,,,,,0.42707770735238215
39,-1.1217271028599378,False,150,20,75.0,28.0,15,5,3.6,7,25,0.9,3.6,3.0,0.025,0.65,-37.96487449090017,0.8929781074861792,-0.37803166996676146,59.88663934262076,261.0,59.0,202.0,22.60536398467433,31677.300000000003,35473.770000000004,-3796.470000000001,3215.81,0.0,0.0,-15.616194408300125,0.8711979432581411,-0.32911522617073274,35.849248927804865,88.0,20.0,68.0,22.727272727272727,10562.430000000002,12124.03,-1561.5999999999985,1144.39,0.0,0.0,,,,,,,,0.7303626171596267
40,-1.4990448265421372,False,73,15,60.0,36.0,11,7,1.2,15,10,1.7000000000000002,2.0,4.5,0.013000000000000001,0.5,-1.383084149999995,0.0,-0.8635624577630239,1.5480777830516583,1.0,0.0,1.0,0.0,0.0,138.31,-138.31,8.33,0.0,0.0,-1.4451723194999795,0.0,-1.5433509398015794,1.510694942020146,1.0,0.0,1.0,0.0,0.0,144.52,-144.52,14.46,0.0,0.0,,,,,,,,2.994268959252823
41,-1.0080787274153336,False,127,15,64.0,32.0,17,5,2.9000000000000004,9,30,1.8,2.9000000000000004,2.0,0.017,0.55,-4.847236449200118,0.9570736700975967,-0.05912646132086892,31.792440728090682,137.0,38.0,99.0,27.73722627737226,10807.630000000001,11292.370000000003,-484.7400000000016,1190.73,0.0,2.0,14.693040025249902,1.2392693483932113,1.0646935600650185,15.440247509766044,59.0,19.0,40.0,32.20338983050848,7610.13,6140.82,1469.3100000000004,681.9,0.0,0.0,,,,,,,,0.04847236449200118
42,-1.0901360544217686,False,128,13,61.0,31.0,19,8,3.4000000000000004,6,28,1.9000000000000001,2.6,1.5,0.017,0.6000000000000001,5.995538220099861,1.1225695927975516,0.42839300083027765,7.265341269209445,73.0,23.0,50.0,31.506849315068493,5491.240000000001,4891.670000000001,599.5699999999997,627.82,0.0,2.0,12.333718411699957,1.7834750957611019,1.7284831985758065,6.52972622436018,30.0,12.0,18.0,40.0,2807.6,1574.2300000000002,1233.3699999999997,281.2,0.0,0.0,,,,,,,,0.5408163265306122
43,-1.0473586850632906,False,142,16,66.0,27.0,16,6,2.7,19,32,0.5,3.4000000000000004,2.0,0.014000000000000002,0.45,-4.037017835600054,0.9793403930089664,0.011148118553351483,31.650634485814976,200.0,50.0,150.0,25.0,19137.32,19541.03,-403.7099999999991,1615.43,0.0,1.0,-8.550764443050175,0.8838119980270963,-0.47528825696576005,22.89713355673808,90.0,22.0,68.0,24.444444444444443,6504.6,7359.709999999999,-855.1099999999988,652.6800000000001,0.0,0.0,,,,,,,,0.2841521103797439
44,-1.1713574084915501,False,114,15,57.0,34.0,14,4,2.5,6,23,1.9000000000000001,3.1,1.0,0.012,0.55,-9.37078870830008,0.6812309073961942,-1.0156065850603275,12.156329457278016,65.0,14.0,51.0,21.53846153846154,2002.5600000000002,2939.62,-937.0599999999997,338.32,0.0,1.0,-2.7226306362499963,0.776000658192439,-0.5118382523354779,8.876681184653021,29.0,8.0,21.0,27.586206896551722,943.19,1215.45,-272.26,155.59,0.0,0.0,,,,,,,,1.0281444509493005
45,-1.1711796312245097,False,127,7,69.0,30.0,20,7,2.2,5,29,1.7000000000000002,2.8,2.5,0.018000000000000002,0.5,-11.211180095250038,0.7556211431274372,-0.8722530388857335,14.636867752635252,55.0,14.0,41.0,25.454545454545453,3466.48,4587.59,-1121.1100000000001,611.43,0.0,2.0,15.352402859450049,2.0334486658229896,1.764665186216471,6.697333577333348,22.0,8.0,14.0,36.36363636363637,3020.81,1485.5599999999997,1535.2500000000002,286.32,0.0,0.0,,,,,,,,1.0270777873470582
46,0.04143446672472716,True,92,18,64.0,26.0,17,5,3.2,9,35,2.0,2.3,2.0,0.021,0.6000000000000001,5.981664530149683,1.038521186266024,0.29001090316556977,34.239854047862536,142.0,50.0,92.0,35.2112676056338,16125.160000000002,15527.039999999997,598.1200000000044,1517.15,0.0,1.0,10.509599364349924,1.1210734590195097,0.745275711700873,23.01775257155496,74.0,26.0,48.0,35.13513513513514,9731.31,8680.349999999999,1050.960000000001,924.12,0.0,0.0,0.03152879809304977,0.03026836475487743,-0.045815728980314066,0.05873015873015874,0.005981664530149683,0.0019260593133011983,-0.041184849716495595,
47,0.11206688804721461,True,122,20,73.0,29.0,18,6,3.0,18,26,1.8,1.6,1.5,0.016,0.55,19.99442441054991,1.173248971690846,0.8874931651093242,10.334714137478347,167.0,75.0,92.0,44.91017964071856,13540.220000000001,11540.79,1999.4300000000003,1403.77,0.0,3.0,9.504814343249945,1.163094525194879,1.029832832664858,10.49660572762337,85.0,40.0,45.0,47.05882352941177,6778.48,5827.97,950.5099999999993,737.95,0.0,0.0,0.028514443029749835,0.04077363129871975,-0.0,0.06746031746031747,0.01999442441054991,0.008662448584542305,-0.05333837673666465,
48,-1.0333395739338298,False,104,14,68.0,23.0,16,4,3.8000000000000003,20,47,1.9000000000000001,2.7,4.0,0.015,0.65,8.61659435509977,1.058022279639577,0.36973132158909283,21.216116326718147,138.0,42.0,96.0,30.434782608695652,15711.98,14850.33,861.6499999999996,1431.01,0.0,2.0,-6.283733887099969,0.9059398900314217,-0.29670991028580457,19.000296279079613,58.0,16.0,42.0,27.586206896551722,6051.76,6680.09,-628.3299999999999,592.49,0.0,0.0,,,,,,,,0.20003744360297904
49,-1.005024813937,False,143,19,76.0,35.0,20,11,2.6,15,43,1.6,2.1,2.0,0.011,0.25,-3.014888362199963,0.9368277682902554,-0.2513068351006538,13.74384369492107,110.0,36.0,74.0,32.72727272727273,4470.87,4772.349999999999,-301.47999999999956,526.77,0.0,1.0,1.9223895291500048,1.1049164401654823,0.42858805301617114,5.6918459638716845,43.0,16.0,27.0,37.2093023255814,2024.45,1832.22,192.23000000000002,209.55,0.0,0.0,,,,,,,,0.03014888362199963
50,-1.121235666761604,False,131,10,62.0,43.0,15,8,2.4000000000000004,16,30,1.3,1.8,3.5,0.029,0.45,-31.92507352635012,0.5610990053410505,-2.0268886838639593,34.002275348138156,79.0,23.0,56.0,29.11392405063291,4081.35,7273.849999999999,-3192.4999999999995,990.2,0.0,1.0,22.531818072899988,2.0496655113297555,2.0826036536182366,7.259621678494134,33.0,17.0,16.0,51.515151515151516,4399.73,2146.56,2253.1699999999996,548.11,0.0,0.0,,,,,,,,0.7274140005696237
51,0.05013560262973662,True,117,14,66.0,31.0,18,4,3.0,13,32,2.0,2.9000000000000004,2.0,0.016,0.6000000000000001,3.806447920549817,1.031579602402841,0.23214662584669737,23.809912737817314,120.0,34.0,86.0,28.333333333333332,12433.01,12052.4,380.6100000000006,1209.51,0.0,2.0,8.75620149744993,1.1480871387329672,0.735495671280831,15.263003010725773,53.0,18.0,35.0,33.9622641509434,6788.49,5912.87,875.6199999999999,587.6899999999999,0.0,0.0,0.026268604492349787,0.0370217846832418,-0.00150287434700442,0.04206349206349207,0.0038064479205498175,0.0015789801201420484,-0.05910083230303448,
52,0.15872013095670345,True,124,13,65.0,29.0,19,5,2.9000000000000004,12,34,2.0,2.6,3.0,0.018000000000000002,0.6000000000000001,3.7834931619498633,1.034423996717365,0.23042252254575954,22.50705089580268,100.0,31.0,69.0,31.0,11369.53,10991.17,378.3600000000006,1256.84,0.0,2.0,35.02649926174989,1.5919778395973538,2.158814006025338,17.871117925308464,47.0,20.0,27.0,42.5531914893617,9419.509999999998,5916.86,3502.6499999999987,843.28,0.0,0.0,0.10507949778524966,0.14799445989933846,-0.016406388144619796,0.0373015873015873,0.003783493161949864,0.001721199835868248,-0.1207537188826703,
53,-1.047986404703586,False,123,12,64.0,29.0,19,6,2.8,12,35,1.9000000000000001,2.6,3.0,0.019,0.65,-13.145584318750316,0.8783772406615011,-0.39762411365619077,28.48147558489907,92.0,26.0,66.0,28.26086956521739,9494.16,10808.75,-1314.5900000000001,1305.42,0.0,3.0,15.731621996399916,1.3537145002776798,1.1900950434258994,16.85392042908703,38.0,14.0,24.0,36.8421052631579,6020.74,4447.57,1573.17,666.99,0.0,0.0,,,,,,,,0.2879184282215167
54,0.1260144366663334,True,137,13,71.0,27.0,17,5,3.1,8,41,2.0,2.5,2.5,0.018000000000000002,0.6000000000000001,13.843756686799736,1.0912846380825216,0.5034942737258339,19.888586862093486,134.0,46.0,88.0,34.32835820895522,16550.15,15165.75,1384.4000000000015,1618.03,0.0,1.0,13.954186118899997,1.1769478234516129,0.9620203615709402,20.298673129775572,66.0,23.0,43.0,34.84848484848485,9281.539999999999,7886.11,1395.4299999999994,911.95,0.0,0.0,0.04186255835669999,0.044236955862903216,-0.03027813217014613,0.05238095238095239,0.013843756686799736,0.0045642319041260815,-0.0005958863550018814,
55,-1.1242104615466375,False,124,15,65.0,25.0,20,7,2.1,11,37,1.8,3.0,3.0,0.021,0.7,-27.92763747220012,0.7190483376087722,-0.9538261850998669,33.48685274857702,71.0,15.0,56.0,21.12676056338028,7147.7,9940.5,-2792.8,1084.33,0.0,3.0,51.754101048899926,2.11745159172957,2.5824613894947834,11.169966222033006,34.0,14.0,20.0,41.1764705882353,9806.850000000002,4631.4400000000005,5175.410000000002,735.0,0.0,0.0,,,,,,,,0.7452627692798244
56,0.03450260979015967,True,136,16,62.0,32.0,18,5,3.4000000000000004,14,28,1.5,1.9,3.5,0.014000000000000002,0.55,8.391350290899883,1.051641311572262,0.3898403571588651,19.421243939606818,188.0,73.0,115.0,38.829787234042556,17088.33,16249.2,839.130000000001,2332.94,0.0,1.0,3.5158639814499653,1.0531558649091168,0.3800514965263944,11.168966074465963,77.0,30.0,47.0,38.96103896103896,6966.110000000001,6614.509999999998,351.6000000000022,979.47,0.0,0.0,0.010547591944349895,0.013288966227279209,-0.0,0.061111111111111116,0.008391350290899885,0.002582065578613102,-0.061418475362093536,
57,-1.0346002820922504,False,146,11,79.0,20.0,13,4,2.3,12,34,1.7000000000000002,2.7,2.5,0.017,0.5,-20.760169255350284,0.8552091426594672,-0.600790979369509,34.37491032205861,154.0,42.0,112.0,27.272727272727273,12262.039999999999,14338.059999999998,-2076.0199999999986,1329.97,0.0,1.0,16.401917201649923,1.2143764606239311,1.097963007696017,18.86030508277855,69.0,23.0,46.0,33.333333333333336,9290.999999999998,7650.84,1640.159999999998,841.26,0.0,0.0,,,,,,,,0.20760169255350283
58,-1.1069177325487207,False,92,12,67.0,30.0,19,9,2.5,7,31,2.0,2.3,3.0,0.024,0.55,-17.55200007345009,0.8147677552665848,-0.6577697900248699,37.703255931609,78.0,24.0,54.0,30.76923076923077,7720.5599999999995,9475.78,-1755.2200000000012,1098.86,0.0,1.0,2.794873664100014,1.0719950545417083,0.34374055659569475,21.570472288259623,31.0,10.0,21.0,32.25806451612903,4161.860000000001,3882.3499999999995,279.5100000000011,534.14,0.0,0.0,,,,,,,,0.641506395292324
59,0.02783465124195588,True,78,17,63.0,28.0,16,7,2.9000000000000004,10,29,1.9000000000000001,2.5,2.5,0.016,0.6000000000000001,2.716852613999854,1.0167347341057913,0.19724194810325746,21.26088292373005,153.0,50.0,103.0,32.6797385620915,16505.570000000003,16233.9,271.6700000000037,1888.66,0.0,1.0,13.522407073100004,1.1871042727473988,1.0522169648933148,18.291441135700886,70.0,24.0,46.0,34.285714285714285,8579.44,7227.2,1352.2400000000007,1018.08,0.0,0.0,0.04056722121930001,0.046776068186849706,-0.01880823506114792,0.05555555555555556,0.002716852613999854,0.0008367367052895647,-0.09980954797789089,
60,-1.1748550383980902,False,114,15,74.0,25.0,14,15,2.7,5,48,1.7000000000000002,3.3000000000000003,3.5,0.02,0.65,-7.974247528650048,0.8821643156273918,-0.23673845449528333,18.476350077674066,45.0,10.0,35.0,22.22222222222222,5969.799999999999,6767.220000000001,-797.4200000000019,770.33,0.0,0.0,14.341250504149993,1.4654027636250349,1.0806344131331516,11.20584688747945,24.0,8.0,16.0,33.333333333333336,4515.58,3081.46,1434.12,466.07,0.0,0.0,,,,,,,,1.0491302303885415
61,0.05944353418673335,True,134,14,66.0,30.0,18,4,3.1,19,33,2.0,2.8,2.0,0.015,0.6000000000000001,33.06251339134977,1.2547916828823384,1.0989781609396017,14.47210666225454,119.0,41.0,78.0,34.45378151260504,16282.34,12976.130000000001,3306.209999999999,1365.91,0.0,1.0,8.321666457599932,1.1419772465142943,0.7037575773658119,14.697364754971334,54.0,18.0,36.0,33.333333333333336,6693.22,5861.08,832.1400000000003,564.01,0.0,0.0,0.024964999372799793,0.03549431162857358,-0.0,0.04285714285714286,0.03306251339134977,0.012739584144116923,-0.08967501720724957,
62,0.13833018512234746,True,119,13,65.0,32.0,19,5,2.9000000000000004,14,31,1.8,2.8,1.5,0.016,0.55,8.976548643799998,1.0968302186398335,0.4713190188915991,17.977242116667348,127.0,39.0,88.0,30.708661417322833,10167.660000000002,9270.039999999999,897.6200000000026,1011.8,0.0,3.0,10.575655188949987,1.2360855627388652,0.9438792626077739,13.625404573369329,58.0,20.0,38.0,34.48275862068966,5537.07,4479.519999999999,1057.550000000001,513.22,0.0,0.0,0.031726965566849966,0.05902139068471629,-0.0,0.046031746031746035,0.008976548643799999,0.004841510931991678,-0.012267976736756519,
63,-1.0169336903063333,False,59,14,68.0,28.0,17,6,3.3000000000000003,11,27,1.9000000000000001,2.1,2.0,0.018000000000000002,0.6000000000000001,-10.160214183800036,0.9475823343562145,-0.18428198279425811,23.507658478337675,198.0,68.0,130.0,34.343434343434346,18367.14,19383.159999999996,-1016.0199999999968,2006.67,0.0,0.0,48.889693394950044,1.635071028484137,2.841236906794933,10.973496371838243,85.0,40.0,45.0,47.05882352941177,12587.3,7698.319999999999,4888.9800000000005,1163.1,0.0,0.0,,,,,,,,0.10160214183800037
64,-1.0292344414595584,False,131,13,63.0,26.0,21,4,3.2,17,30,2.0,3.0,2.0,0.013000000000000001,0.55,35.240611446949934,1.4251282966880516,1.4762188231463478,10.923843711558257,93.0,32.0,61.0,34.40860215053763,11813.43,8289.38,3524.050000000001,942.41,0.0,1.0,-0.7641298123001252,0.9774178104053621,0.02204807203919208,15.860159247962624,40.0,12.0,28.0,30.0,3307.23,3383.6400000000003,-76.41000000000031,362.05,0.0,0.0,,,,,,,,0.1754066487573503
65,0.12959191736852968,True,106,16,77.0,29.0,16,6,3.6,10,37,1.9000000000000001,2.3,2.5,0.027,0.7,12.743494312849615,1.0525280770357939,0.4180897303819303,33.628823639354835,160.0,56.0,104.0,35.0,25535.31,24260.93,1274.380000000001,2395.83,0.0,1.0,31.54635093495015,1.2127120289780806,1.3297517568690764,21.540485605525582,85.0,33.0,52.0,38.8235294117647,17985.15,14830.519999999999,3154.630000000003,1542.4,0.0,0.0,0.09463905280485045,0.053178007244520153,-0.03737420346014619,0.06746031746031747,0.012743494312849615,0.0026264038517896937,-0.06368115484565152,
66,-1.0264259433485834,False,126,21,61.0,27.0,18,5,2.6,13,32,1.8,3.2,1.5,0.012,0.5,-15.85556600915008,0.800870346066174,-0.756079517276365,25.460276653504092,128.0,30.0,98.0,23.4375,6376.81,7962.349999999999,-1585.539999999999,759.21,0.0,2.0,5.687813448349934,1.1470313756207524,0.5975695706076511,13.370934709160064,53.0,15.0,38.0,28.30188679245283,4437.05,3868.29,568.7600000000002,392.66,0.0,0.0,,,,,,,,0.1585556600915008
67,0.10001484243310124,True,111,14,76.0,40.0,20,6,1.9,20,26,1.5,2.4000000000000004,2.5,0.015,0.6000000000000001,6.487794074449921,1.0457474263150472,0.32432535133724794,22.643226116591606,130.0,42.0,88.0,32.30769230769231,14830.789999999999,14182.0,648.789999999999,1611.55,0.0,2.0,11.450438902800034,1.2221159628329228,1.0219130951395932,8.054922246318801,54.0,20.0,34.0,37.03703703703704,6300.129999999999,5155.099999999999,1145.0299999999997,626.73,0.0,0.0,0.0343513167084001,0.0555289907082307,-0.0,0.04285714285714286,0.006487794074449921,0.0022873713157523625,-0.0414977732308747,
68,-1.2914805156427942,False,64,12,72.0,45.0,12,8,1.6,13,35,1.6,2.7,3.0,0.022000000000000002,0.75,-19.78626856934996,0.4438125971547195,-1.3673670991388618,21.03629110591989,23.0,4.0,19.0,17.391304347826086,1578.8500000000001,3557.4700000000003,-1978.6200000000001,404.06,0.0,0.0,5.609513814099992,1.467142464544175,0.7693206888363733,6.52472457791347,9.0,3.0,6.0,33.333333333333336,1761.73,1200.79,560.94,166.94,0.0,0.0,,,,,,,,1.7488830938567648
69,0.17858989575921097,True,119,15,65.0,33.0,15,4,2.3,18,44,2.0,2.1,2.5,0.019,0.5,12.685130687049858,1.1241154737303527,0.5400790521215095,14.351910798444623,104.0,38.0,66.0,36.53846153846154,11488.64,10220.159999999998,1268.4800000000014,1136.06,0.0,2.0,18.66605906769995,1.3673616796825798,1.3871456257835102,12.455058677829458,51.0,21.0,30.0,41.1764705882353,6947.510000000001,5080.96,1866.550000000001,603.13,0.0,0.0,0.055998177203099846,0.09184041992064496,-0.0,0.04047619047619048,0.012685130687049859,0.006205773686517636,-0.028615796214291812,
70,-1.0374149659863945,False,139,16,65.0,37.0,15,7,2.3,19,44,1.9000000000000001,1.9,3.0,0.02,0.45,4.892364200699867,1.0555668509391762,0.2849455672110293,11.728760672797229,83.0,32.0,51.0,38.55421686746988,9293.2,8803.990000000002,489.2099999999991,1020.88,0.0,1.0,24.462926417699947,1.6554367425896703,2.0400676784781213,9.996043086833332,39.0,18.0,21.0,46.15384615384615,6178.57,3732.2899999999995,2446.28,533.0,0.0,0.0,,,,,,,,0.22448979591836726
71,0.20131173657299758,True,119,15,66.0,34.0,14,4,2.1,18,45,2.0,2.1,2.5,0.017,0.5,12.615201341350021,1.1249790719123767,0.5592939380010419,14.621535886562508,105.0,38.0,67.0,36.19047619047619,11355.64,10094.089999999998,1261.550000000001,1111.26,0.0,2.0,20.549433138049917,1.4775334163707683,1.6530671170826599,9.572809540124434,47.0,20.0,27.0,42.5531914893617,6358.24,4303.28,2054.96,535.57,0.0,0.0,0.061648299414149746,0.11938335409269207,-0.0,0.0373015873015873,0.012615201341350022,0.006248953595618834,-0.03588565917240038,
72,0.08745338072903051,True,120,15,67.0,34.0,14,4,2.2,18,45,2.0,2.1,2.5,0.017,0.5,15.397714089499951,1.1459259926172685,0.6479821139744728,14.200472262440448,106.0,39.0,67.0,36.79245283018868,12091.41,10551.65,1539.7600000000002,1152.97,0.0,2.0,8.438943051549886,1.1646775993818153,0.7608966330870278,12.38657597106727,53.0,20.0,33.0,37.735849056603776,5968.600000000001,5124.68,843.920000000001,566.41,0.0,0.0,0.02531682915464966,0.041169399845453813,-0.0,0.04206349206349207,0.01539771408949995,0.007296299630863423,-0.0437903540549284,
73,-1.0317460317460319,False,98,17,64.0,33.0,15,5,2.0,17,42,2.0,2.0,3.0,0.019,0.5,15.54551704959984,1.1651073104051852,0.652401400519065,14.612758173420454,84.0,33.0,51.0,39.285714285714285,10969.730000000001,9415.209999999997,1554.520000000004,1047.97,0.0,2.0,16.059582820000013,1.380811575370563,1.3640432592477987,10.317613019676648,40.0,17.0,23.0,42.5,5823.2,4217.2300000000005,1605.9699999999993,573.79,0.0,0.0,,,,,,,,0.19047619047619058
74,-1.0861678004535147,False,132,15,68.0,31.0,13,6,2.1,18,49,1.9000000000000001,1.8,2.5,0.018000000000000002,0.45,14.06772701714992,1.1976274700975251,0.7035248944894296,9.725570182960125,73.0,31.0,42.0,42.465753424657535,8524.879999999997,7118.139999999999,1406.739999999998,768.73,0.0,1.0,13.911952301499985,1.5630752418342981,1.4987018833126813,7.988000985892492,31.0,15.0,16.0,48.38709677419355,3861.89,2470.7,1391.19,348.67,0.0,0.0,,,,,,,,0.5170068027210883
75,0.11937834574381356,True,114,16,70.0,32.0,14,5,2.3,16,40,1.8,2.3,3.0,0.014000000000000002,0.4,0.16793247224994048,1.0015958646455554,0.09704347456172305,23.003722010612268,123.0,40.0,83.0,32.520325203252035,10525.18,10508.41,16.770000000000437,1072.26,0.0,2.0,30.550540776249907,1.4874827867374505,2.242933206270097,14.00121426012128,68.0,28.0,40.0,41.1764705882353,9322.01,6266.97,3055.04,780.81,0.0,0.0,0.09165162232874972,0.12187069668436262,-0.0,0.05396825396825397,0.0001679324722499405,7.979323227776947e-05,-0.14835995294208046,
76,-2.0,False,146,18,60.0,35.0,12,19,2.4000000000000004,19,45,2.0,2.1,3.5,0.02,0.5,,,,,,,,,,,,,,,4.080799826599978,99.0,1.2002586748190867,2.4126292070539646,1.0,1.0,0.0,100.0,408.08,0.0,408.08,11.83,0.0,0.0,,,,,,,,6.0
77,-1.0526290066461956,False,125,13,65.0,33.0,15,4,1.8,20,50,1.8,2.2,2.5,0.022000000000000002,0.5,-7.087608069350063,0.9016073233304827,-0.24170374702020891,18.126341834600062,74.0,24.0,50.0,32.432432432432435,6494.53,7203.280000000001,-708.7500000000009,776.4,0.0,2.0,2.8309378046499476,1.0650330678562976,0.33401834189967855,15.01068537854581,42.0,14.0,28.0,33.333333333333336,4636.2699999999995,4353.17,283.09999999999945,505.09000000000003,0.0,0.0,,,,,,,,0.3157740398771741
78,-1.0174243718207499,False,129,15,74.0,42.0,16,5,2.1,18,47,1.2000000000000002,1.7000000000000002,2.0,0.016,0.55,-10.45462309244991,0.9328754088382254,-0.28977591592639385,25.235826951948887,193.0,71.0,122.0,36.78756476683938,14529.18,15574.619999999999,-1045.4399999999987,1735.13,0.0,2.0,23.3152331376499,1.3333261851354654,1.8036678819976437,8.19544528458271,90.0,43.0,47.0,47.77777777777778,9326.31,6994.77,2331.539999999999,946.12,0.0,0.0,,,,,,,,0.1045462309244991
79,-1.0118842414165,False,86,14,62.0,37.0,13,6,2.6,4,38,1.4,2.5,1.0,0.026000000000000002,0.45,-7.130544849899997,0.8847649243239574,-0.5118722463528598,12.599052812250902,179.0,53.0,126.0,29.608938547486034,5475.12,6188.22,-713.1000000000004,748.27,0.0,2.0,10.456817571199881,1.4818453258625774,1.8763633773193698,4.961318060426412,80.0,31.0,49.0,38.75,3215.9600000000005,2170.2400000000002,1045.7200000000003,380.07,0.0,0.0,,,,,,,,0.07130544849899997
80,-1.017916929345287,False,119,13,79.0,34.0,14,4,2.5,17,42,1.9000000000000001,2.6,4.0,0.017,0.55,-6.676831974100206,0.9573686226933144,-0.07249465249059062,30.65154944911252,133.0,39.0,94.0,29.32330827067669,14993.349999999997,15661.0,-667.6500000000033,1575.43,0.0,2.0,0.6850362296499225,1.0072300808527437,0.18507369774266846,25.146452496283793,74.0,23.0,51.0,31.08108108108108,9540.019999999999,9471.540000000003,68.47999999999593,986.3100000000001,0.0,0.0,,,,,,,,0.1075015760717224
81,-1.0045195987348225,False,123,14,66.0,30.0,17,4,2.8,9,28,2.0,3.0,2.0,0.018000000000000002,0.55,4.021752574599832,1.0348940312544463,0.23803222820736314,19.57432591664699,116.0,32.0,84.0,27.586206896551722,11928.23,11526.04,402.1899999999987,1141.56,0.0,2.0,1.350256513599943,1.021526527970618,0.21558808330550883,15.583925311082353,56.0,17.0,39.0,30.357142857142858,6408.23,6273.189999999999,135.04000000000087,581.89,0.0,0.0,,,,,,,,0.027117592408935232
82,0.07850343953458319,True,135,14,63.0,31.0,19,5,3.0,19,33,1.9000000000000001,2.0,2.5,0.015,0.6000000000000001,15.9447118461999,1.1538281947930917,0.727917523418679,13.241078327027417,115.0,46.0,69.0,40.0,11959.960000000001,10365.460000000001,1594.5,1391.93,0.0,1.0,7.65148366720001,1.173450882068906,0.7444040806481631,12.438880156864608,52.0,21.0,31.0,40.38461538461539,5176.349999999999,4411.22,765.1299999999992,620.69,0.0,0.0,0.02295445100160003,0.043362720517226505,-0.0,0.04126984126984127,0.0159447118461999,0.007691409739654587,-0.0527196948399391,
83,0.13797003710500397,True,117,15,67.0,29.0,17,7,3.3000000000000003,14,30,2.0,2.4000000000000004,2.5,0.019,0.5,17.60727847534983,1.129632615557239,0.632914558305692,20.16625697340523,125.0,43.0,82.0,34.4,15342.93,13582.230000000001,1760.699999999999,1431.25,0.0,2.0,14.15773072219994,1.2340193762634986,1.0995063283884077,17.530207140845143,55.0,21.0,34.0,38.18181818181818,7465.41,6049.67,1415.7399999999998,737.23,0.0,0.0,0.04247319216659982,0.05850484406587464,-0.0144583265191151,0.043650793650793655,0.01760727847534983,0.006481630777861947,-0.01628937551236082,
84,0.10919345113569395,True,111,12,64.0,32.0,16,4,3.4000000000000004,15,31,1.7000000000000002,2.9000000000000004,2.0,0.016,0.55,15.995759265449852,1.1098527512980412,0.6140709332031646,14.68354137886074,150.0,44.0,106.0,29.333333333333332,16159.9,14560.4,1599.5,1587.41,0.0,1.0,10.069725872499985,1.1727437569369752,0.79822428569011,14.64488230416906,61.0,20.0,41.0,32.78688524590164,6836.240000000001,5829.2699999999995,1006.9700000000012,651.78,0.0,0.0,0.030209177617499954,0.0431859392342438,-0.0,0.048412698412698414,0.01599575926544985,0.005492637564902059,-0.03410276095910012,
85,-1.0918367346938775,False,129,15,78.0,27.0,15,6,1.9,11,34,2.0,2.2,1.5,0.014000000000000002,0.65,1.1174802312499197,1.0206609431269456,0.1269070947091324,11.058364116094612,65.0,22.0,43.0,33.84615384615385,5520.999999999998,5409.24,111.7599999999984,598.98,0.0,1.0,14.990281564399957,1.6481323746232972,1.9862354928471697,9.048421981936263,33.0,15.0,18.0,45.45454545454545,3811.8500000000004,2312.83,1499.0200000000004,328.35,0.0,0.0,,,,,,,,0.5510204081632654
86,-1.0405185789390115,False,102,16,66.0,31.0,18,5,2.7,18,44,1.9000000000000001,2.8,2.5,0.017,0.5,-2.984067424000077,0.976291320959788,0.012572878010552424,30.232172648136945,121.0,34.0,87.0,28.09917355371901,12288.12,12586.53,-298.40999999999985,1118.74,0.0,2.0,-7.102178266900064,0.9006385324386791,-0.3222668728574903,24.643092524645823,63.0,18.0,45.0,28.571428571428573,6437.4400000000005,7147.64,-710.1999999999998,673.38,0.0,0.0,,,,,,,,0.243111473634069
87,-1.0013745317256308,False,140,13,76.0,33.0,14,4,2.4000000000000004,12,29,1.8,1.9,2.0,0.013000000000000001,0.65,9.437968791399962,1.078069826438891,0.46602710392030244,20.86810558408278,159.0,63.0,96.0,39.62264150943396,13033.529999999997,12089.69,943.8399999999965,1506.12,0.0,1.0,2.6717289830999653,1.0413404501285262,0.32972784129218974,12.555547110210771,84.0,32.0,52.0,38.095238095238095,6728.84,6461.710000000001,267.1299999999992,845.23,0.0,0.0,,,,,,,,0.008247190353784649
88,-1.0124887341872502,False,122,17,65.0,35.0,18,7,2.9000000000000004,20,32,2.0,2.6,1.0,0.029,0.55,-7.493240512350076,0.8844439098338029,-0.37620674963202555,14.103860524370434,109.0,33.0,76.0,30.275229357798164,5735.150000000001,6484.47,-749.3199999999997,557.69,0.0,2.0,8.254489549150003,1.297344998865384,1.0656577531623717,7.714719563870961,49.0,17.0,32.0,34.69387755102041,3601.7799999999997,2776.27,825.5099999999998,291.41,0.0,0.0,,,,,,,,0.07493240512350076
89,-1.0325997847264428,False,107,14,75.0,23.0,12,13,3.1,17,36,2.0,3.2,3.0,0.007,0.6000000000000001,-3.499155262250042,0.9349172189433861,-0.2043586119232726,10.523871703996114,96.0,24.0,72.0,25.0,5026.33,5376.23,-349.89999999999964,536.93,0.0,1.0,0.581259216500057,1.0277910579056069,0.14413326440676746,6.094132245655928,37.0,10.0,27.0,27.027027027027028,2149.81,2091.6800000000003,58.129999999999654,239.12,0.0,0.0,,,,,,,,0.19559870835865723
90,0.4035065496163989,True,132,15,68.0,28.0,15,6,2.3,18,21,1.8,2.3,3.5,0.018000000000000002,0.45,36.237891808499825,1.2367446081118254,1.1517826178429047,20.251523103664102,121.0,46.0,75.0,38.01652892561984,18930.590000000004,15306.789999999997,3623.8000000000065,1830.18,0.0,1.0,46.22075726069994,1.765112514111855,2.7835656544946175,9.835507304963622,55.0,26.0,29.0,47.27272727272727,10663.08,6041.02,4622.0599999999995,957.54,0.0,0.0,0.1386622717820998,0.19127812852796378,-0.0,0.043650793650793655,0.036237891808499824,0.011837230405591271,-0.018159766558549433,
91,0.38005652857999206,True,131,15,68.0,28.0,15,6,2.3,18,19,1.8,2.3,3.5,0.018000000000000002,0.45,27.870502695299876,1.1852829842482933,0.9281649846306012,18.618405851309074,124.0,45.0,79.0,36.29032258064516,17829.239999999998,15042.180000000004,2787.059999999994,1765.88,0.0,1.0,47.734253221449926,1.778737587055789,2.846373202443974,7.685887222401236,56.0,26.0,30.0,46.42857142857143,10903.109999999999,6129.69,4773.419999999999,933.17,0.0,0.0,0.14320275966434975,0.19468439676394728,-0.0,0.044444444444444446,0.02787050269529988,0.009264149212414663,-0.03940972420046398,
92,0.2789988753613146,True,126,15,71.0,28.0,15,6,2.2,18,20,1.6,2.2,3.5,0.018000000000000002,0.4,66.40445695079983,1.3844685916497605,1.7471107189750323,11.188509077501678,137.0,55.0,82.0,40.14598540145985,23912.319999999996,17271.839999999997,6640.48,2140.21,0.0,3.0,29.799302724299885,1.4410153723658528,1.9847606931569295,7.874551989581113,64.0,27.0,37.0,42.1875,9736.840000000002,6756.93,2979.9100000000017,835.77,0.0,0.0,0.08939790817289965,0.11025384309146319,-0.0,0.050793650793650794,0.06640445695079983,0.01922342958248803,-0.057074413229986895,
93,0.2990912121780099,True,132,15,71.0,25.0,15,7,2.2,19,19,1.6,2.3,4.0,0.018000000000000002,0.4,36.41523059994983,1.2205315848408267,1.1368802093716457,15.015502843059611,122.0,45.0,77.0,36.885245901639344,20154.039999999997,16512.51,3641.529999999999,1950.11,0.0,1.0,30.68367797449986,1.5182165790122581,2.050322054793293,9.982855131585568,54.0,24.0,30.0,44.44444444444444,8989.33,5920.98,3068.3500000000004,807.05,0.0,0.0,0.09205103392349959,0.12955414475306454,-0.0,0.04285714285714286,0.036415230599949826,0.011026579242041335,-0.012812919197688248,
94,-1.003968253968254,False,144,16,71.0,28.0,15,8,2.2,18,19,1.6,2.3,4.0,0.019,0.35,37.47958098839989,1.269122537182362,1.2089067091596413,20.56436847349154,104.0,39.0,65.0,37.5,17674.6,13926.63,3747.9699999999993,1587.26,0.0,1.0,15.351870323899947,1.3600836896633415,1.2963506594612275,9.004368331904104,41.0,18.0,23.0,43.90243902439025,5798.540000000001,4263.370000000001,1535.17,539.27,0.0,0.0,,,,,,,,0.023809523809523836
95,0.21874248480179231,True,132,15,71.0,25.0,14,7,2.3,19,16,1.6,2.1,4.5,0.02,0.4,38.138044858499725,1.2044899346708018,1.0886990394855114,17.02720321743309,138.0,53.0,85.0,38.405797101449274,22463.93,18650.16,3813.7700000000004,2237.19,0.0,1.0,24.10657082379992,1.346543364101473,1.537876596183137,13.720923459629212,57.0,24.0,33.0,42.10526315789474,9367.0,6956.33,2410.67,917.26,0.0,0.0,0.07231971247139976,0.08663584102536825,-0.0,0.045238095238095244,0.038138044858499726,0.01022449673354009,-0.03381370552511075,
96,0.33355585935829574,True,131,16,70.0,25.0,13,8,2.2,19,16,1.5,2.1,5.0,0.021,0.4,42.40395182369977,1.2284465946190564,1.162211216073237,17.667590520523525,121.0,47.0,74.0,38.84297520661157,22802.18,18561.8,4240.380000000001,2315.69,0.0,1.0,33.45825724164994,1.654838072012792,2.0099111022795175,13.452855517513473,42.0,20.0,22.0,47.61904761904762,8455.18,5109.370000000001,3345.8099999999995,711.99,0.0,0.0,0.10037477172494982,0.163709518003198,-0.0,0.03333333333333333,0.04240395182369977,0.01142232973095282,-0.017688045257838014,
97,-1.1185837346787526,False,137,17,70.0,25.0,13,9,2.1,19,15,1.5,2.2,5.0,0.021,0.35,-14.483067970550165,0.8705196183344642,-0.4629105354324176,27.509870837008414,85.0,25.0,60.0,29.41176470588235,9737.380000000001,11185.710000000001,-1448.33,1141.28,0.0,1.0,-7.076501746600025,0.8435836678396492,-0.5188991296654699,16.620097507657434,35.0,11.0,24.0,31.428571428571427,3816.44,4524.08,-707.6399999999999,464.05,0.0,0.0,,,,,,,,0.7115024080725163
98,-1.0958049886621315,False,130,16,71.0,24.0,14,8,2.0,19,17,1.6,2.4000000000000004,4.5,0.024,0.4,35.116395869599806,1.2733761704433284,1.049701047757274,20.308957082987224,79.0,28.0,51.0,35.44303797468354,16357.230000000001,12845.56,3511.670000000002,1484.69,0.0,1.0,2.9663346036999063,1.0724145507812501,0.3267234916432277,10.569049091154445,26.0,9.0,17.0,34.61538461538461,4392.610000000001,4096.0,296.6100000000006,392.0,0.0,0.0,,,,,,,,0.5748299319727891
99,0.006941727098355834,True,140,18,69.0,26.0,13,8,2.5,20,21,1.5,2.1,4.5,0.021,0.4,21.447019204749722,1.0974122182686292,0.6666275612845679,27.78459097235037,154.0,58.0,96.0,37.66233766233766,24161.22,22016.539999999997,2144.680000000004,2570.62,0.0,2.0,6.914694557549919,1.0967125157702453,0.5478876326050616,21.27409374981519,61.0,23.0,38.0,37.704918032786885,7840.989999999999,7149.539999999999,691.4499999999998,888.87,0.0,0.0,0.020744083672649755,0.024178128942561328,-0.03585196428465823,0.048412698412698414,0.021447019204749725,0.004870610913431462,-0.07685884976307662,
100,-1.006513391798667,False,134,16,72.0,24.0,14,7,2.3,19,16,1.4,1.9,5.0,0.023000000000000003,0.4,-3.908035079200235,0.9823762358374829,0.03967674973902703,28.904615633195778,164.0,60.0,104.0,36.58536585365854,21780.46,22171.199999999997,-390.73999999999796,2578.28,0.0,1.0,11.303444790499926,1.1238390839102532,0.7388447541152179,16.27974572530244,71.0,28.0,43.0,39.436619718309856,10257.83,9127.490000000002,1130.3399999999983,1202.15,0.0,0.0,,,,,,,,0.03908035079200235
101,0.11220480054311245,True,127,15,70.0,25.0,15,7,2.3,18,12,1.6,2.0,4.0,0.02,0.35,7.529755731799705,1.0424029800737136,0.3352292048324243,16.638198863613848,154.0,55.0,99.0,35.714285714285715,18510.940000000002,17757.95,752.9900000000016,1948.64,0.0,1.0,14.002711325000035,1.1939838666553992,1.0191823135331608,10.860900683358015,72.0,29.0,43.0,40.27777777777778,8618.88,7218.590000000001,1400.2899999999981,948.18,0.0,0.0,0.042008133975000105,0.04849596666384981,-0.0,0.05714285714285714,0.007529755731799705,0.0021201490036856785,-0.045092061974079986,
102,0.13682037497044186,True,134,15,73.0,27.0,15,7,2.4000000000000004,18,20,1.6,2.2,4.5,0.019,0.4,52.13469023824948,1.2223940374934574,1.3196221821946965,22.19512877696573,147.0,57.0,90.0,38.775510204081634,28655.96,23442.489999999998,5213.470000000001,2834.3,0.0,1.0,16.244360549699994,1.1888586861741584,1.074903783803933,12.31351151964555,71.0,27.0,44.0,38.028169014084504,10225.539999999999,8601.14,1624.3999999999996,1071.5,0.0,0.0,0.04873308164909998,0.04721467154353959,-0.0,0.05634920634920635,0.05213469023824949,0.011119701874672872,-0.07873097668432642,
103,-1.0268405481554141,False,50,15,68.0,22.0,13,8,2.2,18,23,1.7000000000000002,2.3,3.5,0.02,0.3,45.70838479599993,1.3158770196121794,1.4780296214817705,11.69559110755722,134.0,50.0,84.0,37.3134328358209,19041.530000000002,14470.6,4570.930000000002,1685.12,0.0,0.0,-3.977084507349973,0.9226639339480653,-0.31336918663171387,12.939606003406118,52.0,17.0,35.0,32.69230769230769,4744.910000000001,5142.620000000001,-397.71000000000004,545.66,0.0,0.0,,,,,,,,0.16104328893248515
104,0.06576014080577243,True,131,15,71.0,26.0,14,6,1.9,17,17,1.6,2.1,3.5,0.018000000000000002,0.45,50.65070973479977,1.3996293306886263,1.5877259259766219,15.01868515273547,108.0,45.0,63.0,41.666666666666664,17739.420000000002,12674.369999999999,5065.050000000003,1619.47,0.0,1.0,8.240700569599959,1.167675185155042,0.7607694900827382,11.904093704939003,46.0,19.0,27.0,41.30434782608695,5738.89,4914.8,824.0900000000001,592.89,0.0,0.0,0.024722101708799873,0.041918796288760496,-0.0,0.03650793650793651,0.05065070973479977,0.019981466534431315,-0.10802086996895553,
105,0.15559533804366632,True,126,16,69.0,24.0,15,6,2.2,19,14,1.7000000000000002,2.3,4.5,0.019,0.4,9.881658732849846,1.0642445787785364,0.4065651876488337,17.74868187740868,120.0,41.0,79.0,34.166666666666664,16369.38,15381.22,988.1599999999999,1699.31,0.0,2.0,25.78451006954985,1.3344692233055047,1.5438646388223922,10.385074091584041,61.0,24.0,37.0,39.34426229508197,10287.53,7709.080000000001,2578.45,944.51,0.0,0.0,0.07735353020864955,0.08361730582637616,-0.0,0.048412698412698414,0.009881658732849847,0.00321222893892682,-0.06688208407583446,
106,-1.1420104448323005,False,148,17,72.0,22.0,14,9,2.1,17,19,1.5,2.1,4.0,0.022000000000000002,0.4,0.8764644823500567,1.0088596822804332,0.12931099821656897,29.367999204754735,86.0,30.0,56.0,34.883720930232556,9981.92,9894.26,87.65999999999985,1127.79,0.0,0.0,-11.51641957339998,0.7048280316486354,-1.1581342732433484,16.47479137938535,30.0,8.0,22.0,26.666666666666668,2749.95,3901.5900000000006,-1151.6400000000008,385.21,0.0,0.0,,,,,,,,0.8520626689938029
107,0.07912513810164325,True,143,15,73.0,23.0,13,8,2.4000000000000004,20,20,1.7000000000000002,2.0,5.0,0.017,0.45,21.630376978849817,1.1447489928933738,0.7891739086866865,21.850355587375834,120.0,48.0,72.0,40.0,17106.899999999998,14943.8,2163.0999999999985,1835.46,0.0,1.0,9.214920181899888,1.1637006061208972,0.810510431772336,13.209581881601082,53.0,22.0,31.0,41.509433962264154,6550.75,5629.240000000001,921.5099999999993,813.31,0.0,0.0,0.027644760545699663,0.0409251515302243,-0.0,0.04206349206349207,0.021630376978849817,0.0072374496446686925,-0.06037609266129129,
108,-1.001944907076662,False,137,16,70.0,25.0,16,6,2.5,19,22,1.4,2.2,3.5,0.02,0.45,19.22087110249964,1.0754827903761985,0.5886278549694207,26.33176775483245,183.0,65.0,118.0,35.51912568306011,27386.039999999997,25463.949999999997,1922.0900000000001,2787.15,0.0,1.0,3.3978946973499657,1.0377470854170299,0.33812808943025785,15.600138476899048,82.0,27.0,55.0,32.926829268292686,9340.169999999998,9000.43,339.73999999999796,1061.43,0.0,0.0,,,,,,,,0.011669442459971596
109,0.11962297631846991,True,132,19,69.0,27.0,14,7,2.3,18,12,1.5,2.4000000000000004,4.0,0.018000000000000002,0.35,10.090853391799719,1.0517212393825643,0.40195399375366886,24.051827550427998,153.0,50.0,103.0,32.6797385620915,20519.46,19510.359999999993,1009.1000000000058,1996.53,0.0,1.0,9.395620539750071,1.1237450133088185,0.7048255058038162,13.60517958698475,67.0,23.0,44.0,34.32835820895522,8532.27,7592.710000000001,939.5599999999995,888.04,0.0,0.0,0.028186861619250214,0.03093625332720462,-0.0,0.05317460317460318,0.01009085339179972,0.0025860619691282175,-0.005351657163516047,
110,-1.1611578630842967,False,121,14,71.0,26.0,11,9,2.1,16,18,1.7000000000000002,2.2,3.5,0.021,0.45,-7.625068704500226,0.9070779744626507,-0.2455919645557168,22.110283251088276,67.0,21.0,46.0,31.34328358208955,7443.5,8206.019999999999,-762.5199999999986,932.5,0.0,2.0,-2.306085679850057,0.9211254407474666,-0.19018782103702336,12.064041598166455,24.0,7.0,17.0,29.166666666666668,2693.38,2924.01,-230.6300000000001,326.97,0.0,0.0,,,,,,,,0.9669471785057796
111,0.1764415088461122,True,116,14,68.0,28.0,16,6,2.2,19,16,1.6,2.5,5.0,0.019,0.4,31.117218684199727,1.152141739236299,0.8654444434459124,17.280173623876124,137.0,48.0,89.0,35.03649635036496,23564.489999999998,20452.77,3111.7199999999975,2315.07,0.0,2.0,19.634795431000036,1.263697080149827,1.141824836313072,13.513948580192114,59.0,22.0,37.0,37.28813559322034,9409.400000000001,7445.93,1963.4700000000012,908.02,0.0,0.0,0.0589043862930001,0.06592427003745677,-0.0,0.046825396825396826,0.031117218684199727,0.007607086961814946,-0.033936849955756174,
112,0.1743683834812419,True,117,15,69.0,28.0,15,6,2.2,19,16,1.6,2.5,5.0,0.019,0.4,63.100845482999645,1.2674962207569676,1.4322943127135013,17.23696497459031,142.0,53.0,89.0,37.32394366197183,29899.449999999997,23589.38,6310.069999999996,2722.98,0.0,3.0,21.753456946649894,1.2934500491037217,1.2581298573991948,17.392361558959976,58.0,22.0,36.0,37.93103448275862,9588.189999999999,7412.880000000001,2175.3099999999977,928.47,0.0,0.0,0.06526037083994968,0.07336251227593044,-0.013670637479771295,0.046031746031746035,0.06310084548299964,0.013374811037848378,-0.07309126470746097,
113,0.011428602096048882,True,95,14,68.0,28.0,16,7,2.0,20,17,1.5,2.3,5.0,0.02,0.4,1.300833567049831,1.0069982398154604,0.16408393867456522,28.92869334268658,134.0,46.0,88.0,34.32835820895522,18719.05,18588.96,130.09000000000015,2050.9,0.0,3.0,14.054553201949965,1.1931990481911643,0.9348346783768645,15.65085148759129,60.0,24.0,36.0,40.0,8680.009999999998,7274.570000000001,1405.4399999999978,966.04,0.0,0.0,0.0421636596058499,0.04829976204779107,-0.0037191513576645113,0.047619047619047616,0.001300833567049831,0.00034991199077302195,-0.12458546137679805,
114,0.1538866357660597,True,113,15,67.0,44.0,16,7,2.2,18,15,1.6,2.1,4.5,0.017,0.45,11.828455692399912,1.0694564330215326,0.4705616622819831,18.32659983028401,144.0,53.0,91.0,36.80555555555556,18212.95,17030.1,1182.8500000000022,2119.89,0.0,1.0,16.235383146750028,1.282307608039799,1.221904035539776,9.966494110918262,54.0,22.0,32.0,40.74074074074074,7374.41,5750.89,1623.5199999999995,799.6,0.0,0.0,0.04870614944025008,0.07057690200994976,-0.0,0.04285714285714286,0.011828455692399912,0.0034728216510766297,-0.02355483588475954,
115,0.2734784339767159,True,128,14,70.0,25.0,15,6,2.3,19,19,1.6,1.9,5.0,0.019,0.35,55.97518446954982,1.3048923303850875,1.436066112720664,17.0015909864576,154.0,66.0,88.0,42.857142857142854,23956.44,18358.940000000002,5597.499999999996,2393.6,0.0,2.0,30.131106531499952,1.4148477868478915,1.8619692133202008,10.752767747009944,67.0,30.0,37.0,44.776119402985074,10276.279999999999,7263.169999999999,3013.1099999999997,1057.26,0.0,0.0,0.09039331959449985,0.10371194671197287,-0.0,0.05317460317460318,0.05597518446954983,0.015244616519254373,-0.04502123649316422,
116,0.12047447139715785,True,128,15,70.0,25.0,15,5,2.6,18,21,1.7000000000000002,1.9,4.5,0.018000000000000002,0.3,31.98155735144979,1.2003486863495496,0.9725191056537201,25.755036941905583,170.0,68.0,102.0,40.0,19160.89,15962.769999999999,3198.120000000001,1943.54,0.0,2.0,12.951173188850044,1.1554633146237354,0.9567328601444143,13.521292260904294,81.0,32.0,49.0,39.50617283950617,9625.98,8330.84,1295.1399999999994,1021.12,0.0,0.0,0.03885351956655013,0.038865828655933854,-0.0,0.0642857142857143,0.031981557351449794,0.01001743431747748,-0.0635295827799677,
117,0.17529460985235334,True,124,15,72.0,39.0,14,6,2.3,17,19,1.7000000000000002,1.8,4.0,0.018000000000000002,0.45,12.113681187249858,1.0696301780590098,0.48169051843609273,20.36223848448873,151.0,60.0,91.0,39.735099337748345,18607.8,17396.479999999996,1211.3200000000033,2263.01,0.0,1.0,23.394460854600165,1.3264592726557236,1.5867344352996027,8.376066859005567,70.0,31.0,39.0,44.285714285714285,9505.5,7166.069999999999,2339.430000000001,1056.22,0.0,0.0,0.0701833825638005,0.0816148181639309,-0.0,0.05555555555555556,0.012113681187249859,0.003481508902950492,-0.047654336521133975,
118,0.040386591771317454,True,138,16,71.0,26.0,15,8,2.5,19,18,1.5,2.0,3.5,0.021,0.35,37.75936205379979,1.2018742094114654,1.0866152866160055,20.97677540871643,156.0,63.0,93.0,40.38461538461539,22480.360000000004,18704.420000000002,3775.9400000000023,2101.45,0.0,1.0,6.659387450549967,1.103648514882305,0.6107449745791314,15.125053643902708,66.0,25.0,41.0,37.878787878787875,7091.03,6425.08,665.9499999999998,773.76,0.0,0.0,0.0199781623516499,0.025912128720576244,-0.0007145922508726191,0.05238095238095239,0.03775936205379979,0.01009371047057327,-0.10502313195536152,
119,-1.069267615104954,False,133,14,70.0,27.0,13,10,2.3,18,22,1.3,1.7000000000000002,4.5,0.016,0.35,-18.813785517850146,0.8174935224804607,-0.8384069210252855,24.463661785358827,112.0,40.0,72.0,35.714285714285715,8427.32,10308.73,-1881.4099999999999,1274.08,0.0,0.0,1.034316213350012,1.0361587727762165,0.19219307614148326,10.108102922078771,33.0,14.0,19.0,42.42424242424242,2963.8700000000003,2860.4399999999996,103.43000000000075,400.63,0.0,0.0,,,,,,,,0.4156056906297239
120,0.20768593024578902,True,129,15,73.0,25.0,14,7,2.4000000000000004,20,24,1.5,2.1,5.0,0.019,0.5,33.81387002964972,1.1308859971619478,0.9235735433117073,31.44593426216888,153.0,59.0,94.0,38.56209150326797,29216.010000000002,25834.62,3381.390000000003,3214.12,0.0,2.0,23.642327686699936,1.263250428959707,1.4075840717051773,10.307682815205904,72.0,29.0,43.0,40.27777777777778,11345.289999999999,8981.03,2364.2599999999984,1253.92,0.0,0.0,0.0709269830600998,0.06581260723992677,-0.0,0.05714285714285714,0.03381387002964972,0.006544299858097392,-0.026554687084841808,
121,0.20768593024578902,True,129,15,74.0,25.0,14,7,2.4000000000000004,20,24,1.5,2.1,5.0,0.019,0.5,33.81387002964972,1.1308859971619478,0.9235735433117073,31.44593426216888,153.0,59.0,94.0,38.56209150326797,29216.010000000002,25834.62,3381.390000000003,3214.12,0.0,2.0,23.642327686699936,1.263250428959707,1.4075840717051773,10.307682815205904,72.0,29.0,43.0,40.27777777777778,11345.289999999999,8981.03,2364.2599999999984,1253.92,0.0,0.0,0.0709269830600998,0.06581260723992677,-0.0,0.05714285714285714,0.03381387002964972,0.006544299858097392,-0.026554687084841808,
122,0.10922454175336388,True,130,15,73.0,25.0,14,7,2.6,20,24,1.5,2.0,5.0,0.018000000000000002,0.5,38.284075090049555,1.1466798670207365,1.0355857613917077,28.482197092906038,167.0,67.0,100.0,40.119760479041915,29928.7,26100.31,3828.3899999999994,3399.51,0.0,1.0,13.151222539100091,1.1389958411059382,0.8887655824744336,11.21387980966739,79.0,31.0,48.0,39.24050632911393,10776.78,9461.65,1315.130000000001,1294.33,0.0,0.0,0.03945366761730027,0.03474896027648455,-0.0,0.0626984126984127,0.03828407509004956,0.007333993351036828,-0.07329456727992002,
123,0.21140894190325674,True,135,16,74.0,24.0,14,8,2.4000000000000004,20,23,1.4,2.2,5.0,0.02,0.35,19.49631538309981,1.08579963552813,0.6166704983177254,35.015627796428504,146.0,52.0,94.0,35.61643835616438,24672.940000000002,22723.289999999997,1949.650000000005,2531.4,0.0,1.0,22.549877029749933,1.3329902494274142,1.4101629088912295,13.100798377388815,60.0,24.0,36.0,40.0,9026.89,6771.91,2254.9799999999996,908.26,0.0,0.0,0.06764963108924979,0.08324756235685354,-0.0,0.047619047619047616,0.01949631538309981,0.004289981776406504,-0.010893596321400524,
124,-1.0498685770533056,False,32,16,74.0,24.0,13,8,2.4000000000000004,20,25,1.4,2.2,5.0,0.02,0.35,-26.771528649900294,0.9019531580468199,-0.5218451800469608,37.21209502009163,234.0,75.0,159.0,32.05128205128205,24627.839999999997,27305.01,-2677.170000000002,3134.82,0.0,2.0,1.9574446756500763,1.0169290153881274,0.2629326744761809,25.304543299180988,112.0,40.0,72.0,35.714285714285715,11760.54,11564.76,195.78000000000065,1507.16,0.0,2.0,,,,,,,,0.29921146231983403
125,0.06280486821324995,True,135,16,75.0,24.0,14,7,2.4000000000000004,20,21,1.3,2.3,5.0,0.021,0.3,3.92717326309963,1.015072416602608,0.23994853259477764,35.671409154393295,179.0,58.0,121.0,32.402234636871505,26449.609999999997,26056.870000000003,392.7399999999943,2725.44,0.0,1.0,7.586711248399896,1.0813642832858028,0.5619545929860038,13.47801715682797,79.0,27.0,52.0,34.177215189873415,10082.5,9323.87,758.6299999999992,1048.36,0.0,0.0,0.02276013374519969,0.020341070821450702,-0.0,0.0626984126984127,0.003927173263099631,0.0007536208301303971,-0.047675543145043166,
126,0.26210572044628233,True,141,17,73.0,23.0,12,8,2.4000000000000004,20,23,1.6,2.4000000000000004,5.0,0.022000000000000002,0.35,60.33742224639991,1.2879987017109253,1.420932645970512,28.120705198905277,118.0,45.0,73.0,38.13559322033898,26984.41,20950.65,6033.759999999998,2327.35,0.0,1.0,29.028562427299963,1.4557817041060017,1.6433885919527829,11.36846053465491,49.0,20.0,29.0,40.816326530612244,9271.83,6368.969999999998,2902.8600000000015,815.1,0.0,0.0,0.08708568728189989,0.11394542602650043,-0.0,0.03888888888888889,0.06033742224639991,0.014399935085546267,-0.05255163908295308,
127,0.23436102320764857,True,142,17,73.0,21.0,11,8,2.5,19,23,1.6,2.4000000000000004,5.0,0.022000000000000002,0.35,54.55788352329982,1.2323391957808776,1.2700512829743416,31.52568944681607,132.0,49.0,83.0,37.121212121212125,28937.37,23481.659999999996,5455.710000000003,2657.75,0.0,1.0,26.786013305849977,1.3847318354631284,1.4974408843203797,11.690714806216114,54.0,21.0,33.0,38.888888888888886,9640.960000000001,6962.329999999999,2678.630000000002,887.69,0.0,0.0,0.08035803991754993,0.0961829588657821,-0.0,0.04285714285714286,0.05455788352329982,0.01161695978904388,-0.05121196174517002,
128,0.2624826682648259,True,147,18,72.0,21.0,11,8,2.5,19,22,1.6,2.4000000000000004,5.0,0.023000000000000003,0.35,26.145033216049836,1.1265051846188832,0.7255577532989975,30.632357786951943,129.0,45.0,84.0,34.883720930232556,23281.37,20666.9,2614.4699999999975,2194.23,0.0,1.0,30.707436411599904,1.431456219009629,1.6289169436504618,12.194004382967371,53.0,22.0,31.0,41.509433962264154,10187.86,7117.13,3070.7300000000005,917.27,0.0,0.0,0.0921223092347997,0.10786405475240723,-0.0,0.04206349206349207,0.026145033216049836,0.0063252592309441585,-0.012037480232867088,
129,0.20047381251286725,True,149,18,72.0,20.0,11,9,2.5,19,20,1.6,2.4000000000000004,4.5,0.023000000000000003,0.3,50.03898260304995,1.2875932805797075,1.279263115259905,25.57869280020607,111.0,42.0,69.0,37.83783783783784,22402.989999999998,17399.12,5003.869999999999,1784.99,0.0,1.0,20.764165307749934,1.397099575626949,1.355833167192679,11.5283198869942,46.0,19.0,27.0,41.30434782608695,7305.279999999999,5228.89,2076.3899999999985,630.6899999999999,0.0,0.0,0.0622924959232498,0.09927489390673727,-0.0,0.03650793650793651,0.05003898260304995,0.014379664028985373,-0.06202016045709166,
130,-1.01425798886183,False,142,18,72.0,21.0,10,8,2.7,19,22,1.6,2.5,5.0,0.022000000000000002,0.35,65.3257092168495,1.2641683852966155,1.355243350567331,25.3227890657599,155.0,56.0,99.0,36.12903225806452,31261.620000000003,24729.0,6532.620000000003,2801.96,0.0,1.0,-1.8549502331499934,0.979651647618546,0.06778186383154239,21.485325180692463,67.0,19.0,48.0,28.35820895522388,8928.31,9113.76,-185.45000000000073,967.21,0.0,0.0,,,,,,,,0.08554793317098001
131,0.21946434188898062,True,146,17,73.0,21.0,12,8,2.5,19,23,1.7000000000000002,2.4000000000000004,5.0,0.022000000000000002,0.35,21.623536145049766,1.1100235628853263,0.6506111912969084,32.44973327386567,127.0,44.0,83.0,34.645669291338585,21816.17,19653.79,2162.3799999999974,2041.17,0.0,1.0,22.66749943849987,1.3464114715541706,1.4141107994698467,9.811351982028912,52.0,21.0,31.0,40.38461538461539,8810.23,6543.49,2266.74,879.0600000000001,0.0,0.0,0.06800249831549961,0.08660286788854266,-0.0,0.04126984126984127,0.021623536145049766,0.005501178144266317,-0.0035355798742190006,
132,0.19618121026342045,True,147,17,73.0,21.0,10,8,2.5,19,23,1.7000000000000002,2.4000000000000004,5.0,0.024,0.35,35.421611610199726,1.1697720999407109,0.9018886234589062,30.355988214666624,125.0,45.0,80.0,36.0,24406.089999999997,20863.97,3542.1199999999953,2209.98,0.0,1.0,22.16872405219985,1.3255778090766361,1.327104534522529,13.085044269775903,49.0,20.0,29.0,40.816326530612244,9025.739999999998,6808.91,2216.829999999998,862.01,0.0,0.0,0.06650617215659954,0.08139445226915903,-0.0,0.03888888888888889,0.03542161161019973,0.008488604997035543,-0.03451851965846229,
133,0.06261005577488919,True,145,18,71.0,22.0,12,9,2.6,19,19,1.7000000000000002,2.3,5.0,0.022000000000000002,0.4,34.43689841254989,1.1800961648085335,0.9215414029918957,33.17900895873148,120.0,44.0,76.0,36.666666666666664,22565.02,19121.339999999997,3443.680000000004,2092.6,0.0,1.0,9.577314034599986,1.1292019258138104,0.677708923638077,14.898599164499378,54.0,20.0,34.0,37.03703703703704,8370.740000000002,7412.97,957.7700000000013,916.42,0.0,0.0,0.028731942103799958,0.0323004814534526,-0.0,0.04285714285714286,0.03443689841254989,0.009004808240426676,-0.08472121729248279,
134,0.2020007377211867,True,141,17,76.0,20.0,11,8,2.5,19,21,1.6,2.4000000000000004,5.0,0.022000000000000002,0.35,51.41159190974981,1.2073498551880821,1.203683016163255,35.08673638638928,132.0,48.0,84.0,36.36363636363637,29935.309999999998,24794.229999999996,5141.080000000002,2705.06,0.0,1.0,23.87902818119988,1.312796202322724,1.3897529699050162,13.897593690711654,57.0,22.0,35.0,38.59649122807018,10022.07,7634.14,2387.9299999999994,930.13,0.0,0.0,0.07163708454359964,0.078199050580681,-0.0,0.045238095238095244,0.05141159190974981,0.010367492759404108,-0.0548525773103431,
135,-1.004064105513381,False,138,17,71.0,23.0,12,7,2.3,19,20,1.8,2.4000000000000004,4.5,0.023000000000000003,0.3,49.994759532349796,1.2984311632743455,1.367788156045805,25.18488044163879,110.0,41.0,69.0,37.27272727272727,21752.02,16752.539999999997,4999.480000000003,1840.32,0.0,1.0,1.5756764953499807,1.0243961352657003,0.228151741014697,21.118131651483274,50.0,16.0,34.0,32.0,6615.959999999999,6458.400000000001,157.55999999999858,673.48,0.0,0.0,,,,,,,,0.02438463308028549
136,-1.1700680272108843,False,150,18,72.0,21.0,10,10,2.2,18,25,1.6,2.3,5.0,0.023000000000000003,0.35,2.7748332995998317,1.0358823308839407,0.19933311000941717,25.929909344658025,54.0,17.0,37.0,31.48148148148148,8011.4,7733.89,277.5099999999993,811.67,0.0,0.0,6.578503614050042,1.2764426814356011,0.6871358915789406,11.468817080427693,18.0,6.0,12.0,33.333333333333336,3037.64,2379.7699999999995,657.8700000000003,284.48,0.0,0.0,,,,,,,,1.0204081632653061
137,-1.0129819778791411,False,140,19,73.0,21.0,11,6,2.6,19,18,1.7000000000000002,2.5,5.0,0.025,0.35,18.532521152399788,1.0770688502965677,0.5369188474754008,34.878327534347584,152.0,50.0,102.0,32.89473684210526,25900.070000000003,24046.809999999998,1853.2600000000057,2364.52,0.0,2.0,-1.6805796972501046,0.9858596261825365,0.10420681331139864,17.418571920777843,79.0,23.0,56.0,29.11392405063291,11716.359999999999,11884.41,-168.0500000000011,1199.04,0.0,0.0,,,,,,,,0.07789186727484725
138,-1.003968253968254,False,144,17,70.0,23.0,12,8,2.3,18,22,1.6,2.2,4.0,0.024,0.4,12.355158262749846,1.0833088912038675,0.4689473601988636,24.774814418774213,99.0,35.0,64.0,35.35353535353536,16066.5,14830.95,1235.5499999999993,1557.73,0.0,1.0,11.316391779050008,1.2125789447978148,0.8780559652431958,16.43095454198482,41.0,16.0,25.0,39.02439024390244,6454.969999999999,5323.34,1131.6299999999992,652.45,0.0,0.0,,,,,,,,0.023809523809523836
139,-1.0385886726113336,False,143,18,75.0,21.0,11,6,2.7,19,21,1.8,2.6,4.5,0.022000000000000002,0.25,-23.153203566800112,0.8417841665265824,-0.6131755421179957,37.98698229077084,143.0,41.0,102.0,28.67132867132867,12318.72,14634.060000000001,-2315.340000000002,1185.38,0.0,1.0,17.478391098350002,1.219106454941024,1.1334302243625802,12.59068307446709,70.0,23.0,47.0,32.857142857142854,9724.8,7976.990000000001,1747.8099999999986,834.51,0.0,0.0,,,,,,,,0.23153203566800112
140,0.1730761603252596,True,146,17,72.0,22.0,9,7,2.5,20,19,1.7000000000000002,2.3,5.0,0.023000000000000003,0.4,15.221129109049707,1.0691011179844498,0.49139187980764576,32.40820328443716,142.0,49.0,93.0,34.50704225352113,23549.24,22027.140000000007,1522.099999999995,2329.46,0.0,1.0,24.16728120239988,1.2733922412183998,1.2828244263904465,12.38966972402587,60.0,23.0,37.0,38.333333333333336,11256.519999999999,8839.79,2416.7299999999977,1066.17,0.0,0.0,0.07250184360719965,0.06834806030459994,-0.0,0.047619047619047616,0.015221129109049708,0.0034550558992224923,-0.0340689762138598,
141,0.2307461831125672,True,137,16,74.0,24.0,11,8,2.4000000000000004,20,23,1.6,2.2,5.0,0.021,0.35,36.22088479304979,1.1945093928455204,1.0281883730783248,27.72225632047953,115.0,45.0,70.0,39.130434782608695,22243.7,18621.620000000003,3622.079999999998,2115.1,0.0,1.0,23.70020900335003,1.4309620920214503,1.497134512570445,10.967009149409357,47.0,20.0,27.0,42.5531914893617,7869.390000000001,5499.369999999999,2370.0200000000023,750.24,0.0,0.0,0.07110062701005009,0.10774052300536258,-0.0,0.0373015873015873,0.036220884793049794,0.00972546964227602,-0.03134290863975858,
142,-1.1245381221086947,False,137,19,77.0,26.0,11,9,2.2,20,26,1.6,2.2,5.0,0.021,0.35,-8.05620659855018,0.9174591563033405,-0.22184464637491652,22.706626355560033,70.0,21.0,49.0,30.0,8954.75,9760.380000000001,-805.630000000001,1018.94,0.0,2.0,12.091414308199983,1.380743651753325,1.0214577568933636,10.545300010064587,26.0,11.0,15.0,42.30769230769231,4384.799999999999,3175.6800000000003,1209.119999999999,367.79,0.0,0.0,,,,,,,,0.7472287326521684
143,-1.0198412698412698,False,132,17,74.0,22.0,12,8,2.3,19,23,1.6,2.4000000000000004,5.0,0.021,0.35,44.8106494932,1.2491905983733,1.2356514262353377,28.042315068887095,102.0,38.0,64.0,37.254901960784316,22463.47,17982.420000000002,4481.049999999999,2090.95,0.0,2.0,38.622988643749885,1.8051322674115609,2.2053994843335714,11.742298781741653,37.0,17.0,20.0,45.945945945945944,8659.4,4797.1,3862.2999999999993,656.3100000000001,0.0,0.0,,,,,,,,0.11904761904761907
144,-1.0396825396825398,False,139,16,73.0,23.0,12,9,2.4000000000000004,19,25,1.8,2.2,3.5,0.026000000000000002,0.4,28.0027542380996,1.22694085945256,0.9077980023225507,18.951238597718262,84.0,31.0,53.0,36.904761904761905,15139.53,12339.25,2800.2800000000007,1289.06,0.0,1.0,12.823366366450045,1.2773928524302214,1.0850710516251905,16.43953361466951,38.0,16.0,22.0,42.10526315789474,5905.17,4622.83,1282.3400000000001,557.98,0.0,0.0,,,,,,,,0.23809523809523814
145,0.0462739093868344,True,126,18,75.0,26.0,11,7,2.1,20,17,1.5,2.3,3.5,0.022000000000000002,0.35,21.125691784249774,1.1436091784467612,0.7397217196671211,15.435476422200017,115.0,41.0,74.0,35.65217391304348,16823.120000000003,14710.55,2112.5700000000033,1533.03,0.0,3.0,7.209289470250041,1.1340109600041641,0.6175652317747673,14.904487586695947,46.0,18.0,28.0,39.130434782608695,6100.4800000000005,5379.5599999999995,720.920000000001,532.65,0.0,0.0,0.021627868410750123,0.03350274000104103,-0.0,0.03650793650793651,0.021125691784249778,0.0071804589223380625,-0.0736707862394811,
146,0.31392737996043985,True,134,16,72.0,27.0,12,6,2.4000000000000004,18,22,1.6,2.0,5.0,0.03,0.4,36.943334320849516,1.1214265828871715,0.8208700098379553,27.883831792959622,157.0,60.0,97.0,38.21656050955414,34118.63,30424.309999999998,3694.3199999999997,3481.47,0.0,1.0,46.0582264032,1.3619210613786323,1.872154169841164,13.409902632605295,74.0,31.0,43.0,41.891891891891895,17331.93,12726.09,4605.84,1608.1,0.0,0.0,0.1381746792096,0.09048026534465808,-0.0,0.05873015873015874,0.036943334320849515,0.006071329144358573,-0.01647238678918504,
147,0.04202062373729394,True,141,17,74.0,27.0,12,6,2.5,18,20,1.6,3.8000000000000003,5.0,0.029,0.3,12.32599995949984,1.0549598524653903,0.4075499081049579,46.48627617187597,139.0,35.0,104.0,25.179856115107913,23659.879999999997,22427.28,1232.5999999999985,1745.97,0.0,1.0,9.128048974000013,1.0914131834632879,0.5523731822029658,23.49638758131088,60.0,14.0,46.0,23.333333333333332,10898.35,9985.54,912.8099999999995,889.45,0.0,0.0,0.027384146922000037,0.022853295865821965,-0.04855078617891932,0.047619047619047616,0.012325999959499841,0.002747992623269513,-0.02235907307342571,
148,0.07770914271353427,True,135,16,72.0,20.0,11,6,2.4000000000000004,18,22,1.5,2.0,5.0,0.03,0.35,5.582965720349602,1.0195941146412406,0.28420854345717994,35.045270880710554,170.0,62.0,108.0,36.470588235294116,29052.069999999996,28493.76,558.3099999999977,3009.19,0.0,1.0,14.93549049639996,1.1280525602367029,0.8153307117636056,14.951593485826795,79.0,30.0,49.0,37.9746835443038,13157.12,11663.57,1493.550000000001,1309.42,0.0,0.0,0.04480647148919988,0.032013140059175715,-0.0,0.0626984126984127,0.005582965720349602,0.0009797057320620306,-0.06837155298566566,
149,-1.0333064305054196,False,136,16,73.0,29.0,12,6,2.6,17,23,1.8,2.4000000000000004,5.0,0.03,0.4,43.27268348019972,1.1563683550007715,0.8935511340792264,35.11381219753895,141.0,50.0,91.0,35.46099290780142,32000.91,27673.629999999997,4327.2800000000025,2903.34,0.0,1.0,-8.58229652750002,0.9302836013546062,-0.17765685097913314,23.68491723578207,74.0,22.0,52.0,29.72972972972973,11452.340000000002,12310.59,-858.2499999999982,1293.66,0.0,0.0,,,,,,,,0.19983858303251817
150,-1.0048584816030834,False,145,17,74.0,27.0,10,8,2.4000000000000004,17,22,1.6,2.0,5.0,0.024,0.35,-2.915088961850015,0.981699783794914,0.042451851556455734,26.30561692936169,121.0,44.0,77.0,36.36363636363637,15637.81,15929.320000000002,-291.51000000000204,1706.87,0.0,1.0,21.75883090555006,1.32575830164386,1.3690251802874849,11.397235875495532,53.0,22.0,31.0,41.509433962264154,8855.27,6679.400000000001,2175.87,907.05,0.0,0.0,,,,,,,,0.02915088961850015
151,0.2243769190194094,True,132,16,71.0,26.0,13,7,2.2,18,20,1.6,2.2,5.0,0.029,0.4,61.479828420799784,1.2214726103268965,1.2279998557219942,23.390610313196454,123.0,47.0,76.0,38.21138211382114,33907.53,27759.55,6147.98,3263.46,0.0,1.0,29.914153948649947,1.3251073217914857,1.4994100948522835,16.793039650999514,54.0,24.0,30.0,44.44444444444444,12192.71,9201.300000000001,2991.409999999998,1146.72,0.0,0.0,0.08974246184594983,0.08127683044787143,-0.010245940862854366,0.04285714285714286,0.06147982842079979,0.011073630516344824,-0.05180703420584498,
152,0.09058095076429153,True,132,16,72.0,26.0,13,6,2.2,18,20,0.8,2.2,5.0,0.029,0.75,13.082196521799652,1.0230396080492896,0.4273551132183312,38.45808330679922,242.0,84.0,158.0,34.710743801652896,58090.9,56782.65000000001,1308.2499999999927,6613.19,0.0,2.0,33.09375214485006,1.1597094568410407,1.164802034980031,28.930254372699515,103.0,41.0,62.0,39.80582524271845,24030.559999999998,20721.189999999995,3309.3700000000026,3004.28,0.0,0.0,0.09928125643455017,0.03992736421026016,-0.07960145355828295,0.08174603174603175,0.013082196521799653,0.001151980402464481,-0.06500642499253174,
153,-1.0963718820861679,False,139,17,70.0,27.0,13,8,2.1,18,24,1.7000000000000002,2.3,5.0,0.028,0.4,23.64859167494984,1.156589975751845,0.751968637858388,21.306500765278706,81.0,28.0,53.0,34.5679012345679,17467.03,15102.18,2364.8499999999985,1693.23,0.0,1.0,4.999866049099964,1.1145288572770273,0.49355691334258306,17.87282596575311,25.0,9.0,16.0,36.0,4865.42,4365.450000000001,499.96999999999935,463.26,0.0,0.0,,,,,,,,0.5782312925170068
154,0.14048461294505754,True,127,16,71.0,28.0,11,7,2.5,18,21,1.6,2.2,5.0,0.03,0.4,76.98192456464959,1.2329625322328834,1.317189654323741,23.1571403978986,150.0,56.0,94.0,37.333333333333336,40742.84,33044.67,7698.169999999998,3844.41,0.0,2.0,21.37772877865007,1.149966994199257,1.0224470115100872,20.120294315382957,81.0,31.0,50.0,38.27160493827161,16392.86,14255.069999999998,2137.7900000000027,1645.92,0.0,0.0,0.0641331863359502,0.03749174854981424,-0.02925882465933118,0.0642857142857143,0.07698192456464958,0.011648126611644173,-0.08479726274338378,
155,0.08365212064754426,True,134,16,72.0,24.0,12,7,2.3,19,19,1.7000000000000002,1.9,3.5,0.028,0.45,7.103395142049868,1.0380037644228866,0.317170032824405,24.604406423304358,131.0,49.0,82.0,37.404580152671755,19401.1,18690.78,710.3199999999997,2051.99,0.0,1.0,12.86219625879996,1.1631892858185027,0.8994179907405837,16.17390431269169,57.0,23.0,34.0,40.35087719298246,9168.13,7881.89,1286.2399999999989,946.27,0.0,0.0,0.03858658877639988,0.04079732145462567,-0.006708024643952513,0.045238095238095244,0.007103395142049868,0.0019001882211443278,-0.04326544354081821,
156,0.07897421848204209,True,148,17,73.0,26.0,12,5,2.2,17,21,1.7000000000000002,2.5,5.0,0.029,0.35,2.1129560463498636,1.0099911831378103,0.2138616427064099,46.05294190776865,139.0,45.0,94.0,32.37410071942446,21363.99,21152.649999999998,211.34000000000378,1929.18,0.0,1.0,28.77764723924987,1.271684333354732,1.25676943283457,14.802393045886268,65.0,24.0,41.0,36.92307692307692,13470.24,10592.44,2877.7999999999993,1228.79,0.0,0.0,0.0863329417177496,0.06792108333868302,-0.0,0.0515873015873016,0.0021129560463498637,0.0004995591568905166,-0.12947962336493252,
157,-1.1712018140589568,False,142,18,71.0,22.0,13,9,2.0,20,22,1.6,2.1,5.0,0.03,0.4,16.067393487099928,1.2005226663471766,0.6574731203773865,23.158969069505527,51.0,18.0,33.0,35.294117647058826,9619.500000000002,8012.759999999999,1606.7400000000025,956.43,0.0,0.0,2.011913588549978,1.06192287803797,0.261361547820392,16.228808320151902,19.0,7.0,12.0,36.8421052631579,3450.06,3248.88,201.17999999999984,356.39,0.0,0.0,,,,,,,,1.0272108843537415
158,0.05744088644961823,True,124,16,69.0,24.0,12,7,2.3,19,23,1.5,2.3,3.5,0.022000000000000002,0.45,30.394620030199786,1.1523735279815115,0.8727575067699087,23.266404676579956,133.0,47.0,86.0,35.338345864661655,22986.510000000006,19947.1,3039.410000000007,2265.65,0.0,4.0,11.0733171099,1.1442245698856806,0.7880332278654318,19.4093992943502,57.0,20.0,37.0,35.08771929824562,8784.91,7677.610000000001,1107.2999999999993,840.76,0.0,0.0,0.033219951329699994,0.03605614247142014,-0.025196567396286867,0.045238095238095244,0.030394620030199788,0.007618676399075575,-0.06989003162258564,
159,0.04189191113405,True,130,17,71.0,26.0,13,6,2.6,18,20,1.6,2.4000000000000004,5.0,0.029,0.4,105.33027394444969,1.2733810914355435,1.5296553135129993,29.09649507830659,169.0,63.0,106.0,37.27810650887574,49061.95999999999,38528.89,10533.069999999992,4394.66,0.0,2.0,7.094477886549775,1.050025561741301,0.4816647167232892,21.78719162172193,81.0,26.0,55.0,32.098765432098766,14890.779999999999,14181.35,709.4299999999985,1506.49,0.0,0.0,0.021283433659649326,0.012506390435325254,-0.038783952124125325,0.0642857142857143,0.1,0.013669054571777174,-0.13106872969429073,
160,0.18807088646421932,True,150,14,69.0,28.0,15,8,2.4000000000000004,19,18,1.7000000000000002,2.0,5.0,0.021,0.35,64.96813271749964,1.420649565743248,1.6587207411308558,19.4631977188644,111.0,49.0,62.0,44.14414414414414,21941.620000000003,15444.78,6496.840000000002,1935.57,0.0,0.0,18.24692324564989,1.392855528116933,1.446074105997513,12.212241806456516,42.0,18.0,24.0,42.857142857142854,6469.41,4644.71,1824.6999999999998,686.54,0.0,0.0,0.05474076973694966,0.09821388202923326,-0.0,0.03333333333333333,0.06496813271749964,0.021032478287162405,-0.08421770963995898,
161,0.23472454581110339,True,132,15,71.0,25.0,15,7,2.3,19,16,1.6,2.2,4.5,0.02,0.4,46.67902581059974,1.227952451366276,1.228902826429201,15.093560919443505,137.0,52.0,85.0,37.956204379562045,25145.469999999998,20477.559999999998,4667.91,2456.48,0.0,1.0,26.52813138144991,1.369282146655456,1.6187244835143781,13.55409746442927,58.0,24.0,34.0,41.37931034482759,9836.43,7183.64,2652.79,929.78,0.0,0.0,0.07958439414434973,0.09232053666386397,-0.0,0.046031746031746035,0.04667902581059974,0.011397622568313804,-0.041288779407769906,
162,-1.008710358540443,False,136,15,70.0,25.0,15,6,2.1,19,17,1.6,2.2,4.5,0.027,0.4,94.57940646509957,1.3534055721191518,1.7386591696646267,22.84110075974945,123.0,51.0,72.0,41.46341463414634,36220.07,26762.17,9457.900000000001,3056.64,0.0,1.0,-0.20959299675005238,0.9973254676610834,0.13274613357380996,17.712298814117048,57.0,21.0,36.0,36.8421052631579,7830.84,7851.839999999999,-20.99999999999909,860.25,0.0,0.0,,,,,,,,0.052262151242659205
163,0.017402050182026514,True,133,16,73.0,23.0,15,7,2.2,20,14,1.5,2.3,4.0,0.021,0.4,22.60826566524971,1.1071795817532493,0.6892750830386397,26.274555460443082,135.0,47.0,88.0,34.81481481481482,23354.059999999998,21093.29,2260.769999999997,2204.93,0.0,1.0,6.439882037800017,1.0894088604976306,0.5154933058123842,17.72501237870267,59.0,21.0,38.0,35.59322033898305,7846.5,7202.53,643.9700000000003,831.7,0.0,0.0,0.01931964611340005,0.02235221512440766,-0.015571499306872395,0.046825396825396826,0.022608265665249712,0.005358979087662464,-0.0834909533272178,
164,-1.2227891156462585,False,76,19,72.0,25.0,15,17,2.3,18,15,1.6,2.1,5.0,0.028,0.35,4.810890912050017,1.132073244385878,0.3275705715421224,11.460384464022379,30.0,12.0,18.0,40.0,4123.69,3642.6,481.0899999999997,525.56,0.0,0.0,9.462808928950036,1.6927841391630307,1.4734512961945745,5.582765465835693,15.0,8.0,7.0,53.333333333333336,2312.1400000000003,1365.8799999999999,946.2600000000004,275.42,0.0,0.0,,,,,,,,1.3367346938775508
165,0.08821850668689375,True,128,14,71.0,27.0,11,7,2.5,19,18,1.5,2.4000000000000004,5.0,0.02,0.4,78.87107125569976,1.3157606693890624,1.573346696231811,19.412212162351448,158.0,60.0,98.0,37.9746835443038,32865.07,24978.0,7887.07,3046.84,0.0,2.0,11.596321365849853,1.1128021050686046,0.7470591440715522,17.768726795012764,73.0,25.0,48.0,34.24657534246575,11439.550000000001,10279.949999999999,1159.6000000000022,1195.11,0.0,0.0,0.03478896409754956,0.028200526267151138,-0.01582129597150151,0.057936507936507946,0.07887107125569977,0.015788033469453122,-0.11154530036796627,
166,-1.001604323537917,False,87,15,70.0,26.0,11,8,2.4000000000000004,20,24,1.6,2.1,4.5,0.022000000000000002,0.35,-0.962594122750288,0.9950455198652728,0.10706243758530484,25.60275865205067,150.0,52.0,98.0,34.666666666666664,19332.62,19428.879999999997,-96.2599999999984,2023.4,0.0,2.0,27.79183731325005,1.376425907013661,1.6355645341109735,14.102688280188103,62.0,28.0,34.0,45.16129032258065,10162.18,7383.02,2779.16,1001.42,0.0,0.0,,,,,,,,0.00962594122750288
167,0.23281904462615177,True,139,15,72.0,24.0,13,6,2.3,19,19,1.7000000000000002,2.3,3.5,0.023000000000000003,0.3,39.77461768139983,1.2356428170689586,1.1865444680592143,26.74550656186675,138.0,53.0,85.0,38.405797101449274,20857.070000000003,16879.530000000002,3977.540000000001,1693.9,0.0,1.0,24.2081939966499,1.3710014329172509,1.7148062851621215,10.12379071434053,66.0,25.0,41.0,37.878787878787875,8945.99,6525.150000000001,2420.8399999999992,770.09,0.0,0.0,0.0726245819899497,0.09275035822931271,-0.0,0.05238095238095239,0.03977461768139984,0.011782140853447932,-0.0364936065089108,
168,-1.0089307280746669,False,138,15,72.0,24.0,13,5,2.3,18,19,1.7000000000000002,2.2,3.5,0.03,0.25,-5.358436844800144,0.9610465615035542,-0.06559019266003009,31.051647750516608,142.0,52.0,90.0,36.61971830985915,13219.329999999998,13755.14,-535.8100000000013,1195.49,0.0,1.0,15.467730791099948,1.2414337244276012,1.2658026974370122,9.958283822580336,77.0,28.0,49.0,36.36363636363637,7953.630000000001,6406.81,1546.8200000000006,724.47,0.0,0.0,,,,,,,,0.053584368448001435
169,-1.003358287330628,False,65,14,71.0,25.0,16,6,2.2,17,18,1.6,1.9,3.5,0.023000000000000003,0.3,22.123803936899986,1.1051464175639292,0.6842096276598251,25.070870449010773,198.0,75.0,123.0,37.878787878787875,23253.22,21040.850000000002,2212.369999999999,2302.02,0.0,1.0,2.2422334623999634,1.0288427898170442,0.27528093611805365,12.058245507977123,94.0,36.0,58.0,38.297872340425535,7998.799999999999,7774.56,224.23999999999887,951.7,0.0,0.0,,,,,,,,0.020149723983767426
170,0.15032243951629914,True,130,15,72.0,29.0,13,6,2.4000000000000004,19,21,1.5,2.3,3.5,0.01,0.3,31.68060571384978,1.2510326608458906,1.4298863386745198,11.941675742433805,173.0,66.0,107.0,38.15028901734104,15788.420000000002,12620.31,3168.1100000000024,1564.06,0.0,1.0,13.29511873494992,1.2783454865581776,1.427357810234647,5.340044100425083,73.0,27.0,46.0,36.986301369863014,6106.03,4776.509999999999,1329.5200000000004,576.39,0.0,0.0,0.03988535620484976,0.0695863716395444,-0.0,0.057936507936507946,0.03168060571384978,0.01255163304229453,-0.06131803502074727,
171,-0.006124063953555773,True,141,15,73.0,23.0,12,7,2.4000000000000004,19,19,1.7000000000000002,2.5,3.5,0.023000000000000003,0.3,26.078248812499695,1.1535750334789487,0.839519083140898,25.652015107304543,134.0,46.0,88.0,34.32835820895522,19588.65,16980.82,2607.8300000000017,1591.8,0.0,1.0,3.565551308349841,1.053353327736098,0.36015432586818646,12.90520851320186,63.0,20.0,43.0,31.746031746031747,7038.370000000001,6681.87,356.5000000000009,657.27,0.0,0.0,0.010696653925049522,0.013338331934024505,-0.0,0.05,0.026078248812499694,0.007678751673947437,-0.11391605029907693,
172,0.10992792372849333,True,132,16,74.0,21.0,13,6,2.5,20,20,1.7000000000000002,2.3,5.0,0.022000000000000002,0.45,40.60560789169978,1.1568657447541697,0.9754680688135776,29.45798738248214,151.0,55.0,96.0,36.42384105960265,29945.840000000004,25885.32,4060.520000000004,3049.8,0.0,1.0,14.461885301099848,1.135005955870547,0.8347791276094912,13.926273679449833,70.0,25.0,45.0,35.714285714285715,12158.320000000002,10712.119999999999,1446.2000000000025,1264.9,0.0,0.0,0.04338565590329954,0.033751488967636745,-0.0,0.05555555555555556,0.040605607891699785,0.007843287237708486,-0.07121367182740679,
173,-1.0379818594104309,False,136,15,75.0,40.0,15,8,2.2,18,22,1.6,2.4000000000000004,4.0,0.021,0.4,36.234571149199965,1.2535842206113503,1.1394493077992645,22.230698726292875,92.0,33.0,59.0,35.869565217391305,17912.489999999998,14289.02,3623.4699999999975,1661.02,0.0,1.0,24.460103646350053,1.5774605325596054,1.670190862859179,10.003073518154695,35.0,15.0,20.0,42.857142857142854,6681.76,4235.77,2445.99,548.56,0.0,0.0,,,,,,,,0.22789115646258495
174,0.09826036826210503,True,144,18,71.0,26.0,10,7,2.3,19,23,1.8,2.2,5.0,0.018000000000000002,0.35,12.926277932049778,1.0907593470247499,0.5295547849737583,21.960175421731858,113.0,41.0,72.0,36.283185840707965,15535.14,14242.5,1292.6399999999994,1672.35,0.0,1.0,9.077812562050076,1.1604592174919794,0.7830540652823391,12.917018463481506,50.0,19.0,31.0,38.0,6565.24,5657.450000000001,907.789999999999,729.21,0.0,0.0,0.027233437686150223,0.04011480437299486,-0.0,0.03968253968253968,0.01292627793204978,0.0045379673512374935,-0.026234658762867007,
175,0.1445784699186102,True,126,16,72.0,20.0,11,5,2.1,19,16,1.6,2.1,5.0,0.02,0.4,8.879568241399829,1.04459681947811,0.3642425085361133,19.944793661616124,151.0,53.0,98.0,35.09933774834437,20797.859999999997,19909.94,887.9199999999983,2281.86,0.0,2.0,26.50011953044992,1.2797790484556197,1.4656667504172245,11.500120440667347,74.0,30.0,44.0,40.54054054054054,12121.76,9471.76,2650.0,1143.7,0.0,0.0,0.07950035859134975,0.06994476211390493,-0.0,0.05873015873015874,0.00887956824139983,0.0022298409739054947,-0.07470621873210856,
176,0.26050052232313115,True,138,14,73.0,25.0,12,6,2.3,18,26,1.7000000000000002,2.4000000000000004,3.0,0.024,0.45,46.22487851534965,1.2413068387958957,1.185645966496535,21.455547791629343,130.0,49.0,81.0,37.69230769230769,23778.66,19156.15,4622.509999999998,2012.75,0.0,1.0,29.295047493549976,1.4076798579422503,1.761141258322709,14.335518730700755,58.0,22.0,36.0,37.93103448275862,10115.320000000002,7185.81,2929.510000000001,876.59,0.0,0.0,0.08788514248064992,0.10191996448556256,-0.0,0.046031746031746035,0.04622487851534965,0.012065341939794784,-0.03362655112997181,
177,0.2806130739704413,True,133,14,70.0,25.0,13,6,2.3,18,17,1.8,2.3,3.0,0.024,0.45,50.09622796139962,1.2729264219968563,1.2923019855941846,22.771623347729417,125.0,48.0,77.0,38.4,23365.01,18355.350000000002,5009.659999999996,2025.53,0.0,1.0,30.96276085674985,1.4597774372315973,1.9423525009601734,9.935055038233354,56.0,23.0,33.0,41.07142857142857,9830.550000000001,6734.28,3096.2700000000013,856.47,0.0,0.0,0.09288828257024954,0.11494435930789931,-0.0,0.044444444444444446,0.05009622796139962,0.013646321099842817,-0.035406561413394474,
178,0.17509675784302947,True,139,13,68.0,24.0,16,6,2.3,18,17,1.8,2.3,3.0,0.025,0.45,28.802776007949728,1.1984247216601804,0.8878504379447677,24.80248502049077,114.0,43.0,71.0,37.719298245614034,17395.77,14515.530000000002,2880.239999999998,1624.04,0.0,1.0,18.412045791599922,1.2883365542125655,1.285874376883943,12.102784485825909,53.0,20.0,33.0,37.735849056603776,8226.57,6385.42,1841.1499999999996,760.73,0.0,0.0,0.05523613737479977,0.07208413855314139,-0.0,0.04206349206349207,0.028802776007949726,0.009921236083009023,-0.033011022239362496,
179,0.17619861369753576,True,135,14,70.0,25.0,15,5,2.3,17,26,1.8,2.5,3.5,0.024,0.45,23.76152905919962,1.1288630525009071,0.6845377226590666,22.52726329722815,122.0,43.0,79.0,35.24590163934426,20815.230000000003,18439.11,2376.1200000000026,1926.85,0.0,1.0,22.26736607154997,1.2389747508298514,1.216122029840959,19.355573446561454,62.0,22.0,40.0,35.483870967741936,11544.679999999998,9317.93,2226.749999999998,1110.79,0.0,0.0,0.0668020982146499,0.059743687707462856,-0.02488899112320831,0.049206349206349205,0.02376152905919962,0.006443152625045356,-0.0048692119919628825,
180,0.2836214846989467,True,129,13,69.0,24.0,13,6,2.3,18,27,1.8,2.3,3.0,0.024,0.45,24.620424099249778,1.186542155209971,0.7941725287978263,22.225562009039553,108.0,40.0,68.0,37.03703703703704,15660.28,13198.25,2462.0300000000007,1472.4,0.0,2.0,31.970618521800027,1.5374224218503105,2.0940065975209734,14.854225232113977,49.0,20.0,29.0,40.816326530612244,9145.880000000001,5948.84,3197.040000000001,796.89,0.0,0.0,0.09591185556540008,0.13435560546257763,-0.0,0.03888888888888889,0.024620424099249777,0.009327107760498554,-0.0194823970776682,
181,0.2153198643373504,True,129,13,68.0,24.0,13,6,2.3,18,27,1.8,2.3,3.0,0.024,0.45,16.221566443349804,1.1325080156023446,0.591044517905814,21.459714748423327,106.0,38.0,68.0,35.84905660377358,13863.88,12241.749999999998,1622.130000000001,1373.33,0.0,2.0,25.203032443899883,1.4451631249768175,1.7394542422148884,14.854384049949768,48.0,19.0,29.0,39.583333333333336,8181.95,5661.61,2520.34,746.73,0.0,0.0,0.07560909733169964,0.11129078124420438,-0.0,0.0380952380952381,0.016221566443349805,0.00662540078011723,-0.03252221955725877,
182,0.2004478331628731,True,131,13,69.0,25.0,13,6,2.4000000000000004,18,15,1.8,2.3,3.0,0.023000000000000003,0.45,30.716776135599705,1.1954605703144539,0.9163922768251681,29.3352307583433,121.0,45.0,76.0,37.1900826446281,18786.89,15715.189999999999,3071.7000000000007,1757.67,0.0,1.0,21.781878301450014,1.299612928783848,1.4101382453635949,11.420887835321555,57.0,21.0,36.0,36.8421052631579,9448.16,7269.9800000000005,2178.1799999999994,831.25,0.0,0.0,0.06534563490435004,0.07490323219596201,-0.0,0.045238095238095244,0.030716776135599706,0.009773028515722693,-0.025528933826856594,
183,0.37790282199895425,True,134,14,69.0,24.0,12,6,2.2,18,27,1.8,2.4000000000000004,3.0,0.025,0.45,42.520225270149744,1.2920513903627615,1.2027117876690605,16.186797061879595,100.0,38.0,62.0,38.0,18811.170000000002,14559.150000000001,4252.02,1583.77,0.0,1.0,38.22001640175,1.713578647269577,2.3852700120477466,9.144321640191198,45.0,20.0,25.0,44.44444444444444,9178.15,5356.13,3822.0199999999995,732.21,0.0,0.0,0.11466004920525,0.17839466181739427,-0.0,0.03571428571428572,0.042520225270149745,0.014602569518138077,-0.007988969526263549,
184,0.31941104707701795,True,125,14,69.0,25.0,12,6,2.2,17,28,1.8,2.4000000000000004,3.0,0.025,0.45,28.81386414859995,1.2017427348123357,0.8782486082549154,18.427991883740482,104.0,37.0,67.0,35.57692307692308,17163.47,14282.15,2881.3200000000015,1549.94,0.0,3.0,36.20123491125,1.5970704851627548,2.2097928767377524,11.674743059799948,50.0,21.0,29.0,42.0,9683.230000000001,6063.12,3620.1100000000015,796.92,0.0,0.0,0.10860370473374999,0.1492676212906887,-0.0,0.03968253968253968,0.02881386414859995,0.010087136740616787,-0.017043819519177158,
185,0.45050546602832514,True,122,14,69.0,25.0,12,6,2.2,17,28,1.8,2.4000000000000004,3.0,0.026000000000000002,0.45,47.018294429099875,1.313707044140469,1.2322723535075448,20.985953689391362,102.0,39.0,63.0,38.23529411764706,19689.92,14988.06,4701.859999999999,1634.53,0.0,3.0,50.243080343350066,1.8062790761118128,2.7713769812951154,11.833566032699622,51.0,23.0,28.0,45.09803921568628,11255.81,6231.49,5024.32,870.04,0.0,0.0,0.1507292410300502,0.2015697690279532,-0.0,0.04047619047619048,0.04701829442909988,0.01568535220702345,-0.004973381141992099,
186,-1.0048091540136672,False,122,14,69.0,25.0,12,5,2.1,16,27,1.8,2.6,3.0,0.026000000000000002,0.45,-2.885492408200298,0.9795289443813848,0.05988362104572814,27.71540308720638,114.0,35.0,79.0,30.70175438596491,13807.44,14096.0,-288.5599999999995,1340.02,0.0,3.0,24.114472081649964,1.3199918788839042,1.4100608102538208,17.182277328718996,56.0,20.0,36.0,35.714285714285715,9947.340000000002,7535.91,2411.430000000002,898.22,0.0,0.0,,,,,,,,0.02885492408200298
187,-1.0487528344671202,False,124,13,69.0,27.0,12,6,2.0,17,28,1.8,2.4000000000000004,3.0,0.025,0.45,12.107481274399852,1.1140163029761976,0.50090778889897,20.087025895949434,81.0,28.0,53.0,34.5679012345679,11829.650000000001,10618.919999999998,1210.7300000000032,1093.99,0.0,3.0,13.550359558650072,1.3016759652161525,1.130985626555428,12.99052877011942,37.0,13.0,24.0,35.13513513513514,5846.790000000001,4491.74,1355.050000000001,528.77,0.0,0.0,,,,,,,,0.2925170068027211
188,0.05237649366838931,True,127,14,68.0,25.0,12,5,2.2,16,29,1.8,2.4000000000000004,3.0,0.025,0.45,15.500143451199838,1.1112113993800938,0.5323995728000932,27.72703336165872,119.0,41.0,78.0,34.45378151260504,15487.619999999999,13937.600000000002,1550.0199999999968,1500.9,0.0,2.0,8.787040804349889,1.1136243143360338,0.6489656385672897,20.042808061341844,59.0,19.0,40.0,32.20338983050848,8612.079999999998,7733.38,878.699999999998,875.03,0.0,0.0,0.026361122413049668,0.028406078584008454,-0.028816046064810544,0.046825396825396826,0.015500143451199839,0.005560569969004692,-0.04146077150945962,
189,-1.0051020408163265,False,126,14,70.0,25.0,12,6,2.1,17,28,1.8,2.6,3.0,0.027,0.45,4.419977041849724,1.0336128638275575,0.2484684496369114,23.030941168056145,95.0,30.0,65.0,31.57894736842105,13591.419999999998,13149.43,441.98999999999796,1287.13,0.0,2.0,31.738985448050077,1.5636418849803944,1.997380892481993,12.173026462751245,43.0,17.0,26.0,39.53488372093023,8804.93,5631.04,3173.8900000000003,686.71,0.0,0.0,,,,,,,,0.030612244897959218
190,-1.028344671201814,False,129,14,69.0,26.0,14,6,2.2,18,27,1.9000000000000001,2.5,3.0,0.025,0.45,37.7363669546498,1.3015708747655512,1.1072976781297634,15.153921305053538,86.0,32.0,54.0,37.2093023255814,16287.09,12513.410000000003,3773.6799999999967,1316.83,0.0,2.0,52.59752936674998,2.055621339777065,3.003083965027324,9.116210638515158,40.0,20.0,20.0,50.0,10242.38,4982.62,5259.759999999999,699.63,0.0,0.0,,,,,,,,0.17006802721088443
191,-1.003968253968254,False,133,13,70.0,25.0,12,6,2.2,18,29,1.8,2.4000000000000004,3.0,0.025,0.45,42.15952065859972,1.2921860153730682,1.1922740321837524,19.033335813881482,99.0,37.0,62.0,37.37373737373738,18645.12,14429.13,4215.99,1560.3,0.0,1.0,41.77628763675002,1.8761259230209446,2.6097416801757833,11.006718913361938,41.0,18.0,23.0,43.90243902439025,8945.95,4768.31,4177.64,664.32,0.0,0.0,,,,,,,,0.023809523809523836
192,-1.0068027210884354,False,134,14,68.0,26.0,12,6,2.3,18,25,1.9000000000000001,2.5,3.0,0.024,0.45,4.969203824899687,1.041036643930929,0.2679275420382883,20.8392443614451,94.0,31.0,63.0,32.97872340425532,12605.590000000002,12108.69,496.90000000000146,1250.49,0.0,1.0,29.251968964200024,1.5300382873782117,1.8502593126365263,11.846580206752016,45.0,17.0,28.0,37.77777777777778,8443.96,5518.789999999999,2925.17,705.27,0.0,0.0,,,,,,,,0.04081632653061229
193,-1.0051020408163265,False,124,12,67.0,23.0,13,5,2.1,17,26,1.8,2.4000000000000004,3.0,0.026000000000000002,0.45,5.899303197749959,1.0545565351042274,0.3009666245984912,21.1620815225595,95.0,32.0,63.0,33.68421052631579,11403.31,10813.369999999999,589.9400000000005,1216.61,0.0,3.0,8.782299305499928,1.155464371568062,0.691439828175964,15.860858799512037,47.0,15.0,32.0,31.914893617021278,6527.38,5649.139999999999,878.2400000000007,673.85,0.0,0.0,,,,,,,,0.030612244897959218
194,0.4249220877687629,True,130,14,69.0,24.0,12,6,2.2,18,27,1.8,2.4000000000000004,3.0,0.024,0.45,43.99857478494983,1.3136894789000504,1.2467810795590253,15.498700225652653,98.0,37.0,61.0,37.755102040816325,18425.94,14026.1,4399.839999999998,1524.08,0.0,1.0,42.607112631149974,1.8228028503562945,2.6126172581779885,8.930483666893114,43.0,20.0,23.0,46.51162790697674,9439.02,5178.3,4260.72,714.51,0.0,0.0,0.1278213378934499,0.20570071258907363,-0.0,0.03412698412698413,0.04399857478494983,0.01568447394500252,-0.0024099955706971053,
195,0.5055160114016276,True,130,14,69.0,24.0,12,6,2.2,18,28,1.8,2.3,3.0,0.024,0.45,49.5088432778497,1.364670994334943,1.3886224185902178,16.738076456924933,99.0,39.0,60.0,39.39393939393939,18527.059999999998,13576.210000000001,4950.849999999997,1547.65,0.0,1.0,52.6744152045,1.9915573610023491,3.1606999275112786,9.585435933481476,46.0,23.0,23.0,50.0,10579.789999999999,5312.32,5267.469999999999,780.64,0.0,0.0,0.1580232456135,0.2478893402505873,-0.0,0.03650793650793651,0.049508843277849705,0.018233549716747156,-0.004646903964993095,
196,-1.003968253968254,False,128,13,69.0,24.0,12,6,2.2,18,28,1.8,2.5,3.0,0.024,0.45,43.22956656029977,1.317207524187246,1.213319178422572,15.93467125158031,100.0,37.0,63.0,37.0,17950.969999999998,13628.05,4322.919999999998,1516.84,0.0,2.0,38.67936627265015,1.7828806217868274,2.3802794404568703,10.43712802182333,41.0,18.0,23.0,43.90243902439025,8808.5,4940.6,3867.8999999999996,648.29,0.0,0.0,,,,,,,,0.023809523809523836
197,0.017243060323386898,True,121,14,68.0,24.0,12,5,2.0,17,27,1.8,2.3,3.0,0.025,0.45,15.214102096399913,1.121690235474789,0.547922977081488,20.817387492609953,103.0,37.0,66.0,35.922330097087375,14023.820000000002,12502.4,1521.420000000002,1337.53,0.0,3.0,5.02216794269998,1.0835313939196367,0.4672522583101664,15.863461406222989,51.0,17.0,34.0,33.333333333333336,6514.699999999999,6012.47,502.22999999999865,715.85,0.0,0.0,0.01506650382809994,0.020882848479909177,-0.004934065178417078,0.04047619047619048,0.015214102096399913,0.006084511773739454,-0.07554703115253499,
198,-1.0532879818594105,False,130,14,69.0,24.0,12,6,2.1,18,29,1.9000000000000001,2.3,3.0,0.026000000000000002,0.5,36.00477977139987,1.2974259634050638,1.0597509516189492,17.008523441605433,76.0,29.0,47.0,38.1578947368421,15705.99,12105.5,3600.49,1276.23,0.0,1.0,38.51713736749994,1.7830195199895915,2.5112736497786425,10.76871853927814,38.0,18.0,20.0,47.36842105263158,8770.779999999999,4919.0599999999995,3851.7199999999993,689.88,0.0,0.0,,,,,,,,0.3197278911564626
199,-1.0326122919217438,False,127,14,67.0,23.0,7,6,2.2,18,30,1.9000000000000001,2.4000000000000004,2.5,0.024,0.45,-3.9504796905000874,0.959079185871873,-0.044447614655037444,22.617430189646647,86.0,28.0,58.0,32.55813953488372,9259.43,9654.500000000002,-395.0700000000015,890.0,0.0,2.0,0.700956487750027,1.0145940262146937,0.15774171308191687,14.458453298421029,42.0,13.0,29.0,30.952380952380953,4872.739999999999,4802.65,70.08999999999924,503.72,0.0,0.0,,,,,,,,0.19567375153046268
200,-1.047296604994596,False,125,13,70.0,27.0,13,5,2.2,7,28,1.8,1.0,3.0,0.024,0.45,-16.971156595950106,0.8411934795628089,-0.7110708091594672,23.71948080073181,147.0,73.0,74.0,49.65986394557823,8989.33,10686.4,-1697.0699999999997,1651.7,0.0,3.0,-2.377726127350052,0.9551946571286966,-0.14932901107814175,16.935847265364284,69.0,32.0,37.0,46.3768115942029,5068.75,5306.51,-237.76000000000022,941.69,0.0,0.0,,,,,,,,0.28377962996757633
201,0.4501564209221855,True,131,14,69.0,25.0,15,6,2.3,18,27,1.8,2.2,3.0,0.023000000000000003,0.45,44.40289154294953,1.2920753426234415,1.259084326781972,15.232266107327744,114.0,45.0,69.0,39.473684210526315,19642.84,15202.55,4440.290000000001,1754.17,0.0,1.0,50.07812261494999,1.831448063343743,2.949651041898019,12.82026344532473,53.0,25.0,28.0,47.16981132075472,11030.83,6023.010000000001,5007.819999999999,906.5,0.0,0.0,0.15023436784484998,0.20786201583593578,-0.0,0.04206349206349207,0.04440289154294954,0.014603767131172075,-0.009010113496213916,
202,0.341850492001601,True,130,14,69.0,25.0,12,6,2.3,18,26,1.8,2.2,3.0,0.023000000000000003,0.45,28.332137432249677,1.1982366371140236,0.9079415524343626,19.37441691237236,113.0,43.0,70.0,38.05309734513274,17125.21,14292.010000000002,2833.199999999997,1605.59,0.0,1.0,39.097928558899945,1.6791413568548845,2.4916629278432705,12.819528979932274,51.0,23.0,28.0,45.09803921568628,9666.8,5756.989999999999,3909.8100000000004,827.03,0.0,0.0,0.11729378567669983,0.16978533921372113,-0.0,0.04047619047619048,0.028332137432249677,0.009911831855701181,-0.023948792652961307,
203,0.32268433175601735,True,130,14,69.0,25.0,12,6,2.3,17,26,1.8,2.3,3.0,0.023000000000000003,0.45,28.000677163249822,1.199462176014475,0.8841438921236289,18.74373624595119,112.0,42.0,70.0,37.5,16838.11,14038.05,2800.0600000000013,1556.42,0.0,1.0,37.268843911849906,1.6149103268491476,2.3502130783718833,12.728897375127731,51.0,22.0,29.0,43.13725490196079,9787.809999999998,6060.9,3726.909999999998,843.3,0.0,0.0,0.11180653173554972,0.1537275817122869,-0.0,0.04047619047619048,0.02800067716324982,0.009973108800723753,-0.021299758131983326,
204,-1.0215419501133787,False,130,14,69.0,24.0,12,6,2.1,17,26,1.8,2.2,3.0,0.023000000000000003,0.45,29.36762241894974,1.2408096193962295,0.9761078997142604,14.57326300094834,90.0,35.0,55.0,38.888888888888886,15132.119999999999,12195.359999999999,2936.76,1366.82,0.0,1.0,30.90201839384992,1.6939691665075958,2.3290953862281203,9.544457333873337,40.0,19.0,21.0,47.5,7543.16,4452.950000000001,3090.209999999999,624.46,0.0,0.0,,,,,,,,0.12925170068027214
205,-1.0085034013605443,False,122,14,69.0,25.0,12,6,2.2,15,27,1.9000000000000001,2.1,3.0,0.023000000000000003,0.45,33.797343095549806,1.2718523445989807,1.104193335065972,13.551247713324305,93.0,36.0,57.0,38.70967741935484,15811.910000000002,12432.19,3379.720000000001,1429.73,0.0,3.0,40.724736724299945,1.8935547924917449,2.787657347373749,9.21313867932445,44.0,22.0,22.0,50.0,8630.16,4557.65,4072.51,696.2,0.0,0.0,,,,,,,,0.05102040816326525
206,0.24947673653212657,True,129,14,68.0,25.0,15,5,2.3,17,31,1.8,2.3,3.0,0.023000000000000003,0.45,17.827933601149905,1.1321598541119955,0.6145402230679412,22.976289128438722,112.0,41.0,71.0,36.607142857142854,15272.609999999999,13489.800000000001,1782.8099999999977,1464.38,0.0,2.0,37.31215128754995,1.4827758872772911,2.0592300857820356,15.246966524226641,59.0,24.0,35.0,40.67796610169491,11459.93,7728.7,3731.2300000000005,951.15,0.0,0.0,0.11193645386264985,0.12069397181932279,-0.0014112372812950928,0.046825396825396826,0.017827933601149905,0.006607992705599775,-0.05300377500069749,
207,0.1836956784992746,True,126,14,69.0,38.0,12,6,2.4000000000000004,16,27,1.8,2.0,3.0,0.025,0.45,12.816595707799733,1.0794157412536545,0.47605939750509624,19.497811795291213,139.0,50.0,89.0,35.97122302158273,17420.410000000003,16138.74,1281.6700000000037,1871.98,0.0,1.0,26.35372981669989,1.371444840499678,1.6759962216928983,11.241407299842766,59.0,24.0,35.0,40.67796610169491,9730.36,7094.97,2635.3900000000003,924.1899999999999,0.0,0.0,0.07906118945009967,0.09286121012491949,-0.0,0.046825396825396826,0.012816595707799734,0.0039707870626827235,-0.05183950067162386,
208,0.2497905337315929,True,133,14,70.0,24.0,12,6,2.3,17,25,1.9000000000000001,2.2,3.0,0.024,0.45,11.545922718099682,1.0857310244611644,0.4637723015126092,20.595647032644536,101.0,36.0,65.0,35.64356435643565,14622.049999999997,13467.47,1154.579999999998,1402.08,0.0,1.0,36.8387241170999,1.6486840089522965,2.387976387426504,13.231231109445343,50.0,22.0,28.0,44.0,9362.860000000002,5678.99,3683.8700000000026,816.59,0.0,0.0,0.11051617235129971,0.16217100223807412,-0.0,0.03968253968253968,0.011545922718099684,0.004286551223058222,-0.07841165448147852,
209,-1.0051020408163265,False,131,14,68.0,23.0,15,6,2.2,18,30,1.8,1.8,3.0,0.023000000000000003,0.45,28.03122526104977,1.2563400065110117,0.975986536645272,14.63257209443834,95.0,42.0,53.0,44.21052631578947,13738.48,10935.320000000002,2803.159999999998,1321.49,0.0,1.0,36.20718390729995,1.8344622390821872,2.537255560552265,8.936140328447928,45.0,23.0,22.0,51.111111111111114,7959.750000000002,4339.01,3620.7400000000016,693.6,0.0,0.0,,,,,,,,0.030612244897959218
210,0.5296959520847689,True,128,14,70.0,26.0,12,5,2.3,18,32,1.8,2.1,3.0,0.024,0.45,58.25108213259976,1.3480016751529533,1.4338144926994116,21.373658689526895,125.0,52.0,73.0,41.6,22563.89,16738.77,5825.119999999999,1881.39,0.0,2.0,64.85267263154991,1.8732974155053517,3.316636120984714,12.827908340503386,62.0,30.0,32.0,48.38709677419355,13911.5,7426.210000000001,6485.289999999999,1095.38,0.0,0.0,0.19455801789464974,0.21832435387633792,-0.0,0.049206349206349205,0.05825108213259977,0.017400083757647667,-0.00804393478281541,
211,-1.29807953507491,False,127,14,70.0,26.0,12,5,1.4,18,33,1.8,2.1,3.0,0.024,0.45,2.1391058081998744,1.0844139955957917,0.2078692186610808,13.008223413208034,22.0,7.0,15.0,31.818181818181817,2747.84,2533.94,213.9000000000001,281.19,0.0,1.0,-2.892601226599982,0.7917569561930815,-0.35083458447969024,9.684621049603525,11.0,3.0,8.0,27.272727272727273,1099.79,1389.0500000000002,-289.2600000000002,140.82,0.0,0.0,,,,,,,,1.7884772104494595
212,0.25569056270867546,True,130,14,70.0,25.0,12,5,2.3,18,28,1.8,2.2,3.0,0.025,0.45,27.659177122249655,1.1663499116494078,0.8057346255595454,25.922153999132004,127.0,48.0,79.0,37.79527559055118,19392.83,16626.94,2765.890000000003,1767.72,0.0,1.0,33.86848175674994,1.407964759534656,1.9512477999183697,18.69702552443937,66.0,27.0,39.0,40.90909090909091,11688.67,8301.820000000002,3386.8499999999985,1077.54,0.0,0.0,0.1016054452702498,0.10199118988366401,-0.021125860139653535,0.05238095238095239,0.02765917712224966,0.00831749558247039,-0.015137837391257267,
213,-1.001700680272109,False,123,13,69.0,26.0,12,6,2.2,18,29,1.8,2.3,3.0,0.024,0.45,35.18599318609973,1.2765914295214804,1.0619764432796805,20.51274232760784,97.0,37.0,60.0,38.144329896907216,16239.66,12721.11,3518.5499999999993,1389.32,0.0,3.0,38.114591087749936,1.6926415108054869,2.4577796628876127,11.55912003928813,48.0,21.0,27.0,43.75,9314.2,5502.76,3811.4400000000005,758.23,0.0,0.0,,,,,,,,0.010204081632653073
214,0.24946014945787742,True,134,14,68.0,25.0,11,5,2.4000000000000004,17,32,1.9000000000000001,2.3,3.0,0.023000000000000003,0.45,22.71619860254985,1.1696628164480147,0.7360592368538385,22.4349203804623,113.0,43.0,70.0,38.05309734513274,15660.44,13388.849999999999,2271.590000000002,1453.3,0.0,1.0,32.86886684469991,1.4369123038354281,1.8503575400759353,16.43639322206371,58.0,23.0,35.0,39.6551724137931,10809.92,7523.019999999999,3286.9000000000015,913.08,0.0,0.0,0.09860660053409971,0.10922807595885703,-0.008207961268935488,0.046031746031746035,0.02271619860254985,0.008483140822400736,-0.027397651222840453,
215,0.6442444486035033,True,128,15,69.0,24.0,12,6,2.3,18,32,1.8,2.1,3.0,0.024,0.5,90.53537025049972,1.5244022309221001,1.9950362349480895,13.943058676104068,115.0,50.0,65.0,43.47826086956522,26318.21,17264.61,9053.599999999999,2132.47,0.0,2.0,82.2081837373498,2.5620026600798025,4.081492206713439,9.544701904011962,48.0,26.0,22.0,54.166666666666664,13483.82,5263.0,8220.82,947.76,0.0,0.0,0.24662455121204938,0.25,-0.0,0.0380952380952381,0.09053537025049974,0.02622011154610501,-0.0072308225003889105,
216,0.21161439992834383,True,120,15,69.0,26.0,12,6,2.1,18,28,1.8,2.1,3.0,0.026000000000000002,0.45,38.769142779099816,1.2753476202448577,1.138632590588917,13.763606310896042,101.0,41.0,60.0,40.59405940594059,17956.920000000002,14080.02,3876.9000000000015,1597.75,0.0,3.0,21.592634051999994,1.4050783704940486,1.6014383815456945,12.078486660646412,45.0,19.0,26.0,42.22222222222222,7489.700000000001,5330.45,2159.250000000001,673.2,0.0,0.0,0.06477790215599998,0.10126959262351215,-0.0,0.03571428571428572,0.03876914277909982,0.013767381012242886,-0.04268390435679673,
217,0.40853823137125367,True,125,15,69.0,24.0,14,6,2.3,18,31,1.8,1.9,3.0,0.024,0.5,63.64743305114984,1.387655501518091,1.602055395928565,13.281307309181429,116.0,51.0,65.0,43.96551724137931,22783.430000000004,16418.65,6364.7800000000025,2053.3,0.0,3.0,44.94642263350008,1.6818743827380562,2.5238015063988497,9.87041691690987,58.0,27.0,31.0,46.55172413793103,11086.26,6591.610000000001,4494.65,1016.18,0.0,0.0,0.13483926790050021,0.17046859568451406,-0.0,0.046031746031746035,0.06364743305114984,0.019382775075904548,-0.025831586372561048,
218,0.3836387334275698,True,126,15,69.0,24.0,14,6,2.3,17,31,1.8,1.9,3.0,0.025,0.5,61.454139408349725,1.3693407432827551,1.5296010813665823,13.827787143920863,117.0,51.0,66.0,43.58974358974359,22784.31,16638.89,6145.420000000002,2085.57,0.0,2.0,42.213459016349994,1.6387161885106374,2.4104569686097386,10.064024901437252,57.0,26.0,31.0,45.6140350877193,10830.39,6609.070000000001,4221.319999999999,999.37,0.0,0.0,0.12664037704904996,0.15967904712765935,-0.0,0.045238095238095244,0.061454139408349734,0.018467037164137758,-0.027839962559722233,
219,0.3431437039740555,True,125,15,69.0,24.0,14,6,2.2,17,31,1.9000000000000001,2.0,3.0,0.025,0.5,53.58444804579986,1.3657605264145858,1.4366744775362992,12.475813978389832,98.0,41.0,57.0,41.83673469387755,20008.460000000003,14650.050000000001,5358.410000000002,1763.07,0.0,3.0,35.21880001909998,1.6468644561218548,2.237980105035915,12.132286485430177,44.0,21.0,23.0,47.72727272727273,8966.37,5444.51,3521.8600000000006,762.12,0.0,0.0,0.10565640005729994,0.1617161140304637,-0.0,0.03492063492063492,0.053584448045799864,0.01828802632072929,-0.03102191940087219,
220,0.1783863077919193,True,124,15,69.0,24.0,14,5,2.2,17,31,1.9000000000000001,1.9,3.0,0.025,0.5,66.87970867084984,1.4235617781341257,1.6193843151464251,12.449560167870064,112.0,49.0,63.0,43.75,22477.77,15789.810000000001,6687.959999999999,1983.89,0.0,3.0,21.002549198000033,1.2903446102122291,1.368996682102508,17.273698454145237,58.0,24.0,34.0,41.37931034482759,9333.939999999999,7233.68,2100.2599999999984,946.15,0.0,0.0,0.06300764759400009,0.07258615255305728,-0.012992562595115636,0.046031746031746035,0.06687970867084984,0.021178088906706284,-0.07830447336932458,
221,0.5497155117763353,True,124,15,68.0,24.0,14,6,2.2,17,32,1.8,2.0,3.0,0.025,0.5,82.5735724131498,1.5187433290635155,1.9239894660208603,12.476431307796075,101.0,46.0,55.0,45.54455445544554,24175.250000000004,15917.929999999998,8257.320000000005,1976.53,0.0,3.0,59.819885726949984,2.121016828454706,3.3052133062336533,10.692334211443315,45.0,24.0,21.0,53.333333333333336,11318.17,5336.199999999999,5981.970000000001,843.97,0.0,0.0,0.17945965718084994,0.25,-0.0,0.03571428571428572,0.08257357241314982,0.025937166453175776,-0.023969169985125983,
222,0.45962084594619684,True,125,15,67.0,24.0,14,6,2.3,18,33,1.8,2.0,3.0,0.025,0.5,37.23148932644972,1.2324552969382152,1.0523404883628418,15.309993070441285,114.0,45.0,69.0,39.473684210526315,19739.99,16016.799999999997,3723.190000000004,1892.92,0.0,3.0,54.48295569264988,1.940226001180397,2.9520927498653995,9.739454020810959,51.0,24.0,27.0,47.05882352941177,11242.95,5794.660000000001,5448.29,915.11,0.0,0.0,0.16344886707794964,0.23505650029509922,-0.0,0.04047619047619048,0.03723148932644972,0.011622764846910761,-0.02821496607640301,
223,0.4155548477324982,True,119,15,67.0,24.0,14,6,2.2,17,33,1.8,2.0,3.0,0.025,0.5,31.787702500499798,1.2277415134717662,0.9713996015756119,15.900943164462586,102.0,42.0,60.0,41.1764705882353,17136.460000000003,13957.709999999997,3178.7500000000055,1629.35,0.0,3.0,46.74366659189999,1.9031811787983244,2.720274324867504,10.692372165808017,44.0,22.0,22.0,50.0,9849.8,5175.44,4674.36,769.1899999999999,0.0,0.0,0.14023099977569997,0.2257952946995811,-0.0,0.03492063492063492,0.0317877025004998,0.01138707567358831,-0.028566859837505912,
224,-1.018140589569161,False,119,15,67.0,24.0,14,6,2.2,16,33,1.9000000000000001,2.0,3.0,0.026000000000000002,0.5,27.664669096549822,1.2176865555958616,0.8790398095734338,14.114400972653577,92.0,38.0,54.0,41.30434782608695,15474.86,12708.409999999998,2766.4500000000025,1468.01,0.0,3.0,37.54765779894993,1.7597262801783793,2.3190974469974024,11.0043831121812,40.0,19.0,21.0,47.5,8697.06,4942.28,3754.7799999999997,694.04,0.0,0.0,,,,,,,,0.108843537414966
225,-1.018140589569161,False,121,15,67.0,23.0,14,6,2.1,17,34,1.8,1.8,3.0,0.026000000000000002,0.5,10.252973373449931,1.083695499560829,0.42530574814741884,16.595550836448965,92.0,39.0,53.0,42.391304347826086,13275.659999999998,12250.36,1025.2999999999975,1407.98,0.0,3.0,17.08866544174996,1.348048001564206,1.2592242973253205,12.872413643317504,40.0,18.0,22.0,45.0,6618.7,4909.839999999999,1708.8600000000006,610.88,0.0,0.0,,,,,,,,0.108843537414966
226,0.5160239909841794,True,124,15,68.0,24.0,14,6,2.2,17,32,1.8,1.9,3.0,0.025,0.5,67.56341545884989,1.446019722813795,1.679714353891906,12.830101195263927,101.0,46.0,55.0,45.54455445544554,21904.22,15147.940000000002,6756.279999999999,1877.75,0.0,3.0,52.900923728699965,2.017360349860956,3.054589441012581,10.865146210907712,45.0,24.0,21.0,53.333333333333336,10489.83,5199.78,5290.05,822.93,0.0,0.0,0.1587027711860999,0.25,-0.0,0.03571428571428572,0.06756341545884989,0.02230098614068975,-0.01825746751574591,
227,0.4806904242451676,True,125,15,68.0,24.0,14,6,2.2,17,32,1.8,1.9,3.0,0.025,0.5,46.52681766659982,1.3189602811266454,1.2838147620049776,12.830354903310942,104.0,45.0,59.0,43.26923076923077,19239.7,14587.02,4652.68,1756.09,0.0,3.0,50.358077986699925,1.9462603607446398,2.9248157621694255,10.865374654843379,46.0,24.0,22.0,52.17391304347826,10357.550000000001,5321.7699999999995,5035.780000000002,829.45,0.0,0.0,0.15107423396009975,0.23656509018615995,-0.0,0.03650793650793651,0.04652681766659982,0.015948014056332272,-0.005931668131960703,
228,0.5347525508283193,True,116,20,68.0,24.0,14,6,2.2,17,32,1.8,1.9,3.0,0.025,0.5,45.7451360951998,1.271961542257264,1.2138256736396722,16.4413400067574,114.0,48.0,66.0,42.10526315789474,21395.08,16820.54,4574.540000000001,1971.09,0.0,2.0,71.60414919344989,2.0832366391888884,3.4553364253000067,9.499081182364256,55.0,30.0,25.0,54.54545454545455,13770.589999999998,6610.19,7160.399999999999,1043.95,0.0,0.0,0.21481244758034965,0.25,-0.0,0.043650793650793655,0.0457451360951998,0.013598077112863205,-0.03305390361088706,
229,-1.2959183673469388,False,118,15,68.0,24.0,14,13,2.1,16,32,1.8,1.9,3.0,0.025,0.5,12.289456263850061,1.7787465940054494,0.9218837275037136,4.910103954684321,15.0,7.0,8.0,46.666666666666664,2807.04,1578.1000000000001,1228.9399999999998,223.16,0.0,0.0,8.602665957350018,99.0,2.1006626931382133,2.3329727528486712,3.0,3.0,0.0,100.0,860.27,0.0,860.27,46.42,0.0,0.0,,,,,,,,1.7755102040816326
230,0.19094181011350972,True,114,15,67.0,23.0,14,5,2.2,17,33,1.8,1.8,3.0,0.025,0.5,18.362937085999782,1.1267817332341876,0.6049428589655658,19.70728813887591,125.0,51.0,74.0,40.8,16320.069999999998,14483.790000000003,1836.2799999999952,1706.64,0.0,2.0,26.87061750494997,1.3623569709188248,1.6212324832826885,19.403262213216852,61.0,27.0,34.0,44.26229508196721,10102.49,7415.45,2687.04,1012.16,0.0,0.0,0.0806118525148499,0.0905892427297062,-0.025161498361239154,0.048412698412698414,0.018362937085999783,0.006339086661709382,-0.02821250893021479,
231,0.5299445168763546,True,123,15,68.0,24.0,14,6,2.2,17,32,1.8,1.9,3.0,0.025,0.5,66.79162758149985,1.4412197977000805,1.665545719774861,12.830174553286863,102.0,46.0,56.0,45.09803921568628,21817.070000000003,15137.92,6679.150000000003,1886.28,0.0,3.0,55.94614124655003,2.084595073494345,3.192548895529573,10.865285504960397,46.0,25.0,21.0,54.34782608695652,10752.8,5158.219999999999,5594.58,856.05,0.0,0.0,0.16783842373965008,0.25,-0.0,0.03650793650793651,0.06679162758149985,0.022060989885004025,-0.013254460837735937,
232,-1.0110760162999168,False,122,21,68.0,24.0,14,6,2.2,17,32,1.1,1.9,3.0,0.025,0.5,-6.645609779950064,0.9760719153234155,0.0065399743866410755,36.67508896399404,200.0,72.0,128.0,36.0,27107.03,27771.55,-664.5200000000004,2874.95,0.0,5.0,28.714842724699846,1.291196928503122,1.547013419156792,11.37748546382802,84.0,37.0,47.0,44.04761904761905,12732.479999999998,9860.989999999998,2871.49,1283.1200000000001,0.0,0.0,,,,,,,,0.06645609779950064
233,0.33331982054669973,True,124,15,68.0,24.0,14,6,2.2,17,31,1.8,1.8,3.0,0.025,0.5,49.86994669469985,1.355118078836957,1.3655980118128097,12.476341051288726,100.0,45.0,55.0,45.0,19030.14,14043.159999999998,4986.980000000001,1741.96,0.0,3.0,33.602586166900004,1.6304427767354597,2.1598574099178727,11.038468136872485,46.0,23.0,23.0,50.0,8690.26,5330.0,3360.26,777.47,0.0,0.0,0.10080775850070002,0.15761069418386492,-0.0,0.03650793650793651,0.04986994669469985,0.01775590394184785,-0.029232419282349414,
234,-1.0277777777777777,False,120,15,67.0,23.0,14,6,2.1,16,33,1.8,1.8,3.0,0.025,0.5,3.9060568686998884,1.0329897708231988,0.23431745049154876,15.796317629905394,91.0,36.0,55.0,39.56043956043956,12231.26,11840.64,390.6200000000008,1333.91,0.0,3.0,23.292594937300002,1.5380011872122916,1.7023895257546628,10.999552766396778,38.0,18.0,20.0,47.36842105263158,6658.7300000000005,4329.47,2329.26,597.02,0.0,0.0,,,,,,,,0.16666666666666663
235,0.27897692082656483,True,123,20,68.0,24.0,14,6,2.3,17,31,1.9000000000000001,1.7000000000000002,3.0,0.026000000000000002,0.5,57.117004712949914,1.3704103139449673,1.493942417179953,12.829228308050041,112.0,51.0,61.0,45.535714285714285,21131.590000000004,15419.900000000001,5711.690000000002,2003.19,0.0,3.0,30.61667608125006,1.4462376405018422,1.9186231554438604,11.399389569147543,57.0,27.0,30.0,47.36842105263158,9922.81,6861.12,3061.6899999999996,960.73,0.0,0.0,0.09185002824375017,0.11155941012546056,-0.0,0.045238095238095244,0.05711700471294992,0.018520515697248364,-0.045308133190939445,
236,0.36706492859125694,True,125,15,68.0,24.0,14,5,2.2,17,32,1.8,1.9,3.0,0.026000000000000002,0.5,54.41384507609976,1.324994116937367,1.3462777895951148,13.026491556751886,123.0,53.0,70.0,43.08943089430894,22184.35,16742.980000000003,5441.369999999995,2050.41,0.0,3.0,42.96943447069992,1.55235202320015,2.303327443233346,15.380343648825844,62.0,28.0,34.0,45.16129032258065,12076.15,7779.26,4296.889999999999,1105.48,0.0,0.0,0.12890830341209977,0.1380880058000375,-0.0021733922790048254,0.049206349206349205,0.05441384507609977,0.016249705846868346,-0.017627888471192798,
237,0.31547466205801344,True,118,15,68.0,23.0,14,5,2.2,17,31,1.8,1.9,3.0,0.027,0.5,53.24620299339973,1.3125131323328305,1.2992030309194884,15.917202348571696,125.0,54.0,71.0,43.2,22362.730000000003,17038.100000000002,5324.630000000001,2097.94,0.0,3.0,36.969040704699964,1.4625524093604276,1.9702185508670467,15.642634101387308,64.0,29.0,35.0,45.3125,11689.26,7992.37,3696.8900000000003,1101.2,0.0,0.0,0.11090712211409988,0.11563810234010691,-0.0036721948650703345,0.050793650793650794,0.05324620299339973,0.015625656616641528,-0.027063877934815066,
238,0.2885460054713055,True,124,15,67.0,24.0,14,5,2.1,16,32,1.8,1.7000000000000002,3.0,0.026000000000000002,0.5,21.296456281599678,1.1611895336779723,0.7118031332274282,15.66933349829662,109.0,46.0,63.0,42.20183486238532,15341.52,13211.9,2129.620000000001,1606.88,0.0,3.0,36.2873637377999,1.5829079132946304,2.2966326766053062,12.656355372896677,55.0,26.0,29.0,47.27272727272727,9853.95,6225.220000000001,3628.7299999999996,953.9499999999999,0.0,0.0,0.1088620912133997,0.1457269783236576,-0.0,0.043650793650793655,0.02129645628159968,0.008059476683898614,-0.039049790682043735,
239,0.1900837313994063,True,116,15,66.0,24.0,14,5,2.0,17,34,1.9000000000000001,1.9,3.0,0.026000000000000002,0.5,7.8815035654999335,1.0623567490246868,0.3483083559342382,21.562542602279713,101.0,38.0,63.0,37.62376237623762,13427.69,12639.53,788.1599999999999,1386.28,0.0,2.0,28.319102505150077,1.5787394575020077,1.9133179290262787,10.19870622463201,43.0,19.0,24.0,44.18604651162791,7725.23,4893.29,2831.9399999999996,714.25,0.0,0.0,0.08495730751545023,0.14468486437550193,-0.0,0.03412698412698413,0.007881503565499935,0.00311783745123434,-0.08468476563526428,
240,0.5951542122765842,True,122,15,68.0,23.0,14,6,2.2,17,32,1.8,2.0,3.0,0.025,0.5,74.53769146104962,1.4712459680121588,1.7615181396294595,14.31502036946938,103.0,46.0,57.0,44.66019417475728,23271.079999999998,15817.26,7453.819999999998,1927.2,0.0,3.0,71.09834650749993,2.297250893591866,3.691034291311668,10.69218318983307,47.0,26.0,21.0,55.319148936170215,12590.520000000002,5480.69,7109.830000000003,922.42,0.0,0.0,0.21329503952249976,0.25,-0.0,0.0373015873015873,0.07453769146104962,0.02356229840060794,-0.003542404409160486,
241,0.5432019058311881,True,121,15,68.0,23.0,14,6,2.2,17,32,1.8,2.0,3.0,0.025,0.5,67.8584715022997,1.429363248958363,1.6742531913659273,14.314303947261772,103.0,46.0,57.0,44.66019417475728,22590.3,15804.45,6785.8499999999985,1919.99,0.0,3.0,59.01128259939998,2.073412835559177,3.221378683846767,10.692491041220356,47.0,25.0,22.0,53.191489361702125,11398.669999999998,5497.54,5901.129999999998,874.52,0.0,0.0,0.17703384779819994,0.25,-0.0,0.0373015873015873,0.06785847150229969,0.02146816244791815,-0.010460163218817002,
242,0.5843061746765394,True,121,20,68.0,23.0,14,6,2.2,17,32,1.8,2.0,3.0,0.025,0.5,69.92166938889983,1.4206631299415586,1.6717160834937252,14.73648742290039,105.0,46.0,59.0,43.80952380952381,23613.950000000004,16621.780000000002,6992.170000000002,2001.65,0.0,3.0,67.96566275789999,1.9980747994032029,3.3235926297669875,9.655197328999494,53.0,28.0,25.0,52.83018867924528,13606.25,6809.6799999999985,6796.5700000000015,984.71,0.0,0.0,0.20389698827369998,0.24951869985080072,-0.0,0.04206349206349207,0.06992166938889983,0.02103315649707793,-0.0021278313974311316,
243,-1.2001952069380983,False,122,8,68.0,23.0,14,6,2.1,17,33,1.8,2.0,3.0,0.025,0.5,-18.416443890750106,0.7030452351084037,-1.1093650619771818,25.14042596558623,52.0,16.0,36.0,30.76923076923077,4360.16,6201.82,-1841.6599999999999,685.04,0.0,2.0,16.777486149649995,2.0404527131782944,1.6603215184276745,5.7725873911272325,19.0,9.0,10.0,47.36842105263158,3290.23,1612.5000000000002,1677.7299999999998,296.92,0.0,0.0,,,,,,,,1.2011712416285896
244,0.5388783407225165,True,119,15,68.0,23.0,14,6,2.2,17,32,1.8,2.0,3.0,0.025,0.5,57.3421571419497,1.359297146781357,1.4725815520237588,14.01834315406529,107.0,46.0,61.0,42.99065420560748,21693.730000000003,15959.519999999999,5734.210000000005,1921.54,0.0,3.0,59.80973134244999,2.0860549912294393,3.226513854374248,10.69233332684866,47.0,25.0,22.0,53.191489361702125,11488.029999999999,5507.060000000001,5980.9699999999975,875.76,0.0,0.0,0.17942919402734997,0.25,-0.0,0.0373015873015873,0.05734215714194971,0.017964857339067854,-0.0031594550874383272,
245,0.4684536686667344,True,120,15,67.0,23.0,14,6,2.2,17,32,1.8,2.0,3.0,0.025,0.5,40.8747426560997,1.2920130936170757,1.1606751426018265,15.777871651528441,99.0,42.0,57.0,42.42424242424242,18085.16,13997.660000000002,4087.499999999998,1650.85,0.0,3.0,50.693938891149934,1.9650685531310559,2.9064429895315946,10.691965420873407,45.0,23.0,22.0,51.111111111111114,10322.229999999998,5252.86,5069.369999999998,801.24,0.0,0.0,0.1520818166734498,0.24126713828276397,-0.0,0.03571428571428572,0.0408747426560997,0.014600654680853788,-0.016084969340718597,
246,0.3009656385920301,True,115,20,66.0,22.0,14,6,2.1,17,32,1.8,1.9,3.0,0.027,0.5,14.822897577999738,1.095491955096716,0.5243951304772984,20.395265101088494,105.0,41.0,64.0,39.04761904761905,17004.5,15522.25,1482.25,1726.18,0.0,2.0,43.60913299814996,1.7453688985516167,2.5014895001078368,9.757173065939766,48.0,24.0,24.0,50.0,10211.560000000001,5850.66,4360.9000000000015,838.48,0.0,0.0,0.13082739899444987,0.18634222463790417,-0.0,0.0380952380952381,0.01482289757799974,0.0047745977548357965,-0.07389671846839757,
247,0.4478024172355212,True,119,20,67.0,23.0,14,6,2.2,16,33,1.8,2.0,3.0,0.026000000000000002,0.5,39.93350238964975,1.2409797780473233,1.1009836080056492,14.74378090666311,109.0,45.0,64.0,41.28440366972477,20564.399999999998,16571.1,3993.2999999999993,1906.52,0.0,3.0,56.99144675879994,1.8430723395064745,2.891196507831541,11.539241372591206,51.0,26.0,25.0,50.98039215686274,12459.04,6759.929999999999,5699.1100000000015,933.94,0.0,0.0,0.1709743402763998,0.21076808487661863,-0.0,0.04047619047619048,0.03993350238964976,0.012048988902366164,-0.026398689685703632,
248,0.428764446745855,True,118,20,67.0,23.0,14,6,2.3,16,34,1.8,2.0,3.0,0.025,0.5,49.81090441939974,1.2670922056550142,1.2743321993903152,17.986669461356325,124.0,53.0,71.0,42.74193548387097,23630.369999999995,18649.289999999997,4981.079999999998,2238.3,0.0,3.0,51.73177835635002,1.6593137411088783,2.6351046202266852,10.35726006713489,61.0,29.0,32.0,47.540983606557376,13019.490000000002,7846.3099999999995,5173.180000000002,1085.9,0.0,0.0,0.15519533506905006,0.16482843527721958,-0.0,0.048412698412698414,0.04981090441939975,0.013354610282750713,-0.0028375367152634738,
249,0.48307412771142244,True,117,20,67.0,23.0,14,6,2.3,16,35,1.8,2.0,3.0,0.025,0.5,51.7716096949997,1.2734122331717308,1.278723686629725,18.418343345082345,123.0,52.0,71.0,42.27642276422764,24112.569999999996,18935.400000000005,5177.169999999991,2218.52,0.0,3.0,61.48942752054991,1.793658415068428,2.9927417632870883,10.357309079597906,60.0,30.0,30.0,50.0,13896.53,7747.589999999999,6148.940000000001,1104.6,0.0,0.0,0.18446828256164974,0.198414603767107,-0.0,0.047619047619047616,0.0517716096949997,0.01367061165858654,-0.012870027589968141,
250,0.4541139183075665,True,117,20,67.0,22.0,14,6,2.3,15,35,1.8,2.0,3.0,0.025,0.5,48.923371247549696,1.2603794833529636,1.2286244117487564,18.025509895266627,124.0,52.0,72.0,41.935483870967744,23681.560000000005,18789.23,4892.330000000005,2219.94,0.0,3.0,57.64513575129995,1.7323989830650603,2.8811502398376856,10.303291703579525,61.0,30.0,31.0,49.18032786885246,13635.210000000001,7870.71,5764.500000000001,1120.93,0.0,0.0,0.17293540725389983,0.1830997457662651,-0.0,0.048412698412698414,0.048923371247549696,0.01301897416764818,-0.012276278540494704,
251,0.4299234894121277,True,117,20,67.0,22.0,14,6,2.3,15,36,1.8,2.0,3.0,0.024,0.5,48.86743597994957,1.2659269437453238,1.242138729384574,17.349941583089986,122.0,51.0,71.0,41.80327868852459,23262.990000000005,18376.25,4886.740000000005,2155.36,0.0,3.0,51.10927189304999,1.6807055210229869,2.6901719795355565,10.082091548912144,60.0,29.0,31.0,48.333333333333336,12619.09,7508.21,5110.88,1056.02,0.0,0.0,0.15332781567914996,0.17017638025574672,-0.0,0.047619047619047616,0.048867435979949574,0.013296347187266189,-0.003363537309032363,
252,0.3308928546974619,True,112,20,66.0,22.0,14,6,2.2,16,35,1.8,2.0,3.0,0.024,0.5,21.140683292749763,1.1409131234923637,0.6797933693931023,16.65059068563565,112.0,43.0,69.0,38.392857142857146,17116.88,15002.79,2114.09,1685.71,0.0,2.0,48.260656600200036,1.68520790206752,2.591196357444257,11.336156865557237,57.0,27.0,30.0,47.36842105263158,11869.289999999999,7043.220000000001,4826.069999999998,1004.15,0.0,0.0,0.1447819698006001,0.17130197551687998,-0.0,0.045238095238095244,0.021140683292749762,0.007045656174618187,-0.05861552532548139,
253,0.24984033974357867,True,117,20,67.0,22.0,14,7,2.3,15,36,1.8,2.0,3.0,0.024,0.5,21.282664404099705,1.1468456005381815,0.6991694298860285,17.174581678476507,106.0,41.0,65.0,38.679245283018865,16621.52,14493.25,2128.2700000000004,1653.09,0.0,3.0,31.35130352595004,1.4456454373326204,1.9258680037388065,13.116681954347662,56.0,25.0,31.0,44.642857142857146,10169.999999999998,7034.92,3135.079999999998,935.2,0.0,0.0,0.09405391057785012,0.1114113593331551,-0.0,0.044444444444444446,0.021282664404099705,0.007342280026909076,-0.028694319042879782,
254,0.29853981022961107,True,118,20,67.0,22.0,14,6,2.1,16,36,1.8,2.0,3.0,0.025,0.5,24.57850317249975,1.1587689572801507,0.7711694576920656,16.563845243436255,102.0,40.0,62.0,39.21568627450981,17938.739999999998,15480.860000000002,2457.8799999999956,1716.58,0.0,3.0,35.925595475150004,1.593128862311435,2.1206361739479482,9.989641731450025,48.0,23.0,25.0,47.916666666666664,9649.470000000001,6056.93,3592.540000000001,775.1,0.0,0.0,0.10777678642545001,0.14828221557785876,-0.0,0.0380952380952381,0.024578503172499752,0.007938447864007537,-0.028131380905443065,
255,0.37572352525318325,True,110,20,66.0,23.0,14,6,2.3,16,34,1.8,2.0,3.0,0.026000000000000002,0.5,26.19475211024979,1.151436737752001,0.7619002129634012,21.355042313275863,125.0,50.0,75.0,40.0,19916.999999999996,17297.520000000004,2619.4799999999923,1981.72,0.0,2.0,57.19841943084995,1.698163735609175,2.780975960557941,11.181141123027121,65.0,30.0,35.0,46.15384615384615,13912.58,8192.72,5719.860000000001,1200.46,0.0,0.0,0.17159525829254987,0.17454093390229375,-0.0,0.0515873015873016,0.026194752110249794,0.0075718368876000475,-0.05576655752681181,
256,0.49940161325594,True,116,20,67.0,22.0,14,6,2.2,15,33,1.8,2.0,3.0,0.025,0.55,38.8237027572996,1.2175480062063877,1.0332190363561125,18.851286821631437,114.0,46.0,68.0,40.35087719298246,21728.52,17846.129999999997,3882.390000000003,2072.6,0.0,2.0,69.21807567244991,1.968723496564175,3.25326975918961,12.81863503057167,53.0,28.0,25.0,52.83018867924528,14067.119999999999,7145.3,6921.819999999999,1106.47,0.0,0.0,0.20765422701734973,0.24218087414104372,-0.0,0.04206349206349207,0.0388237027572996,0.010877400310319385,-0.04219808303356449,
257,0.1770647230774009,True,115,21,67.0,22.0,14,7,2.2,15,34,1.7000000000000002,2.0,3.0,0.026000000000000002,0.55,6.783573776949815,1.0437656679194554,0.312753057373774,22.08192617045091,108.0,38.0,70.0,35.18518518518518,16179.850000000002,15501.42,678.4300000000021,1775.14,0.0,2.0,34.49803706429989,1.4897772300772758,1.9698926339672043,14.386299249854783,54.0,24.0,30.0,44.44444444444444,10493.380000000001,7043.590000000001,3449.79,1014.73,0.0,0.0,0.10349411119289967,0.12244430751931895,-0.0,0.04285714285714286,0.0067835737769498155,0.0021882833959727677,-0.10070269566488317,
258,0.26273605831480984,True,119,20,67.0,22.0,14,6,2.1,15,35,1.8,2.0,3.0,0.025,0.55,26.25083053349972,1.1582416668274143,0.7938266284969303,16.99992512152661,104.0,41.0,63.0,39.42307692307692,19214.21,16589.120000000003,2625.0899999999965,1923.11,0.0,3.0,28.35677923409996,1.4511185493698515,1.7256019216891487,11.908873253540186,46.0,21.0,25.0,45.65217391304348,9121.47,6285.82,2835.6499999999996,770.03,0.0,0.0,0.08507033770229988,0.11277963734246288,-0.0,0.03650793650793651,0.02625083053349972,0.007912083341370713,-0.0057847671127598844,
259,0.4017314908173216,True,116,20,66.0,23.0,14,6,2.2,14,35,1.8,2.0,3.0,0.025,0.5,21.544017619799778,1.133452595469071,0.679180676595554,17.038930985209785,115.0,44.0,71.0,38.26086956521739,18298.129999999997,16143.710000000001,2154.4199999999964,1811.21,0.0,2.0,58.76317944709996,1.9018977676481643,3.021388160253133,9.65082294425453,52.0,27.0,25.0,51.92307692307692,12391.909999999998,6515.55,5876.359999999998,966.38,0.0,0.0,0.17628953834129987,0.22547444191204108,-0.0,0.04126984126984127,0.02154401761979978,0.006672629773453554,-0.0695189780991139,
260,-1.0230609016733319,False,112,20,67.0,23.0,14,7,2.2,14,33,1.9000000000000001,2.0,3.0,0.026000000000000002,0.5,-0.5712348815500992,0.9950119575165708,0.07922763178204534,20.726324616037385,85.0,30.0,55.0,35.294117647058826,11404.24,11461.41,-57.17000000000007,1270.34,0.0,2.0,24.32177822644997,1.4413913630523307,1.6808993503034055,16.109847169171946,46.0,20.0,26.0,43.47826086956522,7942.469999999998,5510.280000000001,2432.189999999998,774.69,0.0,0.0,,,,,,,,0.1383654100399908
261,-2.0,False,119,20,67.0,22.0,14,6,1.0,16,33,1.7000000000000002,2.1,3.0,0.025,0.5,,,,,,,,,,,,,,,-1.470465334799992,0.0,-2.2154125863265386,1.470465334799992,1.0,0.0,1.0,0.0,0.0,147.05,-147.05,14.93,0.0,0.0,,,,,,,,6.0
262,0.17046234572193042,True,116,21,67.0,23.0,14,6,2.0,15,34,1.8,1.9,3.0,0.024,0.55,10.0210574644997,1.071242919216507,0.41108784124087433,18.058263400657612,102.0,40.0,62.0,39.21568627450981,15068.359999999999,14066.24,1002.119999999999,1650.56,0.0,2.0,25.66096254410002,1.4365412717773889,1.640418078024411,10.124504277353275,46.0,22.0,24.0,47.82608695652174,8444.32,5878.23,2566.09,762.62,0.0,0.0,0.07698288763230006,0.10913531794434722,-0.0,0.03650793650793651,0.0100210574644997,0.0035621459608253473,-0.06574699978797843,
263,0.26584613214888664,True,120,19,68.0,23.0,14,5,2.1,16,37,1.8,2.0,3.0,0.025,0.5,15.754778382199783,1.0947404503030886,0.5287318268763489,22.205585684295652,120.0,45.0,75.0,37.5,18204.22,16628.8,1575.420000000002,1795.45,0.0,3.0,44.47015872569984,1.5402059250836964,2.3344239916284453,14.030429933046532,61.0,27.0,34.0,44.26229508196721,12679.16,8232.12,4447.039999999999,1047.9,0.0,0.0,0.1334104761770995,0.1350514812709241,-0.0,0.048412698412698414,0.015754778382199783,0.004737022515154433,-0.0715203246091896,
264,-1.0083916682465002,False,109,20,66.0,22.0,14,7,2.3,16,32,1.8,1.9,3.0,0.024,0.5,-5.035000947900044,0.9612109977803818,-0.054023320194188096,18.349304007407603,108.0,38.0,70.0,35.18518518518518,12476.24,12979.710000000001,-503.47000000000116,1458.6200000000001,0.0,2.0,36.51850980960009,1.5244772218073193,2.1620288215274193,14.285634613741612,61.0,27.0,34.0,44.26229508196721,10614.630000000001,6962.799999999999,3651.8300000000017,1037.8700000000001,0.0,0.0,,,,,,,,0.05035000947900044
265,-1.0034013605442178,False,121,19,67.0,23.0,14,6,2.2,16,34,1.9000000000000001,2.1,3.0,0.026000000000000002,0.5,57.46526610104995,1.377307326387088,1.4849532855166554,14.542953272186987,96.0,40.0,56.0,41.666666666666664,20976.79,15230.289999999999,5746.500000000002,1791.04,0.0,3.0,61.11858823629984,2.0573568845907655,3.1401554764923363,8.62505905424765,44.0,23.0,21.0,52.27272727272727,11892.140000000001,5780.299999999999,6111.840000000002,804.38,0.0,0.0,,,,,,,,0.020408163265306145
266,0.39826400072028517,True,114,21,68.0,23.0,14,6,2.3,15,33,1.7000000000000002,2.0,3.0,0.025,0.5,30.611220388249734,1.1587548379836232,0.8319578777107841,21.188641474212353,138.0,53.0,85.0,38.405797101449274,22343.47,19282.31,3061.16,2204.79,0.0,2.0,58.74397724784982,1.694266115764991,2.79818964374085,10.800374388384263,72.0,33.0,39.0,45.833333333333336,14335.660000000002,8461.279999999999,5874.380000000003,1271.41,0.0,0.0,0.17623193174354945,0.17356652894124774,-0.0,0.05714285714285714,0.030611220388249732,0.007937741899181162,-0.047226279394800036,
267,0.3909238895897308,True,118,20,67.0,22.0,14,5,2.1,16,32,1.8,1.9,3.0,0.024,0.5,30.154164095449797,1.194417866335178,0.8939922905665254,14.780363945432073,123.0,49.0,74.0,39.83739837398374,18525.23,15509.84,3015.3899999999994,1846.75,0.0,3.0,56.59665836414993,1.7015720565156918,2.8289772368814705,14.387280281283516,65.0,31.0,34.0,47.69230769230769,13726.819999999998,8067.14,5659.679999999998,1170.28,0.0,0.0,0.16978997509244978,0.17539301412892294,-0.0,0.0515873015873016,0.030154164095449798,0.009720893316758905,-0.04572145863115222,
268,-1.0119047619047619,False,121,20,68.0,23.0,13,7,2.2,15,35,1.8,2.1,3.0,0.025,0.55,19.156008777549832,1.1346317388963623,0.6473453290230549,17.42603373343798,91.0,33.0,58.0,36.26373626373626,16143.789999999999,14228.22,1915.5699999999997,1598.99,0.0,3.0,42.24779543474997,1.6853953364622591,2.3281794588316123,14.386157394718301,46.0,22.0,24.0,47.82608695652174,10388.76,6163.99,4224.77,830.17,0.0,0.0,,,,,,,,0.0714285714285714
269,0.30560016323839784,True,113,20,67.0,23.0,14,6,2.3,17,30,1.9000000000000001,2.0,2.5,0.027,0.5,22.898026324749882,1.1586505117188501,0.7535053047286949,18.56648015914119,113.0,45.0,68.0,39.823008849557525,16722.49,14432.730000000001,2289.76,1547.54,0.0,2.0,38.416443880799946,1.605811445007948,2.369687608161422,9.196651619216793,58.0,26.0,32.0,44.827586206896555,10182.9,6341.28,3841.62,868.47,0.0,0.0,0.11524933164239982,0.15145286125198698,-0.0,0.046031746031746035,0.02289802632474988,0.007932525585942507,-0.03796432759842739,
270,-1.0249433106575965,False,117,19,66.0,22.0,13,6,2.0,14,33,1.8,2.1,3.0,0.024,0.5,12.125918798599852,1.0945143956388284,0.4876874885767537,16.849950275350484,95.0,35.0,60.0,36.8421052631579,14042.16,12829.58,1212.58,1445.59,0.0,3.0,33.21958004444999,1.8195964166496021,2.310807903187933,9.432921346125942,37.0,19.0,18.0,51.351351351351354,7375.17,4053.1899999999996,3321.9800000000005,604.95,0.0,0.0,,,,,,,,0.1496598639455783
271,0.5184412708282848,True,121,20,68.0,23.0,14,6,2.2,17,32,1.8,1.9,3.0,0.026000000000000002,0.5,57.84725770434985,1.353734541327489,1.4532756327514738,15.205155029162128,106.0,47.0,59.0,44.339622641509436,22138.0,16353.279999999999,5784.720000000001,1963.6,0.0,3.0,60.50686814704994,1.8907757378217276,3.0359043849929175,10.426034217614424,53.0,28.0,25.0,52.83018867924528,12843.340000000002,6792.63,6050.710000000002,973.62,0.0,0.0,0.1815206044411498,0.2226939344554319,-0.0,0.04206349206349207,0.057847257704349855,0.017686727066374454,-0.003370744902513219,
272,0.18498076590176993,True,121,21,68.0,23.0,14,5,2.3,16,32,1.7000000000000002,1.8,3.0,0.026000000000000002,0.5,14.624519198099934,1.073265538104382,0.4885617965196401,19.06641649874212,151.0,59.0,92.0,39.0728476821192,21423.550000000003,19961.090000000004,1462.4599999999991,2267.63,0.0,3.0,28.890384787599977,1.2527872811430871,1.503346331636643,15.116529031564808,84.0,36.0,48.0,42.857142857142854,14317.73,11428.7,2889.029999999999,1407.1200000000001,0.0,0.0,0.08667115436279993,0.06319682028577178,-0.0006658801803703288,0.06666666666666667,0.014624519198099935,0.003663276905219104,-0.04917579133641716,
273,-1.4990676610279705,False,122,20,68.0,22.0,15,20,2.1,17,30,1.8,1.9,3.0,0.027,0.5,4.217366377500002,99.0,1.4497178184035953,0.7187343375000091,1.0,1.0,0.0,100.0,421.74,0.0,421.74,15.22,0.0,0.0,-2.8419571609999914,0.0,-1.5211427863842828,3.729132816117254,1.0,0.0,1.0,0.0,0.0,284.2,-284.2,14.13,0.0,0.0,,,,,,,,2.994405966167823
274,-1.0464858546425837,False,116,20,68.0,23.0,14,7,2.2,13,34,0.6,1.8,3.0,0.024,0.5,-27.89151278555026,0.8956711469145242,-0.5481917135943106,36.73316545992842,267.0,99.0,168.0,37.07865168539326,23944.55,26733.64,-2789.09,3254.19,0.0,5.0,17.675702060800013,1.15593775088001,1.0438806392659339,14.41034355601304,116.0,52.0,64.0,44.827586206896555,13102.67,11335.1,1767.5699999999997,1778.36,0.0,0.0,,,,,,,,0.2789151278555026
275,-1.0989265968034734,False,20,20,67.0,23.0,13,6,2.2,15,32,1.9000000000000001,2.0,3.0,0.026000000000000002,0.55,-19.49081323000046,0.9067299916257925,-0.37575371493618925,29.614565359801492,169.0,55.0,114.0,32.544378698224854,18948.39,20897.5,-1949.1100000000006,2408.66,0.0,2.0,-17.617099802250106,0.8163955269767488,-0.8470151383687815,28.46149900869996,88.0,29.0,59.0,32.95454545454545,7833.5599999999995,9595.300000000003,-1761.7400000000034,1124.05,0.0,2.0,,,,,,,,0.5935595808208401
276,0.357334516550068,True,105,20,68.0,22.0,14,6,2.3,17,36,1.8,1.9,3.0,0.026000000000000002,0.5,36.10428085369989,1.1820466393480233,0.9522943911936893,15.486547707565265,130.0,53.0,77.0,40.76923076923077,23443.07,19832.609999999997,3610.4600000000028,2132.22,0.0,2.0,46.12411536890006,1.5649598487038403,2.3187731166465593,10.502415245070837,64.0,30.0,34.0,46.875,12776.519999999999,8164.120000000001,4612.399999999998,1106.9,0.0,0.0,0.13837234610670018,0.14123996217596008,-0.0,0.050793650793650794,0.03610428085369989,0.009102331967401168,-0.018278055347344134,
277,-1.0379998582245467,False,120,21,56.0,23.0,14,5,2.4000000000000004,17,32,1.8,2.1,3.0,0.025,0.5,-2.051615615000155,0.9750847025392547,-0.005372734544740066,12.54683432654783,80.0,29.0,51.0,36.25,8029.53,8234.699999999999,-205.16999999999916,1103.7,0.0,3.0,36.15650538189997,1.9615836728615048,2.4387528380082286,10.144794162001675,41.0,20.0,21.0,48.78048780487805,7375.790000000001,3760.12,3615.670000000001,649.66,0.0,0.0,,,,,,,,0.22799914934728047
278,-1.0051020408163265,False,122,19,68.0,22.0,15,6,2.1,17,33,1.8,2.0,3.0,0.024,0.5,38.03036911929974,1.260244584909805,1.1459746405863982,15.545410694073421,95.0,39.0,56.0,41.05263157894737,18416.37,14613.33,3803.039999999999,1667.37,0.0,3.0,36.90418289964995,1.6564154192042804,2.36314686996982,13.692850755367934,46.0,22.0,24.0,47.82608695652174,9312.5,5622.08,3690.42,755.81,0.0,0.0,,,,,,,,0.030612244897959218
279,-1.022108843537415,False,118,20,80.0,23.0,13,7,2.2,16,30,1.9000000000000001,1.9,2.5,0.025,0.5,5.953527627149906,1.060547969445837,0.3120219744236976,13.012136150175238,85.0,32.0,53.0,37.64705882352941,10428.4,9833.03,595.369999999999,1063.12,0.0,3.0,19.635990618600115,1.388105986338625,1.544397250054542,9.949664610637916,45.0,20.0,25.0,44.44444444444444,7023.150000000001,5059.52,1963.63,623.91,0.0,0.0,,,,,,,,0.13265306122448983
280,0.2840620238990714,True,113,20,67.0,23.0,14,6,2.3,11,35,1.7000000000000002,2.1,3.0,0.024,0.7,8.244382979799775,1.0410666581653876,0.3383051021319543,31.952816744628677,132.0,48.0,84.0,36.36363636363637,20899.840000000004,20075.41,824.4300000000039,2400.37,0.0,2.0,58.950494558199885,1.6372443464349027,2.576933233468403,12.249670554447865,64.0,29.0,35.0,45.3125,15145.82,9250.800000000001,5895.019999999999,1437.46,0.0,0.0,0.17685148367459966,0.15931108660872567,-0.0,0.050793650793650794,0.008244382979799776,0.0020533329082693787,-0.11319191306597386,
281,-1.0026990723767502,False,122,20,66.0,24.0,14,6,2.2,8,38,1.8,2.0,3.0,0.026000000000000002,0.5,-1.6194434260501476,0.988970202443495,0.07065972491380647,23.273585756626,116.0,40.0,76.0,34.48275862068966,14513.83,14675.7,-161.8700000000008,1694.8799999999999,0.0,3.0,56.882179873499794,1.92849540996879,3.0297082351543727,9.12580286499392,53.0,25.0,28.0,47.16981132075472,11814.580000000002,6126.3200000000015,5688.26,999.25,0.0,0.0,,,,,,,,0.016194434260501475
282,0.10422874538388542,True,115,19,68.0,23.0,17,5,2.4000000000000004,16,31,1.7000000000000002,1.9,3.0,0.025,0.5,4.578011264849883,1.0227076713403558,0.2548376939734327,28.122708400032494,159.0,58.0,101.0,36.477987421383645,20621.09,20163.23,457.8600000000006,2189.57,0.0,2.0,29.679476568599856,1.270465853791897,1.542312496792672,18.02360899216191,87.0,36.0,51.0,41.37931034482759,13941.33,10973.399999999998,2967.930000000002,1402.7,0.0,0.0,0.08903842970579956,0.06761646344797423,-0.017277765669496636,0.06904761904761905,0.004578011264849884,0.0011353835670177893,-0.10990939597987846,
283,-1.0473486680484043,False,96,21,67.0,21.0,15,7,2.0,17,32,1.8,1.8,3.0,0.025,0.5,-7.130868120900067,0.9400394702875511,-0.14530968259196286,24.675466537059954,89.0,33.0,56.0,37.07865168539326,11179.41,11892.490000000002,-713.0800000000017,1278.3,0.0,2.0,-1.6869914628499465,0.9657194883529989,-0.03177464649258657,14.148053867632719,41.0,16.0,25.0,39.02439024390244,4751.9,4920.58,-168.6800000000003,580.32,0.0,0.0,,,,,,,,0.2840920082904264
284,0.3328708500719034,True,119,20,68.0,23.0,13,6,2.1,17,34,1.7000000000000002,2.1,3.0,0.026000000000000002,0.5,36.730249916499766,1.2112386315667187,0.9942161377790744,16.85574393452868,113.0,44.0,69.0,38.93805309734513,21061.09,17388.06,3673.029999999999,1940.68,0.0,3.0,36.527059735449875,1.5437493859395797,2.050673269870593,10.600180454173918,51.0,23.0,28.0,45.09803921568628,10370.260000000002,6717.58,3652.680000000002,800.27,0.0,0.0,0.10958117920634962,0.13593734648489492,-0.0,0.04047619047619048,0.036730249916499765,0.010561931578335938,-0.000416047590367284,
285,-1.060959310367658,False,123,20,68.0,43.0,14,5,2.3,16,32,0.5,1.9,3.0,0.024,0.55,-32.18459854200029,0.8937022814412809,-0.5276189193541695,47.06924927813422,277.0,93.0,184.0,33.57400722021661,27059.33,30277.79,-3218.459999999999,3158.7,0.0,3.0,0.6462463288000436,1.0038946293747573,0.21451443299136383,23.474456262924498,142.0,55.0,87.0,38.732394366197184,16667.01,16602.35,64.65999999999985,2070.38,0.0,0.0,,,,,,,,0.36575586220594836
286,0.5400175410915273,True,101,21,67.0,22.0,14,6,2.2,17,33,1.8,2.1,3.0,0.027,0.5,49.4654537918998,1.2636016620153188,1.1981624347941935,21.665275053188786,122.0,50.0,72.0,40.98360655737705,23711.7,18765.170000000002,4946.529999999999,2030.65,0.0,2.0,75.06450578739994,1.951100811417624,3.287375952859843,10.440084009934735,57.0,29.0,28.0,50.87719298245614,15398.789999999999,7892.36,7506.429999999999,1098.53,0.0,0.0,0.2251935173621998,0.237775202854406,-0.0,0.045238095238095244,0.0494654537918998,0.01318008310076594,-0.03083481125583943,
287,0.3069542996138441,True,101,21,66.0,22.0,14,6,2.4000000000000004,17,33,1.9000000000000001,2.1,3.0,0.027,0.5,27.426512312549693,1.1415349396707473,0.7602916666890918,26.280235573250255,125.0,49.0,76.0,39.2,22120.469999999994,19377.829999999998,2742.639999999996,1979.42,0.0,2.0,43.82674905504993,1.4988095048405126,2.188598280313898,11.26738304001997,64.0,28.0,36.0,43.75,13168.930000000002,8786.26,4382.670000000002,1099.05,0.0,0.0,0.13148024716514978,0.12470237621012814,-0.0,0.050793650793650794,0.027426512312549695,0.007076746983537364,-0.034525233851171705,
288,0.2555069897663146,True,108,21,67.0,21.0,14,7,4.0,17,32,1.8,2.1,3.0,0.026000000000000002,0.5,62.01369809984971,1.2204712540169151,1.203736687797842,18.57961847738,177.0,70.0,107.0,39.548022598870055,34329.33,28127.929999999997,6201.400000000005,2924.87,0.0,2.0,35.605494161899934,1.2760072154087894,1.5717722778028398,19.373666501787586,91.0,38.0,53.0,41.75824175824176,16460.710000000003,12900.17,3560.5400000000027,1424.83,0.0,0.0,0.10681648248569979,0.06900180385219734,-0.02499238001021478,0.07222222222222223,0.06201369809984972,0.011023562700845757,-0.04057839958428548,
289,0.3047594596336365,True,117,19,67.0,22.0,14,6,2.2,17,34,1.8,2.0,3.0,0.005,0.55,13.709425397049998,1.3717971665364923,1.4885983735043813,5.184539562233631,110.0,49.0,61.0,44.54545454545455,5058.31,3687.36,1370.9500000000003,533.86,0.0,3.0,12.242017275900052,1.8086091534178355,2.811522515019191,2.8921195546032625,53.0,27.0,26.0,50.943396226415096,2738.1800000000003,1513.97,1224.2100000000003,249.76,0.0,0.0,0.036726051827700154,0.20215228835445886,-0.0,0.04206349206349207,0.01370942539705,0.018589858326824617,-0.008481656335889189,
290,0.38503325892175827,True,120,21,67.0,22.0,15,5,2.3,16,33,1.8,2.0,3.0,0.026000000000000002,0.5,42.71643572079963,1.2040487601454262,1.060759635518522,23.536295973437696,138.0,57.0,81.0,41.30434782608695,25205.93,20934.31,4271.619999999999,2419.7,0.0,3.0,53.73533410854993,1.5172584405508376,2.4844653936783936,12.901252358707065,74.0,33.0,41.0,44.5945945945946,15762.1,10388.54,5373.5599999999995,1337.3,0.0,0.0,0.16120600232564977,0.1293146101377094,-0.0,0.05873015873015874,0.04271643572079963,0.01020243800727131,-0.017136385999830552,
291,0.1373121320311468,True,93,20,68.0,21.0,14,6,2.3,6,31,1.8,1.8,2.5,0.025,0.5,5.535722808899955,1.0393511377126328,0.28513550438493085,25.41885270657901,140.0,56.0,84.0,40.0,14621.280000000002,14067.699999999997,553.5800000000054,1727.94,0.0,2.0,24.57516710464999,1.356100904336788,1.724616192315914,11.490783081828464,78.0,32.0,46.0,41.02564102564103,9358.71,6901.190000000001,2457.5199999999977,1103.28,0.0,0.0,0.07372550131394996,0.089025226084197,-0.0,0.06190476190476191,0.005535722808899955,0.0019675568856316384,-0.09484663696629365,
292,0.288271629870259,True,123,20,66.0,42.0,13,6,2.1,15,35,1.7000000000000002,2.1,3.0,0.027,0.5,20.141496058699975,1.1291563718584134,0.647280216239345,21.22474392127208,104.0,38.0,66.0,36.53846153846154,17608.55,15594.430000000002,2014.1199999999972,1696.07,0.0,1.0,37.229609136349914,1.6294389552773774,2.237042388292651,12.531200389989957,47.0,21.0,26.0,44.680851063829785,9637.609999999999,5914.68,3722.9299999999985,767.16,0.0,0.0,0.11168882740904974,0.15735973881934434,-0.0,0.0373015873015873,0.020141496058699977,0.006457818592920672,-0.044677838311343025,
293,0.3870278198957213,True,97,21,67.0,23.0,15,6,2.2,17,31,1.8,2.0,3.0,0.025,0.5,35.49439042894992,1.2039823153795626,0.9686302571783227,21.33503132938733,120.0,49.0,71.0,40.833333333333336,20949.81,17400.43,3549.380000000001,1907.91,0.0,2.0,52.55846359465009,1.657261014354833,2.610715342059599,11.179040051613525,61.0,29.0,32.0,47.540983606557376,13252.470000000001,7996.61,5255.8600000000015,1087.7,0.0,0.0,0.1576753907839503,0.16431525358870824,-0.0,0.048412698412698414,0.03549439042894992,0.01019911576897813,-0.029069029087563657,
294,-1.0670459459062966,False,112,19,68.0,24.0,14,7,2.1,5,33,1.9000000000000001,1.9,3.0,0.025,0.5,-19.479268224050028,0.7814583578748968,-0.8259702773845173,26.90660813265499,80.0,27.0,53.0,33.75,6965.490000000001,8913.450000000003,-1947.9600000000019,1073.86,0.0,2.0,34.33268059044991,1.95202271586589,2.505077448581372,6.809421114382911,41.0,20.0,21.0,48.78048780487805,7039.5599999999995,3606.2899999999995,3433.27,693.79,0.0,0.0,,,,,,,,0.4022756754377792
295,0.31257299045056314,True,115,19,67.0,23.0,14,5,2.2,10,37,1.8,2.0,3.0,0.026000000000000002,0.5,14.243338399449732,1.0802051711740015,0.47487882259022096,22.247802210201744,134.0,51.0,83.0,38.059701492537314,19183.179999999997,17758.83,1424.349999999995,1993.92,0.0,2.0,59.75572663994999,1.6359452938841401,2.7532044260833,16.265890291399106,70.0,32.0,38.0,45.714285714285715,15371.980000000001,9396.390000000003,5975.589999999998,1350.03,0.0,0.0,0.17926717991984997,0.15898632347103503,-0.007233658807994894,0.05555555555555556,0.014243338399449731,0.004010258558700075,-0.09225600664603231,
296,0.41179353667945884,True,118,20,66.0,36.0,14,6,2.3,14,34,1.9000000000000001,1.9,3.0,0.025,0.5,29.82259696794985,1.20221641959546,0.9096158469657516,18.993484882361546,116.0,47.0,69.0,40.51724137931034,17730.420000000002,14748.11,2982.3100000000013,1797.4,0.0,3.0,52.13106469540003,1.8505895098893421,2.862161302656102,8.659282972013232,55.0,27.0,28.0,49.09090909090909,11341.93,6128.8200000000015,5213.109999999999,972.85,0.0,0.0,0.1563931940862001,0.21264737747233553,-0.0,0.043650793650793655,0.029822596967949852,0.010110820979773005,-0.04083124647759329,
297,0.1827426204727686,True,99,21,65.0,22.0,15,7,2.2,16,32,1.7000000000000002,2.1,3.0,0.024,0.55,13.431873959250023,1.0806236018685966,0.47939746314593507,23.074840940141772,111.0,40.0,71.0,36.03603603603604,18003.87,16660.63,1343.239999999998,1820.68,0.0,2.0,27.49616793879997,1.3496807915352529,1.5921334126866549,15.123022042890714,60.0,27.0,33.0,45.0,10612.81,7863.2,2749.6099999999997,1034.07,0.0,0.0,0.08248850381639991,0.08742019788381322,-0.0007029831022326505,0.047619047619047616,0.013431873959250024,0.004031180093429831,-0.051545199796939355,
298,0.5051330561653635,True,124,20,68.0,23.0,14,6,2.3,17,30,1.8,2.0,3.0,0.028,0.5,71.85212633444978,1.3608671632121097,1.556169776549143,15.538834850997329,119.0,51.0,68.0,42.857142857142854,27096.089999999997,19910.9,7185.189999999995,2352.06,0.0,3.0,63.234122087949984,1.7435932110909504,2.9356767339981533,11.189072008251168,62.0,29.0,33.0,46.774193548387096,14827.289999999999,8503.869999999999,6323.42,1178.02,0.0,0.0,0.18970236626384995,0.1858983027727376,-0.0,0.049206349206349205,0.07185212633444978,0.018043358160605483,-0.009569446572628452,
299,-1.0031231583783335,False,125,11,68.0,24.0,14,5,2.4000000000000004,17,30,1.8,2.1,3.0,0.028,0.5,-1.8738950270000714,0.9847576425305616,0.06427767077832607,28.475270998837683,107.0,38.0,69.0,35.51401869158879,12106.640000000001,12294.03,-187.38999999999942,1363.14,0.0,3.0,59.07932676494989,1.8915327387689196,2.8863414463906705,10.327004322968923,56.0,26.0,30.0,46.42857142857143,12534.619999999999,6626.7,5907.919999999999,1005.24,0.0,0.0,,,,,,,,0.018738950270000714
