stage,trial,score,gated,ema_period,rsi_period,rsi_overbought,rsi_oversold,atr_period,consolidation_candles,consolidation_atr_mult,swing_lookback,volume_sma_period,volume_mult,risk_reward_ratio,leverage,risk_per_trade_pct,max_position_allocation_pct,tr_return_pct,tr_pf,tr_sharpe,tr_max_dd,tr_trades,tr_wins,tr_losses,tr_win_rate,tr_gross_profit,tr_gross_loss,tr_net_pnl,tr_fees,tr_blocked,tr_head_dropped,va_return_pct,va_pf,va_sharpe,va_max_dd,va_trades,va_wins,va_losses,va_win_rate,va_gross_profit,va_gross_loss,va_net_pnl,va_fees,va_blocked,va_head_dropped,c_gate_shortfall,c_va_ret,c_va_pf,c_va_dd,c_va_sample,c_tr_ret,c_tr_pf,c_consistency
1b_narrow,0,-1.0017906863161667,False,102,21,79.0,41.0,14,5,2.1,14,34,1.9,1.6,1.0,0.015,0.5,-1.0744117896999887,0.9817319783842574,-0.017082050668179173,15.287958636480214,121,51,70,42.14876033057851,5777.1,5884.599999999999,-107.49999999999909,589.11,0,2,12.266105037700017,1.4794828994843847,2.019084131321253,4.655593415862868,64,30,34,46.875,3784.6799999999994,2558.11,1226.5699999999993,345.37,0,0,0.010744117896999887,,,,,,,
1b_narrow,1,0.18813821969637717,True,117,20,75.0,37.0,14,6,2.4000000000000004,11,31,1.9,1.8,1.0,0.015,0.5,8.916869797299986,1.1582631536911976,0.6558009892411074,7.606152514351762,127,55,72,43.30708661417323,6526.0599999999995,5634.35,891.7099999999991,658.63,0,3,10.960599248950112,1.3931731848785611,1.8077640264766628,4.018756970784445,70,33,37,47.142857142857146,3883.93,2787.8300000000004,1096.0999999999995,369.02,0,0,,0.032881797746850336,0.09829329621964028,-0.0,0.05555555555555556,0.008916869797299987,0.00791315768455988,-0.015422457307528878
1b_narrow,2,0.10922875159665482,True,100,17,77.0,43.0,14,7,2.5,9,34,1.7,1.7000000000000002,1.0,0.015,0.5,9.047375349650011,1.1432958602186303,0.643578195172007,6.781889386210059,153,63,90,41.1764705882353,7218.6100000000015,6313.860000000001,904.7500000000009,787.52,0,1,5.5281529663999756,1.1807556250122602,0.9929646432596827,4.5460987875579795,85,36,49,42.35294117647059,3611.5299999999997,3058.66,552.8699999999999,435.63,0,0,,0.016584458899199926,0.04518890625306504,-0.0,0.06746031746031747,0.009047375349650012,0.007164793010931514,-0.03621709937650914
1b_narrow,3,0.3474334288687842,True,116,21,79.0,38.0,14,8,2.4000000000000004,9,33,1.7,3.0,1.0,0.015,0.5,12.708428131349883,1.2224299228998747,0.7770615765064431,11.997602497058631,111,35,76,31.53153153153153,6984.169999999999,5713.35,1270.8199999999988,595.0,0,2,26.577419891850003,2.146436782600819,3.303564947684996,6.752787755184976,59,24,35,40.67796610169491,4976.02,2318.27,2657.7500000000005,336.98,0,0,,0.07973225967555,0.25,-0.0,0.046825396825396826,0.012708428131349883,0.011121496144993737,-0.05295415190850627
1b_narrow,4,-1.02014141454175,False,99,19,76.0,40.0,16,5,2.7,13,37,2.0,2.5,1.0,0.015,0.5,-12.084848725050051,0.8434412201754398,-0.6292322684742095,20.937467483278517,138,42,96,30.434782608695652,6510.43,7718.89,-1208.46,630.42,0,1,6.121401588300014,1.1627604616722191,0.7545867171221798,9.298078236757176,68,24,44,35.294117647058826,4373.27,3761.11,612.1600000000003,356.34,0,0,0.12084848725050051,,,,,,,
1b_narrow,5,0.39767454823313486,True,116,15,75.0,36.0,15,6,2.2,13,32,1.8,2.4000000000000004,1.0,0.015,0.5,19.68441036339993,1.331293557708652,1.2170509285387807,9.974691196762752,117,45,72,38.46153846153846,7910.32,5941.83,1968.4899999999998,629.02,0,1,35.776222618099986,2.5440546221207505,4.690835210771633,2.898901771226491,60,30,30,50.0,5894.599999999999,2317.0099999999998,3577.5899999999997,363.5,0,0,,0.10732866785429995,0.25,-0.0,0.047619047619047616,0.01968441036339993,0.0165646778854326,-0.043522255489045245
1b_narrow,6,0.031167477199406175,True,96,20,74.0,44.0,17,5,2.1,13,35,1.9,2.8000000000000003,1.0,0.015,0.5,0.31708988275002414,1.004896990349549,0.08250130868094435,16.161155246187786,110,35,75,31.818181818181817,6511.22,6479.490000000001,31.729999999999563,537.2,0,1,11.222909120900058,1.3674727001850002,1.359433344758284,8.209342777478442,59,20,39,33.898305084745765,4176.33,3054.05,1122.2799999999997,322.62,0,0,,0.03366872736270017,0.09186817504625006,-0.0,0.046825396825396826,0.0003170898827500242,0.00024484951747745233,-0.14175676143516835
1b_narrow,7,0.20215378422784186,True,94,17,74.0,43.0,17,6,2.1,10,31,1.9,2.6,1.0,0.015,0.5,11.475943293100027,1.2057621137791548,0.7822902178921095,9.566977665456537,108,39,69,36.111111111111114,6724.679999999999,5577.12,1147.5599999999995,576.68,0,1,10.7926441154,1.4295054958174482,1.7315803319096108,6.064779863183194,57,19,38,33.333333333333336,3592.0899999999997,2512.8199999999997,1079.27,307.42,0,0,,0.0323779323462,0.10737637395436206,-0.0,0.045238095238095244,0.011475943293100027,0.010288105688957739,-0.004602666292873219
1b_narrow,8,-1.0072697970073334,False,115,18,74.0,42.0,17,7,2.6,11,33,1.8,1.6,1.0,0.015,0.5,-4.3618782044000906,0.9292968591691995,-0.27233602660251943,9.816779999661538,142,58,84,40.84507042253521,5732.599999999999,6168.75,-436.15000000000055,693.77,0,1,16.229980775650002,1.6342816945443177,2.736827083045037,3.610070867042978,75,38,37,50.666666666666664,4181.8,2558.8,1623.0,411.75,0,0,0.04361878204400091,,,,,,,
1b_narrow,9,-1.0289115646258504,False,95,15,78.0,38.0,16,9,2.2,11,35,1.7,1.7000000000000002,1.0,0.015,0.5,1.8407181750500605,1.0548607985118454,0.2128213991730391,8.759035148823681,81,34,47,41.97530864197531,3538.5199999999995,3354.4899999999993,184.0300000000002,410.98,0,1,1.9725550644000032,1.1294214908568394,0.555710076769941,3.693690664637704,42,17,25,40.476190476190474,1721.3400000000001,1524.09,197.25000000000023,213.15,0,0,0.173469387755102,,,,,,,
1b_narrow,10,-1.1074892212752512,False,109,15,80.0,36.0,18,9,2.3000000000000003,14,29,2.0,2.2,1.0,0.015,0.5,-6.670403513449982,0.8012781361259664,-0.6703576594725258,13.793967664350786,67,18,49,26.865671641791046,2689.4500000000003,3356.4500000000003,-667.0,328.05,0,0,8.23621340560003,1.631967037014302,1.9795276203725467,7.379073511745432,31,11,20,35.483870967741936,2126.91,1303.2800000000002,823.6299999999997,167.33,0,0,0.6449353276515066,,,,,,,
1b_narrow,11,-1.0085034013605443,False,112,16,77.0,39.0,15,8,2.3000000000000003,9,32,1.8,3.1,1.0,0.015,0.5,20.99352875009994,1.4751586042374432,1.4467309843103977,8.753952244277674,93,31,62,33.333333333333336,6517.589999999999,4418.2300000000005,2099.3599999999988,514.1,0,1,18.556649053049988,2.116811911697441,2.733140581778612,5.85029221408302,47,18,29,38.297872340425535,3517.21,1661.5600000000002,1855.6499999999999,260.53,0,0,0.05102040816326525,,,,,,,
1b_narrow,12,0.22302274976486405,True,108,21,80.0,36.0,15,8,2.4000000000000004,12,29,1.8,2.2,1.0,0.015,0.5,1.8041532689998165,1.03562753516148,0.18407107386427982,8.804706519511198,110,39,71,35.45454545454545,5244.19,5063.78,180.40999999999985,561.86,0,2,20.33301510355002,1.9391287077494384,3.406868256340486,4.26896349636673,62,27,35,43.54838709677419,4198.33,2165.0600000000004,2033.2699999999995,342.33,0,0,,0.06099904531065006,0.2347821769373596,-0.0,0.049206349206349205,0.0018041532689998165,0.001781376758074005,-0.12555035171656861
1b_narrow,13,0.1615110997312109,True,113,18,78.0,38.0,15,7,2.3000000000000003,10,31,1.7,3.1,1.0,0.015,0.5,4.992175853549761,1.0791807834329437,0.35136306243856746,10.412702623566663,124,34,90,27.419354838709676,6803.759999999999,6304.5599999999995,499.1999999999998,638.65,0,1,15.33957802764993,1.5251722945560742,1.862951827221947,7.086501061700372,65,21,44,32.30769230769231,4454.83,2920.87,1533.96,355.72,0,0,,0.04601873408294979,0.13129307363901854,-0.0,0.0515873015873016,0.004992175853549761,0.003959039171647183,-0.076339224603256
1b_narrow,14,0.29046525113358523,True,109,19,76.0,37.0,15,8,2.5,12,33,1.8,2.8000000000000003,1.0,0.015,0.5,5.845980913499825,1.0939712749455477,0.42458061331410213,12.271593542165846,117,35,82,29.914529914529915,6805.65,6221.05,584.5999999999995,608.57,0,2,26.019010167900085,2.1105022129464834,3.190811112749088,7.899019064007057,59,24,35,40.67796610169491,4944.969999999999,2343.03,2601.939999999999,336.59,0,0,,0.07805703050370026,0.25,-0.0,0.046825396825396826,0.005845980913499825,0.004698563747277385,-0.09496172085628907
1b_narrow,15,0.33100022680542307,True,116,16,79.0,39.0,14,6,2.2,10,32,1.7,2.1,1.0,0.015,0.5,10.140851643749901,1.1638197578808271,0.6506130207851241,11.01212372193805,130,50,80,38.46153846153846,7204.44,6190.34,1014.0999999999995,685.14,0,1,23.927509694499985,2.0110751470488806,3.4010229195301567,3.768959160991191,65,31,34,47.69230769230769,4759.33,2366.5600000000004,2392.7699999999995,363.28000000000003,0,0,,0.07178252908349995,0.25,-0.0,0.0515873015873016,0.010140851643749902,0.008190987894041357,-0.06070144340316977
1b_narrow,16,-1.0153061224489797,False,112,18,76.0,37.0,16,9,2.4000000000000004,13,36,1.8,2.5,1.0,0.015,0.5,3.8085270792999655,1.0836297525887282,0.34160458558949025,9.36674761774631,89,28,61,31.46067415730337,4935.24,4554.36,380.8800000000001,459.56,0,2,15.442569977300044,1.9027739615913006,2.6480788645226965,3.457080417399885,46,18,28,39.130434782608695,3254.7899999999995,1710.5500000000002,1544.2399999999993,254.59,0,0,0.09183673469387754,,,,,,,
1b_narrow,17,0.1891873035707599,True,105,16,75.0,36.0,15,7,2.2,12,30,1.7,2.9000000000000004,1.0,0.015,0.5,1.0145780170499348,1.0165497667438748,0.12140331423749622,10.45970610882134,122,34,88,27.868852459016395,6232.0599999999995,6130.6,101.45999999999913,622.21,0,2,21.315790158200087,1.8549426043429782,2.621402616559785,7.176053155653957,58,24,34,41.37931034482759,4624.78,2493.22,2131.56,325.44,0,0,,0.06394737047460027,0.21373565108574455,-0.0,0.046031746031746035,0.0010145780170499347,0.0008274883371937381,-0.13636953037557462
1b_narrow,18,0.22820105038754582,True,114,20,78.0,38.0,14,8,2.5,9,33,1.8,2.0,1.0,0.015,0.5,1.2744532328998504,1.0232581484739747,0.14297848451992656,9.772305150815509,119,44,75,36.97478991596638,5606.37,5478.9400000000005,127.42999999999938,603.91,0,2,21.862714543899983,2.2174980787864618,3.7704320974754166,3.8015353932543934,55,28,27,50.90909090909091,3982.05,1795.7399999999998,2186.3100000000004,304.86,0,0,,0.06558814363169994,0.25,-0.0,0.043650793650793655,0.0012744532328998505,0.0011629074236987336,-0.13347524755154636
1b_narrow,19,0.09397343221415118,True,117,19,79.0,40.0,16,6,2.7,14,32,1.7,2.4000000000000004,1.0,0.015,0.5,2.863219751249908,1.0328643562083997,0.21550745742094077,16.89027259590819,168,59,109,35.11904761904762,9000.379999999997,8714.000000000002,286.37999999999556,829.35,0,1,13.16622336920009,1.312510384179021,1.4929674094957182,8.558196892962872,86,34,52,39.53488372093023,5529.79,4213.139999999999,1316.6500000000005,458.02,0,0,,0.03949867010760027,0.07812759604475528,-0.0,0.06825396825396826,0.002863219751249908,0.0016432178104199835,-0.09641323975384251
1b_narrow,20,0.2177097660380991,True,110,17,77.0,39.0,15,7,2.6,10,34,1.8,2.8000000000000003,1.0,0.015,0.5,13.027792023299861,1.1883201549603206,0.7856889843660979,8.410061581470202,135,45,90,33.333333333333336,8220.68,6917.899999999999,1302.7800000000016,723.79,0,1,14.089629943250056,1.4037364967477581,1.610144154920095,8.784586594380798,73,25,48,34.24657534246575,4898.900000000001,3489.8999999999996,1409.000000000001,403.09,0,0,,0.04226888982975017,0.10093412418693953,-0.0,0.057936507936507946,0.013027792023299862,0.009416007748016032,-0.005873555686414444
1b_narrow,21,0.3298766467279013,True,116,15,79.0,39.0,14,6,2.2,10,32,1.7,2.0,1.0,0.015,0.5,13.816878784299844,1.2243640644663663,0.8693537824900114,7.447053303844145,132,52,80,39.39393939393939,7539.94,6158.25,1381.6899999999996,709.23,0,1,20.972097471399977,1.8815822106391475,3.102389356432572,3.768959160991191,66,31,35,46.96969696969697,4476.19,2378.95,2097.24,364.87,0,0,,0.06291629241419992,0.2203955526597869,-0.0,0.05238095238095239,0.013816878784299845,0.011218203223318313,-0.030851232734656092
1b_narrow,22,0.3241106586240965,True,114,16,80.0,40.0,14,6,2.2,9,32,1.7,2.2,1.0,0.015,0.5,9.20049968954985,1.1488878999959542,0.608693743664219,10.989264652375507,130,47,83,36.15384615384615,7099.839999999999,6179.750000000001,920.0899999999983,676.9,0,1,25.26356876919994,2.083208993620086,3.6072115526964854,3.7612386835758516,65,31,34,47.69230769230769,4858.71,2332.32,2526.39,364.35,0,0,,0.07579070630759982,0.25,-0.0,0.0515873015873016,0.009200499689549852,0.00744439499979771,-0.06991224396015251
1b_narrow,23,0.14223429961943163,True,117,16,79.0,37.0,14,5,2.3000000000000003,10,30,1.7,2.0,1.0,0.015,0.5,3.75637764314979,1.0486639503021902,0.2775287730114156,10.779550692634604,164,63,101,38.41463414634146,8094.2699999999995,7718.649999999999,375.6200000000008,824.52,0,2,16.714001470149977,1.4440421032496649,2.1310870159498703,5.7073702220766815,88,37,51,42.04545454545455,5435.489999999999,3764.0800000000004,1671.4099999999985,483.13,0,0,,0.050142004410449935,0.11101052581241622,-0.0,0.06984126984126984,0.0037563776431497903,0.0024331975151095087,-0.09494907560296366
1b_narrow,24,0.2928431581397635,True,111,15,78.0,38.0,15,6,2.2,9,33,1.7,2.3000000000000003,1.0,0.015,0.5,5.354857603649962,1.0859077199512286,0.37291648939367167,13.222705730719017,130,44,86,33.84615384615385,6768.679999999999,6233.200000000001,535.4799999999987,657.56,0,1,25.39750130534998,2.018748345380302,3.5509387484089094,4.238090583935454,69,30,39,43.47826086956522,5032.780000000001,2493.02,2539.7600000000007,392.33,0,0,,0.07619250391604994,0.25,-0.0,0.05476190476190477,0.005354857603649963,0.00429538599756143,-0.09776149413940259
1b_narrow,25,-1.0034013605442178,False,115,16,75.0,41.0,14,7,2.1,11,30,1.8,1.9000000000000001,1.0,0.015,0.5,0.3505651502998808,1.0081869760510513,0.07184961370432154,7.632812748497229,96,34,62,35.416666666666664,4316.24,4281.19,35.05000000000018,485.67,0,1,16.098956291750056,2.038752887432089,2.9926333429247762,3.4837434263612197,49,24,25,48.97959183673469,3159.7,1549.82,1609.8799999999999,267.65,0,0,0.020408163265306145,,,,,,,
1b_narrow,26,-1.0070342195215003,False,113,15,80.0,39.0,15,5,2.4000000000000004,12,31,1.7,2.6,1.0,0.015,0.5,-4.220531712900211,0.9506141632026366,-0.1520396065413675,15.165309696670473,161,49,112,30.434782608695652,8122.960000000001,8544.96,-421.9999999999982,775.01,0,1,18.362542324250025,1.4617498843267818,1.9836291927566312,9.911634711432383,83,31,52,37.34939759036145,5812.97,3976.7200000000003,1836.25,453.22,0,0,0.042205317129002114,,,,,,,
1b_narrow,27,-1.001700680272109,False,107,17,79.0,37.0,14,8,2.3000000000000003,9,32,1.8,2.1,1.0,0.015,0.5,10.913945137299997,1.2810294439509224,0.9729288356484059,6.236705088493439,97,39,58,40.20618556701031,4975.07,3883.65,1091.4199999999996,503.73,0,1,15.89691278310007,2.0736795893556668,3.143270714861836,3.8183222364913423,49,22,27,44.89795918367347,3070.29,1480.6,1589.69,267.94,0,0,0.010204081632653073,,,,,,,
1b_narrow,28,0.39562548505858364,True,115,21,77.0,36.0,14,6,2.2,10,34,1.7,2.9000000000000004,1.0,0.015,0.5,21.145103201349773,1.3153392567936366,1.1535284929942402,12.05774235751224,125,42,83,33.6,8820.060000000001,6705.54,2114.5200000000013,683.09,0,2,26.686517801749943,2.0547273316522934,2.965061447868127,4.972658678547457,58,25,33,43.10344827586207,5198.83,2530.1800000000003,2668.6499999999996,332.94,0,0,,0.08005955340524983,0.25,-0.0,0.046031746031746035,0.021145103201349776,0.01576696283968183,-0.017377880419443846
1b_narrow,29,-1.0055269286875836,False,105,21,77.0,36.0,14,5,2.1,13,35,1.9,2.9000000000000004,1.0,0.015,0.5,-3.316157212550133,0.9510062315145033,-0.1236429896362651,16.186567242409946,117,36,81,30.76923076923077,6437.1900000000005,6768.820000000001,-331.6300000000001,561.57,0,2,17.29407144509998,1.601902415085671,1.9094811027622218,7.952910968039825,54,20,34,37.03703703703704,4602.57,2873.19,1729.3799999999997,298.18,0,0,0.03316157212550133,,,,,,,
1b_narrow,30,-1.0089236244750874,False,114,21,76.0,36.0,15,9,2.6,14,34,1.9,3.0,1.0,0.015,0.5,-2.9732223041000907,0.947651916676938,-0.1550135012403262,12.54802420873053,101,28,73,27.722772277227723,5381.809999999999,5679.099999999999,-297.2900000000009,503.5,0,2,14.539147723000095,1.7632098350673482,1.9366035455746944,6.6359563277746725,41,15,26,36.58536585365854,3358.9499999999994,1905.0199999999998,1453.9299999999996,222.36,0,0,0.05354174685052474,,,,,,,
1b_narrow,31,0.3942721812703467,True,116,20,78.0,38.0,14,6,2.2,10,33,1.7,2.7,1.0,0.015,0.5,19.61959202014983,1.30315812894882,1.0984826341402947,12.18654627314689,125,44,81,35.2,8433.869999999999,6471.869999999999,1962.0,676.45,0,2,31.304209138600037,2.173426395177977,3.741439150506585,3.768959160991191,63,28,35,44.44444444444444,5798.18,2667.76,3130.42,371.56,0,0,,0.0939126274158001,0.25,-0.0,0.05,0.01961959202014983,0.015157906447441007,-0.03441794461304423
1b_narrow,32,0.2626282085728167,True,117,21,78.0,37.0,14,6,2.1,11,34,1.7,2.7,1.0,0.015,0.5,5.425907487299883,1.0900342034382668,0.3814814269492052,12.600690838652179,117,38,79,32.47863247863248,6568.2300000000005,6025.710000000002,542.5199999999986,604.49,0,3,23.261889035000056,1.9300928017656722,2.995864601137844,3.5640058277250066,55,24,31,43.63636363636363,4827.219999999999,2501.03,2326.189999999999,308.48,0,0,,0.06978566710500016,0.23252320044141805,-0.0,0.043650793650793655,0.005425907487299883,0.004501710171913343,-0.09325907028360836
1b_narrow,33,0.2652246658063,True,115,20,77.0,38.0,14,6,2.3000000000000003,10,33,1.7,3.0,1.0,0.015,0.5,12.381764283749872,1.169150925739984,0.6869600103208833,12.800934142745232,134,42,92,31.34328358208955,8558.289999999999,7320.09,1238.199999999999,709.68,0,2,19.654769947199966,1.6683737141885568,2.190534108899574,5.880990858995512,66,23,43,34.84848484848485,4906.2699999999995,2940.7500000000005,1965.519999999999,362.53,0,0,,0.05896430984159989,0.1670934285471392,-0.0,0.05238095238095239,0.012381764283749873,0.008457546286999197,-0.03405333553414055
1b_narrow,34,0.32485680159436703,True,112,20,75.0,37.0,14,7,2.2,9,36,1.7,2.7,1.0,0.015,0.5,10.25892988359994,1.2029252120521585,0.7420058394702406,9.092708788638314,107,34,73,31.77570093457944,6081.219999999999,5055.36,1025.8599999999997,563.68,0,2,22.536604648699978,1.987862396661611,3.231727448515832,3.6165619968120977,58,24,34,41.37931034482759,4534.99,2281.34,2253.6499999999996,329.27,0,0,,0.06760981394609994,0.24696559916540273,-0.0,0.046031746031746035,0.010258929883599941,0.010146260602607926,-0.056155548035089535
1b_narrow,35,0.05095466317352155,True,116,21,78.0,36.0,14,5,2.4000000000000004,11,34,1.8,3.0,1.0,0.015,0.5,1.3480223141498209,1.0173869423199182,0.13829477715646382,14.100752441216352,138,41,97,29.71014492753623,7889.5,7754.67,134.82999999999993,679.12,0,2,11.90246438145001,1.3141660309826662,1.2716342673122116,8.228872603589386,68,23,45,33.8235294117647,4978.8099999999995,3788.5699999999997,1190.2399999999998,364.48,0,0,,0.03570739314435003,0.07854150774566654,-0.0,0.05396825396825397,0.001348022314149821,0.000869347115995911,-0.11947986111489473
1b_narrow,36,-1.0140254396460833,False,111,20,76.0,38.0,15,5,2.1,9,35,1.7,2.5,1.0,0.015,0.5,-8.415263787649984,0.8790160021853839,-0.40032882078953635,16.847156728326013,138,41,97,29.71014492753623,6113.820000000001,6955.3,-841.4799999999996,647.84,0,2,23.87254305669998,1.8182877670222393,2.7721705785652246,7.6455486365269625,69,29,40,42.028985507246375,5304.599999999999,2917.3599999999997,2387.24,385.68,0,0,0.08415263787649983,,,,,,,
1b_narrow,37,-1.007936507936508,False,115,21,77.0,37.0,16,6,2.2,10,33,2.0,2.7,1.0,0.015,0.5,16.58600707174988,1.3161087563084153,1.1039135649501417,6.265796710831611,99,35,64,35.35353535353536,6905.5700000000015,5246.959999999999,1658.6100000000024,541.69,0,1,25.96167385805,2.5057942602603065,3.6555599078527057,4.192463632454211,40,20,20,50.0,4320.29,1724.1200000000001,2596.17,233.23,0,0,0.04761904761904767,,,,,,,
1b_narrow,38,0.22311129103020338,True,113,20,74.0,41.0,14,6,2.5,10,34,1.7,2.9000000000000004,1.0,0.015,0.5,9.248031797199765,1.1156221127290595,0.5344980871008761,16.23887568920323,149,47,102,31.543624161073826,8923.27,7998.47,924.8000000000002,768.02,0,1,20.18054497179999,1.587661108554988,2.1428816700643476,7.447906787850727,71,26,45,36.61971830985915,5452.06,3434.02,2018.0400000000004,396.99,0,0,,0.06054163491539996,0.14691527713874702,-0.0,0.05634920634920635,0.009248031797199767,0.005781105636452977,-0.055723964806802695
1b_narrow,39,0.21777516914555842,True,117,19,78.0,36.0,15,7,2.3000000000000003,13,36,1.9,2.6,1.0,0.015,0.5,1.6656405459999406,1.0306160529300707,0.1684756154576522,9.86656111988132,104,33,71,31.73076923076923,5606.17,5439.629999999999,166.54000000000087,531.38,0,2,21.424363324249953,1.949578938037408,2.917350306280975,5.427116437062172,52,22,30,42.30769230769231,4398.64,2256.2000000000003,2142.44,295.87,0,0,,0.06427308997274986,0.237394734509352,-0.0,0.04126984126984127,0.0016656405459999407,0.0015308026465035375,-0.12835893979888818
1b_narrow,40,0.34643504128920133,True,98,21,79.0,44.0,14,6,2.1,9,33,1.8,2.4000000000000004,1.0,0.015,0.5,17.700350602749914,1.3155689626277862,1.1394240076852458,7.5530094486391235,116,44,72,37.93103448275862,7379.0,5608.98,1770.0200000000004,630.23,0,1,18.240259674650076,1.8673520335138678,2.9703889776170236,3.687596889870231,55,24,31,43.63636363636363,3927.0599999999995,2103.01,1824.0499999999993,302.24,0,0,,0.05472077902395022,0.21683800837846695,-0.0,0.043650793650793655,0.017700350602749916,0.015778448131389313,-0.002253338498148702
1b_narrow,41,0.34248132503593326,True,103,21,79.0,44.0,14,6,2.1,9,33,1.8,2.4000000000000004,1.0,0.015,0.5,12.421675262199933,1.22505376324605,0.8447121735422302,8.296456978845494,116,42,74,36.206896551724135,6761.7699999999995,5519.569999999999,1242.2000000000007,597.86,0,1,24.225828731950077,2.1731289799278466,3.7525288175737783,3.7375482707564807,56,26,30,46.42857142857143,4487.62,2065.05,2422.5699999999997,316.7,0,0,,0.07267748619585022,0.25,-0.0,0.044444444444444446,0.012421675262199934,0.011252688162302505,-0.048314969028863834
1b_narrow,42,0.3383350902289308,True,99,21,79.0,43.0,14,6,2.1,9,33,1.8,2.4000000000000004,1.0,0.015,0.5,15.271912349699907,1.2646675516704737,0.9934903661945432,8.295711478729244,117,44,73,37.60683760683761,7297.41,5770.219999999999,1527.1900000000005,628.31,0,1,18.965019544450058,1.8986826517556747,3.0686093494790465,3.6871773712661953,56,25,31,44.642857142857146,4006.79,2110.2999999999997,1896.4900000000002,308.86,0,0,,0.05689505863335017,0.22467066293891869,-0.0,0.044444444444444446,0.015271912349699907,0.013233377583523687,-0.01618036572100605
1b_narrow,43,0.1269169900594248,True,101,20,80.0,42.0,18,5,2.2,11,35,1.9,3.1,1.0,0.015,0.5,0.450824519949947,1.0065311783774706,0.0917565384668013,16.78015783100765,122,37,85,30.327868852459016,6951.9800000000005,6906.87,45.11000000000058,588.1,0,1,19.234431154199953,1.668485514096647,2.0760046712635143,6.2154845215636625,56,20,36,35.714285714285715,4800.7,2877.2799999999997,1923.42,310.65,0,0,,0.05770329346259985,0.16712137852416176,-0.0,0.044444444444444446,0.00045082451994994704,0.00032655891887353186,-0.14312950981060474
1b_narrow,44,0.3198999185295279,True,97,21,78.0,40.0,14,6,2.1,9,31,1.8,2.5,1.0,0.015,0.5,14.417552181649846,1.2562657755341462,0.9554362100144068,5.949928842927183,115,42,73,36.52173913043478,7067.5,5625.8,1441.6999999999998,621.07,0,2,18.28774534360002,1.8444468044826363,2.8808607471898284,3.648080958888795,56,24,32,42.857142857142854,3994.5,2165.6899999999996,1828.8100000000004,306.69,0,0,,0.05486323603080005,0.21111170112065908,-0.0,0.044444444444444446,0.014417552181649846,0.01281328877670731,-0.017750304024732787
1b_narrow,45,0.17918240611449776,True,94,19,79.0,42.0,15,7,2.2,10,34,1.7,2.8000000000000003,1.0,0.015,0.5,13.061006140799819,1.2305827770843667,0.8532045083799868,11.122537401660407,112,37,75,33.035714285714285,6970.549999999999,5664.43,1306.119999999999,602.07,0,1,10.037210714699922,1.379643323183993,1.3725842313625107,6.649848797461401,62,22,40,35.483870967741936,3647.57,2643.85,1003.7200000000003,328.98,0,0,,0.030111632144099766,0.09491083079599827,-0.0,0.049206349206349205,0.01306100614079982,0.011529138854218336,-0.019636551026967628
1b_narrow,46,0.31941094715801,True,103,21,74.0,43.0,14,6,2.3000000000000003,9,32,1.8,2.6,1.0,0.015,0.5,6.785797224399904,1.0989543989616903,0.45050923348881433,11.063865644223641,130,44,86,33.84615384615385,7535.86,6857.3,678.5599999999995,670.2,0,1,33.21332604700001,2.210420819773099,4.161345666401073,4.580463851590541,72,31,41,43.05555555555556,6065.239999999999,2743.93,3321.309999999999,430.35,0,0,,0.09963997814100002,0.25,-0.0,0.05714285714285714,0.006785797224399904,0.004947719948084517,-0.0991054052983316
1b_narrow,47,-1.0153061224489797,False,106,20,77.0,36.0,16,8,2.1,12,33,1.7,2.3000000000000003,1.0,0.015,0.5,4.198719043549973,1.105144265324982,0.38055823927045906,10.857239144861728,89,31,58,34.831460674157306,4412.83,3992.9900000000002,419.8399999999997,450.74,0,2,12.273120888599989,1.7732387444714652,2.469384954010507,3.999296453496512,44,19,25,43.18181818181818,2814.5199999999995,1587.2200000000003,1227.2999999999993,237.1,0,0,0.09183673469387754,,,,,,,
1b_narrow,48,0.3095185491909164,True,99,21,75.0,38.0,17,7,2.2,10,32,1.8,2.9000000000000004,1.0,0.015,0.5,21.432153033899795,1.38766632178336,1.4450959134189076,8.092462583855584,109,37,72,33.944954128440365,7671.63,5528.4400000000005,2143.1899999999996,612.49,0,2,17.632956986749925,1.743790811075303,2.2522036234951517,6.090496555260013,56,22,34,39.285714285714285,4133.97,2370.6800000000003,1763.29,312.08,0,0,,0.052898870960249776,0.18594770276882577,-0.0,0.044444444444444446,0.021432153033899795,0.019383316089168004,-0.01458793810567137
1b_narrow,49,-1.0190297417140053,False,116,18,78.0,41.0,15,9,2.5,11,34,1.9,3.0,1.0,0.015,0.5,-1.2137633957501384,0.9760936952266164,-0.03487385951068873,13.014453177222467,95,26,69,27.36842105263158,4956.349999999999,5077.740000000001,-121.39000000000124,483.08,0,1,20.36479570635005,2.28847918103421,2.9024576128419866,5.8495250466316016,39,16,23,41.02564102564103,3617.01,1580.5300000000002,2036.48,219.07,0,0,0.114178450284032,,,,,,,
1b_narrow,50,0.16205743106168768,True,109,20,80.0,36.0,14,5,2.3000000000000003,9,31,1.7,2.7,1.0,0.015,0.5,7.545538852549889,1.091780182030066,0.4401950237032543,9.686990311454174,153,48,105,31.372549019607842,8975.11,8220.619999999999,754.4900000000016,785.42,0,2,13.588799224800004,1.3510501433775088,1.5157611379296438,9.618767051798544,81,28,53,34.5679012345679,5229.779999999999,3870.8999999999996,1358.8799999999992,438.64,0,0,,0.04076639767440001,0.08776253584437721,-0.0,0.0642857142857143,0.007545538852549889,0.0045890091015033056,-0.04289176469685702
1b_narrow,51,0.25176505787546316,True,93,21,79.0,44.0,14,6,2.1,9,33,1.8,2.4000000000000004,1.0,0.015,0.5,12.850125574099911,1.2259133584162596,0.8444273742283545,8.931049762220882,116,42,74,36.206896551724135,6972.75,5687.799999999999,1284.9500000000007,609.91,0,1,13.333418388749996,1.580598386246957,2.2310685428766734,4.581627548190024,57,22,35,38.59649122807018,3629.8599999999997,2296.51,1333.3499999999995,303.93,0,0,,0.040000255166249984,0.14514959656173926,-0.0,0.045238095238095244,0.01285012557409991,0.01129566792081298,-0.0027686825855342398
1b_narrow,52,0.34643504128920133,True,97,21,79.0,44.0,14,6,2.1,9,33,1.8,2.4000000000000004,1.0,0.015,0.5,17.700350602749914,1.3155689626277862,1.1394240076852458,7.5530094486391235,116,44,72,37.93103448275862,7379.0,5608.98,1770.0200000000004,630.23,0,1,18.240259674650076,1.8673520335138678,2.9703889776170236,3.687596889870231,55,24,31,43.63636363636363,3927.0599999999995,2103.01,1824.0499999999993,302.24,0,0,,0.05472077902395022,0.21683800837846695,-0.0,0.043650793650793655,0.017700350602749916,0.015778448131389313,-0.002253338498148702
1b_narrow,53,0.3833980428855948,True,97,21,79.0,43.0,14,6,2.2,10,33,1.8,2.3000000000000003,1.0,0.015,0.5,19.793423771399993,1.3256177790061245,1.2002458572901873,9.762437049768115,122,49,73,40.16393442622951,8057.94,6078.63,1979.3099999999995,662.75,0,1,22.412112691849924,1.970275640831382,3.2757538728429636,3.3704102872587747,59,27,32,45.76271186440678,4551.120000000001,2309.89,2241.230000000001,333.12,0,0,,0.06723633807554977,0.2425689102078455,-0.0,0.046825396825396826,0.019793423771399993,0.016280888950306226,-0.009306914944903483
1b_narrow,54,0.40307922577639144,True,96,20,78.0,43.0,14,6,2.2,10,32,1.8,2.3000000000000003,1.0,0.015,0.5,24.652701092749957,1.4074214243925653,1.4659437843055472,9.762437049768115,123,51,72,41.46341463414634,8516.109999999999,6050.860000000001,2465.249999999998,677.38,0,1,22.808512177349964,1.9945321356937298,3.3453573555557847,4.31786141615516,59,27,32,45.76271186440678,4574.26,2293.4,2280.86,332.23,0,0,,0.0684255365320499,0.24863303392343244,-0.0,0.046825396825396826,0.02465270109274996,0.020371071219628268,-0.0058285138168659495
1b_narrow,55,0.24757181988489024,True,94,20,78.0,42.0,15,6,2.2,11,32,1.7,2.3000000000000003,1.0,0.015,0.5,12.521990563549917,1.1874840919775658,0.7418990017556499,15.122644215570261,133,50,83,37.59398496240601,7931.2300000000005,6679.0199999999995,1252.210000000001,684.1,0,1,17.13559750004999,1.5554921614647492,2.3566878137389775,5.340838177466063,74,31,43,41.891891891891895,4798.32,3084.7599999999998,1713.56,406.33,0,0,,0.05140679250014997,0.1388730403661873,-0.0,0.05873015873015874,0.012521990563549919,0.00937420459887829,-0.02333436687403397
1b_narrow,56,0.24305734730853998,True,96,19,78.0,43.0,14,7,2.3000000000000003,10,32,1.8,2.2,1.0,0.015,0.5,10.971234034049848,1.203243387439191,0.8335976352462227,7.845750576941303,119,46,73,38.65546218487395,6495.179999999999,5398.06,1097.119999999999,631.26,0,1,14.584508873049945,1.5943398533007334,2.3551438282540142,6.241610772131696,64,26,38,40.625,3912.51,2454.0000000000005,1458.5099999999998,345.93,0,0,,0.043753526619149836,0.14858496332518334,-0.0,0.050793650793650794,0.01097123403404985,0.010162169371959552,-0.021208196835453403
1b_narrow,57,0.18707544323243885,True,95,20,77.0,43.0,14,6,2.4000000000000004,10,31,1.7,2.2,1.0,0.015,0.5,16.577384411749954,1.2215322156027912,0.9320154117962676,12.68494338388848,153,60,93,39.21568627450981,9140.749999999998,7483.0199999999995,1657.7299999999987,815.25,0,1,11.631178891450073,1.3049054150413155,1.6756216486122053,5.519284183947646,94,37,57,39.361702127659576,4977.64,3814.56,1163.0800000000004,499.84,0,0,,0.03489353667435022,0.07622635376032888,-0.0,0.0746031746031746,0.016577384411749954,0.011076610780139563,-0.026301616997304367
1b_narrow,58,0.25322322188245366,True,115,18,76.0,40.0,15,5,2.2,10,32,1.9,2.3000000000000003,1.0,0.015,0.5,2.2790128896998976,1.0374321185580389,0.19795972431749376,11.892945145428433,124,44,80,35.483870967741936,6315.7,6087.82,227.8800000000001,614.36,0,1,27.036132371500027,1.9722174275768825,3.2494377222014452,3.911103982055835,65,29,36,44.61538461538461,5484.5,2780.8799999999997,2703.6200000000003,374.68,0,0,,0.08110839711450007,0.2430543568942206,-0.0,0.0515873015873016,0.0022790128896998975,0.0018716059279019427,-0.12667745253117044
1b_narrow,59,0.3454010082227678,True,100,17,77.0,42.0,14,6,2.2,12,33,1.8,2.1,1.0,0.015,0.5,13.424572098349872,1.2228604345783456,0.8842324351993855,8.92733587751766,125,51,74,40.8,7366.2300000000005,6023.7699999999995,1342.460000000001,654.29,0,1,21.496805176699947,1.9767631008583206,3.177359399011849,3.5081415227309614,59,29,30,49.152542372881356,4350.4800000000005,2200.81,2149.6700000000005,328.59,0,0,,0.06449041553009985,0.24419077521458016,-0.0,0.046825396825396826,0.013424572098349873,0.01114302172891728,-0.03467317317457617
1b_narrow,60,0.17258849993641973,True,114,20,78.0,39.0,14,7,2.7,10,34,1.7,2.8000000000000003,1.0,0.015,0.5,8.015526866599721,1.1021801039698749,0.485641713030141,14.627326765479859,149,47,102,31.543624161073826,8646.14,7844.579999999999,801.5600000000004,774.16,0,2,14.987090489300117,1.395412524536187,1.64041296123028,7.998719144876183,77,28,49,36.36363636363637,5289.06,3790.3199999999997,1498.7400000000007,421.8,0,0,,0.04496127146790035,0.09885313113404676,-0.0,0.061111111111111116,0.008015526866599723,0.005109005198493744,-0.04546154584173195
1b_narrow,61,0.3666288193255311,True,97,21,79.0,43.0,14,6,2.2,10,33,1.8,2.5,1.0,0.015,0.5,15.84455921919989,1.2510082912749936,0.9522547939494251,9.478448634144211,120,45,75,37.5,7897.190000000001,6312.66,1584.5300000000016,649.04,0,1,27.57883010315012,2.1957751791776685,3.7541494519521925,3.370537294484061,58,27,31,46.55172413793103,5064.2699999999995,2306.37,2757.8999999999996,335.26,0,0,,0.08273649030945036,0.25,-0.0,0.046031746031746035,0.015844559219199892,0.01255041456374968,-0.04053439079861485
1b_narrow,62,0.36033951839444767,True,96,21,79.0,43.0,14,6,2.2,10,33,1.8,2.5,1.0,0.015,0.5,14.996085192850007,1.2350034710741213,0.9031189342729443,9.478448634144211,121,45,76,37.1900826446281,7880.9400000000005,6381.3099999999995,1499.630000000001,653.14,0,1,25.373700168700015,2.080476411498942,3.5152311753604355,4.318064855526531,58,26,32,44.827586206896555,4885.77,2348.39,2537.3800000000006,330.83,0,0,,0.07612110050610003,0.25,-0.0,0.046031746031746035,0.014996085192850006,0.011750173553706068,-0.03855958688995449
1b_narrow,63,0.36033951839444767,True,96,21,79.0,43.0,14,6,2.2,10,33,1.8,2.5,1.0,0.015,0.5,14.996085192850007,1.2350034710741213,0.9031189342729443,9.478448634144211,121,45,76,37.1900826446281,7880.9400000000005,6381.3099999999995,1499.630000000001,653.14,0,1,25.373700168700015,2.080476411498942,3.5152311753604355,4.318064855526531,58,26,32,44.827586206896555,4885.77,2348.39,2537.3800000000006,330.83,0,0,,0.07612110050610003,0.25,-0.0,0.046031746031746035,0.014996085192850006,0.011750173553706068,-0.03855958688995449
1b_narrow,64,0.4035904749998226,True,97,21,80.0,43.0,14,6,2.2,10,34,1.8,2.6,1.0,0.015,0.5,22.319467186199944,1.3486399180233122,1.2661532969152527,8.874700886724472,120,47,73,39.166666666666664,8633.75,6401.82,2231.9300000000003,667.1,0,1,27.847552555550063,2.132569271877631,3.6424684383610617,3.6165619968120977,59,27,32,45.76271186440678,5243.54,2458.79,2784.75,338.73,0,0,,0.08354265766665019,0.25,-0.0,0.046825396825396826,0.022319467186199943,0.01743199590116561,-0.016529042579589995
1b_narrow,65,0.4035904749998226,True,98,20,80.0,42.0,14,6,2.2,10,34,1.8,2.6,1.0,0.015,0.5,22.319467186199944,1.3486399180233122,1.2661532969152527,8.874700886724472,120,47,73,39.166666666666664,8633.75,6401.82,2231.9300000000003,667.1,0,1,27.847552555550063,2.132569271877631,3.6424684383610617,3.6165619968120977,59,27,32,45.76271186440678,5243.54,2458.79,2784.75,338.73,0,0,,0.08354265766665019,0.25,-0.0,0.046825396825396826,0.022319467186199943,0.01743199590116561,-0.016529042579589995
1b_narrow,66,0.3136452132152941,True,98,19,80.0,42.0,17,6,2.2,13,35,1.8,2.6,1.0,0.015,0.5,8.609813068449803,1.1291625408827677,0.533559583554367,14.613264902272013,119,41,78,34.45378151260504,7526.32,6665.400000000001,860.9199999999992,622.87,0,1,25.898648099699965,2.019068155079267,3.1827019488736608,4.0446714659621925,58,26,32,44.827586206896555,5131.28,2541.41,2589.87,328.78,0,0,,0.0776959442990999,0.25,-0.0,0.046031746031746035,0.008609813068449804,0.006458127044138385,-0.07515041722814005
1b_narrow,67,-1.0016766650543334,False,93,20,80.0,42.0,14,6,2.3000000000000003,14,34,1.8,2.6,1.0,0.015,0.5,-1.0059990326000845,0.985857498126751,0.005579476101590512,14.498102523756637,128,42,86,32.8125,7012.709999999999,7113.3099999999995,-100.60000000000036,624.66,0,1,12.275226261350035,1.3688637148995628,1.568333396520637,6.316815945970784,68,24,44,35.294117647058826,4555.51,3327.9500000000003,1227.56,365.2,0,0,0.010059990326000846,,,,,,,
1b_narrow,68,0.32593277654698616,True,95,20,80.0,44.0,14,6,2.2,10,34,1.8,2.7,1.0,0.015,0.5,22.35027674089999,1.344722810470319,1.2417251877014734,8.732416682878705,120,45,75,37.5,8718.47,6483.47,2234.999999999999,661.82,0,1,20.65556010174994,1.717988112204109,2.6741224836367836,5.146563787833766,64,25,39,39.0625,4942.4800000000005,2876.8999999999996,2065.580000000001,361.31,0,0,,0.06196668030524982,0.17949702805102724,-0.0,0.050793650793650794,0.02235027674089999,0.017236140523515953,-0.005910999867357622
1b_narrow,69,0.27865282551649173,True,100,19,80.0,41.0,15,6,2.2,11,35,1.9,2.6,1.0,0.015,0.5,4.065378152249832,1.0678362026676635,0.30839176612739083,14.713695904196324,111,38,73,34.234234234234236,6399.820000000001,5993.259999999999,406.5600000000013,559.51,0,1,32.05284528094999,2.652041026698278,4.21322795503068,3.423832658714871,52,26,26,50.0,5145.49,1940.2000000000003,3205.2899999999995,305.03,0,0,,0.09615853584284996,0.25,-0.0,0.04126984126984127,0.004065378152249832,0.0033918101333831776,-0.11623273988183253
1b_narrow,70,0.38866408975744254,True,101,20,80.0,43.0,14,6,2.2,11,34,1.8,2.3000000000000003,1.0,0.015,0.5,19.150941490099996,1.3168275554011466,1.1824648848733037,9.506384367438514,125,51,74,40.8,7959.63,6044.549999999999,1915.0800000000008,656.96,0,1,26.069559715349932,2.054565606960968,3.556835735452068,3.8341541665831183,61,29,32,47.540983606557376,5079.03,2472.07,2606.9599999999996,348.32,0,0,,0.0782086791460498,0.25,-0.0,0.048412698412698414,0.019150941490099996,0.01584137777005733,-0.022949607061463016
1b_narrow,71,0.35286111699243483,True,98,20,80.0,43.0,14,6,2.2,10,34,1.8,2.3000000000000003,1.0,0.015,0.5,22.57515944534989,1.3728672747032762,1.3443154333835463,9.302701034966338,122,51,71,41.80327868852459,8311.97,6054.460000000001,2257.5099999999984,669.8,0,1,20.473616412449992,1.8397014190796488,2.977701677106298,3.6165619968120977,60,27,33,45.0,4485.5599999999995,2438.2,2047.3599999999997,333.24,0,0,,0.06142084923734997,0.2099253547699122,-0.0,0.047619047619047616,0.022575159445349893,0.01864336373516381,-0.007322657814388669
1b_narrow,72,0.387743625571681,True,101,20,80.0,43.0,14,6,2.2,10,34,1.8,2.3000000000000003,1.0,0.015,0.5,18.935536812699937,1.3176142406156794,1.171279130313038,9.303354099297815,125,51,74,40.8,7855.009999999999,5961.540000000001,1893.4699999999984,656.2,0,1,26.450461328300023,2.098807332970534,3.678417854680412,3.820336283527617,61,29,32,47.540983606557376,5052.2699999999995,2407.21,2645.0599999999995,348.49,0,0,,0.07935138398490006,0.25,-0.0,0.048412698412698414,0.018935536812699938,0.015880712030783974,-0.02483670566940135
1b_narrow,73,0.28414308007892847,True,104,19,80.0,43.0,14,6,2.3000000000000003,11,35,1.8,2.2,1.0,0.015,0.5,6.096108705249935,1.0887910980205362,0.41116053802141184,12.749243445521419,131,49,82,37.404580152671755,7474.540000000001,6864.99,609.5500000000011,672.33,0,1,24.397041221049932,1.9554151850749533,3.348803775099806,4.165466113368642,65,30,35,46.15384615384615,4993.269999999999,2553.5600000000004,2439.709999999998,366.13,0,0,,0.0731911236631498,0.23885379626873832,-0.0,0.0515873015873016,0.006096108705249935,0.00443955490102681,-0.09002480504653797
1b_narrow,74,0.36172676915872276,True,101,20,80.0,44.0,14,6,2.2,11,34,1.8,2.1,1.0,0.015,0.5,19.799352000049968,1.3326690917644688,1.244642792457017,8.183009963361016,127,55,72,43.30708661417323,7931.580000000001,5951.650000000001,1979.9300000000003,677.99,0,1,21.12997592214999,1.873471513728473,3.0296182852348426,3.8340458008300127,61,29,32,47.540983606557376,4532.04,2419.06,2112.98,340.66,0,0,,0.06338992776644996,0.21836787843211825,-0.0,0.048412698412698414,0.01979935200004997,0.01663345458822344,-0.00487654204081724
1b_narrow,75,0.386866152359359,True,100,19,80.0,37.0,14,6,2.2,10,34,1.8,2.4000000000000004,1.0,0.015,0.5,18.99923251669985,1.3143376179028716,1.1541762405262317,9.16095084799177,122,48,74,39.34426229508197,7944.08,6044.17,1899.9099999999999,652.06,0,2,24.56649280040005,2.0333996559078273,3.4710410629295576,3.6165619968120977,60,28,32,46.666666666666664,4833.94,2377.2699999999995,2456.67,338.51,0,0,,0.07369947840120014,0.25,-0.0,0.047619047619047616,0.01899923251669985,0.015716880895143583,-0.01916848707273217
1b_narrow,76,0.1604493195667839,True,103,20,80.0,42.0,14,5,2.2,10,35,2.0,1.7000000000000002,1.0,0.015,0.5,3.1195317212000373,1.0581771591941174,0.26151638358550966,12.723706112159986,120,50,70,41.666666666666664,5674.02,5362.07,311.9500000000007,591.84,0,0,15.808711305249961,1.6333838165296406,2.485001100924502,4.922361060178429,62,30,32,48.38709677419355,4076.7299999999996,2495.88,1580.8499999999995,339.03,0,0,,0.04742613391574988,0.15834595413241015,-0.0,0.049206349206349205,0.0031195317212000372,0.0029088579597058685,-0.10055750736863124
1b_narrow,77,0.2662612560985302,True,102,20,75.0,43.0,14,6,2.3000000000000003,11,35,1.8,2.5,1.0,0.015,0.5,1.9764428784498886,1.0280470914127424,0.17393303802266308,14.524166829063512,128,43,85,33.59375,7244.36,7046.719999999999,197.64000000000033,642.52,0,1,31.128073859200082,2.1606016315938623,3.887194250608747,4.592866254900488,65,30,35,46.15384615384615,5794.8200000000015,2682.0399999999995,3112.780000000002,380.81,0,0,,0.09338422157760025,0.25,-0.0,0.0515873015873016,0.001976442878449889,0.001402354570637121,-0.13208906451545868
1b_narrow,78,0.24931423712353779,True,98,17,80.0,36.0,15,6,2.2,13,34,1.8,2.8000000000000003,1.0,0.015,0.5,13.894087392799864,1.2190850889365459,0.8112537123798679,10.416919235859732,113,40,73,35.39823008849557,7730.95,6341.6,1389.3499999999995,592.45,0,2,15.467024257149914,1.566624781568603,1.8540966385636135,7.281683955933513,56,22,34,39.285714285714285,4276.4,2729.69,1546.7099999999996,305.26,0,0,,0.04640107277144974,0.14165619539215074,-0.0,0.044444444444444446,0.013894087392799865,0.010954254446827294,-0.008035817324134286
1b_narrow,79,0.3225996740084307,True,101,20,76.0,44.0,16,6,2.3000000000000003,10,37,1.9,2.7,1.0,0.015,0.5,9.099088919999849,1.144037827124847,0.5802340110513481,9.785670783710469,117,40,77,34.18803418803419,7227.07,6317.160000000001,909.909999999999,598.74,0,0,30.989298156950024,2.218268663757518,3.760693734672417,5.58047606310396,57,26,31,45.6140350877193,5642.61,2543.7000000000007,3098.909999999999,340.15,0,0,,0.09296789447085006,0.25,-0.0,0.045238095238095244,0.009099088919999849,0.007201891356242352,-0.08190729597675682
1b_narrow,80,-1.0034013605442178,False,99,20,80.0,37.0,14,7,2.1,10,34,1.8,2.9000000000000004,1.0,0.015,0.5,17.059774849549996,1.3490495199006454,1.258876016580338,9.05061115086168,96,33,63,34.375,6593.52,4887.53,1705.9900000000007,541.48,0,2,12.064903611450028,1.5658454452933364,1.6539182231326608,6.6299171895326285,48,19,29,39.583333333333336,3338.68,2132.1900000000005,1206.4899999999993,256.52,0,0,0.020408163265306145,,,,,,,
1b_narrow,81,0.386866152359359,True,100,19,80.0,37.0,14,6,2.2,10,34,1.8,2.4000000000000004,1.0,0.015,0.5,18.99923251669985,1.3143376179028716,1.1541762405262317,9.16095084799177,122,48,74,39.34426229508197,7944.08,6044.17,1899.9099999999999,652.06,0,2,24.56649280040005,2.0333996559078273,3.4710410629295576,3.6165619968120977,60,28,32,46.666666666666664,4833.94,2377.2699999999995,2456.67,338.51,0,0,,0.07369947840120014,0.25,-0.0,0.047619047619047616,0.01899923251669985,0.015716880895143583,-0.01916848707273217
1b_narrow,82,0.3865948936621108,True,102,20,80.0,36.0,14,6,2.2,10,34,1.8,2.4000000000000004,1.0,0.015,0.5,18.304438810549943,1.3053289695368304,1.1171507983530056,9.160205360263904,121,47,74,38.84297520661157,7825.160000000001,5994.780000000001,1830.38,634.93,0,2,30.207032921800053,2.2365870033322692,4.068103668360883,3.8201518462448973,62,30,32,48.38709677419355,5463.490000000001,2442.78,3020.7100000000005,359.93,0,0,,0.09062109876540016,0.25,-0.0,0.049206349206349205,0.018304438810549942,0.015266448476841521,-0.036803441597030036
1b_narrow,83,0.35706223485766553,True,116,15,80.0,37.0,14,6,2.2,10,34,1.8,2.3000000000000003,1.0,0.015,0.5,14.127888304699901,1.2461674107065066,0.9270973725803954,8.417036559669183,117,46,71,39.31623931623932,7151.680000000001,5738.940000000001,1412.7399999999998,625.76,0,1,29.15558319085001,2.325674766287148,4.019618232539418,3.2310892995114,57,29,28,50.87719298245614,5114.8099999999995,2199.28,2915.5299999999993,331.84,0,0,,0.08746674957255003,0.25,-0.0,0.045238095238095244,0.014127888304699902,0.012308370535325332,-0.05207886879300501
1b_narrow,84,0.3237321075470193,True,100,18,80.0,36.0,14,6,2.2,10,35,1.8,2.5,1.0,0.015,0.5,9.522283825199846,1.154337005515567,0.5983702322355724,12.410632289575023,117,42,75,35.8974358974359,7122.04,6169.8099999999995,952.2300000000005,606.1,0,2,28.331920989700066,2.241888539191879,3.7973105620035454,3.6165619968120977,58,28,30,48.275862068965516,5114.510000000001,2281.34,2833.170000000001,332.35,0,0,,0.08499576296910019,0.25,-0.0,0.046031746031746035,0.009522283825199845,0.007716850275778353,-0.07453453555480512
1b_narrow,85,0.38115860692180936,True,102,19,74.0,36.0,14,6,2.2,10,34,1.8,2.3000000000000003,1.0,0.015,0.5,17.58692404334992,1.2961260514954978,1.1004974428251084,9.303017353414146,122,49,73,40.16393442622951,7697.9,5939.16,1758.7399999999998,638.86,0,2,27.594903591399998,2.1420902984426027,3.7966737038203995,3.820336283527617,62,30,32,48.38709677419355,5175.740000000001,2416.21,2759.5300000000007,355.8,0,0,,0.0827847107742,0.25,-0.0,0.049206349206349205,0.01758692404334992,0.014806302574774888,-0.033225679676864635
1b_narrow,86,0.29666854754659855,True,117,19,77.0,37.0,14,6,2.1,12,34,1.8,2.6,1.0,0.015,0.5,6.900332758599833,1.1236641522351203,0.5051589986203723,9.04756985089408,107,38,69,35.51401869158879,6269.810000000001,5579.789999999999,690.0200000000023,565.42,0,3,26.53759024949994,2.123692133109198,3.5236435481880894,3.4801718301549975,53,25,28,47.16981132075472,5015.46,2361.67,2653.79,299.13,0,0,,0.0796127707484998,0.25,-0.0,0.04206349206349207,0.006900332758599834,0.006183207611756014,-0.08809125563574917
1b_narrow,87,0.16798751199056547,True,99,20,80.0,43.0,14,5,2.2,14,33,1.8,2.4000000000000004,1.0,0.015,0.5,6.6984831194499925,1.0914207494407921,0.4221895623625612,14.38741136853914,137,48,89,35.03649635036496,7997.200000000001,7327.330000000001,669.8699999999999,683.14,0,1,15.201890000150014,1.4520185425816294,1.8489291494644442,6.340986030433044,71,27,44,38.028169014084504,4883.240000000001,3363.07,1520.1700000000005,387.13,0,0,,0.045605670000450044,0.11300463564540736,-0.0,0.05634920634920635,0.006698483119449993,0.004571037472039608,-0.05824152059598789
1b_narrow,88,0.3188427256974487,True,101,21,80.0,42.0,15,6,2.2,11,36,1.7,2.2,1.0,0.015,0.5,11.106098754449887,1.1684041809521932,0.6887272975822821,14.5657650196784,135,51,84,37.77777777777778,7705.240000000001,6594.67,1110.5700000000006,689.16,0,2,23.807756718750007,1.9203287357743692,3.2428376715673823,4.229874799117612,66,30,36,45.45454545454545,4967.66,2586.8799999999997,2380.78,367.64,0,0,,0.07142327015625001,0.2300821839435923,-0.0,0.05238095238095239,0.011106098754449886,0.008420209047609662,-0.054569988585405564
1b_narrow,89,0.23632324836722687,True,115,20,76.0,38.0,15,7,2.3000000000000003,10,32,1.7,2.4000000000000004,1.0,0.015,0.5,1.6454924515498897,1.0274289772016942,0.15935845230511006,11.814850292924865,127,41,86,32.28346456692913,6163.68,5999.13,164.55000000000018,640.81,0,2,24.05379516910005,1.955046811349072,3.4681994879014426,3.93155201437537,67,28,39,41.791044776119406,4924.019999999999,2518.6199999999994,2405.399999999999,383.18,0,0,,0.07216138550730014,0.238761702837268,-0.0,0.05317460317460318,0.0016454924515498896,0.001371448860084712,-0.13079138446357905
1b_narrow,90,0.30443246587800254,True,107,19,79.0,37.0,14,6,2.3000000000000003,10,35,1.8,2.7,1.0,0.015,0.5,6.494710565749829,1.0958348212836415,0.4250270821954813,12.911009613108096,126,42,84,33.333333333333336,7426.100000000001,6776.66,649.4400000000014,649.81,0,2,28.768351645600017,2.0309111367529327,3.4888767571011696,5.580738555372166,65,27,38,41.53846153846154,5667.419999999999,2790.58,2876.8399999999992,385.32,0,0,,0.08630505493680005,0.25,-0.0,0.0515873015873016,0.006494710565749829,0.004791741064182076,-0.09474634227603101
1b_narrow,91,0.39099991118097316,True,99,19,80.0,37.0,14,6,2.2,10,34,1.8,2.4000000000000004,1.0,0.015,0.5,21.889257425099803,1.3519880877148125,1.282151916395228,9.160728189282608,122,49,73,40.16393442622951,8407.73,6218.790000000001,2188.9399999999987,667.18,0,2,23.525273237250037,1.9517053614411528,3.332615261472672,3.6165619968120977,61,28,33,45.90163934426229,4824.44,2471.91,2352.5299999999997,343.73,0,0,,0.0705758197117501,0.2379263403602882,-0.0,0.048412698412698414,0.021889257425099805,0.017599404385740626,-0.00540360911460397
1b_narrow,92,0.3666951832712746,True,99,19,80.0,38.0,14,6,2.2,10,34,1.8,2.3000000000000003,1.0,0.015,0.5,21.01644888439996,1.3417390130752005,1.2617791158976868,9.303653704388031,123,51,72,41.46341463414634,8251.439999999999,6149.8099999999995,2101.629999999999,670.24,0,2,21.271650042049934,1.8690774340893022,3.074155042835956,3.6165619968120977,61,28,33,45.90163934426229,4574.8099999999995,2447.6300000000006,2127.179999999999,340.22,0,0,,0.0638149501261498,0.21726935852232554,-0.0,0.048412698412698414,0.021016448884399963,0.017086950653760025,-0.0009052233280591648
1b_narrow,93,0.3837442310349333,True,98,18,80.0,36.0,14,6,2.2,10,34,1.8,2.5,1.0,0.015,0.5,18.689482920299923,1.2967911084150234,1.0976102953742248,9.017971440105981,120,47,73,39.166666666666664,8166.14,6297.19,1868.9500000000007,656.22,0,2,25.559680677350116,2.049662632493234,3.465547857395836,3.6165619968120977,59,27,32,45.76271186440678,4990.99,2435.03,2555.9599999999996,335.3,0,0,,0.07667904203205035,0.25,-0.0,0.046825396825396826,0.018689482920299923,0.014839555420751173,-0.023289246163564946
1b_narrow,94,0.2796500712352523,True,96,20,80.0,36.0,14,6,2.2,11,34,1.8,2.2,1.0,0.015,0.5,25.948427929699903,1.4198849164867817,1.5231423871227987,9.958960834163877,124,54,70,43.54838709677419,8774.69,6179.859999999999,2594.8300000000017,697.05,0,2,16.657054491050094,1.6744909238886168,2.4708178994228938,4.718224673787807,59,26,33,44.067796610169495,4135.4400000000005,2469.67,1665.7700000000004,321.39,0,0,,0.04997116347315028,0.1686227309721542,-0.0,0.046825396825396826,0.025948427929699903,0.020994245824339088,-0.03271189378948799
1b_narrow,95,0.34766161090479336,True,100,21,80.0,37.0,14,6,2.2,10,35,1.8,2.3000000000000003,1.0,0.015,0.5,12.959728443349958,1.2151580149680914,0.8069335972394671,12.538639250684941,120,46,74,38.333333333333336,7319.48,6023.4800000000005,1295.999999999999,625.39,0,2,23.059860272349887,2.0077437060538124,3.3161417367792847,3.6165619968120977,59,28,31,47.45762711864407,4594.339999999999,2288.31,2306.0299999999993,330.24,0,0,,0.06917958081704965,0.25,-0.0,0.046825396825396826,0.012959728443349958,0.01075790074840457,-0.042060995929407666
1b_narrow,96,0.28417098901760346,True,113,21,77.0,39.0,14,6,2.1,10,33,1.8,2.1,1.0,0.015,0.5,6.380921251300006,1.1207216547507106,0.49229497665008476,7.690628657372802,108,41,67,37.96296296296296,5923.72,5285.630000000001,638.0899999999992,570.89,0,2,20.890736984300002,2.167428526722847,3.3444711462486403,2.914919935699891,49,25,24,51.02040816326531,3878.5699999999997,1789.48,2089.0899999999997,269.67,0,0,,0.0626722109529,0.25,-0.0,0.03888888888888889,0.006380921251300006,0.006036082737535531,-0.07980711481302098
1b_narrow,97,0.4117604571929283,True,97,18,79.0,43.0,14,6,2.2,10,32,1.8,2.4000000000000004,1.0,0.015,0.5,23.671193824149977,1.388358514060903,1.391164505969896,9.621105310373604,121,48,73,39.66942148760331,8462.42,6095.27,2367.1499999999996,665.62,0,1,26.5536311149,2.141942364673957,3.758619944807415,3.3230150139823618,60,28,32,46.666666666666664,4980.679999999999,2325.31,2655.3699999999994,344.71,0,0,,0.0796608933447,0.25,-0.0,0.047619047619047616,0.023671193824149978,0.01941792570304515,-0.008608603298014435
1b_narrow,98,0.33443922865488523,True,97,15,79.0,43.0,14,6,2.2,9,32,1.7,2.6,1.0,0.015,0.5,12.420435009449992,1.1867974528577148,0.7280467548048762,12.44128529178355,128,44,84,34.375,7891.040000000001,6649.019999999999,1242.0200000000023,674.69,0,1,25.664673588350016,1.9259950136565198,3.3790559506715514,4.238090583935454,71,31,40,43.66197183098591,5338.030000000001,2771.57,2566.4600000000005,403.52,0,0,,0.07699402076505005,0.23149875341412995,-0.0,0.05634920634920635,0.012420435009449993,0.009339872642885738,-0.05216305952583687
1b_narrow,99,0.2956379830851334,True,95,20,78.0,43.0,14,6,2.1,10,31,1.8,2.4000000000000004,1.0,0.015,0.5,18.709977397849855,1.3360823149646752,1.1875798280166963,6.258988599337618,116,44,72,37.93103448275862,7437.849999999999,5566.91,1870.9399999999996,628.87,0,1,16.330608044800066,1.6979686211155702,2.5933964011947945,4.317755762359835,59,24,35,40.67796610169491,3972.89,2339.79,1633.1,318.17,0,0,,0.048991824134400196,0.17449215527889256,-0.0,0.046825396825396826,0.018709977397849856,0.01680411574823376,-0.010185486299639793
1b_narrow,100,0.25683189519676464,True,97,16,79.0,44.0,14,5,2.2,10,32,1.8,2.5,1.0,0.015,0.5,10.55078903859976,1.1469233843398874,0.6192815020610807,11.818305265376413,136,49,87,36.029411764705884,8236.55,7181.430000000001,1055.119999999998,705.02,0,1,22.04724756374997,1.6678561475360176,2.635728161504414,7.1501805900036475,74,29,45,39.189189189189186,5505.86,3301.16,2204.7,423.06,0,0,,0.06614174269124991,0.1669640368840044,-0.0,0.05873015873015874,0.01055078903859976,0.00734616921699437,-0.05290100136424254
1b_narrow,101,0.4117604571929283,True,98,18,80.0,43.0,14,6,2.2,10,32,1.8,2.4000000000000004,1.0,0.015,0.5,23.671193824149977,1.388358514060903,1.391164505969896,9.621105310373604,121,48,73,39.66942148760331,8462.42,6095.27,2367.1499999999996,665.62,0,1,26.5536311149,2.141942364673957,3.758619944807415,3.3230150139823618,60,28,32,46.666666666666664,4980.679999999999,2325.31,2655.3699999999994,344.71,0,0,,0.0796608933447,0.25,-0.0,0.047619047619047616,0.023671193824149978,0.01941792570304515,-0.008608603298014435
1b_narrow,102,0.4073615756688765,True,98,18,80.0,43.0,14,6,2.2,10,32,1.8,2.3000000000000003,1.0,0.015,0.5,22.779456045900023,1.3780012445550716,1.3718008721370858,9.762437049768115,122,50,72,40.98360655737705,8304.18,6026.25,2277.9300000000003,668.57,0,1,24.214221330599976,2.052442856584043,3.4974343034852486,3.366258675097035,60,28,32,46.666666666666664,4722.24,2300.79,2421.45,341.08,0,0,,0.07264266399179992,0.25,-0.0,0.047619047619047616,0.022779456045900023,0.01890006222775358,-0.004579654215624649
1b_narrow,103,0.3864946609234018,True,98,18,78.0,43.0,14,6,2.2,10,32,1.8,2.5,1.0,0.015,0.5,18.89730539334996,1.3015098066432766,1.1215232138380804,9.478448634144211,120,46,74,38.333333333333336,8157.459999999999,6267.6900000000005,1889.7699999999986,655.08,0,1,29.599024502249993,2.2876489448246167,3.960120230471462,3.279357427336745,59,28,31,47.45762711864407,5258.550000000001,2298.6699999999996,2959.8800000000015,343.6,0,0,,0.08879707350674998,0.25,-0.0,0.046825396825396826,0.018897305393349963,0.015075490332163833,-0.033100605134258804
1b_narrow,104,0.40600125431060946,True,96,18,79.0,42.0,14,6,2.2,10,32,1.8,2.4000000000000004,1.0,0.015,0.5,22.75944914574997,1.3690540472611525,1.3372676527919096,9.621105310373604,122,48,74,39.34426229508197,8442.970000000001,6167.01,2275.960000000001,669.83,0,1,25.064964299999954,2.08188053297882,3.6053433349473205,4.317784528802635,59,27,32,45.76271186440678,4823.280000000001,2316.79,2506.4900000000007,335.56,0,0,,0.07519489289999985,0.25,-0.0,0.046825396825396826,0.02275944914574997,0.018452702363057627,-0.00723118692359479
1b_narrow,105,0.36338154432798636,True,96,18,79.0,42.0,18,6,2.2,10,31,1.8,2.4000000000000004,1.0,0.015,0.5,22.49885498449994,1.3687491088008679,1.3462367630364254,7.705766237466147,123,48,75,39.02439024390244,8351.189999999999,6101.33,2249.8599999999988,676.48,0,1,21.399417926200005,1.844840383112115,3.096945423105534,4.4570670321110155,64,27,37,42.1875,4672.87,2532.9399999999996,2139.9300000000003,358.2,0,0,,0.06419825377860001,0.21121009577802874,-0.0,0.050793650793650794,0.02249885498449994,0.018437455440043393,-0.003756766446836519
1b_narrow,106,0.3603040599234321,True,94,18,79.0,42.0,14,6,2.2,10,32,1.8,2.4000000000000004,1.0,0.015,0.5,20.733308491149803,1.3314088331998652,1.2199695381243731,10.969563376653307,123,48,75,39.02439024390244,8329.52,6256.17,2073.3500000000004,665.53,0,1,22.13729099384995,1.846003332467096,3.1387286639354954,4.3177518949554425,63,27,36,42.857142857142854,4830.4,2616.6799999999994,2213.7200000000003,356.18,0,0,,0.06641187298154984,0.21150083311677398,-0.0,0.05,0.020733308491149804,0.016570441659993263,-0.004912396326034792
1b_narrow,107,0.3836896213624217,True,95,17,79.0,41.0,14,6,2.2,10,32,1.8,2.5,1.0,0.015,0.5,17.831320132499915,1.2826110041287277,1.0559059067025438,9.478159918353978,121,46,75,38.01652892561984,8092.5700000000015,6309.45,1783.1200000000017,654.72,0,1,26.396567909999995,2.0177315628759143,3.558069125220278,4.31778804795328,65,28,37,43.07692307692308,5233.35,2593.6799999999994,2639.670000000001,372.85,0,0,,0.07918970372999999,0.25,-0.0,0.0515873015873016,0.017831320132499915,0.014130550206436387,-0.029049254293816183
1b_narrow,108,0.2605922685735202,True,96,18,78.0,44.0,14,6,2.3000000000000003,10,31,1.7,2.6,1.0,0.015,0.5,9.159408567699938,1.122384653516279,0.5566111436954465,10.827454435383643,140,48,92,34.285714285714285,8400.14,7484.1900000000005,915.9499999999989,739.59,0,1,23.13394330500003,1.709321256979215,2.9283603316421756,5.730100117505637,80,32,48,40.0,5574.900000000001,3261.47,2313.4300000000007,450.99,0,0,,0.06940182991500009,0.17733031424480378,-0.0,0.06349206349206349,0.009159408567699938,0.006119232675813946,-0.06491058032186106
1b_narrow,109,0.3255002916652694,True,97,18,79.0,42.0,14,6,2.2,9,32,1.9,2.8000000000000003,1.0,0.015,0.5,21.830363656949974,1.3728483834053529,1.3113357127128655,8.813249290200503,109,40,69,36.69724770642202,8037.889999999999,5854.9,2182.99,603.81,0,1,18.701970259049993,1.7905674175589588,2.323950490738827,6.0104278059418315,54,22,32,40.74074074074074,4235.82,2365.63,1870.1899999999996,301.77,0,0,,0.05610591077714998,0.1976418543897397,-0.0,0.04285714285714286,0.021830363656949976,0.018642419170267644,-0.011577399185980726
1b_narrow,110,0.3492534910062867,True,98,17,74.0,41.0,15,6,2.1,10,32,1.8,2.4000000000000004,1.0,0.015,0.5,20.428914776799868,1.3615710414671836,1.2787191145041126,7.710679633879866,116,45,71,38.793103448275865,7692.89,5650.009999999999,2042.880000000001,635.64,0,1,18.508519014250048,1.8758707173954194,3.0122868137581946,3.323068377085434,55,24,31,43.63636363636363,3964.09,2113.2,1850.8900000000003,302.08,0,0,,0.05552555704275014,0.21896767934885486,-0.0,0.043650793650793655,0.020428914776799867,0.018078552073359178,-0.0073980058862709586
1b_narrow,111,0.3643529875416953,True,116,18,80.0,43.0,14,6,2.2,10,32,1.8,2.3000000000000003,1.0,0.015,0.5,14.674764115649886,1.2584606280282575,0.9652748175398629,9.603089283623733,116,44,72,37.93103448275862,7145.250000000001,5677.77,1467.4800000000005,617.21,0,1,32.40345672809992,2.53799967724481,4.4454655263278715,2.822294512725377,58,30,28,51.724137931034484,5347.210000000001,2106.86,3240.350000000001,344.07,0,0,,0.09721037018429975,0.25,-0.0,0.046031746031746035,0.014674764115649885,0.012923031401412877,-0.05648692419141322
1b_narrow,112,0.3253877523392653,True,97,18,80.0,43.0,14,6,2.2,13,31,1.8,2.3000000000000003,1.0,0.015,0.5,15.768504753899961,1.262711214925244,0.9915757429372506,8.74208080125035,120,46,74,38.333333333333336,7579.02,6002.179999999999,1576.840000000001,631.7,0,1,20.87576678899988,1.8285738099868623,2.960178777440497,3.8942378283866637,60,27,33,45.0,4607.11,2519.51,2087.5999999999995,336.43,0,0,,0.06262730036699964,0.20714345249671556,-0.0,0.047619047619047616,0.015768504753899962,0.013135560746262199,-0.020906113643659654
1b_narrow,113,0.40806607858647903,True,99,18,75.0,43.0,14,6,2.2,11,32,1.8,2.2,1.0,0.015,0.5,22.879866691999943,1.3678899274340468,1.3839261600955783,10.269565224486646,124,52,72,41.935483870967744,8507.140000000001,6219.17,2287.970000000001,687.91,0,1,24.375227184249944,2.0714653069298223,3.489401288356298,3.8142443851519383,61,30,31,49.18032786885246,4712.479999999999,2274.95,2437.529999999999,344.51,0,0,,0.07312568155274983,0.25,-0.0,0.048412698412698414,0.022879866691999942,0.018394496371702342,-0.00474666444267152
1b_narrow,114,0.4130391693687772,True,98,18,75.0,43.0,14,6,2.2,10,32,1.8,2.2,1.0,0.015,0.5,24.034377092849898,1.3982297365813572,1.4465751069421016,9.909607605767626,123,52,71,42.27642276422764,8438.68,6035.259999999999,2403.420000000001,685.89,0,1,23.931740866000016,2.084108339260071,3.5165789866515733,3.409882449588136,60,29,31,48.333333333333336,4600.6900000000005,2207.51,2393.1800000000003,337.65,0,0,,0.07179522259800004,0.25,-0.0,0.047619047619047616,0.0240343770928499,0.019911486829067862,-0.00032096477018819726
1b_narrow,115,0.4016395770101908,True,96,18,75.0,43.0,14,6,2.2,10,32,1.8,2.2,1.0,0.015,0.5,25.84165993359993,1.4265092773227968,1.537181439732677,9.909607605767626,124,53,71,42.74193548387097,8643.02,6058.86,2584.1600000000008,694.75,0,1,22.58174188205001,2.025545771209802,3.36754120531872,4.3179004218058115,59,28,31,47.45762711864407,4460.11,2201.9300000000003,2258.1799999999994,328.97,0,0,,0.06774522564615003,0.25,-0.0,0.046825396825396826,0.025841659933599933,0.02132546386613984,-0.010098169261095828
1b_narrow,116,0.3686754615367126,True,95,18,75.0,43.0,14,6,2.2,10,32,1.8,2.2,1.0,0.015,0.5,25.63057136749985,1.4248501976644923,1.5183438635551005,9.90940492955066,124,53,71,42.74193548387097,8596.05,6032.950000000001,2563.0999999999985,690.03,0,1,21.438951647799986,1.877023898156709,3.1650805524170176,4.318181304590089,65,29,36,44.61538461538461,4588.460000000001,2444.54,2143.920000000001,361.48,0,0,,0.06431685494339996,0.21925597453917722,-0.0,0.0515873015873016,0.02563057136749985,0.021242509883224615,-0.013357750783890638
1b_narrow,117,0.3289278342377433,True,96,18,75.0,43.0,14,6,2.2,10,32,1.8,2.0,1.0,0.015,0.5,20.62240477594989,1.3543335091604796,1.2995647930641525,8.636009904778948,125,55,70,44.0,7882.37,5820.110000000001,2062.2599999999993,683.67,0,1,17.687264509999967,1.8056013554751906,2.818734153785954,4.783670114598113,60,28,32,46.666666666666664,3964.27,2195.54,1768.73,328.2,0,0,,0.0530617935299999,0.20140033886879766,-0.0,0.047619047619047616,0.020622404775949888,0.017716675458023978,-0.011492426014075735
1b_narrow,118,0.37295540744940725,True,98,18,75.0,44.0,14,6,2.3000000000000003,11,32,1.8,2.2,1.0,0.015,0.5,19.123871872650035,1.282045344939215,1.1474125714357677,8.699579219221066,133,54,79,40.6015037593985,8692.869999999999,6780.469999999999,1912.3999999999996,729.59,0,1,23.556663747999973,1.9195053690410673,3.3206887320690246,3.8140516740170503,69,31,38,44.927536231884055,4917.6,2561.91,2355.6900000000005,386.21,0,0,,0.07066999124399992,0.22987634226026682,-0.0,0.05476190476190477,0.019123871872650036,0.014102267246960754,-0.015578969936375047
1b_narrow,119,0.3323406340973427,True,97,17,75.0,43.0,14,6,2.2,10,31,1.8,2.1,1.0,0.015,0.5,23.261583973049945,1.4018928949059775,1.4604963921925185,6.671830978842164,124,53,71,42.74193548387097,8114.099999999999,5787.959999999999,2326.1400000000003,690.45,0,1,18.325717502000025,1.816764940523147,2.8189842808676686,3.4531220753868745,60,28,32,46.666666666666664,4076.3300000000004,2243.73,1832.6000000000004,328.69,0,0,,0.05497715250600007,0.20419123513078674,-0.0,0.047619047619047616,0.02326158397304995,0.020094644745298873,-0.017803029876840508
1b_narrow,120,0.3695559278016777,True,94,18,75.0,42.0,16,6,2.2,9,32,1.8,2.2,1.0,0.015,0.5,25.884179597549956,1.4214628697596186,1.5628539058783235,8.878282822656182,127,54,73,42.51968503937008,8729.9,6141.49,2588.41,708.43,0,1,22.01216834005001,1.8588802659456165,3.2159208236173544,4.7809780879723345,68,30,38,44.11764705882353,4764.18,2562.9300000000007,2201.2499999999995,382.15,0,0,,0.06603650502015003,0.21472006648640413,-0.0,0.05396825396825397,0.025884179597549958,0.02107314348798093,-0.012126220758661356
1b_narrow,121,0.3709223870608474,True,96,18,75.0,43.0,14,6,2.2,10,32,1.8,2.1,1.0,0.015,0.5,25.12116869429985,1.4233745790876942,1.5272605479871875,8.11915983561529,125,55,70,44.0,8445.65,5933.540000000002,2512.109999999998,697.27,0,1,20.304243348249948,1.9312016437124786,3.108979272024313,4.318310723709294,59,28,31,47.45762711864407,4210.849999999999,2180.43,2030.4199999999996,325.76,0,0,,0.06091273004474984,0.23280041092811965,-0.0,0.046825396825396826,0.025121168694299853,0.021168728954384708,-0.015906048386103495
1b_narrow,122,0.4130391693687772,True,98,16,75.0,43.0,14,6,2.2,10,32,1.8,2.2,1.0,0.015,0.5,24.034377092849898,1.3982297365813572,1.4465751069421016,9.909607605767626,123,52,71,42.27642276422764,8438.68,6035.259999999999,2403.420000000001,685.89,0,1,23.931740866000016,2.084108339260071,3.5165789866515733,3.409882449588136,60,29,31,48.333333333333336,4600.6900000000005,2207.51,2393.1800000000003,337.65,0,0,,0.07179522259800004,0.25,-0.0,0.047619047619047616,0.0240343770928499,0.019911486829067862,-0.00032096477018819726
1b_narrow,123,0.4011705405127334,True,98,16,75.0,43.0,14,6,2.2,10,30,1.8,2.2,1.0,0.015,0.5,21.926067605949882,1.364268744496686,1.33489388484434,9.751158485176534,124,51,73,41.12903225806452,8211.670000000002,6019.099999999999,2192.5700000000024,686.3,0,1,22.71220954395005,1.9853190630924542,3.330275289085696,3.173861758859639,62,29,33,46.774193548387096,4576.22,2305.03,2271.19,346.79,0,0,,0.06813662863185015,0.24632976577311355,-0.0,0.049206349206349205,0.02192606760594988,0.018213437224834296,-0.002641707929363699
1b_narrow,124,0.3327633969410729,True,99,16,75.0,43.0,14,6,2.2,10,29,1.8,2.2,1.0,0.015,0.5,18.01672444859996,1.2948463866118316,1.1445430725399321,12.593075993808023,127,52,75,40.94488188976378,7912.119999999999,6110.47,1801.6499999999987,692.32,0,1,18.53430865059996,1.7861020629750273,2.8861479866468867,4.6619853546808026,63,28,35,44.44444444444444,4211.2,2357.7599999999998,1853.44,347.65,0,0,,0.055602925951799886,0.19652551574375682,-0.0,0.05,0.018016724448599957,0.01474231933059158,-0.002124088533675392
1b_narrow,125,0.3695253266407862,True,98,15,75.0,43.0,14,6,2.2,10,30,1.8,2.1,1.0,0.015,0.5,21.39914251175009,1.3626750776239611,1.3298245003432128,7.957167755142358,125,53,72,42.4,8040.11,5900.24,2139.87,689.25,0,1,20.37964911089999,1.8932298400704757,3.0694724483753935,3.2037202010453667,62,29,33,46.774193548387096,4319.65,2281.63,2038.0199999999995,343.28,0,0,,0.061138947332699964,0.22330746001761892,-0.0,0.049206349206349205,0.02139914251175009,0.018133753881198058,-0.0036603263088300555
1b_narrow,126,0.4011705405127334,True,97,17,75.0,43.0,14,6,2.2,10,30,1.8,2.2,1.0,0.015,0.5,21.926067605949882,1.364268744496686,1.33489388484434,9.751158485176534,124,51,73,41.12903225806452,8211.670000000002,6019.099999999999,2192.5700000000024,686.3,0,1,22.71220954395005,1.9853190630924542,3.330275289085696,3.173861758859639,62,29,33,46.774193548387096,4576.22,2305.03,2271.19,346.79,0,0,,0.06813662863185015,0.24632976577311355,-0.0,0.049206349206349205,0.02192606760594988,0.018213437224834296,-0.002641707929363699
1b_narrow,127,0.32271214882217797,True,99,16,75.0,42.0,14,6,2.2,10,30,1.8,2.0,1.0,0.015,0.5,15.701762350799891,1.2668395499370382,1.0220342336379908,8.475959339563268,126,53,73,42.06349206349206,7454.7300000000005,5884.51,1570.2200000000003,676.5,0,1,18.378306584300024,1.7980815160278962,2.864357051010857,3.717845051937562,64,30,34,46.875,4140.7300000000005,2302.8599999999997,1837.8700000000008,352.16,0,0,,0.05513491975290007,0.19952037900697406,-0.0,0.050793650793650794,0.015701762350799894,0.01334197749685191,-0.011780540578998768
1b_narrow,128,0.32077715433588305,True,97,16,75.0,43.0,14,6,2.2,10,29,1.8,2.2,1.0,0.015,0.5,19.538445927849878,1.3249208838393496,1.2304890295560615,12.592756821195305,126,52,74,41.26984126984127,7967.16,6013.31,1953.8499999999995,691.97,0,1,17.793963274149938,1.7576547231270356,2.788657991014751,4.661700997715439,62,27,35,43.54838709677419,4127.94,2348.55,1779.3899999999994,340.79,0,0,,0.05338188982244981,0.1894136807817589,-0.0,0.049206349206349205,0.019538445927849882,0.01624604419196748,-0.007009255594492246
1b_narrow,129,0.4011705405127334,True,98,17,74.0,43.0,14,6,2.2,10,30,1.8,2.2,1.0,0.015,0.5,21.926067605949882,1.364268744496686,1.33489388484434,9.751158485176534,124,51,73,41.12903225806452,8211.670000000002,6019.099999999999,2192.5700000000024,686.3,0,1,22.71220954395005,1.9853190630924542,3.330275289085696,3.173861758859639,62,29,33,46.774193548387096,4576.22,2305.03,2271.19,346.79,0,0,,0.06813662863185015,0.24632976577311355,-0.0,0.049206349206349205,0.02192606760594988,0.018213437224834296,-0.002641707929363699
1b_narrow,130,0.3323406340973427,True,97,17,76.0,44.0,14,6,2.2,10,31,1.8,2.1,1.0,0.015,0.5,23.261583973049945,1.4018928949059775,1.4604963921925185,6.671830978842164,124,53,71,42.74193548387097,8114.099999999999,5787.959999999999,2326.1400000000003,690.45,0,1,18.325717502000025,1.816764940523147,2.8189842808676686,3.4531220753868745,60,28,32,46.666666666666664,4076.3300000000004,2243.73,1832.6000000000004,328.69,0,0,,0.05497715250600007,0.20419123513078674,-0.0,0.047619047619047616,0.02326158397304995,0.020094644745298873,-0.017803029876840508
1b_narrow,131,0.4011705405127334,True,98,17,74.0,43.0,14,6,2.2,10,30,1.8,2.2,1.0,0.015,0.5,21.926067605949882,1.364268744496686,1.33489388484434,9.751158485176534,124,51,73,41.12903225806452,8211.670000000002,6019.099999999999,2192.5700000000024,686.3,0,1,22.71220954395005,1.9853190630924542,3.330275289085696,3.173861758859639,62,29,33,46.774193548387096,4576.22,2305.03,2271.19,346.79,0,0,,0.06813662863185015,0.24632976577311355,-0.0,0.049206349206349205,0.02192606760594988,0.018213437224834296,-0.002641707929363699
1b_narrow,132,0.39687253168667913,True,99,16,74.0,43.0,14,6,2.2,10,30,1.8,2.2,1.0,0.015,0.5,20.378459137749903,1.3332559284255354,1.2508785794808903,9.753226211126426,125,51,74,40.8,8152.9,6115.029999999999,2037.8700000000008,686.62,0,1,23.48656127649998,2.014996067313759,3.42300059152122,3.173861758859639,63,30,33,47.61904761904762,4662.58,2313.94,2348.64,353.83,0,0,,0.07045968382949994,0.25,-0.0,0.05,0.020378459137749907,0.01666279642127677,-0.010628407701847505
1b_narrow,133,0.4011705405127334,True,98,17,75.0,43.0,14,6,2.2,10,30,1.8,2.2,1.0,0.015,0.5,21.926067605949882,1.364268744496686,1.33489388484434,9.751158485176534,124,51,73,41.12903225806452,8211.670000000002,6019.099999999999,2192.5700000000024,686.3,0,1,22.71220954395005,1.9853190630924542,3.330275289085696,3.173861758859639,62,29,33,46.774193548387096,4576.22,2305.03,2271.19,346.79,0,0,,0.06813662863185015,0.24632976577311355,-0.0,0.049206349206349205,0.02192606760594988,0.018213437224834296,-0.002641707929363699
1b_narrow,134,0.2601693223674361,True,96,18,74.0,43.0,14,6,2.2,10,29,1.8,2.1,1.0,0.015,0.5,20.75186962254984,1.3506704406235475,1.3154330648719539,10.72572992994813,128,55,73,42.96875,7992.9299999999985,5917.75,2075.1799999999985,703.43,0,1,14.52465884094996,1.6255043904035553,2.371337417080599,5.654972543822334,61,26,35,42.622950819672134,3774.5999999999995,2322.1099999999997,1452.4899999999998,329.37,0,0,,0.04357397652284988,0.15637609760088883,-0.0,0.048412698412698414,0.02075186962254984,0.017533522031177372,-0.026478841822728243
1b_narrow,135,0.38745750676241936,True,97,18,75.0,42.0,14,6,2.2,10,30,1.8,2.3000000000000003,1.0,0.015,0.5,20.615244478249878,1.3431868047717501,1.2569970037834512,9.312918419138395,123,49,74,39.83739837398374,8068.549999999998,6007.02,2061.529999999998,668.75,0,1,22.99380224709994,1.9587063203845845,3.314922364021502,3.173861758859639,62,28,34,45.16129032258065,4697.82,2398.4300000000003,2299.3899999999994,350.37,0,0,,0.06898140674129982,0.23967658009614612,-0.0,0.049206349206349205,0.02061524447824988,0.017159340238587506,-0.008181413998213172
1b_narrow,136,0.20382438892989516,True,98,16,75.0,43.0,14,6,2.6,10,30,1.8,2.3000000000000003,1.0,0.015,0.5,6.543797001249986,1.087108278321572,0.4245751337894115,16.80751789105617,154,55,99,35.714285714285715,8166.389999999999,7512.030000000002,654.3599999999979,770.47,0,1,20.482086271949992,1.568692127219469,2.646633601314935,4.212656398095844,84,35,49,41.666666666666664,5649.88,3601.65,2048.23,472.12,0,0,,0.061446258815849975,0.14217303180486723,-0.0,0.06666666666666667,0.006543797001249987,0.004355413916078599,-0.07736077927481731
1b_narrow,137,0.36834832437548193,True,97,17,74.0,43.0,14,6,2.2,10,31,1.8,2.2,1.0,0.015,0.5,23.79599017094988,1.4029054460181338,1.4625152643349069,8.491295807819627,123,51,72,41.46341463414634,8285.77,5906.15,2379.620000000001,687.33,0,1,20.51234754424997,1.905469232806568,3.0751753030347144,3.4095779308996614,60,28,32,46.666666666666664,4316.649999999999,2265.3999999999996,2051.249999999999,331.91,0,0,,0.06153704263274991,0.22636730820164203,-0.0,0.047619047619047616,0.023795990170949882,0.020145272300906694,-0.011116336549814192
1b_narrow,138,0.40307922577639144,True,96,18,75.0,43.0,14,6,2.2,10,32,1.8,2.3000000000000003,1.0,0.015,0.5,24.652701092749957,1.4074214243925653,1.4659437843055472,9.762437049768115,123,51,72,41.46341463414634,8516.109999999999,6050.860000000001,2465.249999999998,677.38,0,1,22.808512177349964,1.9945321356937298,3.3453573555557847,4.31786141615516,59,27,32,45.76271186440678,4574.26,2293.4,2280.86,332.23,0,0,,0.0684255365320499,0.24863303392343244,-0.0,0.046825396825396826,0.02465270109274996,0.020371071219628268,-0.0058285138168659495
1b_narrow,139,0.39234855263893414,True,96,18,75.0,42.0,14,6,2.2,11,32,1.8,2.3000000000000003,1.0,0.015,0.5,22.1183083563999,1.3635361004866873,1.3313187251692786,9.834067242826283,123,50,73,40.65040650406504,8295.74,6083.99,2211.75,664.11,0,1,22.487907627799977,1.9560287728188688,3.2311769804489145,4.71841836594138,59,27,32,45.76271186440678,4601.01,2352.2200000000003,2248.79,332.08,0,0,,0.06746372288339993,0.2390071932047172,-0.0,0.046825396825396826,0.022118308356399902,0.018176805024334365,-0.0012428736553140721
1b_narrow,140,0.3240360377474608,True,95,18,75.0,44.0,14,6,2.1,10,32,1.8,2.3000000000000003,1.0,0.015,0.5,22.00206909464998,1.3954034184132826,1.3829514724348955,7.855449689017208,117,48,69,41.02564102564103,7764.82,5564.57,2200.25,640.26,0,1,17.87377262884998,1.7893855883547969,2.8235073291769184,4.31782512224732,59,25,34,42.3728813559322,4051.67,2264.28,1787.3899999999999,320.85,0,0,,0.053621317886549946,0.19734639708869922,-0.0,0.046825396825396826,0.02200206909464998,0.019770170920664132,-0.015529314068499311
1b_narrow,141,0.4130391693687772,True,98,18,76.0,43.0,14,6,2.2,10,32,1.8,2.2,1.0,0.015,0.5,24.034377092849898,1.3982297365813572,1.4465751069421016,9.909607605767626,123,52,71,42.27642276422764,8438.68,6035.259999999999,2403.420000000001,685.89,0,1,23.931740866000016,2.084108339260071,3.5165789866515733,3.409882449588136,60,29,31,48.333333333333336,4600.6900000000005,2207.51,2393.1800000000003,337.65,0,0,,0.07179522259800004,0.25,-0.0,0.047619047619047616,0.0240343770928499,0.019911486829067862,-0.00032096477018819726
1b_narrow,142,0.4130391693687772,True,97,18,75.0,43.0,14,6,2.2,10,32,1.8,2.2,1.0,0.015,0.5,24.034377092849898,1.3982297365813572,1.4465751069421016,9.909607605767626,123,52,71,42.27642276422764,8438.68,6035.259999999999,2403.420000000001,685.89,0,1,23.931740866000016,2.084108339260071,3.5165789866515733,3.409882449588136,60,29,31,48.333333333333336,4600.6900000000005,2207.51,2393.1800000000003,337.65,0,0,,0.07179522259800004,0.25,-0.0,0.047619047619047616,0.0240343770928499,0.019911486829067862,-0.00032096477018819726
1b_narrow,143,0.4038002413782853,True,99,18,75.0,43.0,14,6,2.2,10,32,1.8,2.1,1.0,0.015,0.5,21.846843858549875,1.3636327320724442,1.3535077213671458,8.118868846348375,125,54,71,43.2,8192.61,6007.930000000001,2184.6799999999994,688.71,0,1,22.303379842400066,2.0171335017648824,3.3470552078833427,3.4534656926133076,61,30,31,49.18032786885246,4423.129999999999,2192.78,2230.349999999999,340.99,0,0,,0.0669101395272002,0.25,-0.0,0.048412698412698414,0.021846843858549875,0.01818163660362221,-0.0015510770237853915
1b_narrow,144,0.4038002413782853,True,99,18,76.0,43.0,14,6,2.2,10,32,1.8,2.1,1.0,0.015,0.5,21.846843858549875,1.3636327320724442,1.3535077213671458,8.118868846348375,125,54,71,43.2,8192.61,6007.930000000001,2184.6799999999994,688.71,0,1,22.303379842400066,2.0171335017648824,3.3470552078833427,3.4534656926133076,61,30,31,49.18032786885246,4423.129999999999,2192.78,2230.349999999999,340.99,0,0,,0.0669101395272002,0.25,-0.0,0.048412698412698414,0.021846843858549875,0.01818163660362221,-0.0015510770237853915
1b_narrow,145,0.3043146976494646,True,99,18,76.0,42.0,14,6,2.2,10,32,1.8,1.9000000000000001,1.0,0.015,0.5,13.377989759149933,1.2312685732462272,0.8974526633911752,9.151889879938306,125,54,71,43.2,7122.3099999999995,5784.530000000001,1337.7799999999988,662.66,0,1,17.240177588250063,1.7894698280993855,2.7803962709208228,4.172173811479475,62,30,32,48.38709677419355,3907.8799999999997,2183.8199999999997,1724.06,339.55,0,0,,0.051720532764750186,0.19736745702484637,-0.0,0.049206349206349205,0.013377989759149934,0.011563428662311359,-0.018921059767942453
1b_narrow,146,0.38702631342178945,True,100,18,76.0,43.0,14,6,2.2,10,32,1.8,2.1,1.0,0.015,0.5,18.936015991799852,1.321525358110724,1.2180338427003456,8.11923688166914,126,53,73,42.06349206349206,7782.78,5889.24,1893.54,680.02,0,1,23.33549149215003,2.1118130794812418,3.493738905660853,3.173861758859639,60,30,30,50.0,4432.4,2098.86,2333.5399999999995,335.9,0,0,,0.07000647447645009,0.25,-0.0,0.047619047619047616,0.01893601599179985,0.016076267905536203,-0.01561149257104429
1b_narrow,147,0.3536132745229612,True,99,18,76.0,43.0,14,6,2.2,10,32,1.8,2.0,1.0,0.015,0.5,17.53572092204995,1.2974564267842754,1.1276755185574832,8.636435433705048,125,54,71,43.2,7648.829999999999,5895.25,1753.579999999999,675.58,0,1,19.55270692679995,1.8859909466997138,3.055292560581621,3.9666444282519038,62,30,32,48.38709677419355,4162.25,2206.9300000000003,1955.3199999999997,343.12,0,0,,0.05865812078039984,0.22149773667492845,-0.0,0.049206349206349205,0.01753572092204995,0.014872821339213771,-0.008157474399980038
1b_narrow,148,0.38702631342178945,True,100,18,76.0,43.0,14,6,2.2,10,32,1.8,2.1,1.0,0.015,0.5,18.936015991799852,1.321525358110724,1.2180338427003456,8.11923688166914,126,53,73,42.06349206349206,7782.78,5889.24,1893.54,680.02,0,1,23.33549149215003,2.1118130794812418,3.493738905660853,3.173861758859639,60,30,30,50.0,4432.4,2098.86,2333.5399999999995,335.9,0,0,,0.07000647447645009,0.25,-0.0,0.047619047619047616,0.01893601599179985,0.016076267905536203,-0.01561149257104429
1b_narrow,149,0.4038002413782853,True,99,18,75.0,42.0,14,6,2.2,10,32,1.8,2.1,1.0,0.015,0.5,21.846843858549875,1.3636327320724442,1.3535077213671458,8.118868846348375,125,54,71,43.2,8192.61,6007.930000000001,2184.6799999999994,688.71,0,1,22.303379842400066,2.0171335017648824,3.3470552078833427,3.4534656926133076,61,30,31,49.18032786885246,4423.129999999999,2192.78,2230.349999999999,340.99,0,0,,0.0669101395272002,0.25,-0.0,0.048412698412698414,0.021846843858549875,0.01818163660362221,-0.0015510770237853915
1b_narrow,150,0.4038002413782853,True,99,18,75.0,42.0,14,6,2.2,10,32,1.8,2.1,1.0,0.015,0.5,21.846843858549875,1.3636327320724442,1.3535077213671458,8.118868846348375,125,54,71,43.2,8192.61,6007.930000000001,2184.6799999999994,688.71,0,1,22.303379842400066,2.0171335017648824,3.3470552078833427,3.4534656926133076,61,30,31,49.18032786885246,4423.129999999999,2192.78,2230.349999999999,340.99,0,0,,0.0669101395272002,0.25,-0.0,0.048412698412698414,0.021846843858549875,0.01818163660362221,-0.0015510770237853915
1b_narrow,151,0.4038002413782853,True,99,18,75.0,42.0,14,6,2.2,10,32,1.8,2.1,1.0,0.015,0.5,21.846843858549875,1.3636327320724442,1.3535077213671458,8.118868846348375,125,54,71,43.2,8192.61,6007.930000000001,2184.6799999999994,688.71,0,1,22.303379842400066,2.0171335017648824,3.3470552078833427,3.4534656926133076,61,30,31,49.18032786885246,4423.129999999999,2192.78,2230.349999999999,340.99,0,0,,0.0669101395272002,0.25,-0.0,0.048412698412698414,0.021846843858549875,0.01818163660362221,-0.0015510770237853915
1b_narrow,152,0.4038002413782853,True,99,18,75.0,42.0,14,6,2.2,10,32,1.8,2.1,1.0,0.015,0.5,21.846843858549875,1.3636327320724442,1.3535077213671458,8.118868846348375,125,54,71,43.2,8192.61,6007.930000000001,2184.6799999999994,688.71,0,1,22.303379842400066,2.0171335017648824,3.3470552078833427,3.4534656926133076,61,30,31,49.18032786885246,4423.129999999999,2192.78,2230.349999999999,340.99,0,0,,0.0669101395272002,0.25,-0.0,0.048412698412698414,0.021846843858549875,0.01818163660362221,-0.0015510770237853915
1b_narrow,153,0.4038002413782853,True,99,18,75.0,42.0,14,6,2.2,10,32,1.8,2.1,1.0,0.015,0.5,21.846843858549875,1.3636327320724442,1.3535077213671458,8.118868846348375,125,54,71,43.2,8192.61,6007.930000000001,2184.6799999999994,688.71,0,1,22.303379842400066,2.0171335017648824,3.3470552078833427,3.4534656926133076,61,30,31,49.18032786885246,4423.129999999999,2192.78,2230.349999999999,340.99,0,0,,0.0669101395272002,0.25,-0.0,0.048412698412698414,0.021846843858549875,0.01818163660362221,-0.0015510770237853915
1b_narrow,154,0.3043146976494646,True,99,18,75.0,42.0,14,6,2.2,10,32,1.8,1.9000000000000001,1.0,0.015,0.5,13.377989759149933,1.2312685732462272,0.8974526633911752,9.151889879938306,125,54,71,43.2,7122.3099999999995,5784.530000000001,1337.7799999999988,662.66,0,1,17.240177588250063,1.7894698280993855,2.7803962709208228,4.172173811479475,62,30,32,48.38709677419355,3907.8799999999997,2183.8199999999997,1724.06,339.55,0,0,,0.051720532764750186,0.19736745702484637,-0.0,0.049206349206349205,0.013377989759149934,0.011563428662311359,-0.018921059767942453
1b_narrow,155,0.35671596393501326,True,100,18,75.0,42.0,14,6,2.2,10,32,1.8,2.0,1.0,0.015,0.5,14.856487231599914,1.2568168853394182,0.9932870626436746,8.636643993334701,126,53,73,42.06349206349206,7270.56,5784.900000000001,1485.6599999999999,667.56,0,1,20.561683004849964,1.9723321653355277,3.20549953795092,3.45705563033287,61,30,31,49.18032786885246,4170.950000000001,2114.73,2056.2200000000007,338.24,0,0,,0.061685049014549895,0.24308304133388192,-0.0,0.048412698412698414,0.014856487231599914,0.012840844266970908,-0.024162156324687822
1b_narrow,156,0.4038002413782853,True,99,18,75.0,42.0,14,6,2.2,10,32,1.8,2.1,1.0,0.015,0.5,21.846843858549875,1.3636327320724442,1.3535077213671458,8.118868846348375,125,54,71,43.2,8192.61,6007.930000000001,2184.6799999999994,688.71,0,1,22.303379842400066,2.0171335017648824,3.3470552078833427,3.4534656926133076,61,30,31,49.18032786885246,4423.129999999999,2192.78,2230.349999999999,340.99,0,0,,0.0669101395272002,0.25,-0.0,0.048412698412698414,0.021846843858549875,0.01818163660362221,-0.0015510770237853915
1b_narrow,157,0.35671596393501326,True,100,18,75.0,42.0,14,6,2.2,10,32,1.8,2.0,1.0,0.015,0.5,14.856487231599914,1.2568168853394182,0.9932870626436746,8.636643993334701,126,53,73,42.06349206349206,7270.56,5784.900000000001,1485.6599999999999,667.56,0,1,20.561683004849964,1.9723321653355277,3.20549953795092,3.45705563033287,61,30,31,49.18032786885246,4170.950000000001,2114.73,2056.2200000000007,338.24,0,0,,0.061685049014549895,0.24308304133388192,-0.0,0.048412698412698414,0.014856487231599914,0.012840844266970908,-0.024162156324687822
1b_narrow,158,0.3536132745229612,True,99,18,75.0,41.0,14,6,2.2,10,32,1.8,2.0,1.0,0.015,0.5,17.53572092204995,1.2974564267842754,1.1276755185574832,8.636435433705048,125,54,71,43.2,7648.829999999999,5895.25,1753.579999999999,675.58,0,1,19.55270692679995,1.8859909466997138,3.055292560581621,3.9666444282519038,62,30,32,48.38709677419355,4162.25,2206.9300000000003,1955.3199999999997,343.12,0,0,,0.05865812078039984,0.22149773667492845,-0.0,0.049206349206349205,0.01753572092204995,0.014872821339213771,-0.008157474399980038
1b_narrow,159,0.3779254228847265,True,99,18,75.0,42.0,14,6,2.2,12,32,1.8,2.1,1.0,0.015,0.5,18.61340244569987,1.3043946123805348,1.1703092313894419,8.766112132265386,125,53,72,42.4,7976.0599999999995,6114.76,1861.2999999999993,673.28,0,1,22.11906262675002,1.9689289171773627,3.240746560265897,3.9492331747620355,61,30,31,49.18032786885246,4494.73,2282.8300000000004,2211.899999999999,341.25,0,0,,0.06635718788025005,0.24223222929434068,-0.0,0.048412698412698414,0.01861340244569987,0.01521973061902674,-0.012909825767289239
1b_narrow,160,0.39629012550279274,True,98,18,75.0,42.0,14,6,2.2,10,32,1.8,2.1,1.0,0.015,0.5,23.41072787244988,1.3960346796362872,1.43927714057163,8.11915983561529,124,54,70,43.54838709677419,8252.310000000001,5911.249999999999,2341.060000000002,688.54,0,1,21.575168298200005,1.987414245243729,3.2569630080328547,3.453230599930826,60,29,31,48.333333333333336,4342.5199999999995,2185.0099999999998,2157.5099999999998,334.16,0,0,,0.06472550489460001,0.24685356131093222,-0.0,0.047619047619047616,0.023410727872449882,0.019801733981814364,-0.0061204501760513345
1b_narrow,161,0.4038002413782853,True,99,18,75.0,42.0,14,6,2.2,10,32,1.8,2.1,1.0,0.015,0.5,21.846843858549875,1.3636327320724442,1.3535077213671458,8.118868846348375,125,54,71,43.2,8192.61,6007.930000000001,2184.6799999999994,688.71,0,1,22.303379842400066,2.0171335017648824,3.3470552078833427,3.4534656926133076,61,30,31,49.18032786885246,4423.129999999999,2192.78,2230.349999999999,340.99,0,0,,0.0669101395272002,0.25,-0.0,0.048412698412698414,0.021846843858549875,0.01818163660362221,-0.0015510770237853915
1b_narrow,162,0.4038002413782853,True,99,18,75.0,42.0,14,6,2.2,10,32,1.8,2.1,1.0,0.015,0.5,21.846843858549875,1.3636327320724442,1.3535077213671458,8.118868846348375,125,54,71,43.2,8192.61,6007.930000000001,2184.6799999999994,688.71,0,1,22.303379842400066,2.0171335017648824,3.3470552078833427,3.4534656926133076,61,30,31,49.18032786885246,4423.129999999999,2192.78,2230.349999999999,340.99,0,0,,0.0669101395272002,0.25,-0.0,0.048412698412698414,0.021846843858549875,0.01818163660362221,-0.0015510770237853915
1b_narrow,163,0.39629012550279274,True,98,18,75.0,42.0,14,6,2.2,10,32,1.8,2.1,1.0,0.015,0.5,23.41072787244988,1.3960346796362872,1.43927714057163,8.11915983561529,124,54,70,43.54838709677419,8252.310000000001,5911.249999999999,2341.060000000002,688.54,0,1,21.575168298200005,1.987414245243729,3.2569630080328547,3.453230599930826,60,29,31,48.333333333333336,4342.5199999999995,2185.0099999999998,2157.5099999999998,334.16,0,0,,0.06472550489460001,0.24685356131093222,-0.0,0.047619047619047616,0.023410727872449882,0.019801733981814364,-0.0061204501760513345
1b_narrow,164,0.38702631342178945,True,100,18,75.0,42.0,14,6,2.2,10,32,1.8,2.1,1.0,0.015,0.5,18.936015991799852,1.321525358110724,1.2180338427003456,8.11923688166914,126,53,73,42.06349206349206,7782.78,5889.24,1893.54,680.02,0,1,23.33549149215003,2.1118130794812418,3.493738905660853,3.173861758859639,60,30,30,50.0,4432.4,2098.86,2333.5399999999995,335.9,0,0,,0.07000647447645009,0.25,-0.0,0.047619047619047616,0.01893601599179985,0.016076267905536203,-0.01561149257104429
1b_narrow,165,0.35671596393501326,True,100,18,75.0,41.0,14,6,2.2,10,32,1.8,2.0,1.0,0.015,0.5,14.856487231599914,1.2568168853394182,0.9932870626436746,8.636643993334701,126,53,73,42.06349206349206,7270.56,5784.900000000001,1485.6599999999999,667.56,0,1,20.561683004849964,1.9723321653355277,3.20549953795092,3.45705563033287,61,30,31,49.18032786885246,4170.950000000001,2114.73,2056.2200000000007,338.24,0,0,,0.061685049014549895,0.24308304133388192,-0.0,0.048412698412698414,0.014856487231599914,0.012840844266970908,-0.024162156324687822
1b_narrow,166,0.4038002413782853,True,99,18,75.0,42.0,14,6,2.2,10,32,1.8,2.1,1.0,0.015,0.5,21.846843858549875,1.3636327320724442,1.3535077213671458,8.118868846348375,125,54,71,43.2,8192.61,6007.930000000001,2184.6799999999994,688.71,0,1,22.303379842400066,2.0171335017648824,3.3470552078833427,3.4534656926133076,61,30,31,49.18032786885246,4423.129999999999,2192.78,2230.349999999999,340.99,0,0,,0.0669101395272002,0.25,-0.0,0.048412698412698414,0.021846843858549875,0.01818163660362221,-0.0015510770237853915
1b_narrow,167,0.3544295107981993,True,98,18,75.0,42.0,14,6,2.2,10,32,1.8,2.0,1.0,0.015,0.5,19.051036199549962,1.3284955599620654,1.2144286009868417,8.636009904778948,124,54,70,43.54838709677419,7704.61,5799.500000000001,1905.1099999999988,675.29,0,1,18.878325353300006,1.8583561805773419,2.9671439517245117,3.9658805830555295,61,29,32,47.540983606557376,4087.2500000000005,2199.3900000000003,1887.8600000000001,336.44,0,0,,0.05663497605990002,0.21458904514433547,-0.0,0.048412698412698414,0.019051036199549964,0.016424777998103268,-0.0006830230163878615
1b_narrow,168,0.3453907207000553,True,99,18,75.0,42.0,14,6,2.3000000000000003,10,32,1.8,2.1,1.0,0.015,0.5,15.959616489199888,1.2383825921483633,0.9941181128915485,8.388442732675081,136,56,80,41.1764705882353,8290.859999999999,6694.91,1595.949999999999,734.46,0,1,21.847625106750108,1.875922124575021,3.234671125261776,3.593866091659146,71,32,39,45.070422535211264,4679.0,2494.24,2184.76,394.74,0,0,,0.06554287532025031,0.21898053114375526,-0.0,0.05634920634920635,0.01595961648919989,0.011919129607418167,-0.023360638209774704
1b_narrow,169,0.37633602107015673,True,101,18,75.0,41.0,14,6,2.2,10,33,1.8,2.1,1.0,0.015,0.5,17.13378506749994,1.2905331734869847,1.0992146862920609,8.202627621616289,127,53,74,41.732283464566926,7610.7,5897.33,1713.37,670.45,0,1,25.450765863299967,2.1811903612668475,3.725122238329372,3.8198761859272534,60,30,30,50.0,4699.680000000001,2154.6400000000003,2545.040000000001,340.73,0,0,,0.0763522975898999,0.25,-0.0,0.047619047619047616,0.01713378506749994,0.014526658674349236,-0.02929576788063995
1b_narrow,170,0.4130391693687772,True,98,18,75.0,42.0,14,6,2.2,10,32,1.8,2.2,1.0,0.015,0.5,24.034377092849898,1.3982297365813572,1.4465751069421016,9.909607605767626,123,52,71,42.27642276422764,8438.68,6035.259999999999,2403.420000000001,685.89,0,1,23.931740866000016,2.084108339260071,3.5165789866515733,3.409882449588136,60,29,31,48.333333333333336,4600.6900000000005,2207.51,2393.1800000000003,337.65,0,0,,0.07179522259800004,0.25,-0.0,0.047619047619047616,0.0240343770928499,0.019911486829067862,-0.00032096477018819726
1b_narrow,171,0.4130391693687772,True,98,18,75.0,42.0,14,6,2.2,10,32,1.8,2.2,1.0,0.015,0.5,24.034377092849898,1.3982297365813572,1.4465751069421016,9.909607605767626,123,52,71,42.27642276422764,8438.68,6035.259999999999,2403.420000000001,685.89,0,1,23.931740866000016,2.084108339260071,3.5165789866515733,3.409882449588136,60,29,31,48.333333333333336,4600.6900000000005,2207.51,2393.1800000000003,337.65,0,0,,0.07179522259800004,0.25,-0.0,0.047619047619047616,0.0240343770928499,0.019911486829067862,-0.00032096477018819726
1b_narrow,172,0.4130391693687772,True,98,18,75.0,42.0,14,6,2.2,10,32,1.8,2.2,1.0,0.015,0.5,24.034377092849898,1.3982297365813572,1.4465751069421016,9.909607605767626,123,52,71,42.27642276422764,8438.68,6035.259999999999,2403.420000000001,685.89,0,1,23.931740866000016,2.084108339260071,3.5165789866515733,3.409882449588136,60,29,31,48.333333333333336,4600.6900000000005,2207.51,2393.1800000000003,337.65,0,0,,0.07179522259800004,0.25,-0.0,0.047619047619047616,0.0240343770928499,0.019911486829067862,-0.00032096477018819726
1b_narrow,173,0.4130391693687772,True,98,18,75.0,42.0,14,6,2.2,10,32,1.8,2.2,1.0,0.015,0.5,24.034377092849898,1.3982297365813572,1.4465751069421016,9.909607605767626,123,52,71,42.27642276422764,8438.68,6035.259999999999,2403.420000000001,685.89,0,1,23.931740866000016,2.084108339260071,3.5165789866515733,3.409882449588136,60,29,31,48.333333333333336,4600.6900000000005,2207.51,2393.1800000000003,337.65,0,0,,0.07179522259800004,0.25,-0.0,0.047619047619047616,0.0240343770928499,0.019911486829067862,-0.00032096477018819726
1b_narrow,174,0.4130391693687772,True,97,18,75.0,43.0,14,6,2.2,10,32,1.8,2.2,1.0,0.015,0.5,24.034377092849898,1.3982297365813572,1.4465751069421016,9.909607605767626,123,52,71,42.27642276422764,8438.68,6035.259999999999,2403.420000000001,685.89,0,1,23.931740866000016,2.084108339260071,3.5165789866515733,3.409882449588136,60,29,31,48.333333333333336,4600.6900000000005,2207.51,2393.1800000000003,337.65,0,0,,0.07179522259800004,0.25,-0.0,0.047619047619047616,0.0240343770928499,0.019911486829067862,-0.00032096477018819726
1b_narrow,175,0.4130391693687772,True,97,18,75.0,43.0,14,6,2.2,10,32,1.8,2.2,1.0,0.015,0.5,24.034377092849898,1.3982297365813572,1.4465751069421016,9.909607605767626,123,52,71,42.27642276422764,8438.68,6035.259999999999,2403.420000000001,685.89,0,1,23.931740866000016,2.084108339260071,3.5165789866515733,3.409882449588136,60,29,31,48.333333333333336,4600.6900000000005,2207.51,2393.1800000000003,337.65,0,0,,0.07179522259800004,0.25,-0.0,0.047619047619047616,0.0240343770928499,0.019911486829067862,-0.00032096477018819726
1b_narrow,176,0.4130391693687772,True,97,18,75.0,43.0,14,6,2.2,10,32,1.8,2.2,1.0,0.015,0.5,24.034377092849898,1.3982297365813572,1.4465751069421016,9.909607605767626,123,52,71,42.27642276422764,8438.68,6035.259999999999,2403.420000000001,685.89,0,1,23.931740866000016,2.084108339260071,3.5165789866515733,3.409882449588136,60,29,31,48.333333333333336,4600.6900000000005,2207.51,2393.1800000000003,337.65,0,0,,0.07179522259800004,0.25,-0.0,0.047619047619047616,0.0240343770928499,0.019911486829067862,-0.00032096477018819726
1b_narrow,177,0.36834832437548193,True,97,18,75.0,43.0,14,6,2.2,10,31,1.8,2.2,1.0,0.015,0.5,23.79599017094988,1.4029054460181338,1.4625152643349069,8.491295807819627,123,51,72,41.46341463414634,8285.77,5906.15,2379.620000000001,687.33,0,1,20.51234754424997,1.905469232806568,3.0751753030347144,3.4095779308996614,60,28,32,46.666666666666664,4316.649999999999,2265.3999999999996,2051.249999999999,331.91,0,0,,0.06153704263274991,0.22636730820164203,-0.0,0.047619047619047616,0.023795990170949882,0.020145272300906694,-0.011116336549814192
1b_narrow,178,0.4130391693687772,True,97,18,75.0,43.0,14,6,2.2,10,32,1.8,2.2,1.0,0.015,0.5,24.034377092849898,1.3982297365813572,1.4465751069421016,9.909607605767626,123,52,71,42.27642276422764,8438.68,6035.259999999999,2403.420000000001,685.89,0,1,23.931740866000016,2.084108339260071,3.5165789866515733,3.409882449588136,60,29,31,48.333333333333336,4600.6900000000005,2207.51,2393.1800000000003,337.65,0,0,,0.07179522259800004,0.25,-0.0,0.047619047619047616,0.0240343770928499,0.019911486829067862,-0.00032096477018819726
1b_narrow,179,0.4130391693687772,True,97,18,75.0,43.0,14,6,2.2,10,32,1.8,2.2,1.0,0.015,0.5,24.034377092849898,1.3982297365813572,1.4465751069421016,9.909607605767626,123,52,71,42.27642276422764,8438.68,6035.259999999999,2403.420000000001,685.89,0,1,23.931740866000016,2.084108339260071,3.5165789866515733,3.409882449588136,60,29,31,48.333333333333336,4600.6900000000005,2207.51,2393.1800000000003,337.65,0,0,,0.07179522259800004,0.25,-0.0,0.047619047619047616,0.0240343770928499,0.019911486829067862,-0.00032096477018819726
1b_narrow,180,0.36834832437548193,True,97,18,75.0,43.0,14,6,2.2,10,31,1.8,2.2,1.0,0.015,0.5,23.79599017094988,1.4029054460181338,1.4625152643349069,8.491295807819627,123,51,72,41.46341463414634,8285.77,5906.15,2379.620000000001,687.33,0,1,20.51234754424997,1.905469232806568,3.0751753030347144,3.4095779308996614,60,28,32,46.666666666666664,4316.649999999999,2265.3999999999996,2051.249999999999,331.91,0,0,,0.06153704263274991,0.22636730820164203,-0.0,0.047619047619047616,0.023795990170949882,0.020145272300906694,-0.011116336549814192
1b_narrow,181,0.4130391693687772,True,97,18,75.0,43.0,14,6,2.2,10,32,1.8,2.2,1.0,0.015,0.5,24.034377092849898,1.3982297365813572,1.4465751069421016,9.909607605767626,123,52,71,42.27642276422764,8438.68,6035.259999999999,2403.420000000001,685.89,0,1,23.931740866000016,2.084108339260071,3.5165789866515733,3.409882449588136,60,29,31,48.333333333333336,4600.6900000000005,2207.51,2393.1800000000003,337.65,0,0,,0.07179522259800004,0.25,-0.0,0.047619047619047616,0.0240343770928499,0.019911486829067862,-0.00032096477018819726
1b_narrow,182,0.4130391693687772,True,97,18,75.0,43.0,14,6,2.2,10,32,1.8,2.2,1.0,0.015,0.5,24.034377092849898,1.3982297365813572,1.4465751069421016,9.909607605767626,123,52,71,42.27642276422764,8438.68,6035.259999999999,2403.420000000001,685.89,0,1,23.931740866000016,2.084108339260071,3.5165789866515733,3.409882449588136,60,29,31,48.333333333333336,4600.6900000000005,2207.51,2393.1800000000003,337.65,0,0,,0.07179522259800004,0.25,-0.0,0.047619047619047616,0.0240343770928499,0.019911486829067862,-0.00032096477018819726
1b_narrow,183,0.4130391693687772,True,97,18,75.0,43.0,14,6,2.2,10,32,1.8,2.2,1.0,0.015,0.5,24.034377092849898,1.3982297365813572,1.4465751069421016,9.909607605767626,123,52,71,42.27642276422764,8438.68,6035.259999999999,2403.420000000001,685.89,0,1,23.931740866000016,2.084108339260071,3.5165789866515733,3.409882449588136,60,29,31,48.333333333333336,4600.6900000000005,2207.51,2393.1800000000003,337.65,0,0,,0.07179522259800004,0.25,-0.0,0.047619047619047616,0.0240343770928499,0.019911486829067862,-0.00032096477018819726
1b_narrow,184,0.4130391693687772,True,97,18,75.0,43.0,14,6,2.2,10,32,1.8,2.2,1.0,0.015,0.5,24.034377092849898,1.3982297365813572,1.4465751069421016,9.909607605767626,123,52,71,42.27642276422764,8438.68,6035.259999999999,2403.420000000001,685.89,0,1,23.931740866000016,2.084108339260071,3.5165789866515733,3.409882449588136,60,29,31,48.333333333333336,4600.6900000000005,2207.51,2393.1800000000003,337.65,0,0,,0.07179522259800004,0.25,-0.0,0.047619047619047616,0.0240343770928499,0.019911486829067862,-0.00032096477018819726
1b_narrow,185,0.4130391693687772,True,97,18,75.0,43.0,14,6,2.2,10,32,1.8,2.2,1.0,0.015,0.5,24.034377092849898,1.3982297365813572,1.4465751069421016,9.909607605767626,123,52,71,42.27642276422764,8438.68,6035.259999999999,2403.420000000001,685.89,0,1,23.931740866000016,2.084108339260071,3.5165789866515733,3.409882449588136,60,29,31,48.333333333333336,4600.6900000000005,2207.51,2393.1800000000003,337.65,0,0,,0.07179522259800004,0.25,-0.0,0.047619047619047616,0.0240343770928499,0.019911486829067862,-0.00032096477018819726
1b_narrow,186,0.4130391693687772,True,97,18,75.0,43.0,14,6,2.2,10,32,1.8,2.2,1.0,0.015,0.5,24.034377092849898,1.3982297365813572,1.4465751069421016,9.909607605767626,123,52,71,42.27642276422764,8438.68,6035.259999999999,2403.420000000001,685.89,0,1,23.931740866000016,2.084108339260071,3.5165789866515733,3.409882449588136,60,29,31,48.333333333333336,4600.6900000000005,2207.51,2393.1800000000003,337.65,0,0,,0.07179522259800004,0.25,-0.0,0.047619047619047616,0.0240343770928499,0.019911486829067862,-0.00032096477018819726
1b_narrow,187,0.4130391693687772,True,97,18,75.0,43.0,14,6,2.2,10,32,1.8,2.2,1.0,0.015,0.5,24.034377092849898,1.3982297365813572,1.4465751069421016,9.909607605767626,123,52,71,42.27642276422764,8438.68,6035.259999999999,2403.420000000001,685.89,0,1,23.931740866000016,2.084108339260071,3.5165789866515733,3.409882449588136,60,29,31,48.333333333333336,4600.6900000000005,2207.51,2393.1800000000003,337.65,0,0,,0.07179522259800004,0.25,-0.0,0.047619047619047616,0.0240343770928499,0.019911486829067862,-0.00032096477018819726
1b_narrow,188,0.3980768171030826,True,97,18,75.0,43.0,14,6,2.2,10,33,1.8,2.2,1.0,0.015,0.5,21.107349576349936,1.3465923365544874,1.2775908814753405,9.979072909646657,123,51,72,41.46341463414634,8200.68,6089.95,2110.7300000000005,680.13,0,1,22.20272692664996,2.0008745356846616,3.3017515942743247,3.4099984071242684,59,28,31,47.45762711864407,4438.579999999999,2218.32,2220.259999999999,329.85,0,0,,0.06660818077994987,0.25,-0.0,0.046825396825396826,0.021107349576349937,0.01732961682772437,-0.0037937269063383584
1b_narrow,189,0.4130391693687772,True,97,18,75.0,43.0,14,6,2.2,10,32,1.8,2.2,1.0,0.015,0.5,24.034377092849898,1.3982297365813572,1.4465751069421016,9.909607605767626,123,52,71,42.27642276422764,8438.68,6035.259999999999,2403.420000000001,685.89,0,1,23.931740866000016,2.084108339260071,3.5165789866515733,3.409882449588136,60,29,31,48.333333333333336,4600.6900000000005,2207.51,2393.1800000000003,337.65,0,0,,0.07179522259800004,0.25,-0.0,0.047619047619047616,0.0240343770928499,0.019911486829067862,-0.00032096477018819726
1b_narrow,190,0.4130391693687772,True,97,18,75.0,43.0,14,6,2.2,10,32,1.8,2.2,1.0,0.015,0.5,24.034377092849898,1.3982297365813572,1.4465751069421016,9.909607605767626,123,52,71,42.27642276422764,8438.68,6035.259999999999,2403.420000000001,685.89,0,1,23.931740866000016,2.084108339260071,3.5165789866515733,3.409882449588136,60,29,31,48.333333333333336,4600.6900000000005,2207.51,2393.1800000000003,337.65,0,0,,0.07179522259800004,0.25,-0.0,0.047619047619047616,0.0240343770928499,0.019911486829067862,-0.00032096477018819726
1b_narrow,191,0.4130391693687772,True,97,18,75.0,43.0,14,6,2.2,10,32,1.8,2.2,1.0,0.015,0.5,24.034377092849898,1.3982297365813572,1.4465751069421016,9.909607605767626,123,52,71,42.27642276422764,8438.68,6035.259999999999,2403.420000000001,685.89,0,1,23.931740866000016,2.084108339260071,3.5165789866515733,3.409882449588136,60,29,31,48.333333333333336,4600.6900000000005,2207.51,2393.1800000000003,337.65,0,0,,0.07179522259800004,0.25,-0.0,0.047619047619047616,0.0240343770928499,0.019911486829067862,-0.00032096477018819726
1b_narrow,192,0.4130391693687772,True,97,18,75.0,43.0,14,6,2.2,10,32,1.8,2.2,1.0,0.015,0.5,24.034377092849898,1.3982297365813572,1.4465751069421016,9.909607605767626,123,52,71,42.27642276422764,8438.68,6035.259999999999,2403.420000000001,685.89,0,1,23.931740866000016,2.084108339260071,3.5165789866515733,3.409882449588136,60,29,31,48.333333333333336,4600.6900000000005,2207.51,2393.1800000000003,337.65,0,0,,0.07179522259800004,0.25,-0.0,0.047619047619047616,0.0240343770928499,0.019911486829067862,-0.00032096477018819726
1b_narrow,193,0.4130391693687772,True,98,18,75.0,43.0,14,6,2.2,10,32,1.8,2.2,1.0,0.015,0.5,24.034377092849898,1.3982297365813572,1.4465751069421016,9.909607605767626,123,52,71,42.27642276422764,8438.68,6035.259999999999,2403.420000000001,685.89,0,1,23.931740866000016,2.084108339260071,3.5165789866515733,3.409882449588136,60,29,31,48.333333333333336,4600.6900000000005,2207.51,2393.1800000000003,337.65,0,0,,0.07179522259800004,0.25,-0.0,0.047619047619047616,0.0240343770928499,0.019911486829067862,-0.00032096477018819726
1b_narrow,194,0.4016395770101908,True,96,18,75.0,43.0,14,6,2.2,10,32,1.8,2.2,1.0,0.015,0.5,25.84165993359993,1.4265092773227968,1.537181439732677,9.909607605767626,124,53,71,42.74193548387097,8643.02,6058.86,2584.1600000000008,694.75,0,1,22.58174188205001,2.025545771209802,3.36754120531872,4.3179004218058115,59,28,31,47.45762711864407,4460.11,2201.9300000000003,2258.1799999999994,328.97,0,0,,0.06774522564615003,0.25,-0.0,0.046825396825396826,0.025841659933599933,0.02132546386613984,-0.010098169261095828
1b_narrow,195,0.4130391693687772,True,97,18,75.0,43.0,14,6,2.2,10,32,1.8,2.2,1.0,0.015,0.5,24.034377092849898,1.3982297365813572,1.4465751069421016,9.909607605767626,123,52,71,42.27642276422764,8438.68,6035.259999999999,2403.420000000001,685.89,0,1,23.931740866000016,2.084108339260071,3.5165789866515733,3.409882449588136,60,29,31,48.333333333333336,4600.6900000000005,2207.51,2393.1800000000003,337.65,0,0,,0.07179522259800004,0.25,-0.0,0.047619047619047616,0.0240343770928499,0.019911486829067862,-0.00032096477018819726
1b_narrow,196,0.4130391693687772,True,98,18,75.0,43.0,14,6,2.2,10,32,1.8,2.2,1.0,0.015,0.5,24.034377092849898,1.3982297365813572,1.4465751069421016,9.909607605767626,123,52,71,42.27642276422764,8438.68,6035.259999999999,2403.420000000001,685.89,0,1,23.931740866000016,2.084108339260071,3.5165789866515733,3.409882449588136,60,29,31,48.333333333333336,4600.6900000000005,2207.51,2393.1800000000003,337.65,0,0,,0.07179522259800004,0.25,-0.0,0.047619047619047616,0.0240343770928499,0.019911486829067862,-0.00032096477018819726
1b_narrow,197,0.4130391693687772,True,97,18,75.0,44.0,14,6,2.2,10,32,1.8,2.2,1.0,0.015,0.5,24.034377092849898,1.3982297365813572,1.4465751069421016,9.909607605767626,123,52,71,42.27642276422764,8438.68,6035.259999999999,2403.420000000001,685.89,0,1,23.931740866000016,2.084108339260071,3.5165789866515733,3.409882449588136,60,29,31,48.333333333333336,4600.6900000000005,2207.51,2393.1800000000003,337.65,0,0,,0.07179522259800004,0.25,-0.0,0.047619047619047616,0.0240343770928499,0.019911486829067862,-0.00032096477018819726
1b_narrow,198,0.4016395770101908,True,96,18,75.0,43.0,14,6,2.2,10,32,1.8,2.2,1.0,0.015,0.5,25.84165993359993,1.4265092773227968,1.537181439732677,9.909607605767626,124,53,71,42.74193548387097,8643.02,6058.86,2584.1600000000008,694.75,0,1,22.58174188205001,2.025545771209802,3.36754120531872,4.3179004218058115,59,28,31,47.45762711864407,4460.11,2201.9300000000003,2258.1799999999994,328.97,0,0,,0.06774522564615003,0.25,-0.0,0.046825396825396826,0.025841659933599933,0.02132546386613984,-0.010098169261095828
1b_narrow,199,0.3980768171030826,True,97,18,75.0,43.0,14,6,2.2,10,33,1.8,2.2,1.0,0.015,0.5,21.107349576349936,1.3465923365544874,1.2775908814753405,9.979072909646657,123,51,72,41.46341463414634,8200.68,6089.95,2110.7300000000005,680.13,0,1,22.20272692664996,2.0008745356846616,3.3017515942743247,3.4099984071242684,59,28,31,47.45762711864407,4438.579999999999,2218.32,2220.259999999999,329.85,0,0,,0.06660818077994987,0.25,-0.0,0.046825396825396826,0.021107349576349937,0.01732961682772437,-0.0037937269063383584
1b_narrow,200,0.4073615756688765,True,98,18,75.0,43.0,14,6,2.2,10,32,1.8,2.3000000000000003,1.0,0.015,0.5,22.779456045900023,1.3780012445550716,1.3718008721370858,9.762437049768115,122,50,72,40.98360655737705,8304.18,6026.25,2277.9300000000003,668.57,0,1,24.214221330599976,2.052442856584043,3.4974343034852486,3.366258675097035,60,28,32,46.666666666666664,4722.24,2300.79,2421.45,341.08,0,0,,0.07264266399179992,0.25,-0.0,0.047619047619047616,0.022779456045900023,0.01890006222775358,-0.004579654215624649
1b_narrow,201,0.4130391693687772,True,97,18,75.0,43.0,14,6,2.2,10,32,1.8,2.2,1.0,0.015,0.5,24.034377092849898,1.3982297365813572,1.4465751069421016,9.909607605767626,123,52,71,42.27642276422764,8438.68,6035.259999999999,2403.420000000001,685.89,0,1,23.931740866000016,2.084108339260071,3.5165789866515733,3.409882449588136,60,29,31,48.333333333333336,4600.6900000000005,2207.51,2393.1800000000003,337.65,0,0,,0.07179522259800004,0.25,-0.0,0.047619047619047616,0.0240343770928499,0.019911486829067862,-0.00032096477018819726
1b_narrow,202,0.4016395770101908,True,96,18,75.0,43.0,14,6,2.2,10,32,1.8,2.2,1.0,0.015,0.5,25.84165993359993,1.4265092773227968,1.537181439732677,9.909607605767626,124,53,71,42.74193548387097,8643.02,6058.86,2584.1600000000008,694.75,0,1,22.58174188205001,2.025545771209802,3.36754120531872,4.3179004218058115,59,28,31,47.45762711864407,4460.11,2201.9300000000003,2258.1799999999994,328.97,0,0,,0.06774522564615003,0.25,-0.0,0.046825396825396826,0.025841659933599933,0.02132546386613984,-0.010098169261095828
1b_narrow,203,0.4130391693687772,True,98,18,75.0,43.0,14,6,2.2,10,32,1.8,2.2,1.0,0.015,0.5,24.034377092849898,1.3982297365813572,1.4465751069421016,9.909607605767626,123,52,71,42.27642276422764,8438.68,6035.259999999999,2403.420000000001,685.89,0,1,23.931740866000016,2.084108339260071,3.5165789866515733,3.409882449588136,60,29,31,48.333333333333336,4600.6900000000005,2207.51,2393.1800000000003,337.65,0,0,,0.07179522259800004,0.25,-0.0,0.047619047619047616,0.0240343770928499,0.019911486829067862,-0.00032096477018819726
1b_narrow,204,0.4130391693687772,True,97,18,75.0,43.0,14,6,2.2,10,32,1.8,2.2,1.0,0.015,0.5,24.034377092849898,1.3982297365813572,1.4465751069421016,9.909607605767626,123,52,71,42.27642276422764,8438.68,6035.259999999999,2403.420000000001,685.89,0,1,23.931740866000016,2.084108339260071,3.5165789866515733,3.409882449588136,60,29,31,48.333333333333336,4600.6900000000005,2207.51,2393.1800000000003,337.65,0,0,,0.07179522259800004,0.25,-0.0,0.047619047619047616,0.0240343770928499,0.019911486829067862,-0.00032096477018819726
1b_narrow,205,0.4073615756688765,True,98,18,75.0,43.0,14,6,2.2,10,32,1.8,2.3000000000000003,1.0,0.015,0.5,22.779456045900023,1.3780012445550716,1.3718008721370858,9.762437049768115,122,50,72,40.98360655737705,8304.18,6026.25,2277.9300000000003,668.57,0,1,24.214221330599976,2.052442856584043,3.4974343034852486,3.366258675097035,60,28,32,46.666666666666664,4722.24,2300.79,2421.45,341.08,0,0,,0.07264266399179992,0.25,-0.0,0.047619047619047616,0.022779456045900023,0.01890006222775358,-0.004579654215624649
1b_narrow,206,0.4130391693687772,True,97,18,75.0,43.0,14,6,2.2,10,32,1.8,2.2,1.0,0.015,0.5,24.034377092849898,1.3982297365813572,1.4465751069421016,9.909607605767626,123,52,71,42.27642276422764,8438.68,6035.259999999999,2403.420000000001,685.89,0,1,23.931740866000016,2.084108339260071,3.5165789866515733,3.409882449588136,60,29,31,48.333333333333336,4600.6900000000005,2207.51,2393.1800000000003,337.65,0,0,,0.07179522259800004,0.25,-0.0,0.047619047619047616,0.0240343770928499,0.019911486829067862,-0.00032096477018819726
1b_narrow,207,0.3686754615367126,True,95,18,75.0,43.0,14,6,2.2,10,32,1.8,2.2,1.0,0.015,0.5,25.63057136749985,1.4248501976644923,1.5183438635551005,9.90940492955066,124,53,71,42.74193548387097,8596.05,6032.950000000001,2563.0999999999985,690.03,0,1,21.438951647799986,1.877023898156709,3.1650805524170176,4.318181304590089,65,29,36,44.61538461538461,4588.460000000001,2444.54,2143.920000000001,361.48,0,0,,0.06431685494339996,0.21925597453917722,-0.0,0.0515873015873016,0.02563057136749985,0.021242509883224615,-0.013357750783890638
1b_narrow,208,0.3424329429244536,True,96,18,75.0,43.0,14,6,2.2,10,31,1.8,2.2,1.0,0.015,0.5,25.596889330599883,1.4316021987657237,1.5548042922495138,8.491295807819627,124,52,72,41.935483870967744,8490.26,5930.599999999999,2559.6600000000008,696.28,0,1,19.198211699799995,1.8490495944523557,2.921626459546141,4.31818077730519,59,27,32,45.76271186440678,4180.96,2261.1400000000003,1919.8199999999997,323.56,0,0,,0.05759463509939998,0.21226239861308893,-0.0,0.046825396825396826,0.025596889330599882,0.021580109938286185,-0.02142648688231824
1b_narrow,209,0.4073615756688765,True,98,18,75.0,43.0,14,6,2.2,10,32,1.8,2.3000000000000003,1.0,0.015,0.5,22.779456045900023,1.3780012445550716,1.3718008721370858,9.762437049768115,122,50,72,40.98360655737705,8304.18,6026.25,2277.9300000000003,668.57,0,1,24.214221330599976,2.052442856584043,3.4974343034852486,3.366258675097035,60,28,32,46.666666666666664,4722.24,2300.79,2421.45,341.08,0,0,,0.07264266399179992,0.25,-0.0,0.047619047619047616,0.022779456045900023,0.01890006222775358,-0.004579654215624649
1b_narrow,210,0.4130391693687772,True,97,18,75.0,43.0,14,6,2.2,10,32,1.8,2.2,1.0,0.015,0.5,24.034377092849898,1.3982297365813572,1.4465751069421016,9.909607605767626,123,52,71,42.27642276422764,8438.68,6035.259999999999,2403.420000000001,685.89,0,1,23.931740866000016,2.084108339260071,3.5165789866515733,3.409882449588136,60,29,31,48.333333333333336,4600.6900000000005,2207.51,2393.1800000000003,337.65,0,0,,0.07179522259800004,0.25,-0.0,0.047619047619047616,0.0240343770928499,0.019911486829067862,-0.00032096477018819726
1b_narrow,211,0.4173479014867949,True,97,18,75.0,43.0,17,6,2.2,10,32,1.8,2.2,1.0,0.015,0.5,24.20327957109992,1.39548077064478,1.4603192479150577,9.909029031150531,125,53,72,42.4,8540.44,6120.070000000001,2420.37,699.7,0,1,24.686137433499916,2.075582104639409,3.6282182908481837,3.5504305640826224,64,30,34,46.875,4763.710000000001,2295.1200000000003,2468.5900000000006,361.96,0,0,,0.07405841230049974,0.25,-0.0,0.050793650793650794,0.024203279571099922,0.019774038532239004,-0.0014814797106945422
1b_narrow,212,0.41725810400011887,True,96,18,75.0,43.0,16,6,2.2,10,32,1.8,2.2,1.0,0.015,0.5,25.20355274744979,1.412283255905254,1.511183351900918,9.910221279125912,125,53,72,42.4,8633.57,6113.200000000001,2520.369999999999,699.56,0,1,24.641655388,2.088438739542567,3.586883487439825,4.457098996508572,62,29,33,46.774193548387096,4728.099999999999,2263.94,2464.1599999999994,349.16,0,0,,0.073924966164,0.25,-0.0,0.049206349206349205,0.025203552747449794,0.020614162795262705,-0.0016909269129428235
1b_narrow,213,0.41725810400011887,True,96,18,75.0,43.0,16,6,2.2,10,32,1.8,2.2,1.0,0.015,0.5,25.20355274744979,1.412283255905254,1.511183351900918,9.910221279125912,125,53,72,42.4,8633.57,6113.200000000001,2520.369999999999,699.56,0,1,24.641655388,2.088438739542567,3.586883487439825,4.457098996508572,62,29,33,46.774193548387096,4728.099999999999,2263.94,2464.1599999999994,349.16,0,0,,0.073924966164,0.25,-0.0,0.049206349206349205,0.025203552747449794,0.020614162795262705,-0.0016909269129428235
1b_narrow,214,0.40899769743230774,True,96,18,75.0,43.0,17,6,2.2,10,32,1.8,2.2,1.0,0.015,0.5,26.010144575099876,1.4233640204957256,1.5511149169284708,9.909029031150531,126,54,72,42.857142857142854,8744.75,6143.72,2601.0299999999997,708.54,0,1,23.32634438834997,2.019270095957212,3.479505392966304,4.4572909550648445,63,29,34,46.03174603174603,4621.14,2288.5200000000004,2332.62,353.2,0,0,,0.06997903316504991,0.25,-0.0,0.05,0.026010144575099876,0.021168201024786282,-0.008159681332628342
1b_narrow,215,0.4102290932934899,True,96,18,75.0,43.0,17,6,2.2,10,32,1.8,2.3000000000000003,1.0,0.015,0.5,24.856992326049784,1.4052011521890448,1.4812686525203513,9.762762281371515,125,52,73,41.6,8620.079999999998,6134.41,2485.6699999999983,691.07,0,1,23.631748075350078,1.9920283771303837,3.4387592292796523,4.457090541421367,63,28,35,44.44444444444444,4745.41,2382.2,2363.21,356.82,0,0,,0.07089524422605023,0.24800709428259593,-0.0,0.05,0.024856992326049786,0.020260057609452244,-0.0037902951506583174
1b_narrow,216,-1.0555555555555556,False,95,18,75.0,44.0,16,9,2.2,10,32,1.8,2.2,1.0,0.015,0.5,10.444201400399942,1.3240895028687214,0.9668919675444987,9.812035011060107,77,30,47,38.96103896103896,4267.13,3222.69,1044.44,402.32,0,1,9.586345807200015,1.733857447964909,2.1591687784402986,4.418411816400536,37,15,22,40.54054054054054,2264.99,1306.3300000000002,958.6599999999996,196.96,0,0,0.33333333333333337,,,,,,,
1b_narrow,217,0.30533200655225573,True,98,18,75.0,43.0,16,6,2.2,10,32,2.0,2.3000000000000003,1.0,0.015,0.5,15.405793853099986,1.2981081253664455,1.0355237748758237,9.30288855553175,101,40,61,39.603960396039604,6708.4800000000005,5167.89,1540.5900000000001,539.07,0,0,14.90800799845003,1.7818334382211034,2.603857159089365,4.8879933774675335,47,20,27,42.5531914893617,3397.6000000000004,1906.8000000000002,1490.8000000000002,258.49,0,0,,0.04472402399535009,0.19545835955527585,-0.0,0.0373015873015873,0.015405793853099987,0.014905406268322275,-0.002463164421379746
1b_narrow,218,0.391167561499353,True,96,18,75.0,43.0,18,6,2.2,10,32,1.8,2.2,1.0,0.015,0.5,26.68625802799983,1.4374755126563705,1.58698720680956,9.424995849221892,125,54,71,43.2,8768.73,6100.09,2668.6399999999994,704.77,0,1,22.435697730599983,1.9499455930359089,3.356144940152691,4.457064731654349,64,29,35,45.3125,4605.4400000000005,2361.83,2243.6100000000006,357.4,0,0,,0.06730709319179995,0.23748639825897722,-0.0,0.050793650793650794,0.026686258027999833,0.02187377563281853,-0.012979614405893333
1b_narrow,219,0.4154783175004087,True,98,18,75.0,43.0,17,6,2.2,10,32,1.8,2.2,1.0,0.015,0.5,23.844740113949957,1.3876423673541047,1.4410306989924508,9.909029031150531,126,53,73,42.06349206349206,8535.86,6151.340000000001,2384.5199999999995,705.34,0,1,24.686137433499916,2.075582104639409,3.6282182908481837,3.5504305640826224,64,30,34,46.875,4763.710000000001,2295.1200000000003,2468.5900000000006,361.96,0,0,,0.07405841230049974,0.25,-0.0,0.050793650793650794,0.02384474011394996,0.019382118367705238,-0.002600604075397059
1b_narrow,220,0.4093898728346346,True,98,18,75.0,43.0,17,6,2.2,10,32,1.8,2.3000000000000003,1.0,0.015,0.5,22.630633373299823,1.3685351320454215,1.3678874365323266,9.762762281371515,125,51,74,40.8,8403.75,6140.6900000000005,2263.0599999999995,687.84,0,1,25.049518392499976,2.047832179532763,3.5897808219255136,3.5071247862414308,64,29,35,45.3125,4895.65,2390.65,2504.9999999999995,365.83,0,0,,0.07514855517749992,0.25,-0.0,0.050793650793650794,0.022630633373299822,0.01842675660227108,-0.007609723112087011
1b_narrow,221,0.4173479014867949,True,97,18,75.0,43.0,17,6,2.2,10,32,1.8,2.2,1.0,0.015,0.5,24.20327957109992,1.39548077064478,1.4603192479150577,9.909029031150531,125,53,72,42.4,8540.44,6120.070000000001,2420.37,699.7,0,1,24.686137433499916,2.075582104639409,3.6282182908481837,3.5504305640826224,64,30,34,46.875,4763.710000000001,2295.1200000000003,2468.5900000000006,361.96,0,0,,0.07405841230049974,0.25,-0.0,0.050793650793650794,0.024203279571099922,0.019774038532239004,-0.0014814797106945422
1b_narrow,222,0.4173479014867949,True,97,18,75.0,43.0,17,6,2.2,10,32,1.8,2.2,1.0,0.015,0.5,24.20327957109992,1.39548077064478,1.4603192479150577,9.909029031150531,125,53,72,42.4,8540.44,6120.070000000001,2420.37,699.7,0,1,24.686137433499916,2.075582104639409,3.6282182908481837,3.5504305640826224,64,30,34,46.875,4763.710000000001,2295.1200000000003,2468.5900000000006,361.96,0,0,,0.07405841230049974,0.25,-0.0,0.050793650793650794,0.024203279571099922,0.019774038532239004,-0.0014814797106945422
1b_narrow,223,0.4154783175004087,True,98,18,75.0,43.0,17,6,2.2,10,32,1.8,2.2,1.0,0.015,0.5,23.844740113949957,1.3876423673541047,1.4410306989924508,9.909029031150531,126,53,73,42.06349206349206,8535.86,6151.340000000001,2384.5199999999995,705.34,0,1,24.686137433499916,2.075582104639409,3.6282182908481837,3.5504305640826224,64,30,34,46.875,4763.710000000001,2295.1200000000003,2468.5900000000006,361.96,0,0,,0.07405841230049974,0.25,-0.0,0.050793650793650794,0.02384474011394996,0.019382118367705238,-0.002600604075397059
1b_narrow,224,0.4154783175004087,True,98,18,75.0,43.0,17,6,2.2,10,32,1.8,2.2,1.0,0.015,0.5,23.844740113949957,1.3876423673541047,1.4410306989924508,9.909029031150531,126,53,73,42.06349206349206,8535.86,6151.340000000001,2384.5199999999995,705.34,0,1,24.686137433499916,2.075582104639409,3.6282182908481837,3.5504305640826224,64,30,34,46.875,4763.710000000001,2295.1200000000003,2468.5900000000006,361.96,0,0,,0.07405841230049974,0.25,-0.0,0.050793650793650794,0.02384474011394996,0.019382118367705238,-0.002600604075397059
1b_narrow,225,0.4154783175004087,True,98,18,75.0,43.0,17,6,2.2,10,32,1.8,2.2,1.0,0.015,0.5,23.844740113949957,1.3876423673541047,1.4410306989924508,9.909029031150531,126,53,73,42.06349206349206,8535.86,6151.340000000001,2384.5199999999995,705.34,0,1,24.686137433499916,2.075582104639409,3.6282182908481837,3.5504305640826224,64,30,34,46.875,4763.710000000001,2295.1200000000003,2468.5900000000006,361.96,0,0,,0.07405841230049974,0.25,-0.0,0.050793650793650794,0.02384474011394996,0.019382118367705238,-0.002600604075397059
1b_narrow,226,0.4154783175004087,True,98,18,75.0,43.0,17,6,2.2,10,32,1.8,2.2,1.0,0.015,0.5,23.844740113949957,1.3876423673541047,1.4410306989924508,9.909029031150531,126,53,73,42.06349206349206,8535.86,6151.340000000001,2384.5199999999995,705.34,0,1,24.686137433499916,2.075582104639409,3.6282182908481837,3.5504305640826224,64,30,34,46.875,4763.710000000001,2295.1200000000003,2468.5900000000006,361.96,0,0,,0.07405841230049974,0.25,-0.0,0.050793650793650794,0.02384474011394996,0.019382118367705238,-0.002600604075397059
1b_narrow,227,0.4154783175004087,True,98,18,75.0,43.0,17,6,2.2,10,32,1.8,2.2,1.0,0.015,0.5,23.844740113949957,1.3876423673541047,1.4410306989924508,9.909029031150531,126,53,73,42.06349206349206,8535.86,6151.340000000001,2384.5199999999995,705.34,0,1,24.686137433499916,2.075582104639409,3.6282182908481837,3.5504305640826224,64,30,34,46.875,4763.710000000001,2295.1200000000003,2468.5900000000006,361.96,0,0,,0.07405841230049974,0.25,-0.0,0.050793650793650794,0.02384474011394996,0.019382118367705238,-0.002600604075397059
1b_narrow,228,0.4093898728346346,True,98,18,75.0,43.0,17,6,2.2,10,32,1.8,2.3000000000000003,1.0,0.015,0.5,22.630633373299823,1.3685351320454215,1.3678874365323266,9.762762281371515,125,51,74,40.8,8403.75,6140.6900000000005,2263.0599999999995,687.84,0,1,25.049518392499976,2.047832179532763,3.5897808219255136,3.5071247862414308,64,29,35,45.3125,4895.65,2390.65,2504.9999999999995,365.83,0,0,,0.07514855517749992,0.25,-0.0,0.050793650793650794,0.022630633373299822,0.01842675660227108,-0.007609723112087011
1b_narrow,229,0.4154783175004087,True,98,18,75.0,43.0,17,6,2.2,10,32,1.8,2.2,1.0,0.015,0.5,23.844740113949957,1.3876423673541047,1.4410306989924508,9.909029031150531,126,53,73,42.06349206349206,8535.86,6151.340000000001,2384.5199999999995,705.34,0,1,24.686137433499916,2.075582104639409,3.6282182908481837,3.5504305640826224,64,30,34,46.875,4763.710000000001,2295.1200000000003,2468.5900000000006,361.96,0,0,,0.07405841230049974,0.25,-0.0,0.050793650793650794,0.02384474011394996,0.019382118367705238,-0.002600604075397059
1b_narrow,230,0.4154783175004087,True,98,18,75.0,43.0,17,6,2.2,10,32,1.8,2.2,1.0,0.015,0.5,23.844740113949957,1.3876423673541047,1.4410306989924508,9.909029031150531,126,53,73,42.06349206349206,8535.86,6151.340000000001,2384.5199999999995,705.34,0,1,24.686137433499916,2.075582104639409,3.6282182908481837,3.5504305640826224,64,30,34,46.875,4763.710000000001,2295.1200000000003,2468.5900000000006,361.96,0,0,,0.07405841230049974,0.25,-0.0,0.050793650793650794,0.02384474011394996,0.019382118367705238,-0.002600604075397059
1b_narrow,231,0.4154783175004087,True,98,18,75.0,43.0,17,6,2.2,10,32,1.8,2.2,1.0,0.015,0.5,23.844740113949957,1.3876423673541047,1.4410306989924508,9.909029031150531,126,53,73,42.06349206349206,8535.86,6151.340000000001,2384.5199999999995,705.34,0,1,24.686137433499916,2.075582104639409,3.6282182908481837,3.5504305640826224,64,30,34,46.875,4763.710000000001,2295.1200000000003,2468.5900000000006,361.96,0,0,,0.07405841230049974,0.25,-0.0,0.050793650793650794,0.02384474011394996,0.019382118367705238,-0.002600604075397059
1b_narrow,232,0.4154783175004087,True,98,18,75.0,43.0,17,6,2.2,10,32,1.8,2.2,1.0,0.015,0.5,23.844740113949957,1.3876423673541047,1.4410306989924508,9.909029031150531,126,53,73,42.06349206349206,8535.86,6151.340000000001,2384.5199999999995,705.34,0,1,24.686137433499916,2.075582104639409,3.6282182908481837,3.5504305640826224,64,30,34,46.875,4763.710000000001,2295.1200000000003,2468.5900000000006,361.96,0,0,,0.07405841230049974,0.25,-0.0,0.050793650793650794,0.02384474011394996,0.019382118367705238,-0.002600604075397059
1b_narrow,233,0.4154783175004087,True,98,18,75.0,43.0,17,6,2.2,10,32,1.8,2.2,1.0,0.015,0.5,23.844740113949957,1.3876423673541047,1.4410306989924508,9.909029031150531,126,53,73,42.06349206349206,8535.86,6151.340000000001,2384.5199999999995,705.34,0,1,24.686137433499916,2.075582104639409,3.6282182908481837,3.5504305640826224,64,30,34,46.875,4763.710000000001,2295.1200000000003,2468.5900000000006,361.96,0,0,,0.07405841230049974,0.25,-0.0,0.050793650793650794,0.02384474011394996,0.019382118367705238,-0.002600604075397059
1b_narrow,234,0.4154783175004087,True,98,18,75.0,43.0,17,6,2.2,10,32,1.8,2.2,1.0,0.015,0.5,23.844740113949957,1.3876423673541047,1.4410306989924508,9.909029031150531,126,53,73,42.06349206349206,8535.86,6151.340000000001,2384.5199999999995,705.34,0,1,24.686137433499916,2.075582104639409,3.6282182908481837,3.5504305640826224,64,30,34,46.875,4763.710000000001,2295.1200000000003,2468.5900000000006,361.96,0,0,,0.07405841230049974,0.25,-0.0,0.050793650793650794,0.02384474011394996,0.019382118367705238,-0.002600604075397059
1b_narrow,235,0.4154783175004087,True,98,18,75.0,43.0,17,6,2.2,10,32,1.8,2.2,1.0,0.015,0.5,23.844740113949957,1.3876423673541047,1.4410306989924508,9.909029031150531,126,53,73,42.06349206349206,8535.86,6151.340000000001,2384.5199999999995,705.34,0,1,24.686137433499916,2.075582104639409,3.6282182908481837,3.5504305640826224,64,30,34,46.875,4763.710000000001,2295.1200000000003,2468.5900000000006,361.96,0,0,,0.07405841230049974,0.25,-0.0,0.050793650793650794,0.02384474011394996,0.019382118367705238,-0.002600604075397059
1b_narrow,236,0.4093898728346346,True,98,18,75.0,43.0,17,6,2.2,10,32,1.8,2.3000000000000003,1.0,0.015,0.5,22.630633373299823,1.3685351320454215,1.3678874365323266,9.762762281371515,125,51,74,40.8,8403.75,6140.6900000000005,2263.0599999999995,687.84,0,1,25.049518392499976,2.047832179532763,3.5897808219255136,3.5071247862414308,64,29,35,45.3125,4895.65,2390.65,2504.9999999999995,365.83,0,0,,0.07514855517749992,0.25,-0.0,0.050793650793650794,0.022630633373299822,0.01842675660227108,-0.007609723112087011
1b_narrow,237,0.1732604715155661,True,98,18,75.0,43.0,17,6,2.7,10,32,1.8,2.2,1.0,0.015,0.5,7.5375323111998656,1.0941484185978536,0.47081073889512365,15.694317917767082,158,59,99,37.34177215189873,8759.609999999999,8005.87,753.7399999999989,813.5,0,1,14.691695317950051,1.381498177134726,1.9744154439974542,6.3438531740987525,88,35,53,39.77272727272727,5320.26,3851.08,1469.1800000000003,485.24,0,0,,0.04407508595385015,0.09537454428368147,-0.0,0.06984126984126984,0.007537532311199866,0.004707420929892681,-0.04827538180432794
1b_narrow,238,0.4154783175004087,True,98,18,75.0,43.0,17,6,2.2,10,32,1.8,2.2,1.0,0.015,0.5,23.844740113949957,1.3876423673541047,1.4410306989924508,9.909029031150531,126,53,73,42.06349206349206,8535.86,6151.340000000001,2384.5199999999995,705.34,0,1,24.686137433499916,2.075582104639409,3.6282182908481837,3.5504305640826224,64,30,34,46.875,4763.710000000001,2295.1200000000003,2468.5900000000006,361.96,0,0,,0.07405841230049974,0.25,-0.0,0.050793650793650794,0.02384474011394996,0.019382118367705238,-0.002600604075397059
1b_narrow,239,0.4154783175004087,True,98,18,75.0,43.0,17,6,2.2,10,32,1.8,2.2,1.0,0.015,0.5,23.844740113949957,1.3876423673541047,1.4410306989924508,9.909029031150531,126,53,73,42.06349206349206,8535.86,6151.340000000001,2384.5199999999995,705.34,0,1,24.686137433499916,2.075582104639409,3.6282182908481837,3.5504305640826224,64,30,34,46.875,4763.710000000001,2295.1200000000003,2468.5900000000006,361.96,0,0,,0.07405841230049974,0.25,-0.0,0.050793650793650794,0.02384474011394996,0.019382118367705238,-0.002600604075397059
1b_narrow,240,0.4154783175004087,True,98,18,75.0,43.0,17,6,2.2,10,32,1.8,2.2,1.0,0.015,0.5,23.844740113949957,1.3876423673541047,1.4410306989924508,9.909029031150531,126,53,73,42.06349206349206,8535.86,6151.340000000001,2384.5199999999995,705.34,0,1,24.686137433499916,2.075582104639409,3.6282182908481837,3.5504305640826224,64,30,34,46.875,4763.710000000001,2295.1200000000003,2468.5900000000006,361.96,0,0,,0.07405841230049974,0.25,-0.0,0.050793650793650794,0.02384474011394996,0.019382118367705238,-0.002600604075397059
1b_narrow,241,0.4154783175004087,True,98,18,75.0,43.0,17,6,2.2,10,32,1.8,2.2,1.0,0.015,0.5,23.844740113949957,1.3876423673541047,1.4410306989924508,9.909029031150531,126,53,73,42.06349206349206,8535.86,6151.340000000001,2384.5199999999995,705.34,0,1,24.686137433499916,2.075582104639409,3.6282182908481837,3.5504305640826224,64,30,34,46.875,4763.710000000001,2295.1200000000003,2468.5900000000006,361.96,0,0,,0.07405841230049974,0.25,-0.0,0.050793650793650794,0.02384474011394996,0.019382118367705238,-0.002600604075397059
1b_narrow,242,0.4154783175004087,True,98,18,75.0,43.0,17,6,2.2,10,32,1.8,2.2,1.0,0.015,0.5,23.844740113949957,1.3876423673541047,1.4410306989924508,9.909029031150531,126,53,73,42.06349206349206,8535.86,6151.340000000001,2384.5199999999995,705.34,0,1,24.686137433499916,2.075582104639409,3.6282182908481837,3.5504305640826224,64,30,34,46.875,4763.710000000001,2295.1200000000003,2468.5900000000006,361.96,0,0,,0.07405841230049974,0.25,-0.0,0.050793650793650794,0.02384474011394996,0.019382118367705238,-0.002600604075397059
1b_narrow,243,0.4154783175004087,True,98,18,75.0,43.0,17,6,2.2,10,32,1.8,2.2,1.0,0.015,0.5,23.844740113949957,1.3876423673541047,1.4410306989924508,9.909029031150531,126,53,73,42.06349206349206,8535.86,6151.340000000001,2384.5199999999995,705.34,0,1,24.686137433499916,2.075582104639409,3.6282182908481837,3.5504305640826224,64,30,34,46.875,4763.710000000001,2295.1200000000003,2468.5900000000006,361.96,0,0,,0.07405841230049974,0.25,-0.0,0.050793650793650794,0.02384474011394996,0.019382118367705238,-0.002600604075397059
1b_narrow,244,0.4154783175004087,True,98,18,75.0,43.0,17,6,2.2,10,32,1.8,2.2,1.0,0.015,0.5,23.844740113949957,1.3876423673541047,1.4410306989924508,9.909029031150531,126,53,73,42.06349206349206,8535.86,6151.340000000001,2384.5199999999995,705.34,0,1,24.686137433499916,2.075582104639409,3.6282182908481837,3.5504305640826224,64,30,34,46.875,4763.710000000001,2295.1200000000003,2468.5900000000006,361.96,0,0,,0.07405841230049974,0.25,-0.0,0.050793650793650794,0.02384474011394996,0.019382118367705238,-0.002600604075397059
1b_narrow,245,0.4154783175004087,True,98,18,75.0,43.0,17,6,2.2,10,32,1.8,2.2,1.0,0.015,0.5,23.844740113949957,1.3876423673541047,1.4410306989924508,9.909029031150531,126,53,73,42.06349206349206,8535.86,6151.340000000001,2384.5199999999995,705.34,0,1,24.686137433499916,2.075582104639409,3.6282182908481837,3.5504305640826224,64,30,34,46.875,4763.710000000001,2295.1200000000003,2468.5900000000006,361.96,0,0,,0.07405841230049974,0.25,-0.0,0.050793650793650794,0.02384474011394996,0.019382118367705238,-0.002600604075397059
1b_narrow,246,0.4093898728346346,True,98,18,75.0,43.0,17,6,2.2,10,32,1.8,2.3000000000000003,1.0,0.015,0.5,22.630633373299823,1.3685351320454215,1.3678874365323266,9.762762281371515,125,51,74,40.8,8403.75,6140.6900000000005,2263.0599999999995,687.84,0,1,25.049518392499976,2.047832179532763,3.5897808219255136,3.5071247862414308,64,29,35,45.3125,4895.65,2390.65,2504.9999999999995,365.83,0,0,,0.07514855517749992,0.25,-0.0,0.050793650793650794,0.022630633373299822,0.01842675660227108,-0.007609723112087011
1b_narrow,247,0.4154783175004087,True,98,18,75.0,43.0,17,6,2.2,10,32,1.8,2.2,1.0,0.015,0.5,23.844740113949957,1.3876423673541047,1.4410306989924508,9.909029031150531,126,53,73,42.06349206349206,8535.86,6151.340000000001,2384.5199999999995,705.34,0,1,24.686137433499916,2.075582104639409,3.6282182908481837,3.5504305640826224,64,30,34,46.875,4763.710000000001,2295.1200000000003,2468.5900000000006,361.96,0,0,,0.07405841230049974,0.25,-0.0,0.050793650793650794,0.02384474011394996,0.019382118367705238,-0.002600604075397059
1b_narrow,248,0.4154783175004087,True,98,18,75.0,43.0,17,6,2.2,10,32,1.8,2.2,1.0,0.015,0.5,23.844740113949957,1.3876423673541047,1.4410306989924508,9.909029031150531,126,53,73,42.06349206349206,8535.86,6151.340000000001,2384.5199999999995,705.34,0,1,24.686137433499916,2.075582104639409,3.6282182908481837,3.5504305640826224,64,30,34,46.875,4763.710000000001,2295.1200000000003,2468.5900000000006,361.96,0,0,,0.07405841230049974,0.25,-0.0,0.050793650793650794,0.02384474011394996,0.019382118367705238,-0.002600604075397059
1b_narrow,249,0.2591446474157799,True,98,18,75.0,43.0,17,6,2.2,10,32,1.8,1.6,1.0,0.015,0.5,12.374961061199938,1.2272340831844468,0.8941180291122417,10.684661411725434,129,60,69,46.51162790697674,6683.4800000000005,5445.969999999998,1237.510000000002,690.72,0,1,12.646803951349975,1.5868650261483703,2.3431129737923055,3.8418369068969045,66,32,34,48.484848484848484,3419.71,2155.01,1264.6999999999998,353.51,0,0,,0.03794041185404992,0.14671625653709258,-0.0,0.05238095238095239,0.012374961061199938,0.011361704159222342,-0.0016296385767372399
1b_narrow,250,0.4154783175004087,True,98,18,75.0,43.0,17,6,2.2,10,32,1.8,2.2,1.0,0.015,0.5,23.844740113949957,1.3876423673541047,1.4410306989924508,9.909029031150531,126,53,73,42.06349206349206,8535.86,6151.340000000001,2384.5199999999995,705.34,0,1,24.686137433499916,2.075582104639409,3.6282182908481837,3.5504305640826224,64,30,34,46.875,4763.710000000001,2295.1200000000003,2468.5900000000006,361.96,0,0,,0.07405841230049974,0.25,-0.0,0.050793650793650794,0.02384474011394996,0.019382118367705238,-0.002600604075397059
1b_narrow,251,0.3987207249384973,True,99,18,75.0,43.0,17,6,2.2,10,32,1.8,2.3000000000000003,1.0,0.015,0.5,20.51459787054986,1.3265309370816813,1.2533821023815557,9.762146128901298,127,51,76,40.15748031496063,8334.05,6282.589999999999,2051.46,693.22,0,1,25.87536061000001,2.077925107581306,3.685071235602255,3.506918676898739,65,30,35,46.15384615384615,4988.080000000001,2400.5099999999998,2587.570000000001,373.06,0,0,,0.07762608183000003,0.25,-0.0,0.0515873015873016,0.020514597870549864,0.016326546854084068,-0.01733380320343824
1b_narrow,252,0.4154783175004087,True,98,18,75.0,43.0,17,6,2.2,10,32,1.8,2.2,1.0,0.015,0.5,23.844740113949957,1.3876423673541047,1.4410306989924508,9.909029031150531,126,53,73,42.06349206349206,8535.86,6151.340000000001,2384.5199999999995,705.34,0,1,24.686137433499916,2.075582104639409,3.6282182908481837,3.5504305640826224,64,30,34,46.875,4763.710000000001,2295.1200000000003,2468.5900000000006,361.96,0,0,,0.07405841230049974,0.25,-0.0,0.050793650793650794,0.02384474011394996,0.019382118367705238,-0.002600604075397059
1b_narrow,253,0.4154783175004087,True,98,18,75.0,43.0,17,6,2.2,10,32,1.8,2.2,1.0,0.015,0.5,23.844740113949957,1.3876423673541047,1.4410306989924508,9.909029031150531,126,53,73,42.06349206349206,8535.86,6151.340000000001,2384.5199999999995,705.34,0,1,24.686137433499916,2.075582104639409,3.6282182908481837,3.5504305640826224,64,30,34,46.875,4763.710000000001,2295.1200000000003,2468.5900000000006,361.96,0,0,,0.07405841230049974,0.25,-0.0,0.050793650793650794,0.02384474011394996,0.019382118367705238,-0.002600604075397059
1b_narrow,254,0.40497071606275775,True,99,18,75.0,43.0,17,6,2.2,10,32,1.8,2.2,1.0,0.015,0.5,21.70608854574975,1.344697096015537,1.3253982269900717,9.910882725821478,128,53,75,41.40625,8467.84,6297.21,2170.63,710.86,0,1,25.471575891199937,2.105577040769821,3.7210737819536215,3.550590624482063,65,31,34,47.69230769230769,4851.0599999999995,2303.9100000000003,2547.149999999999,369.11,0,0,,0.07641472767359982,0.25,-0.0,0.0515873015873016,0.02170608854574975,0.017234854800776855,-0.011972256544670252
1b_narrow,255,0.4017018680336245,True,98,18,75.0,43.0,17,6,2.2,10,32,1.8,2.1,1.0,0.015,0.5,23.187932316149944,1.3849229997958168,1.4318655094881,8.117622257699104,127,55,72,43.30708661417323,8342.789999999999,6024.01,2318.779999999999,707.66,0,1,22.242268132850022,1.9794787785909937,3.351492375483407,3.5938098483914565,64,30,34,46.875,4495.040000000001,2270.82,2224.2200000000007,358.15,0,0,,0.06672680439855005,0.24486969464774844,-0.0,0.050793650793650794,0.023187932316149944,0.01924614998979084,-0.003122364112265561
1b_narrow,256,0.3987207249384973,True,99,18,75.0,43.0,17,6,2.2,10,32,1.8,2.3000000000000003,1.0,0.015,0.5,20.51459787054986,1.3265309370816813,1.2533821023815557,9.762146128901298,127,51,76,40.15748031496063,8334.05,6282.589999999999,2051.46,693.22,0,1,25.87536061000001,2.077925107581306,3.685071235602255,3.506918676898739,65,30,35,46.15384615384615,4988.080000000001,2400.5099999999998,2587.570000000001,373.06,0,0,,0.07762608183000003,0.25,-0.0,0.0515873015873016,0.020514597870549864,0.016326546854084068,-0.01733380320343824
1b_narrow,257,0.4154783175004087,True,98,18,75.0,43.0,17,6,2.2,10,32,1.8,2.2,1.0,0.015,0.5,23.844740113949957,1.3876423673541047,1.4410306989924508,9.909029031150531,126,53,73,42.06349206349206,8535.86,6151.340000000001,2384.5199999999995,705.34,0,1,24.686137433499916,2.075582104639409,3.6282182908481837,3.5504305640826224,64,30,34,46.875,4763.710000000001,2295.1200000000003,2468.5900000000006,361.96,0,0,,0.07405841230049974,0.25,-0.0,0.050793650793650794,0.02384474011394996,0.019382118367705238,-0.002600604075397059
1b_narrow,258,0.4154783175004087,True,98,18,75.0,43.0,17,6,2.2,10,32,1.8,2.2,1.0,0.015,0.5,23.844740113949957,1.3876423673541047,1.4410306989924508,9.909029031150531,126,53,73,42.06349206349206,8535.86,6151.340000000001,2384.5199999999995,705.34,0,1,24.686137433499916,2.075582104639409,3.6282182908481837,3.5504305640826224,64,30,34,46.875,4763.710000000001,2295.1200000000003,2468.5900000000006,361.96,0,0,,0.07405841230049974,0.25,-0.0,0.050793650793650794,0.02384474011394996,0.019382118367705238,-0.002600604075397059
1b_narrow,259,0.3987207249384973,True,99,18,75.0,43.0,17,6,2.2,10,32,1.8,2.3000000000000003,1.0,0.015,0.5,20.51459787054986,1.3265309370816813,1.2533821023815557,9.762146128901298,127,51,76,40.15748031496063,8334.05,6282.589999999999,2051.46,693.22,0,1,25.87536061000001,2.077925107581306,3.685071235602255,3.506918676898739,65,30,35,46.15384615384615,4988.080000000001,2400.5099999999998,2587.570000000001,373.06,0,0,,0.07762608183000003,0.25,-0.0,0.0515873015873016,0.020514597870549864,0.016326546854084068,-0.01733380320343824
1b_narrow,260,0.34063560588912317,True,98,18,75.0,43.0,17,6,2.2,10,31,1.8,2.1,1.0,0.015,0.5,22.273462833999965,1.3759120083846543,1.4016664152872618,6.6729554547649865,127,54,73,42.51968503937008,8152.43,5925.110000000001,2227.3199999999997,705.11,0,1,18.9779719689,1.8152886490759277,2.9134409088989637,3.593464145258846,64,29,35,45.3125,4225.5199999999995,2327.74,1897.7799999999997,352.12,0,0,,0.0569339159067,0.20382216226898192,-0.0,0.050793650793650794,0.022273462833999967,0.018795600419232717,-0.011983186333442244
1b_narrow,261,0.40497071606275775,True,99,18,75.0,43.0,17,6,2.2,10,32,1.8,2.2,1.0,0.015,0.5,21.70608854574975,1.344697096015537,1.3253982269900717,9.910882725821478,128,53,75,41.40625,8467.84,6297.21,2170.63,710.86,0,1,25.471575891199937,2.105577040769821,3.7210737819536215,3.550590624482063,65,31,34,47.69230769230769,4851.0599999999995,2303.9100000000003,2547.149999999999,369.11,0,0,,0.07641472767359982,0.25,-0.0,0.0515873015873016,0.02170608854574975,0.017234854800776855,-0.011972256544670252
1b_narrow,262,0.4154783175004087,True,98,18,75.0,43.0,17,6,2.2,10,32,1.8,2.2,1.0,0.015,0.5,23.844740113949957,1.3876423673541047,1.4410306989924508,9.909029031150531,126,53,73,42.06349206349206,8535.86,6151.340000000001,2384.5199999999995,705.34,0,1,24.686137433499916,2.075582104639409,3.6282182908481837,3.5504305640826224,64,30,34,46.875,4763.710000000001,2295.1200000000003,2468.5900000000006,361.96,0,0,,0.07405841230049974,0.25,-0.0,0.050793650793650794,0.02384474011394996,0.019382118367705238,-0.002600604075397059
1b_narrow,263,0.38449563804808207,True,98,18,75.0,43.0,17,6,2.2,10,33,1.8,2.2,1.0,0.015,0.5,20.923496592649897,1.3371842679464079,1.271592361395562,9.978536846175338,126,52,74,41.26984126984127,8297.789999999999,6205.42,2092.369999999999,699.43,0,1,21.451643157899962,1.940084754304546,3.2310648954950953,3.550446241146491,62,28,34,45.16129032258065,4427.06,2281.89,2145.1700000000005,345.26,0,0,,0.06435492947369989,0.23502118857613652,-0.0,0.049206349206349205,0.0209234965926499,0.016859213397320393,-0.0018695391980738363
1b_narrow,264,0.40212981754638977,True,99,18,75.0,43.0,17,6,2.2,10,32,1.8,2.1,1.0,0.015,0.5,21.062072939849948,1.341436607388915,1.3140470780906488,8.118517289031441,129,55,74,42.63565891472868,8274.92,6168.7,2106.2200000000003,713.05,0,1,22.977073347050045,2.008214092961417,3.4417899659619104,3.5937705539014533,65,31,34,47.69230769230769,4576.74,2279.01,2297.7299999999996,365.08,0,0,,0.06893122004115013,0.25,-0.0,0.0515873015873016,0.02106207293984995,0.01707183036944575,-0.006522607391357646
1b_narrow,265,0.4154783175004087,True,98,18,75.0,44.0,17,6,2.2,10,32,1.8,2.2,1.0,0.015,0.5,23.844740113949957,1.3876423673541047,1.4410306989924508,9.909029031150531,126,53,73,42.06349206349206,8535.86,6151.340000000001,2384.5199999999995,705.34,0,1,24.686137433499916,2.075582104639409,3.6282182908481837,3.5504305640826224,64,30,34,46.875,4763.710000000001,2295.1200000000003,2468.5900000000006,361.96,0,0,,0.07405841230049974,0.25,-0.0,0.050793650793650794,0.02384474011394996,0.019382118367705238,-0.002600604075397059
1b_narrow,266,0.4093898728346346,True,98,18,75.0,43.0,17,6,2.2,10,32,1.8,2.3000000000000003,1.0,0.015,0.5,22.630633373299823,1.3685351320454215,1.3678874365323266,9.762762281371515,125,51,74,40.8,8403.75,6140.6900000000005,2263.0599999999995,687.84,0,1,25.049518392499976,2.047832179532763,3.5897808219255136,3.5071247862414308,64,29,35,45.3125,4895.65,2390.65,2504.9999999999995,365.83,0,0,,0.07514855517749992,0.25,-0.0,0.050793650793650794,0.022630633373299822,0.01842675660227108,-0.007609723112087011
1b_narrow,267,0.40497071606275775,True,99,18,75.0,43.0,17,6,2.2,10,32,1.8,2.2,1.0,0.015,0.5,21.70608854574975,1.344697096015537,1.3253982269900717,9.910882725821478,128,53,75,41.40625,8467.84,6297.21,2170.63,710.86,0,1,25.471575891199937,2.105577040769821,3.7210737819536215,3.550590624482063,65,31,34,47.69230769230769,4851.0599999999995,2303.9100000000003,2547.149999999999,369.11,0,0,,0.07641472767359982,0.25,-0.0,0.0515873015873016,0.02170608854574975,0.017234854800776855,-0.011972256544670252
1b_narrow,268,0.4017018680336245,True,98,18,75.0,43.0,17,6,2.2,10,32,1.8,2.1,1.0,0.015,0.5,23.187932316149944,1.3849229997958168,1.4318655094881,8.117622257699104,127,55,72,43.30708661417323,8342.789999999999,6024.01,2318.779999999999,707.66,0,1,22.242268132850022,1.9794787785909937,3.351492375483407,3.5938098483914565,64,30,34,46.875,4495.040000000001,2270.82,2224.2200000000007,358.15,0,0,,0.06672680439855005,0.24486969464774844,-0.0,0.050793650793650794,0.023187932316149944,0.01924614998979084,-0.003122364112265561
1b_narrow,269,0.4154783175004087,True,98,18,75.0,43.0,17,6,2.2,10,32,1.8,2.2,1.0,0.015,0.5,23.844740113949957,1.3876423673541047,1.4410306989924508,9.909029031150531,126,53,73,42.06349206349206,8535.86,6151.340000000001,2384.5199999999995,705.34,0,1,24.686137433499916,2.075582104639409,3.6282182908481837,3.5504305640826224,64,30,34,46.875,4763.710000000001,2295.1200000000003,2468.5900000000006,361.96,0,0,,0.07405841230049974,0.25,-0.0,0.050793650793650794,0.02384474011394996,0.019382118367705238,-0.002600604075397059
1b_narrow,270,0.23944369227193346,True,97,18,75.0,43.0,17,6,2.6,10,32,1.8,2.2,1.0,0.015,0.5,12.107569026199926,1.157433606224839,0.7091071156333714,13.756903861509015,153,59,94,38.56209150326797,8901.22,7690.4800000000005,1210.7399999999989,800.2,0,1,17.887655579849998,1.515333976750551,2.437414890646764,4.499734549344791,83,35,48,42.16867469879518,5259.8,3471.05,1788.75,463.03,0,0,,0.05366296673954999,0.12883349418763773,-0.0,0.06587301587301587,0.012107569026199926,0.007871680311241946,-0.028905033865712
1b_narrow,271,0.36632069148969437,True,99,18,75.0,43.0,17,6,2.2,10,33,1.8,2.3000000000000003,1.0,0.015,0.5,17.592377739249805,1.277825857619795,1.0836602128912782,9.762146128901298,127,50,77,39.37007874015748,8091.2699999999995,6332.06,1759.2099999999991,687.13,0,1,22.46613191364997,1.9427540336963136,3.279639274712168,3.5069582113701134,63,28,35,44.44444444444444,4629.68,2383.05,2246.63,355.78000000000003,0,0,,0.06739839574094991,0.2356885084240784,-0.0,0.05,0.017592377739249807,0.013891292880989748,-0.018249883295573487
1b_narrow,272,-1.0175736961451247,False,98,18,75.0,43.0,17,8,2.2,10,32,1.8,2.2,1.0,0.015,0.5,9.74968655474997,1.25549752215126,0.8668796682886739,8.294029591530897,90,35,55,38.888888888888886,4790.74,3815.81,974.9299999999998,474.51,0,1,9.232836049150082,1.6349151773127675,2.0064419654205223,3.511411844507207,41,17,24,41.46341463414634,2377.5099999999998,1454.21,923.2999999999997,216.31,0,0,0.1054421768707483,,,,,,,
1b_narrow,273,0.40131525661534495,True,97,18,75.0,43.0,17,6,2.2,10,32,1.8,2.1,1.0,0.015,0.5,23.542216239849985,1.3928361058131136,1.4514561760439297,8.117622257699104,126,55,71,43.65079365079365,8347.03,5992.83,2354.2000000000007,702.09,0,1,22.242268132850022,1.9794787785909937,3.351492375483407,3.5938098483914565,64,30,34,46.875,4495.040000000001,2270.82,2224.2200000000007,358.15,0,0,,0.06672680439855005,0.24486969464774844,-0.0,0.050793650793650794,0.02354221623984999,0.01964180529065568,-0.004258914755109982
1b_narrow,274,0.3767518211542548,True,98,18,75.0,43.0,17,6,2.2,10,31,1.8,2.2,1.0,0.015,0.5,22.84189815269987,1.3778122549976346,1.4069601308818693,8.491257332777367,126,52,74,41.26984126984127,8330.06,6045.860000000001,2284.199999999999,702.1899999999999,0,1,21.247025026349966,1.90364274322169,3.1855717474404885,3.55018609525828,64,29,35,45.3125,4475.94,2351.2500000000005,2124.689999999999,355.74,0,0,,0.0637410750790499,0.2259106858054225,-0.0,0.050793650793650794,0.02284189815269987,0.01889061274988173,-0.005426101426449969
1b_narrow,275,0.40497071606275775,True,99,18,75.0,43.0,17,6,2.2,10,32,1.8,2.2,1.0,0.015,0.5,21.70608854574975,1.344697096015537,1.3253982269900717,9.910882725821478,128,53,75,41.40625,8467.84,6297.21,2170.63,710.86,0,1,25.471575891199937,2.105577040769821,3.7210737819536215,3.550590624482063,65,31,34,47.69230769230769,4851.0599999999995,2303.9100000000003,2547.149999999999,369.11,0,0,,0.07641472767359982,0.25,-0.0,0.0515873015873016,0.02170608854574975,0.017234854800776855,-0.011972256544670252
1b_narrow,276,0.41127594566659365,True,97,18,75.0,43.0,17,6,2.2,10,32,1.8,2.3000000000000003,1.0,0.015,0.5,22.98221938979981,1.3761512186100102,1.3868698599747595,9.762762281371515,124,51,73,41.12903225806452,8408.05,6109.83,2298.2199999999993,682.26,0,1,25.049518392499976,2.047832179532763,3.5897808219255136,3.5071247862414308,64,29,35,45.3125,4895.65,2390.65,2504.9999999999995,365.83,0,0,,0.07514855517749992,0.25,-0.0,0.050793650793650794,0.022982219389799812,0.01880756093050051,-0.006456040624857392
1b_narrow,277,0.4154783175004087,True,98,18,75.0,43.0,17,6,2.2,10,32,1.8,2.2,1.0,0.015,0.5,23.844740113949957,1.3876423673541047,1.4410306989924508,9.909029031150531,126,53,73,42.06349206349206,8535.86,6151.340000000001,2384.5199999999995,705.34,0,1,24.686137433499916,2.075582104639409,3.6282182908481837,3.5504305640826224,64,30,34,46.875,4763.710000000001,2295.1200000000003,2468.5900000000006,361.96,0,0,,0.07405841230049974,0.25,-0.0,0.050793650793650794,0.02384474011394996,0.019382118367705238,-0.002600604075397059
1b_narrow,278,0.40131525661534495,True,97,18,75.0,43.0,17,6,2.2,10,32,1.8,2.1,1.0,0.015,0.5,23.542216239849985,1.3928361058131136,1.4514561760439297,8.117622257699104,126,55,71,43.65079365079365,8347.03,5992.83,2354.2000000000007,702.09,0,1,22.242268132850022,1.9794787785909937,3.351492375483407,3.5938098483914565,64,30,34,46.875,4495.040000000001,2270.82,2224.2200000000007,358.15,0,0,,0.06672680439855005,0.24486969464774844,-0.0,0.050793650793650794,0.02354221623984999,0.01964180529065568,-0.004258914755109982
1b_narrow,279,0.40540767194984684,True,99,18,75.0,43.0,16,6,2.2,10,32,1.8,2.2,1.0,0.015,0.5,21.84337668029988,1.3530590737759505,1.3356897564542247,9.908904572877882,125,52,73,41.6,8371.160000000002,6186.84,2184.3200000000015,691.16,0,1,26.809818129449926,2.176279604426076,3.8234850262806646,3.550210173784664,64,31,33,48.4375,4960.220000000001,2279.2200000000003,2681.000000000001,365.14,0,0,,0.08042945438834977,0.25,-0.0,0.050793650793650794,0.021843376680299884,0.017652953688797525,-0.01531176360125112
1b_narrow,280,0.2793673795500057,True,98,18,75.0,43.0,17,6,2.5,10,32,1.8,2.2,1.0,0.015,0.5,18.569476395849833,1.2572160700310961,1.060804754022116,10.78852785751202,145,58,87,40.0,9076.660000000002,7219.649999999999,1857.010000000003,782.79,0,1,17.44764790529998,1.550271224927463,2.5591665958199084,3.5502149408881265,79,33,46,41.77215189873418,4915.599999999999,3170.7999999999997,1744.7999999999997,433.74,0,0,,0.052342943715899946,0.13756780623186576,-0.0,0.0626984126984127,0.018569476395849834,0.012860803501554809,-0.004672062993577359
1b_narrow,281,0.4154783175004087,True,98,18,75.0,43.0,17,6,2.2,10,32,1.8,2.2,1.0,0.015,0.5,23.844740113949957,1.3876423673541047,1.4410306989924508,9.909029031150531,126,53,73,42.06349206349206,8535.86,6151.340000000001,2384.5199999999995,705.34,0,1,24.686137433499916,2.075582104639409,3.6282182908481837,3.5504305640826224,64,30,34,46.875,4763.710000000001,2295.1200000000003,2468.5900000000006,361.96,0,0,,0.07405841230049974,0.25,-0.0,0.050793650793650794,0.02384474011394996,0.019382118367705238,-0.002600604075397059
1b_narrow,282,0.4173479014867949,True,97,18,75.0,44.0,17,6,2.2,10,32,1.8,2.2,1.0,0.015,0.5,24.20327957109992,1.39548077064478,1.4603192479150577,9.909029031150531,125,53,72,42.4,8540.44,6120.070000000001,2420.37,699.7,0,1,24.686137433499916,2.075582104639409,3.6282182908481837,3.5504305640826224,64,30,34,46.875,4763.710000000001,2295.1200000000003,2468.5900000000006,361.96,0,0,,0.07405841230049974,0.25,-0.0,0.050793650793650794,0.024203279571099922,0.019774038532239004,-0.0014814797106945422
1b_narrow,283,0.3766524141895685,True,96,18,75.0,44.0,17,6,2.2,10,32,1.8,2.1,1.0,0.015,0.5,25.259244742249976,1.4199146505476892,1.5399086483931048,8.117622257699104,127,56,71,44.09448818897638,8541.169999999998,6015.27,2525.899999999998,710.8,0,1,20.967906693399947,1.9256737964373218,3.2044987181445284,4.457593505333277,63,29,34,46.03174603174603,4361.94,2265.15,2096.7899999999995,349.5,0,0,,0.06290372008019983,0.23141844910933046,-0.0,0.05,0.025259244742249977,0.02099573252738446,-0.013924732269596191
1b_narrow,284,0.41127594566659365,True,97,18,75.0,44.0,17,6,2.2,10,32,1.8,2.3000000000000003,1.0,0.015,0.5,22.98221938979981,1.3761512186100102,1.3868698599747595,9.762762281371515,124,51,73,41.12903225806452,8408.05,6109.83,2298.2199999999993,682.26,0,1,25.049518392499976,2.047832179532763,3.5897808219255136,3.5071247862414308,64,29,35,45.3125,4895.65,2390.65,2504.9999999999995,365.83,0,0,,0.07514855517749992,0.25,-0.0,0.050793650793650794,0.022982219389799812,0.01880756093050051,-0.006456040624857392
1b_narrow,285,0.4173479014867949,True,97,18,75.0,44.0,17,6,2.2,10,32,1.8,2.2,1.0,0.015,0.5,24.20327957109992,1.39548077064478,1.4603192479150577,9.909029031150531,125,53,72,42.4,8540.44,6120.070000000001,2420.37,699.7,0,1,24.686137433499916,2.075582104639409,3.6282182908481837,3.5504305640826224,64,30,34,46.875,4763.710000000001,2295.1200000000003,2468.5900000000006,361.96,0,0,,0.07405841230049974,0.25,-0.0,0.050793650793650794,0.024203279571099922,0.019774038532239004,-0.0014814797106945422
1b_narrow,286,0.325600279071667,True,95,18,75.0,44.0,17,6,2.2,10,33,1.8,2.3000000000000003,1.0,0.015,0.5,21.634803979899882,1.3511870943864213,1.2919180661300802,9.761866232941665,125,51,74,40.8,8323.88,6160.420000000001,2163.459999999998,680.64,0,1,19.236952076849995,1.7372832635790831,2.8414095937812895,4.456904868776782,67,27,40,40.298507462686565,4532.85,2609.16,1923.6900000000005,372.64,0,0,,0.05771085623054998,0.18432081589477078,-0.0,0.05317460317460318,0.021634803979899885,0.017559354719321064,-0.008800154927477922
1b_narrow,287,0.40899769743230774,True,96,18,75.0,44.0,17,6,2.2,10,32,1.8,2.2,1.0,0.015,0.5,26.010144575099876,1.4233640204957256,1.5511149169284708,9.909029031150531,126,54,72,42.857142857142854,8744.75,6143.72,2601.0299999999997,708.54,0,1,23.32634438834997,2.019270095957212,3.479505392966304,4.4572909550648445,63,29,34,46.03174603174603,4621.14,2288.5200000000004,2332.62,353.2,0,0,,0.06997903316504991,0.25,-0.0,0.05,0.026010144575099876,0.021168201024786282,-0.008159681332628342
1b_narrow,288,0.37634121001156645,True,97,18,75.0,44.0,17,6,2.2,10,31,1.8,2.2,1.0,0.015,0.5,23.19929157499992,1.3857025764823048,1.4265975789892216,8.491257332777367,125,52,73,41.6,8334.710000000001,6014.789999999999,2319.920000000002,696.61,0,1,21.247025026349966,1.90364274322169,3.1855717474404885,3.55018609525828,64,29,35,45.3125,4475.94,2351.2500000000005,2124.689999999999,355.74,0,0,,0.0637410750790499,0.2259106858054225,-0.0,0.050793650793650794,0.02319929157499992,0.01928512882411524,-0.006588622065671892
1b_narrow,289,0.4173479014867949,True,97,18,75.0,44.0,17,6,2.2,10,32,1.8,2.2,1.0,0.015,0.5,24.20327957109992,1.39548077064478,1.4603192479150577,9.909029031150531,125,53,72,42.4,8540.44,6120.070000000001,2420.37,699.7,0,1,24.686137433499916,2.075582104639409,3.6282182908481837,3.5504305640826224,64,30,34,46.875,4763.710000000001,2295.1200000000003,2468.5900000000006,361.96,0,0,,0.07405841230049974,0.25,-0.0,0.050793650793650794,0.024203279571099922,0.019774038532239004,-0.0014814797106945422
1b_narrow,290,0.2837439646450941,True,96,18,75.0,44.0,16,6,2.2,10,37,1.8,2.1,1.0,0.015,0.5,12.749985583599917,1.209551107480775,0.792163346039553,11.485518103193998,121,49,72,40.49586776859504,7359.550000000001,6084.530000000001,1275.0200000000004,641.25,0,1,17.05018002889996,1.7335679589720643,2.5860506292217873,4.456973839304705,60,27,33,45.0,4029.2799999999997,2324.27,1705.0099999999998,325.87,0,0,,0.05115054008669987,0.18339198974301607,-0.0,0.047619047619047616,0.012749985583599919,0.010477555374038751,-0.021645153761308107
1b_narrow,291,0.4173479014867949,True,97,18,75.0,44.0,17,6,2.2,10,32,1.8,2.2,1.0,0.015,0.5,24.20327957109992,1.39548077064478,1.4603192479150577,9.909029031150531,125,53,72,42.4,8540.44,6120.070000000001,2420.37,699.7,0,1,24.686137433499916,2.075582104639409,3.6282182908481837,3.5504305640826224,64,30,34,46.875,4763.710000000001,2295.1200000000003,2468.5900000000006,361.96,0,0,,0.07405841230049974,0.25,-0.0,0.050793650793650794,0.024203279571099922,0.019774038532239004,-0.0014814797106945422
1b_narrow,292,0.4173479014867949,True,97,18,75.0,44.0,17,6,2.2,10,32,1.8,2.2,1.0,0.015,0.5,24.20327957109992,1.39548077064478,1.4603192479150577,9.909029031150531,125,53,72,42.4,8540.44,6120.070000000001,2420.37,699.7,0,1,24.686137433499916,2.075582104639409,3.6282182908481837,3.5504305640826224,64,30,34,46.875,4763.710000000001,2295.1200000000003,2468.5900000000006,361.96,0,0,,0.07405841230049974,0.25,-0.0,0.050793650793650794,0.024203279571099922,0.019774038532239004,-0.0014814797106945422
1b_narrow,293,0.4102290932934899,True,96,18,75.0,44.0,17,6,2.2,10,32,1.8,2.3000000000000003,1.0,0.015,0.5,24.856992326049784,1.4052011521890448,1.4812686525203513,9.762762281371515,125,52,73,41.6,8620.079999999998,6134.41,2485.6699999999983,691.07,0,1,23.631748075350078,1.9920283771303837,3.4387592292796523,4.457090541421367,63,28,35,44.44444444444444,4745.41,2382.2,2363.21,356.82,0,0,,0.07089524422605023,0.24800709428259593,-0.0,0.05,0.024856992326049786,0.020260057609452244,-0.0037902951506583174
1b_narrow,294,0.4173479014867949,True,97,18,75.0,44.0,17,6,2.2,10,32,1.8,2.2,1.0,0.015,0.5,24.20327957109992,1.39548077064478,1.4603192479150577,9.909029031150531,125,53,72,42.4,8540.44,6120.070000000001,2420.37,699.7,0,1,24.686137433499916,2.075582104639409,3.6282182908481837,3.5504305640826224,64,30,34,46.875,4763.710000000001,2295.1200000000003,2468.5900000000006,361.96,0,0,,0.07405841230049974,0.25,-0.0,0.050793650793650794,0.024203279571099922,0.019774038532239004,-0.0014814797106945422
1b_narrow,295,0.3766524141895685,True,96,18,75.0,44.0,17,6,2.2,10,32,1.8,2.1,1.0,0.015,0.5,25.259244742249976,1.4199146505476892,1.5399086483931048,8.117622257699104,127,56,71,44.09448818897638,8541.169999999998,6015.27,2525.899999999998,710.8,0,1,20.967906693399947,1.9256737964373218,3.2044987181445284,4.457593505333277,63,29,34,46.03174603174603,4361.94,2265.15,2096.7899999999995,349.5,0,0,,0.06290372008019983,0.23141844910933046,-0.0,0.05,0.025259244742249977,0.02099573252738446,-0.013924732269596191
1b_narrow,296,0.4173479014867949,True,97,18,75.0,44.0,17,6,2.2,10,32,1.8,2.2,1.0,0.015,0.5,24.20327957109992,1.39548077064478,1.4603192479150577,9.909029031150531,125,53,72,42.4,8540.44,6120.070000000001,2420.37,699.7,0,1,24.686137433499916,2.075582104639409,3.6282182908481837,3.5504305640826224,64,30,34,46.875,4763.710000000001,2295.1200000000003,2468.5900000000006,361.96,0,0,,0.07405841230049974,0.25,-0.0,0.050793650793650794,0.024203279571099922,0.019774038532239004,-0.0014814797106945422
1b_narrow,297,0.41127594566659365,True,97,18,75.0,44.0,17,6,2.2,10,32,1.8,2.3000000000000003,1.0,0.015,0.5,22.98221938979981,1.3761512186100102,1.3868698599747595,9.762762281371515,124,51,73,41.12903225806452,8408.05,6109.83,2298.2199999999993,682.26,0,1,25.049518392499976,2.047832179532763,3.5897808219255136,3.5071247862414308,64,29,35,45.3125,4895.65,2390.65,2504.9999999999995,365.83,0,0,,0.07514855517749992,0.25,-0.0,0.050793650793650794,0.022982219389799812,0.01880756093050051,-0.006456040624857392
1b_narrow,298,0.40899769743230774,True,96,18,75.0,44.0,17,6,2.2,10,32,1.8,2.2,1.0,0.015,0.5,26.010144575099876,1.4233640204957256,1.5511149169284708,9.909029031150531,126,54,72,42.857142857142854,8744.75,6143.72,2601.0299999999997,708.54,0,1,23.32634438834997,2.019270095957212,3.479505392966304,4.4572909550648445,63,29,34,46.03174603174603,4621.14,2288.5200000000004,2332.62,353.2,0,0,,0.06997903316504991,0.25,-0.0,0.05,0.026010144575099876,0.021168201024786282,-0.008159681332628342
1b_narrow,299,0.3864510592183736,True,97,18,75.0,44.0,17,6,2.2,10,33,1.8,2.2,1.0,0.015,0.5,21.27241734584988,1.3445083784497236,1.290551066570678,9.978536846175338,125,52,73,41.6,8302.03,6174.77,2127.26,693.93,0,1,21.451643157899962,1.940084754304546,3.2310648954950953,3.550446241146491,62,28,34,45.16129032258065,4427.06,2281.89,2145.1700000000005,345.26,0,0,,0.06435492947369989,0.23502118857613652,-0.0,0.049206349206349205,0.021272417345849882,0.01722541892248618,-0.0006292443061481155
1b_narrow,300,0.3624050263201994,True,95,18,75.0,44.0,16,6,2.2,10,32,1.8,2.1,1.0,0.015,0.5,24.292036817999925,1.4074685400081193,1.4821959315263282,8.119049008110508,126,55,71,43.65079365079365,8390.68,5961.539999999998,2429.140000000002,697.54,0,1,21.005523570399983,1.8465512724927966,3.1016002997856815,4.457298460450883,68,30,38,44.11764705882353,4581.9400000000005,2481.35,2100.5900000000006,377.74,0,0,,0.06301657071119995,0.21163781812319915,-0.0,0.05396825396825397,0.024292036817999928,0.020373427000405966,-0.010883080300859558
1b_narrow,301,0.37634121001156645,True,97,18,75.0,44.0,17,6,2.2,10,31,1.8,2.2,1.0,0.015,0.5,23.19929157499992,1.3857025764823048,1.4265975789892216,8.491257332777367,125,52,73,41.6,8334.710000000001,6014.789999999999,2319.920000000002,696.61,0,1,21.247025026349966,1.90364274322169,3.1855717474404885,3.55018609525828,64,29,35,45.3125,4475.94,2351.2500000000005,2124.689999999999,355.74,0,0,,0.0637410750790499,0.2259106858054225,-0.0,0.050793650793650794,0.02319929157499992,0.01928512882411524,-0.006588622065671892
1b_narrow,302,0.40899769743230774,True,96,18,75.0,44.0,17,6,2.2,10,32,1.8,2.2,1.0,0.015,0.5,26.010144575099876,1.4233640204957256,1.5511149169284708,9.909029031150531,126,54,72,42.857142857142854,8744.75,6143.72,2601.0299999999997,708.54,0,1,23.32634438834997,2.019270095957212,3.479505392966304,4.4572909550648445,63,29,34,46.03174603174603,4621.14,2288.5200000000004,2332.62,353.2,0,0,,0.06997903316504991,0.25,-0.0,0.05,0.026010144575099876,0.021168201024786282,-0.008159681332628342
1b_narrow,303,0.4173479014867949,True,97,18,75.0,44.0,17,6,2.2,10,32,1.8,2.2,1.0,0.015,0.5,24.20327957109992,1.39548077064478,1.4603192479150577,9.909029031150531,125,53,72,42.4,8540.44,6120.070000000001,2420.37,699.7,0,1,24.686137433499916,2.075582104639409,3.6282182908481837,3.5504305640826224,64,30,34,46.875,4763.710000000001,2295.1200000000003,2468.5900000000006,361.96,0,0,,0.07405841230049974,0.25,-0.0,0.050793650793650794,0.024203279571099922,0.019774038532239004,-0.0014814797106945422
1b_narrow,304,0.4102290932934899,True,96,18,75.0,44.0,17,6,2.2,10,32,1.8,2.3000000000000003,1.0,0.015,0.5,24.856992326049784,1.4052011521890448,1.4812686525203513,9.762762281371515,125,52,73,41.6,8620.079999999998,6134.41,2485.6699999999983,691.07,0,1,23.631748075350078,1.9920283771303837,3.4387592292796523,4.457090541421367,63,28,35,44.44444444444444,4745.41,2382.2,2363.21,356.82,0,0,,0.07089524422605023,0.24800709428259593,-0.0,0.05,0.024856992326049786,0.020260057609452244,-0.0037902951506583174
1b_narrow,305,0.4173479014867949,True,97,18,75.0,44.0,17,6,2.2,10,32,1.8,2.2,1.0,0.015,0.5,24.20327957109992,1.39548077064478,1.4603192479150577,9.909029031150531,125,53,72,42.4,8540.44,6120.070000000001,2420.37,699.7,0,1,24.686137433499916,2.075582104639409,3.6282182908481837,3.5504305640826224,64,30,34,46.875,4763.710000000001,2295.1200000000003,2468.5900000000006,361.96,0,0,,0.07405841230049974,0.25,-0.0,0.050793650793650794,0.024203279571099922,0.019774038532239004,-0.0014814797106945422
1b_narrow,306,0.4173479014867949,True,97,18,75.0,44.0,17,6,2.2,10,32,1.8,2.2,1.0,0.015,0.5,24.20327957109992,1.39548077064478,1.4603192479150577,9.909029031150531,125,53,72,42.4,8540.44,6120.070000000001,2420.37,699.7,0,1,24.686137433499916,2.075582104639409,3.6282182908481837,3.5504305640826224,64,30,34,46.875,4763.710000000001,2295.1200000000003,2468.5900000000006,361.96,0,0,,0.07405841230049974,0.25,-0.0,0.050793650793650794,0.024203279571099922,0.019774038532239004,-0.0014814797106945422
1b_narrow,307,0.40131525661534495,True,97,18,75.0,44.0,17,6,2.2,10,32,1.8,2.1,1.0,0.015,0.5,23.542216239849985,1.3928361058131136,1.4514561760439297,8.117622257699104,126,55,71,43.65079365079365,8347.03,5992.83,2354.2000000000007,702.09,0,1,22.242268132850022,1.9794787785909937,3.351492375483407,3.5938098483914565,64,30,34,46.875,4495.040000000001,2270.82,2224.2200000000007,358.15,0,0,,0.06672680439855005,0.24486969464774844,-0.0,0.050793650793650794,0.02354221623984999,0.01964180529065568,-0.004258914755109982
1b_narrow,308,0.40899769743230774,True,96,18,75.0,44.0,17,6,2.2,10,32,1.8,2.2,1.0,0.015,0.5,26.010144575099876,1.4233640204957256,1.5511149169284708,9.909029031150531,126,54,72,42.857142857142854,8744.75,6143.72,2601.0299999999997,708.54,0,1,23.32634438834997,2.019270095957212,3.479505392966304,4.4572909550648445,63,29,34,46.03174603174603,4621.14,2288.5200000000004,2332.62,353.2,0,0,,0.06997903316504991,0.25,-0.0,0.05,0.026010144575099876,0.021168201024786282,-0.008159681332628342
1b_narrow,309,0.33865655155757646,True,97,18,75.0,44.0,17,6,2.1,10,32,1.8,2.2,1.0,0.015,0.5,18.441196052449868,1.3328586306542414,1.2312540399357983,8.000078750620487,119,49,70,41.1764705882353,7384.45,5540.3099999999995,1844.1400000000003,648.81,0,1,17.650794464799983,1.831492961992877,2.8510505577356677,3.4098390753216274,58,26,32,44.827586206896555,3887.82,2122.76,1765.06,316.69,0,0,,0.05295238339439994,0.20787324049821926,-0.0,0.046031746031746035,0.018441196052449867,0.01664293153271207,-0.0032849459519506954
1b_narrow,310,0.41127594566659365,True,97,18,75.0,44.0,17,6,2.2,10,32,1.8,2.3000000000000003,1.0,0.015,0.5,22.98221938979981,1.3761512186100102,1.3868698599747595,9.762762281371515,124,51,73,41.12903225806452,8408.05,6109.83,2298.2199999999993,682.26,0,1,25.049518392499976,2.047832179532763,3.5897808219255136,3.5071247862414308,64,29,35,45.3125,4895.65,2390.65,2504.9999999999995,365.83,0,0,,0.07514855517749992,0.25,-0.0,0.050793650793650794,0.022982219389799812,0.01880756093050051,-0.006456040624857392
1b_narrow,311,0.3766524141895685,True,96,19,75.0,44.0,17,6,2.2,10,32,1.8,2.1,1.0,0.015,0.5,25.259244742249976,1.4199146505476892,1.5399086483931048,8.117622257699104,127,56,71,44.09448818897638,8541.169999999998,6015.27,2525.899999999998,710.8,0,1,20.967906693399947,1.9256737964373218,3.2044987181445284,4.457593505333277,63,29,34,46.03174603174603,4361.94,2265.15,2096.7899999999995,349.5,0,0,,0.06290372008019983,0.23141844910933046,-0.0,0.05,0.025259244742249977,0.02099573252738446,-0.013924732269596191
1b_narrow,312,0.3021091586089683,True,97,18,74.0,44.0,17,6,2.4000000000000004,10,32,1.8,2.2,1.0,0.015,0.5,21.83402375434998,1.313257627386136,1.2726704033603597,8.590119742495972,140,57,83,40.714285714285715,9153.34,6969.950000000001,2183.3899999999994,770.74,0,1,19.118232472250018,1.6212007980192484,2.765578394427617,4.1264871822266365,78,33,45,42.30769230769231,4989.4400000000005,3077.620000000001,1911.8199999999997,435.63,0,0,,0.057354697416750054,0.1553001995048121,-0.0,0.06190476190476191,0.021834023754349983,0.015662881369306804,-0.009947405341012534
1b_narrow,313,0.3502126080163859,True,95,18,75.0,44.0,16,6,2.2,10,33,1.8,2.2,1.0,0.015,0.5,22.053173323199935,1.3589944359614654,1.3238054747124126,9.977868761421755,125,52,73,41.6,8348.33,6143.0199999999995,2205.3100000000004,689.25,0,1,20.27794998970001,1.8131416014371873,2.9950478936065528,4.456950257218425,66,28,38,42.42424242424242,4521.54,2493.7599999999998,2027.7800000000002,365.2,0,0,,0.060833849969100025,0.20328540035929682,-0.0,0.05238095238095239,0.022053173323199934,0.017949721798073272,-0.0062904898142365625
1b_narrow,314,0.4102290932934899,True,96,18,75.0,44.0,17,6,2.2,10,32,1.8,2.3000000000000003,1.0,0.015,0.5,24.856992326049784,1.4052011521890448,1.4812686525203513,9.762762281371515,125,52,73,41.6,8620.079999999998,6134.41,2485.6699999999983,691.07,0,1,23.631748075350078,1.9920283771303837,3.4387592292796523,4.457090541421367,63,28,35,44.44444444444444,4745.41,2382.2,2363.21,356.82,0,0,,0.07089524422605023,0.24800709428259593,-0.0,0.05,0.024856992326049786,0.020260057609452244,-0.0037902951506583174
1b_narrow,315,0.3751700718422534,True,97,18,75.0,44.0,17,6,2.2,14,32,1.8,2.2,1.0,0.015,0.5,16.831341755849916,1.2630616522175386,1.0399979035667493,10.941295201599392,124,49,75,39.516129032258064,8081.46,6398.31,1683.1499999999996,663.4,0,1,26.33100479099998,2.063942752548619,3.620168980631335,3.9792095458105026,62,30,32,48.38709677419355,5107.99,2474.87,2633.12,353.63,0,0,,0.07899301437299994,0.25,-0.0,0.049206349206349205,0.016831341755849917,0.013153082610876932,-0.03301371610382259
1b_narrow,316,0.40131525661534495,True,97,18,75.0,44.0,17,6,2.2,10,32,1.8,2.1,1.0,0.015,0.5,23.542216239849985,1.3928361058131136,1.4514561760439297,8.117622257699104,126,55,71,43.65079365079365,8347.03,5992.83,2354.2000000000007,702.09,0,1,22.242268132850022,1.9794787785909937,3.351492375483407,3.5938098483914565,64,30,34,46.875,4495.040000000001,2270.82,2224.2200000000007,358.15,0,0,,0.06672680439855005,0.24486969464774844,-0.0,0.050793650793650794,0.02354221623984999,0.01964180529065568,-0.004258914755109982
1b_narrow,317,0.4173479014867949,True,97,18,75.0,44.0,17,6,2.2,10,32,1.8,2.2,1.0,0.015,0.5,24.20327957109992,1.39548077064478,1.4603192479150577,9.909029031150531,125,53,72,42.4,8540.44,6120.070000000001,2420.37,699.7,0,1,24.686137433499916,2.075582104639409,3.6282182908481837,3.5504305640826224,64,30,34,46.875,4763.710000000001,2295.1200000000003,2468.5900000000006,361.96,0,0,,0.07405841230049974,0.25,-0.0,0.050793650793650794,0.024203279571099922,0.019774038532239004,-0.0014814797106945422
1b_narrow,318,0.3508760927937119,True,96,18,75.0,44.0,17,6,2.2,10,31,1.8,2.2,1.0,0.015,0.5,24.987060617149872,1.4137527342695673,1.5184904514283768,8.491257332777367,126,53,73,42.06349206349206,8537.78,6039.09,2498.6900000000005,705.45,0,1,19.92444763939995,1.8493467186734012,3.0325897786924823,4.4573756816794585,63,28,35,44.44444444444444,4338.289999999999,2345.8500000000004,1992.4399999999987,347.2,0,0,,0.05977334291819985,0.2123366796683503,-0.0,0.05,0.024987060617149875,0.020687636713478365,-0.016908627123466503
1b_narrow,319,0.4173479014867949,True,97,18,75.0,44.0,17,6,2.2,10,32,1.8,2.2,1.0,0.015,0.5,24.20327957109992,1.39548077064478,1.4603192479150577,9.909029031150531,125,53,72,42.4,8540.44,6120.070000000001,2420.37,699.7,0,1,24.686137433499916,2.075582104639409,3.6282182908481837,3.5504305640826224,64,30,34,46.875,4763.710000000001,2295.1200000000003,2468.5900000000006,361.96,0,0,,0.07405841230049974,0.25,-0.0,0.050793650793650794,0.024203279571099922,0.019774038532239004,-0.0014814797106945422
1b_narrow,320,0.3318483730332869,True,97,18,75.0,44.0,17,6,2.3000000000000003,10,32,1.8,2.1,1.0,0.015,0.5,22.061197908600096,1.344873406244333,1.331270290931596,6.395325637486607,133,57,76,42.857142857142854,8602.94,6396.840000000001,2206.0999999999995,736.06,0,1,19.233555112999984,1.7645831180085705,2.920642025684226,3.8052403525991076,68,30,38,44.11764705882353,4438.949999999999,2515.5799999999995,1923.3699999999994,375.18,0,0,,0.05770066533899995,0.19114577950214262,-0.0,0.05396825396825397,0.0220611979086001,0.017243670312216654,-0.010271193996926397
1b_narrow,321,-1.0238095238095237,False,96,18,75.0,44.0,17,8,2.2,10,32,1.8,2.2,1.0,0.015,0.5,11.345503855649932,1.2961443185407353,0.9917494701852229,8.294029591530897,91,36,55,39.56043956043956,4965.490000000001,3830.97,1134.520000000001,481.95,0,1,8.764582774150039,1.6263461414779503,1.9445544150672143,4.418191197146674,39,16,23,41.02564102564103,2275.8599999999997,1399.3700000000001,876.4899999999996,205.59,0,0,0.1428571428571428,,,,,,,
1b_narrow,322,0.2850912044645625,True,97,18,75.0,44.0,17,6,2.2,10,32,2.0,2.3000000000000003,1.0,0.015,0.5,16.181747530299965,1.3114921353592168,1.0801147662291632,9.304122342437534,102,41,61,40.19607843137255,6812.9,5194.77,1618.1299999999992,547.3,0,0,14.019800021050013,1.7388458498023713,2.513375507934684,4.888237232912618,47,20,27,42.5531914893617,3299.459999999999,1897.4999999999998,1401.9599999999994,257.3,0,0,,0.04205940006315004,0.18471146245059283,-0.0,0.0373015873015873,0.016181747530299963,0.015574606767960842,-0.010737599649028491
1b_narrow,323,0.4173479014867949,True,97,18,75.0,44.0,17,6,2.2,10,32,1.8,2.2,1.0,0.015,0.5,24.20327957109992,1.39548077064478,1.4603192479150577,9.909029031150531,125,53,72,42.4,8540.44,6120.070000000001,2420.37,699.7,0,1,24.686137433499916,2.075582104639409,3.6282182908481837,3.5504305640826224,64,30,34,46.875,4763.710000000001,2295.1200000000003,2468.5900000000006,361.96,0,0,,0.07405841230049974,0.25,-0.0,0.050793650793650794,0.024203279571099922,0.019774038532239004,-0.0014814797106945422
1b_narrow,324,0.40899769743230774,True,96,18,75.0,44.0,17,6,2.2,10,32,1.8,2.2,1.0,0.015,0.5,26.010144575099876,1.4233640204957256,1.5511149169284708,9.909029031150531,126,54,72,42.857142857142854,8744.75,6143.72,2601.0299999999997,708.54,0,1,23.32634438834997,2.019270095957212,3.479505392966304,4.4572909550648445,63,29,34,46.03174603174603,4621.14,2288.5200000000004,2332.62,353.2,0,0,,0.06997903316504991,0.25,-0.0,0.05,0.026010144575099876,0.021168201024786282,-0.008159681332628342
1b_narrow,325,0.2327463353461699,True,97,18,75.0,44.0,17,6,2.1,10,32,1.8,1.8,1.0,0.015,0.5,11.931150213449946,1.2311109044876674,0.8878408808122193,7.165220311043689,119,52,67,43.69747899159664,6355.450000000001,5162.370000000001,1193.08,637.32,0,1,11.031629775299953,1.5408612008569842,2.070499827770226,3.173861758859639,59,27,32,45.76271186440678,3142.91,2039.7100000000003,1103.1999999999996,312.12,0,0,,0.03309488932589986,0.13521530021424605,-0.0,0.046825396825396826,0.011931150213449947,0.011555545224383368,-0.005875946457206139
1b_narrow,326,0.3397049824405375,True,95,18,75.0,44.0,17,6,2.2,10,32,1.8,2.1,1.0,0.015,0.5,25.051604432350018,1.4182486906667962,1.5205366149966844,8.118466996545614,127,56,71,44.09448818897638,8494.87,5989.689999999999,2505.180000000002,706.18,0,1,19.770583445900012,1.789362101388229,2.9869939417849736,4.456881877543903,69,30,39,43.47826086956522,4481.6900000000005,2504.63,1977.0600000000004,381.57,0,0,,0.05931175033770003,0.19734052534705726,-0.0,0.05476190476190477,0.02505160443235002,0.02091243453333981,-0.017673236971814426
1b_narrow,327,0.37634121001156645,True,97,18,75.0,44.0,17,6,2.2,10,31,1.8,2.2,1.0,0.015,0.5,23.19929157499992,1.3857025764823048,1.4265975789892216,8.491257332777367,125,52,73,41.6,8334.710000000001,6014.789999999999,2319.920000000002,696.61,0,1,21.247025026349966,1.90364274322169,3.1855717474404885,3.55018609525828,64,29,35,45.3125,4475.94,2351.2500000000005,2124.689999999999,355.74,0,0,,0.0637410750790499,0.2259106858054225,-0.0,0.050793650793650794,0.02319929157499992,0.01928512882411524,-0.006588622065671892
1b_narrow,328,0.41725810400011887,True,96,18,75.0,44.0,16,6,2.2,10,32,1.8,2.2,1.0,0.015,0.5,25.20355274744979,1.412283255905254,1.511183351900918,9.910221279125912,125,53,72,42.4,8633.57,6113.200000000001,2520.369999999999,699.56,0,1,24.641655388,2.088438739542567,3.586883487439825,4.457098996508572,62,29,33,46.774193548387096,4728.099999999999,2263.94,2464.1599999999994,349.16,0,0,,0.073924966164,0.25,-0.0,0.049206349206349205,0.025203552747449794,0.020614162795262705,-0.0016909269129428235
1b_narrow,329,0.41494395925297595,True,96,18,75.0,44.0,16,6,2.2,10,32,1.8,2.3000000000000003,1.0,0.015,0.5,24.02724504994987,1.393730735259657,1.4400687735884747,9.76208943203011,124,51,73,41.12903225806452,8505.199999999999,6102.469999999999,2402.7299999999996,682.15,0,1,24.98780297889996,2.059469497820667,3.559048463753641,4.4573232962834,62,28,34,45.16129032258065,4857.3,2358.5200000000004,2498.7799999999997,352.87,0,0,,0.07496340893669988,0.25,-0.0,0.049206349206349205,0.02402724504994987,0.019686536762982855,-0.0029395807030058877
1b_narrow,330,0.391167561499353,True,96,18,75.0,44.0,18,6,2.2,10,32,1.8,2.2,1.0,0.015,0.5,26.68625802799983,1.4374755126563705,1.58698720680956,9.424995849221892,125,54,71,43.2,8768.73,6100.09,2668.6399999999994,704.77,0,1,22.435697730599983,1.9499455930359089,3.356144940152691,4.457064731654349,64,29,35,45.3125,4605.4400000000005,2361.83,2243.6100000000006,357.4,0,0,,0.06730709319179995,0.23748639825897722,-0.0,0.050793650793650794,0.026686258027999833,0.02187377563281853,-0.012979614405893333
1b_narrow,331,0.401381698463307,True,96,18,74.0,44.0,16,6,2.2,10,32,1.8,2.1,1.0,0.015,0.5,24.496864330249938,1.4091680474637878,1.5013147514258225,8.118046526456194,126,55,71,43.65079365079365,8436.520000000002,5986.88,2449.640000000002,701.93,0,1,22.215932876149928,1.9915864365322726,3.316433063950686,4.457218156195494,62,29,33,46.774193548387096,4462.01,2240.4300000000003,2221.58,345.51,0,0,,0.06664779862844977,0.24789660913306816,-0.0,0.049206349206349205,0.02449686433024994,0.02045840237318939,-0.007324325207999464
1b_narrow,332,0.4127682822104977,True,97,18,75.0,44.0,16,6,2.2,10,32,1.8,2.2,1.0,0.015,0.5,23.409461425399787,1.3844294385033764,1.4203187854717298,9.910221279125912,124,52,72,41.935483870967744,8430.400000000001,6089.4400000000005,2340.960000000001,690.76,0,1,26.01490089404995,2.1457620400343536,3.732343621580734,3.5500118324659797,63,30,33,47.61904761904762,4872.060000000001,2270.5499999999997,2601.5100000000016,358.04,0,0,,0.07804470268214986,0.25,-0.0,0.05,0.023409461425399788,0.01922147192516882,-0.007907353822220761
1b_narrow,333,0.3993035805987507,True,95,18,75.0,44.0,16,6,2.2,10,32,1.8,2.2,1.0,0.015,0.5,25.0013048556498,1.4107067760079903,1.4927463535955434,9.908716632570446,125,53,72,42.4,8587.48,6087.36,2500.12,695.04,0,1,23.483874467199946,1.9361663112156424,3.3850820221888274,4.456990602947715,68,30,38,44.11764705882353,4856.969999999999,2508.5499999999997,2348.4199999999996,381.88,0,0,,0.07045162340159984,0.2340415778039106,-0.0,0.05396825396825397,0.0250013048556498,0.020535338800399518,-0.00469451823106302
1b_narrow,334,0.3726218246846415,True,97,18,75.0,44.0,17,6,2.2,10,33,1.8,2.3000000000000003,1.0,0.015,0.5,20.001704255699806,1.3245890199769557,1.2150175123799358,9.762762281371515,124,50,74,40.32258064516129,8162.249999999999,6162.1,2000.1499999999987,676.41,0,1,21.66162767329997,1.9127025592193416,3.182451522930545,3.506938143832698,62,27,35,43.54838709677419,4539.570000000001,2373.3799999999997,2166.190000000001,348.67,0,0,,0.06498488301989991,0.2281756398048354,-0.0,0.049206349206349205,0.020001704255699807,0.016229450998847785,-0.005976202600990637
1b_narrow,335,0.4173479014867949,True,97,18,75.0,44.0,17,6,2.2,10,32,1.8,2.2,1.0,0.015,0.5,24.20327957109992,1.39548077064478,1.4603192479150577,9.909029031150531,125,53,72,42.4,8540.44,6120.070000000001,2420.37,699.7,0,1,24.686137433499916,2.075582104639409,3.6282182908481837,3.5504305640826224,64,30,34,46.875,4763.710000000001,2295.1200000000003,2468.5900000000006,361.96,0,0,,0.07405841230049974,0.25,-0.0,0.050793650793650794,0.024203279571099922,0.019774038532239004,-0.0014814797106945422
1b_narrow,336,0.401381698463307,True,96,18,75.0,44.0,16,6,2.2,10,32,1.8,2.1,1.0,0.015,0.5,24.496864330249938,1.4091680474637878,1.5013147514258225,8.118046526456194,126,55,71,43.65079365079365,8436.520000000002,5986.88,2449.640000000002,701.93,0,1,22.215932876149928,1.9915864365322726,3.316433063950686,4.457218156195494,62,29,33,46.774193548387096,4462.01,2240.4300000000003,2221.58,345.51,0,0,,0.06664779862844977,0.24789660913306816,-0.0,0.049206349206349205,0.02449686433024994,0.02045840237318939,-0.007324325207999464
1b_narrow,337,0.3864510592183736,True,97,19,75.0,44.0,17,6,2.2,10,33,1.8,2.2,1.0,0.015,0.5,21.27241734584988,1.3445083784497236,1.290551066570678,9.978536846175338,125,52,73,41.6,8302.03,6174.77,2127.26,693.93,0,1,21.451643157899962,1.940084754304546,3.2310648954950953,3.550446241146491,62,28,34,45.16129032258065,4427.06,2281.89,2145.1700000000005,345.26,0,0,,0.06435492947369989,0.23502118857613652,-0.0,0.049206349206349205,0.021272417345849882,0.01722541892248618,-0.0006292443061481155
1b_narrow,338,0.3674937756989753,True,97,18,75.0,44.0,17,6,2.3000000000000003,10,32,1.8,2.2,1.0,0.015,0.5,22.8830894547999,1.3505069999693653,1.3511203912289496,8.233766817490526,132,55,77,41.666666666666664,8816.92,6528.600000000001,2288.319999999999,734.33,0,1,21.615033065600002,1.8501860432186652,3.2011175449289033,3.600089323607684,68,30,38,44.11764705882353,4703.95,2542.4200000000005,2161.5299999999993,379.25,0,0,,0.06484509919680001,0.2125465108046663,-0.0,0.05396825396825397,0.0228830894547999,0.017525349998468265,-0.004274527724013184
1b_narrow,339,0.4102290932934899,True,96,18,75.0,44.0,17,6,2.2,10,32,1.8,2.3000000000000003,1.0,0.015,0.5,24.856992326049784,1.4052011521890448,1.4812686525203513,9.762762281371515,125,52,73,41.6,8620.079999999998,6134.41,2485.6699999999983,691.07,0,1,23.631748075350078,1.9920283771303837,3.4387592292796523,4.457090541421367,63,28,35,44.44444444444444,4745.41,2382.2,2363.21,356.82,0,0,,0.07089524422605023,0.24800709428259593,-0.0,0.05,0.024856992326049786,0.020260057609452244,-0.0037902951506583174
1b_narrow,340,0.36586962053686356,True,110,18,75.0,44.0,17,6,2.2,10,32,1.8,2.2,1.0,0.015,0.5,14.430254714899911,1.2453556186557393,0.9356736292685965,10.097683115885795,123,46,77,37.39837398373984,7324.3099999999995,5881.3,1443.0099999999993,662.84,0,1,30.18254883749998,2.3843225566772004,4.26929156652979,3.173861758859639,65,31,34,47.69230769230769,5198.61,2180.33,3018.2799999999997,378.35,0,0,,0.09054764651249993,0.25,-0.0,0.0515873015873016,0.014430254714899914,0.012267780932786965,-0.05296336321062486
1b_narrow,341,0.4173479014867949,True,97,18,75.0,44.0,17,6,2.2,10,32,1.8,2.2,1.0,0.015,0.5,24.20327957109992,1.39548077064478,1.4603192479150577,9.909029031150531,125,53,72,42.4,8540.44,6120.070000000001,2420.37,699.7,0,1,24.686137433499916,2.075582104639409,3.6282182908481837,3.5504305640826224,64,30,34,46.875,4763.710000000001,2295.1200000000003,2468.5900000000006,361.96,0,0,,0.07405841230049974,0.25,-0.0,0.050793650793650794,0.024203279571099922,0.019774038532239004,-0.0014814797106945422
1b_narrow,342,0.4102290932934899,True,96,18,76.0,44.0,17,6,2.2,10,32,1.8,2.3000000000000003,1.0,0.015,0.5,24.856992326049784,1.4052011521890448,1.4812686525203513,9.762762281371515,125,52,73,41.6,8620.079999999998,6134.41,2485.6699999999983,691.07,0,1,23.631748075350078,1.9920283771303837,3.4387592292796523,4.457090541421367,63,28,35,44.44444444444444,4745.41,2382.2,2363.21,356.82,0,0,,0.07089524422605023,0.24800709428259593,-0.0,0.05,0.024856992326049786,0.020260057609452244,-0.0037902951506583174
1b_narrow,343,0.4173479014867949,True,97,18,75.0,44.0,17,6,2.2,10,32,1.8,2.2,1.0,0.015,0.5,24.20327957109992,1.39548077064478,1.4603192479150577,9.909029031150531,125,53,72,42.4,8540.44,6120.070000000001,2420.37,699.7,0,1,24.686137433499916,2.075582104639409,3.6282182908481837,3.5504305640826224,64,30,34,46.875,4763.710000000001,2295.1200000000003,2468.5900000000006,361.96,0,0,,0.07405841230049974,0.25,-0.0,0.050793650793650794,0.024203279571099922,0.019774038532239004,-0.0014814797106945422
1b_narrow,344,0.3766524141895685,True,96,17,75.0,44.0,17,6,2.2,10,32,1.8,2.1,1.0,0.015,0.5,25.259244742249976,1.4199146505476892,1.5399086483931048,8.117622257699104,127,56,71,44.09448818897638,8541.169999999998,6015.27,2525.899999999998,710.8,0,1,20.967906693399947,1.9256737964373218,3.2044987181445284,4.457593505333277,63,29,34,46.03174603174603,4361.94,2265.15,2096.7899999999995,349.5,0,0,,0.06290372008019983,0.23141844910933046,-0.0,0.05,0.025259244742249977,0.02099573252738446,-0.013924732269596191
1b_narrow,345,0.4003739545510946,True,97,18,75.0,44.0,16,6,2.2,10,31,1.8,2.2,1.0,0.015,0.5,22.41471425054995,1.374515658495588,1.386159694659284,8.491969855738667,124,51,73,41.12903225806452,8226.38,5984.93,2241.449999999999,687.74,0,1,22.538546265749957,1.9681240845499968,3.297912169894184,3.5502499131759007,63,29,34,46.03174603174603,4581.970000000001,2328.0899999999997,2253.8800000000015,351.95,0,0,,0.06761563879724987,0.2420310211374992,-0.0,0.05,0.02241471425054995,0.0187257829247794,-0.0004132025589838164
1b_narrow,346,0.4173479014867949,True,97,18,75.0,44.0,17,6,2.2,10,32,1.8,2.2,1.0,0.015,0.5,24.20327957109992,1.39548077064478,1.4603192479150577,9.909029031150531,125,53,72,42.4,8540.44,6120.070000000001,2420.37,699.7,0,1,24.686137433499916,2.075582104639409,3.6282182908481837,3.5504305640826224,64,30,34,46.875,4763.710000000001,2295.1200000000003,2468.5900000000006,361.96,0,0,,0.07405841230049974,0.25,-0.0,0.050793650793650794,0.024203279571099922,0.019774038532239004,-0.0014814797106945422
1b_narrow,347,0.4173479014867949,True,97,18,75.0,44.0,17,6,2.2,10,32,1.8,2.2,1.0,0.015,0.5,24.20327957109992,1.39548077064478,1.4603192479150577,9.909029031150531,125,53,72,42.4,8540.44,6120.070000000001,2420.37,699.7,0,1,24.686137433499916,2.075582104639409,3.6282182908481837,3.5504305640826224,64,30,34,46.875,4763.710000000001,2295.1200000000003,2468.5900000000006,361.96,0,0,,0.07405841230049974,0.25,-0.0,0.050793650793650794,0.024203279571099922,0.019774038532239004,-0.0014814797106945422
1b_narrow,348,0.4102290932934899,True,96,18,75.0,44.0,17,6,2.2,10,32,1.8,2.3000000000000003,1.0,0.015,0.5,24.856992326049784,1.4052011521890448,1.4812686525203513,9.762762281371515,125,52,73,41.6,8620.079999999998,6134.41,2485.6699999999983,691.07,0,1,23.631748075350078,1.9920283771303837,3.4387592292796523,4.457090541421367,63,28,35,44.44444444444444,4745.41,2382.2,2363.21,356.82,0,0,,0.07089524422605023,0.24800709428259593,-0.0,0.05,0.024856992326049786,0.020260057609452244,-0.0037902951506583174
1b_narrow,349,0.30526056324177936,True,94,18,75.0,44.0,17,6,2.2,10,32,1.8,2.1,1.0,0.015,0.5,23.18792719264997,1.3793822765259847,1.4123110799248317,9.489273028931544,128,56,72,43.75,8430.95,6112.12,2318.830000000001,706.3,0,1,17.88072889619998,1.6963342017844139,2.7237579429192253,4.4570023885814996,69,29,40,42.028985507246375,4355.83,2567.79,1788.04,377.95,0,0,,0.053642186688599935,0.17408355044610346,-0.0,0.05476190476190477,0.02318792719264997,0.018969113826299233,-0.019384119673777987
1b_narrow,350,0.4173479014867949,True,97,18,75.0,44.0,17,6,2.2,10,32,1.8,2.2,1.0,0.015,0.5,24.20327957109992,1.39548077064478,1.4603192479150577,9.909029031150531,125,53,72,42.4,8540.44,6120.070000000001,2420.37,699.7,0,1,24.686137433499916,2.075582104639409,3.6282182908481837,3.5504305640826224,64,30,34,46.875,4763.710000000001,2295.1200000000003,2468.5900000000006,361.96,0,0,,0.07405841230049974,0.25,-0.0,0.050793650793650794,0.024203279571099922,0.019774038532239004,-0.0014814797106945422
1b_narrow,351,0.3758941313805354,True,95,18,75.0,44.0,17,6,2.2,10,32,1.8,2.2,1.0,0.015,0.5,25.802195158049873,1.4217581551809528,1.532249082960269,9.909390863964793,126,54,72,42.857142857142854,8698.16,6117.89,2580.2699999999995,703.98,0,1,22.180144275050022,1.8760990638701271,3.274635360613519,4.457023179410994,69,30,39,43.47826086956522,4749.720000000001,2531.7000000000003,2218.020000000001,385.78,0,0,,0.06654043282515007,0.2190247659675318,-0.0,0.05476190476190477,0.025802195158049875,0.021087907759047644,-0.011323075091148745
1b_narrow,352,0.41725810400011887,True,96,18,75.0,44.0,16,6,2.2,10,32,1.8,2.2,1.0,0.015,0.5,25.20355274744979,1.412283255905254,1.511183351900918,9.910221279125912,125,53,72,42.4,8633.57,6113.200000000001,2520.369999999999,699.56,0,1,24.641655388,2.088438739542567,3.586883487439825,4.457098996508572,62,29,33,46.774193548387096,4728.099999999999,2263.94,2464.1599999999994,349.16,0,0,,0.073924966164,0.25,-0.0,0.049206349206349205,0.025203552747449794,0.020614162795262705,-0.0016909269129428235
1b_narrow,353,0.4173479014867949,True,97,18,75.0,44.0,17,6,2.2,10,32,1.8,2.2,1.0,0.015,0.5,24.20327957109992,1.39548077064478,1.4603192479150577,9.909029031150531,125,53,72,42.4,8540.44,6120.070000000001,2420.37,699.7,0,1,24.686137433499916,2.075582104639409,3.6282182908481837,3.5504305640826224,64,30,34,46.875,4763.710000000001,2295.1200000000003,2468.5900000000006,361.96,0,0,,0.07405841230049974,0.25,-0.0,0.050793650793650794,0.024203279571099922,0.019774038532239004,-0.0014814797106945422
1b_narrow,354,0.34745604573184957,True,97,19,75.0,44.0,17,6,2.3000000000000003,10,32,1.8,2.3000000000000003,1.0,0.015,0.5,18.430054068349982,1.2824417537251098,1.1080473410663534,10.58934121286951,131,52,79,39.69465648854962,8368.33,6525.310000000002,1843.0199999999977,706.89,0,1,21.970680306450067,1.8326770385249482,3.17381306798551,3.506421475793116,68,29,39,42.64705882352941,4835.610000000001,2638.5499999999993,2197.0600000000013,383.19,0,0,,0.0659120409193502,0.20816925963123706,-0.0,0.05396825396825397,0.018430054068349983,0.014122087686255492,-0.013145650541597146
1b_narrow,355,0.40131525661534495,True,97,18,75.0,44.0,17,6,2.2,10,32,1.8,2.1,1.0,0.015,0.5,23.542216239849985,1.3928361058131136,1.4514561760439297,8.117622257699104,126,55,71,43.65079365079365,8347.03,5992.83,2354.2000000000007,702.09,0,1,22.242268132850022,1.9794787785909937,3.351492375483407,3.5938098483914565,64,30,34,46.875,4495.040000000001,2270.82,2224.2200000000007,358.15,0,0,,0.06672680439855005,0.24486969464774844,-0.0,0.050793650793650794,0.02354221623984999,0.01964180529065568,-0.004258914755109982
1b_narrow,356,0.1488510998064669,True,97,18,75.0,44.0,17,6,2.5,10,32,1.8,3.1,1.0,0.015,0.5,6.265146145149883,1.0854514206211723,0.3832232962230357,12.43496039856877,130,40,90,30.76923076923077,7957.7699999999995,7331.299999999999,626.4700000000003,662.35,0,1,12.89760087984998,1.3712288235598868,1.5024405678285824,6.708789272308657,74,24,50,32.432432432432435,4764.17,3474.38,1289.79,398.42,0,0,,0.03869280263954994,0.09280720588997171,-0.0,0.05873015873015874,0.0062651461451498835,0.004272571031058614,-0.05191678462942197
1b_narrow,357,0.4173479014867949,True,97,18,75.0,44.0,17,6,2.2,10,32,1.8,2.2,1.0,0.015,0.5,24.20327957109992,1.39548077064478,1.4603192479150577,9.909029031150531,125,53,72,42.4,8540.44,6120.070000000001,2420.37,699.7,0,1,24.686137433499916,2.075582104639409,3.6282182908481837,3.5504305640826224,64,30,34,46.875,4763.710000000001,2295.1200000000003,2468.5900000000006,361.96,0,0,,0.07405841230049974,0.25,-0.0,0.050793650793650794,0.024203279571099922,0.019774038532239004,-0.0014814797106945422
1b_narrow,358,0.33865655155757646,True,97,18,75.0,44.0,17,6,2.1,10,32,1.8,2.2,1.0,0.015,0.5,18.441196052449868,1.3328586306542414,1.2312540399357983,8.000078750620487,119,49,70,41.1764705882353,7384.45,5540.3099999999995,1844.1400000000003,648.81,0,1,17.650794464799983,1.831492961992877,2.8510505577356677,3.4098390753216274,58,26,32,44.827586206896555,3887.82,2122.76,1765.06,316.69,0,0,,0.05295238339439994,0.20787324049821926,-0.0,0.046031746031746035,0.018441196052449867,0.01664293153271207,-0.0032849459519506954
1b_narrow,359,0.3864510592183736,True,97,18,75.0,44.0,17,6,2.2,10,33,1.8,2.2,1.0,0.015,0.5,21.27241734584988,1.3445083784497236,1.290551066570678,9.978536846175338,125,52,73,41.6,8302.03,6174.77,2127.26,693.93,0,1,21.451643157899962,1.940084754304546,3.2310648954950953,3.550446241146491,62,28,34,45.16129032258065,4427.06,2281.89,2145.1700000000005,345.26,0,0,,0.06435492947369989,0.23502118857613652,-0.0,0.049206349206349205,0.021272417345849882,0.01722541892248618,-0.0006292443061481155
1b_narrow,360,0.3402136416520915,True,97,18,75.0,44.0,17,6,2.2,10,31,1.8,2.1,1.0,0.015,0.5,22.62729239374994,1.3838712523242716,1.421595532405914,6.6729554547649865,126,54,72,42.857142857142854,8156.98,5894.32,2262.66,699.55,0,1,18.9779719689,1.8152886490759277,2.9134409088989637,3.593464145258846,64,29,35,45.3125,4225.5199999999995,2327.74,1897.7799999999997,352.12,0,0,,0.0569339159067,0.20382216226898192,-0.0,0.050793650793650794,0.022627292393749943,0.019193562616213578,-0.013156942327204714
1b_narrow,361,0.4173479014867949,True,97,17,75.0,44.0,17,6,2.2,10,32,1.8,2.2,1.0,0.015,0.5,24.20327957109992,1.39548077064478,1.4603192479150577,9.909029031150531,125,53,72,42.4,8540.44,6120.070000000001,2420.37,699.7,0,1,24.686137433499916,2.075582104639409,3.6282182908481837,3.5504305640826224,64,30,34,46.875,4763.710000000001,2295.1200000000003,2468.5900000000006,361.96,0,0,,0.07405841230049974,0.25,-0.0,0.050793650793650794,0.024203279571099922,0.019774038532239004,-0.0014814797106945422
1b_narrow,362,0.4173479014867949,True,97,17,75.0,44.0,17,6,2.2,10,32,1.8,2.2,1.0,0.015,0.5,24.20327957109992,1.39548077064478,1.4603192479150577,9.909029031150531,125,53,72,42.4,8540.44,6120.070000000001,2420.37,699.7,0,1,24.686137433499916,2.075582104639409,3.6282182908481837,3.5504305640826224,64,30,34,46.875,4763.710000000001,2295.1200000000003,2468.5900000000006,361.96,0,0,,0.07405841230049974,0.25,-0.0,0.050793650793650794,0.024203279571099922,0.019774038532239004,-0.0014814797106945422
1b_narrow,363,0.41127594566659365,True,97,17,75.0,44.0,17,6,2.2,10,32,1.8,2.3000000000000003,1.0,0.015,0.5,22.98221938979981,1.3761512186100102,1.3868698599747595,9.762762281371515,124,51,73,41.12903225806452,8408.05,6109.83,2298.2199999999993,682.26,0,1,25.049518392499976,2.047832179532763,3.5897808219255136,3.5071247862414308,64,29,35,45.3125,4895.65,2390.65,2504.9999999999995,365.83,0,0,,0.07514855517749992,0.25,-0.0,0.050793650793650794,0.022982219389799812,0.01880756093050051,-0.006456040624857392
1b_narrow,364,-1.0515873015873016,False,97,17,75.0,44.0,17,9,2.2,10,32,1.8,2.2,1.0,0.015,0.5,8.33340956850001,1.256910403679794,0.7887935122089912,9.810458848260033,77,29,48,37.66233766233766,4076.9900000000002,3243.66,833.3300000000004,398.26,0,1,8.38341646765004,1.625704369892152,1.919712066067812,3.5111601656445277,38,15,23,39.473684210526315,2178.2,1339.85,838.3499999999999,200.18,0,0,0.30952380952380953,,,,,,,
1b_narrow,365,0.41127594566659365,True,97,19,75.0,44.0,17,6,2.2,10,32,1.8,2.3000000000000003,1.0,0.015,0.5,22.98221938979981,1.3761512186100102,1.3868698599747595,9.762762281371515,124,51,73,41.12903225806452,8408.05,6109.83,2298.2199999999993,682.26,0,1,25.049518392499976,2.047832179532763,3.5897808219255136,3.5071247862414308,64,29,35,45.3125,4895.65,2390.65,2504.9999999999995,365.83,0,0,,0.07514855517749992,0.25,-0.0,0.050793650793650794,0.022982219389799812,0.01880756093050051,-0.006456040624857392
1b_narrow,366,0.40131525661534495,True,97,17,76.0,44.0,17,6,2.2,10,32,1.8,2.1,1.0,0.015,0.5,23.542216239849985,1.3928361058131136,1.4514561760439297,8.117622257699104,126,55,71,43.65079365079365,8347.03,5992.83,2354.2000000000007,702.09,0,1,22.242268132850022,1.9794787785909937,3.351492375483407,3.5938098483914565,64,30,34,46.875,4495.040000000001,2270.82,2224.2200000000007,358.15,0,0,,0.06672680439855005,0.24486969464774844,-0.0,0.050793650793650794,0.02354221623984999,0.01964180529065568,-0.004258914755109982
1b_narrow,367,0.4173479014867949,True,97,17,75.0,44.0,17,6,2.2,10,32,1.8,2.2,1.0,0.015,0.5,24.20327957109992,1.39548077064478,1.4603192479150577,9.909029031150531,125,53,72,42.4,8540.44,6120.070000000001,2420.37,699.7,0,1,24.686137433499916,2.075582104639409,3.6282182908481837,3.5504305640826224,64,30,34,46.875,4763.710000000001,2295.1200000000003,2468.5900000000006,361.96,0,0,,0.07405841230049974,0.25,-0.0,0.050793650793650794,0.024203279571099922,0.019774038532239004,-0.0014814797106945422
1b_narrow,368,0.4173479014867949,True,97,18,75.0,44.0,17,6,2.2,10,32,1.8,2.2,1.0,0.015,0.5,24.20327957109992,1.39548077064478,1.4603192479150577,9.909029031150531,125,53,72,42.4,8540.44,6120.070000000001,2420.37,699.7,0,1,24.686137433499916,2.075582104639409,3.6282182908481837,3.5504305640826224,64,30,34,46.875,4763.710000000001,2295.1200000000003,2468.5900000000006,361.96,0,0,,0.07405841230049974,0.25,-0.0,0.050793650793650794,0.024203279571099922,0.019774038532239004,-0.0014814797106945422
1b_narrow,369,0.3851427291091747,True,97,19,75.0,44.0,17,6,2.2,13,32,1.8,2.2,1.0,0.015,0.5,18.39824837634993,1.2899441948279746,1.136607972674564,10.591066288240095,125,51,74,40.8,8185.07,6345.290000000001,1839.7799999999988,678.36,0,1,25.59780983029994,2.0433852211447925,3.569436793052269,3.9438140324968187,63,30,33,47.61904761904762,5013.179999999999,2453.37,2559.8099999999995,358.6,0,0,,0.07679342949089982,0.25,-0.0,0.05,0.01839824837634993,0.014497209741398731,-0.024546158499473777
1b_narrow,370,0.41127594566659365,True,97,18,75.0,44.0,17,6,2.2,10,32,1.8,2.3000000000000003,1.0,0.015,0.5,22.98221938979981,1.3761512186100102,1.3868698599747595,9.762762281371515,124,51,73,41.12903225806452,8408.05,6109.83,2298.2199999999993,682.26,0,1,25.049518392499976,2.047832179532763,3.5897808219255136,3.5071247862414308,64,29,35,45.3125,4895.65,2390.65,2504.9999999999995,365.83,0,0,,0.07514855517749992,0.25,-0.0,0.050793650793650794,0.022982219389799812,0.01880756093050051,-0.006456040624857392
1b_narrow,371,0.40956167962572276,True,96,18,75.0,44.0,17,6,2.2,9,32,1.8,2.2,1.0,0.015,0.5,28.788478288549925,1.4737244822400015,1.732183431493116,7.4981463724622275,127,55,72,43.30708661417323,8956.030000000002,6077.139999999999,2878.890000000003,721.91,0,1,23.527729888799986,2.020335146106009,3.5800659348748254,4.78134233592821,65,30,35,46.15384615384615,4658.610000000001,2305.8599999999997,2352.750000000001,365.81,0,0,,0.07058318966639995,0.25,-0.0,0.0515873015873016,0.028788478288549926,0.023686224112000078,-0.015083514028528809
1b_narrow,372,0.31541719212888214,True,96,18,75.0,44.0,17,6,2.2,10,31,1.8,2.1,1.0,0.015,0.5,24.330141240999946,1.4111763831052946,1.511372781266001,6.6729554547649865,127,55,72,43.30708661417323,8350.1,5917.12,2432.9800000000005,708.29,0,1,17.734720408849952,1.7633712972288935,2.7622021005139974,4.457086588064901,63,28,35,44.44444444444444,4096.7699999999995,2323.26,1773.5099999999993,343.79,0,0,,0.053204161226549855,0.19084282430722338,-0.0,0.05,0.02433014124099995,0.02055881915526473,-0.023518753801155774
1b_narrow,373,0.4173479014867949,True,97,18,75.0,44.0,17,6,2.2,10,32,1.8,2.2,1.0,0.015,0.5,24.20327957109992,1.39548077064478,1.4603192479150577,9.909029031150531,125,53,72,42.4,8540.44,6120.070000000001,2420.37,699.7,0,1,24.686137433499916,2.075582104639409,3.6282182908481837,3.5504305640826224,64,30,34,46.875,4763.710000000001,2295.1200000000003,2468.5900000000006,361.96,0,0,,0.07405841230049974,0.25,-0.0,0.050793650793650794,0.024203279571099922,0.019774038532239004,-0.0014814797106945422
1b_narrow,374,0.3613938911546289,True,96,18,75.0,44.0,17,6,2.2,10,33,1.8,2.2,1.0,0.015,0.5,23.034849860949873,1.3716571716223211,1.3804507090312665,9.978536846175338,126,53,73,42.06349206349206,8501.49,6197.970000000001,2303.5199999999986,702.52,0,1,20.12778668689998,1.8843313254864744,3.0779218464374547,4.456988360597346,61,27,34,44.26229508196721,4288.87,2276.07,2012.7999999999997,336.75,0,0,,0.06038336006069994,0.2210828313716186,-0.0,0.048412698412698414,0.023034849860949873,0.01858285858111606,-0.010102707132454031
1b_narrow,375,0.41127594566659365,True,97,18,75.0,44.0,17,6,2.2,10,32,1.8,2.3000000000000003,1.0,0.015,0.5,22.98221938979981,1.3761512186100102,1.3868698599747595,9.762762281371515,124,51,73,41.12903225806452,8408.05,6109.83,2298.2199999999993,682.26,0,1,25.049518392499976,2.047832179532763,3.5897808219255136,3.5071247862414308,64,29,35,45.3125,4895.65,2390.65,2504.9999999999995,365.83,0,0,,0.07514855517749992,0.25,-0.0,0.050793650793650794,0.022982219389799812,0.01880756093050051,-0.006456040624857392
1b_narrow,376,0.4173479014867949,True,97,18,75.0,44.0,17,6,2.2,10,32,1.8,2.2,1.0,0.015,0.5,24.20327957109992,1.39548077064478,1.4603192479150577,9.909029031150531,125,53,72,42.4,8540.44,6120.070000000001,2420.37,699.7,0,1,24.686137433499916,2.075582104639409,3.6282182908481837,3.5504305640826224,64,30,34,46.875,4763.710000000001,2295.1200000000003,2468.5900000000006,361.96,0,0,,0.07405841230049974,0.25,-0.0,0.050793650793650794,0.024203279571099922,0.019774038532239004,-0.0014814797106945422
1b_narrow,377,0.3766524141895685,True,96,18,75.0,44.0,17,6,2.2,10,32,1.8,2.1,1.0,0.015,0.5,25.259244742249976,1.4199146505476892,1.5399086483931048,8.117622257699104,127,56,71,44.09448818897638,8541.169999999998,6015.27,2525.899999999998,710.8,0,1,20.967906693399947,1.9256737964373218,3.2044987181445284,4.457593505333277,63,29,34,46.03174603174603,4361.94,2265.15,2096.7899999999995,349.5,0,0,,0.06290372008019983,0.23141844910933046,-0.0,0.05,0.025259244742249977,0.02099573252738446,-0.013924732269596191
1b_narrow,378,0.4173479014867949,True,97,18,74.0,44.0,17,6,2.2,10,32,1.8,2.2,1.0,0.015,0.5,24.20327957109992,1.39548077064478,1.4603192479150577,9.909029031150531,125,53,72,42.4,8540.44,6120.070000000001,2420.37,699.7,0,1,24.686137433499916,2.075582104639409,3.6282182908481837,3.5504305640826224,64,30,34,46.875,4763.710000000001,2295.1200000000003,2468.5900000000006,361.96,0,0,,0.07405841230049974,0.25,-0.0,0.050793650793650794,0.024203279571099922,0.019774038532239004,-0.0014814797106945422
1b_narrow,379,0.4173479014867949,True,97,18,75.0,44.0,17,6,2.2,10,32,1.8,2.2,1.0,0.015,0.5,24.20327957109992,1.39548077064478,1.4603192479150577,9.909029031150531,125,53,72,42.4,8540.44,6120.070000000001,2420.37,699.7,0,1,24.686137433499916,2.075582104639409,3.6282182908481837,3.5504305640826224,64,30,34,46.875,4763.710000000001,2295.1200000000003,2468.5900000000006,361.96,0,0,,0.07405841230049974,0.25,-0.0,0.050793650793650794,0.024203279571099922,0.019774038532239004,-0.0014814797106945422
1b_narrow,380,0.40899769743230774,True,96,18,75.0,44.0,17,6,2.2,10,32,1.8,2.2,1.0,0.015,0.5,26.010144575099876,1.4233640204957256,1.5511149169284708,9.909029031150531,126,54,72,42.857142857142854,8744.75,6143.72,2601.0299999999997,708.54,0,1,23.32634438834997,2.019270095957212,3.479505392966304,4.4572909550648445,63,29,34,46.03174603174603,4621.14,2288.5200000000004,2332.62,353.2,0,0,,0.06997903316504991,0.25,-0.0,0.05,0.026010144575099876,0.021168201024786282,-0.008159681332628342
1b_narrow,381,0.3170055820276792,True,97,18,75.0,44.0,17,6,2.2,10,36,1.8,2.1,1.0,0.015,0.5,16.848632284849938,1.273821635554573,1.0068649295503644,11.485420605073633,123,51,72,41.46341463414634,7837.85,6153.02,1684.83,670.59,0,1,17.317376618500056,1.7526359250727974,2.6616802753300863,3.6165619968120977,61,27,34,44.26229508196721,4032.64,2300.9,1731.7399999999998,333.26,0,0,,0.05195212985550016,0.18815898126819935,-0.0,0.048412698412698414,0.016848632284849938,0.013691081777728653,-0.0020579415712973035
1b_narrow,382,0.3692278608004838,True,107,18,75.0,44.0,17,6,2.2,10,32,1.8,2.2,1.0,0.015,0.5,14.935381472699882,1.2475752698242726,1.0088924368083512,9.367903713684173,128,50,78,39.0625,7526.16,6032.629999999999,1493.5300000000007,685.88,0,1,28.631665424050023,2.2376705844720037,4.051627384520604,3.465824006607485,67,31,36,46.26865671641791,5176.5599999999995,2313.37,2863.1899999999996,388.52,0,0,,0.08589499627215007,0.25,-0.0,0.05317460317460318,0.014935381472699884,0.01237876349121363,-0.047155883610182955
1b_narrow,383,0.41127594566659365,True,97,18,75.0,44.0,17,6,2.2,10,32,1.8,2.3000000000000003,1.0,0.015,0.5,22.98221938979981,1.3761512186100102,1.3868698599747595,9.762762281371515,124,51,73,41.12903225806452,8408.05,6109.83,2298.2199999999993,682.26,0,1,25.049518392499976,2.047832179532763,3.5897808219255136,3.5071247862414308,64,29,35,45.3125,4895.65,2390.65,2504.9999999999995,365.83,0,0,,0.07514855517749992,0.25,-0.0,0.050793650793650794,0.022982219389799812,0.01880756093050051,-0.006456040624857392
1b_narrow,384,0.35760450876761113,True,96,18,75.0,44.0,17,6,2.2,10,33,1.8,2.3000000000000003,1.0,0.015,0.5,21.82828524454986,1.3528651979644224,1.3085474857232557,9.762762281371515,125,51,74,40.8,8368.769999999999,6185.96,2182.8099999999986,685.02,0,1,20.285665121300024,1.8574308816629823,3.0270812275004277,4.456593603708728,61,26,35,42.622950819672134,4394.44,2365.87,2028.5699999999997,339.91,0,0,,0.06085699536390007,0.21435772041574558,-0.0,0.048412698412698414,0.021828285244549862,0.01764325989822112,-0.005494450567503911
1b_narrow,385,0.4173479014867949,True,97,17,75.0,44.0,17,6,2.2,10,32,1.8,2.2,1.0,0.015,0.5,24.20327957109992,1.39548077064478,1.4603192479150577,9.909029031150531,125,53,72,42.4,8540.44,6120.070000000001,2420.37,699.7,0,1,24.686137433499916,2.075582104639409,3.6282182908481837,3.5504305640826224,64,30,34,46.875,4763.710000000001,2295.1200000000003,2468.5900000000006,361.96,0,0,,0.07405841230049974,0.25,-0.0,0.050793650793650794,0.024203279571099922,0.019774038532239004,-0.0014814797106945422
1b_narrow,386,0.21778121139880743,True,97,18,75.0,44.0,17,6,2.6,10,32,1.8,2.1,1.0,0.015,0.5,11.079560643700079,1.1467475448483204,0.6651284883092377,12.52693808721506,154,61,93,39.61038961038961,8658.460000000001,7550.450000000001,1108.0100000000002,800.29,0,1,15.296864698999963,1.4463361402403088,2.1394990696156166,4.764094846461348,83,35,48,42.16867469879518,4956.970000000001,3427.26,1529.710000000001,457.35,0,0,,0.04589059409699989,0.11158403506007719,-0.0,0.06587301587301587,0.01107956064370008,0.007337377242416021,-0.02398337151740163
1b_narrow,387,0.40899769743230774,True,96,18,75.0,44.0,17,6,2.2,10,32,1.8,2.2,1.0,0.015,0.5,26.010144575099876,1.4233640204957256,1.5511149169284708,9.909029031150531,126,54,72,42.857142857142854,8744.75,6143.72,2601.0299999999997,708.54,0,1,23.32634438834997,2.019270095957212,3.479505392966304,4.4572909550648445,63,29,34,46.03174603174603,4621.14,2288.5200000000004,2332.62,353.2,0,0,,0.06997903316504991,0.25,-0.0,0.05,0.026010144575099876,0.021168201024786282,-0.008159681332628342
1b_narrow,388,0.24291950286438255,True,97,18,75.0,44.0,17,7,2.2,10,31,1.8,2.2,1.0,0.015,0.5,12.001488748149876,1.237980793064404,0.934465511718671,7.148042419133327,112,43,69,38.392857142857146,6243.099999999999,5042.970000000001,1200.1299999999983,606.92,0,1,12.25650433339999,1.5511784466359972,2.079184505047143,5.5313894614298,58,24,34,41.37931034482759,3449.34,2223.6899999999996,1225.6500000000005,310.46,0,0,,0.03676951300019997,0.1377946116589993,-0.0,0.046031746031746035,0.012001488748149877,0.0118990396532202,-0.0015768962279328444
1b_narrow,389,0.40899769743230774,True,96,18,75.0,44.0,17,6,2.2,10,32,1.8,2.2,1.0,0.015,0.5,26.010144575099876,1.4233640204957256,1.5511149169284708,9.909029031150531,126,54,72,42.857142857142854,8744.75,6143.72,2601.0299999999997,708.54,0,1,23.32634438834997,2.019270095957212,3.479505392966304,4.4572909550648445,63,29,34,46.03174603174603,4621.14,2288.5200000000004,2332.62,353.2,0,0,,0.06997903316504991,0.25,-0.0,0.05,0.026010144575099876,0.021168201024786282,-0.008159681332628342
1b_narrow,390,0.4173479014867949,True,97,18,75.0,44.0,17,6,2.2,10,32,1.8,2.2,1.0,0.015,0.5,24.20327957109992,1.39548077064478,1.4603192479150577,9.909029031150531,125,53,72,42.4,8540.44,6120.070000000001,2420.37,699.7,0,1,24.686137433499916,2.075582104639409,3.6282182908481837,3.5504305640826224,64,30,34,46.875,4763.710000000001,2295.1200000000003,2468.5900000000006,361.96,0,0,,0.07405841230049974,0.25,-0.0,0.050793650793650794,0.024203279571099922,0.019774038532239004,-0.0014814797106945422
1b_narrow,391,0.41127594566659365,True,97,19,75.0,44.0,17,6,2.2,10,32,1.8,2.3000000000000003,1.0,0.015,0.5,22.98221938979981,1.3761512186100102,1.3868698599747595,9.762762281371515,124,51,73,41.12903225806452,8408.05,6109.83,2298.2199999999993,682.26,0,1,25.049518392499976,2.047832179532763,3.5897808219255136,3.5071247862414308,64,29,35,45.3125,4895.65,2390.65,2504.9999999999995,365.83,0,0,,0.07514855517749992,0.25,-0.0,0.050793650793650794,0.022982219389799812,0.01880756093050051,-0.006456040624857392
1b_narrow,392,0.40899769743230774,True,96,18,75.0,44.0,17,6,2.2,10,32,1.8,2.2,1.0,0.015,0.5,26.010144575099876,1.4233640204957256,1.5511149169284708,9.909029031150531,126,54,72,42.857142857142854,8744.75,6143.72,2601.0299999999997,708.54,0,1,23.32634438834997,2.019270095957212,3.479505392966304,4.4572909550648445,63,29,34,46.03174603174603,4621.14,2288.5200000000004,2332.62,353.2,0,0,,0.06997903316504991,0.25,-0.0,0.05,0.026010144575099876,0.021168201024786282,-0.008159681332628342
1b_narrow,393,0.41127594566659365,True,97,18,74.0,44.0,17,6,2.2,10,32,1.8,2.3000000000000003,1.0,0.015,0.5,22.98221938979981,1.3761512186100102,1.3868698599747595,9.762762281371515,124,51,73,41.12903225806452,8408.05,6109.83,2298.2199999999993,682.26,0,1,25.049518392499976,2.047832179532763,3.5897808219255136,3.5071247862414308,64,29,35,45.3125,4895.65,2390.65,2504.9999999999995,365.83,0,0,,0.07514855517749992,0.25,-0.0,0.050793650793650794,0.022982219389799812,0.01880756093050051,-0.006456040624857392
1b_narrow,394,0.40131525661534495,True,97,18,75.0,44.0,17,6,2.2,10,32,1.8,2.1,1.0,0.015,0.5,23.542216239849985,1.3928361058131136,1.4514561760439297,8.117622257699104,126,55,71,43.65079365079365,8347.03,5992.83,2354.2000000000007,702.09,0,1,22.242268132850022,1.9794787785909937,3.351492375483407,3.5938098483914565,64,30,34,46.875,4495.040000000001,2270.82,2224.2200000000007,358.15,0,0,,0.06672680439855005,0.24486969464774844,-0.0,0.050793650793650794,0.02354221623984999,0.01964180529065568,-0.004258914755109982
1b_narrow,395,0.4173479014867949,True,97,18,75.0,44.0,17,6,2.2,10,32,1.8,2.2,1.0,0.015,0.5,24.20327957109992,1.39548077064478,1.4603192479150577,9.909029031150531,125,53,72,42.4,8540.44,6120.070000000001,2420.37,699.7,0,1,24.686137433499916,2.075582104639409,3.6282182908481837,3.5504305640826224,64,30,34,46.875,4763.710000000001,2295.1200000000003,2468.5900000000006,361.96,0,0,,0.07405841230049974,0.25,-0.0,0.050793650793650794,0.024203279571099922,0.019774038532239004,-0.0014814797106945422
1b_narrow,396,0.40899769743230774,True,96,18,75.0,44.0,17,6,2.2,10,32,1.8,2.2,1.0,0.015,0.5,26.010144575099876,1.4233640204957256,1.5511149169284708,9.909029031150531,126,54,72,42.857142857142854,8744.75,6143.72,2601.0299999999997,708.54,0,1,23.32634438834997,2.019270095957212,3.479505392966304,4.4572909550648445,63,29,34,46.03174603174603,4621.14,2288.5200000000004,2332.62,353.2,0,0,,0.06997903316504991,0.25,-0.0,0.05,0.026010144575099876,0.021168201024786282,-0.008159681332628342
1b_narrow,397,0.40131525661534495,True,97,18,75.0,44.0,17,6,2.2,10,32,1.8,2.1,1.0,0.015,0.5,23.542216239849985,1.3928361058131136,1.4514561760439297,8.117622257699104,126,55,71,43.65079365079365,8347.03,5992.83,2354.2000000000007,702.09,0,1,22.242268132850022,1.9794787785909937,3.351492375483407,3.5938098483914565,64,30,34,46.875,4495.040000000001,2270.82,2224.2200000000007,358.15,0,0,,0.06672680439855005,0.24486969464774844,-0.0,0.050793650793650794,0.02354221623984999,0.01964180529065568,-0.004258914755109982
1b_narrow,398,0.40899769743230774,True,96,18,75.0,44.0,17,6,2.2,10,32,1.8,2.2,1.0,0.015,0.5,26.010144575099876,1.4233640204957256,1.5511149169284708,9.909029031150531,126,54,72,42.857142857142854,8744.75,6143.72,2601.0299999999997,708.54,0,1,23.32634438834997,2.019270095957212,3.479505392966304,4.4572909550648445,63,29,34,46.03174603174603,4621.14,2288.5200000000004,2332.62,353.2,0,0,,0.06997903316504991,0.25,-0.0,0.05,0.026010144575099876,0.021168201024786282,-0.008159681332628342
1b_narrow,399,0.15385704255938057,True,97,18,75.0,44.0,17,6,2.7,10,32,1.8,2.2,1.0,0.015,0.5,6.367504477549919,1.0791399811331777,0.40905684094801803,16.852696961574843,158,59,99,37.34177215189873,8682.620000000003,8045.870000000002,636.7500000000009,805.84,0,1,13.656737052250028,1.346121873827844,1.8270130597758016,7.188569750080388,89,35,54,39.325842696629216,5311.42,3945.72,1365.7000000000003,490.07,0,0,,0.040970211156750085,0.086530468456961,-0.0,0.07063492063492065,0.006367504477549919,0.003956999056658883,-0.05460306122345997
1b_narrow,400,0.31966789233900805,True,97,18,75.0,44.0,17,6,2.3000000000000003,10,33,1.8,2.2,1.0,0.015,0.5,19.981246555999917,1.3037721047894726,1.1882501253172164,8.233766817490526,132,54,78,40.90909090909091,8575.9,6577.759999999999,1998.1400000000003,728.06,0,1,18.458068435649984,1.7307468477206596,2.802620993270108,3.5992513842200724,66,28,38,42.42424242424242,4371.78,2525.95,1845.83,362.46,0,0,,0.055374205306949954,0.1826867119301649,-0.0,0.05238095238095239,0.01998124655599992,0.01518860523947363,-0.005943829074532712
1b_narrow,401,0.3766524141895685,True,96,17,75.0,44.0,17,6,2.2,10,32,1.8,2.1,1.0,0.015,0.5,25.259244742249976,1.4199146505476892,1.5399086483931048,8.117622257699104,127,56,71,44.09448818897638,8541.169999999998,6015.27,2525.899999999998,710.8,0,1,20.967906693399947,1.9256737964373218,3.2044987181445284,4.457593505333277,63,29,34,46.03174603174603,4361.94,2265.15,2096.7899999999995,349.5,0,0,,0.06290372008019983,0.23141844910933046,-0.0,0.05,0.025259244742249977,0.02099573252738446,-0.013924732269596191
1b_narrow,402,0.41127594566659365,True,97,18,75.0,44.0,17,6,2.2,10,32,1.8,2.3000000000000003,1.0,0.015,0.5,22.98221938979981,1.3761512186100102,1.3868698599747595,9.762762281371515,124,51,73,41.12903225806452,8408.05,6109.83,2298.2199999999993,682.26,0,1,25.049518392499976,2.047832179532763,3.5897808219255136,3.5071247862414308,64,29,35,45.3125,4895.65,2390.65,2504.9999999999995,365.83,0,0,,0.07514855517749992,0.25,-0.0,0.050793650793650794,0.022982219389799812,0.01880756093050051,-0.006456040624857392
1b_narrow,403,0.34260464244029676,True,96,18,75.0,44.0,17,6,2.2,11,31,1.8,2.2,1.0,0.015,0.5,25.333150250149938,1.4134065722459117,1.5336625757527191,8.859161509728528,126,53,73,42.06349206349206,8661.2,6127.89,2533.3100000000004,706.69,0,1,19.753792291650026,1.826781738125931,2.915091880041046,4.718621458533655,62,28,34,45.16129032258065,4364.62,2389.2400000000002,1975.3799999999997,341.48,0,0,,0.059261376874950075,0.20669543453148276,-0.0,0.049206349206349205,0.02533315025014994,0.020670328612295587,-0.018561997034930812
1b_narrow,404,0.33865655155757646,True,97,18,75.0,44.0,17,6,2.1,10,32,1.8,2.2,1.0,0.015,0.5,18.441196052449868,1.3328586306542414,1.2312540399357983,8.000078750620487,119,49,70,41.1764705882353,7384.45,5540.3099999999995,1844.1400000000003,648.81,0,1,17.650794464799983,1.831492961992877,2.8510505577356677,3.4098390753216274,58,26,32,44.827586206896555,3887.82,2122.76,1765.06,316.69,0,0,,0.05295238339439994,0.20787324049821926,-0.0,0.046031746031746035,0.018441196052449867,0.01664293153271207,-0.0032849459519506954
1b_narrow,405,0.4173479014867949,True,97,18,76.0,44.0,17,6,2.2,10,32,1.8,2.2,1.0,0.015,0.5,24.20327957109992,1.39548077064478,1.4603192479150577,9.909029031150531,125,53,72,42.4,8540.44,6120.070000000001,2420.37,699.7,0,1,24.686137433499916,2.075582104639409,3.6282182908481837,3.5504305640826224,64,30,34,46.875,4763.710000000001,2295.1200000000003,2468.5900000000006,361.96,0,0,,0.07405841230049974,0.25,-0.0,0.050793650793650794,0.024203279571099922,0.019774038532239004,-0.0014814797106945422
1b_narrow,406,0.3751025833458952,True,95,18,75.0,44.0,17,6,2.2,10,32,1.8,2.3000000000000003,1.0,0.015,0.5,24.660593833899945,1.403803108180465,1.463455694126063,9.761866232941665,125,52,73,41.6,8573.18,6107.110000000001,2466.0699999999997,686.49,0,1,22.55471714139998,1.8580640497911423,3.248867189902225,4.457086051409137,69,29,40,42.028985507246375,4884.070000000001,2628.58,2255.4900000000007,389.78,0,0,,0.06766415142419993,0.21451601244778556,-0.0,0.05476190476190477,0.024660593833899947,0.020190155409023247,-0.006690234530918244
1b_narrow,407,0.31064363139296614,True,96,18,75.0,44.0,17,6,2.2,10,32,1.9,2.1,1.0,0.015,0.5,22.242316462049967,1.4006221360846136,1.4398678714565305,9.019100007126003,117,52,65,44.44444444444444,7776.030000000001,5551.839999999999,2224.1900000000014,649.29,0,1,16.608702225099986,1.7802273688166488,2.6559064173544633,4.037568519606715,57,25,32,43.85964912280702,3789.57,2128.7,1660.8700000000003,309.06,0,0,,0.04982610667529996,0.1950568422041622,-0.0,0.045238095238095244,0.022242316462049966,0.020031106804230682,-0.02175083599087188
1b_narrow,408,0.4173479014867949,True,97,16,75.0,44.0,17,6,2.2,10,32,1.8,2.2,1.0,0.015,0.5,24.20327957109992,1.39548077064478,1.4603192479150577,9.909029031150531,125,53,72,42.4,8540.44,6120.070000000001,2420.37,699.7,0,1,24.686137433499916,2.075582104639409,3.6282182908481837,3.5504305640826224,64,30,34,46.875,4763.710000000001,2295.1200000000003,2468.5900000000006,361.96,0,0,,0.07405841230049974,0.25,-0.0,0.050793650793650794,0.024203279571099922,0.019774038532239004,-0.0014814797106945422
1b_narrow,409,0.3508760927937119,True,96,18,75.0,44.0,17,6,2.2,10,31,1.8,2.2,1.0,0.015,0.5,24.987060617149872,1.4137527342695673,1.5184904514283768,8.491257332777367,126,53,73,42.06349206349206,8537.78,6039.09,2498.6900000000005,705.45,0,1,19.92444763939995,1.8493467186734012,3.0325897786924823,4.4573756816794585,63,28,35,44.44444444444444,4338.289999999999,2345.8500000000004,1992.4399999999987,347.2,0,0,,0.05977334291819985,0.2123366796683503,-0.0,0.05,0.024987060617149875,0.020687636713478365,-0.016908627123466503
1b_narrow,410,0.2146991315622993,True,97,18,75.0,44.0,17,6,2.2,10,32,2.0,2.1,1.0,0.015,0.5,19.055038817149907,1.378066395244558,1.2877926727217954,8.171982521971414,103,45,58,43.689320388349515,6945.62,5040.119999999999,1905.500000000001,566.65,0,0,10.971197696250055,1.5876379217996783,2.0825753950406276,5.241475133800031,47,20,27,42.5531914893617,2964.1199999999994,1867.0,1097.1199999999994,253.3,0,0,,0.032913593088750165,0.14690948044991958,-0.0,0.0373015873015873,0.019055038817149907,0.0189033197622279,-0.040383887857335536
1b_narrow,411,0.41127594566659365,True,97,18,75.0,40.0,17,6,2.2,10,32,1.8,2.3000000000000003,1.0,0.015,0.5,22.98221938979981,1.3761512186100102,1.3868698599747595,9.762762281371515,124,51,73,41.12903225806452,8408.05,6109.83,2298.2199999999993,682.26,0,2,25.049518392499976,2.047832179532763,3.5897808219255136,3.5071247862414308,64,29,35,45.3125,4895.65,2390.65,2504.9999999999995,365.83,0,0,,0.07514855517749992,0.25,-0.0,0.050793650793650794,0.022982219389799812,0.01880756093050051,-0.006456040624857392
1b_narrow,412,0.4173479014867949,True,97,18,75.0,44.0,17,6,2.2,10,32,1.8,2.2,1.0,0.015,0.5,24.20327957109992,1.39548077064478,1.4603192479150577,9.909029031150531,125,53,72,42.4,8540.44,6120.070000000001,2420.37,699.7,0,1,24.686137433499916,2.075582104639409,3.6282182908481837,3.5504305640826224,64,30,34,46.875,4763.710000000001,2295.1200000000003,2468.5900000000006,361.96,0,0,,0.07405841230049974,0.25,-0.0,0.050793650793650794,0.024203279571099922,0.019774038532239004,-0.0014814797106945422
1b_narrow,413,0.40899769743230774,True,96,18,75.0,44.0,17,6,2.2,10,32,1.8,2.2,1.0,0.015,0.5,26.010144575099876,1.4233640204957256,1.5511149169284708,9.909029031150531,126,54,72,42.857142857142854,8744.75,6143.72,2601.0299999999997,708.54,0,1,23.32634438834997,2.019270095957212,3.479505392966304,4.4572909550648445,63,29,34,46.03174603174603,4621.14,2288.5200000000004,2332.62,353.2,0,0,,0.06997903316504991,0.25,-0.0,0.05,0.026010144575099876,0.021168201024786282,-0.008159681332628342
1b_narrow,414,0.4173479014867949,True,97,19,75.0,44.0,17,6,2.2,10,32,1.8,2.2,1.0,0.015,0.5,24.20327957109992,1.39548077064478,1.4603192479150577,9.909029031150531,125,53,72,42.4,8540.44,6120.070000000001,2420.37,699.7,0,1,24.686137433499916,2.075582104639409,3.6282182908481837,3.5504305640826224,64,30,34,46.875,4763.710000000001,2295.1200000000003,2468.5900000000006,361.96,0,0,,0.07405841230049974,0.25,-0.0,0.050793650793650794,0.024203279571099922,0.019774038532239004,-0.0014814797106945422
1b_narrow,415,0.4173479014867949,True,97,18,75.0,44.0,17,6,2.2,10,32,1.8,2.2,1.0,0.015,0.5,24.20327957109992,1.39548077064478,1.4603192479150577,9.909029031150531,125,53,72,42.4,8540.44,6120.070000000001,2420.37,699.7,0,1,24.686137433499916,2.075582104639409,3.6282182908481837,3.5504305640826224,64,30,34,46.875,4763.710000000001,2295.1200000000003,2468.5900000000006,361.96,0,0,,0.07405841230049974,0.25,-0.0,0.050793650793650794,0.024203279571099922,0.019774038532239004,-0.0014814797106945422
1b_narrow,416,0.37505740234627,True,104,18,75.0,44.0,17,6,2.2,10,32,1.8,2.1,1.0,0.015,0.5,16.25358816984995,1.2661685065184958,1.060292364132712,7.639461821095941,130,54,76,41.53846153846154,7731.819999999999,6106.47,1625.3499999999985,692.41,0,1,27.41980033785001,2.2382195288263107,3.961652207385379,3.2649576931892486,65,32,33,49.23076923076923,4956.47,2214.47,2742.0000000000005,371.98,0,0,,0.08225940101355002,0.25,-0.0,0.0515873015873016,0.016253588169849953,0.01330842532592479,-0.03835131375035636
1b_narrow,417,0.35760450876761113,True,96,17,75.0,44.0,17,6,2.2,10,33,1.8,2.3000000000000003,1.0,0.015,0.5,21.82828524454986,1.3528651979644224,1.3085474857232557,9.762762281371515,125,51,74,40.8,8368.769999999999,6185.96,2182.8099999999986,685.02,0,1,20.285665121300024,1.8574308816629823,3.0270812275004277,4.456593603708728,61,26,35,42.622950819672134,4394.44,2365.87,2028.5699999999997,339.91,0,0,,0.06085699536390007,0.21435772041574558,-0.0,0.048412698412698414,0.021828285244549862,0.01764325989822112,-0.005494450567503911
1b_narrow,418,0.3227530772911688,True,98,18,75.0,44.0,17,5,2.2,10,32,1.8,2.2,1.0,0.015,0.5,17.566225094350067,1.2505598776685127,0.9990023460930018,11.080819657301037,140,56,84,40.0,8767.0,7010.459999999999,1756.5400000000009,751.11,0,1,23.17211068994999,1.7275153372306964,3.1019361536060948,5.160351759189477,78,33,45,42.30769230769231,5502.240000000001,3185.0599999999995,2317.180000000001,442.17,0,0,,0.06951633206984996,0.1818788343076741,-0.0,0.06190476190476191,0.017566225094350067,0.012527993883425638,-0.020641069968892835
1b_narrow,419,0.4173479014867949,True,97,18,75.0,44.0,17,6,2.2,10,32,1.8,2.2,1.0,0.015,0.5,24.20327957109992,1.39548077064478,1.4603192479150577,9.909029031150531,125,53,72,42.4,8540.44,6120.070000000001,2420.37,699.7,0,1,24.686137433499916,2.075582104639409,3.6282182908481837,3.5504305640826224,64,30,34,46.875,4763.710000000001,2295.1200000000003,2468.5900000000006,361.96,0,0,,0.07405841230049974,0.25,-0.0,0.050793650793650794,0.024203279571099922,0.019774038532239004,-0.0014814797106945422
1b_narrow,420,0.4154783175004087,True,98,18,75.0,44.0,17,6,2.2,10,32,1.8,2.2,1.0,0.015,0.5,23.844740113949957,1.3876423673541047,1.4410306989924508,9.909029031150531,126,53,73,42.06349206349206,8535.86,6151.340000000001,2384.5199999999995,705.34,0,1,24.686137433499916,2.075582104639409,3.6282182908481837,3.5504305640826224,64,30,34,46.875,4763.710000000001,2295.1200000000003,2468.5900000000006,361.96,0,0,,0.07405841230049974,0.25,-0.0,0.050793650793650794,0.02384474011394996,0.019382118367705238,-0.002600604075397059
1b_narrow,421,0.40899769743230774,True,96,18,75.0,44.0,17,6,2.2,10,32,1.8,2.2,1.0,0.015,0.5,26.010144575099876,1.4233640204957256,1.5511149169284708,9.909029031150531,126,54,72,42.857142857142854,8744.75,6143.72,2601.0299999999997,708.54,0,1,23.32634438834997,2.019270095957212,3.479505392966304,4.4572909550648445,63,29,34,46.03174603174603,4621.14,2288.5200000000004,2332.62,353.2,0,0,,0.06997903316504991,0.25,-0.0,0.05,0.026010144575099876,0.021168201024786282,-0.008159681332628342
1b_narrow,422,0.3916851850385426,True,95,15,76.0,44.0,17,6,2.2,10,32,1.8,2.3000000000000003,1.0,0.015,0.5,24.660593833899945,1.403803108180465,1.463455694126063,9.761866232941665,125,52,73,41.6,8573.18,6107.110000000001,2466.0699999999997,686.49,0,1,23.383756066600036,1.9068053934362026,3.3674036945005663,4.456946159392867,68,29,39,42.64705882352941,4917.06,2578.6899999999996,2338.370000000001,387.43,0,0,,0.07015126819980011,0.22670134835905065,-0.0,0.05396825396825397,0.024660593833899947,0.020190155409023247,-0.00398643473148532
1b_narrow,423,0.30491719790537136,True,97,18,75.0,44.0,17,6,2.1,10,32,1.8,2.1,1.0,0.015,0.5,17.623127956350036,1.3245599011423508,1.2070861046116552,5.863074032053898,119,50,69,42.016806722689076,7192.4,5430.030000000001,1762.369999999999,646.69,0,1,15.703279508850047,1.7462624150548873,2.6024372323303,3.4530470051617823,58,26,32,44.827586206896555,3674.66,2104.3,1570.3599999999997,313.86,0,0,,0.04710983852655014,0.18656560376372183,-0.0,0.046031746031746035,0.017623127956350036,0.01622799505711754,-0.008641113430114193
1b_narrow,424,0.4173479014867949,True,97,18,75.0,44.0,17,6,2.2,10,32,1.8,2.2,1.0,0.015,0.5,24.20327957109992,1.39548077064478,1.4603192479150577,9.909029031150531,125,53,72,42.4,8540.44,6120.070000000001,2420.37,699.7,0,1,24.686137433499916,2.075582104639409,3.6282182908481837,3.5504305640826224,64,30,34,46.875,4763.710000000001,2295.1200000000003,2468.5900000000006,361.96,0,0,,0.07405841230049974,0.25,-0.0,0.050793650793650794,0.024203279571099922,0.019774038532239004,-0.0014814797106945422
1b_narrow,425,0.4154783175004087,True,98,18,75.0,44.0,17,6,2.2,10,32,1.8,2.2,1.0,0.015,0.5,23.844740113949957,1.3876423673541047,1.4410306989924508,9.909029031150531,126,53,73,42.06349206349206,8535.86,6151.340000000001,2384.5199999999995,705.34,0,1,24.686137433499916,2.075582104639409,3.6282182908481837,3.5504305640826224,64,30,34,46.875,4763.710000000001,2295.1200000000003,2468.5900000000006,361.96,0,0,,0.07405841230049974,0.25,-0.0,0.050793650793650794,0.02384474011394996,0.019382118367705238,-0.002600604075397059
1b_narrow,426,0.40131525661534495,True,97,18,75.0,44.0,17,6,2.2,10,32,1.8,2.1,1.0,0.015,0.5,23.542216239849985,1.3928361058131136,1.4514561760439297,8.117622257699104,126,55,71,43.65079365079365,8347.03,5992.83,2354.2000000000007,702.09,0,1,22.242268132850022,1.9794787785909937,3.351492375483407,3.5938098483914565,64,30,34,46.875,4495.040000000001,2270.82,2224.2200000000007,358.15,0,0,,0.06672680439855005,0.24486969464774844,-0.0,0.050793650793650794,0.02354221623984999,0.01964180529065568,-0.004258914755109982
1b_narrow,427,0.4141634558878075,True,96,18,75.0,44.0,17,6,2.2,9,32,1.8,2.3000000000000003,1.0,0.015,0.5,24.459473563399897,1.4024151688397153,1.4913747576675096,9.617107916022746,126,52,74,41.26984126984127,8524.23,6078.25,2445.9799999999996,694.63,0,1,23.845859580650032,1.9934550665950106,3.5146619896773843,4.721142636483434,65,29,36,44.61538461538461,4784.950000000001,2400.3299999999995,2384.6200000000013,369.62,0,0,,0.07153757874195009,0.24836376664875265,-0.0,0.0515873015873016,0.0244594735633999,0.020120758441985766,-0.0019054230955825027
1b_narrow,428,0.32347547385811853,True,98,18,75.0,44.0,17,6,2.4000000000000004,10,32,1.8,2.2,1.0,0.015,0.5,21.484339893949965,1.306897640314777,1.2545867747240944,8.590119742495972,141,57,84,40.42553191489362,9148.949999999999,7000.509999999999,2148.4399999999996,776.3,0,1,20.200323433899957,1.6782185364870987,2.9489770863043794,3.5501000586545746,77,33,44,42.857142857142854,4998.49,2978.4500000000003,2020.0399999999995,430.63,0,0,,0.06060097030169987,0.16955463412177468,-0.0,0.061111111111111116,0.021484339893949968,0.015344882015738848,-0.004620463586155959
1b_narrow,429,0.4173479014867949,True,97,18,75.0,44.0,17,6,2.2,10,32,1.8,2.2,1.0,0.015,0.5,24.20327957109992,1.39548077064478,1.4603192479150577,9.909029031150531,125,53,72,42.4,8540.44,6120.070000000001,2420.37,699.7,0,1,24.686137433499916,2.075582104639409,3.6282182908481837,3.5504305640826224,64,30,34,46.875,4763.710000000001,2295.1200000000003,2468.5900000000006,361.96,0,0,,0.07405841230049974,0.25,-0.0,0.050793650793650794,0.024203279571099922,0.019774038532239004,-0.0014814797106945422
1b_narrow,430,0.31541719212888214,True,96,18,75.0,44.0,17,6,2.2,10,31,1.8,2.1,1.0,0.015,0.5,24.330141240999946,1.4111763831052946,1.511372781266001,6.6729554547649865,127,55,72,43.30708661417323,8350.1,5917.12,2432.9800000000005,708.29,0,1,17.734720408849952,1.7633712972288935,2.7622021005139974,4.457086588064901,63,28,35,44.44444444444444,4096.7699999999995,2323.26,1773.5099999999993,343.79,0,0,,0.053204161226549855,0.19084282430722338,-0.0,0.05,0.02433014124099995,0.02055881915526473,-0.023518753801155774
1b_narrow,431,0.39300941495796127,True,97,18,75.0,44.0,17,6,2.2,12,32,1.8,2.3000000000000003,1.0,0.015,0.5,19.73409761629993,1.3181809387143064,1.2071511032804594,10.10845734979081,124,50,74,40.32258064516129,8175.490000000001,6202.1,1973.3900000000003,666.49,0,1,25.361651715249955,2.0255025090069507,3.513272314384754,3.8627479208144737,63,29,34,46.03174603174603,5009.250000000001,2473.0900000000006,2536.1600000000003,360.83,0,0,,0.07608495514574987,0.25,-0.0,0.05,0.019734097616299934,0.01590904693571532,-0.018718684739803877
1b_narrow,432,0.4154783175004087,True,98,18,75.0,44.0,17,6,2.2,10,32,1.8,2.2,1.0,0.015,0.5,23.844740113949957,1.3876423673541047,1.4410306989924508,9.909029031150531,126,53,73,42.06349206349206,8535.86,6151.340000000001,2384.5199999999995,705.34,0,1,24.686137433499916,2.075582104639409,3.6282182908481837,3.5504305640826224,64,30,34,46.875,4763.710000000001,2295.1200000000003,2468.5900000000006,361.96,0,0,,0.07405841230049974,0.25,-0.0,0.050793650793650794,0.02384474011394996,0.019382118367705238,-0.002600604075397059
1b_narrow,433,0.3613938911546289,True,96,18,75.0,44.0,17,6,2.2,10,33,1.8,2.2,1.0,0.015,0.5,23.034849860949873,1.3716571716223211,1.3804507090312665,9.978536846175338,126,53,73,42.06349206349206,8501.49,6197.970000000001,2303.5199999999986,702.52,0,1,20.12778668689998,1.8843313254864744,3.0779218464374547,4.456988360597346,61,27,34,44.26229508196721,4288.87,2276.07,2012.7999999999997,336.75,0,0,,0.06038336006069994,0.2210828313716186,-0.0,0.048412698412698414,0.023034849860949873,0.01858285858111606,-0.010102707132454031
1b_narrow,434,0.4173479014867949,True,97,18,75.0,44.0,17,6,2.2,10,32,1.8,2.2,1.0,0.015,0.5,24.20327957109992,1.39548077064478,1.4603192479150577,9.909029031150531,125,53,72,42.4,8540.44,6120.070000000001,2420.37,699.7,0,1,24.686137433499916,2.075582104639409,3.6282182908481837,3.5504305640826224,64,30,34,46.875,4763.710000000001,2295.1200000000003,2468.5900000000006,361.96,0,0,,0.07405841230049974,0.25,-0.0,0.050793650793650794,0.024203279571099922,0.019774038532239004,-0.0014814797106945422
1b_narrow,435,0.34541017622413117,True,98,17,75.0,44.0,17,6,2.3000000000000003,10,32,1.8,2.3000000000000003,1.0,0.015,0.5,18.090338656550013,1.2759880088789217,1.089824572384294,10.58934121286951,132,52,80,39.39393939393939,8363.91,6554.85,1809.0599999999995,712.26,0,1,21.970680306450067,1.8326770385249482,3.17381306798551,3.506421475793116,68,29,39,42.64705882352941,4835.610000000001,2638.5499999999993,2197.0600000000013,383.19,0,0,,0.0659120409193502,0.20816925963123706,-0.0,0.05396825396825397,0.018090338656550017,0.013799400443946086,-0.014529117395206152
1b_narrow,436,0.4173479014867949,True,97,18,74.0,44.0,17,6,2.2,10,32,1.8,2.2,1.0,0.015,0.5,24.20327957109992,1.39548077064478,1.4603192479150577,9.909029031150531,125,53,72,42.4,8540.44,6120.070000000001,2420.37,699.7,0,1,24.686137433499916,2.075582104639409,3.6282182908481837,3.5504305640826224,64,30,34,46.875,4763.710000000001,2295.1200000000003,2468.5900000000006,361.96,0,0,,0.07405841230049974,0.25,-0.0,0.050793650793650794,0.024203279571099922,0.019774038532239004,-0.0014814797106945422
1b_narrow,437,-1.0578231292517006,False,96,18,75.0,44.0,17,9,2.2,10,32,1.8,2.2,1.0,0.015,0.5,9.91120799655002,1.3044242133844433,0.9208642092985486,9.810458848260033,78,30,48,38.46153846153846,4246.839999999999,3255.72,991.1199999999994,405.37,0,1,7.918944604850076,1.6162981641023249,1.8547252924217297,4.418393031897868,36,14,22,38.888888888888886,2076.83,1284.9299999999998,791.9000000000001,189.46,0,0,0.34693877551020413,,,,,,,
1b_narrow,438,0.35145223935916536,True,97,18,75.0,44.0,17,6,2.2,10,33,1.8,2.1,1.0,0.015,0.5,20.712187975449943,1.3423827605188638,1.282589835154957,8.202899852549889,126,54,72,42.857142857142854,8120.569999999999,6049.37,2071.199999999999,696.41,0,1,19.20344139480001,1.8498959946890903,2.963212296231377,3.5935562577207856,62,28,34,45.16129032258065,4179.839999999999,2259.5,1920.3399999999992,341.8,0,0,,0.05761032418440002,0.21247399867227257,-0.0,0.049206349206349205,0.020712187975449946,0.017119138025943195,-0.005669758705249569
1b_narrow,439,0.4173479014867949,True,97,18,75.0,44.0,17,6,2.2,10,32,1.8,2.2,1.0,0.015,0.5,24.20327957109992,1.39548077064478,1.4603192479150577,9.909029031150531,125,53,72,42.4,8540.44,6120.070000000001,2420.37,699.7,0,1,24.686137433499916,2.075582104639409,3.6282182908481837,3.5504305640826224,64,30,34,46.875,4763.710000000001,2295.1200000000003,2468.5900000000006,361.96,0,0,,0.07405841230049974,0.25,-0.0,0.050793650793650794,0.024203279571099922,0.019774038532239004,-0.0014814797106945422
1b_narrow,440,0.4154783175004087,True,98,19,75.0,44.0,17,6,2.2,10,32,1.8,2.2,1.0,0.015,0.5,23.844740113949957,1.3876423673541047,1.4410306989924508,9.909029031150531,126,53,73,42.06349206349206,8535.86,6151.340000000001,2384.5199999999995,705.34,0,1,24.686137433499916,2.075582104639409,3.6282182908481837,3.5504305640826224,64,30,34,46.875,4763.710000000001,2295.1200000000003,2468.5900000000006,361.96,0,0,,0.07405841230049974,0.25,-0.0,0.050793650793650794,0.02384474011394996,0.019382118367705238,-0.002600604075397059
1b_narrow,441,0.40899769743230774,True,96,18,75.0,44.0,17,6,2.2,10,32,1.8,2.2,1.0,0.015,0.5,26.010144575099876,1.4233640204957256,1.5511149169284708,9.909029031150531,126,54,72,42.857142857142854,8744.75,6143.72,2601.0299999999997,708.54,0,1,23.32634438834997,2.019270095957212,3.479505392966304,4.4572909550648445,63,29,34,46.03174603174603,4621.14,2288.5200000000004,2332.62,353.2,0,0,,0.06997903316504991,0.25,-0.0,0.05,0.026010144575099876,0.021168201024786282,-0.008159681332628342
1b_narrow,442,0.27940626542779945,True,98,18,75.0,44.0,17,6,2.2,10,37,1.8,2.1,1.0,0.015,0.5,11.563541655849912,1.1889279179192263,0.7276075035160164,11.485459461624057,122,49,73,40.16393442622951,7277.19,6120.8,1156.3899999999994,646.69,0,1,17.44719902070001,1.7522539031004907,2.665832880787009,3.6165619968120977,61,28,33,45.90163934426229,4064.0199999999995,2319.3100000000004,1744.7099999999991,332.63,0,0,,0.05234159706210002,0.18806347577512267,-0.0,0.048412698412698414,0.011563541655849913,0.009446395895961314,-0.03042144337393287
1b_narrow,443,0.3413047742637723,True,97,18,75.0,44.0,17,6,2.2,10,31,1.8,3.0,1.0,0.015,0.5,18.99588476899995,1.3054046058766404,1.0639474272546805,9.820851363678498,112,39,73,34.82142857142857,8119.46,6219.880000000001,1899.579999999999,619.81,0,1,21.470873197599992,1.819899186619314,2.442433587753164,4.96212232064833,59,23,36,38.983050847457626,4765.769999999999,2618.7000000000007,2147.069999999998,329.87,0,0,,0.06441261959279998,0.20497479665482848,-0.0,0.046825396825396826,0.01899588476899995,0.015270230293832022,-0.009174153872084924
1b_narrow,444,0.41127594566659365,True,97,18,75.0,44.0,17,6,2.2,10,32,1.8,2.3000000000000003,1.0,0.015,0.5,22.98221938979981,1.3761512186100102,1.3868698599747595,9.762762281371515,124,51,73,41.12903225806452,8408.05,6109.83,2298.2199999999993,682.26,0,1,25.049518392499976,2.047832179532763,3.5897808219255136,3.5071247862414308,64,29,35,45.3125,4895.65,2390.65,2504.9999999999995,365.83,0,0,,0.07514855517749992,0.25,-0.0,0.050793650793650794,0.022982219389799812,0.01880756093050051,-0.006456040624857392
1b_narrow,445,0.3751025833458952,True,95,18,75.0,44.0,17,6,2.2,10,32,1.8,2.3000000000000003,1.0,0.015,0.5,24.660593833899945,1.403803108180465,1.463455694126063,9.761866232941665,125,52,73,41.6,8573.18,6107.110000000001,2466.0699999999997,686.49,0,1,22.55471714139998,1.8580640497911423,3.248867189902225,4.457086051409137,69,29,40,42.028985507246375,4884.070000000001,2628.58,2255.4900000000007,389.78,0,0,,0.06766415142419993,0.21451601244778556,-0.0,0.05476190476190477,0.024660593833899947,0.020190155409023247,-0.006690234530918244
1b_narrow,446,0.40899769743230774,True,96,16,75.0,44.0,17,6,2.2,10,32,1.8,2.2,1.0,0.015,0.5,26.010144575099876,1.4233640204957256,1.5511149169284708,9.909029031150531,126,54,72,42.857142857142854,8744.75,6143.72,2601.0299999999997,708.54,0,1,23.32634438834997,2.019270095957212,3.479505392966304,4.4572909550648445,63,29,34,46.03174603174603,4621.14,2288.5200000000004,2332.62,353.2,0,0,,0.06997903316504991,0.25,-0.0,0.05,0.026010144575099876,0.021168201024786282,-0.008159681332628342
1b_narrow,447,0.4154783175004087,True,98,18,75.0,44.0,17,6,2.2,10,32,1.8,2.2,1.0,0.015,0.5,23.844740113949957,1.3876423673541047,1.4410306989924508,9.909029031150531,126,53,73,42.06349206349206,8535.86,6151.340000000001,2384.5199999999995,705.34,0,1,24.686137433499916,2.075582104639409,3.6282182908481837,3.5504305640826224,64,30,34,46.875,4763.710000000001,2295.1200000000003,2468.5900000000006,361.96,0,0,,0.07405841230049974,0.25,-0.0,0.050793650793650794,0.02384474011394996,0.019382118367705238,-0.002600604075397059
1b_narrow,448,-1.0175736961451247,False,97,18,75.0,44.0,17,8,2.2,10,32,1.8,2.2,1.0,0.015,0.5,9.74968655474997,1.25549752215126,0.8668796682886739,8.294029591530897,90,35,55,38.888888888888886,4790.74,3815.81,974.9299999999998,474.51,0,1,9.232836049150082,1.6349151773127675,2.0064419654205223,3.511411844507207,41,17,24,41.46341463414634,2377.5099999999998,1454.21,923.2999999999997,216.31,0,0,0.1054421768707483,,,,,,,
1b_narrow,449,0.36380812052338146,True,112,18,75.0,44.0,17,6,2.2,10,32,1.8,2.1,1.0,0.015,0.5,14.251265469599893,1.2499671118984765,0.9620390388886797,8.894555624989769,123,49,74,39.83739837398374,7126.25,5701.150000000001,1425.0999999999995,657.13,0,1,28.447219177800033,2.348895653740742,4.134968032595093,3.173861758859639,65,32,33,49.23076923076923,4953.68,2108.9399999999996,2844.7400000000007,376.04,0,0,,0.08534165753340009,0.25,-0.0,0.0515873015873016,0.014251265469599895,0.012498355594923828,-0.04987045966184395
1b_narrow,450,0.40899769743230774,True,96,18,75.0,44.0,17,6,2.2,10,32,1.8,2.2,1.0,0.015,0.5,26.010144575099876,1.4233640204957256,1.5511149169284708,9.909029031150531,126,54,72,42.857142857142854,8744.75,6143.72,2601.0299999999997,708.54,0,1,23.32634438834997,2.019270095957212,3.479505392966304,4.4572909550648445,63,29,34,46.03174603174603,4621.14,2288.5200000000004,2332.62,353.2,0,0,,0.06997903316504991,0.25,-0.0,0.05,0.026010144575099876,0.021168201024786282,-0.008159681332628342
1b_narrow,451,0.271482749040996,True,97,18,75.0,44.0,17,6,2.2,10,32,1.8,1.7000000000000002,1.0,0.015,0.5,11.470466642449937,1.2058846230477478,0.814271559796121,10.174315676085033,127,57,70,44.881889763779526,6718.139999999999,5571.13,1147.0099999999993,676.08,0,1,15.026792550899973,1.6895558002936857,2.691538718618886,3.592240083782748,66,32,34,48.484848484848484,3681.88,2179.2000000000003,1502.6799999999998,357.45,0,0,,0.04508037765269992,0.17238895007342142,-0.0,0.05238095238095239,0.011470466642449937,0.01029423115238739,-0.02013222886091504
1b_narrow,452,0.4154783175004087,True,98,18,75.0,44.0,17,6,2.2,10,32,1.8,2.2,1.0,0.015,0.5,23.844740113949957,1.3876423673541047,1.4410306989924508,9.909029031150531,126,53,73,42.06349206349206,8535.86,6151.340000000001,2384.5199999999995,705.34,0,1,24.686137433499916,2.075582104639409,3.6282182908481837,3.5504305640826224,64,30,34,46.875,4763.710000000001,2295.1200000000003,2468.5900000000006,361.96,0,0,,0.07405841230049974,0.25,-0.0,0.050793650793650794,0.02384474011394996,0.019382118367705238,-0.002600604075397059
1b_narrow,453,0.4173479014867949,True,97,18,75.0,44.0,17,6,2.2,10,32,1.8,2.2,1.0,0.015,0.5,24.20327957109992,1.39548077064478,1.4603192479150577,9.909029031150531,125,53,72,42.4,8540.44,6120.070000000001,2420.37,699.7,0,1,24.686137433499916,2.075582104639409,3.6282182908481837,3.5504305640826224,64,30,34,46.875,4763.710000000001,2295.1200000000003,2468.5900000000006,361.96,0,0,,0.07405841230049974,0.25,-0.0,0.050793650793650794,0.024203279571099922,0.019774038532239004,-0.0014814797106945422
1b_narrow,454,0.3766524141895685,True,96,17,75.0,44.0,17,6,2.2,10,32,1.8,2.1,1.0,0.015,0.5,25.259244742249976,1.4199146505476892,1.5399086483931048,8.117622257699104,127,56,71,44.09448818897638,8541.169999999998,6015.27,2525.899999999998,710.8,0,1,20.967906693399947,1.9256737964373218,3.2044987181445284,4.457593505333277,63,29,34,46.03174603174603,4361.94,2265.15,2096.7899999999995,349.5,0,0,,0.06290372008019983,0.23141844910933046,-0.0,0.05,0.025259244742249977,0.02099573252738446,-0.013924732269596191
1b_narrow,455,0.31530885099221434,True,97,18,74.0,44.0,17,6,2.3000000000000003,9,31,1.8,2.3000000000000003,1.0,0.015,0.5,18.356354449900028,1.290854152241185,1.1265014389441124,9.037877623132387,131,51,80,38.93129770992366,8146.799999999999,6311.17,1835.6299999999992,708.8,0,1,18.603014620700016,1.6881850499580138,2.7825540008689753,4.07032047623158,70,29,41,41.42857142857143,4563.62,2703.27,1860.35,388.9,0,0,,0.05580904386210004,0.17204626248950344,-0.0,0.05555555555555556,0.01835635444990003,0.014542707612059247,-0.0010010729769039718
1b_narrow,456,0.4154783175004087,True,98,19,75.0,44.0,17,6,2.2,10,32,1.8,2.2,1.0,0.015,0.5,23.844740113949957,1.3876423673541047,1.4410306989924508,9.909029031150531,126,53,73,42.06349206349206,8535.86,6151.340000000001,2384.5199999999995,705.34,0,1,24.686137433499916,2.075582104639409,3.6282182908481837,3.5504305640826224,64,30,34,46.875,4763.710000000001,2295.1200000000003,2468.5900000000006,361.96,0,0,,0.07405841230049974,0.25,-0.0,0.050793650793650794,0.02384474011394996,0.019382118367705238,-0.002600604075397059
1b_narrow,457,0.41791138488935803,True,97,18,75.0,44.0,17,6,2.2,11,32,1.8,2.2,1.0,0.015,0.5,24.539602277649827,1.3951864079233436,1.475148736014083,10.272291040048827,125,53,72,42.4,8663.410000000002,6209.5,2453.9100000000017,700.99,0,1,24.671532667899957,2.053397208452352,3.515439804645138,3.814172394545924,63,30,33,47.61904761904762,4809.200000000001,2342.07,2467.1300000000006,356.38,0,0,,0.07401459800369986,0.25,-0.0,0.05,0.024539602277649827,0.01975932039616718,-0.00040213578815883493
1b_narrow,458,0.41791138488935803,True,97,18,75.0,44.0,17,6,2.2,11,32,1.8,2.2,1.0,0.015,0.5,24.539602277649827,1.3951864079233436,1.475148736014083,10.272291040048827,125,53,72,42.4,8663.410000000002,6209.5,2453.9100000000017,700.99,0,1,24.671532667899957,2.053397208452352,3.515439804645138,3.814172394545924,63,30,33,47.61904761904762,4809.200000000001,2342.07,2467.1300000000006,356.38,0,0,,0.07401459800369986,0.25,-0.0,0.05,0.024539602277649827,0.01975932039616718,-0.00040213578815883493
1b_narrow,459,0.31992723445578425,True,96,18,75.0,44.0,17,6,2.2,11,33,1.8,2.1,1.0,0.015,0.5,22.56831550734989,1.3660204283531787,1.3752125304051728,8.647070138977835,127,55,72,43.30708661417323,8422.8,6165.9400000000005,2256.8599999999988,705.79,0,1,17.923087430449904,1.7795111555690863,2.7371442173773177,4.718834194251703,60,27,33,45.0,4091.6299999999997,2299.2999999999997,1792.33,328.12,0,0,,0.05376926229134971,0.1948777888922716,-0.0,0.047619047619047616,0.02256831550734989,0.018301021417658936,-0.017208201271893486
1b_narrow,460,0.4160750036675647,True,98,18,75.0,44.0,17,6,2.2,11,32,1.8,2.2,1.0,0.015,0.5,24.18365600249985,1.3874935306116236,1.4560296513012574,10.272291040048827,126,53,73,42.06349206349206,8659.25,6240.93,2418.3199999999997,706.67,0,1,24.671532667899957,2.053397208452352,3.515439804645138,3.814172394545924,63,30,33,47.61904761904762,4809.200000000001,2342.07,2467.1300000000006,356.38,0,0,,0.07401459800369986,0.25,-0.0,0.05,0.02418365600249985,0.019374676530581184,-0.0014979268692161488
1b_narrow,461,0.3990347489128753,True,96,18,76.0,44.0,17,6,2.2,11,32,1.8,2.3000000000000003,1.0,0.015,0.5,22.239730607099972,1.3605871346622178,1.3400762587214068,9.833355088937742,125,51,74,40.8,8391.53,6167.58,2223.9500000000007,677.15,0,1,23.63443727995,1.9728657281633324,3.335146833904971,4.718173353234102,62,28,34,45.16129032258065,4792.88,2429.4,2363.48,351.08,0,0,,0.07090331183984999,0.2432164320408331,-0.0,0.049206349206349205,0.022239730607099974,0.01802935673311089,-0.004560431514367846
1b_narrow,462,0.41791138488935803,True,97,18,75.0,44.0,17,6,2.2,11,32,1.8,2.2,1.0,0.015,0.5,24.539602277649827,1.3951864079233436,1.475148736014083,10.272291040048827,125,53,72,42.4,8663.410000000002,6209.5,2453.9100000000017,700.99,0,1,24.671532667899957,2.053397208452352,3.515439804645138,3.814172394545924,63,30,33,47.61904761904762,4809.200000000001,2342.07,2467.1300000000006,356.38,0,0,,0.07401459800369986,0.25,-0.0,0.05,0.024539602277649827,0.01975932039616718,-0.00040213578815883493
1b_narrow,463,0.3968320988956219,True,97,18,75.0,44.0,17,6,2.2,11,32,1.8,2.3000000000000003,1.0,0.015,0.5,20.404883921749953,1.3321196219210283,1.2457516357838077,9.833355088937742,124,50,74,40.32258064516129,8184.13,6143.689999999999,2040.4400000000014,668.52,0,1,25.05007498049992,2.0273379347678984,3.483049494942863,3.7707325919557224,63,29,34,46.03174603174603,4943.4,2438.37,2505.0299999999997,360.06,0,0,,0.07515022494149975,0.25,-0.0,0.05,0.020404883921749953,0.016605981096051416,-0.015328991063679239
1b_narrow,464,0.2136105638429171,True,95,18,75.0,44.0,17,6,2.2,11,32,1.8,1.6,1.0,0.015,0.5,14.082288355899891,1.256373192449203,0.9881890911315344,11.039737531019005,129,61,68,47.286821705426355,6901.17,5492.929999999999,1408.2400000000007,690.94,0,1,11.088331583449982,1.4629241533631687,2.004974932359536,3.956132206049988,70,33,37,47.142857142857146,3504.23,2395.36,1108.87,370.73,0,0,,0.03326499475034994,0.11573103834079218,-0.0,0.05555555555555556,0.014082288355899891,0.012818659622460149,-0.017841972782140617
1b_narrow,465,0.37307670181412744,True,98,18,75.0,44.0,17,6,2.2,14,32,1.8,2.2,1.0,0.015,0.5,16.49533446554993,1.2566322117329316,1.0214215076139948,10.941295201599392,125,49,76,39.2,8077.28,6427.72,1649.5599999999995,668.71,0,1,26.33100479099998,2.063942752548619,3.620168980631335,3.9792095458105026,62,30,32,48.38709677419355,5107.99,2474.87,2633.12,353.63,0,0,,0.07899301437299994,0.25,-0.0,0.049206349206349205,0.01649533446554993,0.01283161058664658,-0.03444960681741822
1b_narrow,466,0.2910177149243411,True,97,18,75.0,44.0,17,7,2.4000000000000004,11,32,1.8,2.1,1.0,0.015,0.5,14.955051347599873,1.241916959987577,1.0588198995871483,7.880756312675937,133,54,79,40.6015037593985,7677.63,6182.08,1495.5500000000002,730.51,0,1,18.208124175850006,1.664479494347169,2.712872700667295,4.1923566465123026,73,32,41,43.83561643835616,4561.04,2740.2200000000003,1820.8199999999997,403.73,0,0,,0.05462437252755002,0.16611987358679225,-0.0,0.057936507936507946,0.014955051347599875,0.01209584799937885,-0.014713938473487854
1b_narrow,467,0.35529554907358335,True,96,18,75.0,44.0,17,6,2.2,11,33,1.8,2.2,1.0,0.015,0.5,23.27168235854986,1.3696720634396167,1.390364789226688,10.416584714768556,126,53,73,42.06349206349206,8622.25,6295.12,2327.13,703.54,0,1,20.107593298249977,1.8661578090405513,2.9784227476056206,4.7187188372115765,60,27,33,45.0,4332.360000000001,2321.5399999999995,2010.820000000001,331.29,0,0,,0.06032277989474993,0.21653945226013782,-0.0,0.047619047619047616,0.023271682358549862,0.018483603171980834,-0.010941016230882715
1b_narrow,468,0.36448445968234555,True,98,18,75.0,44.0,17,6,2.2,11,32,1.9,2.2,1.0,0.015,0.5,20.825947672799995,1.3612650182317778,1.3359638248987589,11.280037626607383,116,49,67,42.241379310344826,7847.2300000000005,5764.66,2082.5700000000006,644.07,0,1,19.758745412849983,1.9001011288162462,2.9475055480694143,3.423896275133072,57,26,31,45.6140350877193,4171.139999999999,2195.22,1975.9199999999996,314.41,0,0,,0.05927623623854994,0.22502528220406154,-0.0,0.045238095238095244,0.020825947672799994,0.01806325091158889,-0.003944352582750055
1b_narrow,469,0.326225962669858,True,97,18,75.0,44.0,17,6,2.2,11,36,1.8,2.3000000000000003,1.0,0.015,0.5,13.245819153400099,1.2102351906698283,0.7984091691958246,13.385355549568015,121,46,75,38.01652892561984,7624.99,6300.42,1324.5699999999997,637.46,0,1,21.63780000090002,1.9040862371521687,3.055588248967731,3.7709292872831717,60,27,33,45.0,4557.240000000001,2393.4,2163.8400000000006,334.35,0,0,,0.06491340000270006,0.22602155928804218,-0.0,0.047619047619047616,0.013245819153400099,0.010511759533491417,-0.0360856229268234
1b_narrow,470,0.39953979418822533,True,97,18,75.0,44.0,17,6,2.2,12,32,1.8,2.2,1.0,0.015,0.5,20.94296002379984,1.3368737342785126,1.279655895257135,10.542803916126173,125,52,73,41.6,8311.09,6216.81,2094.2799999999997,683.71,0,1,24.95339217104991,2.0503066296831003,3.5428512274350457,3.9062762722564157,63,30,33,47.61904761904762,4871.18,2375.83,2495.3500000000004,356.98,0,0,,0.07486017651314973,0.25,-0.0,0.05,0.020942960023799844,0.016843686713925634,-0.013107029062649876
1b_narrow,471,0.40703493700301296,True,96,18,75.0,44.0,17,6,2.2,11,32,1.8,2.2,1.0,0.015,0.5,26.348806227649842,1.4226817354198584,1.56551727075103,10.272291040048827,126,54,72,42.857142857142854,8868.5,6233.65,2634.8500000000004,709.86,0,1,23.311122633749928,1.99835113536108,3.36952873287279,4.718343940867088,62,29,33,46.774193548387096,4666.030000000001,2334.94,2331.0900000000006,347.58,0,0,,0.06993336790124978,0.24958778384027003,-0.0,0.049206349206349205,0.026348806227649842,0.021134086770992922,-0.009175456943498802
1b_narrow,472,0.3947574746096481,True,98,18,75.0,44.0,17,6,2.2,11,32,1.8,2.1,1.0,0.015,0.5,23.47281497799997,1.384107477438411,1.4420053788472196,8.485208500262525,127,55,72,43.30708661417323,8458.350000000002,6111.05,2347.300000000002,708.84,0,1,22.20598104664996,1.9584854841633645,3.266127720640176,3.8570893122142054,63,30,33,47.61904761904762,4537.38,2316.78,2220.6,352.51,0,0,,0.06661794313994987,0.23962137104084114,-0.0,0.05,0.02347281497799997,0.01920537387192055,-0.004160028421063401
1b_narrow,473,0.34431501682671223,True,96,18,75.0,44.0,17,6,2.2,11,31,1.8,2.3000000000000003,1.0,0.015,0.5,21.16606601024996,1.3489936980401598,1.3004943565910485,8.414979619451936,125,50,75,40.0,8181.349999999999,6064.78,2116.5699999999997,673.96,0,1,19.951135542299944,1.804286831517927,2.8765239427050653,4.719006185039481,62,27,35,43.54838709677419,4475.75,2480.62,1995.13,344.72,0,0,,0.05985340662689983,0.20107170787948175,-0.0,0.049206349206349205,0.02116606601024996,0.01744968490200799,-0.004432197798276489
1b_narrow,474,0.41791138488935803,True,97,18,75.0,44.0,17,6,2.2,11,32,1.8,2.2,1.0,0.015,0.5,24.539602277649827,1.3951864079233436,1.475148736014083,10.272291040048827,125,53,72,42.4,8663.410000000002,6209.5,2453.9100000000017,700.99,0,1,24.671532667899957,2.053397208452352,3.515439804645138,3.814172394545924,63,30,33,47.61904761904762,4809.200000000001,2342.07,2467.1300000000006,356.38,0,0,,0.07401459800369986,0.25,-0.0,0.05,0.024539602277649827,0.01975932039616718,-0.00040213578815883493
1b_narrow,475,0.3947574746096481,True,98,18,75.0,44.0,17,6,2.2,11,32,1.8,2.1,1.0,0.015,0.5,23.47281497799997,1.384107477438411,1.4420053788472196,8.485208500262525,127,55,72,43.30708661417323,8458.350000000002,6111.05,2347.300000000002,708.84,0,1,22.20598104664996,1.9584854841633645,3.266127720640176,3.8570893122142054,63,30,33,47.61904761904762,4537.38,2316.78,2220.6,352.51,0,0,,0.06661794313994987,0.23962137104084114,-0.0,0.05,0.02347281497799997,0.01920537387192055,-0.004160028421063401
1b_narrow,476,0.41791138488935803,True,97,18,75.0,44.0,17,6,2.2,11,32,1.8,2.2,1.0,0.015,0.5,24.539602277649827,1.3951864079233436,1.475148736014083,10.272291040048827,125,53,72,42.4,8663.410000000002,6209.5,2453.9100000000017,700.99,0,1,24.671532667899957,2.053397208452352,3.515439804645138,3.814172394545924,63,30,33,47.61904761904762,4809.200000000001,2342.07,2467.1300000000006,356.38,0,0,,0.07401459800369986,0.25,-0.0,0.05,0.024539602277649827,0.01975932039616718,-0.00040213578815883493
1b_narrow,477,0.41791138488935803,True,97,18,75.0,44.0,17,6,2.2,11,32,1.8,2.2,1.0,0.015,0.5,24.539602277649827,1.3951864079233436,1.475148736014083,10.272291040048827,125,53,72,42.4,8663.410000000002,6209.5,2453.9100000000017,700.99,0,1,24.671532667899957,2.053397208452352,3.515439804645138,3.814172394545924,63,30,33,47.61904761904762,4809.200000000001,2342.07,2467.1300000000006,356.38,0,0,,0.07401459800369986,0.25,-0.0,0.05,0.024539602277649827,0.01975932039616718,-0.00040213578815883493
1b_narrow,478,0.4160750036675647,True,98,18,75.0,44.0,17,6,2.2,11,32,1.8,2.2,1.0,0.015,0.5,24.18365600249985,1.3874935306116236,1.4560296513012574,10.272291040048827,126,53,73,42.06349206349206,8659.25,6240.93,2418.3199999999997,706.67,0,1,24.671532667899957,2.053397208452352,3.515439804645138,3.814172394545924,63,30,33,47.61904761904762,4809.200000000001,2342.07,2467.1300000000006,356.38,0,0,,0.07401459800369986,0.25,-0.0,0.05,0.02418365600249985,0.019374676530581184,-0.0014979268692161488
1b_narrow,479,0.328037629241673,True,97,18,75.0,44.0,17,6,2.1,11,32,1.8,2.2,1.0,0.015,0.5,17.08901238914992,1.3014310433934406,1.1467397781455981,8.111411247313372,119,48,71,40.33613445378151,7378.189999999999,5669.29,1708.8999999999987,649.17,0,1,17.3344730134,1.7956459674939296,2.736574984083203,3.813951505122135,58,26,32,44.827586206896555,3912.1199999999994,2178.67,1733.4499999999994,316.57,0,0,,0.0520034190402,0.1989114918734824,-0.0,0.046031746031746035,0.01708901238914992,0.015071552169672032,-0.0010695922625773516
1b_narrow,480,0.3968320988956219,True,97,18,75.0,44.0,17,6,2.2,11,32,1.8,2.3000000000000003,1.0,0.015,0.5,20.404883921749953,1.3321196219210283,1.2457516357838077,9.833355088937742,124,50,74,40.32258064516129,8184.13,6143.689999999999,2040.4400000000014,668.52,0,1,25.05007498049992,2.0273379347678984,3.483049494942863,3.7707325919557224,63,29,34,46.03174603174603,4943.4,2438.37,2505.0299999999997,360.06,0,0,,0.07515022494149975,0.25,-0.0,0.05,0.020404883921749953,0.016605981096051416,-0.015328991063679239
1b_narrow,481,0.3649231425588345,True,95,18,75.0,44.0,17,6,2.2,11,32,1.8,2.2,1.0,0.015,0.5,26.15230654929979,1.4213595205104241,1.547237154574026,10.271043173457253,126,54,72,42.857142857142854,8821.81,6206.6,2615.209999999999,705.24,0,1,21.930242696250023,1.8444607031460587,3.14412180854565,4.718584479903085,68,30,38,44.11764705882353,4789.880000000001,2596.9000000000005,2192.9800000000005,379.69,0,0,,0.06579072808875007,0.21111517578651467,-0.0,0.05396825396825397,0.026152306549299793,0.02106797602552121,-0.013171297859505231
1b_narrow,482,0.36999679741623837,True,96,18,75.0,44.0,17,6,2.2,11,32,1.8,2.1,1.0,0.015,0.5,25.545984158099927,1.418607928475918,1.549473213597897,8.485208500262525,127,56,71,44.09448818897638,8657.14,6102.56,2554.579999999999,711.97,0,1,20.929077074799952,1.905712307426,3.121152819330579,4.718166586876315,62,29,33,46.774193548387096,4403.72,2310.7999999999997,2092.9200000000005,343.94,0,0,,0.06278723122439984,0.22642807685650002,-0.0,0.049206349206349205,0.02554598415809993,0.020930396423795905,-0.014901240452906538
1b_narrow,483,0.4160750036675647,True,98,18,75.0,44.0,17,6,2.2,11,32,1.8,2.2,1.0,0.015,0.5,24.18365600249985,1.3874935306116236,1.4560296513012574,10.272291040048827,126,53,73,42.06349206349206,8659.25,6240.93,2418.3199999999997,706.67,0,1,24.671532667899957,2.053397208452352,3.515439804645138,3.814172394545924,63,30,33,47.61904761904762,4809.200000000001,2342.07,2467.1300000000006,356.38,0,0,,0.07401459800369986,0.25,-0.0,0.05,0.02418365600249985,0.019374676530581184,-0.0014979268692161488
1b_narrow,484,0.38132454395404397,True,97,18,75.0,44.0,17,6,2.2,11,33,1.8,2.2,1.0,0.015,0.5,21.499870454499778,1.3427854858305406,1.3003492003665162,10.416584714768556,125,52,73,41.6,8421.87,6271.94,2149.930000000001,694.98,0,1,21.43330422400002,1.9208214293386032,3.1286778479171464,3.813850083800739,61,28,33,45.90163934426229,4471.0,2327.65,2143.35,339.73,0,0,,0.06429991267200007,0.2302053573346508,-0.0,0.048412698412698414,0.02149987045449978,0.01713927429152703,-0.00023256921133213323
1b_narrow,485,0.40703493700301296,True,96,18,75.0,44.0,17,6,2.2,11,32,1.8,2.2,1.0,0.015,0.5,26.348806227649842,1.4226817354198584,1.56551727075103,10.272291040048827,126,54,72,42.857142857142854,8868.5,6233.65,2634.8500000000004,709.86,0,1,23.311122633749928,1.99835113536108,3.36952873287279,4.718343940867088,62,29,33,46.774193548387096,4666.030000000001,2334.94,2331.0900000000006,347.58,0,0,,0.06993336790124978,0.24958778384027003,-0.0,0.049206349206349205,0.026348806227649842,0.021134086770992922,-0.009175456943498802
1b_narrow,486,0.3272253649601252,True,97,18,74.0,44.0,17,6,2.3000000000000003,11,32,1.8,2.3000000000000003,1.0,0.015,0.5,15.956405661950013,1.2435847527101358,0.9747470038870155,10.607625772132605,131,51,80,38.93129770992366,8145.99,6550.41,1595.58,692.75,0,1,21.923922482400013,1.815095027065612,3.0747206758278103,3.770655371341992,67,29,38,43.28358208955224,4882.17,2689.7599999999998,2192.4100000000003,377.55,0,0,,0.06577176744720004,0.20377375676640302,-0.0,0.05317460317460318,0.015956405661950012,0.01217923763550679,-0.02363040572553781
1b_narrow,487,0.3947574746096481,True,98,18,75.0,44.0,17,6,2.2,11,32,1.8,2.1,1.0,0.015,0.5,23.47281497799997,1.384107477438411,1.4420053788472196,8.485208500262525,127,55,72,43.30708661417323,8458.350000000002,6111.05,2347.300000000002,708.84,0,1,22.20598104664996,1.9584854841633645,3.266127720640176,3.8570893122142054,63,30,33,47.61904761904762,4537.38,2316.78,2220.6,352.51,0,0,,0.06661794313994987,0.23962137104084114,-0.0,0.05,0.02347281497799997,0.01920537387192055,-0.004160028421063401
1b_narrow,488,0.37239526548855373,True,111,18,76.0,44.0,17,6,2.2,11,31,1.8,2.2,1.0,0.015,0.5,15.71589228239991,1.275737074440834,1.0228734516728037,8.335175392150562,122,45,77,36.885245901639344,7271.139999999999,5699.5599999999995,1571.58,659.09,0,1,26.827897210100016,2.1935943123829356,3.8144742962746667,3.217546506101162,65,30,35,46.15384615384615,4930.52,2247.69,2682.8300000000004,371.65,0,0,,0.08048369163030004,0.25,-0.0,0.0515873015873016,0.01571589228239991,0.013786853722041704,-0.03917847373348952
1b_narrow,489,0.2965058433294941,True,96,18,75.0,44.0,18,6,2.1,11,32,1.8,2.2,1.0,0.015,0.5,21.419526185199995,1.3702346484594445,1.3802643934755707,8.111114698661648,120,50,70,41.666666666666664,7927.15,5785.249999999999,2141.9000000000005,671.8,0,1,16.054568966199987,1.7385897842858522,2.5751995283809,4.718069203531258,57,25,32,43.85964912280702,3779.19,2173.71,1605.48,308.4,0,0,,0.04816370689859996,0.18464744607146305,-0.0,0.045238095238095244,0.021419526185199995,0.018511732422972226,-0.02147466348683637
1b_narrow,490,0.40703493700301296,True,96,18,75.0,44.0,17,6,2.2,11,32,1.8,2.2,1.0,0.015,0.5,26.348806227649842,1.4226817354198584,1.56551727075103,10.272291040048827,126,54,72,42.857142857142854,8868.5,6233.65,2634.8500000000004,709.86,0,1,23.311122633749928,1.99835113536108,3.36952873287279,4.718343940867088,62,29,33,46.774193548387096,4666.030000000001,2334.94,2331.0900000000006,347.58,0,0,,0.06993336790124978,0.24958778384027003,-0.0,0.049206349206349205,0.026348806227649842,0.021134086770992922,-0.009175456943498802
1b_narrow,491,0.38583549935945316,True,97,18,75.0,44.0,17,6,2.2,12,32,1.8,2.1,1.0,0.015,0.5,20.331284026049797,1.3336215935924172,1.2673749696859784,8.766833783373032,126,54,72,42.857142857142854,8127.129999999999,6094.030000000001,2033.0999999999985,686.33,0,1,22.455288128799967,1.9556141881396685,3.2652581597581265,3.9489431459384052,63,30,33,47.61904761904762,4595.4,2349.85,2245.5499999999997,353.15,0,0,,0.0673658643863999,0.23890354703491712,-0.0,0.05,0.0203312840260498,0.016681079679620858,-0.007446275767534532
1b_narrow,492,0.3948521547583578,True,98,18,75.0,44.0,17,6,2.2,11,32,1.8,2.3000000000000003,1.0,0.015,0.5,20.057964748699998,1.3248895324729175,1.2267977637505274,9.833355088937742,125,50,75,40.0,8179.55,6173.760000000001,2005.789999999999,673.99,0,1,25.05007498049992,2.0273379347678984,3.483049494942863,3.7707325919557224,63,29,34,46.03174603174603,4943.4,2438.37,2505.0299999999997,360.06,0,0,,0.07515022494149975,0.25,-0.0,0.05,0.0200579647487,0.016244476623645875,-0.016600511555487855
1b_narrow,493,0.41791138488935803,True,97,18,75.0,44.0,17,6,2.2,11,32,1.8,2.2,1.0,0.015,0.5,24.539602277649827,1.3951864079233436,1.475148736014083,10.272291040048827,125,53,72,42.4,8663.410000000002,6209.5,2453.9100000000017,700.99,0,1,24.671532667899957,2.053397208452352,3.515439804645138,3.814172394545924,63,30,33,47.61904761904762,4809.200000000001,2342.07,2467.1300000000006,356.38,0,0,,0.07401459800369986,0.25,-0.0,0.05,0.024539602277649827,0.01975932039616718,-0.00040213578815883493
1b_narrow,494,0.41791138488935803,True,97,18,75.0,44.0,17,6,2.2,11,32,1.8,2.2,1.0,0.015,0.5,24.539602277649827,1.3951864079233436,1.475148736014083,10.272291040048827,125,53,72,42.4,8663.410000000002,6209.5,2453.9100000000017,700.99,0,1,24.671532667899957,2.053397208452352,3.515439804645138,3.814172394545924,63,30,33,47.61904761904762,4809.200000000001,2342.07,2467.1300000000006,356.38,0,0,,0.07401459800369986,0.25,-0.0,0.05,0.024539602277649827,0.01975932039616718,-0.00040213578815883493
1b_narrow,495,0.40703493700301296,True,96,18,75.0,44.0,17,6,2.2,11,32,1.8,2.2,1.0,0.015,0.5,26.348806227649842,1.4226817354198584,1.56551727075103,10.272291040048827,126,54,72,42.857142857142854,8868.5,6233.65,2634.8500000000004,709.86,0,1,23.311122633749928,1.99835113536108,3.36952873287279,4.718343940867088,62,29,33,46.774193548387096,4666.030000000001,2334.94,2331.0900000000006,347.58,0,0,,0.06993336790124978,0.24958778384027003,-0.0,0.049206349206349205,0.026348806227649842,0.021134086770992922,-0.009175456943498802
1b_narrow,496,0.3943772807076868,True,97,18,75.0,44.0,17,6,2.2,11,32,1.8,2.1,1.0,0.015,0.5,23.828597903899936,1.391930721975049,1.4615491002118106,8.485208500262525,126,55,71,43.65079365079365,8462.730000000001,6079.849999999999,2382.880000000002,703.19,0,1,22.20598104664996,1.9584854841633645,3.266127720640176,3.8570893122142054,63,30,33,47.61904761904762,4537.38,2316.78,2220.6,352.51,0,0,,0.06661794313994987,0.23962137104084114,-0.0,0.05,0.023828597903899938,0.01959653609875245,-0.005287167475756592
1b_narrow,497,0.3968320988956219,True,97,18,75.0,44.0,17,6,2.2,11,32,1.8,2.3000000000000003,1.0,0.015,0.5,20.404883921749953,1.3321196219210283,1.2457516357838077,9.833355088937742,124,50,74,40.32258064516129,8184.13,6143.689999999999,2040.4400000000014,668.52,0,1,25.05007498049992,2.0273379347678984,3.483049494942863,3.7707325919557224,63,29,34,46.03174603174603,4943.4,2438.37,2505.0299999999997,360.06,0,0,,0.07515022494149975,0.25,-0.0,0.05,0.020404883921749953,0.016605981096051416,-0.015328991063679239
1b_narrow,498,0.4160750036675647,True,98,18,75.0,44.0,17,6,2.2,11,32,1.8,2.2,1.0,0.015,0.5,24.18365600249985,1.3874935306116236,1.4560296513012574,10.272291040048827,126,53,73,42.06349206349206,8659.25,6240.93,2418.3199999999997,706.67,0,1,24.671532667899957,2.053397208452352,3.515439804645138,3.814172394545924,63,30,33,47.61904761904762,4809.200000000001,2342.07,2467.1300000000006,356.38,0,0,,0.07401459800369986,0.25,-0.0,0.05,0.02418365600249985,0.019374676530581184,-0.0014979268692161488
1b_narrow,499,0.36817494240437787,True,98,18,75.0,44.0,17,6,2.2,11,31,1.8,2.2,1.0,0.015,0.5,23.178080942999912,1.3778258119624682,1.42220307205498,8.859161509728528,126,52,74,41.26984126984127,8452.300000000001,6134.52,2317.7800000000007,703.4399999999999,0,1,21.07595891079991,1.8800115241045852,3.065172656537183,3.8140549281969145,63,29,34,46.03174603174603,4502.589999999999,2394.98,2107.609999999999,349.94,0,0,,0.06322787673239973,0.2200028810261463,-0.0,0.05,0.023178080942999914,0.018891290598123413,-0.007125186895291461
1b_narrow,500,0.31024438514557706,True,97,18,75.0,44.0,17,5,2.2,11,32,1.8,2.2,1.0,0.015,0.5,18.156406422749896,1.2565187906188189,1.0275347898042855,11.318688127639152,139,56,83,40.28776978417266,8893.64,7078.0,1815.6399999999994,747.05,0,1,22.113570811550016,1.6630257820206464,2.8736271593290126,6.140462881264124,78,33,45,42.30769230769231,5546.64,3335.2699999999995,2211.370000000001,441.79,0,0,,0.06634071243465005,0.1657564455051616,-0.0,0.06190476190476191,0.018156406422749898,0.012825939530940945,-0.014739880652687365
1b_narrow,501,0.36999679741623837,True,96,18,77.0,44.0,17,6,2.2,11,32,1.8,2.1,1.0,0.015,0.5,25.545984158099927,1.418607928475918,1.549473213597897,8.485208500262525,127,56,71,44.09448818897638,8657.14,6102.56,2554.579999999999,711.97,0,1,20.929077074799952,1.905712307426,3.121152819330579,4.718166586876315,62,29,33,46.774193548387096,4403.72,2310.7999999999997,2092.9200000000005,343.94,0,0,,0.06278723122439984,0.22642807685650002,-0.0,0.049206349206349205,0.02554598415809993,0.020930396423795905,-0.014901240452906538
1b_narrow,502,0.3968320988956219,True,97,18,75.0,44.0,17,6,2.2,11,32,1.8,2.3000000000000003,1.0,0.015,0.5,20.404883921749953,1.3321196219210283,1.2457516357838077,9.833355088937742,124,50,74,40.32258064516129,8184.13,6143.689999999999,2040.4400000000014,668.52,0,1,25.05007498049992,2.0273379347678984,3.483049494942863,3.7707325919557224,63,29,34,46.03174603174603,4943.4,2438.37,2505.0299999999997,360.06,0,0,,0.07515022494149975,0.25,-0.0,0.05,0.020404883921749953,0.016605981096051416,-0.015328991063679239
1b_narrow,503,0.35529554907358335,True,96,18,75.0,44.0,17,6,2.2,11,33,1.8,2.2,1.0,0.015,0.5,23.27168235854986,1.3696720634396167,1.390364789226688,10.416584714768556,126,53,73,42.06349206349206,8622.25,6295.12,2327.13,703.54,0,1,20.107593298249977,1.8661578090405513,2.9784227476056206,4.7187188372115765,60,27,33,45.0,4332.360000000001,2321.5399999999995,2010.820000000001,331.29,0,0,,0.06032277989474993,0.21653945226013782,-0.0,0.047619047619047616,0.023271682358549862,0.018483603171980834,-0.010941016230882715
1b_narrow,504,0.4160750036675647,True,98,18,75.0,44.0,17,6,2.2,11,32,1.8,2.2,1.0,0.015,0.5,24.18365600249985,1.3874935306116236,1.4560296513012574,10.272291040048827,126,53,73,42.06349206349206,8659.25,6240.93,2418.3199999999997,706.67,0,1,24.671532667899957,2.053397208452352,3.515439804645138,3.814172394545924,63,30,33,47.61904761904762,4809.200000000001,2342.07,2467.1300000000006,356.38,0,0,,0.07401459800369986,0.25,-0.0,0.05,0.02418365600249985,0.019374676530581184,-0.0014979268692161488
1b_narrow,505,0.41791138488935803,True,97,18,75.0,44.0,17,6,2.2,11,32,1.8,2.2,1.0,0.015,0.5,24.539602277649827,1.3951864079233436,1.475148736014083,10.272291040048827,125,53,72,42.4,8663.410000000002,6209.5,2453.9100000000017,700.99,0,1,24.671532667899957,2.053397208452352,3.515439804645138,3.814172394545924,63,30,33,47.61904761904762,4809.200000000001,2342.07,2467.1300000000006,356.38,0,0,,0.07401459800369986,0.25,-0.0,0.05,0.024539602277649827,0.01975932039616718,-0.00040213578815883493
1b_narrow,506,0.41791138488935803,True,97,18,75.0,44.0,17,6,2.2,11,32,1.8,2.2,1.0,0.015,0.5,24.539602277649827,1.3951864079233436,1.475148736014083,10.272291040048827,125,53,72,42.4,8663.410000000002,6209.5,2453.9100000000017,700.99,0,1,24.671532667899957,2.053397208452352,3.515439804645138,3.814172394545924,63,30,33,47.61904761904762,4809.200000000001,2342.07,2467.1300000000006,356.38,0,0,,0.07401459800369986,0.25,-0.0,0.05,0.024539602277649827,0.01975932039616718,-0.00040213578815883493
1b_narrow,507,0.36999679741623837,True,96,18,75.0,44.0,17,6,2.2,11,32,1.8,2.1,1.0,0.015,0.5,25.545984158099927,1.418607928475918,1.549473213597897,8.485208500262525,127,56,71,44.09448818897638,8657.14,6102.56,2554.579999999999,711.97,0,1,20.929077074799952,1.905712307426,3.121152819330579,4.718166586876315,62,29,33,46.774193548387096,4403.72,2310.7999999999997,2092.9200000000005,343.94,0,0,,0.06278723122439984,0.22642807685650002,-0.0,0.049206349206349205,0.02554598415809993,0.020930396423795905,-0.014901240452906538
1b_narrow,508,0.4160750036675647,True,98,18,75.0,44.0,17,6,2.2,11,32,1.8,2.2,1.0,0.015,0.5,24.18365600249985,1.3874935306116236,1.4560296513012574,10.272291040048827,126,53,73,42.06349206349206,8659.25,6240.93,2418.3199999999997,706.67,0,1,24.671532667899957,2.053397208452352,3.515439804645138,3.814172394545924,63,30,33,47.61904761904762,4809.200000000001,2342.07,2467.1300000000006,356.38,0,0,,0.07401459800369986,0.25,-0.0,0.05,0.02418365600249985,0.019374676530581184,-0.0014979268692161488
1b_narrow,509,0.3649231425588345,True,95,18,75.0,44.0,17,6,2.2,11,32,1.8,2.2,1.0,0.015,0.5,26.15230654929979,1.4213595205104241,1.547237154574026,10.271043173457253,126,54,72,42.857142857142854,8821.81,6206.6,2615.209999999999,705.24,0,1,21.930242696250023,1.8444607031460587,3.14412180854565,4.718584479903085,68,30,38,44.11764705882353,4789.880000000001,2596.9000000000005,2192.9800000000005,379.69,0,0,,0.06579072808875007,0.21111517578651467,-0.0,0.05396825396825397,0.026152306549299793,0.02106797602552121,-0.013171297859505231
1b_narrow,510,0.3968320988956219,True,97,18,75.0,40.0,17,6,2.2,11,32,1.8,2.3000000000000003,1.0,0.015,0.5,20.404883921749953,1.3321196219210283,1.2457516357838077,9.833355088937742,124,50,74,40.32258064516129,8184.13,6143.689999999999,2040.4400000000014,668.52,0,2,25.05007498049992,2.0273379347678984,3.483049494942863,3.7707325919557224,63,29,34,46.03174603174603,4943.4,2438.37,2505.0299999999997,360.06,0,0,,0.07515022494149975,0.25,-0.0,0.05,0.020404883921749953,0.016605981096051416,-0.015328991063679239
1b_narrow,511,0.3943772807076868,True,97,18,76.0,44.0,17,6,2.2,11,32,1.8,2.1,1.0,0.015,0.5,23.828597903899936,1.391930721975049,1.4615491002118106,8.485208500262525,126,55,71,43.65079365079365,8462.730000000001,6079.849999999999,2382.880000000002,703.19,0,1,22.20598104664996,1.9584854841633645,3.266127720640176,3.8570893122142054,63,30,33,47.61904761904762,4537.38,2316.78,2220.6,352.51,0,0,,0.06661794313994987,0.23962137104084114,-0.0,0.05,0.023828597903899938,0.01959653609875245,-0.005287167475756592
1b_narrow,512,0.3807495471504634,True,106,18,75.0,44.0,17,6,2.2,11,32,1.8,2.2,1.0,0.015,0.5,16.893494727899817,1.2788679475772038,1.1147135066037555,9.336994479982513,127,51,76,40.15748031496063,7746.96,6057.67,1689.29,684.83,0,1,27.673555858299988,2.141073534383943,3.8133068058305732,3.7594024385465525,67,31,36,46.26865671641791,5192.660000000002,2425.26,2767.4000000000015,385.7,0,0,,0.08302066757489995,0.25,-0.0,0.05317460317460318,0.016893494727899815,0.01394339737886019,-0.03628261570579976
1b_narrow,513,0.3990347489128753,True,96,18,75.0,44.0,17,6,2.2,11,32,1.8,2.3000000000000003,1.0,0.015,0.5,22.239730607099972,1.3605871346622178,1.3400762587214068,9.833355088937742,125,51,74,40.8,8391.53,6167.58,2223.9500000000007,677.15,0,1,23.63443727995,1.9728657281633324,3.335146833904971,4.718173353234102,62,28,34,45.16129032258065,4792.88,2429.4,2363.48,351.08,0,0,,0.07090331183984999,0.2432164320408331,-0.0,0.049206349206349205,0.022239730607099974,0.01802935673311089,-0.004560431514367846
1b_narrow,514,0.4160750036675647,True,98,18,75.0,44.0,17,6,2.2,11,32,1.8,2.2,1.0,0.015,0.5,24.18365600249985,1.3874935306116236,1.4560296513012574,10.272291040048827,126,53,73,42.06349206349206,8659.25,6240.93,2418.3199999999997,706.67,0,1,24.671532667899957,2.053397208452352,3.515439804645138,3.814172394545924,63,30,33,47.61904761904762,4809.200000000001,2342.07,2467.1300000000006,356.38,0,0,,0.07401459800369986,0.25,-0.0,0.05,0.02418365600249985,0.019374676530581184,-0.0014979268692161488
1b_narrow,515,0.41791138488935803,True,97,18,75.0,44.0,17,6,2.2,11,32,1.8,2.2,1.0,0.015,0.5,24.539602277649827,1.3951864079233436,1.475148736014083,10.272291040048827,125,53,72,42.4,8663.410000000002,6209.5,2453.9100000000017,700.99,0,1,24.671532667899957,2.053397208452352,3.515439804645138,3.814172394545924,63,30,33,47.61904761904762,4809.200000000001,2342.07,2467.1300000000006,356.38,0,0,,0.07401459800369986,0.25,-0.0,0.05,0.024539602277649827,0.01975932039616718,-0.00040213578815883493
1b_narrow,516,0.3968320988956219,True,97,18,75.0,44.0,17,6,2.2,11,32,1.8,2.3000000000000003,1.0,0.015,0.5,20.404883921749953,1.3321196219210283,1.2457516357838077,9.833355088937742,124,50,74,40.32258064516129,8184.13,6143.689999999999,2040.4400000000014,668.52,0,1,25.05007498049992,2.0273379347678984,3.483049494942863,3.7707325919557224,63,29,34,46.03174603174603,4943.4,2438.37,2505.0299999999997,360.06,0,0,,0.07515022494149975,0.25,-0.0,0.05,0.020404883921749953,0.016605981096051416,-0.015328991063679239
1b_narrow,517,0.36817494240437787,True,98,18,75.0,44.0,17,6,2.2,11,31,1.8,2.2,1.0,0.015,0.5,23.178080942999912,1.3778258119624682,1.42220307205498,8.859161509728528,126,52,74,41.26984126984127,8452.300000000001,6134.52,2317.7800000000007,703.4399999999999,0,1,21.07595891079991,1.8800115241045852,3.065172656537183,3.8140549281969145,63,29,34,46.03174603174603,4502.589999999999,2394.98,2107.609999999999,349.94,0,0,,0.06322787673239973,0.2200028810261463,-0.0,0.05,0.023178080942999914,0.018891290598123413,-0.007125186895291461
1b_narrow,518,-1.08843537414966,False,97,18,75.0,44.0,17,8,2.2,11,33,2.0,2.2,1.0,0.015,0.5,4.736601245149923,1.1393785844390105,0.4910768166520122,10.34381926164261,74,28,46,37.83783783783784,3872.03,3398.37,473.6600000000003,390.39,0,0,5.377305869349984,1.448208317009944,1.3784565495894554,7.264382050842457,30,11,19,36.666666666666664,1737.43,1199.71,537.72,158.64,0,0,0.5306122448979592,,,,,,,
1b_narrow,519,0.2917650023973335,True,97,18,75.0,44.0,17,6,2.1,11,32,1.8,2.1,1.0,0.015,0.5,18.458280426449946,1.335731759441984,1.2514027976559476,5.976579252314483,119,50,69,42.016806722689076,7343.92,5498.05,1845.87,648.33,0,1,15.377258002750004,1.7120617162755374,2.4851564382528295,3.857616095094058,58,26,32,44.827586206896555,3697.3,2159.5600000000004,1537.7399999999998,313.78,0,0,,0.04613177400825001,0.17801542906888435,-0.0,0.046031746031746035,0.01845828042644995,0.0167865879720992,-0.013658815110096032
1b_narrow,520,0.40703493700301296,True,96,18,75.0,44.0,17,6,2.2,11,32,1.8,2.2,1.0,0.015,0.5,26.348806227649842,1.4226817354198584,1.56551727075103,10.272291040048827,126,54,72,42.857142857142854,8868.5,6233.65,2634.8500000000004,709.86,0,1,23.311122633749928,1.99835113536108,3.36952873287279,4.718343940867088,62,29,33,46.774193548387096,4666.030000000001,2334.94,2331.0900000000006,347.58,0,0,,0.06993336790124978,0.24958778384027003,-0.0,0.049206349206349205,0.026348806227649842,0.021134086770992922,-0.009175456943498802
1b_narrow,521,0.4160750036675647,True,98,18,75.0,44.0,17,6,2.2,11,32,1.8,2.2,1.0,0.015,0.5,24.18365600249985,1.3874935306116236,1.4560296513012574,10.272291040048827,126,53,73,42.06349206349206,8659.25,6240.93,2418.3199999999997,706.67,0,1,24.671532667899957,2.053397208452352,3.515439804645138,3.814172394545924,63,30,33,47.61904761904762,4809.200000000001,2342.07,2467.1300000000006,356.38,0,0,,0.07401459800369986,0.25,-0.0,0.05,0.02418365600249985,0.019374676530581184,-0.0014979268692161488
1b_narrow,522,0.41791138488935803,True,97,18,75.0,44.0,17,6,2.2,11,32,1.8,2.2,1.0,0.015,0.5,24.539602277649827,1.3951864079233436,1.475148736014083,10.272291040048827,125,53,72,42.4,8663.410000000002,6209.5,2453.9100000000017,700.99,0,1,24.671532667899957,2.053397208452352,3.515439804645138,3.814172394545924,63,30,33,47.61904761904762,4809.200000000001,2342.07,2467.1300000000006,356.38,0,0,,0.07401459800369986,0.25,-0.0,0.05,0.024539602277649827,0.01975932039616718,-0.00040213578815883493
1b_narrow,523,0.3990347489128753,True,96,18,75.0,44.0,17,6,2.2,11,32,1.8,2.3000000000000003,1.0,0.015,0.5,22.239730607099972,1.3605871346622178,1.3400762587214068,9.833355088937742,125,51,74,40.8,8391.53,6167.58,2223.9500000000007,677.15,0,1,23.63443727995,1.9728657281633324,3.335146833904971,4.718173353234102,62,28,34,45.16129032258065,4792.88,2429.4,2363.48,351.08,0,0,,0.07090331183984999,0.2432164320408331,-0.0,0.049206349206349205,0.022239730607099974,0.01802935673311089,-0.004560431514367846
1b_narrow,524,0.3943772807076868,True,97,18,75.0,38.0,17,6,2.2,11,32,1.8,2.1,1.0,0.015,0.5,23.828597903899936,1.391930721975049,1.4615491002118106,8.485208500262525,126,55,71,43.65079365079365,8462.730000000001,6079.849999999999,2382.880000000002,703.19,0,2,22.20598104664996,1.9584854841633645,3.266127720640176,3.8570893122142054,63,30,33,47.61904761904762,4537.38,2316.78,2220.6,352.51,0,0,,0.06661794313994987,0.23962137104084114,-0.0,0.05,0.023828597903899938,0.01959653609875245,-0.005287167475756592
1b_narrow,525,0.3611514205967823,True,98,18,75.0,44.0,17,6,2.3000000000000003,11,32,1.8,2.2,1.0,0.015,0.5,22.939169383149945,1.3449962853009205,1.3528444464240454,8.383061710866754,133,55,78,41.35338345864662,8943.23,6649.26,2293.9699999999993,741.46,0,1,21.551748880099968,1.8312409603702635,3.0965947565903957,3.814111837277135,67,30,37,44.776119402985074,4747.950000000001,2592.75,2155.2000000000007,373.66,0,0,,0.06465524664029991,0.20781024009256588,-0.0,0.05317460317460318,0.022939169383149948,0.017249814265046026,-0.004677652958882639
1b_narrow,526,0.41791138488935803,True,97,18,75.0,44.0,17,6,2.2,11,32,1.8,2.2,1.0,0.015,0.5,24.539602277649827,1.3951864079233436,1.475148736014083,10.272291040048827,125,53,72,42.4,8663.410000000002,6209.5,2453.9100000000017,700.99,0,1,24.671532667899957,2.053397208452352,3.515439804645138,3.814172394545924,63,30,33,47.61904761904762,4809.200000000001,2342.07,2467.1300000000006,356.38,0,0,,0.07401459800369986,0.25,-0.0,0.05,0.024539602277649827,0.01975932039616718,-0.00040213578815883493
1b_narrow,527,0.40703493700301296,True,96,18,75.0,44.0,17,6,2.2,11,32,1.8,2.2,1.0,0.015,0.5,26.348806227649842,1.4226817354198584,1.56551727075103,10.272291040048827,126,54,72,42.857142857142854,8868.5,6233.65,2634.8500000000004,709.86,0,1,23.311122633749928,1.99835113536108,3.36952873287279,4.718343940867088,62,29,33,46.774193548387096,4666.030000000001,2334.94,2331.0900000000006,347.58,0,0,,0.06993336790124978,0.24958778384027003,-0.0,0.049206349206349205,0.026348806227649842,0.021134086770992922,-0.009175456943498802
1b_narrow,528,0.35216668307002696,True,97,18,75.0,44.0,17,6,2.2,11,33,1.8,2.3000000000000003,1.0,0.015,0.5,17.380498419450014,1.2802494775676583,1.0708825108531326,9.964204751745587,124,49,75,39.516129032258064,7939.8,6201.76,1738.04,662.58,0,1,21.66723989464994,1.8953064116920308,3.0869243388169205,3.7709655778429183,61,27,34,44.26229508196721,4586.85,2420.1099999999997,2166.7400000000007,343.17,0,0,,0.06500171968394981,0.2238266029230077,-0.0,0.048412698412698414,0.017380498419450014,0.014012473878382914,-0.016467310247461897
1b_narrow,529,0.3289908210384031,True,95,18,75.0,44.0,17,6,2.2,11,32,1.8,2.1,1.0,0.015,0.5,25.338785249199937,1.4170214656833784,1.5301982500252918,8.487178170849644,127,56,71,44.09448818897638,8610.119999999999,6076.209999999999,2533.91,707.33,0,1,19.504851692299944,1.7593296219877756,2.8811619491644502,4.718149264829688,68,30,38,44.11764705882353,4519.19,2568.7000000000003,1950.4899999999993,375.65,0,0,,0.05851455507689983,0.1898324054969439,-0.0,0.05396825396825397,0.025338785249199938,0.020851073284168922,-0.019514252037063473
1b_narrow,530,0.34260464244029676,True,96,18,75.0,44.0,17,6,2.2,11,31,1.8,2.2,1.0,0.015,0.5,25.333150250149938,1.4134065722459117,1.5336625757527191,8.859161509728528,126,53,73,42.06349206349206,8661.2,6127.89,2533.3100000000004,706.69,0,1,19.753792291650026,1.826781738125931,2.915091880041046,4.718621458533655,62,28,34,45.16129032258065,4364.62,2389.2400000000002,1975.3799999999997,341.48,0,0,,0.059261376874950075,0.20669543453148276,-0.0,0.049206349206349205,0.02533315025014994,0.020670328612295587,-0.018561997034930812
1b_narrow,531,0.4160750036675647,True,98,18,75.0,44.0,17,6,2.2,11,32,1.8,2.2,1.0,0.015,0.5,24.18365600249985,1.3874935306116236,1.4560296513012574,10.272291040048827,126,53,73,42.06349206349206,8659.25,6240.93,2418.3199999999997,706.67,0,1,24.671532667899957,2.053397208452352,3.515439804645138,3.814172394545924,63,30,33,47.61904761904762,4809.200000000001,2342.07,2467.1300000000006,356.38,0,0,,0.07401459800369986,0.25,-0.0,0.05,0.02418365600249985,0.019374676530581184,-0.0014979268692161488
1b_narrow,532,0.3150776106410856,True,97,18,75.0,44.0,17,6,2.2,11,32,1.8,2.9000000000000004,1.0,0.015,0.5,10.683603185100036,1.1595424407144137,0.6475305375053221,10.382249447545144,118,38,80,32.20338983050848,7764.76,6696.4,1068.3600000000006,633.73,0,1,23.995876167349945,1.9470842460481912,2.7153058720766543,4.564305687834245,57,24,33,42.10526315789474,4933.23,2533.65,2399.5799999999995,324.64,0,0,,0.07198762850204983,0.2367710615120478,-0.0,0.045238095238095244,0.010683603185100038,0.007977122035720685,-0.05757989983192803
1b_narrow,533,0.3968320988956219,True,97,18,74.0,44.0,17,6,2.2,11,32,1.8,2.3000000000000003,1.0,0.015,0.5,20.404883921749953,1.3321196219210283,1.2457516357838077,9.833355088937742,124,50,74,40.32258064516129,8184.13,6143.689999999999,2040.4400000000014,668.52,0,1,25.05007498049992,2.0273379347678984,3.483049494942863,3.7707325919557224,63,29,34,46.03174603174603,4943.4,2438.37,2505.0299999999997,360.06,0,0,,0.07515022494149975,0.25,-0.0,0.05,0.020404883921749953,0.016605981096051416,-0.015328991063679239
1b_narrow,534,0.40703493700301296,True,96,18,75.0,44.0,17,6,2.2,11,32,1.8,2.2,1.0,0.015,0.5,26.348806227649842,1.4226817354198584,1.56551727075103,10.272291040048827,126,54,72,42.857142857142854,8868.5,6233.65,2634.8500000000004,709.86,0,1,23.311122633749928,1.99835113536108,3.36952873287279,4.718343940867088,62,29,33,46.774193548387096,4666.030000000001,2334.94,2331.0900000000006,347.58,0,0,,0.06993336790124978,0.24958778384027003,-0.0,0.049206349206349205,0.026348806227649842,0.021134086770992922,-0.009175456943498802
1b_narrow,535,0.32381301283295894,True,108,18,75.0,44.0,17,7,2.5,11,32,1.8,2.2,1.0,0.015,0.5,10.505031231299927,1.1761402791028335,0.7471739524004231,9.40765053502002,128,47,81,36.71875,7014.63,5964.11,1050.5200000000004,674.69,0,1,26.373056805999983,1.9184273301875292,3.6167283024002126,4.135924631163417,76,33,43,43.421052631578945,5508.86,2871.55,2637.3099999999995,437.78,0,0,,0.07911917041799994,0.2296068325468823,-0.0,0.06031746031746032,0.010505031231299929,0.008807013955141675,-0.06454249563582523
1b_narrow,536,0.4160750036675647,True,98,18,75.0,44.0,17,6,2.2,11,32,1.8,2.2,1.0,0.015,0.5,24.18365600249985,1.3874935306116236,1.4560296513012574,10.272291040048827,126,53,73,42.06349206349206,8659.25,6240.93,2418.3199999999997,706.67,0,1,24.671532667899957,2.053397208452352,3.515439804645138,3.814172394545924,63,30,33,47.61904761904762,4809.200000000001,2342.07,2467.1300000000006,356.38,0,0,,0.07401459800369986,0.25,-0.0,0.05,0.02418365600249985,0.019374676530581184,-0.0014979268692161488
1b_narrow,537,0.3943772807076868,True,97,18,75.0,44.0,17,6,2.2,11,32,1.8,2.1,1.0,0.015,0.5,23.828597903899936,1.391930721975049,1.4615491002118106,8.485208500262525,126,55,71,43.65079365079365,8462.730000000001,6079.849999999999,2382.880000000002,703.19,0,1,22.20598104664996,1.9584854841633645,3.266127720640176,3.8570893122142054,63,30,33,47.61904761904762,4537.38,2316.78,2220.6,352.51,0,0,,0.06661794313994987,0.23962137104084114,-0.0,0.05,0.023828597903899938,0.01959653609875245,-0.005287167475756592
1b_narrow,538,0.41791138488935803,True,97,18,75.0,44.0,17,6,2.2,11,32,1.8,2.2,1.0,0.015,0.5,24.539602277649827,1.3951864079233436,1.475148736014083,10.272291040048827,125,53,72,42.4,8663.410000000002,6209.5,2453.9100000000017,700.99,0,1,24.671532667899957,2.053397208452352,3.515439804645138,3.814172394545924,63,30,33,47.61904761904762,4809.200000000001,2342.07,2467.1300000000006,356.38,0,0,,0.07401459800369986,0.25,-0.0,0.05,0.024539602277649827,0.01975932039616718,-0.00040213578815883493
1b_narrow,539,0.3948521547583578,True,98,18,75.0,44.0,17,6,2.2,11,32,1.8,2.3000000000000003,1.0,0.015,0.5,20.057964748699998,1.3248895324729175,1.2267977637505274,9.833355088937742,125,50,75,40.0,8179.55,6173.760000000001,2005.789999999999,673.99,0,1,25.05007498049992,2.0273379347678984,3.483049494942863,3.7707325919557224,63,29,34,46.03174603174603,4943.4,2438.37,2505.0299999999997,360.06,0,0,,0.07515022494149975,0.25,-0.0,0.05,0.0200579647487,0.016244476623645875,-0.016600511555487855
1b_narrow,540,0.3943772807076868,True,97,18,75.0,44.0,17,6,2.2,11,32,1.8,2.1,1.0,0.015,0.5,23.828597903899936,1.391930721975049,1.4615491002118106,8.485208500262525,126,55,71,43.65079365079365,8462.730000000001,6079.849999999999,2382.880000000002,703.19,0,1,22.20598104664996,1.9584854841633645,3.266127720640176,3.8570893122142054,63,30,33,47.61904761904762,4537.38,2316.78,2220.6,352.51,0,0,,0.06661794313994987,0.23962137104084114,-0.0,0.05,0.023828597903899938,0.01959653609875245,-0.005287167475756592
1b_narrow,541,0.40703493700301296,True,96,18,75.0,44.0,17,6,2.2,11,32,1.8,2.2,1.0,0.015,0.5,26.348806227649842,1.4226817354198584,1.56551727075103,10.272291040048827,126,54,72,42.857142857142854,8868.5,6233.65,2634.8500000000004,709.86,0,1,23.311122633749928,1.99835113536108,3.36952873287279,4.718343940867088,62,29,33,46.774193548387096,4666.030000000001,2334.94,2331.0900000000006,347.58,0,0,,0.06993336790124978,0.24958778384027003,-0.0,0.049206349206349205,0.026348806227649842,0.021134086770992922,-0.009175456943498802
1b_narrow,542,0.38132454395404397,True,97,18,75.0,44.0,17,6,2.2,11,33,1.8,2.2,1.0,0.015,0.5,21.499870454499778,1.3427854858305406,1.3003492003665162,10.416584714768556,125,52,73,41.6,8421.87,6271.94,2149.930000000001,694.98,0,1,21.43330422400002,1.9208214293386032,3.1286778479171464,3.813850083800739,61,28,33,45.90163934426229,4471.0,2327.65,2143.35,339.73,0,0,,0.06429991267200007,0.2302053573346508,-0.0,0.048412698412698414,0.02149987045449978,0.01713927429152703,-0.00023256921133213323
1b_narrow,543,0.3649231425588345,True,95,18,75.0,44.0,17,6,2.2,11,32,1.8,2.2,1.0,0.015,0.5,26.15230654929979,1.4213595205104241,1.547237154574026,10.271043173457253,126,54,72,42.857142857142854,8821.81,6206.6,2615.209999999999,705.24,0,1,21.930242696250023,1.8444607031460587,3.14412180854565,4.718584479903085,68,30,38,44.11764705882353,4789.880000000001,2596.9000000000005,2192.9800000000005,379.69,0,0,,0.06579072808875007,0.21111517578651467,-0.0,0.05396825396825397,0.026152306549299793,0.02106797602552121,-0.013171297859505231
1b_narrow,544,0.4160750036675647,True,98,18,75.0,44.0,17,6,2.2,11,32,1.8,2.2,1.0,0.015,0.5,24.18365600249985,1.3874935306116236,1.4560296513012574,10.272291040048827,126,53,73,42.06349206349206,8659.25,6240.93,2418.3199999999997,706.67,0,1,24.671532667899957,2.053397208452352,3.515439804645138,3.814172394545924,63,30,33,47.61904761904762,4809.200000000001,2342.07,2467.1300000000006,356.38,0,0,,0.07401459800369986,0.25,-0.0,0.05,0.02418365600249985,0.019374676530581184,-0.0014979268692161488
1b_narrow,545,0.34431501682671223,True,96,18,75.0,39.0,17,6,2.2,11,31,1.8,2.3000000000000003,1.0,0.015,0.5,21.16606601024996,1.3489936980401598,1.3004943565910485,8.414979619451936,125,50,75,40.0,8181.349999999999,6064.78,2116.5699999999997,673.96,0,2,19.951135542299944,1.804286831517927,2.8765239427050653,4.719006185039481,62,27,35,43.54838709677419,4475.75,2480.62,1995.13,344.72,0,0,,0.05985340662689983,0.20107170787948175,-0.0,0.049206349206349205,0.02116606601024996,0.01744968490200799,-0.004432197798276489
1b_narrow,546,0.3943772807076868,True,97,18,75.0,44.0,17,6,2.2,11,32,1.8,2.1,1.0,0.015,0.5,23.828597903899936,1.391930721975049,1.4615491002118106,8.485208500262525,126,55,71,43.65079365079365,8462.730000000001,6079.849999999999,2382.880000000002,703.19,0,1,22.20598104664996,1.9584854841633645,3.266127720640176,3.8570893122142054,63,30,33,47.61904761904762,4537.38,2316.78,2220.6,352.51,0,0,,0.06661794313994987,0.23962137104084114,-0.0,0.05,0.023828597903899938,0.01959653609875245,-0.005287167475756592
1b_narrow,547,0.41791138488935803,True,97,18,75.0,44.0,17,6,2.2,11,32,1.8,2.2,1.0,0.015,0.5,24.539602277649827,1.3951864079233436,1.475148736014083,10.272291040048827,125,53,72,42.4,8663.410000000002,6209.5,2453.9100000000017,700.99,0,1,24.671532667899957,2.053397208452352,3.515439804645138,3.814172394545924,63,30,33,47.61904761904762,4809.200000000001,2342.07,2467.1300000000006,356.38,0,0,,0.07401459800369986,0.25,-0.0,0.05,0.024539602277649827,0.01975932039616718,-0.00040213578815883493
1b_narrow,548,0.3113379689151594,True,93,18,75.0,44.0,17,6,2.2,11,32,1.8,2.2,1.0,0.015,0.5,19.3124192715999,1.3139639229558724,1.1934994610189418,11.625219571153163,125,51,74,40.8,8082.5599999999995,6151.280000000001,1931.2799999999988,668.47,0,1,18.197356934249964,1.695253668731064,2.666407811742146,4.7181983332265425,66,28,38,42.42424242424242,4437.14,2617.3900000000003,1819.75,361.58,0,0,,0.054592070802749894,0.173813417182766,-0.0,0.05238095238095239,0.019312419271599903,0.01569819614779362,-0.004459086870702402
1b_narrow,549,0.4160750036675647,True,98,18,75.0,44.0,17,6,2.2,11,32,1.8,2.2,1.0,0.015,0.5,24.18365600249985,1.3874935306116236,1.4560296513012574,10.272291040048827,126,53,73,42.06349206349206,8659.25,6240.93,2418.3199999999997,706.67,0,1,24.671532667899957,2.053397208452352,3.515439804645138,3.814172394545924,63,30,33,47.61904761904762,4809.200000000001,2342.07,2467.1300000000006,356.38,0,0,,0.07401459800369986,0.25,-0.0,0.05,0.02418365600249985,0.019374676530581184,-0.0014979268692161488
1b_narrow,550,0.3968320988956219,True,97,18,75.0,44.0,17,6,2.2,11,32,1.8,2.3000000000000003,1.0,0.015,0.5,20.404883921749953,1.3321196219210283,1.2457516357838077,9.833355088937742,124,50,74,40.32258064516129,8184.13,6143.689999999999,2040.4400000000014,668.52,0,1,25.05007498049992,2.0273379347678984,3.483049494942863,3.7707325919557224,63,29,34,46.03174603174603,4943.4,2438.37,2505.0299999999997,360.06,0,0,,0.07515022494149975,0.25,-0.0,0.05,0.020404883921749953,0.016605981096051416,-0.015328991063679239
1b_narrow,551,0.36999679741623837,True,96,18,75.0,44.0,17,6,2.2,11,32,1.8,2.1,1.0,0.015,0.5,25.545984158099927,1.418607928475918,1.549473213597897,8.485208500262525,127,56,71,44.09448818897638,8657.14,6102.56,2554.579999999999,711.97,0,1,20.929077074799952,1.905712307426,3.121152819330579,4.718166586876315,62,29,33,46.774193548387096,4403.72,2310.7999999999997,2092.9200000000005,343.94,0,0,,0.06278723122439984,0.22642807685650002,-0.0,0.049206349206349205,0.02554598415809993,0.020930396423795905,-0.014901240452906538
1b_narrow,552,0.41791138488935803,True,97,18,75.0,44.0,17,6,2.2,11,32,1.8,2.2,1.0,0.015,0.5,24.539602277649827,1.3951864079233436,1.475148736014083,10.272291040048827,125,53,72,42.4,8663.410000000002,6209.5,2453.9100000000017,700.99,0,1,24.671532667899957,2.053397208452352,3.515439804645138,3.814172394545924,63,30,33,47.61904761904762,4809.200000000001,2342.07,2467.1300000000006,356.38,0,0,,0.07401459800369986,0.25,-0.0,0.05,0.024539602277649827,0.01975932039616718,-0.00040213578815883493
1b_narrow,553,0.4160750036675647,True,98,18,75.0,41.0,17,6,2.2,11,32,1.8,2.2,1.0,0.015,0.5,24.18365600249985,1.3874935306116236,1.4560296513012574,10.272291040048827,126,53,73,42.06349206349206,8659.25,6240.93,2418.3199999999997,706.67,0,1,24.671532667899957,2.053397208452352,3.515439804645138,3.814172394545924,63,30,33,47.61904761904762,4809.200000000001,2342.07,2467.1300000000006,356.38,0,0,,0.07401459800369986,0.25,-0.0,0.05,0.02418365600249985,0.019374676530581184,-0.0014979268692161488
1b_narrow,554,0.3344916482309568,True,96,18,75.0,44.0,17,6,2.3000000000000003,11,32,1.8,2.2,1.0,0.015,0.5,26.941462804549975,1.4049547274629348,1.5496555884806658,8.383061710866754,134,57,77,42.53731343283582,9347.220000000001,6653.039999999998,2694.180000000003,752.03,0,1,20.226258135599984,1.7823920779823617,2.9482117464413613,4.718661917722175,66,29,37,43.93939393939394,4607.840000000001,2585.2,2022.6400000000012,364.94,0,0,,0.060678774406799946,0.19559801949559041,-0.0,0.05238095238095239,0.026941462804549978,0.02024773637314674,-0.021355297230082705
1b_narrow,555,0.3943772807076868,True,97,18,76.0,44.0,17,6,2.2,11,32,1.8,2.1,1.0,0.015,0.5,23.828597903899936,1.391930721975049,1.4615491002118106,8.485208500262525,126,55,71,43.65079365079365,8462.730000000001,6079.849999999999,2382.880000000002,703.19,0,1,22.20598104664996,1.9584854841633645,3.266127720640176,3.8570893122142054,63,30,33,47.61904761904762,4537.38,2316.78,2220.6,352.51,0,0,,0.06661794313994987,0.23962137104084114,-0.0,0.05,0.023828597903899938,0.01959653609875245,-0.005287167475756592
1b_narrow,556,0.37984271454945295,True,98,18,75.0,44.0,17,6,2.2,11,33,1.8,2.2,1.0,0.015,0.5,21.148989560549765,1.3355456162368768,1.281383723138527,10.416584714768556,126,52,74,41.26984126984127,8417.53,6302.69,2114.840000000001,700.51,0,1,21.43330422400002,1.9208214293386032,3.1286778479171464,3.813850083800739,61,28,33,45.90163934426229,4471.0,2327.65,2143.35,339.73,0,0,,0.06429991267200007,0.2302053573346508,-0.0,0.048412698412698414,0.021148989560549766,0.016777280811843844,-0.0010015242422899318
1b_narrow,557,0.3412550407373482,True,97,18,75.0,44.0,17,6,2.2,11,32,1.9,2.3000000000000003,1.0,0.015,0.5,16.801188817149907,1.2957735073129169,1.08882673934836,10.97700078736851,114,46,68,40.35087719298246,7360.460000000001,5680.360000000001,1680.1000000000004,607.82,0,1,19.85454790804999,1.8694327064129792,2.8919242537210716,3.4231982241101218,57,25,32,43.85964912280702,4269.129999999999,2283.6499999999996,1985.4799999999996,317.26,0,0,,0.05956364372414997,0.2173581766032448,-0.0,0.045238095238095244,0.01680118881714991,0.014788675365645843,-0.012494739010937582
1b_narrow,558,0.3677770049061727,True,97,18,75.0,44.0,17,6,2.2,11,31,1.8,2.2,1.0,0.015,0.5,23.535604578449878,1.385616984881974,1.4417772329044718,8.859161509728528,125,52,73,41.6,8456.85,6103.31,2353.54,697.82,0,1,21.07595891079991,1.8800115241045852,3.065172656537183,3.8140549281969145,63,29,34,46.03174603174603,4502.589999999999,2394.98,2107.609999999999,349.94,0,0,,0.06322787673239973,0.2200028810261463,-0.0,0.05,0.02353560457844988,0.0192808492440987,-0.008270206674921891
1b_narrow,559,0.40703493700301296,True,96,18,75.0,44.0,17,6,2.2,11,32,1.8,2.2,1.0,0.015,0.5,26.348806227649842,1.4226817354198584,1.56551727075103,10.272291040048827,126,54,72,42.857142857142854,8868.5,6233.65,2634.8500000000004,709.86,0,1,23.311122633749928,1.99835113536108,3.36952873287279,4.718343940867088,62,29,33,46.774193548387096,4666.030000000001,2334.94,2331.0900000000006,347.58,0,0,,0.06993336790124978,0.24958778384027003,-0.0,0.049206349206349205,0.026348806227649842,0.021134086770992922,-0.009175456943498802
1b_narrow,560,0.40566086511722815,True,99,18,75.0,44.0,17,6,2.2,11,32,1.8,2.2,1.0,0.015,0.5,22.038740758599833,1.3450585032011182,1.340594048189659,10.27095207189804,128,53,75,41.40625,8590.659999999998,6386.83,2203.829999999998,712.11,0,1,25.45727893260002,2.0827772177633737,3.6059915731818455,3.814432757084375,64,31,33,48.4375,4896.88,2351.1299999999997,2545.7500000000005,363.43,0,0,,0.07637183679780006,0.25,-0.0,0.050793650793650794,0.022038740758599833,0.017252925160055912,-0.010796288392878465
1b_narrow,561,0.3968320988956219,True,97,18,75.0,44.0,17,6,2.2,11,32,1.8,2.3000000000000003,1.0,0.015,0.5,20.404883921749953,1.3321196219210283,1.2457516357838077,9.833355088937742,124,50,74,40.32258064516129,8184.13,6143.689999999999,2040.4400000000014,668.52,0,1,25.05007498049992,2.0273379347678984,3.483049494942863,3.7707325919557224,63,29,34,46.03174603174603,4943.4,2438.37,2505.0299999999997,360.06,0,0,,0.07515022494149975,0.25,-0.0,0.05,0.020404883921749953,0.016605981096051416,-0.015328991063679239
1b_narrow,562,0.4160750036675647,True,98,19,75.0,44.0,17,6,2.2,11,32,1.8,2.2,1.0,0.015,0.5,24.18365600249985,1.3874935306116236,1.4560296513012574,10.272291040048827,126,53,73,42.06349206349206,8659.25,6240.93,2418.3199999999997,706.67,0,1,24.671532667899957,2.053397208452352,3.515439804645138,3.814172394545924,63,30,33,47.61904761904762,4809.200000000001,2342.07,2467.1300000000006,356.38,0,0,,0.07401459800369986,0.25,-0.0,0.05,0.02418365600249985,0.019374676530581184,-0.0014979268692161488
1b_narrow,563,0.36999679741623837,True,96,18,75.0,44.0,17,6,2.2,11,32,1.8,2.1,1.0,0.015,0.5,25.545984158099927,1.418607928475918,1.549473213597897,8.485208500262525,127,56,71,44.09448818897638,8657.14,6102.56,2554.579999999999,711.97,0,1,20.929077074799952,1.905712307426,3.121152819330579,4.718166586876315,62,29,33,46.774193548387096,4403.72,2310.7999999999997,2092.9200000000005,343.94,0,0,,0.06278723122439984,0.22642807685650002,-0.0,0.049206349206349205,0.02554598415809993,0.020930396423795905,-0.014901240452906538
1b_narrow,564,0.41791138488935803,True,97,18,75.0,44.0,17,6,2.2,11,32,1.8,2.2,1.0,0.015,0.5,24.539602277649827,1.3951864079233436,1.475148736014083,10.272291040048827,125,53,72,42.4,8663.410000000002,6209.5,2453.9100000000017,700.99,0,1,24.671532667899957,2.053397208452352,3.515439804645138,3.814172394545924,63,30,33,47.61904761904762,4809.200000000001,2342.07,2467.1300000000006,356.38,0,0,,0.07401459800369986,0.25,-0.0,0.05,0.024539602277649827,0.01975932039616718,-0.00040213578815883493
1b_narrow,565,0.4160750036675647,True,98,18,74.0,44.0,17,6,2.2,11,32,1.8,2.2,1.0,0.015,0.5,24.18365600249985,1.3874935306116236,1.4560296513012574,10.272291040048827,126,53,73,42.06349206349206,8659.25,6240.93,2418.3199999999997,706.67,0,1,24.671532667899957,2.053397208452352,3.515439804645138,3.814172394545924,63,30,33,47.61904761904762,4809.200000000001,2342.07,2467.1300000000006,356.38,0,0,,0.07401459800369986,0.25,-0.0,0.05,0.02418365600249985,0.019374676530581184,-0.0014979268692161488
1b_narrow,566,0.3012905885343499,True,97,18,75.0,44.0,17,6,2.2,11,29,1.8,2.3000000000000003,1.0,0.015,0.5,15.121724828150054,1.246198658072163,0.9634752410976717,12.67358643609699,127,50,77,39.37007874015748,7654.039999999999,6141.910000000001,1512.1299999999983,669.44,0,1,18.676322502950008,1.731248262549774,2.7655626779209723,4.717816886698215,64,27,37,42.1875,4421.66,2554.03,1867.6299999999997,356.49,0,0,,0.056028967508850024,0.1828120656374435,-0.0,0.050793650793650794,0.015121724828150055,0.012309932903608146,-0.015775753137352588
1b_narrow,567,0.36999679741623837,True,96,18,75.0,44.0,17,6,2.2,11,32,1.8,2.1,1.0,0.015,0.5,25.545984158099927,1.418607928475918,1.549473213597897,8.485208500262525,127,56,71,44.09448818897638,8657.14,6102.56,2554.579999999999,711.97,0,1,20.929077074799952,1.905712307426,3.121152819330579,4.718166586876315,62,29,33,46.774193548387096,4403.72,2310.7999999999997,2092.9200000000005,343.94,0,0,,0.06278723122439984,0.22642807685650002,-0.0,0.049206349206349205,0.02554598415809993,0.020930396423795905,-0.014901240452906538
1b_narrow,568,0.3025684107805345,True,97,18,75.0,44.0,17,6,2.1,12,32,1.8,2.2,1.0,0.015,0.5,13.530186752449879,1.2377413726148283,0.9273601861296966,8.473512302156074,119,47,72,39.49579831932773,7043.849999999999,5690.889999999999,1352.96,632.63,0,1,17.496010916899976,1.7912185812613624,2.7530742474435983,3.9061977763778137,58,26,32,44.827586206896555,3960.8499999999995,2211.2599999999998,1749.5899999999997,316.94,0,0,,0.05248803275069993,0.1978046453153406,-0.0,0.046031746031746035,0.01353018675244988,0.011887068630741416,-0.019173268700443367
1b_narrow,569,0.4160750036675647,True,98,18,75.0,44.0,17,6,2.2,11,32,1.8,2.2,1.0,0.015,0.5,24.18365600249985,1.3874935306116236,1.4560296513012574,10.272291040048827,126,53,73,42.06349206349206,8659.25,6240.93,2418.3199999999997,706.67,0,1,24.671532667899957,2.053397208452352,3.515439804645138,3.814172394545924,63,30,33,47.61904761904762,4809.200000000001,2342.07,2467.1300000000006,356.38,0,0,,0.07401459800369986,0.25,-0.0,0.05,0.02418365600249985,0.019374676530581184,-0.0014979268692161488
1b_narrow,570,0.41791138488935803,True,97,18,75.0,44.0,17,6,2.2,11,32,1.8,2.2,1.0,0.015,0.5,24.539602277649827,1.3951864079233436,1.475148736014083,10.272291040048827,125,53,72,42.4,8663.410000000002,6209.5,2453.9100000000017,700.99,0,1,24.671532667899957,2.053397208452352,3.515439804645138,3.814172394545924,63,30,33,47.61904761904762,4809.200000000001,2342.07,2467.1300000000006,356.38,0,0,,0.07401459800369986,0.25,-0.0,0.05,0.024539602277649827,0.01975932039616718,-0.00040213578815883493
1b_narrow,571,0.40703493700301296,True,96,18,75.0,44.0,17,6,2.2,11,32,1.8,2.2,1.0,0.015,0.5,26.348806227649842,1.4226817354198584,1.56551727075103,10.272291040048827,126,54,72,42.857142857142854,8868.5,6233.65,2634.8500000000004,709.86,0,1,23.311122633749928,1.99835113536108,3.36952873287279,4.718343940867088,62,29,33,46.774193548387096,4666.030000000001,2334.94,2331.0900000000006,347.58,0,0,,0.06993336790124978,0.24958778384027003,-0.0,0.049206349206349205,0.026348806227649842,0.021134086770992922,-0.009175456943498802
1b_narrow,572,0.3172873497866143,True,97,18,75.0,44.0,17,6,2.2,11,32,1.8,1.8,1.0,0.015,0.5,13.08056051800002,1.2274345069087889,0.889766753328079,10.025247318185498,126,56,70,44.44444444444444,7059.43,5751.37,1308.0600000000004,674.13,0,1,18.660738684300032,1.8465432770821992,2.993660161460959,3.4413310770759793,65,33,32,50.76923076923077,4070.52,2204.4,1866.12,357.02,0,0,,0.055982216052900095,0.2116358192705498,-0.0,0.0515873015873016,0.013080560518000021,0.011371725345439444,-0.026370272987576666
1b_narrow,573,0.4084830368216495,True,98,18,75.0,44.0,18,6,2.2,11,32,1.8,2.2,1.0,0.015,0.5,24.84519204364986,1.4008690446801264,1.4915491917542778,9.789396889231963,125,53,72,42.4,8682.039999999999,6197.610000000001,2484.4299999999985,702.8,0,1,23.719798276549938,1.9804691536633254,3.3903339905748027,3.8137174744804443,64,30,34,46.875,4791.25,2419.25,2372.0,360.55,0,0,,0.07115939482964981,0.24511728841583136,-0.0,0.050793650793650794,0.024845192043649864,0.02004345223400632,-0.003475941495138629
1b_narrow,574,0.28190296678687904,True,95,18,75.0,44.0,17,6,2.2,11,33,1.8,2.1,1.0,0.015,0.5,22.36568963224989,1.364180071743417,1.357249400757878,8.649227377412224,127,55,72,43.30708661417323,8377.88,6141.33,2236.5499999999993,701.34,0,1,16.533919081999976,1.6473333489941817,2.5014380887997683,4.718279320688837,66,28,38,42.42424242424242,4207.52,2554.140000000001,1653.3799999999997,359.4,0,0,,0.049601757245999925,0.16183333724854543,-0.0,0.05238095238095239,0.02236568963224989,0.018209003587170848,-0.022487773308039454
1b_narrow,575,0.3968320988956219,True,97,18,76.0,44.0,17,6,2.2,11,32,1.8,2.3000000000000003,1.0,0.015,0.5,20.404883921749953,1.3321196219210283,1.2457516357838077,9.833355088937742,124,50,74,40.32258064516129,8184.13,6143.689999999999,2040.4400000000014,668.52,0,1,25.05007498049992,2.0273379347678984,3.483049494942863,3.7707325919557224,63,29,34,46.03174603174603,4943.4,2438.37,2505.0299999999997,360.06,0,0,,0.07515022494149975,0.25,-0.0,0.05,0.020404883921749953,0.016605981096051416,-0.015328991063679239
1b_narrow,576,0.3677770049061727,True,97,18,75.0,44.0,17,6,2.2,11,31,1.8,2.2,1.0,0.015,0.5,23.535604578449878,1.385616984881974,1.4417772329044718,8.859161509728528,125,52,73,41.6,8456.85,6103.31,2353.54,697.82,0,1,21.07595891079991,1.8800115241045852,3.065172656537183,3.8140549281969145,63,29,34,46.03174603174603,4502.589999999999,2394.98,2107.609999999999,349.94,0,0,,0.06322787673239973,0.2200028810261463,-0.0,0.05,0.02353560457844988,0.0192808492440987,-0.008270206674921891
1b_narrow,577,0.4160750036675647,True,98,18,75.0,44.0,17,6,2.2,11,32,1.8,2.2,1.0,0.015,0.5,24.18365600249985,1.3874935306116236,1.4560296513012574,10.272291040048827,126,53,73,42.06349206349206,8659.25,6240.93,2418.3199999999997,706.67,0,1,24.671532667899957,2.053397208452352,3.515439804645138,3.814172394545924,63,30,33,47.61904761904762,4809.200000000001,2342.07,2467.1300000000006,356.38,0,0,,0.07401459800369986,0.25,-0.0,0.05,0.02418365600249985,0.019374676530581184,-0.0014979268692161488
1b_narrow,578,0.3990347489128753,True,96,18,75.0,44.0,17,6,2.2,11,32,1.8,2.3000000000000003,1.0,0.015,0.5,22.239730607099972,1.3605871346622178,1.3400762587214068,9.833355088937742,125,51,74,40.8,8391.53,6167.58,2223.9500000000007,677.15,0,1,23.63443727995,1.9728657281633324,3.335146833904971,4.718173353234102,62,28,34,45.16129032258065,4792.88,2429.4,2363.48,351.08,0,0,,0.07090331183984999,0.2432164320408331,-0.0,0.049206349206349205,0.022239730607099974,0.01802935673311089,-0.004560431514367846
1b_narrow,579,0.41791138488935803,True,97,18,75.0,44.0,17,6,2.2,11,32,1.8,2.2,1.0,0.015,0.5,24.539602277649827,1.3951864079233436,1.475148736014083,10.272291040048827,125,53,72,42.4,8663.410000000002,6209.5,2453.9100000000017,700.99,0,1,24.671532667899957,2.053397208452352,3.515439804645138,3.814172394545924,63,30,33,47.61904761904762,4809.200000000001,2342.07,2467.1300000000006,356.38,0,0,,0.07401459800369986,0.25,-0.0,0.05,0.024539602277649827,0.01975932039616718,-0.00040213578815883493
1b_narrow,580,0.31012142009354954,True,97,18,75.0,44.0,17,6,2.2,11,32,1.7,2.1,1.0,0.015,0.5,17.326399618349914,1.2650432297817396,1.015734885706699,12.389407728145052,134,55,79,41.04477611940298,8269.789999999999,6537.160000000002,1732.6299999999974,727.26,0,1,18.493520180649973,1.6872275671397199,2.674157005336068,4.276722969058549,72,33,39,45.833333333333336,4540.38,2691.0299999999997,1849.3500000000004,392.03,0,0,,0.055480560541949914,0.17180689178492997,-0.0,0.05714285714285714,0.017326399618349916,0.013252161489086978,-0.004887450483624391
1b_narrow,581,0.40703493700301296,True,96,18,75.0,44.0,17,6,2.2,11,32,1.8,2.2,1.0,0.015,0.5,26.348806227649842,1.4226817354198584,1.56551727075103,10.272291040048827,126,54,72,42.857142857142854,8868.5,6233.65,2634.8500000000004,709.86,0,1,23.311122633749928,1.99835113536108,3.36952873287279,4.718343940867088,62,29,33,46.774193548387096,4666.030000000001,2334.94,2331.0900000000006,347.58,0,0,,0.06993336790124978,0.24958778384027003,-0.0,0.049206349206349205,0.026348806227649842,0.021134086770992922,-0.009175456943498802
1b_narrow,582,0.4160750036675647,True,98,18,75.0,44.0,17,6,2.2,11,32,1.8,2.2,1.0,0.015,0.5,24.18365600249985,1.3874935306116236,1.4560296513012574,10.272291040048827,126,53,73,42.06349206349206,8659.25,6240.93,2418.3199999999997,706.67,0,1,24.671532667899957,2.053397208452352,3.515439804645138,3.814172394545924,63,30,33,47.61904761904762,4809.200000000001,2342.07,2467.1300000000006,356.38,0,0,,0.07401459800369986,0.25,-0.0,0.05,0.02418365600249985,0.019374676530581184,-0.0014979268692161488
1b_narrow,583,0.40703493700301296,True,96,18,75.0,44.0,17,6,2.2,11,32,1.8,2.2,1.0,0.015,0.5,26.348806227649842,1.4226817354198584,1.56551727075103,10.272291040048827,126,54,72,42.857142857142854,8868.5,6233.65,2634.8500000000004,709.86,0,1,23.311122633749928,1.99835113536108,3.36952873287279,4.718343940867088,62,29,33,46.774193548387096,4666.030000000001,2334.94,2331.0900000000006,347.58,0,0,,0.06993336790124978,0.24958778384027003,-0.0,0.049206349206349205,0.026348806227649842,0.021134086770992922,-0.009175456943498802
1b_narrow,584,0.3837004226876095,True,99,18,75.0,44.0,17,6,2.2,11,32,1.8,2.3000000000000003,1.0,0.015,0.5,17.990737517550006,1.2850169833081964,1.1133254908884644,9.833275261613114,127,50,77,39.37007874015748,8111.13,6312.08,1799.0500000000002,679.18,0,1,25.87817669164997,2.0568871935406143,3.576147752677894,3.770591010350043,64,30,34,46.875,5036.35,2448.53,2587.82,367.31,0,0,,0.0776345300749499,0.25,-0.0,0.050793650793650794,0.017990737517550006,0.014250849165409819,-0.026969344863951004
1b_narrow,585,0.13202581527947171,True,95,18,75.0,44.0,17,6,2.7,11,32,1.8,1.9000000000000001,1.0,0.015,0.5,5.508316850299907,1.074497509355976,0.3730269289165327,17.80753650922896,157,64,93,40.76433121019108,7944.48,7393.67,550.8099999999995,773.86,0,1,5.448192941250109,1.1338465846840167,0.8082316934567488,9.034121326970139,93,36,57,38.70967741935484,4615.64,4070.7799999999993,544.860000000001,494.96,0,0,,0.016344578823750327,0.03346164617100417,-0.0,0.07380952380952381,0.005508316850299907,0.0037248754677988052,-0.000823125842905293
1b_narrow,586,0.3943772807076868,True,97,18,75.0,44.0,17,6,2.2,11,32,1.8,2.1,1.0,0.015,0.5,23.828597903899936,1.391930721975049,1.4615491002118106,8.485208500262525,126,55,71,43.65079365079365,8462.730000000001,6079.849999999999,2382.880000000002,703.19,0,1,22.20598104664996,1.9584854841633645,3.266127720640176,3.8570893122142054,63,30,33,47.61904761904762,4537.38,2316.78,2220.6,352.51,0,0,,0.06661794313994987,0.23962137104084114,-0.0,0.05,0.023828597903899938,0.01959653609875245,-0.005287167475756592
1b_narrow,587,0.328037629241673,True,97,18,75.0,44.0,17,6,2.1,11,32,1.8,2.2,1.0,0.015,0.5,17.08901238914992,1.3014310433934406,1.1467397781455981,8.111411247313372,119,48,71,40.33613445378151,7378.189999999999,5669.29,1708.8999999999987,649.17,0,1,17.3344730134,1.7956459674939296,2.736574984083203,3.813951505122135,58,26,32,44.827586206896555,3912.1199999999994,2178.67,1733.4499999999994,316.57,0,0,,0.0520034190402,0.1989114918734824,-0.0,0.046031746031746035,0.01708901238914992,0.015071552169672032,-0.0010695922625773516
1b_narrow,588,0.37984271454945295,True,98,18,75.0,44.0,17,6,2.2,11,33,1.8,2.2,1.0,0.015,0.5,21.148989560549765,1.3355456162368768,1.281383723138527,10.416584714768556,126,52,74,41.26984126984127,8417.53,6302.69,2114.840000000001,700.51,0,1,21.43330422400002,1.9208214293386032,3.1286778479171464,3.813850083800739,61,28,33,45.90163934426229,4471.0,2327.65,2143.35,339.73,0,0,,0.06429991267200007,0.2302053573346508,-0.0,0.048412698412698414,0.021148989560549766,0.016777280811843844,-0.0010015242422899318
1b_narrow,589,0.38261700727326553,True,117,18,75.0,44.0,17,6,2.2,11,32,1.8,2.2,1.0,0.015,0.5,17.620611856099842,1.3116577611990452,1.1804999469385873,7.959314936746681,119,48,71,40.33613445378151,7415.889999999999,5653.830000000002,1762.0599999999977,648.65,0,1,28.672947966799985,2.2523553074675364,3.9274538595791926,3.217554139622294,62,31,31,50.0,5156.79,2289.51,2867.2799999999997,356.14,0,0,,0.08601884390039995,0.25,-0.0,0.049206349206349205,0.01762061185609984,0.015582888059952262,-0.03581168574953573
1b_narrow,590,0.23598890514124013,True,96,18,75.0,44.0,17,7,2.2,11,32,1.8,2.1,1.0,0.015,0.5,14.450840850349886,1.289038857341732,1.1146833289235278,6.725005480703869,111,45,66,40.54054054054054,6444.640000000001,4999.569999999999,1445.0700000000024,605.08,0,1,12.14901717539995,1.5566996137085356,2.044773749633584,6.740464099240767,56,24,32,42.857142857142854,3397.17,2182.29,1214.88,299.32,0,0,,0.03644705152619985,0.1391749034271339,-0.0,0.044444444444444446,0.014450840850349887,0.0144519428670866,-0.01298027797397454
1b_narrow,591,0.41791138488935803,True,97,18,75.0,44.0,17,6,2.2,11,32,1.8,2.2,1.0,0.015,0.5,24.539602277649827,1.3951864079233436,1.475148736014083,10.272291040048827,125,53,72,42.4,8663.410000000002,6209.5,2453.9100000000017,700.99,0,1,24.671532667899957,2.053397208452352,3.515439804645138,3.814172394545924,63,30,33,47.61904761904762,4809.200000000001,2342.07,2467.1300000000006,356.38,0,0,,0.07401459800369986,0.25,-0.0,0.05,0.024539602277649827,0.01975932039616718,-0.00040213578815883493
1b_narrow,592,0.3677770049061727,True,97,18,75.0,44.0,17,6,2.2,11,31,1.8,2.2,1.0,0.015,0.5,23.535604578449878,1.385616984881974,1.4417772329044718,8.859161509728528,125,52,73,41.6,8456.85,6103.31,2353.54,697.82,0,1,21.07595891079991,1.8800115241045852,3.065172656537183,3.8140549281969145,63,29,34,46.03174603174603,4502.589999999999,2394.98,2107.609999999999,349.94,0,0,,0.06322787673239973,0.2200028810261463,-0.0,0.05,0.02353560457844988,0.0192808492440987,-0.008270206674921891
1b_narrow,593,0.4160750036675647,True,98,19,75.0,44.0,17,6,2.2,11,32,1.8,2.2,1.0,0.015,0.5,24.18365600249985,1.3874935306116236,1.4560296513012574,10.272291040048827,126,53,73,42.06349206349206,8659.25,6240.93,2418.3199999999997,706.67,0,1,24.671532667899957,2.053397208452352,3.515439804645138,3.814172394545924,63,30,33,47.61904761904762,4809.200000000001,2342.07,2467.1300000000006,356.38,0,0,,0.07401459800369986,0.25,-0.0,0.05,0.02418365600249985,0.019374676530581184,-0.0014979268692161488
1b_narrow,594,0.3990347489128753,True,96,18,75.0,44.0,17,6,2.2,11,32,1.8,2.3000000000000003,1.0,0.015,0.5,22.239730607099972,1.3605871346622178,1.3400762587214068,9.833355088937742,125,51,74,40.8,8391.53,6167.58,2223.9500000000007,677.15,0,1,23.63443727995,1.9728657281633324,3.335146833904971,4.718173353234102,62,28,34,45.16129032258065,4792.88,2429.4,2363.48,351.08,0,0,,0.07090331183984999,0.2432164320408331,-0.0,0.049206349206349205,0.022239730607099974,0.01802935673311089,-0.004560431514367846
1b_narrow,595,0.41791138488935803,True,97,18,75.0,44.0,17,6,2.2,11,32,1.8,2.2,1.0,0.015,0.5,24.539602277649827,1.3951864079233436,1.475148736014083,10.272291040048827,125,53,72,42.4,8663.410000000002,6209.5,2453.9100000000017,700.99,0,1,24.671532667899957,2.053397208452352,3.515439804645138,3.814172394545924,63,30,33,47.61904761904762,4809.200000000001,2342.07,2467.1300000000006,356.38,0,0,,0.07401459800369986,0.25,-0.0,0.05,0.024539602277649827,0.01975932039616718,-0.00040213578815883493
1b_narrow,596,0.3943772807076868,True,97,18,75.0,44.0,17,6,2.2,11,32,1.8,2.1,1.0,0.015,0.5,23.828597903899936,1.391930721975049,1.4615491002118106,8.485208500262525,126,55,71,43.65079365079365,8462.730000000001,6079.849999999999,2382.880000000002,703.19,0,1,22.20598104664996,1.9584854841633645,3.266127720640176,3.8570893122142054,63,30,33,47.61904761904762,4537.38,2316.78,2220.6,352.51,0,0,,0.06661794313994987,0.23962137104084114,-0.0,0.05,0.023828597903899938,0.01959653609875245,-0.005287167475756592
1b_narrow,597,0.3611514205967823,True,98,18,74.0,44.0,17,6,2.3000000000000003,11,32,1.8,2.2,1.0,0.015,0.5,22.939169383149945,1.3449962853009205,1.3528444464240454,8.383061710866754,133,55,78,41.35338345864662,8943.23,6649.26,2293.9699999999993,741.46,0,1,21.551748880099968,1.8312409603702635,3.0965947565903957,3.814111837277135,67,30,37,44.776119402985074,4747.950000000001,2592.75,2155.2000000000007,373.66,0,0,,0.06465524664029991,0.20781024009256588,-0.0,0.05317460317460318,0.022939169383149948,0.017249814265046026,-0.004677652958882639
1b_narrow,598,0.3968320988956219,True,97,18,75.0,44.0,17,6,2.2,11,32,1.8,2.3000000000000003,1.0,0.015,0.5,20.404883921749953,1.3321196219210283,1.2457516357838077,9.833355088937742,124,50,74,40.32258064516129,8184.13,6143.689999999999,2040.4400000000014,668.52,0,1,25.05007498049992,2.0273379347678984,3.483049494942863,3.7707325919557224,63,29,34,46.03174603174603,4943.4,2438.37,2505.0299999999997,360.06,0,0,,0.07515022494149975,0.25,-0.0,0.05,0.020404883921749953,0.016605981096051416,-0.015328991063679239
1b_narrow,599,0.40703493700301296,True,96,18,75.0,44.0,17,6,2.2,11,32,1.8,2.2,1.0,0.015,0.5,26.348806227649842,1.4226817354198584,1.56551727075103,10.272291040048827,126,54,72,42.857142857142854,8868.5,6233.65,2634.8500000000004,709.86,0,1,23.311122633749928,1.99835113536108,3.36952873287279,4.718343940867088,62,29,33,46.774193548387096,4666.030000000001,2334.94,2331.0900000000006,347.58,0,0,,0.06993336790124978,0.24958778384027003,-0.0,0.049206349206349205,0.026348806227649842,0.021134086770992922,-0.009175456943498802
1b_narrow,600,0.3209249739864088,True,98,18,75.0,44.0,17,5,2.2,11,32,1.8,2.2,1.0,0.015,0.5,17.816898532449848,1.2506686476364133,1.010571197223679,11.318688127639152,140,56,84,40.0,8889.29,7107.63,1781.6600000000008,752.39,0,1,23.22383078650002,1.7182154708263624,3.0377495065613016,5.287346455431549,77,33,44,42.857142857142854,5555.97,3233.5699999999997,2322.4000000000005,436.64,0,0,,0.06967149235950006,0.1795538677065906,-0.0,0.061111111111111116,0.01781689853244985,0.012533432381820664,-0.019761828105063467
1b_narrow,601,0.2385188731229926,True,97,18,75.0,44.0,17,6,2.6,11,32,1.8,2.2,1.0,0.015,0.5,12.344710373399867,1.1585867941324954,0.7177350824804106,13.951673304357998,153,59,94,38.56209150326797,9019.1,7784.570000000001,1234.5299999999997,801.35,0,1,17.866461889549974,1.5079273926454493,2.3826818275726573,4.6282309157103825,82,35,47,42.68292682926829,5304.21,3517.5499999999997,1786.6600000000003,457.41,0,0,,0.053599385668649926,0.12698184816136232,-0.0,0.06507936507936508,0.012344710373399868,0.007929339706624771,-0.02741577586640936
1b_narrow,602,0.3992315223872885,True,99,18,75.0,44.0,17,6,2.2,11,32,1.8,2.1,1.0,0.015,0.5,21.33899312144991,1.3410960765351383,1.3244526460853274,8.486520553072436,129,55,74,42.63565891472868,8389.83,6255.950000000001,2133.879999999999,714.11,0,1,22.93992626745001,1.9865905738357061,3.3545291830519606,3.8569722229585492,64,31,33,48.4375,4619.28,2325.2300000000005,2294.0499999999993,359.5,0,0,,0.06881977880235002,0.24664764345892654,-0.0,0.050793650793650794,0.02133899312144991,0.017054803826756917,-0.005423347615845711
1b_narrow,603,0.41791138488935803,True,97,18,75.0,39.0,17,6,2.2,11,32,1.8,2.2,1.0,0.015,0.5,24.539602277649827,1.3951864079233436,1.475148736014083,10.272291040048827,125,53,72,42.4,8663.410000000002,6209.5,2453.9100000000017,700.99,0,2,24.671532667899957,2.053397208452352,3.515439804645138,3.814172394545924,63,30,33,47.61904761904762,4809.200000000001,2342.07,2467.1300000000006,356.38,0,0,,0.07401459800369986,0.25,-0.0,0.05,0.024539602277649827,0.01975932039616718,-0.00040213578815883493
1b_narrow,604,0.37984271454945295,True,98,18,75.0,44.0,17,6,2.2,11,33,1.8,2.2,1.0,0.015,0.5,21.148989560549765,1.3355456162368768,1.281383723138527,10.416584714768556,126,52,74,41.26984126984127,8417.53,6302.69,2114.840000000001,700.51,0,1,21.43330422400002,1.9208214293386032,3.1286778479171464,3.813850083800739,61,28,33,45.90163934426229,4471.0,2327.65,2143.35,339.73,0,0,,0.06429991267200007,0.2302053573346508,-0.0,0.048412698412698414,0.021148989560549766,0.016777280811843844,-0.0010015242422899318
1b_narrow,605,0.3990347489128753,True,96,18,75.0,41.0,17,6,2.2,11,32,1.8,2.3000000000000003,1.0,0.015,0.5,22.239730607099972,1.3605871346622178,1.3400762587214068,9.833355088937742,125,51,74,40.8,8391.53,6167.58,2223.9500000000007,677.15,0,1,23.63443727995,1.9728657281633324,3.335146833904971,4.718173353234102,62,28,34,45.16129032258065,4792.88,2429.4,2363.48,351.08,0,0,,0.07090331183984999,0.2432164320408331,-0.0,0.049206349206349205,0.022239730607099974,0.01802935673311089,-0.004560431514367846
1b_narrow,606,0.41791138488935803,True,97,18,75.0,39.0,17,6,2.2,11,32,1.8,2.2,1.0,0.015,0.5,24.539602277649827,1.3951864079233436,1.475148736014083,10.272291040048827,125,53,72,42.4,8663.410000000002,6209.5,2453.9100000000017,700.99,0,2,24.671532667899957,2.053397208452352,3.515439804645138,3.814172394545924,63,30,33,47.61904761904762,4809.200000000001,2342.07,2467.1300000000006,356.38,0,0,,0.07401459800369986,0.25,-0.0,0.05,0.024539602277649827,0.01975932039616718,-0.00040213578815883493
1b_narrow,607,0.3943772807076868,True,97,18,75.0,39.0,17,6,2.2,11,32,1.8,2.1,1.0,0.015,0.5,23.828597903899936,1.391930721975049,1.4615491002118106,8.485208500262525,126,55,71,43.65079365079365,8462.730000000001,6079.849999999999,2382.880000000002,703.19,0,2,22.20598104664996,1.9584854841633645,3.266127720640176,3.8570893122142054,63,30,33,47.61904761904762,4537.38,2316.78,2220.6,352.51,0,0,,0.06661794313994987,0.23962137104084114,-0.0,0.05,0.023828597903899938,0.01959653609875245,-0.005287167475756592
1b_narrow,608,0.40703493700301296,True,96,18,75.0,44.0,17,6,2.2,11,32,1.8,2.2,1.0,0.015,0.5,26.348806227649842,1.4226817354198584,1.56551727075103,10.272291040048827,126,54,72,42.857142857142854,8868.5,6233.65,2634.8500000000004,709.86,0,1,23.311122633749928,1.99835113536108,3.36952873287279,4.718343940867088,62,29,33,46.774193548387096,4666.030000000001,2334.94,2331.0900000000006,347.58,0,0,,0.06993336790124978,0.24958778384027003,-0.0,0.049206349206349205,0.026348806227649842,0.021134086770992922,-0.009175456943498802
1b_narrow,609,0.3968320988956219,True,97,18,75.0,40.0,17,6,2.2,11,32,1.8,2.3000000000000003,1.0,0.015,0.5,20.404883921749953,1.3321196219210283,1.2457516357838077,9.833355088937742,124,50,74,40.32258064516129,8184.13,6143.689999999999,2040.4400000000014,668.52,0,2,25.05007498049992,2.0273379347678984,3.483049494942863,3.7707325919557224,63,29,34,46.03174603174603,4943.4,2438.37,2505.0299999999997,360.06,0,0,,0.07515022494149975,0.25,-0.0,0.05,0.020404883921749953,0.016605981096051416,-0.015328991063679239
1b_narrow,610,0.3519072020772888,True,114,18,75.0,36.0,17,6,2.2,11,31,1.8,2.2,1.0,0.015,0.5,13.07721047069992,1.23103029146659,0.8923715666463258,8.897819142954793,120,45,75,37.5,6968.049999999999,5660.340000000001,1307.7099999999982,635.63,0,2,26.956115643150024,2.235906064885286,3.8104566033567866,3.217097693000484,61,30,31,49.18032786885246,4876.69,2181.08,2695.6099999999997,346.26,0,0,,0.08086834692945007,0.25,-0.0,0.048412698412698414,0.013077210470699922,0.011551514573329503,-0.052002568308889094
1b_narrow,611,0.40904684223366067,True,98,18,75.0,37.0,15,6,2.2,11,32,1.8,2.2,1.0,0.015,0.5,23.062796738349988,1.371989231962812,1.3930716386318567,10.27053375968379,124,52,72,41.935483870967744,8506.1,6199.83,2306.2700000000004,688.04,0,2,25.498191950349902,2.1272452376426276,3.6273481153382403,3.81461963850371,61,30,31,49.18032786885246,4811.85,2262.01,2549.84,347.34,0,0,,0.0764945758510497,0.25,-0.0,0.048412698412698414,0.02306279673834999,0.0185994615981406,-0.007522690366578025
1b_narrow,612,0.41791138488935803,True,97,18,76.0,39.0,17,6,2.2,11,32,1.8,2.2,1.0,0.015,0.5,24.539602277649827,1.3951864079233436,1.475148736014083,10.272291040048827,125,53,72,42.4,8663.410000000002,6209.5,2453.9100000000017,700.99,0,2,24.671532667899957,2.053397208452352,3.515439804645138,3.814172394545924,63,30,33,47.61904761904762,4809.200000000001,2342.07,2467.1300000000006,356.38,0,0,,0.07401459800369986,0.25,-0.0,0.05,0.024539602277649827,0.01975932039616718,-0.00040213578815883493
1b_narrow,613,0.36165582545390734,True,97,18,76.0,39.0,17,6,2.2,11,32,1.8,2.8000000000000003,1.0,0.015,0.5,20.44768532259988,1.3083788401823593,1.1622265029682646,10.5527209986048,120,43,77,35.833333333333336,8675.689999999999,6630.869999999999,2044.8199999999997,657.14,0,2,22.109298656499995,1.8803194878002163,2.564690848429147,4.620814300550734,57,24,33,42.10526315789474,4722.46,2511.5200000000004,2210.9399999999996,321.84,0,0,,0.06632789596949998,0.22007987195005407,-0.0,0.045238095238095244,0.020447685322599884,0.015418942009117965,-0.005856665035459799
1b_narrow,614,0.3968320988956219,True,97,18,76.0,39.0,17,6,2.2,11,32,1.8,2.3000000000000003,1.0,0.015,0.5,20.404883921749953,1.3321196219210283,1.2457516357838077,9.833355088937742,124,50,74,40.32258064516129,8184.13,6143.689999999999,2040.4400000000014,668.52,0,2,25.05007498049992,2.0273379347678984,3.483049494942863,3.7707325919557224,63,29,34,46.03174603174603,4943.4,2438.37,2505.0299999999997,360.06,0,0,,0.07515022494149975,0.25,-0.0,0.05,0.020404883921749953,0.016605981096051416,-0.015328991063679239
1b_narrow,615,0.40703493700301296,True,96,18,76.0,38.0,17,6,2.2,11,32,1.8,2.2,1.0,0.015,0.5,26.348806227649842,1.4226817354198584,1.56551727075103,10.272291040048827,126,54,72,42.857142857142854,8868.5,6233.65,2634.8500000000004,709.86,0,2,23.311122633749928,1.99835113536108,3.36952873287279,4.718343940867088,62,29,33,46.774193548387096,4666.030000000001,2334.94,2331.0900000000006,347.58,0,0,,0.06993336790124978,0.24958778384027003,-0.0,0.049206349206349205,0.026348806227649842,0.021134086770992922,-0.009175456943498802
1b_narrow,616,0.3947574746096481,True,98,18,74.0,39.0,17,6,2.2,11,32,1.8,2.1,1.0,0.015,0.5,23.47281497799997,1.384107477438411,1.4420053788472196,8.485208500262525,127,55,72,43.30708661417323,8458.350000000002,6111.05,2347.300000000002,708.84,0,2,22.20598104664996,1.9584854841633645,3.266127720640176,3.8570893122142054,63,30,33,47.61904761904762,4537.38,2316.78,2220.6,352.51,0,0,,0.06661794313994987,0.23962137104084114,-0.0,0.05,0.02347281497799997,0.01920537387192055,-0.004160028421063401
1b_narrow,617,0.4070213671156002,True,96,18,76.0,39.0,17,6,2.2,12,32,1.8,2.2,1.0,0.015,0.5,22.703906607949882,1.3638356585867715,1.3702110817286797,10.542803916126173,126,53,73,42.06349206349206,8510.58,6240.18,2270.3999999999996,692.28,0,2,23.589837669749958,1.9960815609574842,3.3974150273974075,4.809521610258292,62,29,33,46.774193548387096,4727.3,2368.29,2359.01,348.13,0,0,,0.07076951300924987,0.24902039023937106,-0.0,0.049206349206349205,0.022703906607949884,0.018191782929338575,-0.0028705748766583478
1b_narrow,618,0.41791138488935803,True,97,18,76.0,39.0,17,6,2.2,11,32,1.8,2.2,1.0,0.015,0.5,24.539602277649827,1.3951864079233436,1.475148736014083,10.272291040048827,125,53,72,42.4,8663.410000000002,6209.5,2453.9100000000017,700.99,0,2,24.671532667899957,2.053397208452352,3.515439804645138,3.814172394545924,63,30,33,47.61904761904762,4809.200000000001,2342.07,2467.1300000000006,356.38,0,0,,0.07401459800369986,0.25,-0.0,0.05,0.024539602277649827,0.01975932039616718,-0.00040213578815883493
1b_narrow,619,0.4160750036675647,True,98,18,75.0,39.0,17,6,2.2,11,32,1.8,2.2,1.0,0.015,0.5,24.18365600249985,1.3874935306116236,1.4560296513012574,10.272291040048827,126,53,73,42.06349206349206,8659.25,6240.93,2418.3199999999997,706.67,0,2,24.671532667899957,2.053397208452352,3.515439804645138,3.814172394545924,63,30,33,47.61904761904762,4809.200000000001,2342.07,2467.1300000000006,356.38,0,0,,0.07401459800369986,0.25,-0.0,0.05,0.02418365600249985,0.019374676530581184,-0.0014979268692161488
1b_narrow,620,0.3943772807076868,True,97,18,77.0,39.0,17,6,2.2,11,32,1.8,2.1,1.0,0.015,0.5,23.828597903899936,1.391930721975049,1.4615491002118106,8.485208500262525,126,55,71,43.65079365079365,8462.730000000001,6079.849999999999,2382.880000000002,703.19,0,2,22.20598104664996,1.9584854841633645,3.266127720640176,3.8570893122142054,63,30,33,47.61904761904762,4537.38,2316.78,2220.6,352.51,0,0,,0.06661794313994987,0.23962137104084114,-0.0,0.05,0.023828597903899938,0.01959653609875245,-0.005287167475756592
1b_narrow,621,-1.0515873015873016,False,97,18,76.0,39.0,17,9,2.2,11,32,1.8,2.2,1.0,0.015,0.5,6.139211265849917,1.1804808786220966,0.5919984203085182,10.07399967920689,77,28,49,36.36363636363637,4015.6299999999997,3401.69,613.9399999999996,396.75,0,2,8.270169412250052,1.612360798483592,1.880213737875508,3.6046505655626087,38,15,23,39.473684210526315,2177.59,1350.5600000000002,827.03,200.08,0,0,0.30952380952380953,,,,,,,
1b_narrow,622,0.4160750036675647,True,98,18,77.0,39.0,17,6,2.2,11,32,1.8,2.2,1.0,0.015,0.5,24.18365600249985,1.3874935306116236,1.4560296513012574,10.272291040048827,126,53,73,42.06349206349206,8659.25,6240.93,2418.3199999999997,706.67,0,2,24.671532667899957,2.053397208452352,3.515439804645138,3.814172394545924,63,30,33,47.61904761904762,4809.200000000001,2342.07,2467.1300000000006,356.38,0,0,,0.07401459800369986,0.25,-0.0,0.05,0.02418365600249985,0.019374676530581184,-0.0014979268692161488
1b_narrow,623,0.3670863265730142,True,95,18,76.0,39.0,17,6,2.2,11,32,1.8,2.3000000000000003,1.0,0.015,0.5,22.04166287474998,1.3589721457223498,1.322850762420233,9.83309898063104,125,51,74,40.8,8344.32,6140.169999999999,2204.1500000000005,672.56,0,2,22.32452712699993,1.8284422871392951,3.1245749659364104,4.718626894847671,68,29,39,42.64705882352941,4927.14,2694.7199999999993,2232.420000000001,383.75,0,0,,0.06697358138099979,0.20711057178482378,-0.0,0.05396825396825397,0.022041662874749984,0.017948607286117493,-0.0009563507219307888
1b_narrow,624,0.40703493700301296,True,96,18,76.0,39.0,17,6,2.2,11,32,1.8,2.2,1.0,0.015,0.5,26.348806227649842,1.4226817354198584,1.56551727075103,10.272291040048827,126,54,72,42.857142857142854,8868.5,6233.65,2634.8500000000004,709.86,0,2,23.311122633749928,1.99835113536108,3.36952873287279,4.718343940867088,62,29,33,46.774193548387096,4666.030000000001,2334.94,2331.0900000000006,347.58,0,0,,0.06993336790124978,0.24958778384027003,-0.0,0.049206349206349205,0.026348806227649842,0.021134086770992922,-0.009175456943498802
1b_narrow,625,0.345310180544552,True,97,18,76.0,39.0,17,6,2.2,11,33,1.8,2.1,1.0,0.015,0.5,20.889801769500007,1.3400109702484906,1.2879719498204918,8.647070138977835,126,54,72,42.857142857142854,8232.88,6143.89,2088.989999999999,697.21,0,2,19.168132927949898,1.8317986148478587,2.886197563767092,3.857228402643626,61,28,33,45.90163934426229,4221.2699999999995,2304.44,1916.8299999999995,336.32,0,0,,0.05750439878384969,0.20794965371196467,-0.0,0.048412698412698414,0.02088980176950001,0.01700054851242453,-0.006446920645885335
1b_narrow,626,0.26364639781117705,True,97,18,77.0,39.0,17,6,2.2,11,31,2.0,2.3000000000000003,1.0,0.015,0.5,12.76539532789995,1.2374503800322183,0.8686078834782708,10.561916789131178,104,40,64,38.46153846153846,6652.360000000001,5375.86,1276.500000000001,547.25,0,1,12.743608140450032,1.6607659521513238,2.2211632966000714,5.861909090829766,45,19,26,42.22222222222222,3202.92,1928.58,1274.3400000000001,244.85,0,0,,0.0382308244213501,0.16519148803783096,-0.0,0.03571428571428572,0.01276539532789995,0.011872519001610916,-0.00012811469180058733
1b_narrow,627,0.40703493700301296,True,96,18,76.0,39.0,17,6,2.2,11,32,1.8,2.2,1.0,0.015,0.5,26.348806227649842,1.4226817354198584,1.56551727075103,10.272291040048827,126,54,72,42.857142857142854,8868.5,6233.65,2634.8500000000004,709.86,0,2,23.311122633749928,1.99835113536108,3.36952873287279,4.718343940867088,62,29,33,46.774193548387096,4666.030000000001,2334.94,2331.0900000000006,347.58,0,0,,0.06993336790124978,0.24958778384027003,-0.0,0.049206349206349205,0.026348806227649842,0.021134086770992922,-0.009175456943498802
1b_narrow,628,0.4160750036675647,True,98,18,76.0,39.0,17,6,2.2,11,32,1.8,2.2,1.0,0.015,0.5,24.18365600249985,1.3874935306116236,1.4560296513012574,10.272291040048827,126,53,73,42.06349206349206,8659.25,6240.93,2418.3199999999997,706.67,0,2,24.671532667899957,2.053397208452352,3.515439804645138,3.814172394545924,63,30,33,47.61904761904762,4809.200000000001,2342.07,2467.1300000000006,356.38,0,0,,0.07401459800369986,0.25,-0.0,0.05,0.02418365600249985,0.019374676530581184,-0.0014979268692161488
1b_narrow,629,0.3968320988956219,True,97,18,76.0,38.0,17,6,2.2,11,32,1.8,2.3000000000000003,1.0,0.015,0.5,20.404883921749953,1.3321196219210283,1.2457516357838077,9.833355088937742,124,50,74,40.32258064516129,8184.13,6143.689999999999,2040.4400000000014,668.52,0,2,25.05007498049992,2.0273379347678984,3.483049494942863,3.7707325919557224,63,29,34,46.03174603174603,4943.4,2438.37,2505.0299999999997,360.06,0,0,,0.07515022494149975,0.25,-0.0,0.05,0.020404883921749953,0.016605981096051416,-0.015328991063679239
1b_narrow,630,0.40703493700301296,True,96,19,76.0,39.0,17,6,2.2,11,32,1.8,2.2,1.0,0.015,0.5,26.348806227649842,1.4226817354198584,1.56551727075103,10.272291040048827,126,54,72,42.857142857142854,8868.5,6233.65,2634.8500000000004,709.86,0,2,23.311122633749928,1.99835113536108,3.36952873287279,4.718343940867088,62,29,33,46.774193548387096,4666.030000000001,2334.94,2331.0900000000006,347.58,0,0,,0.06993336790124978,0.24958778384027003,-0.0,0.049206349206349205,0.026348806227649842,0.021134086770992922,-0.009175456943498802
1b_narrow,631,0.3943772807076868,True,97,18,76.0,39.0,17,6,2.2,11,32,1.8,2.1,1.0,0.015,0.5,23.828597903899936,1.391930721975049,1.4615491002118106,8.485208500262525,126,55,71,43.65079365079365,8462.730000000001,6079.849999999999,2382.880000000002,703.19,0,2,22.20598104664996,1.9584854841633645,3.266127720640176,3.8570893122142054,63,30,33,47.61904761904762,4537.38,2316.78,2220.6,352.51,0,0,,0.06661794313994987,0.23962137104084114,-0.0,0.05,0.023828597903899938,0.01959653609875245,-0.005287167475756592
1b_narrow,632,0.40566086511722815,True,99,18,78.0,39.0,17,6,2.2,11,32,1.8,2.2,1.0,0.015,0.5,22.038740758599833,1.3450585032011182,1.340594048189659,10.27095207189804,128,53,75,41.40625,8590.659999999998,6386.83,2203.829999999998,712.11,0,2,25.45727893260002,2.0827772177633737,3.6059915731818455,3.814432757084375,64,31,33,48.4375,4896.88,2351.1299999999997,2545.7500000000005,363.43,0,0,,0.07637183679780006,0.25,-0.0,0.050793650793650794,0.022038740758599833,0.017252925160055912,-0.010796288392878465
1b_narrow,633,0.4160750036675647,True,98,18,76.0,39.0,17,6,2.2,11,32,1.8,2.2,1.0,0.015,0.5,24.18365600249985,1.3874935306116236,1.4560296513012574,10.272291040048827,126,53,73,42.06349206349206,8659.25,6240.93,2418.3199999999997,706.67,0,2,24.671532667899957,2.053397208452352,3.515439804645138,3.814172394545924,63,30,33,47.61904761904762,4809.200000000001,2342.07,2467.1300000000006,356.38,0,0,,0.07401459800369986,0.25,-0.0,0.05,0.02418365600249985,0.019374676530581184,-0.0014979268692161488
1b_narrow,634,0.3289908210384031,True,95,18,76.0,38.0,17,6,2.2,11,32,1.8,2.1,1.0,0.015,0.5,25.338785249199937,1.4170214656833784,1.5301982500252918,8.487178170849644,127,56,71,44.09448818897638,8610.119999999999,6076.209999999999,2533.91,707.33,0,2,19.504851692299944,1.7593296219877756,2.8811619491644502,4.718149264829688,68,30,38,44.11764705882353,4519.19,2568.7000000000003,1950.4899999999993,375.65,0,0,,0.05851455507689983,0.1898324054969439,-0.0,0.05396825396825397,0.025338785249199938,0.020851073284168922,-0.019514252037063473
1b_narrow,635,0.2982678408749857,True,97,18,74.0,39.0,17,6,2.2,11,37,1.8,2.2,1.0,0.015,0.5,12.179400576249991,1.1932502439527486,0.750252650040615,13.731238203360597,120,47,73,39.166666666666664,7520.4,6302.449999999999,1217.9500000000007,638.99,0,2,19.58720521850002,1.82009788939085,2.8377430912875514,3.813827351595226,60,28,32,46.666666666666664,4347.139999999999,2388.41,1958.7299999999996,330.48,0,0,,0.05876161565550006,0.20502447234771248,-0.0,0.047619047619047616,0.012179400576249992,0.00966251219763743,-0.03497920752116189
1b_narrow,636,0.40703493700301296,True,96,18,76.0,40.0,17,6,2.2,11,32,1.8,2.2,1.0,0.015,0.5,26.348806227649842,1.4226817354198584,1.56551727075103,10.272291040048827,126,54,72,42.857142857142854,8868.5,6233.65,2634.8500000000004,709.86,0,2,23.311122633749928,1.99835113536108,3.36952873287279,4.718343940867088,62,29,33,46.774193548387096,4666.030000000001,2334.94,2331.0900000000006,347.58,0,0,,0.06993336790124978,0.24958778384027003,-0.0,0.049206349206349205,0.026348806227649842,0.021134086770992922,-0.009175456943498802
1b_narrow,637,0.30571210660583664,True,110,18,77.0,39.0,17,6,2.1,11,33,1.8,2.2,1.0,0.015,0.5,7.767909469699916,1.1416587643154135,0.5688099594141675,9.236273501654427,114,41,73,35.96491228070175,6260.400000000001,5483.599999999999,776.8000000000011,597.74,0,1,23.16172438929998,2.146511696977497,3.576736282267511,3.1886635935115155,58,27,31,46.55172413793103,4336.34,2020.18,2316.16,326.82,0,0,,0.06948517316789994,0.25,-0.0,0.046031746031746035,0.007767909469699916,0.0070829382157706735,-0.07465566027927992
1b_narrow,638,0.3837004226876095,True,99,18,76.0,39.0,17,6,2.2,11,32,1.8,2.3000000000000003,1.0,0.015,0.5,17.990737517550006,1.2850169833081964,1.1133254908884644,9.833275261613114,127,50,77,39.37007874015748,8111.13,6312.08,1799.0500000000002,679.18,0,2,25.87817669164997,2.0568871935406143,3.576147752677894,3.770591010350043,64,30,34,46.875,5036.35,2448.53,2587.82,367.31,0,0,,0.0776345300749499,0.25,-0.0,0.050793650793650794,0.017990737517550006,0.014250849165409819,-0.026969344863951004
1b_narrow,639,0.3607055014026184,True,97,18,74.0,39.0,17,6,2.3000000000000003,11,32,1.8,2.2,1.0,0.015,0.5,23.29403312639997,1.351979280937314,1.3714600763011773,8.383061710866754,132,55,77,41.666666666666664,8947.48,6618.0599999999995,2329.42,735.78,0,2,21.551748880099968,1.8312409603702635,3.0965947565903957,3.814111837277135,67,30,37,44.776119402985074,4747.950000000001,2592.75,2155.2000000000007,373.66,0,0,,0.06465524664029991,0.20781024009256588,-0.0,0.05317460317460318,0.023294033126399973,0.017598964046865697,-0.005827585678116203
1b_narrow,640,0.3322252669254345,True,98,18,76.0,39.0,17,6,2.2,11,31,1.8,2.1,1.0,0.015,0.5,22.55705050614988,1.375234137691261,1.412020947029306,7.047491274477201,127,54,73,42.51968503937008,8267.109999999999,6011.419999999999,2255.6899999999996,706.18,0,2,18.793128257049958,1.792723821575451,2.8229131526358824,3.8571274483402163,63,29,34,46.03174603174603,4250.1,2370.75,1879.3500000000004,346.42,0,0,,0.05637938477114987,0.19818095539386277,-0.0,0.05,0.02255705050614988,0.018761706884563047,-0.013653830630291052
1b_narrow,641,0.41791138488935803,True,97,18,76.0,39.0,17,6,2.2,11,32,1.8,2.2,1.0,0.015,0.5,24.539602277649827,1.3951864079233436,1.475148736014083,10.272291040048827,125,53,72,42.4,8663.410000000002,6209.5,2453.9100000000017,700.99,0,2,24.671532667899957,2.053397208452352,3.515439804645138,3.814172394545924,63,30,33,47.61904761904762,4809.200000000001,2342.07,2467.1300000000006,356.38,0,0,,0.07401459800369986,0.25,-0.0,0.05,0.024539602277649827,0.01975932039616718,-0.00040213578815883493
1b_narrow,642,0.3948521547583578,True,98,18,76.0,39.0,17,6,2.2,11,32,1.8,2.3000000000000003,1.0,0.015,0.5,20.057964748699998,1.3248895324729175,1.2267977637505274,9.833355088937742,125,50,75,40.0,8179.55,6173.760000000001,2005.789999999999,673.99,0,2,25.05007498049992,2.0273379347678984,3.483049494942863,3.7707325919557224,63,29,34,46.03174603174603,4943.4,2438.37,2505.0299999999997,360.06,0,0,,0.07515022494149975,0.25,-0.0,0.05,0.0200579647487,0.016244476623645875,-0.016600511555487855
1b_narrow,643,0.24678344566176244,True,96,18,74.0,39.0,17,6,2.2,11,32,1.8,3.1,1.0,0.015,0.5,8.0574669935999,1.1258583201604486,0.4955704579949296,10.045844469814801,113,35,78,30.97345132743363,7207.789999999999,6402.04,805.7499999999991,586.95,0,2,20.30262056960006,1.7610383281791773,2.313897461863216,5.494493586030692,58,22,36,37.93103448275862,4698.01,2667.75,2030.2600000000002,321.0,0,0,,0.06090786170880017,0.19025958204479432,-0.0,0.046031746031746035,0.008057466993599901,0.006292916008022432,-0.06476612712520041
1b_narrow,644,0.41791138488935803,True,97,18,75.0,40.0,17,6,2.2,11,32,1.8,2.2,1.0,0.015,0.5,24.539602277649827,1.3951864079233436,1.475148736014083,10.272291040048827,125,53,72,42.4,8663.410000000002,6209.5,2453.9100000000017,700.99,0,2,24.671532667899957,2.053397208452352,3.515439804645138,3.814172394545924,63,30,33,47.61904761904762,4809.200000000001,2342.07,2467.1300000000006,356.38,0,0,,0.07401459800369986,0.25,-0.0,0.05,0.024539602277649827,0.01975932039616718,-0.00040213578815883493
1b_narrow,645,0.41791138488935803,True,97,18,75.0,40.0,17,6,2.2,11,32,1.8,2.2,1.0,0.015,0.5,24.539602277649827,1.3951864079233436,1.475148736014083,10.272291040048827,125,53,72,42.4,8663.410000000002,6209.5,2453.9100000000017,700.99,0,2,24.671532667899957,2.053397208452352,3.515439804645138,3.814172394545924,63,30,33,47.61904761904762,4809.200000000001,2342.07,2467.1300000000006,356.38,0,0,,0.07401459800369986,0.25,-0.0,0.05,0.024539602277649827,0.01975932039616718,-0.00040213578815883493
1b_narrow,646,0.39411301356045986,True,98,18,77.0,37.0,17,6,2.2,11,32,1.8,2.3000000000000003,1.0,0.015,0.5,20.057964748699998,1.3248895324729175,1.2267977637505274,9.833355088937742,125,50,75,40.0,8179.55,6173.760000000001,2005.789999999999,673.99,0,2,25.695861725899977,2.0762271737309432,3.568352315054237,3.770769383295494,62,29,33,46.774193548387096,4957.200000000001,2387.6000000000004,2569.6000000000004,355.52,0,0,,0.07708758517769992,0.25,-0.0,0.049206349206349205,0.0200579647487,0.016244476623645875,-0.018483362195935125
1b_narrow,647,0.40703493700301296,True,96,18,75.0,39.0,17,6,2.2,11,32,1.8,2.2,1.0,0.015,0.5,26.348806227649842,1.4226817354198584,1.56551727075103,10.272291040048827,126,54,72,42.857142857142854,8868.5,6233.65,2634.8500000000004,709.86,0,2,23.311122633749928,1.99835113536108,3.36952873287279,4.718343940867088,62,29,33,46.774193548387096,4666.030000000001,2334.94,2331.0900000000006,347.58,0,0,,0.06993336790124978,0.24958778384027003,-0.0,0.049206349206349205,0.026348806227649842,0.021134086770992922,-0.009175456943498802
1b_narrow,648,0.40794144174063884,True,97,18,75.0,36.0,17,6,2.2,11,32,1.8,2.1,1.0,0.015,0.5,23.828597903899936,1.391930721975049,1.4615491002118106,8.485208500262525,126,55,71,43.65079365079365,8462.730000000001,6079.849999999999,2382.880000000002,703.19,0,2,22.8348211207,2.007504996712979,3.3549990753340064,3.8577716506262774,62,30,32,48.38709677419355,4549.99,2266.49,2283.5,348.03000000000003,0,0,,0.06850446336209999,0.25,-0.0,0.049206349206349205,0.023828597903899938,0.01959653609875245,-0.003194504830462723
1b_narrow,649,0.4160750036675647,True,98,19,75.0,41.0,17,6,2.2,11,32,1.8,2.2,1.0,0.015,0.5,24.18365600249985,1.3874935306116236,1.4560296513012574,10.272291040048827,126,53,73,42.06349206349206,8659.25,6240.93,2418.3199999999997,706.67,0,1,24.671532667899957,2.053397208452352,3.515439804645138,3.814172394545924,63,30,33,47.61904761904762,4809.200000000001,2342.07,2467.1300000000006,356.38,0,0,,0.07401459800369986,0.25,-0.0,0.05,0.02418365600249985,0.019374676530581184,-0.0014979268692161488
1b_narrow,650,0.3943772807076868,True,97,18,75.0,39.0,17,6,2.2,11,32,1.8,2.1,1.0,0.015,0.5,23.828597903899936,1.391930721975049,1.4615491002118106,8.485208500262525,126,55,71,43.65079365079365,8462.730000000001,6079.849999999999,2382.880000000002,703.19,0,2,22.20598104664996,1.9584854841633645,3.266127720640176,3.8570893122142054,63,30,33,47.61904761904762,4537.38,2316.78,2220.6,352.51,0,0,,0.06661794313994987,0.23962137104084114,-0.0,0.05,0.023828597903899938,0.01959653609875245,-0.005287167475756592
1b_narrow,651,0.40703493700301296,True,96,18,78.0,39.0,17,6,2.2,11,32,1.8,2.2,1.0,0.015,0.5,26.348806227649842,1.4226817354198584,1.56551727075103,10.272291040048827,126,54,72,42.857142857142854,8868.5,6233.65,2634.8500000000004,709.86,0,2,23.311122633749928,1.99835113536108,3.36952873287279,4.718343940867088,62,29,33,46.774193548387096,4666.030000000001,2334.94,2331.0900000000006,347.58,0,0,,0.06993336790124978,0.24958778384027003,-0.0,0.049206349206349205,0.026348806227649842,0.021134086770992922,-0.009175456943498802
1b_narrow,652,0.41791138488935803,True,97,17,75.0,40.0,17,6,2.2,11,32,1.8,2.2,1.0,0.015,0.5,24.539602277649827,1.3951864079233436,1.475148736014083,10.272291040048827,125,53,72,42.4,8663.410000000002,6209.5,2453.9100000000017,700.99,0,1,24.671532667899957,2.053397208452352,3.515439804645138,3.814172394545924,63,30,33,47.61904761904762,4809.200000000001,2342.07,2467.1300000000006,356.38,0,0,,0.07401459800369986,0.25,-0.0,0.05,0.024539602277649827,0.01975932039616718,-0.00040213578815883493
1b_narrow,653,0.41791138488935803,True,97,18,75.0,39.0,17,6,2.2,11,32,1.8,2.2,1.0,0.015,0.5,24.539602277649827,1.3951864079233436,1.475148736014083,10.272291040048827,125,53,72,42.4,8663.410000000002,6209.5,2453.9100000000017,700.99,0,2,24.671532667899957,2.053397208452352,3.515439804645138,3.814172394545924,63,30,33,47.61904761904762,4809.200000000001,2342.07,2467.1300000000006,356.38,0,0,,0.07401459800369986,0.25,-0.0,0.05,0.024539602277649827,0.01975932039616718,-0.00040213578815883493
1b_narrow,654,0.2908173466127087,True,98,18,74.0,38.0,17,6,2.1,11,33,1.8,2.2,1.0,0.015,0.5,14.229044984449809,1.248325462395767,0.9627145819721458,8.735188300353276,119,47,72,39.49579831932773,7152.83,5729.94,1422.8900000000003,643.64,0,2,15.697146189349914,1.7168044202931638,2.5102070771755565,4.246435804396536,57,25,32,43.85964912280702,3759.6299999999997,2189.9,1569.7299999999996,309.14,0,0,,0.04709143856804974,0.17920110507329096,-0.0,0.045238095238095244,0.01422904498444981,0.012416273119788346,-0.0073586103709653945
1b_narrow,655,0.34431501682671223,True,96,18,76.0,44.0,17,6,2.2,11,31,1.8,2.3000000000000003,1.0,0.015,0.5,21.16606601024996,1.3489936980401598,1.3004943565910485,8.414979619451936,125,50,75,40.0,8181.349999999999,6064.78,2116.5699999999997,673.96,0,1,19.951135542299944,1.804286831517927,2.8765239427050653,4.719006185039481,62,27,35,43.54838709677419,4475.75,2480.62,1995.13,344.72,0,0,,0.05985340662689983,0.20107170787948175,-0.0,0.049206349206349205,0.02116606601024996,0.01744968490200799,-0.004432197798276489
1b_narrow,656,0.3730595681555816,True,104,18,75.0,39.0,17,6,2.2,11,32,1.8,2.1,1.0,0.015,0.5,16.09744771329997,1.2590577348622007,1.047227674580629,7.4255941835468615,130,54,76,41.53846153846154,7823.47,6213.75,1609.7200000000003,692.88,0,2,27.382506367949937,2.210622184298832,3.8647365038504353,3.42370554421138,64,32,32,50.0,5000.139999999999,2261.87,2738.2699999999995,366.13,0,0,,0.0821475191038498,0.25,-0.0,0.050793650793650794,0.016097447713299972,0.012952886743110037,-0.03893193619832897
1b_narrow,657,-1.0119047619047619,False,95,18,75.0,39.0,17,8,2.2,11,32,1.8,2.3000000000000003,1.0,0.015,0.5,7.99251949644995,1.197504750561542,0.7145197986384961,7.9286321985646735,91,33,58,36.26373626373626,4846.169999999999,4046.8900000000003,799.2799999999988,472.58,0,2,10.089879260100005,1.6459576429614076,2.0696049348236225,4.479754556484926,43,17,26,39.53488372093023,2570.92,1561.96,1008.96,227.66,0,0,0.0714285714285714,,,,,,,
1b_narrow,658,0.41791138488935803,True,97,18,75.0,38.0,17,6,2.2,11,32,1.8,2.2,1.0,0.015,0.5,24.539602277649827,1.3951864079233436,1.475148736014083,10.272291040048827,125,53,72,42.4,8663.410000000002,6209.5,2453.9100000000017,700.99,0,2,24.671532667899957,2.053397208452352,3.515439804645138,3.814172394545924,63,30,33,47.61904761904762,4809.200000000001,2342.07,2467.1300000000006,356.38,0,0,,0.07401459800369986,0.25,-0.0,0.05,0.024539602277649827,0.01975932039616718,-0.00040213578815883493
1b_narrow,659,0.3344916482309568,True,96,18,75.0,44.0,17,6,2.3000000000000003,11,32,1.8,2.2,1.0,0.015,0.5,26.941462804549975,1.4049547274629348,1.5496555884806658,8.383061710866754,134,57,77,42.53731343283582,9347.220000000001,6653.039999999998,2694.180000000003,752.03,0,1,20.226258135599984,1.7823920779823617,2.9482117464413613,4.718661917722175,66,29,37,43.93939393939394,4607.840000000001,2585.2,2022.6400000000012,364.94,0,0,,0.060678774406799946,0.19559801949559041,-0.0,0.05238095238095239,0.026941462804549978,0.02024773637314674,-0.021355297230082705
1b_narrow,660,0.4160750036675647,True,98,18,75.0,44.0,17,6,2.2,11,32,1.8,2.2,1.0,0.015,0.5,24.18365600249985,1.3874935306116236,1.4560296513012574,10.272291040048827,126,53,73,42.06349206349206,8659.25,6240.93,2418.3199999999997,706.67,0,1,24.671532667899957,2.053397208452352,3.515439804645138,3.814172394545924,63,30,33,47.61904761904762,4809.200000000001,2342.07,2467.1300000000006,356.38,0,0,,0.07401459800369986,0.25,-0.0,0.05,0.02418365600249985,0.019374676530581184,-0.0014979268692161488
1b_narrow,661,0.3968320988956219,True,97,18,75.0,44.0,17,6,2.2,11,32,1.8,2.3000000000000003,1.0,0.015,0.5,20.404883921749953,1.3321196219210283,1.2457516357838077,9.833355088937742,124,50,74,40.32258064516129,8184.13,6143.689999999999,2040.4400000000014,668.52,0,1,25.05007498049992,2.0273379347678984,3.483049494942863,3.7707325919557224,63,29,34,46.03174603174603,4943.4,2438.37,2505.0299999999997,360.06,0,0,,0.07515022494149975,0.25,-0.0,0.05,0.020404883921749953,0.016605981096051416,-0.015328991063679239
1b_narrow,662,0.345310180544552,True,97,18,75.0,44.0,17,6,2.2,11,33,1.8,2.1,1.0,0.015,0.5,20.889801769500007,1.3400109702484906,1.2879719498204918,8.647070138977835,126,54,72,42.857142857142854,8232.88,6143.89,2088.989999999999,697.21,0,1,19.168132927949898,1.8317986148478587,2.886197563767092,3.857228402643626,61,28,33,45.90163934426229,4221.2699999999995,2304.44,1916.8299999999995,336.32,0,0,,0.05750439878384969,0.20794965371196467,-0.0,0.048412698412698414,0.02088980176950001,0.01700054851242453,-0.006446920645885335
1b_narrow,663,0.41791138488935803,True,97,18,75.0,39.0,17,6,2.2,11,32,1.8,2.2,1.0,0.015,0.5,24.539602277649827,1.3951864079233436,1.475148736014083,10.272291040048827,125,53,72,42.4,8663.410000000002,6209.5,2453.9100000000017,700.99,0,2,24.671532667899957,2.053397208452352,3.515439804645138,3.814172394545924,63,30,33,47.61904761904762,4809.200000000001,2342.07,2467.1300000000006,356.38,0,0,,0.07401459800369986,0.25,-0.0,0.05,0.024539602277649827,0.01975932039616718,-0.00040213578815883493
1b_narrow,664,0.40703493700301296,True,96,18,75.0,44.0,17,6,2.2,11,32,1.8,2.2,1.0,0.015,0.5,26.348806227649842,1.4226817354198584,1.56551727075103,10.272291040048827,126,54,72,42.857142857142854,8868.5,6233.65,2634.8500000000004,709.86,0,1,23.311122633749928,1.99835113536108,3.36952873287279,4.718343940867088,62,29,33,46.774193548387096,4666.030000000001,2334.94,2331.0900000000006,347.58,0,0,,0.06993336790124978,0.24958778384027003,-0.0,0.049206349206349205,0.026348806227649842,0.021134086770992922,-0.009175456943498802
1b_narrow,665,0.4160750036675647,True,98,17,76.0,44.0,17,6,2.2,11,32,1.8,2.2,1.0,0.015,0.5,24.18365600249985,1.3874935306116236,1.4560296513012574,10.272291040048827,126,53,73,42.06349206349206,8659.25,6240.93,2418.3199999999997,706.67,0,1,24.671532667899957,2.053397208452352,3.515439804645138,3.814172394545924,63,30,33,47.61904761904762,4809.200000000001,2342.07,2467.1300000000006,356.38,0,0,,0.07401459800369986,0.25,-0.0,0.05,0.02418365600249985,0.019374676530581184,-0.0014979268692161488
1b_narrow,666,0.3943772807076868,True,97,18,75.0,44.0,17,6,2.2,11,32,1.8,2.1,1.0,0.015,0.5,23.828597903899936,1.391930721975049,1.4615491002118106,8.485208500262525,126,55,71,43.65079365079365,8462.730000000001,6079.849999999999,2382.880000000002,703.19,0,1,22.20598104664996,1.9584854841633645,3.266127720640176,3.8570893122142054,63,30,33,47.61904761904762,4537.38,2316.78,2220.6,352.51,0,0,,0.06661794313994987,0.23962137104084114,-0.0,0.05,0.023828597903899938,0.01959653609875245,-0.005287167475756592
1b_narrow,667,0.40703493700301296,True,96,18,75.0,44.0,17,6,2.2,11,32,1.8,2.2,1.0,0.015,0.5,26.348806227649842,1.4226817354198584,1.56551727075103,10.272291040048827,126,54,72,42.857142857142854,8868.5,6233.65,2634.8500000000004,709.86,0,1,23.311122633749928,1.99835113536108,3.36952873287279,4.718343940867088,62,29,33,46.774193548387096,4666.030000000001,2334.94,2331.0900000000006,347.58,0,0,,0.06993336790124978,0.24958778384027003,-0.0,0.049206349206349205,0.026348806227649842,0.021134086770992922,-0.009175456943498802
1b_narrow,668,0.37843758536874866,True,102,18,75.0,44.0,17,6,2.2,11,32,1.8,2.3000000000000003,1.0,0.015,0.5,16.569086160399912,1.2667168909858615,1.0478068962153262,9.833086626803754,126,49,77,38.888888888888886,7869.01,6212.13,1656.88,660.84,0,1,30.286180419549964,2.2452295686567965,4.032752351940151,3.4236492144408133,65,31,34,47.69230769230769,5460.780000000001,2432.17,3028.6100000000006,380.09000000000003,0,0,,0.09085854125864988,0.25,-0.0,0.0515873015873016,0.016569086160399912,0.013335844549293076,-0.04391318818689579
1b_narrow,669,0.3784501863184054,True,99,18,77.0,44.0,17,6,2.2,11,31,1.8,2.2,1.0,0.015,0.5,21.05256062409986,1.335283756278886,1.305259764309521,8.858264795776732,128,52,76,40.625,8384.22,6278.9800000000005,2105.239999999999,708.75,0,1,21.83850296969993,1.9082916035868174,3.1570149883612366,3.8137577603985227,64,30,34,46.875,4588.22,2404.36,2183.86,356.87,0,0,,0.06551550890909978,0.22707290089670434,-0.0,0.050793650793650794,0.021052560624099863,0.016764187813944297,-0.0027486227190936926
1b_narrow,670,0.4084830368216495,True,98,18,75.0,44.0,18,6,2.2,11,32,1.8,2.2,1.0,0.015,0.5,24.84519204364986,1.4008690446801264,1.4915491917542778,9.789396889231963,125,53,72,42.4,8682.039999999999,6197.610000000001,2484.4299999999985,702.8,0,1,23.719798276549938,1.9804691536633254,3.3903339905748027,3.8137174744804443,64,30,34,46.875,4791.25,2419.25,2372.0,360.55,0,0,,0.07115939482964981,0.24511728841583136,-0.0,0.050793650793650794,0.024845192043649864,0.02004345223400632,-0.003475941495138629
1b_narrow,671,0.36399007194374083,True,97,18,75.0,39.0,17,6,2.2,11,32,1.9,2.2,1.0,0.015,0.5,21.174364515849994,1.369273026918147,1.3561161157663644,11.280037626607383,115,49,66,42.608695652173914,7851.4800000000005,5734.05,2117.4300000000003,638.57,0,2,19.758745412849983,1.9001011288162462,2.9475055480694143,3.423896275133072,57,26,31,45.6140350877193,4171.139999999999,2195.22,1975.9199999999996,314.41,0,0,,0.05927623623854994,0.22502528220406154,-0.0,0.045238095238095244,0.021174364515849996,0.018463651345907352,-0.005187557598723251
1b_narrow,672,0.3741142268719089,True,96,18,75.0,44.0,17,6,2.2,11,32,1.8,2.7,1.0,0.015,0.5,16.962357544599836,1.2557431276205353,0.9888794363004638,10.717863644691947,122,44,78,36.0655737704918,8328.98,6632.709999999999,1696.2700000000004,659.94,0,1,26.98415919909996,2.0350828739878093,3.3675513998345386,5.863952944969973,60,26,34,43.333333333333336,5305.4,2606.9700000000003,2698.4299999999994,348.8,0,0,,0.08095247759729989,0.25,-0.0,0.047619047619047616,0.01696235754459984,0.012787156381026767,-0.03420681227006526
1b_narrow,673,0.3947574746096481,True,98,18,76.0,41.0,17,6,2.2,11,32,1.8,2.1,1.0,0.015,0.5,23.47281497799997,1.384107477438411,1.4420053788472196,8.485208500262525,127,55,72,43.30708661417323,8458.350000000002,6111.05,2347.300000000002,708.84,0,1,22.20598104664996,1.9584854841633645,3.266127720640176,3.8570893122142054,63,30,33,47.61904761904762,4537.38,2316.78,2220.6,352.51,0,0,,0.06661794313994987,0.23962137104084114,-0.0,0.05,0.02347281497799997,0.01920537387192055,-0.004160028421063401
1b_narrow,674,0.32836105417664807,True,94,18,75.0,39.0,17,6,2.2,11,32,1.8,2.2,1.0,0.015,0.5,24.242834615549853,1.383030762667678,1.439787131456964,11.625921965085068,127,54,73,42.51968503937008,8753.340000000002,6329.1,2424.2400000000016,705.32,0,2,19.865063469549987,1.7451637951407255,2.852975041973579,4.718609564371469,68,29,39,42.64705882352941,4652.3099999999995,2665.8299999999995,1986.48,375.85,0,0,,0.05959519040864996,0.18629094878518138,-0.0,0.05396825396825397,0.024242834615549852,0.019151538133383907,-0.014887711734370972
1b_narrow,675,0.38132454395404397,True,97,18,75.0,44.0,17,6,2.2,11,33,1.8,2.2,1.0,0.015,0.5,21.499870454499778,1.3427854858305406,1.3003492003665162,10.416584714768556,125,52,73,41.6,8421.87,6271.94,2149.930000000001,694.98,0,1,21.43330422400002,1.9208214293386032,3.1286778479171464,3.813850083800739,61,28,33,45.90163934426229,4471.0,2327.65,2143.35,339.73,0,0,,0.06429991267200007,0.2302053573346508,-0.0,0.048412698412698414,0.02149987045449978,0.01713927429152703,-0.00023256921133213323
1b_narrow,676,0.3968320988956219,True,97,18,75.0,40.0,17,6,2.2,11,32,1.8,2.3000000000000003,1.0,0.015,0.5,20.404883921749953,1.3321196219210283,1.2457516357838077,9.833355088937742,124,50,74,40.32258064516129,8184.13,6143.689999999999,2040.4400000000014,668.52,0,2,25.05007498049992,2.0273379347678984,3.483049494942863,3.7707325919557224,63,29,34,46.03174603174603,4943.4,2438.37,2505.0299999999997,360.06,0,0,,0.07515022494149975,0.25,-0.0,0.05,0.020404883921749953,0.016605981096051416,-0.015328991063679239
1b_narrow,677,0.36999679741623837,True,96,18,75.0,38.0,17,6,2.2,11,32,1.8,2.1,1.0,0.015,0.5,25.545984158099927,1.418607928475918,1.549473213597897,8.485208500262525,127,56,71,44.09448818897638,8657.14,6102.56,2554.579999999999,711.97,0,2,20.929077074799952,1.905712307426,3.121152819330579,4.718166586876315,62,29,33,46.774193548387096,4403.72,2310.7999999999997,2092.9200000000005,343.94,0,0,,0.06278723122439984,0.22642807685650002,-0.0,0.049206349206349205,0.02554598415809993,0.020930396423795905,-0.014901240452906538
1b_narrow,678,0.3948521547583578,True,98,18,75.0,44.0,17,6,2.2,11,32,1.8,2.3000000000000003,1.0,0.015,0.5,20.057964748699998,1.3248895324729175,1.2267977637505274,9.833355088937742,125,50,75,40.0,8179.55,6173.760000000001,2005.789999999999,673.99,0,1,25.05007498049992,2.0273379347678984,3.483049494942863,3.7707325919557224,63,29,34,46.03174603174603,4943.4,2438.37,2505.0299999999997,360.06,0,0,,0.07515022494149975,0.25,-0.0,0.05,0.0200579647487,0.016244476623645875,-0.016600511555487855
1b_narrow,679,0.41791138488935803,True,97,19,75.0,44.0,17,6,2.2,11,32,1.8,2.2,1.0,0.015,0.5,24.539602277649827,1.3951864079233436,1.475148736014083,10.272291040048827,125,53,72,42.4,8663.410000000002,6209.5,2453.9100000000017,700.99,0,1,24.671532667899957,2.053397208452352,3.515439804645138,3.814172394545924,63,30,33,47.61904761904762,4809.200000000001,2342.07,2467.1300000000006,356.38,0,0,,0.07401459800369986,0.25,-0.0,0.05,0.024539602277649827,0.01975932039616718,-0.00040213578815883493
1b_narrow,680,0.38084292977545897,True,96,18,75.0,44.0,17,6,2.2,11,32,1.8,2.0,1.0,0.015,0.5,20.934489591249857,1.3499165074541544,1.3169510331426357,9.002747105383932,127,56,71,44.09448818897638,8075.97,5982.57,2093.4000000000005,697.8,0,1,21.025447905750006,1.9154711263404938,3.1962372085022,3.9636484161144825,64,31,33,48.4375,4399.3200000000015,2296.7299999999996,2102.590000000002,355.21,0,0,,0.06307634371725002,0.22886778158512344,-0.0,0.050793650793650794,0.02093448959124986,0.01749582537270772,-0.00032516128452283555
1b_narrow,681,0.3104259783116491,True,98,18,75.0,44.0,17,6,2.3000000000000003,11,31,1.8,2.4000000000000004,1.0,0.015,0.5,16.053861444899958,1.246240281482322,0.9783155453395544,9.059544675203243,131,48,83,36.6412213740458,8125.199999999999,6519.77,1605.4299999999985,695.66,0,1,20.49906039585003,1.7425192429593408,2.877988937903157,4.266425503462357,67,28,39,41.791044776119406,4810.660000000001,2760.7500000000005,2049.9100000000003,374.21,0,0,,0.061497181187550085,0.1856298107398352,-0.0,0.05317460317460318,0.01605386144489996,0.012312014074116097,-0.018241492309355425
1b_narrow,682,0.3327957209362793,True,97,18,75.0,44.0,17,6,2.2,11,32,1.7,2.2,1.0,0.015,0.5,18.01258444744997,1.27006793643273,1.037342972008886,14.168242732469865,133,53,80,39.849624060150376,8470.68,6669.47,1801.21,725.69,0,1,20.946831056250012,1.77037483817818,2.9357480278710186,4.276722969058549,72,33,39,45.833333333333336,4813.719999999999,2719.0400000000004,2094.679999999999,396.21,0,0,,0.06284049316875004,0.19259370954454502,-0.0,0.05714285714285714,0.01801258444744997,0.013503396821636504,-0.011297320188959362
1b_narrow,683,0.41791138488935803,True,97,18,75.0,44.0,17,6,2.2,11,32,1.8,2.2,1.0,0.015,0.5,24.539602277649827,1.3951864079233436,1.475148736014083,10.272291040048827,125,53,72,42.4,8663.410000000002,6209.5,2453.9100000000017,700.99,0,1,24.671532667899957,2.053397208452352,3.515439804645138,3.814172394545924,63,30,33,47.61904761904762,4809.200000000001,2342.07,2467.1300000000006,356.38,0,0,,0.07401459800369986,0.25,-0.0,0.05,0.024539602277649827,0.01975932039616718,-0.00040213578815883493
1b_narrow,684,0.3990347489128753,True,96,18,75.0,44.0,17,6,2.2,11,32,1.8,2.3000000000000003,1.0,0.015,0.5,22.239730607099972,1.3605871346622178,1.3400762587214068,9.833355088937742,125,51,74,40.8,8391.53,6167.58,2223.9500000000007,677.15,0,1,23.63443727995,1.9728657281633324,3.335146833904971,4.718173353234102,62,28,34,45.16129032258065,4792.88,2429.4,2363.48,351.08,0,0,,0.07090331183984999,0.2432164320408331,-0.0,0.049206349206349205,0.022239730607099974,0.01802935673311089,-0.004560431514367846
1b_narrow,685,0.3947574746096481,True,98,18,75.0,44.0,17,6,2.2,11,32,1.8,2.1,1.0,0.015,0.5,23.47281497799997,1.384107477438411,1.4420053788472196,8.485208500262525,127,55,72,43.30708661417323,8458.350000000002,6111.05,2347.300000000002,708.84,0,1,22.20598104664996,1.9584854841633645,3.266127720640176,3.8570893122142054,63,30,33,47.61904761904762,4537.38,2316.78,2220.6,352.51,0,0,,0.06661794313994987,0.23962137104084114,-0.0,0.05,0.02347281497799997,0.01920537387192055,-0.004160028421063401
1b_narrow,686,0.41791138488935803,True,97,18,75.0,44.0,17,6,2.2,11,32,1.8,2.2,1.0,0.015,0.5,24.539602277649827,1.3951864079233436,1.475148736014083,10.272291040048827,125,53,72,42.4,8663.410000000002,6209.5,2453.9100000000017,700.99,0,1,24.671532667899957,2.053397208452352,3.515439804645138,3.814172394545924,63,30,33,47.61904761904762,4809.200000000001,2342.07,2467.1300000000006,356.38,0,0,,0.07401459800369986,0.25,-0.0,0.05,0.024539602277649827,0.01975932039616718,-0.00040213578815883493
1b_narrow,687,0.34260464244029676,True,96,18,76.0,37.0,17,6,2.2,11,31,1.8,2.2,1.0,0.015,0.5,25.333150250149938,1.4134065722459117,1.5336625757527191,8.859161509728528,126,53,73,42.06349206349206,8661.2,6127.89,2533.3100000000004,706.69,0,2,19.753792291650026,1.826781738125931,2.915091880041046,4.718621458533655,62,28,34,45.16129032258065,4364.62,2389.2400000000002,1975.3799999999997,341.48,0,0,,0.059261376874950075,0.20669543453148276,-0.0,0.049206349206349205,0.02533315025014994,0.020670328612295587,-0.018561997034930812
1b_narrow,688,0.41791138488935803,True,97,18,75.0,41.0,17,6,2.2,11,32,1.8,2.2,1.0,0.015,0.5,24.539602277649827,1.3951864079233436,1.475148736014083,10.272291040048827,125,53,72,42.4,8663.410000000002,6209.5,2453.9100000000017,700.99,0,1,24.671532667899957,2.053397208452352,3.515439804645138,3.814172394545924,63,30,33,47.61904761904762,4809.200000000001,2342.07,2467.1300000000006,356.38,0,0,,0.07401459800369986,0.25,-0.0,0.05,0.024539602277649827,0.01975932039616718,-0.00040213578815883493
1b_narrow,689,0.3948521547583578,True,98,18,75.0,44.0,17,6,2.2,11,32,1.8,2.3000000000000003,1.0,0.015,0.5,20.057964748699998,1.3248895324729175,1.2267977637505274,9.833355088937742,125,50,75,40.0,8179.55,6173.760000000001,2005.789999999999,673.99,0,1,25.05007498049992,2.0273379347678984,3.483049494942863,3.7707325919557224,63,29,34,46.03174603174603,4943.4,2438.37,2505.0299999999997,360.06,0,0,,0.07515022494149975,0.25,-0.0,0.05,0.0200579647487,0.016244476623645875,-0.016600511555487855
1b_narrow,690,0.41791138488935803,True,97,18,75.0,44.0,17,6,2.2,11,32,1.8,2.2,1.0,0.015,0.5,24.539602277649827,1.3951864079233436,1.475148736014083,10.272291040048827,125,53,72,42.4,8663.410000000002,6209.5,2453.9100000000017,700.99,0,1,24.671532667899957,2.053397208452352,3.515439804645138,3.814172394545924,63,30,33,47.61904761904762,4809.200000000001,2342.07,2467.1300000000006,356.38,0,0,,0.07401459800369986,0.25,-0.0,0.05,0.024539602277649827,0.01975932039616718,-0.00040213578815883493
1b_narrow,691,-1.0578231292517006,False,96,18,75.0,39.0,17,9,2.2,11,32,1.8,2.1,1.0,0.015,0.5,10.320891993650003,1.315017398205238,0.9669807366285685,7.962558777802643,78,31,47,39.743589743589745,4308.26,3276.2,1032.0600000000004,406.24,0,2,6.811932999850033,1.5285582376995117,1.6183376430346643,4.479539605935543,36,14,22,38.888888888888886,1969.96,1288.7700000000002,681.1899999999998,188.46,0,0,0.34693877551020413,,,,,,,
1b_narrow,692,0.2385188731229926,True,97,18,75.0,44.0,17,6,2.6,11,32,1.8,2.2,1.0,0.015,0.5,12.344710373399867,1.1585867941324954,0.7177350824804106,13.951673304357998,153,59,94,38.56209150326797,9019.1,7784.570000000001,1234.5299999999997,801.35,0,1,17.866461889549974,1.5079273926454493,2.3826818275726573,4.6282309157103825,82,35,47,42.68292682926829,5304.21,3517.5499999999997,1786.6600000000003,457.41,0,0,,0.053599385668649926,0.12698184816136232,-0.0,0.06507936507936508,0.012344710373399868,0.007929339706624771,-0.02741577586640936
1b_narrow,693,0.2612330236457069,True,98,18,75.0,44.0,17,7,2.2,11,32,1.8,2.2,1.0,0.015,0.5,11.087698357649934,1.2159354045879727,0.8665009061077168,8.215792630710727,110,42,68,38.18181818181818,6243.500000000001,5134.7300000000005,1108.7700000000004,596.36,0,1,15.17212247424997,1.687699720334873,2.4616431496739453,5.79226376589517,57,25,32,43.85964912280702,3723.42,2206.21,1517.21,310.05,0,0,,0.045516367422749913,0.17192493008371823,-0.0,0.045238095238095244,0.011087698357649936,0.010796770229398634,-0.023330837685905072
1b_narrow,694,0.41791138488935803,True,97,18,74.0,44.0,17,6,2.2,11,32,1.8,2.2,1.0,0.015,0.5,24.539602277649827,1.3951864079233436,1.475148736014083,10.272291040048827,125,53,72,42.4,8663.410000000002,6209.5,2453.9100000000017,700.99,0,1,24.671532667899957,2.053397208452352,3.515439804645138,3.814172394545924,63,30,33,47.61904761904762,4809.200000000001,2342.07,2467.1300000000006,356.38,0,0,,0.07401459800369986,0.25,-0.0,0.05,0.024539602277649827,0.01975932039616718,-0.00040213578815883493
1b_narrow,695,0.3943772807076868,True,97,18,75.0,44.0,17,6,2.2,11,32,1.8,2.1,1.0,0.015,0.5,23.828597903899936,1.391930721975049,1.4615491002118106,8.485208500262525,126,55,71,43.65079365079365,8462.730000000001,6079.849999999999,2382.880000000002,703.19,0,1,22.20598104664996,1.9584854841633645,3.266127720640176,3.8570893122142054,63,30,33,47.61904761904762,4537.38,2316.78,2220.6,352.51,0,0,,0.06661794313994987,0.23962137104084114,-0.0,0.05,0.023828597903899938,0.01959653609875245,-0.005287167475756592
1b_narrow,696,0.38619862858006443,True,109,18,75.0,44.0,17,6,2.2,11,32,1.8,2.2,1.0,0.015,0.5,17.680530833849918,1.3077137277970572,1.12455165060039,9.862658529255029,120,46,74,38.333333333333336,7513.939999999999,5745.86,1768.079999999999,652.5600000000001,0,1,30.437994259749996,2.380653442981362,4.240345983531695,3.2179492588599743,65,31,34,47.69230769230769,5248.46,2204.63,3043.83,378.87,0,0,,0.09131398277924999,0.25,-0.0,0.0515873015873016,0.017680530833849916,0.015385686389852861,-0.03976887301018991
1b_narrow,697,0.3448419625531222,True,99,18,76.0,39.0,17,6,2.2,11,33,1.8,2.3000000000000003,1.0,0.015,0.5,15.023346919650013,1.235926629709314,0.9403568592833279,9.965323854758653,127,49,78,38.58267716535433,7870.009999999999,6367.7,1502.3099999999995,673.09,0,2,22.47202661064999,1.9247930007078302,3.181653838251827,3.77046828317228,62,28,34,45.16129032258065,4677.169999999999,2429.96,2247.209999999999,350.21,0,0,,0.06741607983194997,0.23119825017695755,-0.0,0.049206349206349205,0.015023346919650014,0.011796331485465706,-0.029798395067250235
1b_narrow,698,0.38199456066654075,True,95,15,75.0,44.0,17,6,2.2,11,32,1.8,2.2,1.0,0.015,0.5,26.15230654929979,1.4213595205104241,1.547237154574026,10.271043173457253,126,54,72,42.857142857142854,8821.81,6206.6,2615.209999999999,705.24,0,1,22.773333284650015,1.894556767606934,3.263697058349239,4.718463262685722,67,30,37,44.776119402985074,4823.03,2545.73,2277.2999999999997,377.33,0,0,,0.06831999985395004,0.22363919190173348,-0.0,0.05317460317460318,0.026152306549299793,0.02106797602552121,-0.01035951683856698
1b_narrow,699,0.25254467103610345,True,98,18,75.0,44.0,17,6,2.2,11,32,1.8,1.7000000000000002,1.0,0.015,0.5,8.287491492849878,1.1459665672714334,0.6037565834105069,10.534533660429766,128,56,72,43.75,6506.42,5677.67,828.75,668.82,0,1,16.143267832049915,1.7406985973911568,2.80295537058218,3.609437937754608,65,33,32,50.76923076923077,3793.87,2179.5099999999998,1614.3600000000001,352.96,0,0,,0.04842980349614975,0.1851746493477892,-0.0,0.0515873015873016,0.008287491492849878,0.007298328363571672,-0.048232903251558636
1b_narrow,700,0.3015684927411815,True,96,18,75.0,44.0,17,6,2.1,11,32,1.8,2.2,1.0,0.015,0.5,18.789038360649883,1.3300392236768375,1.244254506523047,8.111411247313372,120,49,71,40.833333333333336,7571.9,5692.990000000001,1878.909999999999,657.6,0,1,16.054568966199987,1.7385897842858522,2.5751995283809,4.718069203531258,57,25,32,43.85964912280702,3779.19,2173.71,1605.48,308.4,0,0,,0.04816370689859996,0.18464744607146305,-0.0,0.045238095238095244,0.018789038360649882,0.016501961183841875,-0.011771755011468467
1b_narrow,701,0.36951126879592955,True,97,18,75.0,44.0,17,6,2.2,13,32,1.8,2.1,1.0,0.015,0.5,17.840400974450006,1.2867275155617917,1.1241157863695472,8.81209912798677,126,53,73,42.06349206349206,8005.98,6221.969999999999,1784.0100000000002,680.89,0,1,23.02555760374995,1.9491605073643683,3.2823550736686573,3.9939876592120305,63,30,33,47.61904761904762,4728.41,2425.87,2302.54,354.6,0,0,,0.06907667281124985,0.23729012684109207,-0.0,0.05,0.017840400974450006,0.014336375778089584,-0.01903230760895198
1b_narrow,702,0.3807495471504634,True,106,18,75.0,44.0,17,6,2.2,11,32,1.8,2.2,1.0,0.015,0.5,16.893494727899817,1.2788679475772038,1.1147135066037555,9.336994479982513,127,51,76,40.15748031496063,7746.96,6057.67,1689.29,684.83,0,1,27.673555858299988,2.141073534383943,3.8133068058305732,3.7594024385465525,67,31,36,46.26865671641791,5192.660000000002,2425.26,2767.4000000000015,385.7,0,0,,0.08302066757489995,0.25,-0.0,0.05317460317460318,0.016893494727899815,0.01394339737886019,-0.03628261570579976
1b_narrow,703,0.40703493700301296,True,96,18,74.0,39.0,17,6,2.2,11,32,1.8,2.2,1.0,0.015,0.5,26.348806227649842,1.4226817354198584,1.56551727075103,10.272291040048827,126,54,72,42.857142857142854,8868.5,6233.65,2634.8500000000004,709.86,0,2,23.311122633749928,1.99835113536108,3.36952873287279,4.718343940867088,62,29,33,46.774193548387096,4666.030000000001,2334.94,2331.0900000000006,347.58,0,0,,0.06993336790124978,0.24958778384027003,-0.0,0.049206349206349205,0.026348806227649842,0.021134086770992922,-0.009175456943498802
1b_narrow,704,0.41791138488935803,True,97,18,75.0,44.0,17,6,2.2,11,32,1.8,2.2,1.0,0.015,0.5,24.539602277649827,1.3951864079233436,1.475148736014083,10.272291040048827,125,53,72,42.4,8663.410000000002,6209.5,2453.9100000000017,700.99,0,1,24.671532667899957,2.053397208452352,3.515439804645138,3.814172394545924,63,30,33,47.61904761904762,4809.200000000001,2342.07,2467.1300000000006,356.38,0,0,,0.07401459800369986,0.25,-0.0,0.05,0.024539602277649827,0.01975932039616718,-0.00040213578815883493
1b_narrow,705,0.3948521547583578,True,98,18,75.0,44.0,17,6,2.2,11,32,1.8,2.3000000000000003,1.0,0.015,0.5,20.057964748699998,1.3248895324729175,1.2267977637505274,9.833355088937742,125,50,75,40.0,8179.55,6173.760000000001,2005.789999999999,673.99,0,1,25.05007498049992,2.0273379347678984,3.483049494942863,3.7707325919557224,63,29,34,46.03174603174603,4943.4,2438.37,2505.0299999999997,360.06,0,0,,0.07515022494149975,0.25,-0.0,0.05,0.0200579647487,0.016244476623645875,-0.016600511555487855
1b_narrow,706,0.3943772807076868,True,97,18,75.0,44.0,17,6,2.2,11,32,1.8,2.1,1.0,0.015,0.5,23.828597903899936,1.391930721975049,1.4615491002118106,8.485208500262525,126,55,71,43.65079365079365,8462.730000000001,6079.849999999999,2382.880000000002,703.19,0,1,22.20598104664996,1.9584854841633645,3.266127720640176,3.8570893122142054,63,30,33,47.61904761904762,4537.38,2316.78,2220.6,352.51,0,0,,0.06661794313994987,0.23962137104084114,-0.0,0.05,0.023828597903899938,0.01959653609875245,-0.005287167475756592
1b_narrow,707,0.40703493700301296,True,96,18,75.0,44.0,17,6,2.2,11,32,1.8,2.2,1.0,0.015,0.5,26.348806227649842,1.4226817354198584,1.56551727075103,10.272291040048827,126,54,72,42.857142857142854,8868.5,6233.65,2634.8500000000004,709.86,0,1,23.311122633749928,1.99835113536108,3.36952873287279,4.718343940867088,62,29,33,46.774193548387096,4666.030000000001,2334.94,2331.0900000000006,347.58,0,0,,0.06993336790124978,0.24958778384027003,-0.0,0.049206349206349205,0.026348806227649842,0.021134086770992922,-0.009175456943498802
1b_narrow,708,0.26891073491495054,True,99,18,75.0,44.0,17,5,2.2,11,32,1.8,2.3000000000000003,1.0,0.015,0.5,9.315038866699851,1.1311355857993,0.5713239998272598,13.820132892610907,140,52,88,37.142857142857146,8034.490000000001,7103.03,931.460000000001,707.55,0,1,23.674818494549925,1.7479551765861794,2.971681658774849,5.155519133842695,76,32,44,42.10526315789474,5532.82,3165.31,2367.5099999999998,432.16,0,0,,0.07102445548364977,0.18698879414654485,-0.0,0.06031746031746032,0.009315038866699852,0.006556779289964999,-0.06529179318936924
1b_narrow,709,0.4160750036675647,True,98,19,76.0,44.0,17,6,2.2,11,32,1.8,2.2,1.0,0.015,0.5,24.18365600249985,1.3874935306116236,1.4560296513012574,10.272291040048827,126,53,73,42.06349206349206,8659.25,6240.93,2418.3199999999997,706.67,0,1,24.671532667899957,2.053397208452352,3.515439804645138,3.814172394545924,63,30,33,47.61904761904762,4809.200000000001,2342.07,2467.1300000000006,356.38,0,0,,0.07401459800369986,0.25,-0.0,0.05,0.02418365600249985,0.019374676530581184,-0.0014979268692161488
1b_narrow,710,0.38132454395404397,True,97,18,75.0,44.0,17,6,2.2,11,33,1.8,2.2,1.0,0.015,0.5,21.499870454499778,1.3427854858305406,1.3003492003665162,10.416584714768556,125,52,73,41.6,8421.87,6271.94,2149.930000000001,694.98,0,1,21.43330422400002,1.9208214293386032,3.1286778479171464,3.813850083800739,61,28,33,45.90163934426229,4471.0,2327.65,2143.35,339.73,0,0,,0.06429991267200007,0.2302053573346508,-0.0,0.048412698412698414,0.02149987045449978,0.01713927429152703,-0.00023256921133213323
1b_narrow,711,0.09172584162190177,True,96,18,75.0,44.0,17,6,2.5,11,31,1.9,2.1,1.0,0.015,0.5,16.699604798049986,1.2530752036370525,1.01792262420437,11.253735318446061,133,55,78,41.35338345864662,8268.73,6598.75,1669.9799999999996,711.91,0,1,6.537588681649977,1.208032123402739,1.0657415181460534,6.572329555346173,71,27,44,38.028169014084504,3796.7000000000003,3142.88,653.8200000000002,370.79,0,0,,0.01961276604494993,0.05200803085068473,-0.0,0.05634920634920635,0.016699604798049987,0.012653760181852625,-0.06559752660284185
1b_narrow,712,0.32033946374153116,True,98,18,75.0,39.0,17,6,2.2,11,35,1.8,2.3000000000000003,1.0,0.015,0.5,14.24068643720002,1.2278442126955582,0.8617212835302275,12.52457836728727,122,47,75,38.52459016393443,7674.1,6250.0599999999995,1424.0400000000009,644.37,0,2,20.849782403750034,1.8511593729588507,2.946527154790592,3.7708450022572406,60,27,33,45.0,4534.599999999999,2449.5999999999995,2085.0,332.78,0,0,,0.06254934721125009,0.21278984323971267,-0.0,0.047619047619047616,0.014240686437200022,0.01139221063477791,-0.028251671400457166
1b_narrow,713,0.41791138488935803,True,97,18,75.0,44.0,17,6,2.2,11,32,1.8,2.2,1.0,0.015,0.5,24.539602277649827,1.3951864079233436,1.475148736014083,10.272291040048827,125,53,72,42.4,8663.410000000002,6209.5,2453.9100000000017,700.99,0,1,24.671532667899957,2.053397208452352,3.515439804645138,3.814172394545924,63,30,33,47.61904761904762,4809.200000000001,2342.07,2467.1300000000006,356.38,0,0,,0.07401459800369986,0.25,-0.0,0.05,0.024539602277649827,0.01975932039616718,-0.00040213578815883493
1b_narrow,714,0.3649231425588345,True,95,18,75.0,44.0,17,6,2.2,11,32,1.8,2.2,1.0,0.015,0.5,26.15230654929979,1.4213595205104241,1.547237154574026,10.271043173457253,126,54,72,42.857142857142854,8821.81,6206.6,2615.209999999999,705.24,0,1,21.930242696250023,1.8444607031460587,3.14412180854565,4.718584479903085,68,30,38,44.11764705882353,4789.880000000001,2596.9000000000005,2192.9800000000005,379.69,0,0,,0.06579072808875007,0.21111517578651467,-0.0,0.05396825396825397,0.026152306549299793,0.02106797602552121,-0.013171297859505231
1b_narrow,715,0.4160750036675647,True,98,18,75.0,44.0,17,6,2.2,11,32,1.8,2.2,1.0,0.015,0.5,24.18365600249985,1.3874935306116236,1.4560296513012574,10.272291040048827,126,53,73,42.06349206349206,8659.25,6240.93,2418.3199999999997,706.67,0,1,24.671532667899957,2.053397208452352,3.515439804645138,3.814172394545924,63,30,33,47.61904761904762,4809.200000000001,2342.07,2467.1300000000006,356.38,0,0,,0.07401459800369986,0.25,-0.0,0.05,0.02418365600249985,0.019374676530581184,-0.0014979268692161488
1b_narrow,716,0.36999679741623837,True,96,18,75.0,44.0,17,6,2.2,11,32,1.8,2.1,1.0,0.015,0.5,25.545984158099927,1.418607928475918,1.549473213597897,8.485208500262525,127,56,71,44.09448818897638,8657.14,6102.56,2554.579999999999,711.97,0,1,20.929077074799952,1.905712307426,3.121152819330579,4.718166586876315,62,29,33,46.774193548387096,4403.72,2310.7999999999997,2092.9200000000005,343.94,0,0,,0.06278723122439984,0.22642807685650002,-0.0,0.049206349206349205,0.02554598415809993,0.020930396423795905,-0.014901240452906538
1b_narrow,717,0.41791138488935803,True,97,17,75.0,44.0,17,6,2.2,11,32,1.8,2.2,1.0,0.015,0.5,24.539602277649827,1.3951864079233436,1.475148736014083,10.272291040048827,125,53,72,42.4,8663.410000000002,6209.5,2453.9100000000017,700.99,0,1,24.671532667899957,2.053397208452352,3.515439804645138,3.814172394545924,63,30,33,47.61904761904762,4809.200000000001,2342.07,2467.1300000000006,356.38,0,0,,0.07401459800369986,0.25,-0.0,0.05,0.024539602277649827,0.01975932039616718,-0.00040213578815883493
1b_narrow,718,0.41791138488935803,True,97,18,76.0,39.0,17,6,2.2,11,32,1.8,2.2,1.0,0.015,0.5,24.539602277649827,1.3951864079233436,1.475148736014083,10.272291040048827,125,53,72,42.4,8663.410000000002,6209.5,2453.9100000000017,700.99,0,2,24.671532667899957,2.053397208452352,3.515439804645138,3.814172394545924,63,30,33,47.61904761904762,4809.200000000001,2342.07,2467.1300000000006,356.38,0,0,,0.07401459800369986,0.25,-0.0,0.05,0.024539602277649827,0.01975932039616718,-0.00040213578815883493
1b_narrow,719,0.3968320988956219,True,97,18,75.0,44.0,17,6,2.2,11,32,1.8,2.3000000000000003,1.0,0.015,0.5,20.404883921749953,1.3321196219210283,1.2457516357838077,9.833355088937742,124,50,74,40.32258064516129,8184.13,6143.689999999999,2040.4400000000014,668.52,0,1,25.05007498049992,2.0273379347678984,3.483049494942863,3.7707325919557224,63,29,34,46.03174603174603,4943.4,2438.37,2505.0299999999997,360.06,0,0,,0.07515022494149975,0.25,-0.0,0.05,0.020404883921749953,0.016605981096051416,-0.015328991063679239
1b_narrow,720,0.36999679741623837,True,96,18,75.0,44.0,17,6,2.2,11,32,1.8,2.1,1.0,0.015,0.5,25.545984158099927,1.418607928475918,1.549473213597897,8.485208500262525,127,56,71,44.09448818897638,8657.14,6102.56,2554.579999999999,711.97,0,1,20.929077074799952,1.905712307426,3.121152819330579,4.718166586876315,62,29,33,46.774193548387096,4403.72,2310.7999999999997,2092.9200000000005,343.94,0,0,,0.06278723122439984,0.22642807685650002,-0.0,0.049206349206349205,0.02554598415809993,0.020930396423795905,-0.014901240452906538
1b_narrow,721,0.3141274808995338,True,98,18,75.0,44.0,17,6,2.3000000000000003,11,33,1.8,2.2,1.0,0.015,0.5,19.93788172139999,1.297358283458437,1.1851386232070358,8.530606103782706,133,54,79,40.6015037593985,8698.93,6705.110000000001,1993.8199999999997,734.81,0,1,18.394901161700037,1.7143500665990972,2.7087251090002185,3.814059876099754,65,28,37,43.07692307692308,4414.640000000001,2575.11,1839.530000000001,356.99,0,0,,0.05518470348510011,0.1785875166497743,-0.0,0.0515873015873016,0.01993788172139999,0.014867914172921848,-0.0060378367169640615
1b_narrow,722,0.41791138488935803,True,97,18,75.0,38.0,17,6,2.2,11,32,1.8,2.2,1.0,0.015,0.5,24.539602277649827,1.3951864079233436,1.475148736014083,10.272291040048827,125,53,72,42.4,8663.410000000002,6209.5,2453.9100000000017,700.99,0,2,24.671532667899957,2.053397208452352,3.515439804645138,3.814172394545924,63,30,33,47.61904761904762,4809.200000000001,2342.07,2467.1300000000006,356.38,0,0,,0.07401459800369986,0.25,-0.0,0.05,0.024539602277649827,0.01975932039616718,-0.00040213578815883493
1b_narrow,723,0.3968320988956219,True,97,18,75.0,44.0,17,6,2.2,11,32,1.8,2.3000000000000003,1.0,0.015,0.5,20.404883921749953,1.3321196219210283,1.2457516357838077,9.833355088937742,124,50,74,40.32258064516129,8184.13,6143.689999999999,2040.4400000000014,668.52,0,1,25.05007498049992,2.0273379347678984,3.483049494942863,3.7707325919557224,63,29,34,46.03174603174603,4943.4,2438.37,2505.0299999999997,360.06,0,0,,0.07515022494149975,0.25,-0.0,0.05,0.020404883921749953,0.016605981096051416,-0.015328991063679239
1b_narrow,724,0.37099748758599005,True,103,18,75.0,44.0,17,6,2.2,11,32,1.8,2.2,1.0,0.015,0.5,15.410866474249724,1.24850997542427,0.9942587427794517,10.270840194660334,127,50,77,39.37007874015748,7742.3099999999995,6201.24,1541.0699999999997,674.29,0,1,29.68240879469995,2.273403949530441,4.0533510009570755,3.4237254098203307,65,32,33,49.23076923076923,5299.1,2330.91,2968.1900000000005,375.65,0,0,,0.08904722638409984,0.25,-0.0,0.0515873015873016,0.015410866474249725,0.012425498771213496,-0.04747340563087459
1b_narrow,725,0.3580860433531494,True,115,18,75.0,44.0,17,6,2.2,11,32,1.8,2.1,1.0,0.015,0.5,13.732174144949841,1.2336256205574214,0.9248713927371485,8.56637866125349,124,49,75,39.516129032258064,7250.98,5877.779999999999,1373.2000000000007,662.24,0,1,30.06832420670002,2.487714732425586,4.287621501864551,2.9790939520689173,61,32,29,52.459016393442624,5027.97,2021.12,3006.8500000000004,354.3,0,0,,0.09020497262010006,0.25,-0.0,0.048412698412698414,0.013732174144949842,0.011681281027871072,-0.055945082852469984
1b_narrow,726,0.28451122468475254,True,95,18,75.0,44.0,17,6,2.2,11,32,1.8,1.8,1.0,0.015,0.5,14.22541357329992,1.247399193758761,0.9510129114643727,10.417673001206289,127,57,70,44.881889763779526,7172.719999999999,5750.1399999999985,1422.5800000000008,677.94,0,1,15.990671210549989,1.6526058033710158,2.5864145146092286,3.956132206049988,70,33,37,47.142857142857146,4049.38,2450.3,1599.08,379.28,0,0,,0.04797201363164997,0.16315145084275395,-0.0,0.05555555555555556,0.01422541357329992,0.012369959687938048,-0.008763168606444884
1b_narrow,727,0.36817494240437787,True,98,18,74.0,39.0,17,6,2.2,11,31,1.8,2.2,1.0,0.015,0.5,23.178080942999912,1.3778258119624682,1.42220307205498,8.859161509728528,126,52,74,41.26984126984127,8452.300000000001,6134.52,2317.7800000000007,703.4399999999999,0,2,21.07595891079991,1.8800115241045852,3.065172656537183,3.8140549281969145,63,29,34,46.03174603174603,4502.589999999999,2394.98,2107.609999999999,349.94,0,0,,0.06322787673239973,0.2200028810261463,-0.0,0.05,0.023178080942999914,0.018891290598123413,-0.007125186895291461
1b_narrow,728,0.41791138488935803,True,97,18,75.0,40.0,17,6,2.2,11,32,1.8,2.2,1.0,0.015,0.5,24.539602277649827,1.3951864079233436,1.475148736014083,10.272291040048827,125,53,72,42.4,8663.410000000002,6209.5,2453.9100000000017,700.99,0,2,24.671532667899957,2.053397208452352,3.515439804645138,3.814172394545924,63,30,33,47.61904761904762,4809.200000000001,2342.07,2467.1300000000006,356.38,0,0,,0.07401459800369986,0.25,-0.0,0.05,0.024539602277649827,0.01975932039616718,-0.00040213578815883493
1b_narrow,729,0.3990347489128753,True,96,18,76.0,44.0,17,6,2.2,11,32,1.8,2.3000000000000003,1.0,0.015,0.5,22.239730607099972,1.3605871346622178,1.3400762587214068,9.833355088937742,125,51,74,40.8,8391.53,6167.58,2223.9500000000007,677.15,0,1,23.63443727995,1.9728657281633324,3.335146833904971,4.718173353234102,62,28,34,45.16129032258065,4792.88,2429.4,2363.48,351.08,0,0,,0.07090331183984999,0.2432164320408331,-0.0,0.049206349206349205,0.022239730607099974,0.01802935673311089,-0.004560431514367846
1b_narrow,730,0.41791138488935803,True,97,18,75.0,44.0,17,6,2.2,11,32,1.8,2.2,1.0,0.015,0.5,24.539602277649827,1.3951864079233436,1.475148736014083,10.272291040048827,125,53,72,42.4,8663.410000000002,6209.5,2453.9100000000017,700.99,0,1,24.671532667899957,2.053397208452352,3.515439804645138,3.814172394545924,63,30,33,47.61904761904762,4809.200000000001,2342.07,2467.1300000000006,356.38,0,0,,0.07401459800369986,0.25,-0.0,0.05,0.024539602277649827,0.01975932039616718,-0.00040213578815883493
1b_narrow,731,0.4160750036675647,True,98,18,75.0,44.0,17,6,2.2,11,32,1.8,2.2,1.0,0.015,0.5,24.18365600249985,1.3874935306116236,1.4560296513012574,10.272291040048827,126,53,73,42.06349206349206,8659.25,6240.93,2418.3199999999997,706.67,0,1,24.671532667899957,2.053397208452352,3.515439804645138,3.814172394545924,63,30,33,47.61904761904762,4809.200000000001,2342.07,2467.1300000000006,356.38,0,0,,0.07401459800369986,0.25,-0.0,0.05,0.02418365600249985,0.019374676530581184,-0.0014979268692161488
1b_narrow,732,0.36999679741623837,True,96,17,75.0,44.0,17,6,2.2,11,32,1.8,2.1,1.0,0.015,0.5,25.545984158099927,1.418607928475918,1.549473213597897,8.485208500262525,127,56,71,44.09448818897638,8657.14,6102.56,2554.579999999999,711.97,0,1,20.929077074799952,1.905712307426,3.121152819330579,4.718166586876315,62,29,33,46.774193548387096,4403.72,2310.7999999999997,2092.9200000000005,343.94,0,0,,0.06278723122439984,0.22642807685650002,-0.0,0.049206349206349205,0.02554598415809993,0.020930396423795905,-0.014901240452906538
1b_narrow,733,0.4171172969757198,True,97,18,75.0,36.0,17,6,2.2,11,32,1.8,2.2,1.0,0.015,0.5,24.539602277649827,1.3951864079233436,1.475148736014083,10.272291040048827,125,53,72,42.4,8663.410000000002,6209.5,2453.9100000000017,700.99,0,2,25.315064506699965,2.1048786236153663,3.6031077843562476,3.8137700821788316,62,30,32,48.38709677419355,4822.74,2291.2200000000003,2531.5199999999995,351.79,0,0,,0.07594519352009989,0.25,-0.0,0.049206349206349205,0.024539602277649827,0.01975932039616718,-0.002333168424546271
1b_narrow,734,0.34431501682671223,True,96,18,75.0,44.0,17,6,2.2,11,31,1.8,2.3000000000000003,1.0,0.015,0.5,21.16606601024996,1.3489936980401598,1.3004943565910485,8.414979619451936,125,50,75,40.0,8181.349999999999,6064.78,2116.5699999999997,673.96,0,1,19.951135542299944,1.804286831517927,2.8765239427050653,4.719006185039481,62,27,35,43.54838709677419,4475.75,2480.62,1995.13,344.72,0,0,,0.05985340662689983,0.20107170787948175,-0.0,0.049206349206349205,0.02116606601024996,0.01744968490200799,-0.004432197798276489
1b_narrow,735,0.328037629241673,True,98,18,75.0,39.0,17,6,2.1,11,32,1.8,2.2,1.0,0.015,0.5,17.08901238914992,1.3014310433934406,1.1467397781455981,8.111411247313372,119,48,71,40.33613445378151,7378.189999999999,5669.29,1708.8999999999987,649.17,0,2,17.3344730134,1.7956459674939296,2.736574984083203,3.813951505122135,58,26,32,44.827586206896555,3912.1199999999994,2178.67,1733.4499999999994,316.57,0,0,,0.0520034190402,0.1989114918734824,-0.0,0.046031746031746035,0.01708901238914992,0.015071552169672032,-0.0010695922625773516
1b_narrow,736,0.40566086511722815,True,99,18,75.0,44.0,17,6,2.2,11,32,1.8,2.2,1.0,0.015,0.5,22.038740758599833,1.3450585032011182,1.340594048189659,10.27095207189804,128,53,75,41.40625,8590.659999999998,6386.83,2203.829999999998,712.11,0,1,25.45727893260002,2.0827772177633737,3.6059915731818455,3.814432757084375,64,31,33,48.4375,4896.88,2351.1299999999997,2545.7500000000005,363.43,0,0,,0.07637183679780006,0.25,-0.0,0.050793650793650794,0.022038740758599833,0.017252925160055912,-0.010796288392878465
1b_narrow,737,0.3968320988956219,True,97,18,75.0,44.0,17,6,2.2,11,32,1.8,2.3000000000000003,1.0,0.015,0.5,20.404883921749953,1.3321196219210283,1.2457516357838077,9.833355088937742,124,50,74,40.32258064516129,8184.13,6143.689999999999,2040.4400000000014,668.52,0,1,25.05007498049992,2.0273379347678984,3.483049494942863,3.7707325919557224,63,29,34,46.03174603174603,4943.4,2438.37,2505.0299999999997,360.06,0,0,,0.07515022494149975,0.25,-0.0,0.05,0.020404883921749953,0.016605981096051416,-0.015328991063679239
1b_narrow,738,0.41791138488935803,True,97,18,77.0,44.0,17,6,2.2,11,32,1.8,2.2,1.0,0.015,0.5,24.539602277649827,1.3951864079233436,1.475148736014083,10.272291040048827,125,53,72,42.4,8663.410000000002,6209.5,2453.9100000000017,700.99,0,1,24.671532667899957,2.053397208452352,3.515439804645138,3.814172394545924,63,30,33,47.61904761904762,4809.200000000001,2342.07,2467.1300000000006,356.38,0,0,,0.07401459800369986,0.25,-0.0,0.05,0.024539602277649827,0.01975932039616718,-0.00040213578815883493
1b_narrow,739,0.35971664072306675,True,96,18,75.0,44.0,17,6,2.2,11,36,2.0,2.2,1.0,0.015,0.5,19.440384090499993,1.3844284355466085,1.2973258891853643,11.279650069466026,102,44,58,43.13725490196079,7000.93,5056.91,1944.0200000000004,556.4,0,0,17.645886936249955,1.9522946077796488,2.8058411367064693,4.594555471460674,47,21,26,44.680851063829785,3617.6800000000003,1853.04,1764.6400000000003,257.96,0,0,,0.05293766080874986,0.2380736519449122,-0.0,0.0373015873015873,0.019440384090499994,0.019221421777330428,-0.007258065200013042
1b_narrow,740,0.3947574746096481,True,98,18,75.0,44.0,17,6,2.2,11,32,1.8,2.1,1.0,0.015,0.5,23.47281497799997,1.384107477438411,1.4420053788472196,8.485208500262525,127,55,72,43.30708661417323,8458.350000000002,6111.05,2347.300000000002,708.84,0,1,22.20598104664996,1.9584854841633645,3.266127720640176,3.8570893122142054,63,30,33,47.61904761904762,4537.38,2316.78,2220.6,352.51,0,0,,0.06661794313994987,0.23962137104084114,-0.0,0.05,0.02347281497799997,0.01920537387192055,-0.004160028421063401
1b_narrow,741,0.41791138488935803,True,97,21,75.0,44.0,17,6,2.2,11,32,1.8,2.2,1.0,0.015,0.5,24.539602277649827,1.3951864079233436,1.475148736014083,10.272291040048827,125,53,72,42.4,8663.410000000002,6209.5,2453.9100000000017,700.99,0,1,24.671532667899957,2.053397208452352,3.515439804645138,3.814172394545924,63,30,33,47.61904761904762,4809.200000000001,2342.07,2467.1300000000006,356.38,0,0,,0.07401459800369986,0.25,-0.0,0.05,0.024539602277649827,0.01975932039616718,-0.00040213578815883493
1b_narrow,742,0.37984271454945295,True,98,18,75.0,44.0,17,6,2.2,11,33,1.8,2.2,1.0,0.015,0.5,21.148989560549765,1.3355456162368768,1.281383723138527,10.416584714768556,126,52,74,41.26984126984127,8417.53,6302.69,2114.840000000001,700.51,0,1,21.43330422400002,1.9208214293386032,3.1286778479171464,3.813850083800739,61,28,33,45.90163934426229,4471.0,2327.65,2143.35,339.73,0,0,,0.06429991267200007,0.2302053573346508,-0.0,0.048412698412698414,0.021148989560549766,0.016777280811843844,-0.0010015242422899318
1b_narrow,743,0.3990347489128753,True,96,18,78.0,44.0,17,6,2.2,11,32,1.8,2.3000000000000003,1.0,0.015,0.5,22.239730607099972,1.3605871346622178,1.3400762587214068,9.833355088937742,125,51,74,40.8,8391.53,6167.58,2223.9500000000007,677.15,0,1,23.63443727995,1.9728657281633324,3.335146833904971,4.718173353234102,62,28,34,45.16129032258065,4792.88,2429.4,2363.48,351.08,0,0,,0.07090331183984999,0.2432164320408331,-0.0,0.049206349206349205,0.022239730607099974,0.01802935673311089,-0.004560431514367846
1b_narrow,744,0.3943772807076868,True,97,18,76.0,44.0,17,6,2.2,11,32,1.8,2.1,1.0,0.015,0.5,23.828597903899936,1.391930721975049,1.4615491002118106,8.485208500262525,126,55,71,43.65079365079365,8462.730000000001,6079.849999999999,2382.880000000002,703.19,0,1,22.20598104664996,1.9584854841633645,3.266127720640176,3.8570893122142054,63,30,33,47.61904761904762,4537.38,2316.78,2220.6,352.51,0,0,,0.06661794313994987,0.23962137104084114,-0.0,0.05,0.023828597903899938,0.01959653609875245,-0.005287167475756592
1b_narrow,745,0.41791138488935803,True,97,18,75.0,39.0,17,6,2.2,11,32,1.8,2.2,1.0,0.015,0.5,24.539602277649827,1.3951864079233436,1.475148736014083,10.272291040048827,125,53,72,42.4,8663.410000000002,6209.5,2453.9100000000017,700.99,0,2,24.671532667899957,2.053397208452352,3.515439804645138,3.814172394545924,63,30,33,47.61904761904762,4809.200000000001,2342.07,2467.1300000000006,356.38,0,0,,0.07401459800369986,0.25,-0.0,0.05,0.024539602277649827,0.01975932039616718,-0.00040213578815883493
1b_narrow,746,0.36999679741623837,True,96,18,75.0,44.0,17,6,2.2,11,32,1.8,2.1,1.0,0.015,0.5,25.545984158099927,1.418607928475918,1.549473213597897,8.485208500262525,127,56,71,44.09448818897638,8657.14,6102.56,2554.579999999999,711.97,0,1,20.929077074799952,1.905712307426,3.121152819330579,4.718166586876315,62,29,33,46.774193548387096,4403.72,2310.7999999999997,2092.9200000000005,343.94,0,0,,0.06278723122439984,0.22642807685650002,-0.0,0.049206349206349205,0.02554598415809993,0.020930396423795905,-0.014901240452906538
1b_narrow,747,0.33399130232688723,True,98,19,75.0,44.0,15,6,2.2,14,32,1.8,2.0,1.0,0.015,0.5,15.50821317664986,1.2474813806486413,0.9920779379262851,9.683777051026183,125,52,73,41.6,7817.13,6266.33,1550.8000000000002,670.99,0,1,20.970116817999916,1.8658073359647238,3.0573556079996993,4.366941802065815,62,30,32,48.38709677419355,4519.0599999999995,2422.04,2097.0199999999995,346.98,0,0,,0.06291035045399974,0.21645183399118095,-0.0,0.049206349206349205,0.015508213176649861,0.012374069032432067,-0.02245951353372459
1b_narrow,748,0.41791138488935803,True,97,18,75.0,44.0,17,6,2.2,11,32,1.8,2.2,1.0,0.015,0.5,24.539602277649827,1.3951864079233436,1.475148736014083,10.272291040048827,125,53,72,42.4,8663.410000000002,6209.5,2453.9100000000017,700.99,0,1,24.671532667899957,2.053397208452352,3.515439804645138,3.814172394545924,63,30,33,47.61904761904762,4809.200000000001,2342.07,2467.1300000000006,356.38,0,0,,0.07401459800369986,0.25,-0.0,0.05,0.024539602277649827,0.01975932039616718,-0.00040213578815883493
1b_narrow,749,0.15323386384027818,True,97,18,75.0,44.0,17,6,2.7,11,32,1.8,2.2,1.0,0.015,0.5,6.46846993524996,1.0794225156520705,0.4127871208073236,17.13908342051715,158,59,99,37.34177215189873,8791.130000000001,8144.29,646.840000000001,806.28,0,1,13.679374885050056,1.3423992350801839,1.7937694965315967,7.333611568968272,88,35,53,39.77272727272727,5363.14,3995.19,1367.9500000000003,484.74,0,0,,0.041038124655150165,0.08559980877004597,-0.0,0.06984126984126984,0.00646846993524996,0.003971125782603524,-0.053684935144041275
1b_narrow,750,0.3990347489128753,True,96,18,75.0,44.0,17,6,2.2,11,32,1.8,2.3000000000000003,1.0,0.015,0.5,22.239730607099972,1.3605871346622178,1.3400762587214068,9.833355088937742,125,51,74,40.8,8391.53,6167.58,2223.9500000000007,677.15,0,1,23.63443727995,1.9728657281633324,3.335146833904971,4.718173353234102,62,28,34,45.16129032258065,4792.88,2429.4,2363.48,351.08,0,0,,0.07090331183984999,0.2432164320408331,-0.0,0.049206349206349205,0.022239730607099974,0.01802935673311089,-0.004560431514367846
1b_narrow,751,0.3611514205967823,True,98,18,76.0,44.0,17,6,2.3000000000000003,11,32,1.8,2.2,1.0,0.015,0.5,22.939169383149945,1.3449962853009205,1.3528444464240454,8.383061710866754,133,55,78,41.35338345864662,8943.23,6649.26,2293.9699999999993,741.46,0,1,21.551748880099968,1.8312409603702635,3.0965947565903957,3.814111837277135,67,30,37,44.776119402985074,4747.950000000001,2592.75,2155.2000000000007,373.66,0,0,,0.06465524664029991,0.20781024009256588,-0.0,0.05317460317460318,0.022939169383149948,0.017249814265046026,-0.004677652958882639
1b_narrow,752,0.41791138488935803,True,97,18,75.0,39.0,17,6,2.2,11,32,1.8,2.2,1.0,0.015,0.5,24.539602277649827,1.3951864079233436,1.475148736014083,10.272291040048827,125,53,72,42.4,8663.410000000002,6209.5,2453.9100000000017,700.99,0,2,24.671532667899957,2.053397208452352,3.515439804645138,3.814172394545924,63,30,33,47.61904761904762,4809.200000000001,2342.07,2467.1300000000006,356.38,0,0,,0.07401459800369986,0.25,-0.0,0.05,0.024539602277649827,0.01975932039616718,-0.00040213578815883493
1b_narrow,753,0.26869640375029663,True,96,18,75.0,44.0,17,6,2.1,11,33,1.8,2.3000000000000003,1.0,0.015,0.5,15.276639305999943,1.2636317666976737,1.0180857755339907,8.276460639480892,120,46,74,38.333333333333336,7321.95,5794.37,1527.58,642.37,0,1,14.310673209000033,1.6310356383776206,2.2834491887535733,4.9513766924234925,56,23,33,41.07142857142857,3698.83,2267.7799999999997,1431.0500000000002,303.53,0,0,,0.0429320196270001,0.15775890959440514,-0.0,0.044444444444444446,0.015276639305999942,0.013181588334883688,-0.004897197556436688
1b_narrow,754,0.3943772807076868,True,97,18,75.0,44.0,17,6,2.2,11,32,1.8,2.1,1.0,0.015,0.5,23.828597903899936,1.391930721975049,1.4615491002118106,8.485208500262525,126,55,71,43.65079365079365,8462.730000000001,6079.849999999999,2382.880000000002,703.19,0,1,22.20598104664996,1.9584854841633645,3.266127720640176,3.8570893122142054,63,30,33,47.61904761904762,4537.38,2316.78,2220.6,352.51,0,0,,0.06661794313994987,0.23962137104084114,-0.0,0.05,0.023828597903899938,0.01959653609875245,-0.005287167475756592
1b_narrow,755,0.3649231425588345,True,95,18,75.0,44.0,17,6,2.2,11,32,1.8,2.2,1.0,0.015,0.5,26.15230654929979,1.4213595205104241,1.547237154574026,10.271043173457253,126,54,72,42.857142857142854,8821.81,6206.6,2615.209999999999,705.24,0,1,21.930242696250023,1.8444607031460587,3.14412180854565,4.718584479903085,68,30,38,44.11764705882353,4789.880000000001,2596.9000000000005,2192.9800000000005,379.69,0,0,,0.06579072808875007,0.21111517578651467,-0.0,0.05396825396825397,0.026152306549299793,0.02106797602552121,-0.013171297859505231
1b_narrow,756,0.4160750036675647,True,98,17,75.0,44.0,17,6,2.2,11,32,1.8,2.2,1.0,0.015,0.5,24.18365600249985,1.3874935306116236,1.4560296513012574,10.272291040048827,126,53,73,42.06349206349206,8659.25,6240.93,2418.3199999999997,706.67,0,1,24.671532667899957,2.053397208452352,3.515439804645138,3.814172394545924,63,30,33,47.61904761904762,4809.200000000001,2342.07,2467.1300000000006,356.38,0,0,,0.07401459800369986,0.25,-0.0,0.05,0.02418365600249985,0.019374676530581184,-0.0014979268692161488
1b_narrow,757,0.41791138488935803,True,97,18,75.0,44.0,17,6,2.2,11,32,1.8,2.2,1.0,0.015,0.5,24.539602277649827,1.3951864079233436,1.475148736014083,10.272291040048827,125,53,72,42.4,8663.410000000002,6209.5,2453.9100000000017,700.99,0,1,24.671532667899957,2.053397208452352,3.515439804645138,3.814172394545924,63,30,33,47.61904761904762,4809.200000000001,2342.07,2467.1300000000006,356.38,0,0,,0.07401459800369986,0.25,-0.0,0.05,0.024539602277649827,0.01975932039616718,-0.00040213578815883493
1b_narrow,758,0.3073512724202466,True,96,18,77.0,44.0,17,6,2.2,11,31,1.8,2.1,1.0,0.015,0.5,24.614960865649866,1.4100270023104382,1.5211769668480928,7.047491274477201,127,55,72,43.30708661417323,8464.66,6003.1900000000005,2461.4699999999993,709.38,0,1,17.554557056299927,1.7419172153803244,2.6741357539936184,4.718332817957865,62,28,34,45.16129032258065,4121.620000000001,2366.14,1755.480000000001,338.2,0,0,,0.05266367116889978,0.1854793038450811,-0.0,0.049206349206349205,0.024614960865649866,0.020501350115521913,-0.025114362781255218
1b_narrow,759,0.3968320988956219,True,97,18,76.0,39.0,17,6,2.2,11,32,1.8,2.3000000000000003,1.0,0.015,0.5,20.404883921749953,1.3321196219210283,1.2457516357838077,9.833355088937742,124,50,74,40.32258064516129,8184.13,6143.689999999999,2040.4400000000014,668.52,0,2,25.05007498049992,2.0273379347678984,3.483049494942863,3.7707325919557224,63,29,34,46.03174603174603,4943.4,2438.37,2505.0299999999997,360.06,0,0,,0.07515022494149975,0.25,-0.0,0.05,0.020404883921749953,0.016605981096051416,-0.015328991063679239
1b_narrow,760,0.40566086511722815,True,99,18,75.0,44.0,17,6,2.2,11,32,1.8,2.2,1.0,0.015,0.5,22.038740758599833,1.3450585032011182,1.340594048189659,10.27095207189804,128,53,75,41.40625,8590.659999999998,6386.83,2203.829999999998,712.11,0,1,25.45727893260002,2.0827772177633737,3.6059915731818455,3.814432757084375,64,31,33,48.4375,4896.88,2351.1299999999997,2545.7500000000005,363.43,0,0,,0.07637183679780006,0.25,-0.0,0.050793650793650794,0.022038740758599833,0.017252925160055912,-0.010796288392878465
1b_narrow,761,0.40566086511722815,True,99,18,75.0,44.0,17,6,2.2,11,32,1.8,2.2,1.0,0.015,0.5,22.038740758599833,1.3450585032011182,1.340594048189659,10.27095207189804,128,53,75,41.40625,8590.659999999998,6386.83,2203.829999999998,712.11,0,1,25.45727893260002,2.0827772177633737,3.6059915731818455,3.814432757084375,64,31,33,48.4375,4896.88,2351.1299999999997,2545.7500000000005,363.43,0,0,,0.07637183679780006,0.25,-0.0,0.050793650793650794,0.022038740758599833,0.017252925160055912,-0.010796288392878465
1b_narrow,762,0.4160750036675647,True,98,18,75.0,38.0,17,6,2.2,11,32,1.8,2.2,1.0,0.015,0.5,24.18365600249985,1.3874935306116236,1.4560296513012574,10.272291040048827,126,53,73,42.06349206349206,8659.25,6240.93,2418.3199999999997,706.67,0,2,24.671532667899957,2.053397208452352,3.515439804645138,3.814172394545924,63,30,33,47.61904761904762,4809.200000000001,2342.07,2467.1300000000006,356.38,0,0,,0.07401459800369986,0.25,-0.0,0.05,0.02418365600249985,0.019374676530581184,-0.0014979268692161488
1b_narrow,763,0.363419767720297,True,97,18,75.0,44.0,17,6,2.2,12,31,1.8,2.2,1.0,0.015,0.5,19.9665980128999,1.326644025428858,1.2435186908976867,9.136270134344906,125,51,74,40.8,8109.429999999999,6112.740000000001,1996.6899999999987,680.66,0,1,21.1507577761999,1.8719544873644722,3.06863174008527,3.905604500942,63,29,34,46.03174603174603,4540.8,2425.7,2115.1000000000004,350.13,0,0,,0.06345227332859969,0.21798862184111806,-0.0,0.05,0.019966598012899902,0.016332201271442904,-0.004319926733763552
1b_narrow,764,0.3943772807076868,True,97,18,75.0,44.0,17,6,2.2,11,32,1.8,2.1,1.0,0.015,0.5,23.828597903899936,1.391930721975049,1.4615491002118106,8.485208500262525,126,55,71,43.65079365079365,8462.730000000001,6079.849999999999,2382.880000000002,703.19,0,1,22.20598104664996,1.9584854841633645,3.266127720640176,3.8570893122142054,63,30,33,47.61904761904762,4537.38,2316.78,2220.6,352.51,0,0,,0.06661794313994987,0.23962137104084114,-0.0,0.05,0.023828597903899938,0.01959653609875245,-0.005287167475756592
1b_narrow,765,0.3568126774428735,True,96,18,75.0,44.0,17,6,2.2,11,33,1.8,2.4000000000000004,1.0,0.015,0.5,17.276890513099936,1.2727790891364243,1.0411457770682089,9.624302681856738,124,47,77,37.903225806451616,8061.21,6333.55,1727.6599999999999,663.21,0,1,22.456188003550032,1.9218482531003311,3.185804459351009,4.718472636155318,60,26,34,43.333333333333336,4681.68,2436.03,2245.65,337.71,0,0,,0.0673685640106501,0.23046206327508278,-0.0,0.047619047619047616,0.017276890513099937,0.013638954456821218,-0.01955284243182819
1b_narrow,766,0.3887721888359284,True,98,18,74.0,39.0,18,6,2.2,11,32,1.8,2.3000000000000003,1.0,0.015,0.5,20.706143142950005,1.337658462130527,1.262247862684585,9.34873514989174,124,50,74,40.32258064516129,8203.03,6132.38,2070.6500000000005,670.38,0,2,24.09717473169994,1.9578040288090048,3.361107608652182,3.770601217509505,64,29,35,45.3125,4925.5999999999985,2515.8799999999997,2409.719999999999,364.35,0,0,,0.07229152419509982,0.2394510072022512,-0.0,0.050793650793650794,0.020706143142950006,0.016882923106526348,-0.011353059604549756
1b_narrow,767,0.41791138488935803,True,97,18,75.0,40.0,17,6,2.2,11,32,1.8,2.2,1.0,0.015,0.5,24.539602277649827,1.3951864079233436,1.475148736014083,10.272291040048827,125,53,72,42.4,8663.410000000002,6209.5,2453.9100000000017,700.99,0,2,24.671532667899957,2.053397208452352,3.515439804645138,3.814172394545924,63,30,33,47.61904761904762,4809.200000000001,2342.07,2467.1300000000006,356.38,0,0,,0.07401459800369986,0.25,-0.0,0.05,0.024539602277649827,0.01975932039616718,-0.00040213578815883493
1b_narrow,768,-1.0238095238095237,False,96,18,75.0,44.0,17,8,2.2,11,32,1.8,2.2,1.0,0.015,0.5,9.601787831499951,1.2401801125703567,0.8461201506560572,8.178653095302808,91,35,56,38.46153846153846,4957.620000000001,3997.5,960.1200000000008,481.62,0,1,8.596529023150051,1.60759064244823,1.8948925097353304,4.479823755635705,39,16,23,41.02564102564103,2274.5800000000004,1414.8999999999999,859.6800000000005,205.45,0,0,0.1428571428571428,,,,,,,
1b_narrow,769,0.4160750036675647,True,98,18,75.0,44.0,17,6,2.2,11,32,1.8,2.2,1.0,0.015,0.5,24.18365600249985,1.3874935306116236,1.4560296513012574,10.272291040048827,126,53,73,42.06349206349206,8659.25,6240.93,2418.3199999999997,706.67,0,1,24.671532667899957,2.053397208452352,3.515439804645138,3.814172394545924,63,30,33,47.61904761904762,4809.200000000001,2342.07,2467.1300000000006,356.38,0,0,,0.07401459800369986,0.25,-0.0,0.05,0.02418365600249985,0.019374676530581184,-0.0014979268692161488
1b_narrow,770,0.41791138488935803,True,97,18,75.0,44.0,17,6,2.2,11,32,1.8,2.2,1.0,0.015,0.5,24.539602277649827,1.3951864079233436,1.475148736014083,10.272291040048827,125,53,72,42.4,8663.410000000002,6209.5,2453.9100000000017,700.99,0,1,24.671532667899957,2.053397208452352,3.515439804645138,3.814172394545924,63,30,33,47.61904761904762,4809.200000000001,2342.07,2467.1300000000006,356.38,0,0,,0.07401459800369986,0.25,-0.0,0.05,0.024539602277649827,0.01975932039616718,-0.00040213578815883493
1b_narrow,771,0.3943772807076868,True,97,18,75.0,44.0,17,6,2.2,11,32,1.8,2.1,1.0,0.015,0.5,23.828597903899936,1.391930721975049,1.4615491002118106,8.485208500262525,126,55,71,43.65079365079365,8462.730000000001,6079.849999999999,2382.880000000002,703.19,0,1,22.20598104664996,1.9584854841633645,3.266127720640176,3.8570893122142054,63,30,33,47.61904761904762,4537.38,2316.78,2220.6,352.51,0,0,,0.06661794313994987,0.23962137104084114,-0.0,0.05,0.023828597903899938,0.01959653609875245,-0.005287167475756592
1b_narrow,772,0.3990347489128753,True,96,18,75.0,44.0,17,6,2.2,11,32,1.8,2.3000000000000003,1.0,0.015,0.5,22.239730607099972,1.3605871346622178,1.3400762587214068,9.833355088937742,125,51,74,40.8,8391.53,6167.58,2223.9500000000007,677.15,0,1,23.63443727995,1.9728657281633324,3.335146833904971,4.718173353234102,62,28,34,45.16129032258065,4792.88,2429.4,2363.48,351.08,0,0,,0.07090331183984999,0.2432164320408331,-0.0,0.049206349206349205,0.022239730607099974,0.01802935673311089,-0.004560431514367846
1b_narrow,773,0.4160750036675647,True,98,19,76.0,44.0,17,6,2.2,11,32,1.8,2.2,1.0,0.015,0.5,24.18365600249985,1.3874935306116236,1.4560296513012574,10.272291040048827,126,53,73,42.06349206349206,8659.25,6240.93,2418.3199999999997,706.67,0,1,24.671532667899957,2.053397208452352,3.515439804645138,3.814172394545924,63,30,33,47.61904761904762,4809.200000000001,2342.07,2467.1300000000006,356.38,0,0,,0.07401459800369986,0.25,-0.0,0.05,0.02418365600249985,0.019374676530581184,-0.0014979268692161488
1b_narrow,774,0.3607055014026184,True,97,18,75.0,39.0,17,6,2.3000000000000003,11,32,1.8,2.2,1.0,0.015,0.5,23.29403312639997,1.351979280937314,1.3714600763011773,8.383061710866754,132,55,77,41.666666666666664,8947.48,6618.0599999999995,2329.42,735.78,0,2,21.551748880099968,1.8312409603702635,3.0965947565903957,3.814111837277135,67,30,37,44.776119402985074,4747.950000000001,2592.75,2155.2000000000007,373.66,0,0,,0.06465524664029991,0.20781024009256588,-0.0,0.05317460317460318,0.023294033126399973,0.017598964046865697,-0.005827585678116203
1b_narrow,775,0.40703493700301296,True,96,18,75.0,44.0,17,6,2.2,11,32,1.8,2.2,1.0,0.015,0.5,26.348806227649842,1.4226817354198584,1.56551727075103,10.272291040048827,126,54,72,42.857142857142854,8868.5,6233.65,2634.8500000000004,709.86,0,1,23.311122633749928,1.99835113536108,3.36952873287279,4.718343940867088,62,29,33,46.774193548387096,4666.030000000001,2334.94,2331.0900000000006,347.58,0,0,,0.06993336790124978,0.24958778384027003,-0.0,0.049206349206349205,0.026348806227649842,0.021134086770992922,-0.009175456943498802
1b_narrow,776,0.3943772807076868,True,97,18,75.0,44.0,17,6,2.2,11,32,1.8,2.1,1.0,0.015,0.5,23.828597903899936,1.391930721975049,1.4615491002118106,8.485208500262525,126,55,71,43.65079365079365,8462.730000000001,6079.849999999999,2382.880000000002,703.19,0,1,22.20598104664996,1.9584854841633645,3.266127720640176,3.8570893122142054,63,30,33,47.61904761904762,4537.38,2316.78,2220.6,352.51,0,0,,0.06661794313994987,0.23962137104084114,-0.0,0.05,0.023828597903899938,0.01959653609875245,-0.005287167475756592
1b_narrow,777,0.3948521547583578,True,98,18,75.0,44.0,17,6,2.2,11,32,1.8,2.3000000000000003,1.0,0.015,0.5,20.057964748699998,1.3248895324729175,1.2267977637505274,9.833355088937742,125,50,75,40.0,8179.55,6173.760000000001,2005.789999999999,673.99,0,1,25.05007498049992,2.0273379347678984,3.483049494942863,3.7707325919557224,63,29,34,46.03174603174603,4943.4,2438.37,2505.0299999999997,360.06,0,0,,0.07515022494149975,0.25,-0.0,0.05,0.0200579647487,0.016244476623645875,-0.016600511555487855
1b_narrow,778,0.1337138252181088,True,96,18,75.0,44.0,17,6,2.4000000000000004,11,31,1.8,2.9000000000000004,1.0,0.015,0.5,4.190144128549837,1.0575464973996063,0.29334530377434975,10.951248015040365,131,39,92,29.770992366412212,7700.619999999999,7281.589999999999,419.02999999999975,679.19,0,1,14.751634435349953,1.4387148771145108,1.719778956767895,7.101430826846047,71,25,46,35.2112676056338,4837.65,3362.4799999999996,1475.17,392.23,0,0,,0.04425490330604986,0.10967871927862771,-0.0,0.05634920634920635,0.004190144128549836,0.0028773248699803136,-0.08363647271430528
1b_narrow,779,0.4160750036675647,True,98,18,74.0,44.0,17,6,2.2,11,32,1.8,2.2,1.0,0.015,0.5,24.18365600249985,1.3874935306116236,1.4560296513012574,10.272291040048827,126,53,73,42.06349206349206,8659.25,6240.93,2418.3199999999997,706.67,0,1,24.671532667899957,2.053397208452352,3.515439804645138,3.814172394545924,63,30,33,47.61904761904762,4809.200000000001,2342.07,2467.1300000000006,356.38,0,0,,0.07401459800369986,0.25,-0.0,0.05,0.02418365600249985,0.019374676530581184,-0.0014979268692161488
1b_narrow,780,0.41791138488935803,True,97,18,75.0,44.0,17,6,2.2,11,32,1.8,2.2,1.0,0.015,0.5,24.539602277649827,1.3951864079233436,1.475148736014083,10.272291040048827,125,53,72,42.4,8663.410000000002,6209.5,2453.9100000000017,700.99,0,1,24.671532667899957,2.053397208452352,3.515439804645138,3.814172394545924,63,30,33,47.61904761904762,4809.200000000001,2342.07,2467.1300000000006,356.38,0,0,,0.07401459800369986,0.25,-0.0,0.05,0.024539602277649827,0.01975932039616718,-0.00040213578815883493
1b_narrow,781,0.3289908210384031,True,95,18,75.0,44.0,17,6,2.2,11,32,1.8,2.1,1.0,0.015,0.5,25.338785249199937,1.4170214656833784,1.5301982500252918,8.487178170849644,127,56,71,44.09448818897638,8610.119999999999,6076.209999999999,2533.91,707.33,0,1,19.504851692299944,1.7593296219877756,2.8811619491644502,4.718149264829688,68,30,38,44.11764705882353,4519.19,2568.7000000000003,1950.4899999999993,375.65,0,0,,0.05851455507689983,0.1898324054969439,-0.0,0.05396825396825397,0.025338785249199938,0.020851073284168922,-0.019514252037063473
1b_narrow,782,0.41791138488935803,True,97,18,75.0,44.0,17,6,2.2,11,32,1.8,2.2,1.0,0.015,0.5,24.539602277649827,1.3951864079233436,1.475148736014083,10.272291040048827,125,53,72,42.4,8663.410000000002,6209.5,2453.9100000000017,700.99,0,1,24.671532667899957,2.053397208452352,3.515439804645138,3.814172394545924,63,30,33,47.61904761904762,4809.200000000001,2342.07,2467.1300000000006,356.38,0,0,,0.07401459800369986,0.25,-0.0,0.05,0.024539602277649827,0.01975932039616718,-0.00040213578815883493
1b_narrow,783,0.3948521547583578,True,98,18,75.0,44.0,17,6,2.2,11,32,1.8,2.3000000000000003,1.0,0.015,0.5,20.057964748699998,1.3248895324729175,1.2267977637505274,9.833355088937742,125,50,75,40.0,8179.55,6173.760000000001,2005.789999999999,673.99,0,1,25.05007498049992,2.0273379347678984,3.483049494942863,3.7707325919557224,63,29,34,46.03174603174603,4943.4,2438.37,2505.0299999999997,360.06,0,0,,0.07515022494149975,0.25,-0.0,0.05,0.0200579647487,0.016244476623645875,-0.016600511555487855
1b_narrow,784,0.37845708652440957,True,108,18,75.0,44.0,17,6,2.2,11,33,1.8,2.2,1.0,0.015,0.5,16.644749749449893,1.2842209153808852,1.1016785916272638,9.896291914638072,119,47,72,39.49579831932773,7520.860000000001,5856.36,1664.500000000001,647.7,0,1,28.32376990079987,2.2631313716920713,3.994611156136159,3.217372395193938,65,30,35,46.15384615384615,5074.71,2242.34,2832.37,376.53,0,0,,0.08497130970239962,0.25,-0.0,0.0515873015873016,0.016644749749449895,0.014211045769044263,-0.038957320283785825
1b_narrow,785,0.22116123758308298,True,97,18,76.0,44.0,17,6,2.5,11,32,1.8,2.1,1.0,0.015,0.5,18.17105723089988,1.254465529820847,1.0546142429152174,9.612708393369685,145,60,85,41.37931034482759,8957.9,7140.809999999999,1817.090000000001,779.48,0,1,13.890350111649969,1.423699293254962,2.030979966170676,4.557644323849338,79,33,46,41.77215189873418,4667.469999999999,3278.41,1389.0599999999995,428.16,0,0,,0.0416710503349499,0.10592482331374048,-0.0,0.0626984126984127,0.01817105723089988,0.012723276491042346,-0.02002738248596232
1b_narrow,786,0.330350975062397,True,96,18,75.0,39.0,17,6,2.2,11,32,1.7,2.2,1.0,0.015,0.5,19.732817612449963,1.2948435585572124,1.1210422740093622,14.168242732469865,134,54,80,40.298507462686565,8665.87,6692.6,1973.2700000000004,734.17,0,2,19.632658600750037,1.724041791286966,2.79030018585106,4.910345049437433,71,32,39,45.070422535211264,4674.86,2711.5700000000006,1963.289999999999,387.59,0,0,,0.05889797580225011,0.18101044782174153,-0.0,0.05634920634920635,0.019732817612449965,0.014742177927860624,-0.00038165045111155337
1b_narrow,787,0.41791138488935803,True,97,18,75.0,44.0,17,6,2.2,11,32,1.8,2.2,1.0,0.015,0.5,24.539602277649827,1.3951864079233436,1.475148736014083,10.272291040048827,125,53,72,42.4,8663.410000000002,6209.5,2453.9100000000017,700.99,0,1,24.671532667899957,2.053397208452352,3.515439804645138,3.814172394545924,63,30,33,47.61904761904762,4809.200000000001,2342.07,2467.1300000000006,356.38,0,0,,0.07401459800369986,0.25,-0.0,0.05,0.024539602277649827,0.01975932039616718,-0.00040213578815883493
1b_narrow,788,0.3968320988956219,True,97,18,75.0,44.0,17,6,2.2,11,32,1.8,2.3000000000000003,1.0,0.015,0.5,20.404883921749953,1.3321196219210283,1.2457516357838077,9.833355088937742,124,50,74,40.32258064516129,8184.13,6143.689999999999,2040.4400000000014,668.52,0,1,25.05007498049992,2.0273379347678984,3.483049494942863,3.7707325919557224,63,29,34,46.03174603174603,4943.4,2438.37,2505.0299999999997,360.06,0,0,,0.07515022494149975,0.25,-0.0,0.05,0.020404883921749953,0.016605981096051416,-0.015328991063679239
1b_narrow,789,0.4160750036675647,True,98,18,75.0,44.0,17,6,2.2,11,32,1.8,2.2,1.0,0.015,0.5,24.18365600249985,1.3874935306116236,1.4560296513012574,10.272291040048827,126,53,73,42.06349206349206,8659.25,6240.93,2418.3199999999997,706.67,0,1,24.671532667899957,2.053397208452352,3.515439804645138,3.814172394545924,63,30,33,47.61904761904762,4809.200000000001,2342.07,2467.1300000000006,356.38,0,0,,0.07401459800369986,0.25,-0.0,0.05,0.02418365600249985,0.019374676530581184,-0.0014979268692161488
1b_narrow,790,0.3990347489128753,True,96,18,75.0,44.0,17,6,2.2,11,32,1.8,2.3000000000000003,1.0,0.015,0.5,22.239730607099972,1.3605871346622178,1.3400762587214068,9.833355088937742,125,51,74,40.8,8391.53,6167.58,2223.9500000000007,677.15,0,1,23.63443727995,1.9728657281633324,3.335146833904971,4.718173353234102,62,28,34,45.16129032258065,4792.88,2429.4,2363.48,351.08,0,0,,0.07090331183984999,0.2432164320408331,-0.0,0.049206349206349205,0.022239730607099974,0.01802935673311089,-0.004560431514367846
1b_narrow,791,0.3677770049061727,True,97,18,79.0,44.0,17,6,2.2,11,31,1.8,2.2,1.0,0.015,0.5,23.535604578449878,1.385616984881974,1.4417772329044718,8.859161509728528,125,52,73,41.6,8456.85,6103.31,2353.54,697.82,0,1,21.07595891079991,1.8800115241045852,3.065172656537183,3.8140549281969145,63,29,34,46.03174603174603,4502.589999999999,2394.98,2107.609999999999,349.94,0,0,,0.06322787673239973,0.2200028810261463,-0.0,0.05,0.02353560457844988,0.0192808492440987,-0.008270206674921891
1b_narrow,792,0.26399042893045127,True,95,18,75.0,39.0,17,5,2.2,11,32,1.8,2.1,1.0,0.015,0.5,17.235653443249866,1.2499224208184823,0.9905982395586282,10.867308270254435,139,58,81,41.726618705035975,8619.69,6896.179999999999,1723.5100000000011,738.25,0,2,16.848531648499975,1.4781748622093052,2.2838317609639627,7.245676123053952,83,33,50,39.75903614457831,5208.289999999999,3523.4600000000005,1684.8299999999986,459.0,0,0,,0.05054559494549993,0.11954371555232629,-0.0,0.06587301587301587,0.017235653443249867,0.012496121040924114,-0.0017036719245647814
1b_narrow,793,0.40566086511722815,True,99,18,75.0,44.0,17,6,2.2,11,32,1.8,2.2,1.0,0.015,0.5,22.038740758599833,1.3450585032011182,1.340594048189659,10.27095207189804,128,53,75,41.40625,8590.659999999998,6386.83,2203.829999999998,712.11,0,1,25.45727893260002,2.0827772177633737,3.6059915731818455,3.814432757084375,64,31,33,48.4375,4896.88,2351.1299999999997,2545.7500000000005,363.43,0,0,,0.07637183679780006,0.25,-0.0,0.050793650793650794,0.022038740758599833,0.017252925160055912,-0.010796288392878465
1b_narrow,794,0.38132454395404397,True,97,18,75.0,44.0,17,6,2.2,11,33,1.8,2.2,1.0,0.015,0.5,21.499870454499778,1.3427854858305406,1.3003492003665162,10.416584714768556,125,52,73,41.6,8421.87,6271.94,2149.930000000001,694.98,0,1,21.43330422400002,1.9208214293386032,3.1286778479171464,3.813850083800739,61,28,33,45.90163934426229,4471.0,2327.65,2143.35,339.73,0,0,,0.06429991267200007,0.2302053573346508,-0.0,0.048412698412698414,0.02149987045449978,0.01713927429152703,-0.00023256921133213323
1b_narrow,795,0.4160750036675647,True,98,18,75.0,41.0,17,6,2.2,11,32,1.8,2.2,1.0,0.015,0.5,24.18365600249985,1.3874935306116236,1.4560296513012574,10.272291040048827,126,53,73,42.06349206349206,8659.25,6240.93,2418.3199999999997,706.67,0,1,24.671532667899957,2.053397208452352,3.515439804645138,3.814172394545924,63,30,33,47.61904761904762,4809.200000000001,2342.07,2467.1300000000006,356.38,0,0,,0.07401459800369986,0.25,-0.0,0.05,0.02418365600249985,0.019374676530581184,-0.0014979268692161488
1b_narrow,796,0.3990347489128753,True,96,18,75.0,44.0,17,6,2.2,11,32,1.8,2.3000000000000003,1.0,0.015,0.5,22.239730607099972,1.3605871346622178,1.3400762587214068,9.833355088937742,125,51,74,40.8,8391.53,6167.58,2223.9500000000007,677.15,0,1,23.63443727995,1.9728657281633324,3.335146833904971,4.718173353234102,62,28,34,45.16129032258065,4792.88,2429.4,2363.48,351.08,0,0,,0.07090331183984999,0.2432164320408331,-0.0,0.049206349206349205,0.022239730607099974,0.01802935673311089,-0.004560431514367846
1b_narrow,797,0.2917650023973335,True,97,18,75.0,44.0,17,6,2.1,11,32,1.8,2.1,1.0,0.015,0.5,18.458280426449946,1.335731759441984,1.2514027976559476,5.976579252314483,119,50,69,42.016806722689076,7343.92,5498.05,1845.87,648.33,0,1,15.377258002750004,1.7120617162755374,2.4851564382528295,3.857616095094058,58,26,32,44.827586206896555,3697.3,2159.5600000000004,1537.7399999999998,313.78,0,0,,0.04613177400825001,0.17801542906888435,-0.0,0.046031746031746035,0.01845828042644995,0.0167865879720992,-0.013658815110096032
1b_narrow,798,0.4160750036675647,True,98,18,75.0,44.0,17,6,2.2,11,32,1.8,2.2,1.0,0.015,0.5,24.18365600249985,1.3874935306116236,1.4560296513012574,10.272291040048827,126,53,73,42.06349206349206,8659.25,6240.93,2418.3199999999997,706.67,0,1,24.671532667899957,2.053397208452352,3.515439804645138,3.814172394545924,63,30,33,47.61904761904762,4809.200000000001,2342.07,2467.1300000000006,356.38,0,0,,0.07401459800369986,0.25,-0.0,0.05,0.02418365600249985,0.019374676530581184,-0.0014979268692161488
1b_narrow,799,0.41791138488935803,True,97,18,75.0,39.0,17,6,2.2,11,32,1.8,2.2,1.0,0.015,0.5,24.539602277649827,1.3951864079233436,1.475148736014083,10.272291040048827,125,53,72,42.4,8663.410000000002,6209.5,2453.9100000000017,700.99,0,2,24.671532667899957,2.053397208452352,3.515439804645138,3.814172394545924,63,30,33,47.61904761904762,4809.200000000001,2342.07,2467.1300000000006,356.38,0,0,,0.07401459800369986,0.25,-0.0,0.05,0.024539602277649827,0.01975932039616718,-0.00040213578815883493
