trial,score,ema_period,rsi_period,rsi_overbought,rsi_oversold,atr_period,consolidation_candles,consolidation_atr_mult,swing_lookback,volume_sma_period,volume_mult,risk_reward_ratio,risk_per_trade_pct,max_position_allocation_pct,leverage,tr_return_pct,tr_net_pnl,tr_gross_profit,tr_gross_loss,tr_pf,tr_sharpe,tr_max_dd,tr_trades,tr_wins,tr_losses,tr_win_rate,tr_fees,tr_blocked,va_return_pct,va_net_pnl,va_gross_profit,va_gross_loss,va_pf,va_sharpe,va_max_dd,va_trades,va_wins,va_losses,va_win_rate,va_fees,va_blocked
279,1.5884084115140624,49,12,66.0,24.0,8,12,3.2,18,29,1.4,2.7,0.026000000000000002,0.65,4.0,175.07078185349977,17507.078185349976,82475.76000000001,64968.700000000004,1.2694691443725978,1.8048194476600843,28.593674314573164,212.0,76.0,136.0,35.84905660377358,7909.79,0.0,81.90835057310008,8190.835057310007,28200.55,20009.7,1.4093439681754347,2.2747544849485637,20.297865459416837,93.0,36.0,57.0,38.70967741935484,2687.47,0.0
283,1.509301523369402,54,13,66.0,25.0,8,12,3.2,18,32,1.4,2.7,0.027,0.65,4.0,195.36208661684984,19536.208661684985,76770.43,57234.17999999999,1.3413388642940285,1.8987496802405857,25.493232857842475,194.0,71.0,123.0,36.597938144329895,6882.66,0.0,38.51546792120013,3851.5467921200125,22107.43,18255.86,1.2109771875989408,1.3307819026440382,21.59863580118151,94.0,34.0,60.0,36.170212765957444,2132.78,0.0
281,1.4422569326774315,50,14,66.0,24.0,8,12,3.2,18,33,1.4,2.7,0.026000000000000002,0.65,4.0,186.5138780667999,18651.387806679988,77806.81999999999,59155.48,1.3152935281735518,1.868358410539893,26.134583748247614,206.0,74.0,132.0,35.922330097087375,7256.91,0.0,37.279357178750125,3727.9357178750124,21483.969999999998,17756.010000000002,1.2099548265629494,1.3094675021234123,24.75497340847916,99.0,35.0,64.0,35.35353535353536,2180.29,0.0
272,1.393534876860706,50,11,66.0,24.0,8,12,3.0,18,29,1.4,2.7,0.026000000000000002,0.65,4.0,150.59353758874977,15059.353758874979,66823.75,51764.409999999996,1.2909207310582698,1.7537206809406103,27.028406447397828,190.0,68.0,122.0,35.78947368421053,6640.95,0.0,74.20066886220012,7420.066886220011,22094.08,14674.05,1.505656584242251,2.259063330007871,16.69037715374686,79.0,32.0,47.0,40.50632911392405,2119.27,0.0
285,1.3168705868502188,54,14,66.0,25.0,8,13,3.4000000000000004,18,33,1.4,2.7,0.027,0.65,4.0,158.04490886794915,15804.490886794916,74574.91,58770.460000000014,1.2689182626782227,1.6301484298819404,33.66728626819242,208.0,73.0,135.0,35.09615384615385,6742.69,0.0,43.11604742465008,4311.604742465008,22817.8,18506.149999999998,1.232984710488135,1.4255764153458808,23.84517391123522,97.0,35.0,62.0,36.08247422680412,2203.95,0.0
287,1.2759970930418045,54,14,66.0,25.0,8,13,3.3000000000000003,18,33,1.4,2.7,0.027,0.65,4.0,148.8355256155495,14883.552561554952,66373.13,51489.54,1.2890604577162663,1.6129067022754584,32.679656341225986,197.0,69.0,128.0,35.025380710659896,6036.65,0.0,43.688099017450064,4368.809901745006,21839.42,17470.539999999997,1.2500712628230153,1.4556686148127862,23.964454985629978,93.0,34.0,59.0,36.55913978494624,2082.99,0.0
286,1.2325470272828312,55,14,66.0,25.0,8,13,3.3000000000000003,18,33,1.4,2.7,0.027,0.65,4.0,136.7881186099495,13678.811860994949,63570.47,49891.72,1.2741687398229606,1.5567716811197796,32.152754560367605,192.0,67.0,125.0,34.895833333333336,5819.32,0.0,56.59157965829999,5659.15796583,23020.149999999998,17360.969999999998,1.3259714174956814,1.7483148346443402,21.69217270539199,90.0,34.0,56.0,37.77777777777778,2118.7,0.0
288,1.2325470272828312,55,14,66.0,25.0,8,13,3.3000000000000003,18,33,1.4,2.7,0.027,0.65,4.0,136.7881186099495,13678.811860994949,63570.47,49891.72,1.2741687398229606,1.5567716811197796,32.152754560367605,192.0,67.0,125.0,34.895833333333336,5819.32,0.0,56.59157965829999,5659.15796583,23020.149999999998,17360.969999999998,1.3259714174956814,1.7483148346443402,21.69217270539199,90.0,34.0,56.0,37.77777777777778,2118.7,0.0
264,1.1279558663926381,50,10,65.0,22.0,8,10,2.9000000000000004,19,29,1.4,2.6,0.026000000000000002,0.65,4.0,109.66344606925009,10966.34460692501,60932.53,49966.16,1.2194759413170833,1.4332133979535917,25.58438015486253,211.0,76.0,135.0,36.018957345971565,6336.41,0.0,88.90115995949989,8890.11599594999,21542.17,12652.05,1.7026624143913436,2.6128785312079437,19.59687781610383,76.0,33.0,43.0,43.421052631578945,2069.43,0.0
296,1.099783336868478,58,14,67.0,25.0,8,13,3.5,17,35,1.4,2.7,0.028,0.65,4.0,134.63285425294927,13463.285425294926,67589.20999999999,54125.83000000001,1.2487422363777143,1.4656283765199216,36.53398675840754,204.0,70.0,134.0,34.31372549019608,6008.65,0.0,34.446800392249955,3444.680039224995,23285.73,19841.079999999998,1.1736120211198182,1.2011569891081244,23.45203514643851,96.0,34.0,62.0,35.416666666666664,2275.01,0.0
297,1.099783336868478,58,14,67.0,25.0,8,13,3.5,17,35,1.4,2.7,0.028,0.65,4.0,134.63285425294927,13463.285425294926,67589.20999999999,54125.83000000001,1.2487422363777143,1.4656283765199216,36.53398675840754,204.0,70.0,134.0,34.31372549019608,6008.65,0.0,34.446800392249955,3444.680039224995,23285.73,19841.079999999998,1.1736120211198182,1.2011569891081244,23.45203514643851,96.0,34.0,62.0,35.416666666666664,2275.01,0.0
298,1.099783336868478,58,14,67.0,25.0,8,13,3.5,17,35,1.4,2.7,0.028,0.65,4.0,134.63285425294927,13463.285425294926,67589.20999999999,54125.83000000001,1.2487422363777143,1.4656283765199216,36.53398675840754,204.0,70.0,134.0,34.31372549019608,6008.65,0.0,34.446800392249955,3444.680039224995,23285.73,19841.079999999998,1.1736120211198182,1.2011569891081244,23.45203514643851,96.0,34.0,62.0,35.416666666666664,2275.01,0.0
294,1.0914060263985377,57,14,66.0,25.0,8,13,3.4000000000000004,17,35,1.4,2.7,0.027,0.65,4.0,145.85026444219938,14585.026444219937,69885.18000000001,55300.15,1.2637430459049388,1.5684915162941742,32.73129260489281,203.0,71.0,132.0,34.97536945812808,6276.67,0.0,26.952713734499827,2695.271373449983,19695.18,16999.85,1.1585502225019633,1.042557777411967,22.93415598690887,93.0,32.0,61.0,34.40860215053763,1955.41,0.0
295,1.0914060263985377,57,14,66.0,25.0,8,13,3.4000000000000004,17,35,1.4,2.7,0.027,0.65,4.0,145.85026444219938,14585.026444219937,69885.18000000001,55300.15,1.2637430459049388,1.5684915162941742,32.73129260489281,203.0,71.0,132.0,34.97536945812808,6276.67,0.0,26.952713734499827,2695.271373449983,19695.18,16999.85,1.1585502225019633,1.042557777411967,22.93415598690887,93.0,32.0,61.0,34.40860215053763,1955.41,0.0
275,1.0758213601884015,49,11,66.0,24.0,8,12,3.2,18,28,1.4,2.7,0.026000000000000002,0.65,4.0,117.32157184799976,11732.157184799977,70260.49,58528.33,1.20045266967296,1.448531162594141,29.216502235690932,213.0,74.0,139.0,34.74178403755869,7197.11,0.0,54.03284405180002,5403.284405180002,22650.570000000003,17247.280000000002,1.313283601820113,1.758815546235663,21.9940032818477,91.0,34.0,57.0,37.362637362637365,2343.88,0.0
293,1.065485207010968,58,14,66.0,25.0,8,13,3.4000000000000004,18,35,1.4,2.7,0.027,0.65,4.0,136.36702532509975,13636.702532509975,69264.54000000001,55627.89000000001,1.2451405221373668,1.4853767664881738,37.37140984494356,215.0,74.0,141.0,34.41860465116279,6191.08,0.0,30.20696557784993,3020.6965577849933,19755.859999999993,16735.170000000002,1.180499510910256,1.1364222146875786,22.931116726288277,89.0,31.0,58.0,34.831460674157306,1926.6299999999999,0.0
276,1.0517447995638813,49,12,66.0,24.0,8,12,3.2,18,31,1.4,2.7,0.026000000000000002,0.65,4.0,106.46338332334959,10646.338332334959,65566.10999999999,54919.75,1.193853031013433,1.3686173741768037,27.217411274876124,215.0,74.0,141.0,34.41860465116279,6605.87,0.0,72.89498149675022,7289.498149675022,27500.969999999998,20211.49,1.3606601987285447,2.096459394744019,20.297757313634822,94.0,36.0,58.0,38.297872340425535,2627.61,0.0
284,1.0146713454984875,54,14,66.0,25.0,8,12,3.4000000000000004,18,33,1.4,2.7,0.027,0.65,4.0,113.60329200804952,11360.329200804954,61885.670000000006,50525.369999999995,1.2248434796222176,1.3750696983043706,33.66728626819242,198.0,68.0,130.0,34.343434343434346,5651.65,0.0,42.73682285490016,4273.6822854900165,23035.73,18762.049999999996,1.2277832113228568,1.400913206458314,19.672233593531878,100.0,36.0,64.0,36.0,2196.93,0.0
280,0.9946319603789333,50,13,66.0,25.0,8,12,3.2,18,31,1.4,2.7,0.026000000000000002,0.65,4.0,105.04642635979941,10504.64263597994,62927.84,52423.19,1.2003817394553822,1.3575144554059764,27.217411274876124,213.0,73.0,140.0,34.27230046948357,6275.95,0.0,57.13102638150016,5713.102638150016,25564.4,19851.27,1.2877967001607453,1.7410382057657992,20.297343130137037,101.0,37.0,64.0,36.633663366336634,2492.26,0.0
299,0.9900622982976751,59,14,67.0,25.0,8,13,3.5,17,35,1.4,2.7,0.028,0.65,4.0,113.86901610199929,11386.90161019993,63228.21000000001,51841.270000000004,1.219650097306644,1.3227913809323124,37.8530187156703,212.0,72.0,140.0,33.9622641509434,5736.48,0.0,34.9582022688,3495.8202268799996,22798.23,19302.420000000002,1.181107343017093,1.2172000549854718,23.315149681874924,94.0,33.0,61.0,35.1063829787234,2198.33,0.0
289,0.9598186345256996,57,14,66.0,25.0,8,13,3.4000000000000004,18,33,1.4,2.7,0.027,0.65,4.0,112.76275683809962,11276.275683809963,63417.71,52141.42999999999,1.2162633437556278,1.3444792377377683,34.056958472768144,209.0,71.0,138.0,33.97129186602871,5858.32,0.0,32.15566005674993,3215.566005674993,19671.17,16455.59,1.1954095842203165,1.1729512999600915,22.931180878395324,92.0,32.0,60.0,34.78260869565217,1885.84,0.0
290,0.9598186345256996,57,14,66.0,25.0,8,13,3.4000000000000004,18,33,1.4,2.7,0.027,0.65,4.0,112.76275683809962,11276.275683809963,63417.71,52141.42999999999,1.2162633437556278,1.3444792377377683,34.056958472768144,209.0,71.0,138.0,33.97129186602871,5858.32,0.0,32.15566005674993,3215.566005674993,19671.17,16455.59,1.1954095842203165,1.1729512999600915,22.931180878395324,92.0,32.0,60.0,34.78260869565217,1885.84,0.0
291,0.9598186345256996,57,14,66.0,25.0,8,13,3.4000000000000004,18,33,1.4,2.7,0.027,0.65,4.0,112.76275683809962,11276.275683809963,63417.71,52141.42999999999,1.2162633437556278,1.3444792377377683,34.056958472768144,209.0,71.0,138.0,33.97129186602871,5858.32,0.0,32.15566005674993,3215.566005674993,19671.17,16455.59,1.1954095842203165,1.1729512999600915,22.931180878395324,92.0,32.0,60.0,34.78260869565217,1885.84,0.0
292,0.924097644195986,57,14,66.0,25.0,8,13,3.4000000000000004,18,35,1.4,2.7,0.027,0.65,4.0,125.2603316016994,12526.03316016994,64519.34999999999,51993.28,1.240917095440026,1.4387568859309972,33.60619793735103,202.0,70.0,132.0,34.65346534653465,5811.98,0.0,22.87510037954984,2287.510037954984,18800.399999999998,16512.850000000002,1.1385315072806932,0.9369736233800033,22.93084498651962,91.0,31.0,60.0,34.065934065934066,1867.56,0.0
263,0.9224455170385941,49,10,65.0,22.0,8,10,2.9000000000000004,19,29,1.4,2.6,0.025,0.65,4.0,90.5268725294001,9052.68725294001,56279.98,47227.31,1.191682947853689,1.2959783519355013,24.966075711393394,211.0,75.0,136.0,35.54502369668246,5963.47,0.0,68.26339898354985,6826.339898354985,19188.75,12362.410000000002,1.5521852130773852,2.241081733871383,19.07561001973534,77.0,32.0,45.0,41.55844155844156,1978.22,0.0
268,0.8891559432387117,51,11,65.0,23.0,8,11,3.0,18,29,1.4,2.6,0.026000000000000002,0.65,4.0,81.16273263040009,8116.27326304001,58016.78,49900.53,1.162648573071268,1.1883730871666898,32.51774982552354,212.0,74.0,138.0,34.905660377358494,6139.86,0.0,81.77776772014997,8177.776772014997,22063.81,13886.039999999997,1.5889202393194897,2.5430510937175823,19.771355935966806,81.0,34.0,47.0,41.97530864197531,2144.21,0.0
274,0.8870521081151229,48,11,65.0,24.0,8,12,3.1,18,28,1.4,2.7,0.026000000000000002,0.65,4.0,94.8684863600997,9486.84863600997,61505.240000000005,52018.46,1.1823733343893688,1.2766412064067576,39.989801250669416,216.0,74.0,142.0,34.25925925925926,6343.22,0.0,46.967769945050115,4696.776994505011,19734.989999999998,15038.220000000001,1.3123222030266877,1.6398400728330904,28.842633484881052,87.0,32.0,55.0,36.7816091954023,2180.6,0.0
265,0.8433053145720498,49,10,65.0,22.0,8,11,3.0,18,29,1.4,2.6,0.026000000000000002,0.65,4.0,81.64637012225005,8164.637012225005,57399.030000000006,49234.369999999995,1.1658325271553187,1.205901618568361,27.344524990645898,208.0,73.0,135.0,35.09615384615385,6211.56,0.0,64.96746335744989,6496.746335744989,18956.54,12459.779999999999,1.5214185162177825,2.1734008305347747,19.51174069438868,77.0,32.0,45.0,41.55844155844156,1987.98,0.0
277,0.7829393471349548,53,13,66.0,24.0,8,12,3.1,18,31,1.4,2.7,0.026000000000000002,0.65,4.0,87.40633807499965,8740.633807499966,54235.1,45494.520000000004,1.192123798646518,1.2274885547200998,23.913219059570544,196.0,66.0,130.0,33.673469387755105,5384.86,0.0,30.169391003100156,3016.9391003100154,19969.260000000002,16952.350000000002,1.177964117069315,1.154238565337383,18.781071352594626,97.0,35.0,62.0,36.08247422680412,2115.22,0.0
282,0.7746807426163204,53,14,66.0,25.0,8,12,3.3000000000000003,18,33,1.4,2.7,0.027,0.65,4.0,102.08741923189947,10208.741923189948,59114.78,48906.06999999999,1.2087411644403243,1.313628181038328,30.973845617238116,192.0,66.0,126.0,34.375,5534.86,0.0,21.375696167650077,2137.5696167650076,19114.37,16976.8,1.1259112435794731,0.889964330410927,26.107527725123735,98.0,34.0,64.0,34.69387755102041,1951.95,0.0
257,0.7495406595087216,39,10,63.0,21.0,9,10,2.8,20,27,1.5,2.6,0.023000000000000003,0.65,4.0,80.84399494410013,8084.399494410012,47376.34,39291.95,1.2057518143029298,1.3204145500565487,30.563869508430336,189.0,68.0,121.0,35.97883597883598,5523.47,0.0,32.34559532230013,3234.5595322300123,14912.880000000001,11678.34,1.2769691582879075,1.4117166702285928,29.945740819484357,77.0,29.0,48.0,37.66233766233766,1858.86,0.0
216,0.7069386585718755,46,9,64.0,20.0,8,8,2.7,20,27,1.5,2.5,0.025,0.65,4.5,54.059628770350066,5405.962877035006,45178.509999999995,39772.55,1.1359218858232623,0.9764289857209614,23.78049845764356,186.0,66.0,120.0,35.483870967741936,5446.29,0.0,88.70253977035027,8870.253977035027,19917.280000000002,11047.04,1.8029517409188345,2.940372497724274,20.823753743176436,70.0,30.0,40.0,42.857142857142854,2078.03,0.0
251,0.6955500463465053,38,10,63.0,21.0,9,10,2.8,19,27,1.5,2.4000000000000004,0.024,0.65,4.0,71.90991347839957,7190.991347839958,50362.479999999996,43171.48,1.166568299256824,1.2076686497955071,34.77597596115403,193.0,73.0,120.0,37.82383419689119,6138.09,0.0,38.380129860750166,3838.0129860750167,14369.03,10530.979999999998,1.3644532607601576,1.626196557742518,32.82898184384525,78.0,32.0,46.0,41.02564102564103,1766.48,0.0
249,0.6719635255144341,42,10,64.0,21.0,9,11,2.8,20,28,1.5,2.4000000000000004,0.024,0.65,4.0,83.49266668449978,8349.266668449978,44757.7,36408.38999999999,1.2293237904779641,1.3781949443556172,30.639665862689426,176.0,66.0,110.0,37.5,5129.44,0.0,19.74165470940019,1974.165470940019,13483.69,11509.520000000002,1.1715249636822385,0.9894025393291445,34.67190947729286,74.0,27.0,47.0,36.486486486486484,1744.23,0.0
186,0.6528388211726066,40,10,63.0,21.0,11,8,2.8,20,28,1.5,2.5,0.022000000000000002,0.6000000000000001,4.5,52.5291936332499,5252.919363324991,45368.869999999995,40115.96,1.130943145820267,0.9929390757656064,31.27637132987136,203.0,71.0,132.0,34.97536945812808,5235.62,0.0,74.1310657898501,7413.106578985011,20489.13,13076.06,1.566919240199265,2.6008220194373317,22.14309457868443,87.0,36.0,51.0,41.37931034482759,2314.96,0.0
214,0.6469315344485171,45,9,64.0,20.0,8,8,2.7,20,27,1.5,2.5,0.025,0.6000000000000001,4.5,52.258102048200094,5225.810204820009,43991.380000000005,38765.61,1.1348042762644521,0.9655983976794087,23.29832466521936,187.0,66.0,121.0,35.294117647058826,5240.38,0.0,73.1214908669003,7312.149086690031,18440.01,11127.86,1.6571029829634807,2.5660649452658597,23.165421032469315,72.0,30.0,42.0,41.666666666666664,1952.01,0.0
270,0.6181889347767925,52,11,65.0,23.0,8,11,3.0,18,29,1.4,2.6,0.026000000000000002,0.65,4.0,43.867942879799834,4386.794287979983,49839.77,45452.94999999999,1.0965134276213098,0.8184114799732609,32.51738807315761,209.0,70.0,139.0,33.49282296650718,5487.09,0.0,86.84713928579988,8684.71392857999,22493.8,13809.09,1.6289125496321626,2.671424500798057,18.125709842167343,80.0,34.0,46.0,42.5,2151.19,0.0
261,0.6016308382674534,48,10,65.0,22.0,8,10,2.8,19,29,1.5,2.6,0.024,0.65,4.0,49.24911975150002,4924.911975150002,37521.509999999995,32596.629999999997,1.1510855570038987,0.9488962065122714,28.410206853115742,184.0,63.0,121.0,34.23913043478261,4279.43,0.0,64.77787799364992,6477.787799364993,16588.260000000002,10110.46,1.6407027969053836,2.3531175251277143,17.649462928160357,66.0,28.0,38.0,42.42424242424242,1719.42,0.0
262,0.5928116005540776,49,10,65.0,22.0,8,10,2.8,19,29,1.4,2.6,0.025,0.65,4.0,54.15443610770014,5415.443610770015,44590.079999999994,39174.67999999999,1.1382372491619588,0.9612619998326192,33.807841775518426,206.0,71.0,135.0,34.46601941747573,5115.61,0.0,50.61457429744992,5061.457429744993,16450.94,11389.47,1.4443990809054328,1.8563820530627753,18.900400013115558,72.0,29.0,43.0,40.27777777777778,1795.77,0.0
210,0.5855353042408187,44,9,64.0,21.0,9,8,2.7,20,27,1.5,2.5,0.024,0.6000000000000001,4.5,48.89517536044987,4889.517536044987,42385.45999999999,37495.91,1.1304022225357375,0.9367640504598997,23.606088285075785,187.0,66.0,121.0,35.294117647058826,5044.09,0.0,61.130217313700285,6113.021731370029,16424.54,10311.5,1.5928371235998644,2.3270953473773526,22.26975110463061,72.0,29.0,43.0,40.27777777777778,1811.67,0.0
231,0.5813203091809419,45,10,64.0,20.0,8,9,2.7,20,29,1.5,2.5,0.024,0.7,4.5,52.52647731740011,5252.647731740011,39521.37999999999,34268.81,1.1532755295558845,0.9542471052510353,31.065248881955476,194.0,68.0,126.0,35.05154639175258,4708.76,0.0,50.19835324700034,5019.835324700034,17503.99,12484.180000000002,1.4020936897737777,1.852965064238267,21.179858209863,72.0,28.0,44.0,38.888888888888886,2045.05,0.0
243,0.5761674717550789,43,10,63.0,20.0,8,10,2.9000000000000004,20,29,1.5,2.4000000000000004,0.025,0.7,4.0,50.637706581949715,5063.7706581949715,41076.64,36012.89,1.1406093762538914,0.9300245255958218,25.079204808734573,194.0,70.0,124.0,36.08247422680412,4787.94,0.0,53.71378725875024,5371.3787258750235,17064.6,11693.229999999998,1.4593572520167655,2.039838496311172,29.368384296298412,73.0,31.0,42.0,42.465753424657535,2039.39,0.0
176,0.5635044320990532,39,9,64.0,22.0,12,8,2.7,20,26,1.5,2.5,0.023000000000000003,0.45,2.5,58.80578106734984,5880.5781067349835,29083.679999999997,23203.04,1.2534426523421067,1.4313091289478668,14.952053566415632,189.0,69.0,120.0,36.507936507936506,2847.44,0.0,18.318080982000122,1831.808098200012,7829.93,5998.14,1.3053930051649345,1.3291111203710664,14.600541127478895,79.0,30.0,49.0,37.9746835443038,853.09,0.0
266,0.5609885389741198,50,11,65.0,23.0,8,11,3.1,18,29,1.4,2.6,0.026000000000000002,0.65,4.0,40.8738562144999,4087.38562144999,48157.91999999999,44070.6,1.0927448230793317,0.76555960954375,39.14803969340293,225.0,75.0,150.0,33.333333333333336,5310.73,0.0,75.77302756249995,7577.302756249996,22866.21,15288.84,1.4956144481857354,2.323632171600624,24.151966868788733,89.0,36.0,53.0,40.449438202247194,2290.29,0.0
218,0.5506616082182816,44,10,64.0,20.0,8,8,2.7,20,28,1.5,2.5,0.024,0.65,4.0,41.42274517910004,4142.274517910004,40842.049999999996,36699.86,1.1128666430880116,0.8220080552075822,33.03947969987978,196.0,68.0,128.0,34.69387755102041,4665.87,0.0,69.43844163180034,6943.844163180034,19907.620000000003,12963.770000000002,1.5356350814616426,2.314501451819098,21.834549903879616,82.0,33.0,49.0,40.24390243902439,2114.18,0.0
191,0.5429267243499285,40,9,63.0,20.0,10,9,3.0,20,28,1.5,2.4000000000000004,0.021,0.6000000000000001,5.0,26.955361676899575,2695.5361676899574,40100.15,37404.58,1.0720652390696541,0.6498303121313004,27.56162210135062,212.0,73.0,139.0,34.43396226415094,5160.37,0.0,104.84705103270034,10484.705103270033,22706.27,12221.56,1.8578863909353636,3.377350611536471,13.47125500985033,82.0,38.0,44.0,46.34146341463415,2418.89,0.0
190,0.5338282614552924,39,9,63.0,20.0,10,9,3.0,20,28,1.5,2.4000000000000004,0.021,0.6000000000000001,5.0,26.421828138799704,2642.18281387997,40772.869999999995,38130.75,1.0692910577421109,0.6416093603086532,30.083763337888065,213.0,74.0,139.0,34.74178403755869,5281.95,0.0,103.28863023135024,10328.863023135025,22321.47,11992.62,1.8612671793152789,3.3039466468003384,14.478549994063473,86.0,40.0,46.0,46.51162790697674,2430.6,0.0
246,0.5166266708148439,42,10,64.0,20.0,7,10,2.8,20,27,1.5,2.3,0.024,0.65,4.0,45.49127238595,4549.127238595,41435.590000000004,36886.41,1.1233294321675653,0.8780897915477469,32.52181906554867,207.0,76.0,131.0,36.71497584541063,4916.98,0.0,47.31677710635004,4731.677710635004,16783.41,12051.77,1.3926095502984208,1.8387842176068663,27.313235603495677,83.0,34.0,49.0,40.963855421686745,1998.93,0.0
93,0.5142575186925729,45,9,63.0,32.0,13,7,2.5,8,26,1.2000000000000002,2.5,0.029,0.3,2.0,45.07445459415001,4507.445459415001,16806.9,12299.43,1.3664779587346731,1.845746020350111,8.46221628923083,255.0,90.0,165.0,35.294117647058826,1869.78,0.0,23.267079880849998,2326.7079880849997,6492.33,4165.66,1.558535742235324,2.6888102660454254,5.822459721796867,113.0,44.0,69.0,38.93805309734513,745.25,0.0
278,0.5109759258349754,52,13,66.0,24.0,8,12,3.3000000000000003,18,31,1.4,2.7,0.026000000000000002,0.65,4.0,48.85931139784963,4885.931139784963,48384.18000000001,43498.219999999994,1.1123255158486949,0.8584537053311666,29.661722922281854,199.0,65.0,134.0,32.663316582914575,4921.59,0.0,38.26850306620007,3826.8503066200064,22450.04,18623.18,1.205489073294679,1.3305154760493858,20.297236566242827,101.0,36.0,65.0,35.64356435643565,2224.12,0.0
177,0.4967861142430567,40,9,64.0,22.0,13,8,2.8,19,26,1.5,2.4000000000000004,0.022000000000000002,0.5,2.5,45.883143369399676,4588.314336939968,30923.62,26335.260000000002,1.1742287716164563,1.1375595671322651,21.060758473043,203.0,73.0,130.0,35.960591133004925,3284.39,0.0,33.76775171300002,3376.7751713000016,10328.96,6952.219999999999,1.4857067238953887,2.0343689976581896,13.000959929337244,84.0,35.0,49.0,41.666666666666664,1078.11,0.0
122,0.4967065365731357,44,7,66.0,29.0,11,7,2.1,20,20,1.3,2.6,0.027,0.35,3.5,46.3196014173498,4631.96014173498,22435.22,17803.229999999996,1.2601769454194551,1.3404242947948302,19.885508621289265,155.0,54.0,101.0,34.83870967741935,2527.96,0.0,26.476805790000018,2647.6805790000017,7467.020000000001,4819.35,1.5493832155788645,2.067398830376436,15.132503582805827,59.0,21.0,38.0,35.59322033898305,829.77,0.0
232,0.4955380782836417,45,11,64.0,20.0,8,9,2.7,20,29,1.5,2.5,0.025,0.7,4.5,37.13972688045018,3713.972688045018,41156.36,37442.37,1.0991921718630524,0.7438171771656853,32.425618052666486,201.0,69.0,132.0,34.32835820895522,4887.47,0.0,62.81663802530033,6281.663802530033,21158.780000000002,14877.07,1.4222410730069834,2.0819551935016953,20.35716146587819,79.0,31.0,48.0,39.24050632911393,2345.99,0.0
212,0.4885439997978611,41,9,64.0,21.0,8,8,2.7,20,28,1.5,2.5,0.024,0.6000000000000001,4.5,35.71919954729996,3571.919954729996,42077.560000000005,38505.65,1.0927632698058598,0.7486492891734983,31.072274779093647,193.0,66.0,127.0,34.196891191709845,5027.88,0.0,63.9336038425002,6393.36038425002,18351.829999999998,11958.45,1.5346328328504109,2.3043495299264247,21.862089209295377,78.0,31.0,47.0,39.743589743589745,2039.89,0.0
221,0.4673016155893999,44,10,64.0,20.0,7,9,2.7,20,30,1.5,2.4000000000000004,0.024,0.7,4.0,37.966363845049855,3796.6363845049855,33327.76,29531.139999999996,1.1285632725319783,0.7911126914020533,35.91041188747086,194.0,69.0,125.0,35.56701030927835,3867.49,0.0,49.708368950250154,4970.836895025015,17690.86,12720.02,1.390788693728469,1.865147808370755,24.494191157893265,79.0,31.0,48.0,39.24050632911393,2056.01,0.0
222,0.4673016155893999,44,10,64.0,20.0,7,9,2.7,20,30,1.5,2.4000000000000004,0.024,0.7,4.0,37.966363845049855,3796.6363845049855,33327.76,29531.139999999996,1.1285632725319783,0.7911126914020533,35.91041188747086,194.0,69.0,125.0,35.56701030927835,3867.49,0.0,49.708368950250154,4970.836895025015,17690.86,12720.02,1.390788693728469,1.865147808370755,24.494191157893265,79.0,31.0,48.0,39.24050632911393,2056.01,0.0
220,0.4650413432742166,44,10,64.0,20.0,8,9,2.7,20,29,1.5,2.4000000000000004,0.024,0.7,4.0,37.27512846394968,3727.5128463949677,35496.35999999999,31768.84,1.1173325812336867,0.7769105775819948,32.975178174524366,195.0,69.0,126.0,35.38461538461539,4225.46,0.0,51.17888567470016,5117.888567470016,17275.920000000002,12158.029999999999,1.420947308075404,1.9651402773409972,22.435299682026432,75.0,30.0,45.0,40.0,1989.75,0.0
171,0.4531695633520982,46,9,64.0,22.0,12,9,2.8,20,24,1.4,2.6,0.024,0.45,2.5,53.46889853830012,5346.889853830011,29282.32,23935.42,1.22338860149519,1.3074260650242608,18.791162557298392,208.0,73.0,135.0,35.09615384615385,2997.24,0.0,13.416778289799913,1341.6778289799913,7373.039999999999,6031.33,1.2224567383976668,1.036397184542285,14.376640333980639,82.0,28.0,54.0,34.146341463414636,925.8,0.0
219,0.44654940255418263,45,10,64.0,20.0,7,8,2.7,20,29,1.5,2.4000000000000004,0.024,0.65,4.5,21.123157010749782,2112.3157010749783,36070.479999999996,33958.18000000001,1.0622029802539472,0.5415925269087762,33.93962890979985,203.0,70.0,133.0,34.48275862068966,4426.1,0.0,88.46245970270022,8846.245970270022,22558.2,13711.970000000001,1.6451465398480305,2.709124305242359,18.64189066204168,82.0,35.0,47.0,42.68292682926829,2333.06,0.0
211,0.4287238692239212,43,9,64.0,21.0,9,8,2.7,20,27,1.5,2.5,0.024,0.6000000000000001,4.5,33.465101422049976,3346.5101422049975,40571.71000000001,37225.26,1.0898972901733932,0.7254826380306214,24.72072870724615,191.0,66.0,125.0,34.55497382198953,4926.75,0.0,49.73476611690032,4973.476611690032,15729.64,10756.17,1.4623829857653792,1.980965182370013,26.174510609624445,75.0,29.0,46.0,38.666666666666664,1809.96,0.0
189,0.4197375149300416,41,9,63.0,20.0,10,9,2.9000000000000004,20,28,1.5,2.4000000000000004,0.023000000000000003,0.6000000000000001,5.0,24.592082501449696,2459.2082501449695,39726.73,37267.53,1.0659877378511537,0.5995538525315534,31.23340312883659,200.0,69.0,131.0,34.5,5134.31,0.0,70.33882366940023,7033.882366940023,18141.39,11107.5,1.6332559081701552,2.591086555013732,18.383183589503467,74.0,32.0,42.0,43.24324324324324,2063.05,0.0
134,0.4133094133311192,60,7,65.0,28.0,12,8,2.4000000000000004,20,21,1.3,2.8,0.013000000000000001,0.35,2.0,34.500547896749936,3450.054789674994,10816.81,7366.72,1.4683346183919028,1.8030504815195814,9.016560807143456,134.0,50.0,84.0,37.3134328358209,1120.72,0.0,11.606530712900094,1160.6530712900094,3288.98,2128.3399999999997,1.5453264046158042,1.4054340459234338,4.878888485094009,47.0,17.0,30.0,36.170212765957444,345.11,0.0
256,0.40722154100650626,47,10,64.0,20.0,8,10,2.8,19,29,1.5,2.5,0.02,0.6000000000000001,4.0,29.456881738649898,2945.68817386499,27885.04,24939.33,1.1181150415829133,0.7363604583193012,28.103698723275265,189.0,65.0,124.0,34.39153439153439,3420.9700000000003,0.0,50.7979472539002,5079.79472539002,13150.289999999999,8070.48,1.629430963214084,2.2616871241063703,20.844083872458864,66.0,28.0,38.0,42.42424242424242,1446.99,0.0
223,0.4061368076577783,45,11,64.0,20.0,7,9,2.7,20,30,1.5,2.4000000000000004,0.024,0.7,4.5,22.345216801849983,2234.5216801849983,34222.25000000001,31987.780000000002,1.0698538629439118,0.5596436985227276,36.027318669456704,202.0,70.0,132.0,34.65346534653465,4151.2,0.0,71.58423960810029,7158.423960810029,22012.739999999998,14854.29,1.4819112862344814,2.339712047523787,19.61145484733061,83.0,34.0,49.0,40.963855421686745,2394.56,0.0
228,0.39955853711873784,45,10,64.0,20.0,8,9,2.7,20,30,1.5,2.5,0.025,0.7,4.5,29.76898513400012,2976.8985134000122,34740.26,31763.39,1.093720160222193,0.66281887400534,33.60730814448778,191.0,65.0,126.0,34.031413612565444,4272.97,0.0,49.554227152750244,4955.4227152750245,18060.870000000003,13105.429999999997,1.3781211299438483,1.788261897024983,22.097628630548076,73.0,28.0,45.0,38.35616438356164,2141.66,0.0
194,0.3867702876727472,40,9,63.0,21.0,10,9,2.9000000000000004,20,29,1.5,2.5,0.023000000000000003,0.6000000000000001,5.0,17.49393576644976,1749.3935766449758,36311.619999999995,34562.259999999995,1.0506147456792467,0.49023174683946413,32.69534484664744,199.0,66.0,133.0,33.165829145728644,4614.13,0.0,78.24655846590034,7824.655846590034,19677.37,11852.720000000001,1.660156487287306,2.72862496548307,17.603538326976395,72.0,31.0,41.0,43.05555555555556,2151.22,0.0
170,0.38323989033728934,47,9,64.0,22.0,12,9,2.8,20,24,1.4,2.6,0.023000000000000003,0.45,2.5,43.276256607499946,4327.6256607499945,26959.61,22631.940000000002,1.191219577287674,1.1329696169377423,19.190478598793145,206.0,71.0,135.0,34.46601941747573,2809.72,0.0,11.66474383194989,1166.474383194989,7131.89,5965.4400000000005,1.1955346127024997,0.9299910117073904,14.196025726223358,80.0,27.0,53.0,33.75,898.51,0.0
172,0.38323989033728934,47,9,64.0,22.0,12,9,2.8,20,24,1.4,2.6,0.023000000000000003,0.45,2.5,43.276256607499946,4327.6256607499945,26959.61,22631.940000000002,1.191219577287674,1.1329696169377423,19.190478598793145,206.0,71.0,135.0,34.46601941747573,2809.72,0.0,11.66474383194989,1166.474383194989,7131.89,5965.4400000000005,1.1955346127024997,0.9299910117073904,14.196025726223358,80.0,27.0,53.0,33.75,898.51,0.0
184,0.3824818391866828,44,9,63.0,21.0,11,8,2.8,20,26,1.5,2.4000000000000004,0.023000000000000003,0.55,5.0,18.74417883139977,1874.4178831399768,36199.8,34325.350000000006,1.0546083288298589,0.5198218209829659,24.019392916941733,187.0,65.0,122.0,34.75935828877005,4701.92,0.0,73.27355447825008,7327.355447825008,16501.65,9174.289999999999,1.7986841488551162,2.891219137194847,20.29083315728927,69.0,31.0,38.0,44.927536231884055,1754.8,0.0
157,0.3755828303215017,48,8,66.0,29.0,14,8,2.7,20,25,1.5,2.7,0.025,0.45,2.0,30.664673740349862,3066.4673740349863,19046.350000000002,15979.83,1.1918994131977625,1.03437375264253,12.913177021248648,178.0,59.0,119.0,33.146067415730336,1879.86,0.0,30.00716172904997,3000.7161729049967,6776.58,3775.87,1.794706915227484,2.39925587399205,5.9284787289268985,60.0,25.0,35.0,41.666666666666664,605.09,0.0
151,0.37097967895428,48,8,65.0,28.0,12,8,2.5,19,23,1.3,2.7,0.013000000000000001,0.45,2.0,40.221574594599694,4022.1574594599697,19289.009999999995,15266.88,1.2634546154813555,1.5105214946430598,9.584238577203761,196.0,69.0,127.0,35.204081632653065,2082.47,0.0,10.320660521750069,1032.066052175007,5551.44,4519.409999999999,1.2283550286431195,1.0554934738104076,6.963264154461362,78.0,25.0,53.0,32.05128205128205,696.12,0.0
238,0.3665576520744938,43,10,64.0,20.0,9,8,2.7,20,28,1.5,2.5,0.024,0.65,4.5,22.79769112209993,2279.769112209993,39815.29000000001,37535.46,1.0607380327828675,0.561334277222128,35.77321000788439,201.0,68.0,133.0,33.830845771144276,4795.17,0.0,57.61109902680038,5761.109902680038,19064.06,13302.94,1.4330711857679581,1.9870572615697888,25.679048071443923,83.0,32.0,51.0,38.55421686746988,2156.44,0.0
106,0.3615109191435021,42,9,63.0,30.0,11,7,2.7,8,22,1.2000000000000002,2.5,0.026000000000000002,0.4,2.5,29.218056993499776,2921.8056993499777,32041.27,29119.49,1.1003376089347718,0.8316192379915348,20.476539628591116,325.0,106.0,219.0,32.61538461538461,4044.16,0.0,35.12326579864992,3512.326579864992,12393.84,8881.539999999999,1.3954606971313535,2.2354038236228773,9.62226536060261,135.0,52.0,83.0,38.51851851851852,1494.54,0.0
208,0.356501983051679,37,9,62.0,21.0,10,8,2.8,20,27,1.5,2.5,0.021,0.6000000000000001,4.5,22.335339311050014,2233.533931105001,34522.28,32288.77,1.0691729663285408,0.5918100487224857,31.067213277446992,184.0,64.0,120.0,34.78260869565217,4375.2,0.0,54.5489362684502,5454.89362684502,15743.359999999999,10288.49,1.5301915052646209,2.3066649725929564,17.16262887987017,74.0,30.0,44.0,40.54054054054054,1871.18,0.0
183,0.3502955018344592,45,9,63.0,22.0,12,8,2.8,19,26,1.5,2.5,0.023000000000000003,0.55,2.5,24.0447548646999,2404.47548646999,24710.16,22305.609999999997,1.1078002350081437,0.7114111240729001,17.945230984699297,178.0,61.0,117.0,34.26966292134831,2800.42,0.0,45.21054602570019,4521.054602570019,10705.859999999999,6184.82,1.7309897458616417,2.5699151826725766,13.864058927457606,70.0,30.0,40.0,42.857142857142854,1016.37,0.0
197,0.3491864733424938,38,9,63.0,21.0,10,10,3.0,20,29,1.5,2.3,0.024,0.6000000000000001,4.5,16.099470606649703,1609.9470606649702,36048.04000000001,34438.13,1.046747892524943,0.47113491387803424,31.067679362904084,197.0,70.0,127.0,35.53299492385787,4721.04,0.0,69.41954804984995,6941.954804984995,17094.960000000003,10152.980000000001,1.6837381734229753,2.5352129322407158,26.235116837077534,76.0,35.0,41.0,46.05263157894737,1997.52,0.0
240,0.34760052138805814,46,11,65.0,20.0,8,8,2.6,19,29,1.5,2.4000000000000004,0.024,0.7,4.5,10.333859639349921,1033.385963934992,36929.71000000001,35896.37,1.0287867547609968,0.3758720427881708,33.31112616937411,211.0,72.0,139.0,34.12322274881517,4688.77,0.0,84.53040876570016,8453.040876570016,23006.48,14553.44,1.5808276256335272,2.6908360909483084,16.430100849757466,80.0,34.0,46.0,42.5,2454.29,0.0
182,0.34533547036342216,44,9,63.0,21.0,12,8,2.8,19,26,1.5,2.4000000000000004,0.023000000000000003,0.45,2.5,26.408517428049745,2640.8517428049745,22960.129999999997,20319.300000000003,1.1299665834945098,0.8276729863304515,17.362317378960487,185.0,65.0,120.0,35.13513513513514,2501.5,0.0,35.36518023370014,3536.518023370014,8631.79,5095.270000000001,1.6940790183837164,2.4735264837938633,11.609757823973025,70.0,31.0,39.0,44.285714285714285,829.43,0.0
201,0.34473369311349034,35,9,63.0,23.0,10,9,2.9000000000000004,20,27,1.5,2.4000000000000004,0.021,0.55,5.0,16.913918588299897,1691.3918588299894,37666.68,35975.3,1.0470150353158971,0.4895350121730127,27.589825937918267,213.0,74.0,139.0,34.74178403755869,4939.49,0.0,65.71933628505023,6571.933628505023,18362.25,11790.289999999999,1.5574044404336111,2.506258540295136,13.958596087897599,86.0,36.0,50.0,41.86046511627907,2095.32,0.0
200,0.33901838231489745,36,9,63.0,23.0,10,9,2.9000000000000004,20,30,1.5,2.4000000000000004,0.021,0.55,5.0,12.863041562399813,1286.3041562399812,33594.7,32308.449999999997,1.0398115663239802,0.4216719184890023,34.00985182022562,201.0,69.0,132.0,34.32835820895522,4386.7,0.0,74.63744627375021,7463.744627375021,18471.03,11007.310000000001,1.6780693920676348,2.792838733914572,15.992677726033294,80.0,35.0,45.0,43.75,2052.79,0.0
163,0.3348630389955946,50,9,67.0,31.0,13,7,2.5,19,25,1.4,2.6,0.026000000000000002,0.45,2.0,28.93191934965003,2893.1919349650034,25197.32,22304.09,1.1297174643753678,0.8960320630471577,23.876862293996318,221.0,72.0,149.0,32.57918552036199,2455.02,0.0,24.855417986049908,2485.5417986049906,8059.9400000000005,5574.39,1.445887352696887,1.8348305331814527,12.966643679677755,86.0,32.0,54.0,37.2093023255814,808.15,0.0
254,0.33354077525196923,36,10,63.0,20.0,8,11,2.9000000000000004,19,28,1.5,2.2,0.024,0.6000000000000001,4.0,35.57076960639957,3557.076960639957,40409.12999999999,36852.09,1.0965220697116498,0.7790240996081318,31.399492450885774,193.0,72.0,121.0,37.30569948186528,4989.12,0.0,11.980658685200233,1198.0658685200233,11783.7,10585.619999999999,1.113179955448996,0.710670022422399,33.15540030067101,80.0,32.0,48.0,40.0,1637.16,0.0
199,0.3297503510044749,40,9,62.0,20.0,9,10,3.0,20,29,1.5,2.3,0.023000000000000003,0.6000000000000001,5.0,18.343027863099888,1834.3027863099887,33498.869999999995,31664.519999999997,1.0579307692016173,0.5124952427862813,29.147399204394375,188.0,66.0,122.0,35.1063829787234,4537.42,0.0,56.64377230109998,5664.377230109998,15731.789999999999,10067.390000000001,1.5626483130185675,2.3609128398465065,15.147530532157974,64.0,28.0,36.0,43.75,1946.14,0.0
235,0.32584772427444664,45,10,64.0,20.0,8,10,2.7,20,30,1.5,2.4000000000000004,0.024,0.65,4.5,19.235521930749947,1923.5521930749946,27954.440000000002,26030.83,1.073897374766767,0.5347940520383947,31.190853852845773,164.0,57.0,107.0,34.75609756097561,3552.25,0.0,52.35654356020021,5235.654356020021,17100.14,11864.449999999999,1.441292263863896,2.0173112984771016,24.64634343085709,71.0,29.0,42.0,40.84507042253521,2021.71,0.0
129,0.3250979491269907,48,8,65.0,30.0,13,8,2.4000000000000004,20,23,1.4,2.8,0.013000000000000001,0.35,2.0,36.63510841360002,3663.510841360003,13715.64,10052.099999999999,1.3644551884680813,1.7130011564752436,8.685343931037188,162.0,55.0,107.0,33.95061728395062,1373.26,0.0,8.13819707184999,813.8197071849991,3484.0,2670.189999999999,1.3047760646246152,1.0668263523120254,6.068512720389318,55.0,18.0,37.0,32.72727272727273,384.82,0.0
101,0.3200122254560965,49,9,63.0,27.0,13,7,1.9,7,26,1.2000000000000002,3.4000000000000004,0.03,0.35,2.5,25.16723823759992,2516.7238237599922,10013.400000000001,7496.679999999999,1.3357112748576707,1.2881719526295987,9.81355886872485,121.0,40.0,81.0,33.05785123966942,1250.38,0.0,15.287277558550013,1528.7277558550013,3879.5699999999997,2350.83,1.6502979798624315,2.097397994553572,4.759443299158475,43.0,14.0,29.0,32.55813953488372,412.42,0.0
253,0.31507315273381653,40,10,63.0,21.0,9,10,2.8,15,27,1.5,2.4000000000000004,0.025,0.65,4.0,23.164498440399655,2316.4498440399657,38018.49,35701.979999999996,1.0648846366504043,0.5801949222565564,35.94556591780464,194.0,67.0,127.0,34.5360824742268,4993.51,0.0,39.14115129105023,3914.115129105023,15045.03,11130.960000000001,1.351638133638069,1.677871624253115,30.654446309169103,74.0,31.0,43.0,41.891891891891895,1878.28,0.0
131,0.31432378869588884,45,8,65.0,29.0,13,8,2.4000000000000004,19,23,1.4,2.8,0.013000000000000001,0.35,2.0,32.36025754919998,3236.025754919998,13175.160000000002,9939.08,1.3255915034389503,1.551584896033773,7.49020734887006,168.0,57.0,111.0,33.92857142857143,1369.22,0.0,8.190158401550034,819.0158401550034,3672.61,2853.6,1.2870093916456407,1.0579251626892112,6.813003615726271,60.0,20.0,40.0,33.333333333333336,415.87,0.0
248,0.3123324741867006,36,12,64.0,20.0,7,10,2.8,20,27,1.6,2.3,0.024,0.65,4.0,20.81140980999997,2081.140980999997,36760.4,34679.21000000001,1.0600126127440619,0.5396523456158923,35.914665832760726,207.0,74.0,133.0,35.7487922705314,4285.11,0.0,44.556242320500026,4455.624232050002,17498.11,13042.51,1.341621359692268,1.696097602398346,21.059128509720207,85.0,35.0,50.0,41.1764705882353,1947.34,0.0
192,0.3097147033300796,40,9,62.0,20.0,10,9,3.1,20,29,1.6,2.4000000000000004,0.021,0.6000000000000001,5.0,9.296801587499813,929.6801587499813,28907.080000000005,27977.36,1.0332311554771432,0.3568976308403178,23.82466809209585,178.0,60.0,118.0,33.70786516853933,3771.77,0.0,74.48969837595024,7448.969837595025,17040.58,9591.58,1.7766186592824125,2.96905036853034,13.865469829786429,61.0,28.0,33.0,45.90163934426229,1855.48,0.0
226,0.30934500307523227,45,11,64.0,20.0,8,9,2.7,20,30,1.5,2.5,0.024,0.7,4.0,16.136250963000165,1613.6250963000166,33321.74,31708.079999999998,1.0508911293272882,0.4682192557980259,32.496573872059905,198.0,66.0,132.0,33.333333333333336,4039.2,0.0,55.96372353720033,5596.372353720033,19482.370000000006,13885.99,1.40302347906055,2.004051198041919,19.73071230971027,80.0,31.0,49.0,38.75,2170.18,0.0
152,0.30855167890536705,49,8,65.0,28.0,13,8,2.6,19,23,1.4,2.8,0.013000000000000001,0.45,2.0,48.43851511719995,4843.851511719995,19731.610000000004,14887.72,1.3253614388234065,1.7245689704616238,9.116385750765156,188.0,65.0,123.0,34.57446808510638,2082.35,0.0,6.374252926149948,637.4252926149948,4502.38,3864.8999999999996,1.164940878159849,0.710320988935538,8.679391922836562,66.0,22.0,44.0,33.333333333333336,566.57,0.0
203,0.3000336857306116,31,9,64.0,21.0,10,10,2.8,20,28,1.5,2.5,0.022000000000000002,0.6000000000000001,5.0,24.873801161199935,2487.3801161199935,35890.28,33402.89,1.0744663111485264,0.6045854453951733,36.48509119295985,200.0,67.0,133.0,33.5,4639.18,0.0,29.41372473920026,2941.372473920026,15373.759999999998,12432.39,1.2365892640111835,1.308965109384793,28.564900617105575,83.0,31.0,52.0,37.34939759036145,1905.08,0.0
181,0.29813953440309104,45,9,64.0,21.0,12,8,2.8,20,25,1.5,2.6,0.023000000000000003,0.45,2.5,24.44673834290008,2444.673834290008,22162.690000000002,19717.989999999998,1.1239832254707505,0.7503964290873096,16.385691310970827,184.0,60.0,124.0,32.608695652173914,2355.31,0.0,25.698074000449996,2569.8074000449997,8315.34,5745.53,1.4472711829892109,1.7841686096472482,10.984800137041377,72.0,28.0,44.0,38.888888888888886,862.84,0.0
147,0.295423859042189,55,8,64.0,28.0,13,8,2.5,19,23,1.4,2.8,0.011,0.45,2.0,25.603776421949952,2560.377642194995,12833.730000000001,10273.33,1.2492278550382399,1.2372971929613066,13.626261829075032,147.0,50.0,97.0,34.01360544217687,1463.89,0.0,9.803259645550007,980.3259645550006,3771.7999999999997,2791.4800000000005,1.3511828850645533,1.2270442345227772,6.146753443079344,53.0,19.0,34.0,35.84905660377358,464.69,0.0
1,0.2942957286682554,43,9,62.0,33.0,13,8,2.8,6,21,1.0,2.4000000000000004,0.025,0.35,3.0,25.27055894209956,2527.055894209956,35671.04,33144.09,1.0762413449879,0.7301886496213656,21.381285849051228,387.0,130.0,257.0,33.59173126614987,5178.73,0.0,24.422749697900052,2442.2749697900053,11499.07,9056.770000000002,1.269665675511247,1.7620807673850971,9.246424866329104,148.0,56.0,92.0,37.83783783783784,1752.82,0.0
227,0.28923376233460185,41,10,64.0,20.0,7,9,2.7,20,29,1.6,2.4000000000000004,0.024,0.7,4.0,20.140977888799952,2014.0977888799953,31214.58,29200.53,1.068973063160155,0.5332050097247215,37.15284625549065,189.0,64.0,125.0,33.86243386243386,3776.39,0.0,38.229786770250215,3822.978677025021,15875.07,12052.1,1.3172036408592693,1.5553972025375826,21.705708388810127,72.0,28.0,44.0,38.888888888888886,1884.3799999999999,0.0
234,0.28145943274229596,45,11,65.0,20.0,8,9,2.6,20,28,1.5,2.5,0.025,0.7,4.5,12.730424397400203,1273.0424397400202,32880.36,31607.239999999998,1.0402793790283493,0.41345929523117236,36.96851772967343,193.0,64.0,129.0,33.16062176165803,4000.84,0.0,55.88185309870034,5588.185309870034,19288.71,13700.510000000002,1.407882626267197,1.933100504684865,20.055228746638512,77.0,30.0,47.0,38.96103896103896,2228.58,0.0
116,0.2809393170914951,55,8,64.0,30.0,12,6,2.2,20,24,1.2000000000000002,2.6,0.026000000000000002,0.35,2.5,34.254958292899865,3425.4958292899864,18550.12,15124.619999999999,1.226485029045358,1.1839019067653376,15.98729091446569,184.0,65.0,119.0,35.32608695652174,2004.77,0.0,8.05492454659996,805.4924546599959,5489.19,4683.709999999999,1.1719747806760028,0.8337168843726794,8.798202748096463,71.0,23.0,48.0,32.394366197183096,647.6899999999999,0.0
144,0.2738177744411115,51,8,67.0,24.0,12,6,2.4000000000000004,20,25,1.4,2.8,0.014000000000000002,0.4,2.0,23.240499208749824,2324.0499208749825,17626.98,15302.879999999997,1.1518733728553059,0.914503546142645,13.058559977167103,203.0,64.0,139.0,31.527093596059114,1761.72,0.0,16.740588462399973,1674.0588462399974,5828.24,4154.16,1.4029888112157451,1.544583069936062,6.379648953736848,73.0,26.0,47.0,35.61643835616438,613.49,0.0
237,0.2726826412429073,46,12,65.0,21.0,8,9,2.6,20,31,1.6,2.4000000000000004,0.025,0.7,4.0,19.56663925034996,1956.6639250349963,31244.089999999997,29287.46,1.066807773702465,0.5265762718262156,28.17853667084409,175.0,59.0,116.0,33.714285714285715,3603.2,0.0,34.235525176300094,3423.552517630009,15774.630000000001,12351.11,1.2771831843453747,1.50222778627512,18.580250440419853,69.0,27.0,42.0,39.130434782608695,1854.23,0.0
209,0.271168276945175,39,10,62.0,20.0,11,8,2.8,19,26,1.5,2.5,0.022000000000000002,0.6000000000000001,4.5,13.86699708254977,1386.699708254977,36136.47,34749.82,1.0399038038182644,0.4373546398649889,27.9692162896147,194.0,66.0,128.0,34.02061855670103,4638.83,0.0,49.41372833075023,4941.372833075024,16102.66,11161.309999999998,1.4427213293063272,2.002588503375246,22.984453059885187,86.0,34.0,52.0,39.53488372093023,1903.37,0.0
215,0.2703678411992845,42,10,64.0,20.0,8,8,2.7,20,27,1.6,2.6,0.025,0.6000000000000001,4.5,13.378887289350022,1337.8887289350023,34520.95,33183.01,1.040320031244905,0.423322524965876,38.286796203347215,192.0,62.0,130.0,32.291666666666664,4022.61,0.0,50.505833600350016,5050.5833600350015,17568.27,12517.750000000002,1.4034686744822351,1.8502550512281402,18.73162267837326,74.0,28.0,46.0,37.83783783783784,1965.3700000000001,0.0
75,0.26677187311450057,48,10,60.0,32.0,14,10,2.6,7,29,1.3,2.8,0.02,0.25,2.0,16.87895463425013,1687.895463425013,5961.2699999999995,4273.369999999999,1.394981010303344,1.6063704067523032,4.575393974951835,138.0,49.0,89.0,35.507246376811594,773.46,0.0,9.600856435600036,960.0856435600035,2195.79,1235.71,1.7769460472117244,1.9637228986142012,3.2371187976932747,46.0,19.0,27.0,41.30434782608695,235.17,0.0
207,0.26619930839441963,44,9,64.0,22.0,10,9,3.0,19,28,1.5,2.4000000000000004,0.023000000000000003,0.55,5.0,6.957049174899585,695.7049174899585,33953.36,33257.649999999994,1.0209187961266057,0.3158083494622213,26.14468205036205,203.0,68.0,135.0,33.49753694581281,4331.05,0.0,66.5392223614503,6653.92223614503,18773.050000000003,12119.159999999998,1.5490388772819244,2.4015745987907784,21.838760495876805,82.0,35.0,47.0,42.68292682926829,2199.0,0.0
97,0.26436604777595285,54,7,65.0,28.0,12,7,2.1,8,22,1.1,3.2,0.027,0.4,3.0,20.299877363250015,2029.9877363250016,15949.460000000001,13919.47,1.145838167688856,0.7981726421383393,13.93994370153721,164.0,48.0,116.0,29.26829268292683,2416.75,0.0,22.59148578580005,2259.148578580005,6588.47,4329.330000000001,1.5218220833246712,1.9630904937784979,7.324692304616476,59.0,18.0,41.0,30.508474576271187,827.91,0.0
137,0.262896831296806,56,7,66.0,27.0,13,8,2.4000000000000004,20,22,1.4,2.7,0.013000000000000001,0.4,2.0,20.93520527770006,2093.520527770006,10332.810000000001,8239.310000000001,1.2540868106673981,1.1466520344073137,14.847429272753052,133.0,45.0,88.0,33.83458646616541,1213.83,0.0,11.203037188600028,1120.3037188600028,3177.17,2056.84,1.5446850508547092,1.5472866908391967,5.079979686799998,44.0,16.0,28.0,36.36363636363637,350.2,0.0
133,0.2588890117942537,57,7,65.0,28.0,12,8,2.4000000000000004,20,21,1.3,2.8,0.013000000000000001,0.35,2.0,27.839229231350053,2783.9229231350055,10736.169999999998,7952.22,1.3500846304553946,1.484830040473826,10.94952662739183,139.0,49.0,90.0,35.25179856115108,1178.78,0.0,6.54575904420004,654.575904420004,2931.8599999999997,2277.29,1.2874337480075,0.8758602273094898,5.491427674002496,48.0,15.0,33.0,31.25,337.95,0.0
247,0.2569915992049667,41,11,63.0,21.0,7,10,2.9000000000000004,19,27,1.5,2.2,0.024,0.65,4.0,22.449759961650088,2244.975996165009,44930.31999999999,42685.40000000001,1.0525922212278667,0.5577791239095969,27.92342341994976,221.0,81.0,140.0,36.65158371040724,5534.8,0.0,22.23170038504988,2223.170038504988,15479.11,13255.95,1.1677103489376468,1.0258013216930715,34.601731202679794,92.0,37.0,55.0,40.21739130434783,2053.55,0.0
255,0.25551976875653737,43,10,63.0,21.0,9,10,2.8,20,27,1.6,2.3,0.022000000000000002,0.65,4.0,19.48279202640022,1948.279202640022,26832.309999999998,24883.96,1.0782974253294089,0.5587683262488962,32.26936569157047,163.0,59.0,104.0,36.19631901840491,3446.34,0.0,27.79068857545004,2779.068857545004,10395.11,7616.05,1.3648951884507061,1.5202610546999915,22.472783505324788,57.0,24.0,33.0,42.10526315789474,1330.64,0.0
119,0.2553919669929961,45,8,66.0,30.0,12,8,2.3,17,24,1.3,2.7,0.015,0.35,3.5,24.62636112499975,2462.636112499975,19405.399999999998,16942.83,1.1453458483618142,0.8783019868443241,11.524568448666855,179.0,60.0,119.0,33.5195530726257,2302.12,0.0,8.185918313200073,818.5918313200073,5815.5599999999995,4996.970000000001,1.1638172732675998,0.7820545468270789,11.006719838384454,68.0,22.0,46.0,32.35294117647059,801.69,0.0
143,0.24756792895805813,52,8,66.0,26.0,12,7,2.3,18,22,1.4,2.7,0.014000000000000002,0.4,3.5,26.287946176049736,2628.7946176049736,20161.63,17532.78,1.1499391425660963,0.9236558319432991,19.968510427054774,176.0,59.0,117.0,33.52272727272727,2446.9,0.0,7.367781929949997,736.7781929949997,5484.3099999999995,4747.55,1.155187412454845,0.7285810569360881,9.19695369299127,59.0,21.0,38.0,35.59322033898305,746.67,0.0
159,0.24318780881375668,40,9,64.0,29.0,15,9,2.8,19,25,1.2000000000000002,2.8,0.026000000000000002,0.45,2.0,20.491100431599627,2049.1100431599625,27137.23,25088.129999999997,1.0816760754986523,0.6491654982198777,18.567960390119516,296.0,92.0,204.0,31.08108108108108,2919.87,0.0,19.70807444390006,1970.807444390006,10254.49,8283.66,1.2379177803048411,1.3528628210951936,17.337586207573437,112.0,38.0,74.0,33.92857142857143,1155.31,0.0
124,0.24268667242287534,44,7,66.0,30.0,12,7,2.2,18,22,1.3,2.6,0.015,0.35,3.5,19.46804673624998,1946.804673624998,18328.2,16381.4,1.1188421014076941,0.7584561798721187,18.86747828726935,175.0,60.0,115.0,34.285714285714285,2411.34,0.0,18.867775378250045,1886.7775378250044,7065.91,5179.150000000001,1.364299161059247,1.6712560660956821,11.434451149042685,67.0,24.0,43.0,35.82089552238806,850.67,0.0
111,0.23949141109577418,49,8,63.0,29.0,11,7,2.5,7,24,1.2000000000000002,2.5,0.029,0.35,2.5,15.893530335049999,1589.353033505,14583.91,12994.49,1.1223149196313207,0.7092390241218454,10.130610590661588,225.0,77.0,148.0,34.22222222222222,2112.21,0.0,26.84775186039995,2684.775186039995,6956.1900000000005,4271.38,1.6285579836024893,2.5578110493965993,6.1176018867261055,84.0,35.0,49.0,41.666666666666664,814.23,0.0
77,0.23942734313804453,36,11,61.0,31.0,14,10,2.5,9,32,1.3,2.9000000000000004,0.017,0.25,2.0,18.518842440649987,1851.8842440649987,8452.28,6600.41,1.280568934354078,1.3008006463757313,7.735697547842962,183.0,61.0,122.0,33.333333333333336,1022.95,0.0,5.566173433100084,556.6173433100084,2829.15,2272.55,1.244923104002112,0.9494429653274733,5.746862206702581,68.0,24.0,44.0,35.294117647058826,344.07,0.0
239,0.23447121444622404,40,10,64.0,21.0,7,9,2.7,20,28,1.5,2.5,0.025,0.7,4.0,55.001234189349944,5500.123418934994,43178.33,37678.22,1.1459758449311035,0.9453529319687,40.4763768530511,212.0,73.0,139.0,34.43396226415094,4950.44,0.0,65.70829369675037,6570.829369675037,21114.839999999997,14544.019999999999,1.4517884326341683,2.078945060753465,23.537179318663544,83.0,33.0,50.0,39.75903614457831,2271.63,0.0
271,0.2309326541732045,51,11,65.0,24.0,8,11,3.0,18,10,1.4,2.6,0.027,0.65,4.0,18.789306439549854,1878.9306439549855,51002.22,49123.280000000006,1.038249481712133,0.4960916562488441,34.785653145076054,241.0,76.0,165.0,31.53526970954357,5729.8,0.0,23.5926593709,2359.26593709,17523.1,15163.87,1.1555823150686466,0.9922028791164509,27.95547018196942,100.0,35.0,65.0,35.0,2124.13,0.0
84,0.2275911322775832,37,10,60.0,34.0,13,9,2.4000000000000004,7,27,1.4,2.4000000000000004,0.015,0.3,2.5,16.21174158239988,1621.1741582399882,9062.68,7441.5599999999995,1.217846795564371,1.0486798943999358,11.138458372825074,148.0,56.0,92.0,37.83783783783784,1252.67,0.0,13.296755641450053,1329.6755641450054,3190.919999999999,1861.25,1.714396239086635,2.2770230439358707,5.29168651234537,51.0,23.0,28.0,45.09803921568628,385.08,0.0
120,0.22662672245028645,47,8,66.0,30.0,12,8,2.3,18,20,1.3,2.7,0.027,0.35,3.5,42.42336929529978,4242.336929529978,27441.9,23199.489999999998,1.1828665199105672,1.096159816283393,16.01585720064145,196.0,65.0,131.0,33.16326530612245,3032.48,0.0,5.8922551206000024,589.2255120600003,5792.9400000000005,5203.7300000000005,1.1132283957853308,0.5377132472756757,10.004357896949486,63.0,20.0,43.0,31.746031746031747,764.32,0.0
175,0.22634344950970517,48,9,63.0,22.0,11,9,2.9000000000000004,20,24,1.4,2.5,0.024,0.45,2.5,18.031982785200036,1803.1982785200034,23522.41,21719.200000000004,1.0830237761980182,0.5990137354670589,17.17443694446653,210.0,71.0,139.0,33.80952380952381,2636.18,0.0,20.622168540050062,2062.216854005006,8210.210000000001,6147.99,1.3354299535295278,1.536505795027387,11.962884082027356,80.0,29.0,51.0,36.25,921.81,0.0
241,0.22577784615329563,41,10,64.0,21.0,8,9,2.8,20,29,1.5,2.5,0.023000000000000003,0.65,4.5,11.577312089799998,1157.7312089799998,34505.159999999996,33347.39,1.0347184592257443,0.39553977164240356,39.84479958343915,220.0,72.0,148.0,32.72727272727273,4331.8,0.0,40.49594234000035,4049.5942340000347,17535.28,13485.669999999998,1.300289863240017,1.5427216763292664,24.062871627249496,83.0,31.0,52.0,37.34939759036145,2112.81,0.0
179,0.22467098157818233,41,9,64.0,23.0,13,8,2.8,19,26,1.5,2.3,0.022000000000000002,0.5,2.5,17.251172379449837,1725.1172379449836,25308.69,23583.6,1.0731478654658322,0.5631330045830076,22.165525161117657,203.0,70.0,133.0,34.48275862068966,2935.7599999999998,0.0,22.81377938209995,2281.3779382099947,8989.26,6707.919999999999,1.3400964829634225,1.5011613016858814,14.82537397030722,83.0,33.0,50.0,39.75903614457831,1026.6,0.0
45,0.22266599289839184,29,8,63.0,37.0,10,12,3.2,7,41,1.2000000000000002,2.5,0.024,0.35,3.0,18.862898541299675,1886.2898541299674,23451.769999999997,21565.5,1.087467019081403,0.6235735057460758,16.957461183882945,269.0,94.0,175.0,34.94423791821561,3023.23,0.0,16.900108637950016,1690.0108637950016,8872.24,7182.2300000000005,1.2353043553325358,1.3040486671035816,13.441698101786475,105.0,40.0,65.0,38.095238095238095,1148.37,0.0
202,0.21806980644690344,42,9,63.0,22.0,10,9,2.9000000000000004,20,27,1.5,2.2,0.022000000000000002,0.55,5.0,7.942519851049856,794.2519851049856,35143.66,34349.46,1.0231211786153263,0.3310219421544399,31.52107859921272,203.0,73.0,130.0,35.960591133004925,4816.71,0.0,47.86965084009995,4786.965084009995,15061.420000000002,10274.439999999999,1.4659115241317293,2.155672635554679,21.53407603527198,75.0,33.0,42.0,44.0,1878.7,0.0
204,0.21200181735520443,38,9,64.0,20.0,9,9,3.1,20,27,1.6,2.4000000000000004,0.024,0.6000000000000001,4.5,9.26023889064978,926.023889064978,36937.299999999996,36011.219999999994,1.0257164294905865,0.3573431010239335,29.90971162656989,198.0,67.0,131.0,33.83838383838384,4491.73,0.0,42.247115706800216,4224.711570680021,16847.29,12622.54,1.3346988799401704,1.6640265339341112,17.27200687551184,83.0,33.0,50.0,39.75903614457831,2085.48,0.0
162,0.21199079730026957,46,8,66.0,26.0,12,8,2.9000000000000004,20,24,1.5,2.7,0.025,0.45,2.0,15.296115308149966,1529.6115308149965,18362.140000000003,16832.54,1.0908716093946607,0.5608896272030771,15.471540764133959,191.0,57.0,134.0,29.842931937172775,1849.61,0.0,22.59544928119996,2259.5449281199963,7088.689999999999,4829.159999999999,1.467892966892793,1.7920711693723834,8.978629031852114,74.0,29.0,45.0,39.189189189189186,711.92,0.0
72,0.20851469928098137,36,9,63.0,36.0,13,10,2.6,7,30,1.4,2.4000000000000004,0.018000000000000002,0.25,1.0,10.030903591999978,1003.0903591999977,3825.2900000000004,2822.2,1.3554283891999153,1.5031034891387955,3.6339897830596026,172.0,65.0,107.0,37.7906976744186,466.08,0.0,9.20012025335007,920.0120253350069,1767.19,847.1899999999999,2.085942940780699,3.5762231231751116,1.932071652307028,67.0,32.0,35.0,47.76119402985075,172.84,0.0
94,0.20566642165445376,50,9,63.0,32.0,13,6,2.5,7,26,1.2000000000000002,2.5,0.029,0.3,2.5,15.463092918099882,1546.3092918099883,16328.31,14781.920000000002,1.1046136090575511,0.6869286378009873,10.931817842721927,270.0,91.0,179.0,33.7037037037037,2137.06,0.0,17.538992810650033,1753.8992810650034,6737.68,4983.7699999999995,1.3519243464285071,1.7614035693740098,7.410152239000821,107.0,42.0,65.0,39.25233644859813,842.41,0.0
149,0.20426356978947036,51,8,64.0,27.0,13,5,2.4000000000000004,19,17,1.4,2.9000000000000004,0.01,0.45,2.0,16.79508112914982,1679.5081129149821,15130.189999999999,13450.689999999999,1.1248634828399138,0.8098041190226032,14.906041021374804,190.0,58.0,132.0,30.526315789473685,1793.31,0.0,11.240482550100023,1124.0482550100023,5437.92,4313.870000000001,1.2605664982950342,1.2600245326452342,10.358659268144425,74.0,27.0,47.0,36.486486486486484,658.17,0.0
96,0.2033152555427309,50,8,63.0,29.0,12,7,2.5,6,26,1.2000000000000002,2.5,0.029,0.35,2.5,12.436234538149856,1243.6234538149856,12998.710000000001,11755.05,1.1057979336540467,0.5919178473955431,14.69227140446147,211.0,73.0,138.0,34.59715639810427,1934.38,0.0,25.361976013500026,2536.1976013500025,6658.1,4121.91,1.615294851173364,2.4745010422692215,5.5363832619342235,82.0,34.0,48.0,41.46341463414634,793.35,0.0
167,0.20168976049290444,50,8,63.0,29.0,13,7,2.7,19,23,1.3,2.8,0.025,0.5,2.0,13.153789849549865,1315.3789849549867,18170.189999999995,16854.74,1.0780462943955227,0.5132281311160676,23.65230941674588,190.0,60.0,130.0,31.57894736842105,2119.51,0.0,25.382398516899922,2538.239851689992,7485.780000000001,4947.54,1.5130307182963656,1.8366714481217046,7.865970428817816,73.0,27.0,46.0,36.986301369863014,811.28,0.0
138,0.1989541695900228,57,8,65.0,25.0,13,8,2.4000000000000004,20,20,1.4,3.1,0.011,0.4,2.0,36.46144195465011,3646.144195465011,13482.279999999999,9836.11,1.3706922757065545,1.6233307666055328,9.305687619915844,145.0,48.0,97.0,33.10344827586207,1358.14,0.0,4.124345931899988,412.43459318999885,3082.17,2669.75,1.154478883790617,0.58827538533361,6.646460079687374,51.0,15.0,36.0,29.41176470588235,388.87,0.0
153,0.1986487402620884,48,9,67.0,28.0,13,8,2.6,19,23,1.4,2.7,0.009000000000000001,0.5,2.0,16.742701032299976,1674.2701032299974,14950.540000000003,13276.259999999998,1.1261108173536827,0.790380162230404,10.593721365887514,212.0,70.0,142.0,33.0188679245283,1801.41,0.0,9.773247729700033,977.3247729700033,5803.82,4826.52,1.202485434640279,1.0826929702121704,9.442954485544535,86.0,29.0,57.0,33.72093023255814,750.05,0.0
156,0.19811219066479013,42,9,64.0,28.0,13,9,2.5,18,22,1.4,2.9000000000000004,0.013000000000000001,0.45,2.0,49.932080018949854,4993.2080018949855,18945.209999999995,13951.98,1.3578868375671407,1.730061336162755,11.753363004123056,187.0,62.0,125.0,33.155080213903744,1945.9,0.0,1.1419484052500228,114.19484052500229,4219.73,4105.54,1.0278136371829283,0.1973086213434518,11.791809368578432,70.0,21.0,49.0,30.0,596.9300000000001,0.0
150,0.19571467425242695,60,7,64.0,21.0,13,7,2.7,20,25,1.4,3.2,0.012,0.55,2.0,24.988173930099947,2498.8173930099947,13971.019999999999,11472.23,1.2178120557206402,1.0707389199705837,23.539302299650796,142.0,45.0,97.0,31.690140845070424,1649.6,0.0,5.70630885904995,570.630885904995,3820.6299999999997,3249.9900000000002,1.1755820787140883,0.6341805983799523,9.216816475680675,50.0,15.0,35.0,30.0,523.26,0.0
86,0.19565671600670773,25,10,60.0,34.0,13,9,2.4000000000000004,7,28,1.3,2.8,0.024,0.3,2.5,22.77470942409982,2277.470942409982,14007.829999999998,11730.37,1.1941507386382524,0.9901122072714883,17.955381383548954,203.0,65.0,138.0,32.01970443349754,1762.73,0.0,5.698623889500104,569.8623889500104,4546.15,3976.28,1.143317372016055,0.7077629260247444,12.331021288251327,86.0,27.0,59.0,31.3953488372093,618.93,0.0
229,0.194796358905794,43,10,65.0,20.0,8,9,2.7,20,30,1.5,2.5,0.025,0.75,4.5,5.963179981600024,596.3179981600024,34770.8,34174.42999999999,1.0174507665526538,0.3105661131755478,36.782646242066015,201.0,66.0,135.0,32.83582089552239,4367.33,0.0,45.260238906850354,4526.023890685035,18829.160000000003,14303.159999999998,1.3164335713227011,1.6420187704847524,21.562191321356426,78.0,29.0,49.0,37.17948717948718,2302.05,0.0
158,0.1946726233115682,47,8,65.0,29.0,14,7,2.7,20,24,1.5,2.5,0.025,0.5,1.5,14.469763654850029,1446.976365485003,15588.64,14141.690000000002,1.1023180397816665,0.6155716545700208,17.91701333794594,186.0,59.0,127.0,31.72043010752688,1602.35,0.0,17.457963673650102,1745.7963673650102,5246.95,3501.16,1.4986318820048212,1.8557615824800182,9.711023099885836,66.0,26.0,40.0,39.39393939393939,508.79,0.0
260,0.19294594351098293,43,10,63.0,21.0,9,11,2.7,11,27,1.6,2.5,0.023000000000000003,0.65,4.5,15.296150490199853,1529.6150490199852,24848.89,23319.249999999996,1.065595591624945,0.4810266652297748,32.239501723579096,139.0,48.0,91.0,34.53237410071942,3455.37,0.0,18.420665885200233,1842.0665885200233,8667.92,6825.860000000001,1.2698648961449546,1.0913892623875576,27.494887166418348,47.0,18.0,29.0,38.297872340425535,1161.49,0.0
95,0.18756304410364266,50,8,63.0,32.0,13,6,2.5,6,26,1.2000000000000002,2.5,0.029,0.35,2.5,11.646564737150001,1164.6564737150002,14510.31,13345.66,1.0872680706686668,0.5388623441425221,16.82823736427375,233.0,81.0,152.0,34.76394849785408,2146.16,0.0,23.455722223199952,2345.5722223199955,6767.219999999999,4421.670000000001,1.5304669955016992,2.2784624140580165,5.875675308754111,89.0,36.0,53.0,40.449438202247194,856.23,0.0
110,0.18685493986963453,52,9,65.0,31.0,9,8,2.5,9,22,1.0,3.4000000000000004,0.026000000000000002,0.3,3.0,16.91515286499993,1691.5152864999927,25135.400000000005,23443.88,1.0721518792964306,0.5565602854048384,16.315063228520092,300.0,78.0,222.0,26.0,3037.47,0.0,11.135222538250018,1113.5222538250018,7647.26,6533.740000000001,1.1704261265370215,0.9206684955090082,11.797858342573402,100.0,29.0,71.0,29.0,920.22,0.0
161,0.17891505309680536,53,8,66.0,28.0,13,8,2.6,20,20,1.6,2.7,0.014000000000000002,0.45,2.0,14.984894176049965,1498.4894176049966,12325.83,10827.36,1.1383966174579951,0.7461085591071202,13.13889869294992,139.0,45.0,94.0,32.37410071942446,1332.24,0.0,7.625234721100023,762.5234721100023,3961.8199999999997,3199.33,1.2383280249302198,0.869559946396831,6.623098432334437,54.0,20.0,34.0,37.03703703703704,480.06,0.0
267,0.1786882396780033,50,11,65.0,22.0,8,11,3.1,18,28,1.4,2.6,0.026000000000000002,0.65,4.0,47.39105151705002,4739.105151705002,50651.42,45912.38,1.1032192188686363,0.8358261398022219,40.96646253334107,226.0,76.0,150.0,33.6283185840708,5582.34,0.0,71.38896694949992,7138.896694949992,22443.789999999997,15304.900000000001,1.4664447333860395,2.247449305157082,26.09509883471977,90.0,36.0,54.0,40.0,2286.76,0.0
91,0.17346813218799154,32,10,61.0,33.0,13,9,2.6,7,25,1.4,2.4000000000000004,0.029,0.25,2.0,13.855148483600097,1385.5148483600096,9953.279999999999,8567.76,1.161713213255273,0.9119471251092646,11.231644146585614,225.0,75.0,150.0,33.333333333333336,1280.54,0.0,4.904471740600111,490.4471740600111,3357.8800000000006,2867.46,1.171029412790414,0.9184516369226309,7.090153283327432,90.0,34.0,56.0,37.77777777777778,448.63,0.0
173,0.17181850267566537,46,9,64.0,22.0,12,9,3.0,20,24,1.5,2.6,0.023000000000000003,0.45,2.5,13.704599186949945,1370.4599186949945,22298.17,20927.73,1.0654844075301046,0.4884313637071073,18.930716731765703,203.0,65.0,138.0,32.01970443349754,2436.29,0.0,14.972099809549983,1497.2099809549982,7197.47,5700.2300000000005,1.262663085524619,1.1614578055843918,10.43959264691075,71.0,25.0,46.0,35.2112676056338,819.47,0.0
230,0.1709173083284655,39,10,64.0,21.0,7,9,2.6,20,31,1.6,2.4000000000000004,0.024,0.7,4.5,3.3284614090998725,332.8461409099873,25569.140000000003,25236.32,1.013188135195623,0.24411536903106942,32.66033204593419,165.0,54.0,111.0,32.72727272727273,3222.46,0.0,44.69783216455021,4469.783216455022,16847.789999999997,12378.03,1.3611043114292012,1.7296228635328663,20.118612367331412,73.0,29.0,44.0,39.726027397260275,2047.06,0.0
73,0.17066654395211545,36,10,61.0,36.0,14,10,2.6,7,32,1.3,2.4000000000000004,0.018000000000000002,0.25,1.5,9.418453902050059,941.845390205006,5725.42,4783.58,1.1968901952094457,1.0543113601914074,6.435091800433024,198.0,72.0,126.0,36.36363636363637,806.51,0.0,10.777593035750034,1077.7593035750033,2429.63,1351.83,1.7972896000236718,2.937982216705548,2.889116436692895,72.0,32.0,40.0,44.44444444444444,279.05,0.0
250,0.16948473686802706,42,10,65.0,21.0,9,11,2.9000000000000004,20,28,1.5,2.3,0.023000000000000003,0.65,4.0,8.88840653834992,888.8406538349918,32904.11,32015.300000000007,1.0277620387752104,0.34933378874313337,35.98906276121615,194.0,67.0,127.0,34.5360824742268,4136.96,0.0,29.007665928299975,2900.7665928299975,13658.73,10758.0,1.2696346904629112,1.3305030361481227,32.10877793387976,76.0,29.0,47.0,38.1578947368421,1663.16,0.0
245,0.1628087573032106,45,10,65.0,20.0,9,8,2.6,20,30,1.5,2.4000000000000004,0.025,0.7,4.0,-12.605450602650018,-1260.5450602650017,29750.2,31010.649999999998,0.9593542863500121,-0.04954245314382466,35.74475431146769,197.0,64.0,133.0,32.48730964467005,3890.56,0.0,85.86286851465026,8586.286851465025,22439.54,13853.260000000004,1.6198021259977793,2.7685649699240074,17.53029687212471,77.0,33.0,44.0,42.857142857142854,2357.7,0.0
74,0.16278269664940542,37,10,61.0,32.0,14,10,2.6,8,32,1.3,2.6,0.02,0.25,2.0,10.653000118250002,1065.3000118250002,7385.9400000000005,6320.650000000001,1.1685412101603474,0.8739137030064155,6.910904274173345,192.0,67.0,125.0,34.895833333333336,1028.99,0.0,9.22062988509997,922.062988509997,2735.6599999999994,1813.59,1.5084225210769797,1.7979629933410461,6.142703860365688,65.0,27.0,38.0,41.53846153846154,329.81,0.0
165,0.16139634347722812,43,9,65.0,32.0,13,6,2.6,18,28,1.3,2.5,0.028,0.45,2.0,12.615147937549828,1261.5147937549827,23682.98,22421.5,1.0562620698882768,0.45275164954502006,20.215597485605986,258.0,85.0,173.0,32.945736434108525,2467.0,0.0,14.94217281610021,1494.217281610021,9075.46,7581.27,1.197089669672759,1.1295287985483606,10.989538444873297,106.0,37.0,69.0,34.905660377358494,999.95,0.0
82,0.1587847839486661,38,10,61.0,33.0,13,9,2.6,7,33,1.4,2.4000000000000004,0.017,0.25,2.0,10.238870066899963,1023.8870066899963,7207.99,6184.120000000001,1.165564381027535,0.8584578499612555,8.339958982813792,178.0,64.0,114.0,35.95505617977528,950.13,0.0,9.211120959850032,921.1120959850032,2584.54,1663.4699999999998,1.5537040042802097,2.0467771178117458,5.554990775835621,62.0,27.0,35.0,43.54838709677419,313.95,0.0
41,0.157165481946078,39,10,62.0,37.0,13,12,2.8,6,31,1.5,2.6,0.016,0.25,1.5,9.242573746199923,924.2573746199923,4377.74,3453.4900000000002,1.2676278199734181,1.1231047345427374,3.806463724162432,134.0,48.0,86.0,35.82089552238806,530.64,0.0,3.1831489993999456,318.3148999399946,1653.6399999999999,1335.27,1.2384311787129194,0.8785645607802672,6.313059097137959,54.0,22.0,32.0,40.74074074074074,201.08,0.0
135,0.15171156521576176,67,7,65.0,28.0,12,8,2.4000000000000004,20,21,1.3,2.8,0.013000000000000001,0.35,2.0,9.93529523804995,993.5295238049948,7391.18,6397.63,1.1552996969190152,0.6582187957602127,11.295784681037507,117.0,38.0,79.0,32.47863247863248,878.38,0.0,11.241196356499985,1124.1196356499986,2977.1,1852.9899999999998,1.6066465550272804,1.3928634668666893,6.761083214724984,41.0,15.0,26.0,36.58536585365854,302.89,0.0
112,0.1494924713794408,48,8,62.0,28.0,11,6,2.4000000000000004,7,21,1.2000000000000002,2.5,0.027,0.4,2.5,4.503323918899951,450.33239188999505,14204.2,13753.85,1.032743559076186,0.2632983439964446,17.430131760070957,211.0,69.0,142.0,32.70142180094787,2254.78,0.0,33.84331027990011,3384.3310279900106,8106.1,4721.78,1.7167466506275177,2.832059666832462,9.727881936205478,85.0,34.0,51.0,40.0,993.62,0.0
71,0.14216297227948946,39,9,62.0,37.0,13,10,2.8,7,31,1.5,2.6,0.018000000000000002,0.25,1.5,8.478673759399953,847.8673759399953,4865.61,4017.7499999999995,1.2110285607616205,0.9141942290285582,5.80952983157088,150.0,54.0,96.0,36.0,588.63,0.0,5.333229478699941,533.3229478699941,1863.7100000000003,1330.4,1.4008644016837042,1.4512306581745866,4.033842254359221,57.0,23.0,34.0,40.35087719298246,217.27,0.0
154,0.141153168177051,52,8,64.0,29.0,14,7,2.5,19,23,1.5,3.0,0.012,0.45,2.0,9.124135674749922,912.4135674749923,10911.550000000001,9999.15,1.0912477560592653,0.5083413794565023,18.047574435115493,135.0,39.0,96.0,28.88888888888889,1276.38,0.0,14.247457958349969,1424.745795834997,4266.15,2841.3999999999996,1.5014253536988809,1.5356299128607271,6.574310434290324,49.0,19.0,30.0,38.775510204081634,439.96,0.0
31,0.14049926852821504,41,10,62.0,37.0,12,11,2.8,6,31,1.5,2.5,0.02,0.25,1.5,8.46251288589996,846.251288589996,4861.179999999999,4014.92,1.210778795094298,1.0055123621997077,6.03664307961659,152.0,54.0,98.0,35.526315789473685,609.12,0.0,3.3027269025000354,330.2726902500035,1690.02,1359.7700000000002,1.2428719562867248,0.8953253174083051,5.883736257529783,56.0,23.0,33.0,41.07142857142857,210.96,0.0
11,0.13873312102436097,148,16,66.0,45.0,20,9,2.8,12,34,1.9000000000000001,2.1,0.005,0.3,3.0,6.842525604699877,684.2525604699877,4318.4800000000005,3634.22,1.1882824925293463,0.8149147331335426,6.656019934853649,108.0,43.0,65.0,39.81481481481482,533.24,0.0,10.420485293950023,1042.0485293950023,2342.07,1300.01,1.8015784493965432,2.5224624124669095,3.580326418748255,45.0,23.0,22.0,51.111111111111114,259.56,0.0
174,0.13817961616823327,43,9,63.0,30.0,12,9,2.9000000000000004,20,26,1.4,4.0,0.024,0.45,2.5,10.201355771849867,1020.1355771849867,23532.8,22512.6,1.0453168447891403,0.3758796479314057,27.1579364314277,181.0,42.0,139.0,23.204419889502763,2331.55,0.0,14.481486296599961,1448.148629659996,8518.41,7070.270000000001,1.2048210322943818,0.8827550739387747,16.001403510910343,77.0,19.0,58.0,24.675324675324674,849.08,0.0
103,0.13553276397369035,59,9,65.0,28.0,13,6,1.9,6,24,1.0,3.6,0.029,0.35,2.5,7.444443827549785,744.4443827549785,14833.77,14089.369999999999,1.0528341579502847,0.36095476039426005,19.06282717523248,208.0,54.0,154.0,25.96153846153846,2026.49,0.0,20.03016778870013,2003.0167788700128,6794.239999999999,4791.2300000000005,1.4180575760295369,1.624280230453194,9.408311633729461,83.0,22.0,61.0,26.50602409638554,814.55,0.0
178,0.13538572346495195,39,9,62.0,22.0,13,8,2.8,19,27,1.6,2.4000000000000004,0.022000000000000002,0.5,2.5,2.9709683217496785,297.09683217496786,17326.81,17029.670000000002,1.01744837099016,0.2060430932647603,19.894628317528053,165.0,54.0,111.0,32.72727272727273,2082.71,0.0,34.18065115015006,3418.065115015006,8230.61,4812.55,1.7102388546612504,2.4466646883803844,8.25591214622992,60.0,27.0,33.0,45.0,819.42,0.0
83,0.1267262785342741,33,11,61.0,33.0,14,8,2.5,9,33,1.3,3.0,0.017,0.25,2.0,10.436954693149783,1043.6954693149783,10724.51,9680.810000000001,1.1078112265399278,0.5991670287426586,8.720822697614041,234.0,68.0,166.0,29.05982905982906,1220.76,0.0,4.309373863699966,430.9373863699966,4321.99,3891.0000000000005,1.1107658699563092,0.6284973718502186,7.301648542901612,101.0,33.0,68.0,32.67326732673267,513.05,0.0
98,0.12432559848977924,56,7,64.0,28.0,12,7,2.0,8,20,1.1,3.3000000000000003,0.027,0.4,3.0,10.468044768150103,1046.8044768150103,11919.869999999999,10873.070000000002,1.096274557231766,0.5398140495680382,16.351595531079766,144.0,42.0,102.0,29.166666666666668,1989.8,0.0,4.810375637050002,481.03756370500014,3747.32,3266.2799999999997,1.1472745753578997,0.5910907047895536,7.889407205072994,48.0,12.0,36.0,25.0,609.95,0.0
195,0.11861817741504531,41,9,63.0,21.0,10,9,3.1,20,30,1.6,2.5,0.023000000000000003,0.6000000000000001,5.0,-9.29194065535019,-929.194065535019,28789.960000000003,29719.150000000005,0.9687343009473689,0.0007681556181779873,27.14135299471599,185.0,58.0,127.0,31.35135135135135,3745.8,0.0,62.24997470895028,6224.9974708950285,17840.33,11615.349999999999,1.5359270275971024,2.3161403459392735,19.172348212899863,70.0,29.0,41.0,41.42857142857143,2012.76,0.0
273,0.11698232361786493,53,11,65.0,23.0,8,12,3.1,17,29,1.4,2.7,0.026000000000000002,0.65,4.0,47.38099996539984,4738.099996539984,46847.72,42109.66,1.1125171753939593,0.8568338869041128,40.12311597091681,198.0,65.0,133.0,32.82828282828283,5105.48,0.0,44.56141046460023,4456.141046460023,17345.179999999997,12889.07,1.345727814341919,1.6243005124467376,27.037559965114593,78.0,30.0,48.0,38.46153846153846,1825.73,0.0
132,0.11499630992431717,46,8,66.0,29.0,13,8,2.3,19,23,1.4,3.0,0.013000000000000001,0.35,2.0,26.931603962150184,2693.1603962150184,12021.46,9328.3,1.288708553541374,1.2828592357369573,9.964241499880703,154.0,50.0,104.0,32.467532467532465,1211.25,0.0,3.3256321135500366,332.56321135500366,2854.0099999999998,2521.4600000000005,1.1318878744854168,0.5142680075438861,8.837511864529993,53.0,17.0,36.0,32.075471698113205,360.23,0.0
100,0.11493342769746412,45,9,65.0,29.0,11,7,2.3,6,22,1.0,3.2,0.027,0.45,3.0,29.434731085199818,2943.473108519982,32710.149999999998,29766.639999999992,1.0988862028095885,0.7030170136059626,27.89737683829986,307.0,86.0,221.0,28.01302931596091,4455.66,0.0,4.431578430050104,443.15784300501036,11916.359999999999,11473.310000000001,1.038615708980233,0.3847609870128359,24.97964148636946,131.0,34.0,97.0,25.954198473282442,1799.25,0.0
42,0.11185507142621272,30,9,63.0,40.0,12,12,2.9000000000000004,5,34,1.4,2.2,0.016,0.25,1.5,6.605143487249789,660.5143487249788,5897.26,5236.67,1.1261469598046088,0.7167163162850616,8.598198859633328,194.0,66.0,128.0,34.02061855670103,788.55,0.0,5.72285174025008,572.285174025008,2210.53,1638.22,1.3493486833270258,1.4723162718170288,4.217549349352772,76.0,34.0,42.0,44.73684210526316,287.98,0.0
25,0.11113986007575571,130,16,66.0,43.0,16,5,4.0,10,30,1.8,2.7,0.013000000000000001,0.3,1.0,6.654492230099986,665.4492230099986,5803.69,5138.26,1.1295049296843678,0.5607029642863827,8.30832711727002,157.0,53.0,104.0,33.75796178343949,476.79,0.0,7.857591094099971,785.7591094099971,3237.98,2452.269999999999,1.320401097758404,1.436946563955022,6.2584036530158125,72.0,25.0,47.0,34.72222222222222,229.34,0.0
27,0.11038265646976844,40,10,62.0,37.0,13,11,2.8,6,31,1.5,2.6,0.02,0.25,1.5,6.350955110349988,635.0955110349987,4686.9400000000005,4051.8700000000003,1.1567350383896817,0.7425290985040058,4.667893207022733,150.0,51.0,99.0,34.0,589.36,0.0,4.375337311050025,437.5337311050025,1771.6000000000001,1334.09,1.327946390423435,1.169308348884321,5.289373299880264,55.0,23.0,32.0,41.81818181818182,208.57,0.0
180,0.10972693463581057,38,10,62.0,20.0,13,9,2.9000000000000004,18,23,1.6,2.5,0.023000000000000003,0.45,2.5,9.970195745249894,997.0195745249894,20679.510000000002,19682.44,1.050657845267152,0.4075961594379109,19.206567176217906,190.0,64.0,126.0,33.68421052631579,2379.62,0.0,4.82999064015019,482.99906401501903,6114.2300000000005,5631.27,1.085763957331117,0.4697402697594953,15.681797793149906,73.0,25.0,48.0,34.24657534246575,764.24,0.0
198,0.10672202355936744,38,10,63.0,21.0,10,10,3.0,20,29,1.6,2.2,0.024,0.6000000000000001,4.5,4.9313172350498276,493.1317235049828,31304.5,30811.42,1.016003157270908,0.27608756524153905,37.167836109119214,185.0,65.0,120.0,35.13513513513514,4048.96,0.0,18.932702974950296,1893.2702974950298,12618.07,10724.859999999999,1.1765253812170975,0.9592914923404323,27.806213899349743,78.0,31.0,47.0,39.743589743589745,1810.07,0.0
244,0.10367493075843111,43,10,63.0,20.0,8,10,2.7,20,28,1.6,2.3,0.025,0.7,4.0,-0.5534159330499642,-55.34159330499642,23062.969999999998,23118.34,0.997604931841992,0.1586560953216295,34.58073645994212,149.0,51.0,98.0,34.22818791946309,3044.62,0.0,33.28518144650006,3328.5181446500064,11450.9,8122.369999999999,1.4097978791904335,1.6064824434274438,20.926792796041855,54.0,23.0,31.0,42.592592592592595,1428.47,0.0
78,0.09992508392646228,35,11,59.0,31.0,14,10,2.5,9,29,1.2000000000000002,2.9000000000000004,0.021,0.5,2.0,2.316788865449871,231.6788865449871,13228.529999999999,12996.789999999999,1.0178305566220582,0.18114910026714062,16.40124894609586,195.0,59.0,136.0,30.256410256410255,2013.16,0.0,24.28901706425011,2428.901706425011,6491.070000000001,4062.2000000000007,1.5979198463886564,2.0426655321148672,7.594957201975896,72.0,27.0,45.0,37.5,768.25,0.0
81,0.0974637303517894,39,9,60.0,32.0,15,10,2.7,7,31,1.4,2.6,0.018000000000000002,0.25,1.5,4.387777686800036,438.77776868000365,3578.41,3139.689999999999,1.139733540572477,0.5951078456338286,4.382139416274669,136.0,49.0,87.0,36.029411764705884,516.34,0.0,7.6735134017500055,767.3513401750006,1737.8999999999999,970.58,1.7905788291537017,2.198026579858184,3.166763218608072,48.0,21.0,27.0,43.75,182.94,0.0
51,0.09591232875878866,30,9,63.0,40.0,13,12,2.9000000000000004,5,34,1.4,2.2,0.015,0.25,1.5,5.32823807934994,532.823807934994,5625.910000000001,5093.13,1.1046075792292755,0.6105789309122275,9.655591522983904,190.0,65.0,125.0,34.21052631578947,772.07,0.0,5.874985911600052,587.4985911600052,2153.2,1565.67,1.3752578768195085,1.519888331549154,4.217298561193686,73.0,33.0,40.0,45.205479452054796,276.87,0.0
259,0.09447364743529166,38,21,64.0,21.0,8,10,2.8,20,28,1.5,2.6,0.025,0.65,4.0,91.64631147380004,9164.631147380005,63933.81999999999,54769.17,1.1673322783602527,1.2425848281080927,40.768793768620434,221.0,77.0,144.0,34.841628959276015,6470.9,0.0,6.4308510202500475,643.0851020250047,16029.119999999999,15386.05,1.0417956525553993,0.45580555998181865,33.07549596036894,100.0,33.0,67.0,33.0,2009.31,0.0
23,0.08964033479424005,113,19,69.0,44.0,17,5,3.6,11,44,1.8,2.3,0.008,0.35,2.0,5.6743301690499175,567.4330169049917,8366.67,7799.27,1.0727503984347253,0.39313686797036484,10.036353989267651,159.0,55.0,104.0,34.59119496855346,792.02,0.0,7.662713456299953,766.2713456299953,5000.110000000001,4233.84,1.1809869999811047,0.9973320660450598,9.206333450075604,84.0,32.0,52.0,38.095238095238095,469.35,0.0
104,0.08638427228567426,54,8,63.0,27.0,13,5,1.9,5,25,1.1,3.4000000000000004,0.03,0.4,3.5,-7.345791246500139,-734.5791246500139,20788.440000000002,21522.97,0.9658722750624101,-0.05955849925331002,33.64601895126837,203.0,52.0,151.0,25.61576354679803,3215.95,0.0,48.0651694891999,4806.516948919991,11822.52,7016.009999999999,1.6850774157961579,2.426921648127132,11.56512367746193,73.0,24.0,49.0,32.87671232876713,1306.32,0.0
236,0.07216070877900718,43,11,64.0,20.0,7,8,2.6,20,29,1.5,2.3,0.024,0.7,4.5,-11.979712044850203,-1197.9712044850203,32236.250000000004,33434.21,0.9641696334383257,-0.013198703619473243,37.76747782658993,209.0,70.0,139.0,33.49282296650718,4263.51,0.0,53.4205549766999,5342.05549766999,20476.89,15134.85,1.3529628638539528,1.9139681416369838,19.284713518433783,88.0,35.0,53.0,39.77272727272727,2404.46,0.0
125,0.071615066080201,43,7,68.0,28.0,11,6,2.2,19,22,1.2000000000000002,2.6,0.015,0.35,3.5,2.886713378499808,288.6713378499808,22867.309999999998,22578.590000000004,1.012787335258756,0.20513203777153147,17.479277979056675,255.0,80.0,175.0,31.372549019607842,2944.08,0.0,13.290912338750058,1329.0912338750059,10093.91,8764.78,1.1516444223357574,1.0151810796383107,12.422828340276013,104.0,35.0,69.0,33.65384615384615,1292.39,0.0
92,0.07152687377014234,32,10,62.0,34.0,14,9,2.4000000000000004,6,23,1.4,2.3,0.028,0.25,2.5,9.197388583900011,919.738858390001,9685.110000000002,8765.4,1.104925046204395,0.6113073017708442,12.759731625212906,204.0,68.0,136.0,33.333333333333336,1411.3,0.0,2.381594789749979,238.1594789749979,3143.27,2905.09,1.081987132928756,0.4355208960302626,11.076668458911037,77.0,29.0,48.0,37.66233766233766,466.92,0.0
58,0.06694493761197216,92,7,65.0,45.0,8,9,3.2,15,36,1.1,2.8,0.014000000000000002,0.3,3.5,2.155721295399762,215.57212953997623,12905.03,12689.480000000001,1.0169865116616283,0.17486228254022226,22.619890754425516,166.0,49.0,117.0,29.518072289156628,1626.77,0.0,13.804374416999963,1380.4374416999963,5884.870000000001,4504.4400000000005,1.3064598485050307,1.2437579827695417,6.777992874635726,69.0,22.0,47.0,31.884057971014492,745.67,0.0
121,0.06596523323724321,47,8,66.0,30.0,12,8,2.3,19,23,1.3,2.7,0.014000000000000002,0.35,4.0,29.231760991949756,2923.176099194976,20623.1,17699.89,1.1651541337262548,0.9877720706832085,12.844180239363729,176.0,60.0,116.0,34.09090909090909,2434.89,0.0,2.5649157880500573,256.4915788050057,5296.0,5039.530000000001,1.050891650610275,0.3161575336101996,10.980635382899964,65.0,20.0,45.0,30.76923076923077,788.22,0.0
196,0.0615785298125795,34,10,62.0,22.0,9,9,2.9000000000000004,20,28,1.5,2.4000000000000004,0.023000000000000003,0.65,5.0,-18.583182144400233,-1858.3182144400234,32101.14,33959.5,0.9452771683917608,-0.16464016595592346,37.27230479946184,219.0,70.0,149.0,31.963470319634702,4451.95,0.0,68.45503209400042,6845.503209400042,21235.61,14390.15,1.475704561800954,2.2487961548357243,20.976955152784885,93.0,38.0,55.0,40.86021505376344,2445.4,0.0
193,0.060914015145473156,36,10,63.0,20.0,10,9,3.0,20,28,1.5,2.3,0.021,0.65,5.0,-12.2940216074003,-1229.40216074003,33935.86,35165.299999999996,0.9650382621504723,-0.05980551322643961,37.61385948866216,228.0,76.0,152.0,33.333333333333336,4546.93,0.0,51.152871947849995,5115.287194785,19557.91,14442.62,1.3541801972218337,1.8921178560867515,20.931026215099102,102.0,41.0,61.0,40.19607843137255,2542.75,0.0
126,0.05759629363876298,40,7,65.0,26.0,12,7,1.9,17,19,1.3,2.9000000000000004,0.015,0.35,3.5,-0.5691119573000651,-56.91119573000651,9989.93,10046.83,0.9943365220671595,0.04772656475294374,24.418403840043915,115.0,34.0,81.0,29.565217391304348,1486.62,0.0,19.9200322985001,1992.00322985001,4730.65,2738.66,1.7273593655291273,2.1026663400730206,7.6054987954300435,40.0,16.0,24.0,40.0,516.84,0.0
225,0.05711014497353247,43,11,64.0,20.0,7,9,2.7,20,31,1.5,2.3,0.024,0.7,4.0,-6.960617227549883,-696.0617227549883,29062.259999999995,29758.29,0.9766105512111077,0.06713962457442213,39.37720975822243,206.0,70.0,136.0,33.980582524271846,3679.9,0.0,34.938809738849926,3493.8809738849923,16781.86,13288.02,1.262931572950673,1.4277507547708346,21.52847437102721,83.0,32.0,51.0,38.55421686746988,2012.78,0.0
114,0.05647547167014943,57,8,62.0,28.0,13,7,2.8,7,25,1.2000000000000002,2.7,0.029,0.4,2.5,-1.0612349834000634,-106.12349834000634,13732.150000000001,13838.329999999998,0.9923271088346646,0.057025093976670674,19.55059905742031,201.0,62.0,139.0,30.845771144278608,2076.92,0.0,20.60671699054996,2060.6716990549958,6806.630000000001,4745.950000000001,1.4341975789884007,1.7827518802029334,7.276300373666762,77.0,28.0,49.0,36.36363636363637,850.6,0.0
146,0.05362321154398528,58,9,65.0,23.0,13,6,2.4000000000000004,20,24,1.5,3.0,0.013000000000000001,0.4,2.0,2.6553228472000407,265.5322847200041,11871.910000000002,11606.330000000002,1.0228823409294756,0.1959755403127474,14.756861505572699,168.0,46.0,122.0,27.38095238095238,1306.36,0.0,7.649646835000021,764.9646835000021,4133.8,3368.83,1.2270729006806518,0.8295045140802916,6.9003663501685475,60.0,20.0,40.0,33.333333333333336,482.46,0.0
8,0.04974769829098673,141,19,71.0,42.0,19,7,3.7,13,43,1.9000000000000001,1.9,0.007,0.35,2.5,3.1360824045499247,313.6082404549925,6994.5599999999995,6680.92,1.0469456302425413,0.286087744302666,9.920485818766354,153.0,59.0,94.0,38.56209150326797,795.78,0.0,2.932057073249944,293.20570732499436,3679.3999999999996,3386.210000000001,1.0865835255344467,0.5390461711581704,6.23552487616337,78.0,31.0,47.0,39.743589743589745,428.93,0.0
188,0.043661573498524696,38,10,62.0,21.0,11,8,2.8,20,27,1.6,2.5,0.022000000000000002,0.6000000000000001,2.5,-5.365622733850087,-536.5622733850087,21350.92,21887.49,0.9754850830314484,0.00404790750459921,26.19526097192832,177.0,56.0,121.0,31.638418079096045,2525.47,0.0,27.823342985700165,2782.3342985700165,10169.28,7386.970000000001,1.3766510490769557,1.6378615127656335,13.042901096608045,73.0,29.0,44.0,39.726027397260275,1106.79,0.0
79,0.04179247575333411,46,12,61.0,31.0,15,9,2.6,8,32,1.3,3.1,0.017,0.25,2.0,30.018026835649923,3001.8026835649925,10927.569999999998,7925.7699999999995,1.3787392265988034,1.5979821578032882,7.001750438436948,195.0,60.0,135.0,30.76923076923077,1120.07,0.0,0.38259401945011634,38.25940194501163,2603.7899999999995,2565.5099999999993,1.0149210098576893,0.11279486703215762,8.381134701590799,76.0,21.0,55.0,27.63157894736842,374.96,0.0
22,0.0378855369060774,150,21,73.0,40.0,19,8,3.0,14,41,1.9000000000000001,1.7000000000000002,0.005,0.45,2.0,1.4268164044500553,142.68164044500554,4235.37,4092.65,1.0348722710224427,0.19624384985966067,6.3761432474087405,130.0,54.0,76.0,41.53846153846154,541.07,0.0,4.866134159899903,486.61341598999024,2364.17,1877.57,1.2591647714865493,1.2368533233825614,3.1151556758412093,63.0,29.0,34.0,46.03174603174603,287.6,0.0
140,0.03785386703961834,66,7,64.0,27.0,13,7,2.7,19,23,1.4,2.8,0.013000000000000001,0.4,2.0,1.5874043230999084,158.74043230999087,7911.37,7752.610000000001,1.0204782647392296,0.15408099399392225,15.869656492771384,137.0,41.0,96.0,29.927007299270073,1093.19,0.0,5.663386868099969,566.338686809997,3175.66,2609.3099999999995,1.217049718124715,0.7474873598323319,7.978271115420481,54.0,17.0,37.0,31.48148148148148,443.17,0.0
63,0.032707076244801035,145,14,69.0,41.0,20,11,3.8000000000000003,12,30,1.6,2.4000000000000004,0.013000000000000001,0.25,1.5,-1.1869259150501057,-118.69259150501057,6494.65,6613.330000000001,0.9820544264387229,-0.036655002697412044,14.226241987684956,180.0,61.0,119.0,33.888888888888886,668.69,0.0,14.88095504705003,1488.095504705003,3775.34,2287.23,1.6506166848108847,2.6771076190929555,3.0560423623656474,76.0,29.0,47.0,38.1578947368421,311.56,0.0
24,0.02781707883911656,114,17,58.0,44.0,17,5,3.2,7,38,1.6,2.3,0.009000000000000001,0.45,2.0,-2.594687241700012,-259.4687241700012,6885.8099999999995,7145.240000000001,0.9636919123780305,-0.11579629448272731,14.978573728550037,138.0,45.0,93.0,32.608695652173914,941.17,0.0,18.466837672449984,1846.6837672449983,4415.12,2568.419999999999,1.71900234385342,2.389187618160794,6.899898999856672,58.0,27.0,31.0,46.55172413793103,483.82,0.0
118,0.02712832937151774,61,7,64.0,30.0,10,5,2.0,5,24,1.3,1.2,0.026000000000000002,0.4,3.0,13.886654409099991,1388.6654409099992,8959.71,7571.03,1.183420221555059,0.8381728784307599,12.54009760622906,141.0,73.0,68.0,51.773049645390074,1912.36,0.0,2.2619316937497933,226.19316937497933,2951.57,2725.36,1.083001878650894,0.36130003645802466,7.430847502336125,60.0,27.0,33.0,45.0,748.61,0.0
145,0.01924066533026489,62,8,67.0,24.0,14,6,2.6,20,25,1.4,2.8,0.012,0.4,2.0,-3.6314429860000565,-363.14429860000564,12109.05,12472.19,0.9708840227738672,-0.08241832984042993,19.08743789465261,202.0,60.0,142.0,29.702970297029704,1436.48,0.0,17.231093482300018,1723.109348230002,5458.27,3735.12,1.461337252886119,1.6742760467087179,7.480035258199861,70.0,25.0,45.0,35.714285714285715,586.12,0.0
185,0.015410383494409194,43,9,63.0,22.0,11,9,3.0,19,26,1.5,2.3,0.023000000000000003,0.55,5.0,-13.745233874700189,-1374.5233874700189,31576.91,32951.42999999999,0.9582864840767156,-0.09644497426422113,35.52876554958975,208.0,70.0,138.0,33.65384615384615,4483.22,0.0,40.20687364095,4020.687364095,14394.98,10374.289999999997,1.387562907919482,1.7904797452600412,25.69705889718992,75.0,31.0,44.0,41.333333333333336,1826.43,0.0
117,0.015006126643760049,55,8,66.0,31.0,12,7,2.2,6,21,1.1,2.6,0.025,0.35,2.0,-1.1975389671499215,-119.75389671499215,10509.999999999998,10629.74,0.9887353782877096,-0.0019573660822326797,13.05848593474342,236.0,75.0,161.0,31.779661016949152,1728.54,0.0,8.204409963050056,820.4409963050057,4220.48,3399.9999999999995,1.2413176470588236,1.171532947535848,5.994302921226945,92.0,32.0,60.0,34.78260869565217,644.67,0.0
12,0.0055872981910344705,51,15,64.0,45.0,16,10,2.8,4,32,2.0,2.4000000000000004,0.01,0.25,3.5,-1.8526049412500472,-185.2604941250047,6755.33,6940.56,0.9733119517733438,-0.06521796271699382,16.78552837043475,120.0,40.0,80.0,33.333333333333336,883.22,0.0,8.161745246100036,816.1745246100036,3489.21,2673.02,1.3053437684716165,1.21606771713994,7.118454488399985,53.0,20.0,33.0,37.735849056603776,427.28000000000003,0.0
64,0.0036466868187826924,134,18,66.0,42.0,14,12,2.7,9,35,1.5,2.2,0.01,0.4,1.0,-1.8165608984500432,-181.65608984500432,3422.09,3603.749999999999,0.9495913978494627,-0.18017355536626295,7.16013015664921,109.0,39.0,70.0,35.77981651376147,434.8,0.0,10.137383697099958,1013.7383697099958,2000.29,986.54,2.027581243538022,2.5278194530623095,3.4471210041397424,43.0,20.0,23.0,46.51162790697674,179.95,0.0
113,-0.0005142562718419789,41,7,63.0,26.0,11,7,2.3,8,23,1.1,2.3,0.03,0.35,2.5,-5.482407665050251,-548.240766505025,11657.43,12205.669999999998,0.9550831703626267,-0.17352818440006357,18.108797066721944,237.0,80.0,157.0,33.755274261603375,2066.11,0.0,17.010229855750094,1701.0229855750094,5790.32,4089.33,1.4159581153880954,1.936151402246921,7.89440070781287,86.0,33.0,53.0,38.372093023255815,826.98,0.0
21,-0.010459586791305675,140,18,70.0,42.0,19,7,3.5,12,45,2.0,2.0,0.008,0.35,2.5,-1.5048033787001078,-150.48033787001077,6837.030000000001,6987.53,0.9784616309339639,-0.05232036949902593,8.398454871232333,136.0,48.0,88.0,35.294117647058826,773.88,0.0,1.614630747049996,161.4630747049996,3524.7599999999998,3363.28,1.048012654313646,0.3017332025176266,8.450879330698063,67.0,25.0,42.0,37.3134328358209,401.57,0.0
206,-0.029257409137060677,42,9,62.0,23.0,11,9,2.9000000000000004,20,30,1.6,2.3,0.022000000000000002,0.6000000000000001,5.0,-14.874069895250106,-1487.4069895250104,22240.350000000002,23727.79,0.9373123244937688,-0.21345556274972807,34.649584045456564,156.0,51.0,105.0,32.69230769230769,3225.5,0.0,30.600875272599858,3060.087527259986,11181.039999999999,8120.96,1.3768125935849949,1.6455407671308562,15.867484072612864,55.0,22.0,33.0,40.0,1440.49,0.0
36,-0.03925343358215302,47,10,62.0,29.0,16,6,3.4000000000000004,10,19,2.0,1.7000000000000002,0.027,0.35,1.0,-2.9864929484999627,-298.6492948499963,3196.5200000000004,3495.15,0.9145587456904569,-0.30793796936098006,10.906958871171804,121.0,42.0,79.0,34.710743801652896,425.1,0.0,1.864346985450011,186.43469854500108,1080.02,893.58,1.208643881913203,0.7283866900479254,4.887847168199644,45.0,22.0,23.0,48.888888888888886,157.99,0.0
70,-0.05059819764211531,97,20,67.0,45.0,17,8,2.4000000000000004,13,50,1.1,2.5,0.022000000000000002,0.45,4.5,-7.6041642678000425,-760.4164267800043,26978.58,27739.010000000002,0.9725862602883087,0.009215349085090115,35.99047176985691,199.0,63.0,136.0,31.65829145728643,3285.23,0.0,1.63718624979987,163.718624979987,12897.429999999998,12733.7,1.012858006706613,0.25033589523483035,27.12708864162866,85.0,27.0,58.0,31.764705882352942,1629.55,0.0
52,-0.05291617479929194,28,10,63.0,41.0,12,12,2.9000000000000004,5,37,1.3,2.1,0.019,0.3,3.0,-8.16255437740021,-816.2554377400211,14852.53,15668.849999999999,0.9479017285888883,-0.2648238785535959,27.06607743905243,245.0,81.0,164.0,33.06122448979592,2262.65,0.0,7.557575637100163,755.7575637100163,6307.65,5551.860000000001,1.1361327555089644,0.7859463262410071,14.80841120016514,109.0,45.0,64.0,41.28440366972477,964.28,0.0
187,-0.054146510816458604,34,10,63.0,21.0,11,9,2.8,20,28,1.5,2.4000000000000004,0.022000000000000002,0.6000000000000001,4.5,23.75125642339928,2375.125642339928,43471.77,41096.65999999999,1.0577932610581982,0.5875055192698526,40.08481958399086,224.0,77.0,147.0,34.375,5427.09,0.0,48.71216127675039,4871.216127675039,17863.75,12992.540000000003,1.3749236100100517,1.9199648000436025,22.6484079951271,90.0,36.0,54.0,40.0,2153.41,0.0
67,-0.055099511043516874,42,8,68.0,40.0,16,13,4.0,8,34,1.8,2.7,0.007,0.3,1.0,11.582807492649899,1158.28074926499,6333.299999999998,5175.07,1.2238095330111474,1.1175495585231654,5.111321320779035,185.0,62.0,123.0,33.513513513513516,584.12,0.0,0.9577718095000092,95.77718095000091,1735.4000000000003,1639.6599999999999,1.058390154056329,0.2714178219239089,7.1962132071499525,68.0,22.0,46.0,32.35294117647059,201.52,0.0
242,-0.05578406093096594,38,10,64.0,21.0,7,9,2.7,20,30,1.5,2.5,0.024,0.75,4.5,41.87163887485005,4187.163887485005,36908.04,32720.91,1.1279649618546672,0.8039015006445939,45.0842290660907,201.0,70.0,131.0,34.82587064676617,4345.68,0.0,33.269159016400444,3326.9159016400445,17641.93,14315.000000000002,1.2324086622424029,1.2697811164523447,24.974954660387326,86.0,31.0,55.0,36.04651162790697,2242.09,0.0
43,-0.06473908584933957,23,9,63.0,36.0,10,13,2.9000000000000004,5,33,1.2000000000000002,2.2,0.016,0.25,1.5,-5.303748627750047,-530.3748627750047,6121.43,6651.8099999999995,0.9202653112461121,-0.47889784176601063,11.489852039546378,261.0,84.0,177.0,32.18390804597701,985.96,0.0,1.4351718362000248,143.51718362000247,2832.37,2688.83,1.0533838137777398,0.3195568528824749,7.865980906011407,107.0,39.0,68.0,36.44859813084112,398.28000000000003,0.0
18,-0.06752639724679727,82,11,68.0,45.0,21,6,2.6,14,10,1.5,1.9,0.015,0.3,3.0,-7.692931415600087,-769.2931415600087,15583.39,16352.71,0.9529545867321074,-0.21783522053914445,18.34192274402577,227.0,80.0,147.0,35.242290748898675,1917.99,0.0,0.6401416720499401,64.01416720499401,6287.020000000001,6223.03,1.0102827722186782,0.14903045452626804,14.629746825123041,101.0,37.0,64.0,36.633663366336634,846.78,0.0
87,-0.0727710218989325,24,8,60.0,34.0,15,8,2.3,8,25,1.2000000000000002,2.8,0.024,0.35,2.5,-11.775882947350091,-1177.5882947350092,10520.1,11697.710000000003,0.8993298688375757,-0.41745553709779004,26.627527382434458,216.0,60.0,156.0,27.77777777777778,1713.66,0.0,13.53331623455002,1353.331623455002,5224.39,3871.0800000000004,1.349594945079926,1.534648279101551,9.727578318514803,75.0,26.0,49.0,34.666666666666664,674.82,0.0
30,-0.08680894647020801,89,7,62.0,39.0,13,5,3.3000000000000003,8,21,1.2000000000000002,2.7,0.024,0.7,1.5,-13.98886256335025,-1398.8862563350249,10342.63,11741.49,0.8808617986303271,-0.4940057255187757,25.476800771137253,162.0,48.0,114.0,29.62962962962963,1559.8,0.0,15.909065962049935,1590.9065962049935,6297.5,4706.56,1.3380260742453085,1.3595936526767192,15.001830792523041,68.0,24.0,44.0,35.294117647058826,818.29,0.0
53,-0.08708361841726694,20,11,64.0,36.0,10,14,2.7,6,39,0.9,2.4000000000000004,0.023000000000000003,0.25,3.5,-14.512089709200318,-1451.2089709200318,16143.439999999999,17594.64,0.9175203357386112,-0.4705149132695127,32.775780671664435,285.0,91.0,194.0,31.92982456140351,2591.18,0.0,15.424907212249927,1542.4907212249927,6623.7300000000005,5081.3,1.3035502725680437,1.422868745388403,12.17933370082647,98.0,34.0,64.0,34.69387755102041,881.73,0.0
2,-0.09488248146679039,97,7,70.0,24.0,7,20,3.9000000000000004,17,22,0.6,3.1,0.016,0.3,3.0,-14.851391267450254,-1485.1391267450254,16956.76,18441.87,0.9194707478146197,-0.33371232752501795,27.011097851228733,250.0,65.0,185.0,26.0,1931.33,0.0,11.271933000050103,1127.1933000050103,7756.210000000001,6629.02,1.1700387085873931,0.9009786608038974,12.142468938670307,90.0,28.0,62.0,31.11111111111111,854.87,0.0
99,-0.09594630347388097,64,7,64.0,30.0,12,6,2.1,9,23,0.9,2.2,0.029,0.4,3.0,-12.414531823550115,-1241.4531823550114,13952.0,15193.420000000002,0.9182922607286574,-0.394608780701911,25.47284915423337,230.0,81.0,149.0,35.21739130434783,2760.41,0.0,6.28554408439988,628.554408439988,5864.07,5235.57,1.120044235871166,0.643321094228343,9.451238730999728,79.0,28.0,51.0,35.44303797468354,997.75,0.0
50,-0.09683540452103391,58,9,61.0,38.0,20,12,3.4000000000000004,7,13,1.3,2.7,0.021,0.55,3.0,-13.631798474700155,-1363.1798474700154,16883.780000000002,18246.99,0.9252912398154436,-0.2799565543755403,27.51794745633587,204.0,57.0,147.0,27.941176470588236,3051.88,0.0,6.685296179699944,668.5296179699944,5760.7300000000005,5092.18,1.1312895459312122,0.6074129351038922,12.697985161822434,64.0,22.0,42.0,34.375,1006.5,0.0
14,-0.09797197647266734,148,12,66.0,42.0,18,4,3.0,13,31,0.9,2.1,0.02,0.35,2.5,-14.6622530847503,-1466.22530847503,21165.039999999997,22631.22,0.9352142747938466,-0.3283154593969965,33.63324177324182,294.0,100.0,194.0,34.01360544217687,2520.59,0.0,9.186046870349983,918.6046870349983,8940.8,8022.240000000001,1.1145016853148246,0.7761573008224231,16.306655960452197,121.0,48.0,73.0,39.66942148760331,1072.03,0.0
16,-0.10308954174248029,76,12,67.0,39.0,14,9,3.1,11,16,1.1,2.2,0.026000000000000002,0.3,2.0,-11.487848435200085,-1148.7848435200085,16134.71,17283.499999999993,0.9335325599560278,-0.38578320476364464,15.929655117235656,353.0,114.0,239.0,32.29461756373938,2022.57,0.0,1.087100515499915,108.71005154999148,6078.990000000002,5970.29,1.0182068207742005,0.19146208352519328,10.193079138728452,135.0,47.0,88.0,34.81481481481482,788.43,0.0
107,-0.1113933199247526,42,9,62.0,31.0,10,5,1.6,8,20,1.1,3.7,0.026000000000000002,0.4,3.0,-23.289311167650066,-2328.9311167650067,10452.800000000001,12781.699999999999,0.8177941901312034,-0.7751281748524558,29.847754672711208,164.0,39.0,125.0,23.78048780487805,1802.08,0.0,36.2029493261001,3620.2949326100097,8285.98,4665.67,1.775946434274177,2.577865086722709,14.35153653548091,68.0,21.0,47.0,30.88235294117647,925.94,0.0
155,-0.13943728395887509,71,8,65.0,27.0,13,6,2.6,19,26,1.4,2.6,0.01,0.5,2.0,-16.208124641300056,-1620.8124641300055,9071.77,10692.62,0.8484141398459872,-0.8822676466144674,30.951247252044535,169.0,48.0,121.0,28.402366863905325,1395.75,0.0,11.097185625449983,1109.7185625449983,4784.01,3674.3199999999997,1.302012345141414,1.3402794011229808,7.161732983951989,65.0,24.0,41.0,36.92307692307692,609.78,0.0
108,-0.14236263229530038,44,9,80.0,27.0,11,8,2.7,9,18,1.1,3.8000000000000003,0.027,0.45,2.5,-20.673279803000298,-2067.3279803000296,26913.33,28980.81,0.9286603790577282,-0.20693004338042797,29.67034001387666,312.0,71.0,241.0,22.756410256410255,3003.87,0.0,6.6102635296500925,661.0263529650092,12673.189999999999,12012.170000000002,1.055029191228562,0.4643097258974577,23.430846846106085,126.0,27.0,99.0,21.428571428571427,1371.47,0.0
224,-0.144482693920785,40,11,64.0,20.0,7,9,2.7,20,30,1.5,2.4000000000000004,0.024,0.7,4.0,7.954291003149811,795.429100314981,32505.349999999995,31709.960000000003,1.0250832861347032,0.33714535922437927,40.57905007483367,212.0,71.0,141.0,33.490566037735846,3911.55,0.0,64.01755799305015,6401.755799305014,21321.839999999997,14920.070000000002,1.4290710432323706,2.14098531280237,22.8139736652176,87.0,35.0,52.0,40.229885057471265,2290.55,0.0
89,-0.1570629764123926,26,12,57.0,35.0,14,8,2.4000000000000004,7,28,1.1,2.7,0.025,0.3,3.0,-19.05952728635031,-1905.9527286350312,16094.55,18000.479999999996,0.8941178235247061,-0.5560595686152228,32.71326013335212,305.0,85.0,220.0,27.868852459016395,2550.35,0.0,4.914970223450018,491.4970223450018,7648.070000000001,7156.570000000001,1.0686781516843964,0.495445300444099,14.607433237999995,129.0,42.0,87.0,32.55813953488372,1118.94,0.0
59,-0.20398404539229653,54,13,64.0,33.0,9,7,3.0,6,30,1.0,2.6,0.018000000000000002,0.25,2.0,-21.546765245950102,-2154.67652459501,12778.98,14933.68,0.8557154030352866,-0.8217040068034837,22.442681153122493,350.0,100.0,250.0,28.571428571428573,1553.49,0.0,0.7856571219999022,78.56571219999023,6571.640000000001,6493.120000000001,1.012092799763442,0.16161186978612924,11.026961682045542,177.0,55.0,122.0,31.073446327683616,877.74,0.0
205,-0.23638580245693908,34,10,63.0,21.0,10,10,2.7,20,29,1.5,2.5,0.024,0.55,5.0,11.430292346249734,1143.0292346249735,33334.52,32191.49,1.0355072101353493,0.39323350600872864,45.107947492158,183.0,61.0,122.0,33.333333333333336,4255.54,0.0,54.18290154950047,5418.2901549500475,18751.829999999998,13333.550000000001,1.4063643965785553,2.0083077357194155,21.844006425941735,78.0,31.0,47.0,39.743589743589745,2119.42,0.0
37,-0.24705384686588894,61,8,65.0,37.0,14,11,3.0,17,26,0.7,4.0,0.016,0.3,4.5,-31.61973192055011,-3161.973192055011,20340.580000000005,23502.52,0.8654637885639499,-0.6473191595126635,38.39643392113767,275.0,53.0,222.0,19.272727272727273,2828.13,0.0,6.7012852324000045,670.1285232400005,9593.25,8923.160000000002,1.0750955939375735,0.5110513774136909,18.381694726199154,97.0,28.0,69.0,28.8659793814433,1344.64,0.0
123,-0.33211721431355223,53,7,67.0,29.0,11,7,2.1,20,20,1.3,2.8,0.027,0.75,3.5,64.66241028284931,6466.2410282849305,42489.06,36022.770000000004,1.1795056293560988,1.1890880020345358,34.573163724932144,139.0,48.0,91.0,34.53237410071942,5167.39,0.0,-3.3663290919499738,-336.6329091949974,8285.71,8622.339999999998,0.9609583941250288,-0.013486753597255964,20.296067655229905,52.0,15.0,37.0,28.846153846153847,1357.89,0.0
148,-0.41847070159595223,55,9,64.0,25.0,14,9,2.5,20,19,1.5,2.8,0.011,0.45,2.0,46.09865753909999,4609.865753909999,14467.27,9857.43,1.4676513046504007,2.0847381042542423,9.538717986801586,136.0,49.0,87.0,36.029411764705884,1395.08,0.0,-3.5608406825499697,-356.08406825499696,2082.97,2439.060000000001,0.8540052315236194,-0.4391547417430587,6.744188072359791,41.0,12.0,29.0,29.26829268292683,337.35,0.0
213,-0.42107432855397897,41,9,75.0,22.0,7,8,2.7,20,28,1.5,2.5,0.024,0.65,4.5,-5.322382438799851,-532.238243879985,33385.4,33917.590000000004,0.9843093215054489,0.13826754590570595,48.95333632716303,227.0,72.0,155.0,31.718061674008812,3873.98,0.0,63.30158853835015,6330.158853835015,23238.920000000002,16908.719999999998,1.3743748787607817,1.959117978276163,22.591138887691393,106.0,40.0,66.0,37.735849056603776,2486.57,0.0
269,-0.4651646151034099,51,11,66.0,23.0,8,11,3.2,17,12,1.4,2.6,0.026000000000000002,0.65,4.0,70.6659143172497,7066.59143172497,57750.060000000005,50683.49,1.1394254815522769,1.0613826147410335,31.811587508164724,218.0,74.0,144.0,33.944954128440365,5823.45,0.0,-13.225843989100067,-1322.5843989100067,14879.63,16202.22,0.9183698283321668,-0.2624633893328359,31.590705614545854,112.0,34.0,78.0,30.357142857142858,2020.55,0.0
217,-0.5220215337189577,47,9,64.0,20.0,8,8,2.8,20,28,1.6,2.6,0.025,0.65,4.5,-30.868770199849948,-3086.877019984995,21931.61,25018.45,0.8766174563172379,-0.4863556510401096,43.06341754630634,176.0,51.0,125.0,28.977272727272727,2983.99,0.0,63.99474850880018,6399.4748508800185,16295.49,9896.05,1.6466660940476252,2.3841266721220777,13.046723633617988,56.0,24.0,32.0,42.857142857142854,1727.12,0.0
166,-0.5605166348483462,45,9,67.0,31.0,12,7,2.5,19,25,0.9,2.6,0.027,0.45,1.5,-4.753720999200358,-475.3720999200359,22434.41,22909.739999999998,0.9792520561123785,-0.019895265682635454,23.899902796189384,343.0,97.0,246.0,28.279883381924197,2328.17,0.0,-8.05701006034993,-805.701006034993,7193.56,7999.27,0.8992770590316367,-0.5316188907817707,18.80454330718494,143.0,39.0,104.0,27.272727272727273,908.74,0.0
48,-0.5671395207526305,36,11,65.0,37.0,8,14,3.1,6,46,1.0,2.3,0.024,0.3,3.5,-7.789257618750216,-778.9257618750216,23891.260000000002,24670.11,0.9684294070841193,-0.06186410810281821,29.542208977887096,332.0,105.0,227.0,31.626506024096386,3147.18,0.0,-2.1214842415500064,-212.1484241550006,8794.27,9006.38,0.9764489173230534,-0.006009922950203991,20.77503043240599,128.0,46.0,82.0,35.9375,1248.8,0.0
160,-0.5731348496056179,49,8,68.0,33.0,14,8,2.8,20,23,1.1,3.4000000000000004,0.025,0.45,2.0,-6.97132400725006,-697.1324007250059,20929.51,21626.629999999997,0.9677656666803843,-0.016420248925117932,25.14708797581117,252.0,61.0,191.0,24.206349206349206,2120.53,0.0,-6.7637119255499965,-676.3711925549997,7631.190000000001,8307.57,0.9185826902451621,-0.2823251373717618,15.338303131608855,109.0,27.0,82.0,24.770642201834864,934.72,0.0
55,-0.5855831629233864,39,20,60.0,40.0,12,13,3.3000000000000003,4,32,1.3,1.5,0.011,0.35,4.0,-8.904913743050292,-890.4913743050292,19349.18,20239.75,0.9559989624377772,-0.2619324456642229,19.782633143834207,339.0,149.0,190.0,43.95280235988201,3778.54,0.0,-1.9173468942003093,-191.73468942003092,7764.81,7956.51,0.9759065218292945,-0.07592063602622844,15.674949473696403,148.0,67.0,81.0,45.270270270270274,1655.14,0.0
26,-0.6096429363544636,128,14,65.0,39.0,14,9,4.0,9,28,1.1,3.3000000000000003,0.012,0.3,1.0,-8.421733596200118,-842.173359620012,6337.259999999999,7179.41,0.882699274731489,-0.545546748198236,13.45292641750013,248.0,58.0,190.0,23.387096774193548,683.83,0.0,-3.8944637480999704,-389.446374809997,2528.23,2917.689999999999,0.866517690364638,-0.6314585019363759,7.171287772006643,100.0,24.0,76.0,24.0,292.61,0.0
141,-0.6272748485789634,54,7,67.0,28.0,12,7,2.1,20,22,0.5,2.6,0.011,0.35,2.0,-11.368453387850114,-1136.8453387850113,16234.130000000001,17370.96,0.9345557182792432,-0.3798357270777452,22.92595620223734,316.0,95.0,221.0,30.063291139240505,2047.21,0.0,-7.386486779349889,-738.6486779349889,5135.26,5873.93,0.8742460328945016,-0.6990263676860499,12.441448544570639,112.0,33.0,79.0,29.464285714285715,707.34,0.0
38,-0.633873117294565,140,12,68.0,27.0,11,9,3.9000000000000004,5,38,1.6,3.6,0.019,0.4,3.5,35.32594665039967,3532.5946650399674,22246.639999999996,18714.07,1.18876545828887,0.8830980702986426,25.97303074992038,163.0,45.0,118.0,27.607361963190183,2070.64,0.0,-4.605439263250209,-460.54392632502095,7119.209999999999,7579.77,0.9392382618469952,-0.07387507418261965,23.585740715344798,64.0,15.0,49.0,23.4375,785.0,0.0
13,-0.6442006755355023,101,15,64.0,30.0,21,10,2.1,12,16,1.3,2.8,0.011,0.5,3.5,-11.362206846550107,-1136.2206846550107,8751.17,9887.360000000002,0.8850866156385524,-0.46849297785313687,18.22539267358774,119.0,32.0,87.0,26.89075630252101,1413.01,0.0,-9.916413426949983,-991.6413426949985,2580.2700000000004,3571.9300000000003,0.7223741786653155,-1.138582609408206,15.910843547279244,45.0,11.0,34.0,24.444444444444443,570.14,0.0
164,-0.6486766527010597,50,9,67.0,31.0,14,7,2.7,19,26,0.8,2.6,0.026000000000000002,0.5,2.5,-13.561730126400235,-1356.1730126400234,39313.86000000001,40669.98,0.9666555036417526,-0.048816663554670604,34.8361967789004,332.0,96.0,236.0,28.91566265060241,4166.27,0.0,-15.989753000899928,-1598.9753000899927,12528.25,14127.29,0.8868119788013129,-0.5391409655928505,33.199675500393724,141.0,41.0,100.0,29.078014184397162,1562.27,0.0
128,-0.654817163011588,52,7,69.0,32.0,11,7,2.1,16,24,1.2000000000000002,2.7,0.014000000000000002,0.4,3.5,22.548835899149744,2254.8835899149744,19555.940000000002,17301.1,1.1303292854211584,0.8157508369603531,14.673632351238803,182.0,61.0,121.0,33.51648351648352,2477.92,0.0,-1.4040555373499592,-140.40555373499592,5246.51,5386.91,0.9739368209233124,-0.03712516109599827,15.09314581874307,66.0,21.0,45.0,31.818181818181817,865.15,0.0
5,-0.6645442710917735,121,9,55.0,41.0,17,16,3.3000000000000003,5,24,0.6,3.6,0.021,0.4,1.0,-8.920648275500024,-892.0648275500025,2203.86,3095.95,0.7118525815985401,-1.2500385029815468,10.764141483305027,150.0,33.0,117.0,22.0,567.14,0.0,-3.5943553913500184,-359.4355391350018,453.4,812.83,0.5578042149034853,-1.759229649508722,4.395093795963741,42.0,10.0,32.0,23.80952380952381,165.28,0.0
46,-0.667774808720467,21,8,57.0,31.0,10,15,3.2,7,49,1.0,2.5,0.025,0.35,3.0,-11.783770694450196,-1178.3770694450195,11428.68,12607.04,0.9065315886996471,-0.3798324867436108,19.963084349870293,189.0,56.0,133.0,29.62962962962963,1920.79,0.0,-18.983316130699958,-1898.331613069996,2447.5299999999997,4345.86,0.5631865729682962,-1.997433608209745,24.141990746415104,63.0,14.0,49.0,22.22222222222222,576.72,0.0
10,-0.6906331947758046,87,14,80.0,20.0,15,4,2.2,20,12,0.9,2.4000000000000004,0.014000000000000002,0.75,4.0,-32.11846340300034,-3211.846340300034,17016.48,20228.33,0.8412202094784887,-0.8609448407059045,42.05985596025029,248.0,72.0,176.0,29.032258064516128,2197.08,0.0,11.439463112549966,1143.9463112549965,13714.909999999998,12570.959999999997,1.0909994145236324,0.762254140492797,19.53900917935564,120.0,42.0,78.0,35.0,1554.45,0.0
4,-0.7459743879815514,31,9,56.0,28.0,12,8,3.5,10,21,1.3,1.4,0.025,0.25,5.0,-19.352728770750037,-1935.2728770750036,9626.62,11561.89,0.8326164666849453,-0.8418656974119109,27.456383018578727,196.0,84.0,112.0,42.857142857142854,2030.42,0.0,-17.224549461400038,-1722.4549461400038,2829.0200000000004,4551.469999999999,0.6215618250806884,-2.2422156381085725,22.79250074475711,72.0,30.0,42.0,41.666666666666664,805.21,0.0
168,-0.7551243138012476,41,9,69.0,30.0,11,6,2.6,19,27,1.2000000000000002,2.4000000000000004,0.03,0.45,2.5,-28.923683801350244,-2892.3683801350244,27984.079999999998,30876.450000000004,0.9063243993399498,-0.5002974499658178,39.04471466513543,312.0,98.0,214.0,31.41025641025641,3074.48,0.0,-6.092031542500008,-609.2031542500008,12661.560000000001,13270.75,0.9540952847427614,-0.1584457161969195,24.664839747970372,142.0,44.0,98.0,30.985915492957748,1574.98,0.0
233,-0.794657623944932,78,11,79.0,20.0,8,8,2.7,20,29,1.5,2.4000000000000004,0.025,0.7,4.5,-41.01067354625007,-4101.067354625007,27584.269999999997,31685.42,0.8705666517912655,-0.6831107689980138,52.20682688184538,194.0,57.0,137.0,29.38144329896907,3257.84,0.0,61.21750059550008,6121.750059550008,21889.300000000003,15767.609999999997,1.3882446356803604,2.040203995431283,25.358088263957075,83.0,34.0,49.0,40.963855421686745,2158.75,0.0
65,-0.875803371103741,34,9,64.0,39.0,11,7,3.6,10,24,1.9000000000000001,2.6,0.014000000000000002,0.3,1.5,8.236584017000023,823.6584017000023,8161.85,7338.2199999999975,1.1122383902363249,0.5709653467597667,8.335793585067744,170.0,51.0,119.0,30.0,793.43,0.0,-1.3924297504499918,-139.24297504499918,2678.35,2817.6000000000004,0.9505785065303803,-0.1982738430050534,10.683564484715179,73.0,26.0,47.0,35.61643835616438,321.15,0.0
130,-0.8983946903910452,49,8,65.0,30.0,11,6,2.2,20,18,1.0,2.9000000000000004,0.026000000000000002,0.35,2.0,12.711625640599996,1271.1625640599996,20406.44,19135.269999999997,1.066430732359669,0.4986029105298974,20.73001058187482,275.0,82.0,193.0,29.818181818181817,2116.28,0.0,-2.68096319014996,-268.09631901499597,5794.13,6062.23,0.9557753499949689,-0.12478113851798901,8.811814817177241,110.0,33.0,77.0,30.0,750.25,0.0
49,-0.9958662925120205,44,8,76.0,34.0,13,10,2.3,4,40,1.1,2.0,0.028,0.4,2.5,11.884005854399748,1188.4005854399747,13478.28,12289.890000000001,1.0966965530204094,0.5471295293528093,15.200304302424101,195.0,74.0,121.0,37.94871794871795,2045.54,0.0,-5.360155087500061,-536.0155087500061,4240.93,4776.96,0.8877884679796356,-0.48734326610675816,19.550766746014308,78.0,29.0,49.0,37.17948717948718,776.93,0.0
57,-1.0487147908296344,28,12,67.0,35.0,15,10,2.4000000000000004,9,27,0.8,2.3,0.02,0.35,2.5,13.32854229409948,1332.854229409948,30101.989999999998,28769.12,1.046329884264795,0.4884098554227909,22.503235275512775,462.0,151.0,311.0,32.683982683982684,4489.32,0.0,-23.689356028649954,-2368.9356028649954,7211.8,9580.710000000001,0.7527417070342385,-2.0850262425898882,31.366901429305077,194.0,62.0,132.0,31.95876288659794,1469.04,0.0
109,-1.0901603248463028,73,9,64.0,30.0,10,7,2.7,8,17,1.2000000000000002,3.1,0.028,0.4,3.5,-15.647689803700032,-1564.7689803700032,23796.289999999997,25360.989999999998,0.9383028817092708,-0.23995274954490692,42.45267808115919,224.0,59.0,165.0,26.339285714285715,3342.85,0.0,-4.468528430300157,-446.8528430300157,7213.959999999999,7660.829999999999,0.9416682004430329,-0.10352441541385764,14.703765763733836,87.0,24.0,63.0,27.586206896551722,1114.72,0.0
61,-1.0959152927530633,25,17,66.0,43.0,18,4,2.5,13,31,1.4,2.7,0.015,0.3,1.0,0.6723862298998574,67.23862298998574,9470.710000000001,9403.41,1.0071569781600507,0.09952732509865504,14.908841989786845,304.0,91.0,213.0,29.93421052631579,893.87,0.0,-2.104686811100037,-210.46868111000367,4167.53,4377.95,0.9519364085930629,-0.2680528982983509,10.077646286851556,148.0,45.0,103.0,30.405405405405407,430.66,0.0
252,-1.5244982128991333,38,10,63.0,21.0,9,11,2.8,19,14,1.5,2.4000000000000004,0.023000000000000003,0.65,4.0,3.9430362382994466,394.3036238299446,37726.96,37332.72,1.0105601734885643,0.26309362239027195,42.33770536415501,210.0,70.0,140.0,33.333333333333336,4899.88,0.0,-6.5186859174998055,-651.8685917499806,10511.970000000001,11163.86,0.9416071143851679,-0.09915725503776833,41.31479899029702,85.0,28.0,57.0,32.94117647058823,1623.83,0.0
0,-10.0,69,21,74.0,35.0,9,6,1.1,18,34,1.6,1.0,0.03,0.7,1.5,-0.21609465580002507,-21.609465580002507,211.49,233.1,0.9072930072930073,-0.0360110343164761,2.9071279543751385,2.0,1.0,1.0,50.0,21.22,0.0,-2.390554743749999,-239.0554743749999,0.0,239.06,0.0,-1.0394376124375848,3.7298129837782974,1.0,0.0,1.0,0.0,10.39,0.0
3,-10.0,24,20,61.0,37.0,11,12,2.6,7,49,1.7000000000000002,3.9000000000000004,0.028,0.55,5.0,71.23155411934938,7123.1554119349385,29815.77,22692.579999999998,1.3138995213413374,1.1906573377552034,32.569147154154834,95.0,26.0,69.0,27.36842105263158,2859.65,0.0,21.438181369849953,2143.8181369849954,12114.51,9970.699999999997,1.2150109821777813,0.9115178964024948,24.383985925464554,50.0,13.0,37.0,26.0,1274.35,0.0
6,-10.0,60,11,73.0,36.0,20,12,1.3,16,41,1.3,3.3000000000000003,0.017,0.5,2.5,-0.8991105629000049,-89.91105629000049,0.0,89.91,0.0,-1.3178709115797012,0.9271169962872727,1.0,0.0,1.0,0.0,12.46,0.0,-0.5039393050000035,-50.39393050000035,0.0,50.39,0.0,-1.670706910987153,0.5039393050000035,1.0,0.0,1.0,0.0,12.48,0.0
7,-10.0,23,8,55.0,36.0,11,12,3.8000000000000003,8,26,1.7000000000000002,1.7000000000000002,0.007,0.4,1.5,-1.3356841487000384,-133.56841487000383,2361.04,2494.59,0.9464641484171747,-0.17944394210169115,8.775026968836022,79.0,31.0,48.0,39.24050632911393,425.52,0.0,-1.6072487821000687,-160.72487821000686,705.52,866.23,0.8144719069992957,-0.5477165865683331,4.3184407311250546,23.0,7.0,16.0,30.434782608695652,119.21,0.0
9,-10.0,127,19,55.0,33.0,13,7,1.3,9,48,1.0,2.6,0.023000000000000003,0.4,5.0,-7.9063139886499805,-790.6313988649981,0.0,790.63,0.0,-1.842842977897819,7.9063139886499805,5.0,0.0,5.0,0.0,96.95,0.0,-0.2530328707500121,-25.303287075001208,250.49,275.78999999999996,0.908263533848218,-0.10194842344748171,2.5689266886614743,3.0,1.0,2.0,33.333333333333336,60.03,0.0
15,-10.0,115,17,60.0,27.0,15,15,2.3,6,38,1.4,1.5,0.005,0.6000000000000001,4.0,-3.7984193992000472,-379.84193992000473,407.56000000000006,787.3899999999999,0.5176088088494902,-1.128417358695997,4.792430933303404,20.0,6.0,14.0,30.0,132.94,0.0,0.967149345300004,96.71493453000039,275.16999999999996,178.45999999999998,1.5419141544323658,0.7881828197133492,1.058355215958973,7.0,4.0,3.0,57.142857142857146,52.07,0.0
17,-10.0,43,16,60.0,32.0,7,14,1.8,15,28,0.5,2.9000000000000004,0.012,0.45,3.5,2.059188404550041,205.9188404550041,338.07,132.15,2.5582292849035184,0.7848711926790142,2.1725699720289833,4.0,3.0,1.0,75.0,56.04,0.0,-1.316593728549997,-131.65937285499967,0.0,131.66,0.0,-1.303585543974083,1.7058897344841057,1.0,0.0,1.0,0.0,11.6,0.0
19,-10.0,104,18,63.0,23.0,18,10,1.7000000000000002,9,36,1.8,1.0,0.018000000000000002,0.35,4.0,-10.078487351449986,-1007.8487351449985,138.51999999999998,1146.38,0.12083253371482403,-1.4435721293885126,10.938806524316098,10.0,2.0,8.0,20.0,124.9,0.0,-0.14276053629995658,-14.276053629995658,333.51,347.78,0.9589683133015126,-0.031239712753727136,3.4123663235999997,6.0,3.0,3.0,50.0,78.51,0.0
20,-10.0,134,13,78.0,32.0,9,20,2.5,4,18,0.8,2.6,0.03,0.25,3.0,-2.711359498250022,-271.13594982500217,904.18,1175.32,0.7693053806622877,-0.38221676650892966,6.057563403149422,19.0,5.0,14.0,26.31578947368421,140.64,0.0,0.47506403004999814,47.50640300499981,529.67,482.15999999999997,1.098535755765721,0.16531676123650693,3.63031715737556,9.0,3.0,6.0,33.333333333333336,67.98,0.0
28,-10.0,58,16,66.0,43.0,15,8,1.8,10,26,1.8,2.9000000000000004,0.013000000000000001,0.3,4.5,0.334414720549903,33.4414720549903,4884.820000000001,4851.400000000001,1.006888733149194,0.07742655814022442,14.937421312002241,55.0,17.0,38.0,30.90909090909091,658.43,0.0,-0.8669452677499067,-86.69452677499066,2403.34,2490.0299999999997,0.9651851584117462,-0.06842731258447554,10.387284525323794,28.0,8.0,20.0,28.571428571428573,333.11,0.0
29,-10.0,69,13,58.0,34.0,10,6,1.0,19,35,1.6,3.2,0.028,0.4,3.0,,,,,,,,,,,,,,,,,,,,,,,,,,
32,-10.0,38,8,58.0,30.0,12,13,2.8,6,32,1.9000000000000001,3.0,0.023000000000000003,0.3,1.0,-1.3076963485000124,-130.76963485000124,438.45000000000005,569.1999999999999,0.7702916373858049,-0.4551282818570238,2.9181826008886356,27.0,6.0,21.0,22.22222222222222,79.75,0.0,1.0151111172500167,101.51111172500168,179.24,77.73,2.3059307860542906,0.7884087236589877,1.4766457132852584,5.0,2.0,3.0,40.0,15.01,0.0
33,-10.0,51,10,67.0,38.0,11,11,2.4000000000000004,7,29,1.7000000000000002,2.5,0.018000000000000002,0.25,1.0,4.399201927349968,439.9201927349968,1661.6,1221.7,1.3600720307767864,1.1020493635060895,2.761315349220241,70.0,26.0,44.0,37.142857142857146,178.87,0.0,4.0554586927000305,405.5458692700031,814.85,409.31,1.9907893772446312,2.030505698483048,1.2820062451463303,32.0,13.0,19.0,40.625,81.7,0.0
34,-10.0,27,9,64.0,35.0,9,9,2.0,5,34,1.5,2.1,0.026000000000000002,0.3,1.5,0.020246464800002285,2.0246464800002286,1442.26,1440.21,1.0014234035314293,0.02371704184537207,4.532088545773497,51.0,20.0,31.0,39.21568627450981,230.49,0.0,-4.0921546597499585,-409.2154659749958,331.90000000000003,741.13,0.44782966551077413,-1.8789965872693004,6.412718922222421,22.0,5.0,17.0,22.727272727272727,96.38,0.0
35,-10.0,34,7,60.0,41.0,12,17,2.7,8,23,1.7000000000000002,3.1,0.021,0.25,1.5,-0.4589537947000099,-45.89537947000099,590.96,636.8499999999999,0.9279422155923689,-0.13513010866568612,2.8245961176406915,25.0,6.0,19.0,24.0,94.39999999999999,0.0,-1.4269302511500246,-142.69302511500246,63.95,206.64,0.3094754161827333,-1.7414282799235445,1.8242815780000274,7.0,1.0,6.0,14.285714285714286,25.93,0.0
39,-10.0,68,11,72.0,35.0,8,18,2.5,11,25,1.4,2.8,0.022000000000000002,0.25,2.5,0.40062668400003526,40.06266840000353,1782.81,1742.74,1.022992529006048,0.07924597670801581,8.40545050756197,32.0,12.0,20.0,37.5,199.44,0.0,1.2307410611499836,123.07410611499836,622.47,499.40000000000003,1.246435722867441,0.37008793170658655,3.8069701803660094,13.0,6.0,7.0,46.15384615384615,81.91,0.0
40,-10.0,132,15,61.0,43.0,16,8,3.7,8,29,1.9000000000000001,2.4000000000000004,0.03,0.4,2.0,10.350283884699984,1035.0283884699984,7982.800000000001,6947.789999999999,1.148969672370639,0.528888817076896,10.031836112158185,98.0,37.0,61.0,37.755102040816325,784.14,0.0,5.2785628820499735,527.8562882049973,3313.7200000000003,2785.86,1.1894782939559059,0.7139926929648788,10.465540125550394,47.0,18.0,29.0,38.297872340425535,382.92,0.0
44,-10.0,32,10,59.0,33.0,12,13,2.6,4,36,1.4,1.9,0.017,0.25,2.0,-5.286179059899914,-528.6179059899914,1903.33,2431.9700000000003,0.7826288975604139,-0.7943876055192363,6.72075640733728,82.0,28.0,54.0,34.146341463414636,404.05,0.0,7.422338738349972,742.2338738349972,1175.51,433.30000000000007,2.7129240710823903,2.636106088111618,1.5039921255926227,28.0,16.0,12.0,57.142857142857146,144.03,0.0
47,-10.0,52,7,61.0,34.0,11,11,2.7,6,41,1.2000000000000002,2.5,0.022000000000000002,0.35,2.5,2.3030152511000233,230.30152511000233,4641.599999999999,4411.29,1.0522092177118256,0.2212785570274223,16.240729869363545,86.0,28.0,58.0,32.55813953488372,771.93,0.0,3.957040900349985,395.70409003499844,1890.4099999999999,1494.7099999999998,1.2647336272587995,0.7958905681210954,5.8524824706999965,33.0,12.0,21.0,36.36363636363637,288.43,0.0
54,-10.0,44,8,59.0,38.0,14,10,3.1,8,43,1.5,1.8,0.026000000000000002,0.3,2.0,-7.578489040900004,-757.8489040900004,2510.98,3268.7999999999997,0.768165687714146,-0.7886334027473171,11.113232536578764,88.0,33.0,55.0,37.5,500.03,0.0,0.31288392960001143,31.288392960001147,1164.77,1133.5,1.0275871195412438,0.11752267472919088,6.744717520331581,35.0,16.0,19.0,45.714285714285715,206.9,0.0
56,-10.0,48,9,62.0,36.0,11,11,2.6,7,47,1.2000000000000002,2.5,0.006,0.25,3.0,11.714784081749984,1171.4784081749985,5515.510000000001,4344.04,1.2696729311884791,1.1271666681644812,5.524332134801785,114.0,42.0,72.0,36.8421052631579,806.67,0.0,6.721762275050078,672.1762275050078,1973.0800000000002,1300.91,1.5166921616406976,1.5847791963511548,3.9055243304868164,38.0,15.0,23.0,39.473684210526315,257.67,0.0
60,-10.0,103,11,56.0,38.0,13,8,2.8,5,22,1.7000000000000002,2.1,0.025,0.35,2.5,-12.523119997800114,-1252.3119997800113,1648.53,2900.8399999999997,0.5682940113898044,-1.3014489874717865,16.365318442200095,48.0,14.0,34.0,29.166666666666668,387.81,0.0,2.9430213646999803,294.302136469998,1258.03,963.7199999999999,1.3053895322292783,0.8158034873800855,4.490134295654018,23.0,9.0,14.0,39.130434782608695,207.60999999999999,0.0
62,-10.0,120,16,63.0,44.0,15,12,2.9000000000000004,11,33,1.8,2.9000000000000004,0.017,0.3,1.0,0.5509517901499567,55.095179014995665,2167.8,2112.7499999999995,1.026056088036919,0.10922442342810651,5.042785097162676,83.0,23.0,60.0,27.710843373493976,248.04,0.0,1.2200412304999373,122.00412304999372,922.8999999999999,800.8899999999999,1.152343018392039,0.3968958035663319,4.259080876310862,34.0,11.0,23.0,32.35294117647059,101.56,0.0
66,-10.0,63,15,62.0,44.0,21,15,2.1,7,28,1.7000000000000002,3.0,0.019,0.25,1.5,5.929751046649944,592.9751046649944,956.0999999999999,363.09999999999997,2.6331589093913523,1.1861092675643992,2.155412220397566,18.0,7.0,11.0,38.888888888888886,69.69,0.0,-0.07238458669997272,-7.2384586699972715,212.54,219.77999999999997,0.9670579670579671,-0.010912751189721466,3.7623427697940937,9.0,2.0,7.0,22.22222222222222,33.480000000000004,0.0
68,-10.0,145,16,59.0,25.0,13,9,3.0,12,15,2.0,2.0,0.016,0.65,3.0,9.325164645499862,932.5164645499863,6718.83,5786.29,1.16116371630181,0.563861584933273,16.26479949215068,56.0,23.0,33.0,41.07142857142857,958.16,0.0,12.351248948799947,1235.1248948799948,3350.519999999999,2115.3699999999994,1.5838931250797732,1.6238783815143032,5.776313176899963,26.0,12.0,14.0,46.15384615384615,448.43,0.0
69,-10.0,82,10,61.0,42.0,12,11,1.3,6,19,1.6,2.3,0.009000000000000001,0.35,1.5,,,,,,,,,,,,,,,,,,,,,,,,,,
76,-10.0,48,10,60.0,32.0,14,10,2.3,8,27,1.3,2.8,0.019,0.25,2.0,7.267726035649957,726.7726035649957,3494.59,2767.8500000000004,1.2625648066188557,0.9843764162706851,4.646976770822193,102.0,37.0,65.0,36.27450980392157,535.28,0.0,3.321937934150064,332.19379341500644,1265.7900000000002,933.6,1.3558161953727508,1.1875937299212778,2.4564659036999545,31.0,11.0,20.0,35.483870967741936,156.03,0.0
80,-10.0,54,10,57.0,29.0,14,11,2.2,8,24,1.2000000000000002,3.3000000000000003,0.02,0.3,2.0,-3.7331129584500196,-373.31129584500195,1259.98,1633.28,0.7714415164576802,-0.6066244371743172,7.700438292944023,50.0,14.0,36.0,28.0,298.49,0.0,-4.065232448399947,-406.52324483999473,78.24,484.7699999999999,0.16139612599789593,-3.2557290757066437,4.065232448399947,12.0,1.0,11.0,8.333333333333334,70.67,0.0
85,-10.0,36,11,58.0,35.0,14,9,2.2,7,27,1.4,2.4000000000000004,0.018000000000000002,0.3,2.5,-2.6746400862000885,-267.4640086200088,4189.509999999999,4456.929999999999,0.9399990576473043,-0.20711449019173558,8.945267960485424,107.0,37.0,70.0,34.57943925233645,782.29,0.0,5.850865349300021,585.086534930002,1862.67,1277.6000000000001,1.457944583594239,1.300861712086908,4.50191725190179,32.0,14.0,18.0,43.75,236.65,0.0
88,-10.0,30,10,59.0,30.0,13,9,2.0,9,21,1.3,3.5,0.023000000000000003,0.3,2.5,0.7309394454998801,73.09394454998801,5656.62,5583.52,1.013092099607416,0.10201498823377018,15.809844695753686,104.0,28.0,76.0,26.923076923076923,832.41,0.0,-2.5348689678999836,-253.48689678999835,1383.83,1637.32,0.8451799281753108,-0.5242458265459513,9.91218532982391,37.0,10.0,27.0,27.027027027027028,266.86,0.0
90,-10.0,42,11,60.0,31.0,12,10,2.2,10,29,1.3,2.9000000000000004,0.024,0.35,3.0,10.509652812049989,1050.965281204999,7680.299999999999,6629.320000000001,1.1585351137069864,0.6737916944859155,10.67307731327809,98.0,32.0,66.0,32.6530612244898,1121.7,0.0,4.666980548850042,466.69805488500424,2155.8100000000004,1689.1000000000001,1.2763069090047956,0.7815235667519399,8.010279072466044,26.0,12.0,14.0,46.15384615384615,269.35,0.0
102,-10.0,50,8,63.0,26.0,12,7,1.8,8,26,1.2000000000000002,3.5,0.03,0.35,2.5,12.146086049749885,1214.6086049749883,5608.86,4394.29,1.2763973247100213,0.8268839177772459,10.14971742198361,74.0,25.0,49.0,33.78378378378378,705.5600000000001,0.0,9.320533901800008,932.0533901800009,2327.34,1395.2900000000002,1.6679973338875789,1.3973167174712298,8.209094129320116,27.0,8.0,19.0,29.62962962962963,237.13,0.0
105,-10.0,46,7,64.0,20.0,12,6,1.7000000000000002,7,27,1.2000000000000002,3.2,0.028,0.35,3.0,4.238879487699978,423.8879487699978,4946.389999999999,4522.53,1.0937218769140282,0.3402573721365583,12.326701029193739,75.0,24.0,51.0,32.0,809.69,0.0,25.35015131470003,2535.0151314700033,4513.670000000001,1978.65,2.2811866676774573,3.0052724394266073,6.243488021226842,34.0,14.0,20.0,41.1764705882353,400.59,0.0
115,-10.0,64,9,63.0,29.0,11,8,2.1,8,27,1.3,3.0,0.028,0.3,3.0,20.042040100199973,2004.2040100199974,7128.14,5123.93,1.391147029721327,1.1782412970891696,10.74684576962809,80.0,25.0,55.0,31.25,829.05,0.0,6.7111384663499845,671.1138466349985,1942.1299999999999,1271.0499999999997,1.527972935761772,1.3134733145342143,5.843914934685673,29.0,10.0,19.0,34.48275862068966,270.04,0.0
127,-10.0,44,7,67.0,29.0,12,19,2.0,18,22,1.1,2.6,0.012,0.4,4.0,,,,,,,,,,,,,,-1.8301080631500009,-183.01080631500008,0.0,183.01,0.0,-1.7730080620391904,1.8301080631500009,2.0,0.0,2.0,0.0,27.52,0.0
136,-10.0,61,7,66.0,27.0,12,8,2.2,19,21,1.5,2.8,0.012,0.35,2.0,7.401248623300126,740.1248623300125,4878.9,4138.7300000000005,1.1788398856654092,0.6311695259108043,8.887574078096169,83.0,25.0,58.0,30.120481927710845,595.75,0.0,0.9388403836499674,93.88403836499674,1087.35,993.45,1.0945191001056922,0.2699084452536719,5.188641615516133,23.0,8.0,15.0,34.78260869565217,160.83,0.0
139,-10.0,59,7,68.0,27.0,13,8,2.3,20,19,1.5,2.7,0.012,0.45,2.0,25.95754408195002,2595.754408195002,11176.289999999999,8580.5,1.3025219975525901,1.344555028331468,7.659743881851277,121.0,42.0,79.0,34.710743801652896,1171.21,0.0,4.661286136600047,466.1286136600047,2412.38,1946.22,1.2395207119441791,0.6957060388016236,7.9327558949461165,36.0,12.0,24.0,33.333333333333336,315.96999999999997,0.0
142,-10.0,56,7,65.0,30.0,12,8,2.2,19,21,1.3,2.9000000000000004,0.014000000000000002,0.35,2.0,10.984469338200014,1098.4469338200015,7134.869999999999,6036.399999999999,1.1819743555761713,0.7212789799421138,13.147520826036535,112.0,36.0,76.0,32.142857142857146,895.35,0.0,-6.398326797100053,-639.8326797100053,1133.19,1773.0300000000002,0.639126241518756,-1.069759249034552,7.522922708027603,35.0,8.0,27.0,22.857142857142858,232.94,0.0
169,-10.0,53,8,65.0,32.0,15,7,1.9,14,25,1.4,2.9000000000000004,0.026000000000000002,0.45,2.0,6.89474169735011,689.474169735011,6389.0599999999995,5699.5599999999995,1.1209742506439093,0.5222639633115617,16.927935593660678,81.0,26.0,55.0,32.098765432098766,802.39,0.0,1.42972501500004,142.972501500004,1752.8200000000002,1609.8500000000001,1.0888095164145728,0.3118369798667819,6.56585689571187,28.0,9.0,19.0,32.142857142857146,254.28,0.0
258,-10.0,109,10,64.0,22.0,9,10,1.5,20,27,1.5,2.6,0.024,0.65,4.0,-2.535729752899988,-253.5729752899988,0.0,253.57,0.0,-0.7964610891961537,2.9233708971644137,1.0,0.0,1.0,0.0,13.5,0.0,,,,,,,,,,,,,
