trial,score,ema_period,rsi_period,rsi_overbought,rsi_oversold,atr_period,consolidation_candles,consolidation_atr_mult,swing_lookback,volume_sma_period,volume_mult,risk_reward_ratio,risk_per_trade_pct,max_position_allocation_pct,leverage,tr_return_pct,tr_net_pnl,tr_gross_profit,tr_gross_loss,tr_pf,tr_sharpe,tr_max_dd,tr_trades,tr_wins,tr_losses,tr_win_rate,tr_fees,tr_blocked,va_return_pct,va_net_pnl,va_gross_profit,va_gross_loss,va_pf,va_sharpe,va_max_dd,va_trades,va_wins,va_losses,va_win_rate,va_fees,va_blocked
297,0.493114757093214,120,20,58.0,26.0,7,6,3.2,13,49,1.2000000000000002,2.5,0.027,0.5,3.0,67.71586902580037,6771.586902580038,31945.129999999997,25173.620000000003,1.2689923022592695,1.4475241499009568,21.300920946462448,211.0,80.0,131.0,37.91469194312796,4492.45,0.0,12.372430417149918,1237.2430417149917,9901.59,8664.380000000001,1.1427926752981747,0.7896070020226438,22.140798122360206,76.0,26.0,50.0,34.21052631578947,1219.47,0.0
291,0.44334635843454867,120,20,58.0,27.0,7,6,3.2,14,50,1.2000000000000002,2.7,0.027,0.5,3.0,51.1274625612001,5112.74625612001,29099.179999999997,23986.46,1.2131502522673208,1.1602772937007824,23.06573210228708,196.0,71.0,125.0,36.224489795918366,4008.99,0.0,13.570006299199958,1357.0006299199958,9758.02,8401.02,1.1615280049327343,0.8307429215316636,22.231740251274744,71.0,23.0,48.0,32.394366197183096,1153.84,0.0
295,0.43575783192153583,120,20,58.0,27.0,7,6,3.2,14,49,1.2000000000000002,2.7,0.027,0.5,3.0,48.5081219350501,4850.812193505009,29289.21,24438.4,1.1984913087599842,1.1178946291871978,20.638298004073132,199.0,71.0,128.0,35.678391959798994,4103.41,0.0,13.570006299199958,1357.0006299199958,9758.02,8401.02,1.1615280049327343,0.8307429215316636,22.231740251274744,71.0,23.0,48.0,32.394366197183096,1153.84,0.0
299,0.43021555007879075,114,20,58.0,26.0,7,6,3.2,13,47,1.2000000000000002,2.5,0.027,0.5,3.0,64.09170212725029,6409.170212725028,32359.579999999994,25950.43,1.246976639693446,1.3555251453116446,20.829296627589912,227.0,87.0,140.0,38.32599118942731,4625.23,0.0,10.165206397549754,1016.5206397549755,10331.589999999998,9315.01,1.1091335382356002,0.6715300028486633,24.284820784441216,85.0,28.0,57.0,32.94117647058823,1339.57,0.0
290,0.42546218976880035,115,20,58.0,27.0,7,6,3.2,13,50,1.2000000000000002,2.7,0.028,0.5,3.0,64.89614851204988,6489.614851204988,30725.300000000003,24235.73,1.2677687034803575,1.3511642848474434,21.609345259524392,206.0,76.0,130.0,36.89320388349515,4166.91,0.0,9.606812343949768,960.6812343949769,9964.13,9003.460000000001,1.1067000908539604,0.6345478362555372,24.651224677752374,78.0,24.0,54.0,30.76923076923077,1247.45,0.0
287,0.4235958766898833,114,20,58.0,26.0,8,6,3.5,13,47,1.2000000000000002,2.7,0.029,0.45,3.0,62.466330666499815,6246.633066649982,28603.22,22356.6,1.2794083179016489,1.3855107182727588,18.459295755212846,215.0,78.0,137.0,36.27906976744186,3820.71,0.0,9.948915522149782,994.8915522149782,9410.720000000001,8415.84,1.1182151751934448,0.6661710375386052,23.426691242208815,81.0,25.0,56.0,30.864197530864196,1175.47,0.0
257,0.4127740009126011,127,19,59.0,27.0,17,7,3.7,16,49,1.1,2.9000000000000004,0.029,0.45,2.0,39.95919279700005,3995.919279700005,18122.180000000004,14126.320000000002,1.2828663091307575,1.3212357675705058,17.607605588428644,189.0,61.0,128.0,32.27513227513227,2272.28,0.0,12.903744013999912,1290.3744013999913,6218.42,4928.05,1.261841905013139,1.0703573061938327,14.215862416178048,72.0,28.0,44.0,38.888888888888886,692.87,0.0
172,0.3850864951252992,144,20,58.0,31.0,17,5,3.6,17,44,1.3,2.9000000000000004,0.03,0.55,3.5,40.14209097619989,4014.209097619989,25836.37,21822.14,1.1839521696772177,0.9228441027905615,23.767908936206343,146.0,47.0,99.0,32.19178082191781,3593.58,0.0,13.184812061550055,1318.4812061550056,9087.32,7768.87,1.1697093657121305,0.7820818084161877,26.437514986160377,62.0,20.0,42.0,32.25806451612903,1163.6100000000001,0.0
266,0.36599122316151095,121,20,59.0,27.0,7,6,3.5,14,47,1.1,2.8,0.028,0.45,2.0,34.790223170200115,3479.0223170200115,19434.040000000005,15955.08,1.218047167422539,1.0777624116451228,16.38467731775928,214.0,71.0,143.0,33.177570093457945,2366.61,0.0,15.588941215200048,1558.8941215200048,7179.339999999999,5620.48,1.277353535641084,1.1515677096033097,15.50494783841731,81.0,30.0,51.0,37.03703703703704,774.73,0.0
268,0.3524748478598905,120,20,58.0,26.0,7,6,3.5,14,48,1.1,2.8,0.028,0.45,2.0,33.92388118000008,3392.388118000008,18286.27,14893.88,1.2277707353624443,1.1464436965739144,16.198402011490494,213.0,73.0,140.0,34.27230046948357,2377.09,0.0,11.63614041164994,1163.614041164994,6507.8899999999985,5344.2699999999995,1.2177322627786393,0.933008031385219,15.521561517144292,79.0,27.0,52.0,34.177215189873415,756.66,0.0
184,0.33610410797459617,143,19,60.0,32.0,17,6,3.8000000000000003,18,43,1.3,2.9000000000000004,0.028,0.55,2.5,34.15301569139999,3415.3015691399996,21627.679999999997,18212.4,1.1875249829786296,0.8999374731386623,22.186205237115804,159.0,50.0,109.0,31.446540880503143,2691.12,0.0,11.094542060000059,1109.4542060000058,7572.389999999999,6462.97,1.1716579219770475,0.7594165831896017,21.149954977014797,62.0,21.0,41.0,33.87096774193548,854.52,0.0
283,0.3330559430159274,114,20,59.0,26.0,7,6,3.6,15,50,1.2000000000000002,2.8,0.028,0.5,2.0,50.95430699139997,5095.430699139997,21032.149999999998,15936.66,1.3197338714636566,1.3354284111027874,16.149573634271494,204.0,70.0,134.0,34.31372549019608,2474.48,0.0,7.8509453693499935,785.0945369349993,7543.9800000000005,6758.870000000001,1.1161599498140962,0.6185910063215239,19.122449970255037,80.0,25.0,55.0,31.25,840.12,0.0
206,0.33038644211660567,140,19,59.0,32.0,17,7,3.7,17,47,1.1,2.9000000000000004,0.03,0.5,2.0,43.1073175116999,4310.731751169989,18686.239999999998,14375.54,1.2998635181704477,1.3422620882506253,15.181962271468624,176.0,56.0,120.0,31.818181818181817,2306.63,0.0,8.83794531905005,883.794531905005,5756.44,4872.63,1.1813825387932184,0.7478022067838811,16.31723699299154,67.0,25.0,42.0,37.3134328358209,718.82,0.0
221,0.3271388360199809,128,19,59.0,28.0,18,7,3.8000000000000003,16,50,1.0,2.9000000000000004,0.03,0.45,2.0,30.827335096299997,3082.7335096299994,18581.53,15498.839999999998,1.1988981110844426,1.077598115852738,18.579646217814314,214.0,67.0,147.0,31.30841121495327,2463.65,0.0,12.525924481599922,1252.5924481599923,6120.480000000001,4867.870000000001,1.2573219909323792,1.0458928336837496,13.35883646442309,72.0,28.0,44.0,38.888888888888886,694.97,0.0
263,0.32166190685565343,121,20,59.0,27.0,10,6,3.5,14,48,1.1,2.8,0.028,0.45,2.0,30.94791465980019,3094.791465980019,18130.999999999996,15036.18,1.2058248837138152,0.9961464050884182,17.56984720794722,208.0,68.0,140.0,32.69230769230769,2253.34,0.0,11.545565203749902,1154.5565203749902,6731.539999999999,5577.02,1.2070137815535893,0.9013652193160714,15.499365801619582,80.0,28.0,52.0,35.0,750.74,0.0
265,0.3158423442919031,117,20,59.0,27.0,7,6,3.5,14,47,1.1,2.8,0.028,0.45,2.0,30.25318024695009,3025.3180246950087,18805.02,15779.72,1.191720765640962,0.9594023229391289,17.269286548038888,218.0,72.0,146.0,33.027522935779814,2320.49,0.0,12.30929661739994,1230.9296617399941,7373.600000000001,6142.659999999999,1.2003920125808694,0.9345481201577642,17.931332876983227,85.0,30.0,55.0,35.294117647058826,810.88,0.0
285,0.31464635438463096,115,20,59.0,25.0,7,6,3.6,13,49,1.2000000000000002,2.6,0.029,0.45,2.0,47.59848960850013,4759.848960850013,19835.45,15075.59,1.3157329165890026,1.4281963718885713,15.048466170210817,218.0,79.0,139.0,36.23853211009175,2419.79,0.0,7.433599755599789,743.3599755599789,6883.620000000001,6140.24,1.1210669289799748,0.6428576766934304,16.874319496100483,83.0,27.0,56.0,32.53012048192771,781.38,0.0
202,0.30711093318223753,140,19,59.0,30.0,17,6,3.7,17,46,1.1,2.8,0.03,0.45,2.0,28.484849494900118,2848.484949490012,15315.490000000002,12466.929999999998,1.2284892912689815,1.0683966112707717,13.988952422661008,179.0,56.0,123.0,31.28491620111732,1963.65,0.0,10.482742342500005,1048.2742342500005,5545.830000000001,4497.589999999999,1.2330670425716888,0.9073336861242975,15.915711247172194,70.0,26.0,44.0,37.142857142857146,651.97,0.0
220,0.3024283476485939,130,19,59.0,30.0,18,7,3.8000000000000003,16,50,1.0,2.9000000000000004,0.03,0.45,2.0,28.642784483699906,2864.2784483699907,18318.49,15454.25,1.1853367196725821,1.0194108676977245,18.691176177791498,213.0,65.0,148.0,30.516431924882628,2444.65,0.0,10.808213636850033,1080.8213636850032,5659.81,4579.000000000001,1.2360362524568682,0.9409231788945981,13.739612551232858,70.0,26.0,44.0,37.142857142857146,668.02,0.0
125,0.3016575127073071,140,20,61.0,33.0,21,5,3.8000000000000003,12,44,1.3,2.6,0.025,0.65,1.0,26.26898997199993,2626.8989971999927,12824.94,10198.070000000003,1.2575850136349325,1.1957028414262887,14.371149289544194,178.0,59.0,119.0,33.146067415730336,1462.53,0.0,10.743646489499987,1074.3646489499988,4974.59,3900.21,1.275467218431828,1.172717955992556,14.779818564923062,73.0,27.0,46.0,36.986301369863014,490.31,0.0
273,0.3006980323590756,120,20,57.0,26.0,8,6,3.5,14,48,1.1,2.8,0.027,0.45,2.0,28.434711624550257,2843.4711624550255,16287.510000000002,13444.11,1.211497823210313,1.0577016007138522,14.750642858933357,209.0,71.0,138.0,33.97129186602871,2244.39,0.0,9.206729543499968,920.6729543499969,6251.52,5330.88,1.172699441743202,0.8274551092079664,14.708730945106794,79.0,25.0,54.0,31.645569620253166,778.19,0.0
269,0.297905259464351,118,20,58.0,26.0,7,6,3.3000000000000003,14,47,1.1,2.6,0.028,0.45,2.0,28.353783591949906,2835.3783591949905,17265.309999999998,14429.89,1.1964963003875981,1.0233257969208431,18.473704154662272,225.0,80.0,145.0,35.55555555555556,2362.52,0.0,9.537618145299893,953.7618145299894,6832.37,5878.63,1.1622384807344568,0.7986978236391684,17.901648228774132,85.0,29.0,56.0,34.11764705882353,805.04,0.0
171,0.29450011791011627,143,20,58.0,31.0,17,5,3.6,17,44,1.3,2.9000000000000004,0.029,0.55,2.0,28.549796782499854,2854.979678249985,15034.23,12179.269999999999,1.2344114220310414,0.983211105160229,15.376396888032692,148.0,46.0,102.0,31.08108108108108,1940.54,0.0,8.469085556000136,846.9085556000136,5532.84,4685.94,1.180732147658741,0.7140932663910118,17.094413785510707,61.0,20.0,41.0,32.78688524590164,673.11,0.0
213,0.29409745884961475,134,19,59.0,30.0,18,7,3.8000000000000003,16,48,1.0,3.0,0.03,0.5,2.0,28.524566621600044,2852.4566621600043,20361.710000000003,17509.3,1.1629082830267345,0.9227260010398212,18.40041515632564,201.0,61.0,140.0,30.34825870646766,2692.65,0.0,10.666121381249976,1066.6121381249977,6228.680000000001,5162.06,1.2066268117766938,0.8566048579587693,14.293887214257433,67.0,23.0,44.0,34.32835820895522,726.82,0.0
259,0.2862150604768149,137,19,59.0,27.0,17,6,3.6,16,50,1.1,2.9000000000000004,0.028,0.45,4.5,26.025803890299905,2602.5803890299903,32063.140000000007,29460.559999999998,1.0883411584844283,0.6426454479084498,30.31340515835416,182.0,55.0,127.0,30.21978021978022,4694.23,0.0,21.02268166695008,2102.2681666950084,11854.29,9752.039999999999,1.2155702806797348,1.0091879548589262,28.277592582607987,67.0,24.0,43.0,35.82089552238806,1439.95,0.0
210,0.28535123113729627,134,19,60.0,31.0,17,7,3.7,16,49,1.0,2.9000000000000004,0.03,0.5,2.0,27.805223105850054,2780.5223105850055,20360.860000000004,17580.35,1.1581601048898347,0.8655729026902492,26.06927578761244,204.0,63.0,141.0,30.88235294117647,2598.15,0.0,10.540004590949993,1054.0004590949993,6666.75,5612.720000000002,1.1877930842799922,0.8407089168583849,11.673994943182715,73.0,26.0,47.0,35.61643835616438,783.45,0.0
211,0.28535123113729627,134,19,60.0,31.0,17,7,3.7,16,49,1.0,2.9000000000000004,0.03,0.5,2.0,27.805223105850054,2780.5223105850055,20360.860000000004,17580.35,1.1581601048898347,0.8655729026902492,26.06927578761244,204.0,63.0,141.0,30.88235294117647,2598.15,0.0,10.540004590949993,1054.0004590949993,6666.75,5612.720000000002,1.1877930842799922,0.8407089168583849,11.673994943182715,73.0,26.0,47.0,35.61643835616438,783.45,0.0
231,0.2836298995267078,129,19,59.0,31.0,18,7,3.7,17,50,1.0,2.8,0.03,0.45,2.0,24.913534408600135,2491.3534408600135,17423.320000000003,14931.98,1.1668459239832898,0.9200962826795576,18.67492010664969,211.0,66.0,145.0,31.27962085308057,2343.11,0.0,15.515250711400002,1551.5250711400004,6214.679999999999,4663.139999999999,1.332724301650819,1.272233509857772,11.563891641031118,71.0,28.0,43.0,39.436619718309856,696.33,0.0
238,0.2775622558714846,130,19,59.0,31.0,18,7,3.8000000000000003,15,48,1.0,2.8,0.029,0.45,2.0,26.051059890249945,2605.1059890249944,17476.0,14870.91,1.1751802680535355,0.9649056261766294,16.341306226172087,219.0,68.0,151.0,31.050228310502284,2442.64,0.0,9.813842841849983,981.3842841849983,5555.330000000001,4573.959999999999,1.2145558771830103,0.8685246324996491,13.745805457574683,71.0,27.0,44.0,38.028169014084504,679.37,0.0
150,0.2689402130716114,148,19,59.0,32.0,17,5,3.6,16,41,1.2000000000000002,2.8,0.029,0.65,1.5,24.92313804374986,2492.313804374986,15005.470000000001,12513.13,1.1991779834461882,0.962691952956869,15.455128134791027,175.0,53.0,122.0,30.285714285714285,2059.75,0.0,8.808616924300058,880.8616924300059,5436.889999999999,4556.009999999999,1.1933446151347342,0.7533160018286299,16.2342476470334,63.0,22.0,41.0,34.92063492063492,633.81,0.0
203,0.26281373654001045,140,19,59.0,30.0,17,7,3.7,17,46,1.1,2.9000000000000004,0.029,0.45,2.0,37.73647108720001,3773.6471087200007,16334.69,12561.02,1.3004270353840692,1.326146423628358,13.742855357047382,175.0,55.0,120.0,31.428571428571427,2011.46,0.0,6.858013894399938,685.8013894399937,5065.07,4379.3,1.1565935195122508,0.6538767021008802,14.804924195201124,67.0,24.0,43.0,35.82089552238806,638.84,0.0
226,0.25424230372988166,127,19,59.0,30.0,17,7,3.9000000000000004,16,49,1.0,2.9000000000000004,0.03,0.45,2.0,21.949783927800162,2194.9783927800163,17604.579999999998,15409.61,1.1424416322022424,0.7986187564401268,18.404247018169567,216.0,66.0,150.0,30.555555555555557,2367.65,0.0,15.472905064349979,1547.290506434998,6765.95,5218.650000000001,1.2964943040824732,1.2185733931607863,13.348987350699204,75.0,30.0,45.0,40.0,733.58,0.0
261,0.2538866739903058,132,20,59.0,26.0,17,6,3.6,15,50,1.1,2.9000000000000004,0.028,0.5,2.0,35.908332248349964,3590.833224834996,19259.72,15668.880000000001,1.2291701768090635,1.1096415219914593,20.47582090654479,188.0,59.0,129.0,31.382978723404257,2467.84,0.0,7.265438407350029,726.543840735003,6183.37,5456.840000000001,1.133141158619274,0.6287385800589802,16.512320112946703,71.0,24.0,47.0,33.80281690140845,729.94,0.0
242,0.2482427349249816,131,19,59.0,31.0,18,7,3.7,17,49,1.0,2.8,0.03,0.45,2.0,22.17111554095003,2217.111554095003,17287.32,15070.18,1.1471210031996963,0.8374764419762357,19.074137343148273,212.0,65.0,147.0,30.660377358490567,2355.77,0.0,12.153001239850001,1215.300123985,5754.81,4539.51,1.267716119140612,1.0403329389001383,12.961039171771294,70.0,27.0,43.0,38.57142857142857,676.47,0.0
249,0.24364746995358888,134,19,59.0,28.0,17,7,3.7,16,50,1.1,2.7,0.03,0.4,2.0,22.911246742300026,2291.1246742300027,13538.669999999996,11247.529999999999,1.2037016127096347,0.9955640083672588,15.31188468777577,191.0,61.0,130.0,31.93717277486911,1834.63,0.0,6.712596450049932,671.2596450049932,4382.85,3711.57,1.1808614683274195,0.7024731712049733,12.390606403929617,64.0,23.0,41.0,35.9375,531.9,0.0
164,0.24031650227837975,148,20,63.0,29.0,16,5,3.8000000000000003,15,44,1.3,2.8,0.03,0.7,1.0,21.98072624870003,2198.072624870003,13557.65,11359.590000000002,1.1934981808322305,0.9219387745301283,15.943852218256335,181.0,57.0,124.0,31.49171270718232,1462.57,0.0,7.001553909250033,700.1553909250033,4934.4400000000005,4234.3099999999995,1.1653468924098616,0.7256940494450588,16.461698719433993,71.0,23.0,48.0,32.394366197183096,487.13,0.0
271,0.23836741985449272,118,20,58.0,26.0,8,6,3.3000000000000003,14,48,1.1,2.8,0.028,0.45,2.0,22.62798897699997,2262.798897699997,16371.830000000002,14109.04,1.1603787359026554,0.8326773425855525,17.19107825984784,210.0,70.0,140.0,33.333333333333336,2209.84,0.0,7.433252098649919,743.3252098649918,6339.96,5596.630000000001,1.132817427630556,0.6456998066826755,18.013592241923337,81.0,26.0,55.0,32.098765432098766,758.13,0.0
170,0.23495739540459237,144,20,59.0,31.0,17,5,3.6,17,44,1.3,2.9000000000000004,0.029,0.55,1.5,37.256656554150034,3725.665655415003,13332.550000000001,9606.859999999999,1.3878155817821851,1.438381603977961,11.621207375562614,151.0,50.0,101.0,33.11258278145695,1536.55,0.0,5.477733029649936,547.7733029649935,4571.79,4024.04,1.1361194222721445,0.5813207690933687,13.481624336883819,65.0,21.0,44.0,32.30769230769231,538.43,0.0
85,0.23399827109733576,140,21,63.0,32.0,18,6,3.7,11,41,1.4,3.4000000000000004,0.022000000000000002,0.7,1.0,21.06250314335002,2106.2503143350023,13679.640000000001,11573.46,1.1819836073222703,0.8659787310041681,16.058736347779153,163.0,43.0,120.0,26.380368098159508,1372.54,0.0,8.354483937150071,835.4483937150071,5148.5,4313.05,1.1937028321025724,0.7616892393997161,16.070973359462496,63.0,15.0,48.0,23.80952380952381,449.29,0.0
219,0.23055371302945118,129,19,59.0,28.0,18,7,3.8000000000000003,16,49,1.0,3.0,0.029,0.45,2.0,19.24994532724999,1924.9945327249989,17742.33,15817.350000000002,1.1217005377006894,0.7299366563846542,18.391127763762803,209.0,62.0,147.0,29.66507177033493,2408.25,0.0,15.71240304979987,1571.2403049799868,6413.54,4842.3099999999995,1.324479432337046,1.2817562255813937,11.365555704544747,72.0,27.0,45.0,37.5,715.81,0.0
214,0.2298946027569048,134,19,59.0,30.0,18,7,3.9000000000000004,16,50,1.0,3.0,0.03,0.5,2.0,21.336392313199976,2133.6392313199976,19032.340000000004,16898.65,1.1262639323259551,0.7285347769521869,18.087155473325765,201.0,61.0,140.0,30.34825870646766,2538.43,0.0,10.495574828100034,1049.5574828100034,6266.4400000000005,5216.880000000001,1.2011853828341843,0.835421474589463,14.313281314157484,67.0,23.0,44.0,34.32835820895522,715.65,0.0
197,0.22722421130843598,142,19,60.0,30.0,17,6,3.8000000000000003,17,46,1.1,2.9000000000000004,0.03,0.45,2.5,22.25730100009994,2225.730100009994,18462.290000000005,16236.52,1.1370841781366945,0.7069625963523334,22.32248325570535,181.0,53.0,128.0,29.281767955801104,2386.16,0.0,7.455518892150104,745.5518892150103,6744.02,5998.479999999999,1.12428815299876,0.5874911136499137,19.497479813960517,70.0,25.0,45.0,35.714285714285715,788.91,0.0
241,0.22497634047189985,128,19,59.0,31.0,17,7,3.8000000000000003,17,49,1.0,2.8,0.03,0.45,2.0,18.611240678550203,1861.1240678550203,16683.3,14822.18,1.125563176266919,0.7235873130381333,18.421878931004095,216.0,67.0,149.0,31.01851851851852,2291.48,0.0,15.320657481149954,1532.0657481149956,6524.740000000001,4992.68,1.3068612448624788,1.2299011839395835,13.46341664669753,72.0,30.0,42.0,41.666666666666664,709.48,0.0
83,0.2236290798240863,144,20,63.0,32.0,19,6,3.9000000000000004,11,41,1.3,3.7,0.025,0.7,1.0,19.94641984729991,1994.6419847299912,12814.279999999999,10819.64,1.184353638383532,0.7912680941616721,16.222673689944873,164.0,43.0,121.0,26.21951219512195,1319.82,0.0,8.66845744885004,866.845744885004,5449.339999999999,4582.5,1.1891631205673756,0.8254929278622225,15.873511026155928,70.0,18.0,52.0,25.714285714285715,495.55,0.0
189,0.2233223958079295,141,19,60.0,32.0,18,6,3.8000000000000003,18,43,1.2000000000000002,3.3000000000000003,0.03,0.5,2.5,19.013320209249997,1901.3320209249996,20095.770000000004,18194.43,1.1045012127337874,0.5927911024780094,25.15882799003929,159.0,43.0,116.0,27.044025157232703,2523.67,0.0,16.713159315300107,1671.3159315300109,8402.960000000001,6731.589999999999,1.2482875516779843,1.0224492364710436,20.239830766708106,65.0,20.0,45.0,30.76923076923077,870.6,0.0
232,0.22061733874759326,127,19,59.0,31.0,17,7,3.8000000000000003,17,50,1.0,2.8,0.03,0.45,2.0,19.96273160620016,1996.273160620016,16840.739999999998,14844.5,1.134476742227761,0.7591103575873221,18.65373962724124,216.0,67.0,149.0,31.01851851851852,2290.31,0.0,9.82500846734998,982.500846734998,6103.35,5120.83,1.1918673340064014,0.8399636831907599,13.482034819949929,73.0,28.0,45.0,38.35616438356164,698.0,0.0
251,0.22003262406796342,135,19,59.0,28.0,17,7,3.7,16,49,1.1,2.7,0.029,0.4,2.0,20.57900070734993,2057.9000707349933,12903.980000000001,10846.05,1.189740043610347,0.9186026001779315,14.956921318276287,187.0,59.0,128.0,31.550802139037433,1775.28,0.0,6.029386380849956,602.9386380849955,4294.27,3691.3199999999997,1.1633426524928754,0.6431573620495075,12.386355104681183,64.0,23.0,41.0,35.9375,532.81,0.0
245,0.21936130465030512,132,19,59.0,31.0,19,7,3.7,17,49,0.9,2.8,0.03,0.45,2.0,18.68705580134996,1868.7055801349961,17488.22,15619.52,1.119638759705804,0.7133481844934981,19.8716542083987,223.0,68.0,155.0,30.493273542600896,2424.43,0.0,13.640209615200039,1364.0209615200038,6022.790000000001,4658.749999999999,1.2927909847061985,1.1396965942440243,12.763431477209922,72.0,27.0,45.0,37.5,707.3,0.0
198,0.2170544458636573,139,19,60.0,30.0,17,7,3.7,17,46,1.1,2.9000000000000004,0.03,0.45,2.0,29.00182304744998,2900.182304744998,16151.31,13251.13,1.2188628441498952,1.0041295742206597,18.653368503008764,178.0,54.0,124.0,30.337078651685392,1961.17,0.0,6.455312327600023,645.5312327600022,5439.950000000001,4794.43,1.1346395713359045,0.6098355168455157,14.856608243828981,71.0,25.0,46.0,35.2112676056338,667.53,0.0
244,0.21493024262002786,128,19,59.0,30.0,18,7,3.7,17,48,1.0,2.7,0.03,0.45,2.0,18.02506034734997,1802.5060347349972,16557.999999999996,14755.519999999997,1.12215631844896,0.7231320196606429,19.036601772499562,218.0,69.0,149.0,31.65137614678899,2338.77,0.0,13.460862453549963,1346.0862453549962,6217.970000000001,4871.900000000001,1.2762926168435313,1.1098919600578505,13.54523284560272,73.0,30.0,43.0,41.0958904109589,711.23,0.0
193,0.2120729280272399,141,19,60.0,32.0,18,6,3.6,18,45,1.3,3.2,0.03,0.45,2.5,19.097960325650075,1909.7960325650074,17212.179999999997,15302.439999999999,1.1247997051450618,0.6389132084046635,23.42298506351517,153.0,41.0,112.0,26.797385620915033,2153.64,0.0,11.320524937650008,1132.0524937650007,6576.0,5443.95,1.2079464359518364,0.8240260573188001,19.589814758167076,61.0,19.0,42.0,31.147540983606557,704.3,0.0
215,0.2056991694568299,134,19,59.0,30.0,18,7,3.9000000000000004,16,49,1.0,3.0,0.03,0.5,2.0,17.753123366599958,1775.3123366599957,18665.660000000003,16890.32,1.1051099091077021,0.633380312760203,18.31494999788243,201.0,60.0,141.0,29.850746268656717,2525.04,0.0,13.082433113949937,1308.2433113949937,6571.0199999999995,5262.77,1.248585820774991,1.0006664827986824,14.293887214257433,67.0,24.0,43.0,35.82089552238806,729.75,0.0
182,0.2056360582236736,143,19,60.0,29.0,17,5,3.6,18,42,1.3,3.1,0.029,0.55,2.5,17.458010563449932,1745.8010563449934,20774.579999999998,19028.76,1.0917463880988567,0.5422620592627612,26.2277750452587,152.0,43.0,109.0,28.289473684210527,2625.62,0.0,15.714080835500116,1571.4080835500117,8071.899999999999,6500.51,1.2417333409224813,0.9607550956924878,21.25650902171484,61.0,20.0,41.0,32.78688524590164,862.16,0.0
192,0.19440836424042118,142,19,60.0,32.0,18,6,3.7,18,45,1.3,3.2,0.03,0.5,2.5,16.12168997245013,1612.168997245013,18516.699999999997,16904.539999999997,1.0953684631465868,0.5328914959082296,25.622492274854224,154.0,40.0,114.0,25.974025974025974,2373.91,0.0,15.125037774400043,1512.5037774400043,7631.589999999999,6119.1,1.2471752381886223,0.9751720753334232,19.814526402558315,62.0,20.0,42.0,32.25806451612903,805.41,0.0
278,0.19238045925084318,121,20,58.0,25.0,10,6,3.5,15,48,1.1,2.7,0.028,0.45,2.0,29.62399076224998,2962.3990762249978,17308.03,14345.68,1.2064977052325159,1.053821817445851,16.26975871484163,212.0,73.0,139.0,34.43396226415094,2290.67,0.0,5.758766443349959,575.876644334996,5729.88,5153.969999999999,1.1117410462226207,0.5394895127846466,15.951935907156258,78.0,26.0,52.0,33.333333333333336,719.39,0.0
163,0.19133387674118418,145,20,63.0,31.0,17,5,3.8000000000000003,17,44,1.3,2.8,0.03,0.65,1.0,24.627097619650105,2462.7097619650103,13289.050000000001,10826.33,1.2274750538732886,1.0650780602920458,15.754713749980406,177.0,57.0,120.0,32.20338983050848,1342.73,0.0,5.571356649949976,557.1356649949976,4621.81,4064.669999999999,1.1370689379457621,0.61487145726422,15.520903626993988,70.0,22.0,48.0,31.428571428571427,444.66,0.0
97,0.18891524318351574,125,21,62.0,32.0,20,4,3.7,12,45,1.7000000000000002,2.9000000000000004,0.025,0.65,1.0,16.596317308050057,1659.6317308050056,10809.779999999999,9150.140000000001,1.1813786455726358,0.7670494428100318,10.764103001868767,149.0,48.0,101.0,32.214765100671144,1096.92,0.0,5.416895109800062,541.6895109800062,3856.95,3315.2000000000003,1.163413972007722,0.6355933776965076,13.584322523397713,57.0,17.0,40.0,29.82456140350877,369.69,0.0
229,0.18405133836689458,121,19,59.0,30.0,16,7,3.9000000000000004,16,48,1.0,2.9000000000000004,0.029,0.4,2.0,15.590317709750162,1559.0317709750161,15392.91,13833.93,1.1126924886854277,0.6441069189100167,19.05543589535234,226.0,66.0,160.0,29.20353982300885,2078.53,0.0,10.481506528199953,1048.1506528199952,5822.160000000001,4773.98,1.2195610371220662,0.9155929469243033,14.044078198410158,75.0,29.0,46.0,38.666666666666664,634.61,0.0
288,0.1837617226446841,106,20,58.0,24.0,9,6,3.5,13,47,1.2000000000000002,2.6,0.028,0.45,3.5,18.049577771449933,1804.957777144993,29392.17,27587.15,1.065429738120828,0.5249996366680412,25.76261816711749,237.0,81.0,156.0,34.177215189873415,4264.52,0.0,8.207240866349911,820.7240866349912,11576.199999999999,10755.449999999999,1.0763101497380398,0.5586388330590196,26.213550890257014,94.0,29.0,65.0,30.851063829787233,1577.83,0.0
274,0.1832716661712658,120,20,57.0,25.0,7,6,3.2,14,47,1.1,2.7,0.027,0.45,2.0,22.37437808915003,2237.437808915003,15621.43,13383.919999999998,1.1671789729765272,0.8965339934583991,15.059981687896451,213.0,73.0,140.0,34.27230046948357,2257.62,0.0,5.558488183899844,555.8488183899844,5922.1,5366.28,1.1035764067473186,0.5559141679068846,14.782729805113359,79.0,24.0,55.0,30.379746835443036,773.58,0.0
149,0.18152223574115034,144,20,61.0,32.0,17,5,3.6,17,12,1.2000000000000002,2.8,0.028,0.65,1.5,17.132474730100096,1713.2474730100093,18354.72,16641.46,1.1029513035514915,0.6094349132970083,23.19357919453476,194.0,56.0,138.0,28.8659793814433,2298.2,0.0,6.94267887015003,694.267887015003,6676.83,5982.53,1.1160545789156093,0.5844859666406591,22.080509495591844,74.0,24.0,50.0,32.432432432432435,709.46,0.0
145,0.18116854371158175,145,19,61.0,32.0,17,5,3.6,17,41,1.3,2.9000000000000004,0.028,0.55,1.0,22.621779100000058,2262.177910000006,9768.12,7505.97,1.3013801014392543,1.2646723981485275,9.907195080643,165.0,53.0,112.0,32.121212121212125,1064.25,0.0,4.860577179200027,486.0577179200027,3454.8199999999997,2968.7700000000004,1.1637210023006157,0.6529043332174409,12.391622998782779,60.0,20.0,40.0,33.333333333333336,328.23,0.0
222,0.17630428199899692,128,19,58.0,28.0,18,7,3.8000000000000003,16,50,0.9,2.9000000000000004,0.03,0.45,2.0,15.448659594549863,1544.8659594549863,16449.609999999997,14904.78,1.1036466153811058,0.6246025781737474,19.01929614112539,218.0,65.0,153.0,29.81651376146789,2344.3,0.0,8.85629146344998,885.6291463449979,5832.349999999999,4946.72,1.1790337840023286,0.8312675683400937,14.308210205990642,74.0,28.0,46.0,37.83783783783784,718.1,0.0
100,0.17583922995141488,131,20,60.0,30.0,18,5,3.7,13,45,1.7000000000000002,3.0,0.028,0.65,1.0,13.736977752949969,1373.697775294997,8704.4,7330.7300000000005,1.1873851580947599,0.7348295973637835,15.37485484953062,134.0,40.0,94.0,29.850746268656717,956.27,0.0,8.066796667699982,806.6796667699982,3541.79,2735.100000000001,1.2949398559467657,0.9466007038149864,11.235448953536105,50.0,16.0,34.0,32.0,332.09,0.0
162,0.17564190203003244,145,20,62.0,31.0,17,5,3.8000000000000003,15,44,1.3,2.8,0.03,0.65,1.0,28.119012540500027,2811.9012540500025,12996.84,10184.93,1.2760853535566763,1.2152841933850824,14.170190794811846,175.0,56.0,119.0,32.0,1337.6,0.0,4.9382943373999115,493.82943373999115,4166.910000000001,3673.080000000001,1.1344457512496324,0.5758817510951895,15.90219935456114,67.0,21.0,46.0,31.34328358208955,426.03,0.0
185,0.1728460206869269,142,18,60.0,31.0,17,6,3.8000000000000003,18,43,1.3,3.2,0.028,0.55,2.5,13.057065385799978,1305.7065385799979,18700.639999999996,17394.97,1.0750602041854624,0.4609368796376161,23.307807283621116,151.0,43.0,108.0,28.47682119205298,2483.72,0.0,16.964566195299994,1696.4566195299994,8405.46,6708.99,1.2528651853706743,1.0190142008744265,21.15461113585739,61.0,20.0,41.0,32.78688524590164,868.26,0.0
143,0.17233570613450375,145,20,62.0,33.0,20,5,3.7,19,39,1.3,3.1,0.025,0.6000000000000001,1.0,14.594076644500092,1459.4076644500092,10710.699999999999,9251.220000000001,1.1577608142493636,0.7375230235663311,13.47562162371089,163.0,45.0,118.0,27.607361963190183,1121.57,0.0,5.841645673250059,584.1645673250059,3980.1299999999997,3395.96,1.1720191050542408,0.6772255490913358,14.26187182846392,60.0,18.0,42.0,30.0,357.78,0.0
239,0.16632711333060649,130,19,59.0,30.0,18,7,4.0,15,48,1.0,2.9000000000000004,0.029,0.5,5.0,2.237387391500106,223.7387391500106,39948.32,39724.58,1.0056322810713165,0.2538782854954836,38.531366610154485,217.0,65.0,152.0,29.953917050691246,6483.57,0.0,45.80275306939997,4580.275306939997,17238.2,12657.939999999999,1.3618487684409946,1.6418941595319039,28.856443975457886,71.0,28.0,43.0,39.436619718309856,2039.14,0.0
279,0.16544035022681725,117,20,60.0,26.0,8,6,3.5,15,47,1.1,2.9000000000000004,0.028,0.45,2.0,14.779804318399984,1477.9804318399983,17658.57,16180.61,1.09134142655932,0.5391092881667092,24.263750910254306,221.0,66.0,155.0,29.86425339366516,2166.38,0.0,8.630704311249975,863.0704311249974,7302.8,6439.75,1.134019177763112,0.6875014477963612,19.427568825694454,85.0,27.0,58.0,31.764705882352942,790.85,0.0
267,0.16437778090494373,116,20,59.0,26.0,17,6,3.5,14,47,1.1,2.8,0.028,0.45,2.0,15.640685196049924,1564.0685196049926,16148.4,14584.33,1.1072431849800437,0.6006759587577982,20.66787997436932,211.0,64.0,147.0,30.33175355450237,2254.5,0.0,4.711622698899991,471.16226988999915,6608.830000000001,6137.679999999999,1.0767635328006675,0.45082905383994654,18.77980097258805,89.0,30.0,59.0,33.70786516853933,812.21,0.0
289,0.16428310775713956,113,20,57.0,25.0,8,6,3.5,13,49,1.2000000000000002,2.6,0.029,0.45,3.0,29.74473735519996,2974.473735519996,22851.3,19876.84,1.1496445108981106,0.849725457344578,20.662991078411196,211.0,75.0,136.0,35.54502369668246,3500.74,0.0,5.42388086599989,542.388086599989,8473.8,7931.39,1.068387760531256,0.45513510937640445,20.572205920789997,81.0,23.0,58.0,28.395061728395063,1193.52,0.0
293,0.16068803415949026,110,20,58.0,27.0,7,6,3.1,13,50,1.2000000000000002,2.7,0.027,0.5,3.0,35.537395257950024,3553.739525795003,27647.749999999996,24094.07,1.14749189323348,0.8797062954207903,23.467880561992025,220.0,77.0,143.0,35.0,3998.26,0.0,4.919552044699812,491.95520446998125,10019.08,9527.15,1.0516345391853807,0.41006198554099826,24.385997948430475,87.0,25.0,62.0,28.735632183908045,1377.66,0.0
254,0.1600763411213671,136,19,59.0,30.0,17,7,3.7,17,49,0.9,2.8,0.029,0.35,2.0,12.06365273000005,1206.365273000005,12068.220000000001,10861.869999999999,1.1110628280397392,0.6212135132268511,15.346824724223984,220.0,66.0,154.0,30.0,1716.54,0.0,11.154604515350092,1115.4604515350093,4615.700000000001,3500.2300000000005,1.3186847721435448,1.1849932028636978,10.333770874497326,72.0,28.0,44.0,38.888888888888886,541.94,0.0
91,0.16003020193791678,147,20,64.0,33.0,19,5,3.8000000000000003,10,40,1.5,3.4000000000000004,0.026000000000000002,0.7,1.0,13.969753760250079,1396.9753760250078,12433.36,11036.42,1.1265754655948215,0.6296669910406799,17.54898947663649,160.0,43.0,117.0,26.875,1263.85,0.0,6.033676501550035,603.3676501550035,4671.74,4068.3799999999997,1.1483047306298821,0.6055435046173895,15.60608095863851,63.0,15.0,48.0,23.80952380952381,434.84,0.0
276,0.1573417252429762,119,20,58.0,26.0,8,6,3.5,14,48,1.1,2.9000000000000004,0.028,0.45,2.0,33.21621814805006,3321.6218148050066,18593.489999999998,15271.9,1.2174968406026754,1.1044970822092712,18.478759116101052,216.0,72.0,144.0,33.333333333333336,2411.16,0.0,4.466098699700033,446.6098699700033,6089.03,5642.389999999999,1.07915794548055,0.4323640653465606,18.2670838431885,80.0,25.0,55.0,31.25,735.44,0.0
181,0.1564369654166075,143,19,60.0,31.0,17,5,3.7,18,42,1.3,3.1,0.029,0.55,2.0,12.716588753299948,1271.6588753299948,15772.54,14500.799999999997,1.0877013682003753,0.4709610077363997,20.898767480887585,155.0,44.0,111.0,28.387096774193548,1952.79,0.0,11.700885645550116,1170.0885645550115,6443.56,5273.44,1.2218893170302498,0.8610042290772395,17.74739249390526,61.0,20.0,41.0,32.78688524590164,686.96,0.0
250,0.15327622291907408,133,19,59.0,27.0,17,7,3.7,16,50,1.1,2.7,0.03,0.35,2.0,21.81145812155002,2181.145812155002,11704.089999999998,9522.94,1.229041661503695,1.070461523564637,13.390056051528454,189.0,62.0,127.0,32.804232804232804,1558.44,0.0,4.589159068100016,458.9159068100016,3777.06,3318.15,1.1383029700284797,0.559918346569577,10.929475933870492,65.0,23.0,42.0,35.38461538461539,464.49,0.0
218,0.15179444649829016,134,19,59.0,30.0,18,7,3.9000000000000004,16,49,1.0,3.1,0.03,0.5,2.0,11.538032356399963,1153.8032356399963,17856.36,16702.600000000002,1.069076670697975,0.45683198139085324,21.914112531813597,199.0,57.0,142.0,28.64321608040201,2450.67,0.0,13.759651288050081,1375.9651288050081,6629.300000000001,5253.35,1.2619185852836763,1.0406519432982624,14.30171137156936,66.0,23.0,43.0,34.84848484848485,717.74,0.0
169,0.1501326467792285,144,20,60.0,32.0,17,5,3.7,17,42,1.3,2.9000000000000004,0.029,0.55,1.0,25.581410504800097,2558.1410504800097,9578.459999999997,7020.280000000001,1.3643985709971678,1.3784889682376702,11.795516237676903,159.0,53.0,106.0,33.333333333333336,1008.81,0.0,3.936682824999971,393.6682824999971,3209.6600000000003,2815.99,1.1397980816693243,0.5717444378411365,10.298499768354334,64.0,21.0,43.0,32.8125,348.67,0.0
175,0.15006282665028603,144,20,59.0,29.0,16,5,3.6,16,44,1.3,3.1,0.03,0.55,3.0,12.799064122049986,1279.9064122049986,21083.75,19803.820000000003,1.064630460183944,0.42902675277083174,28.846391438452102,148.0,41.0,107.0,27.7027027027027,2890.0,0.0,10.851664713000046,1085.1664713000046,8982.34,7897.200000000001,1.13740819530973,0.6734296126270461,24.391740659908677,64.0,19.0,45.0,29.6875,1058.7,0.0
135,0.1498975220379583,143,19,61.0,31.0,21,4,3.7,19,40,1.3,2.2,0.027,0.6000000000000001,1.0,11.842150328350073,1184.2150328350072,9414.179999999998,8229.85,1.1439066325631693,0.6971308922538183,11.065857973489052,181.0,66.0,115.0,36.46408839779006,1207.45,0.0,5.918420623499988,591.8420623499987,3899.86,3308.0,1.1789177750906892,0.7618385069256159,11.651677524443558,66.0,26.0,40.0,39.39393939393939,399.24,0.0
115,0.1454341203148318,138,21,63.0,34.0,20,4,3.9000000000000004,12,45,1.3,2.4000000000000004,0.025,0.65,1.0,11.846089219600053,1184.6089219600053,12865.190000000002,11680.61,1.1014142240858997,0.5882567487638265,13.83049237414209,200.0,67.0,133.0,33.5,1480.39,0.0,7.652411976950043,765.2411976950043,5027.68,4262.45,1.17952820560945,0.8003526849885382,15.18036501584337,76.0,25.0,51.0,32.89473684210526,489.73,0.0
282,0.14500684852869283,124,20,60.0,27.0,10,6,3.5,15,47,1.1,2.7,0.028,0.45,2.0,19.11704197035002,1911.704197035002,18345.320000000003,16433.63,1.1163279202464704,0.6775344372338215,21.872525468754763,222.0,70.0,152.0,31.53153153153153,2300.47,0.0,4.803492551399867,480.3492551399868,6253.550000000001,5773.19,1.0832052989768224,0.4591716798446285,18.957138008602954,81.0,27.0,54.0,33.333333333333336,736.24,0.0
225,0.1439592031162692,130,19,59.0,28.0,18,7,3.8000000000000003,16,48,0.9,3.0,0.029,0.45,2.0,9.33440276229976,933.440276229976,17705.65,16772.24,1.0556520774804081,0.4108475626576089,22.05655276504875,226.0,64.0,162.0,28.31858407079646,2486.57,0.0,17.503599299749876,1750.3599299749876,6462.9,4712.56,1.3714202047294886,1.3662612350097276,14.3463419661227,72.0,26.0,46.0,36.111111111111114,723.15,0.0
159,0.14099628304361128,140,20,64.0,33.0,17,4,3.8000000000000003,15,41,1.4,2.6,0.029,0.65,1.0,11.872019577300053,1187.2019577300052,12275.230000000001,11087.97,1.1070764080350146,0.5722437187121908,14.02549660606571,185.0,61.0,124.0,32.972972972972975,1311.4,0.0,6.190773087799971,619.0773087799971,4632.38,4013.28,1.1542628473468086,0.6448607613849531,15.353508055382184,66.0,21.0,45.0,31.818181818181817,418.22,0.0
134,0.14047411704383445,141,20,61.0,33.0,21,4,3.7,20,40,1.4,2.4000000000000004,0.025,0.65,1.0,20.126066746099987,2012.6066746099987,10500.45,8487.820000000002,1.237119778694647,0.9805314509212006,12.947678557900655,161.0,54.0,107.0,33.54037267080745,1200.95,0.0,4.305690761250007,430.5690761250007,4058.69,3628.1199999999994,1.118675788011422,0.5302110995011987,15.631268336728038,60.0,21.0,39.0,35.0,385.48,0.0
107,0.1395733776137933,138,21,62.0,30.0,18,6,3.9000000000000004,13,43,1.4,3.0,0.029,0.65,1.0,12.100218463649998,1210.0218463649999,11288.19,10078.150000000001,1.1200656866587617,0.6018269005983478,14.269507414290844,166.0,46.0,120.0,27.710843373493976,1225.71,0.0,4.2579782241499196,425.79782241499197,4469.81,4044.02,1.1052887967913116,0.4918142253912197,15.752904793609815,65.0,18.0,47.0,27.692307692307693,427.23,0.0
113,0.13539123558684368,140,21,63.0,31.0,18,6,3.9000000000000004,12,47,1.4,2.7,0.026000000000000002,0.65,1.0,10.229943942850115,1022.9943942850114,11571.410000000002,10548.36,1.0969866405773032,0.5259497739962501,15.816385224745144,177.0,57.0,120.0,32.20338983050848,1316.99,0.0,9.261825076450023,926.1825076450023,4775.139999999999,3848.9099999999994,1.24064735210748,0.9332702259246841,14.510077255948984,65.0,21.0,44.0,32.30769230769231,420.33,0.0
168,0.13277321397551833,146,19,64.0,34.0,16,5,3.8000000000000003,15,41,1.1,2.8,0.03,0.7,1.0,11.715607167200051,1171.560716720005,13924.490000000002,12752.940000000002,1.0918650915004697,0.5283686005284206,20.487427935174477,209.0,61.0,148.0,29.1866028708134,1605.3,0.0,5.053008209549989,505.3008209549989,5448.39,4943.1,1.1022212781452934,0.5247774263726892,15.048668424306735,83.0,27.0,56.0,32.53012048192771,575.33,0.0
122,0.12984319077257198,138,21,62.0,32.0,20,5,3.7,12,45,1.3,2.5,0.026000000000000002,0.65,1.0,10.62382220425019,1062.382220425019,12015.95,10953.529999999999,1.096993389345718,0.5499442873669731,16.323062848996248,188.0,59.0,129.0,31.382978723404257,1407.7,0.0,6.093294013300056,609.3294013300056,4621.599999999999,4012.2400000000002,1.1518752616992003,0.6963583276992901,15.587202703824918,74.0,25.0,49.0,33.78378378378378,485.46,0.0
116,0.1241286971428855,138,21,63.0,34.0,20,6,3.9000000000000004,12,45,1.3,2.4000000000000004,0.026000000000000002,0.65,1.0,9.801512743600014,980.1512743600015,12063.509999999998,11083.29,1.0884412480409695,0.5138579727457698,14.639218989998723,194.0,63.0,131.0,32.47422680412371,1431.85,0.0,6.99369483209999,699.3694832099991,4965.88,4266.51,1.163920862719178,0.7451972764627219,15.203713804636282,76.0,25.0,51.0,32.89473684210526,487.35,0.0
136,0.12337868102015463,143,19,61.0,31.0,18,4,3.7,20,40,1.5,2.2,0.027,0.6000000000000001,1.0,9.587271015399947,958.7271015399947,8136.22,7177.450000000001,1.1335808678569685,0.6051422191621639,11.153184588080938,159.0,57.0,102.0,35.84905660377358,1031.65,0.0,4.217528722849984,421.7528722849984,3615.7999999999993,3194.0499999999997,1.132042391321363,0.5721035481193869,11.725893948000191,59.0,22.0,37.0,37.28813559322034,353.83,0.0
264,0.12279510975477537,122,20,58.0,26.0,12,6,3.5,14,48,1.1,2.6,0.028,0.5,4.0,11.788844433300147,1178.8844433300146,32340.29,31161.449999999997,1.037830075301374,0.400980753827732,37.436337377350775,212.0,70.0,142.0,33.0188679245283,5164.18,0.0,5.480384500050113,548.0384500050113,11003.93,10455.92,1.0524114568588896,0.4262201551638143,27.493068187833757,81.0,28.0,53.0,34.5679012345679,1583.95,0.0
152,0.12029796544124424,145,20,61.0,33.0,17,4,3.6,16,42,1.2000000000000002,2.9000000000000004,0.005,0.5,1.5,8.483154764849933,848.3154764849933,7276.12,6427.8,1.1319767260960203,0.7012725956608521,8.825057976588107,179.0,59.0,120.0,32.960893854748605,1054.66,0.0,4.21819323155003,421.8193231550031,2726.3,2304.4800000000005,1.1830434631673956,0.8240966484706745,8.28524781170614,67.0,22.0,45.0,32.83582089552239,326.44,0.0
160,0.11955191055496045,141,19,64.0,33.0,17,4,3.8000000000000003,15,41,1.4,2.6,0.029,0.65,1.0,21.750566462150072,2175.0566462150073,12727.840000000002,10552.810000000001,1.2061090837416764,0.9664625179951929,12.985566562111467,180.0,60.0,120.0,33.333333333333336,1349.03,0.0,4.050242241699962,405.02422416999616,4302.77,3897.74,1.1039140630211355,0.4694483786583719,15.369137407849978,65.0,21.0,44.0,32.30769230769231,411.75,0.0
114,0.1184592201514705,139,21,63.0,31.0,20,6,3.9000000000000004,12,45,1.4,2.5,0.026000000000000002,0.65,1.0,8.646540517949997,864.6540517949998,11056.980000000001,10192.32,1.0848344635961196,0.4750520970331668,13.287313729584586,182.0,58.0,124.0,31.86813186813187,1324.22,0.0,8.565795104850077,856.5795104850076,4890.43,4033.81,1.2123600268728572,0.8753983165531267,15.159225245814564,70.0,24.0,46.0,34.285714285714285,451.0,0.0
280,0.11821811311415392,122,20,56.0,27.0,7,6,3.4000000000000004,14,49,1.1,2.8,0.027,0.5,2.0,15.756831313650126,1575.6831313650127,14035.78,12460.09,1.1264589581616185,0.6509858205203753,13.394801695485786,192.0,61.0,131.0,31.770833333333332,2177.36,0.0,3.9528614794500934,395.28614794500936,5025.19,4629.880000000001,1.085382342522916,0.425920960893735,16.95093577709431,65.0,22.0,43.0,33.84615384615385,683.24,0.0
117,0.11481903179651942,138,21,63.0,35.0,20,6,4.0,12,45,1.3,2.4000000000000004,0.026000000000000002,0.65,1.0,8.836874324700037,883.6874324700038,12169.75,11286.11,1.0782944699280796,0.4694768180202233,14.635573263018053,196.0,64.0,132.0,32.6530612244898,1444.49,0.0,7.219207876600012,721.9207876600012,4967.94,4246.03,1.1700199951484092,0.7653048719318082,15.203713804636282,76.0,25.0,51.0,32.89473684210526,487.6,0.0
133,0.11186902854657446,140,20,62.0,32.0,21,5,3.9000000000000004,17,43,1.4,2.5,0.025,0.65,1.0,8.304059787600199,830.4059787600199,10410.740000000003,9580.359999999999,1.0866752397613455,0.45759115367276615,15.362872314396704,172.0,55.0,117.0,31.976744186046513,1205.58,0.0,7.397842791200074,739.7842791200073,4539.99,3800.15,1.1946870518269015,0.8317956294706506,15.675545486631453,65.0,23.0,42.0,35.38461538461539,424.68,0.0
63,0.10714729314622373,145,21,62.0,21.0,15,5,3.9000000000000004,6,36,0.7,4.0,0.019,0.7,1.0,9.681918162549973,968.1918162549973,15583.160000000002,14614.95,1.0662479173722799,0.4289835454549257,18.361671057702768,248.0,55.0,193.0,22.177419354838708,1967.88,0.0,3.7666323327998907,376.6632332799891,5930.700000000001,5554.08,1.067809610232478,0.41225843907077725,16.24082008951331,108.0,28.0,80.0,25.925925925925927,754.73,0.0
272,0.09608111270510838,114,20,58.0,25.0,7,6,3.4000000000000004,14,47,1.1,2.9000000000000004,0.028,0.45,2.0,27.43597421764984,2743.5974217649837,18142.48,15398.92,1.1781657414935593,0.941280305607923,18.081396038171352,225.0,74.0,151.0,32.888888888888886,2410.11,0.0,3.527351291299892,352.7351291299892,6262.83,5910.13,1.0596771983018987,0.3659597793774707,17.7366155343736,86.0,26.0,60.0,30.232558139534884,797.09,0.0
187,0.09599359884475803,142,18,59.0,31.0,17,6,3.8000000000000003,17,43,1.3,2.8,0.028,0.55,2.5,23.605174253949933,2360.5174253949936,16862.649999999998,14502.19,1.1627657615849742,0.7619195261613183,16.21363900689332,148.0,49.0,99.0,33.108108108108105,2333.28,0.0,3.8882463684499635,388.82463684499635,6790.450000000001,6401.6,1.0607426268432891,0.37626111004832924,20.390435846673995,63.0,20.0,43.0,31.746031746031747,884.3100000000001,0.0
82,0.0959316266742491,143,17,66.0,32.0,20,6,3.9000000000000004,11,47,1.3,3.7,0.024,0.75,1.0,7.548755927750007,754.8755927750008,12556.949999999999,11802.039999999999,1.0639643654825777,0.3524806950938284,20.328743502872246,160.0,38.0,122.0,23.75,1338.76,0.0,6.356621292349955,635.6621292349955,5627.3099999999995,4991.670000000001,1.1273401486877135,0.5882075659778918,18.981930069308184,66.0,15.0,51.0,22.727272727272727,495.12,0.0
129,0.09539552475446557,141,20,61.0,31.0,18,6,3.6,11,42,1.2000000000000002,2.5,0.025,0.65,1.0,17.279476409949947,1727.9476409949948,11800.38,10072.390000000001,1.1715570981663734,0.8648155653981148,16.769043545330625,193.0,61.0,132.0,31.60621761658031,1512.15,0.0,3.516268006250029,351.62680062500294,4268.43,3916.7900000000004,1.0897775984926432,0.4478799794265645,16.257032748882988,74.0,25.0,49.0,33.78378378378378,476.97,0.0
121,0.09522602938769051,145,20,65.0,34.0,20,6,3.9000000000000004,13,46,1.3,2.3,0.026000000000000002,0.65,1.0,7.692972362499932,769.2972362499931,11346.460000000001,10577.199999999999,1.0727281322089024,0.42086466479602325,12.793797065446489,191.0,65.0,126.0,34.031413612565444,1349.12,0.0,4.353058796499863,435.3058796499863,4598.17,4162.83,1.1045778953260161,0.5031964868296422,13.481208554945932,76.0,26.0,50.0,34.21052631578947,480.59000000000003,0.0
132,0.09472921110172436,148,21,64.0,34.0,19,6,3.8000000000000003,13,48,1.2000000000000002,2.2,0.028,0.65,1.0,7.90450381709994,790.450381709994,11531.900000000001,10741.44,1.0735897607769536,0.4317577644615916,14.198403427645209,202.0,74.0,128.0,36.633663366336634,1435.43,0.0,3.483606693749953,348.36066937499527,4495.1900000000005,4146.79,1.0840167937127274,0.42169427143650523,13.939375848025465,76.0,28.0,48.0,36.8421052631579,488.38,0.0
155,0.09444146043899557,141,20,60.0,31.0,16,4,3.7,16,40,1.3,3.0,0.028,0.65,2.0,29.580550596299943,2958.0550596299945,23575.16,20617.050000000003,1.1434788197147505,0.7990075579084197,24.231406954659874,159.0,47.0,112.0,29.559748427672957,2772.48,0.0,3.6156973814498996,361.56973814498997,6978.82,6617.250000000001,1.0546405228758169,0.3474512645905941,23.889962124388326,64.0,19.0,45.0,29.6875,792.56,0.0
212,0.09338892480957259,133,19,60.0,31.0,17,8,3.7,16,49,1.0,2.9000000000000004,0.03,0.5,2.0,8.042631303649795,804.2631303649796,16595.1,15790.86,1.0509307282820568,0.3582143040113674,25.49268541825705,201.0,58.0,143.0,28.855721393034827,2294.06,0.0,4.695572551749992,469.5572551749992,6309.5,5839.910000000001,1.0804104857780341,0.4554579602260206,11.69212365601227,75.0,25.0,50.0,33.333333333333336,783.53,0.0
179,0.08890046215135897,145,20,58.0,32.0,16,6,3.6,16,46,1.3,3.0,0.03,0.55,3.5,5.280372693649715,528.0372693649715,20946.63,20418.620000000003,1.0258592402424844,0.2750047952952506,31.204188076656152,143.0,40.0,103.0,27.972027972027973,3141.59,0.0,11.867229835599993,1186.7229835599992,8716.88,7530.12,1.1576017380865111,0.7109044870142406,26.433571439542753,58.0,18.0,40.0,31.03448275862069,1087.05,0.0
298,0.08565699115591,121,20,57.0,25.0,7,6,3.2,13,48,1.2000000000000002,2.5,0.027,0.5,3.0,33.493532873950386,3349.353287395039,24560.54,21211.239999999998,1.157902131134248,0.9066578070597335,20.723154221846297,196.0,71.0,125.0,36.224489795918366,3743.89,0.0,2.7415923817000474,274.15923817000476,7811.509999999998,7537.370000000001,1.0363707765440728,0.3007152992741916,21.853394636864707,71.0,22.0,49.0,30.985915492957748,1107.79,0.0
255,0.0856505320636172,131,19,60.0,31.0,16,7,3.6,15,47,1.0,2.9000000000000004,0.03,0.4,2.0,7.433001098900132,743.3001098900131,13847.470000000001,13104.260000000002,1.0567151445407827,0.36539259754176334,22.97058701865726,215.0,61.0,154.0,28.372093023255815,1909.57,0.0,3.226126680049947,322.6126680049947,4982.31,4659.74,1.0692248923759695,0.38113155038243235,12.479352998348153,77.0,26.0,51.0,33.76623376623377,627.35,0.0
71,0.08532410440811508,150,17,66.0,26.0,20,7,3.9000000000000004,7,47,1.1,3.8000000000000003,0.024,0.7,1.0,6.012734066299963,601.2734066299963,12865.43,12264.14,1.0490283052867955,0.3166517997917202,28.304875860386886,192.0,42.0,150.0,21.875,1554.36,0.0,7.4998484752499275,749.9848475249928,5467.19,4717.219999999999,1.1589855889697747,0.7536509323210661,15.204565322850726,87.0,24.0,63.0,27.586206896551722,623.45,0.0
131,0.08494157470045426,144,21,62.0,33.0,20,5,3.9000000000000004,18,44,1.4,2.4000000000000004,0.026000000000000002,0.65,1.0,7.075176450550007,707.5176450550007,10090.18,9382.599999999999,1.0754140643318486,0.41154149977538834,15.956307023408758,173.0,57.0,116.0,32.947976878612714,1200.98,0.0,2.432286041549978,243.2286041549978,4062.13,3818.9199999999996,1.0636855446042337,0.33178083279999326,15.399742420863472,66.0,22.0,44.0,33.333333333333336,418.62,0.0
234,0.08213286258153131,128,19,58.0,31.0,17,7,3.8000000000000003,16,49,0.9,2.8,0.03,0.45,2.0,5.733924098000098,573.3924098000098,14820.78,14247.3,1.0402518371902045,0.30348172187420414,19.26685916310225,222.0,66.0,156.0,29.72972972972973,2207.72,0.0,7.598708027599987,759.8708027599987,5727.290000000001,4967.360000000001,1.1529846840172648,0.7286221774268811,14.370416559216437,73.0,29.0,44.0,39.726027397260275,708.49,0.0
235,0.07730373078749045,129,18,59.0,29.0,17,7,3.8000000000000003,17,50,1.0,2.8,0.03,0.5,2.0,6.147098427100155,614.7098427100154,15300.379999999997,14685.73,1.041853554436858,0.30935671238607476,21.609114041385627,203.0,62.0,141.0,30.541871921182267,2225.73,0.0,4.873616911599948,487.36169115999473,6013.360000000001,5526.02,1.088190053600964,0.48566405349347946,12.187291021265356,73.0,27.0,46.0,36.986301369863014,781.79,0.0
13,0.07570431722580609,122,17,61.0,41.0,21,4,2.7,12,32,0.8,2.8,0.02,0.6000000000000001,1.0,14.49815259439998,1449.815259439998,12331.57,10881.779999999999,1.133230960375968,0.7186564324721524,15.958609888832843,263.0,77.0,186.0,29.277566539923953,1762.48,0.0,3.125578373900025,312.55783739000253,4397.25,4084.7100000000005,1.076514611808427,0.4092251317891999,13.520424451334629,99.0,32.0,67.0,32.323232323232325,594.17,0.0
147,0.07147887093130507,132,20,62.0,32.0,20,5,3.5,17,37,1.2000000000000002,2.9000000000000004,0.024,0.55,1.0,5.170542268549943,517.0542268549943,10416.609999999999,9899.49,1.052237034433087,0.3271947353319381,15.326416131141837,196.0,55.0,141.0,28.06122448979592,1172.48,0.0,4.567211613849959,456.72116138499587,3923.95,3467.2200000000003,1.1317280126441356,0.597334228900488,12.636560566928809,69.0,21.0,48.0,30.434782608695652,379.22,0.0
194,0.0706378238584576,140,19,60.0,32.0,18,7,3.6,18,45,1.3,3.2,0.03,0.5,2.5,4.995158339550162,499.5158339550162,17605.769999999997,17106.2,1.0292040312869015,0.263941445924325,28.157314277562882,155.0,40.0,115.0,25.806451612903224,2325.66,0.0,6.518080018900019,651.8080018900018,6351.44,5699.62,1.1143620100989189,0.5276634335633303,18.845682990899537,59.0,18.0,41.0,30.508474576271187,749.85,0.0
119,0.0702960337815128,135,21,63.0,35.0,20,6,3.8000000000000003,12,43,2.0,2.4000000000000004,0.027,0.6000000000000001,1.5,4.150381126849916,415.0381126849916,10261.150000000001,9846.11,1.0421526877111875,0.25510715417489477,16.169714567667697,122.0,40.0,82.0,32.78688524590164,1172.27,0.0,8.090913137899971,809.091313789997,5450.62,4641.530000000001,1.1743153658384196,0.773331764493691,15.043181902898054,61.0,22.0,39.0,36.0655737704918,555.25,0.0
124,0.0694912486966075,135,21,63.0,32.0,19,5,3.8000000000000003,13,42,1.4,2.5,0.029,0.65,1.0,5.217267598200051,521.7267598200051,11619.56,11097.79,1.047015667083266,0.3131592671526094,14.04094626376486,192.0,60.0,132.0,31.25,1363.99,0.0,4.203615147750024,420.36151477500243,4769.05,4348.7,1.096661071124704,0.4800020400829217,15.72986343680561,74.0,23.0,51.0,31.08108108108108,476.53,0.0
253,0.0668385440578798,132,18,60.0,28.0,17,8,3.8000000000000003,17,48,1.0,2.9000000000000004,0.03,0.4,2.0,4.383253121550133,438.3253121550133,12270.199999999999,11831.96,1.0370386647689815,0.2651200335626171,16.210370512183044,201.0,57.0,144.0,28.35820895522388,1737.98,0.0,6.398634683999953,639.8634683999953,5397.5599999999995,4757.6900000000005,1.1344917386378681,0.668783395007572,9.12769209856742,76.0,27.0,49.0,35.526315789473685,644.71,0.0
158,0.06639135230826225,145,21,62.0,33.0,18,5,3.5,18,39,1.3,3.2,0.027,0.25,1.5,4.539570616149922,453.9570616149922,5681.88,5227.93,1.0868316905543876,0.3622254563544801,8.580948895429655,154.0,42.0,112.0,27.272727272727273,599.54,0.0,2.6066387073500117,260.6638707350012,2374.78,2114.11,1.1233001121039115,0.48089184543904906,9.069050705048328,60.0,17.0,43.0,28.333333333333332,220.67,0.0
84,0.06594737284686637,141,21,63.0,31.0,18,6,3.9000000000000004,11,41,1.4,3.7,0.023000000000000003,0.7,1.0,3.382208346399948,338.2208346399948,10580.44,10242.179999999998,1.033026172162567,0.22062173017919814,23.174198140071738,155.0,38.0,117.0,24.516129032258064,1141.91,0.0,9.312736898950043,931.2736898950043,5399.28,4468.01,1.2084305988572093,0.8265009843316602,16.080046858574406,62.0,14.0,48.0,22.580645161290324,437.11,0.0
142,0.06266631622690604,140,19,63.0,32.0,19,5,3.8000000000000003,20,40,1.4,2.2,0.026000000000000002,0.65,1.0,3.9894904101000246,398.9490410100025,9875.46,9476.539999999999,1.0420955327577366,0.2660371605316428,16.275899413208897,176.0,60.0,116.0,34.09090909090909,1199.85,0.0,5.742824017950024,574.2824017950024,4284.96,3710.6899999999996,1.1547609743740384,0.6683081967629159,14.007080599970479,65.0,23.0,42.0,35.38461538461539,425.69,0.0
161,0.06051053313748947,135,20,64.0,32.0,17,4,3.7,16,42,1.4,2.6,0.029,0.65,1.0,4.708233184100117,470.8233184100118,11813.810000000001,11342.97,1.0415094106746294,0.2828459481025177,15.714375595899616,185.0,58.0,127.0,31.35135135135135,1288.97,0.0,3.086554125399944,308.65541253999436,4520.93,4212.27,1.0732764044090242,0.3680527570494489,15.527392468050063,67.0,20.0,47.0,29.850746268656717,420.97,0.0
101,0.05628526301002151,131,20,60.0,30.0,18,5,3.7,13,47,1.7000000000000002,2.7,0.028,0.65,1.0,4.316596571000045,431.65965710000455,7595.34,7163.639999999999,1.0602626597651474,0.2948023640461276,15.981214674764088,136.0,39.0,97.0,28.676470588235293,926.03,0.0,1.7675676114000272,176.7567611400027,3034.4399999999996,2857.6600000000003,1.0618618030136542,0.2757114183806853,11.239941154660123,53.0,16.0,37.0,30.18867924528302,343.58,0.0
130,0.05291138483576921,134,21,62.0,32.0,21,7,4.0,10,46,1.3,2.6,0.027,0.65,1.0,11.235594705700006,1123.5594705700005,12321.46,11197.81,1.100345513988896,0.5743969279910917,13.760103974064048,191.0,58.0,133.0,30.36649214659686,1438.05,0.0,2.559788232250012,255.97882322500118,4214.93,3958.96,1.0646558692181787,0.34362839079638374,14.709726381003302,76.0,24.0,52.0,31.57894736842105,493.13,0.0
96,0.05231349308426264,134,21,62.0,32.0,19,4,3.7,12,45,1.5,3.7,0.025,0.65,1.0,4.018715067600024,401.8715067600024,10162.17,9760.25,1.0411792730718987,0.24529936630845658,20.443896378278467,148.0,36.0,112.0,24.324324324324323,1032.27,0.0,2.599863996149925,259.9863996149925,4054.23,3794.2199999999993,1.068527918781726,0.33544430075765863,14.520397463128326,59.0,13.0,46.0,22.033898305084747,374.48,0.0
66,0.05190421444746973,144,18,66.0,23.0,20,7,4.0,7,42,1.0,4.0,0.024,0.7,1.0,2.800552375299831,280.05523752998306,13636.840000000002,13356.789999999999,1.02096686404443,0.198662465156556,23.88195540190922,209.0,49.0,160.0,23.444976076555022,1633.08,0.0,6.7568460527000385,675.6846052700039,5465.429999999999,4789.7699999999995,1.1410631408188703,0.6410774744202608,12.22814840989739,76.0,17.0,59.0,22.36842105263158,543.64,0.0
70,0.048659525671481844,150,17,66.0,27.0,19,7,3.9000000000000004,7,44,1.1,3.7,0.024,0.7,1.0,3.0408568067500164,304.08568067500164,12449.8,12145.68,1.0250393555568729,0.20799209639288732,29.539955676442354,193.0,42.0,151.0,21.761658031088082,1526.96,0.0,4.823329216300026,482.3329216300026,5163.370000000001,4681.03,1.103041424643722,0.5229254819934052,15.026190384569782,84.0,23.0,61.0,27.38095238095238,594.66,0.0
94,0.04787453587382857,140,16,67.0,35.0,19,4,3.9000000000000004,10,41,1.6,3.6,0.024,0.7,1.0,2.8640334111500305,286.40334111500306,10730.34,10443.960000000003,1.02742063355279,0.20179079767598743,21.383316251298794,149.0,38.0,111.0,25.503355704697988,1118.12,0.0,4.998232918899994,499.8232918899994,4637.58,4137.77,1.120792117493239,0.5135834032007802,15.098298657662959,62.0,15.0,47.0,24.193548387096776,427.56,0.0
148,0.047246801747868994,147,19,60.0,33.0,21,5,3.8000000000000003,18,38,1.3,3.1,0.023000000000000003,0.55,1.0,2.0779324897499825,207.79324897499828,7175.12,6967.339999999999,1.0298219980652588,0.18350170870085938,12.466954118448331,167.0,43.0,124.0,25.748502994011975,969.1,0.0,6.84799635935009,684.7996359350091,3188.4399999999996,2503.65,1.2735166656681243,0.9544344316810526,9.166766294332728,59.0,20.0,39.0,33.898305084745765,329.03,0.0
118,0.04644729852492306,138,21,63.0,34.0,19,4,4.0,12,44,1.3,2.2,0.026000000000000002,0.65,1.0,2.4608055911000704,246.08055911000702,11036.410000000002,10790.380000000001,1.0228008652151268,0.1902151883022019,12.193508705636296,203.0,71.0,132.0,34.97536945812808,1386.76,0.0,5.810271150199934,581.0271150199933,4700.26,4119.17,1.1410696815135088,0.6524895753907153,13.248996913014622,75.0,26.0,49.0,34.666666666666664,482.58,0.0
281,0.04588550099981856,112,20,58.0,27.0,7,6,3.5,14,48,1.1,2.9000000000000004,0.028,0.45,2.0,20.935697946199998,2093.56979462,17377.309999999998,15283.689999999999,1.1369839351622546,0.7544133149980008,19.020807969082117,228.0,75.0,153.0,32.89473684210526,2358.69,0.0,2.9137332239499667,291.37332239499665,6250.13,5958.73,1.04890303806348,0.32347680357672226,17.37932093288002,91.0,26.0,65.0,28.571428571428573,834.09,0.0
58,0.04235873426670965,150,19,64.0,20.0,16,5,3.8000000000000003,10,35,0.8,3.9000000000000004,0.019,0.75,1.0,-0.376456867299803,-37.6456867299803,14297.46,14335.04,0.9973784516820322,0.09645407352710302,30.594248441907162,214.0,48.0,166.0,22.429906542056074,1759.12,0.0,13.477794497749965,1347.7794497749965,6831.679999999999,5483.900000000001,1.2457703459216978,1.0845099347298317,15.587137011938312,88.0,23.0,65.0,26.136363636363637,670.9,0.0
157,0.040744262723504954,143,20,61.0,30.0,16,4,3.4000000000000004,17,43,1.2000000000000002,2.9000000000000004,0.028,0.6000000000000001,1.0,30.40565218165004,3040.565218165004,12428.420000000002,9387.87,1.3238807098947898,1.3787807828189598,12.8963096667781,173.0,54.0,119.0,31.213872832369944,1271.55,0.0,0.7405574767500547,74.05574767500548,3875.6399999999994,3801.5800000000004,1.019481373534162,0.1568230326069592,16.100283088537374,70.0,21.0,49.0,30.0,401.12,0.0
67,0.03961493346807662,147,18,66.0,24.0,20,7,3.9000000000000004,7,47,1.0,4.0,0.025,0.75,1.0,0.5133347269999468,51.33347269999467,14244.579999999998,14193.279999999999,1.0036143865265816,0.12339128714937288,27.30727097370711,213.0,47.0,166.0,22.065727699530516,1777.66,0.0,9.83019578965006,983.0195789650061,6051.91,5068.899999999999,1.1939296494308433,0.8389463420799991,13.379570950928313,77.0,18.0,59.0,23.376623376623378,599.35,0.0
138,0.03449371229157303,147,19,60.0,33.0,18,4,3.7,20,39,1.5,2.1,0.028,0.6000000000000001,1.5,2.3437072769499716,234.37072769499719,9655.75,9421.38,1.0248763981497404,0.18370010985898239,17.614239698139748,161.0,57.0,104.0,35.40372670807454,1438.41,0.0,2.1383720150000225,213.83720150000227,4327.110000000001,4113.23,1.0519980647812062,0.2856510679506912,13.439151918331769,56.0,22.0,34.0,39.285714285714285,504.18,0.0
223,0.03028343406771149,128,18,59.0,27.0,18,8,3.8000000000000003,16,48,1.0,2.9000000000000004,0.029,0.45,2.0,2.0015351966000527,200.15351966000526,12653.259999999998,12453.130000000001,1.0160706585412662,0.16872957246669734,19.491979346102017,196.0,58.0,138.0,29.591836734693878,1907.73,0.0,2.076381071349879,207.63810713498788,5197.09,4989.4400000000005,1.0416178969984606,0.27550127907684513,12.883310287551591,74.0,26.0,48.0,35.13513513513514,692.28,0.0
112,0.029342504628807373,124,20,60.0,33.0,17,5,3.6,13,43,1.6,2.9000000000000004,0.022000000000000002,0.6000000000000001,1.0,0.7743818135000765,77.43818135000765,6951.450000000001,6874.0199999999995,1.0112641511080853,0.10683849434996771,13.864375334236279,147.0,40.0,107.0,27.210884353741495,916.81,0.0,5.8178307019999735,581.7830701999974,3806.64,3224.85,1.1804083910879575,0.7361768434286213,10.918438298809525,62.0,20.0,42.0,32.25806451612903,373.31,0.0
90,0.02727939546931015,143,21,69.0,29.0,19,5,3.8000000000000003,13,42,1.5,3.1,0.022000000000000002,0.7,1.5,0.9999140565501694,99.99140565501693,15396.570000000002,15296.559999999998,1.006538071304921,0.14756181473533497,25.638189752711966,153.0,41.0,112.0,26.797385620915033,1675.56,0.0,4.082699735400038,408.2699735400038,6738.34,6330.06,1.0644985987494588,0.3802051215755212,25.208668240603345,65.0,16.0,49.0,24.615384615384617,618.52,0.0
68,0.02456937376716873,144,18,66.0,23.0,20,7,4.0,7,50,1.0,4.0,0.025,0.75,1.0,-0.73368866335024,-73.368866335024,14046.23,14119.68,0.9947980407487987,0.08185683248480893,28.271161634763605,209.0,47.0,162.0,22.48803827751196,1722.76,0.0,8.71084957050003,871.0849570500031,6139.700000000001,5268.620000000001,1.1653336167725135,0.7490069314685712,13.023264167701026,76.0,18.0,58.0,23.68421052631579,593.9,0.0
286,0.02162066828181857,116,20,60.0,25.0,7,6,3.3000000000000003,14,48,1.2000000000000002,2.6,0.007,0.5,2.0,0.8944665510000233,89.44665510000232,10021.9,9932.500000000002,1.0090007550969038,0.11392053868657041,14.398475177662764,216.0,73.0,143.0,33.7962962962963,1633.55,0.0,2.921099993599837,292.1099993599837,4289.400000000001,3997.2999999999997,1.0730743251694896,0.4422505120959752,10.458207324946821,84.0,28.0,56.0,33.333333333333336,600.0600000000001,0.0
141,0.01970496651647277,136,20,61.0,31.0,21,4,3.7,20,41,1.4,2.7,0.025,0.6000000000000001,1.0,21.866714872900157,2186.6714872900156,10943.64,8756.92,1.2497133695408886,1.0711950110319546,12.409816615000372,162.0,50.0,112.0,30.864197530864196,1145.97,0.0,1.8080026748500313,180.80026748500313,3667.17,3486.3900000000003,1.0518530629103455,0.2726002744481579,15.302697431770579,62.0,20.0,42.0,32.25806451612903,360.51,0.0
123,0.01893215134270873,139,21,62.0,36.0,20,4,3.7,12,45,1.2000000000000002,2.4000000000000004,0.027,0.65,1.0,16.864130830900177,1686.4130830900176,13120.029999999997,11433.62,1.1474957187662347,0.7941009581825592,14.147657028579461,203.0,70.0,133.0,34.48275862068966,1538.5,0.0,2.3504751708500407,235.04751708500407,4893.42,4658.360000000001,1.0504598184768887,0.31739534323012936,18.543531078590046,86.0,29.0,57.0,33.72093023255814,550.25,0.0
191,0.018191984078673437,147,18,60.0,31.0,17,6,3.8000000000000003,18,43,1.2000000000000002,3.4000000000000004,0.029,0.4,2.5,-0.1992596098500144,-19.92596098500144,12581.050000000001,12600.919999999998,0.9984231310094821,0.09862050579450139,20.224216150243585,161.0,38.0,123.0,23.60248447204969,1736.6200000000001,0.0,4.937820985650087,493.7820985650087,5503.659999999999,5009.880000000001,1.0985612429838634,0.4471235459771807,16.613258764708853,57.0,17.0,40.0,29.82456140350877,574.2,0.0
105,0.013772802659200112,119,19,61.0,31.0,17,6,3.8000000000000003,14,41,1.7000000000000002,3.1,0.028,0.6000000000000001,1.5,10.71131754794991,1071.1317547949911,11460.480000000003,10389.33,1.1031009699374266,0.45939010196589297,17.35654389687966,142.0,38.0,104.0,26.760563380281692,1380.67,0.0,2.1327904874999697,213.27904874999695,5509.719999999999,5296.409999999999,1.0402744500520165,0.2697751564600449,18.432376912598674,61.0,16.0,45.0,26.229508196721312,540.1,0.0
128,0.011336880263982335,138,21,63.0,34.0,21,4,3.8000000000000003,12,45,1.5,2.1,0.026000000000000002,0.6000000000000001,1.5,-1.0702495173999522,-107.02495173999523,13420.79,13527.9,0.9920822891949231,0.05868190072979403,18.46389587786008,188.0,65.0,123.0,34.57446808510638,1744.41,0.0,5.562100976599995,556.2100976599995,5684.69,5128.459999999999,1.1084594595648598,0.5195015669965399,16.679069126820487,66.0,24.0,42.0,36.36363636363637,584.75,0.0
73,0.010403525632442866,137,17,66.0,27.0,20,7,3.9000000000000004,9,46,1.2000000000000002,3.8000000000000003,0.024,0.75,1.0,0.1559044244999495,15.590442449994953,13273.2,13257.57,1.0011789490834293,0.10930816476299764,29.08331633248199,181.0,39.0,142.0,21.54696132596685,1532.96,0.0,1.2429638381501356,124.29638381501354,5113.31,4989.01,1.024914762648301,0.2030201686474413,22.85122456432256,77.0,18.0,59.0,23.376623376623378,556.88,0.0
183,0.009974347190866433,148,18,60.0,30.0,17,5,3.7,18,42,1.2000000000000002,3.0,0.029,0.55,2.0,-2.3653779347500676,-236.53779347500677,13875.589999999998,14112.060000000001,0.9832434102462714,0.03679246122478841,21.021796542766545,171.0,45.0,126.0,26.31578947368421,1997.1100000000001,0.0,8.789342882750116,878.9342882750116,6416.89,5537.96,1.1587100665226908,0.6723305656883471,18.13932150466734,63.0,21.0,42.0,33.333333333333336,708.89,0.0
233,0.007347772242262077,126,19,59.0,31.0,18,8,3.9000000000000004,17,50,1.0,2.7,0.029,0.5,2.0,-0.5309885430999384,-53.09885430999384,14948.109999999999,15001.14,0.9964649353315814,0.08672780492507298,23.646081425256988,217.0,65.0,152.0,29.953917050691246,2264.86,0.0,2.3606027548499515,236.06027548499515,6386.300000000001,6150.25,1.0383805536360313,0.2848410081434124,14.960921014212868,79.0,29.0,50.0,36.70886075949367,833.78,0.0
167,0.005915794707072618,146,20,79.0,33.0,17,4,3.7,16,39,1.2000000000000002,2.8,0.03,0.7,1.0,6.198216244600153,619.8216244600153,14219.27,13599.52,1.0455714613456946,0.3151191217793912,16.07952040181882,192.0,58.0,134.0,30.208333333333332,1417.04,0.0,1.4738954868999645,147.38954868999645,5693.850000000001,5546.43,1.026579259090983,0.2207965398306294,19.169943539832186,77.0,23.0,54.0,29.87012987012987,506.11,0.0
92,0.0058896809051930885,147,21,65.0,33.0,19,5,4.0,12,40,1.5,3.4000000000000004,0.026000000000000002,0.7,1.0,-0.221021205649904,-22.1021205649904,10663.880000000001,10686.010000000002,0.9979290680057382,0.0792542039213701,17.40039452102625,161.0,41.0,120.0,25.46583850931677,1119.12,0.0,1.2270707827000298,122.70707827000297,4737.23,4614.51,1.0265943729670104,0.2016003473432888,17.18460974125165,62.0,14.0,48.0,22.580645161290324,423.44,0.0
166,0.0037707466135289804,150,20,65.0,31.0,16,5,3.6,15,44,1.8,2.9000000000000004,0.03,0.7,1.0,-1.1118469548998837,-111.18469548998837,8411.729999999998,8522.880000000001,0.9869586337012837,0.02604798636799703,14.733077799622492,136.0,38.0,98.0,27.941176470588236,927.79,0.0,3.851804203099982,385.1804203099982,4128.28,3743.0899999999997,1.1029069565519398,0.45553716083616036,15.544100547833883,57.0,16.0,41.0,28.07017543859649,389.58,0.0
270,0.0018568465308542725,119,20,57.0,27.0,7,6,3.4000000000000004,14,47,1.1,2.6,0.028,0.45,2.0,20.587269504450088,2058.7269504450087,15653.41,13594.68,1.1514364442561356,0.8341290577080805,16.1639875718476,220.0,77.0,143.0,35.0,2298.91,0.0,1.9563430332499594,195.63430332499593,5786.7699999999995,5591.139999999999,1.034989286621333,0.26121243024339225,17.678068614055466,83.0,26.0,57.0,31.325301204819276,790.24,0.0
228,0.0014931720037755503,125,18,57.0,29.0,17,7,3.9000000000000004,15,50,1.0,2.8,0.029,0.4,2.0,-0.4882447341498664,-48.82447341498664,9745.449999999999,9794.29,0.9950134210851422,0.05182418015620898,12.927228958041837,201.0,60.0,141.0,29.850746268656717,1645.94,0.0,0.9394446754999808,93.94446754999808,3829.98,3736.04,1.025144270403957,0.1783281843970255,12.688032269902205,69.0,25.0,44.0,36.231884057971016,566.48,0.0
174,5.144990721379222e-05,150,20,58.0,30.0,17,5,3.6,17,43,1.2000000000000002,2.9000000000000004,0.029,0.55,4.0,-3.578738911150158,-357.8738911150158,22172.760000000002,22530.619999999995,0.9841167264815618,0.08948931412015997,33.427912315886346,157.0,44.0,113.0,28.02547770700637,3576.57,0.0,7.405494643700241,740.549464370024,10000.0,9259.500000000002,1.0799719207300609,0.5064675987826566,31.881564037518846,64.0,20.0,44.0,31.25,1359.06,0.0
88,-0.000743910934406249,140,21,65.0,31.0,18,4,3.6,14,39,1.4,3.6,0.022000000000000002,0.65,1.0,-0.8239591388499867,-82.39591388499866,10393.61,10475.99,0.9921363040629096,0.05643931068705703,20.993059887813228,160.0,38.0,122.0,23.75,1076.85,0.0,0.9960690322999473,99.60690322999471,4361.54,4261.929999999999,1.0233720403666884,0.18225638450451925,16.71520191355799,62.0,13.0,49.0,20.967741935483872,386.62,0.0
108,-0.0028914336540486942,138,21,64.0,33.0,19,6,4.0,11,43,1.4,3.0,0.03,0.7,1.5,-3.8888562311001262,-388.8856231100126,16610.08,16999.019999999997,0.9771198574976678,0.01947545523570844,23.705447004302748,176.0,47.0,129.0,26.704545454545453,1932.64,0.0,8.548267150699994,854.8267150699994,7694.87,6840.079999999999,1.1249678366334899,0.6155736233823833,23.76660160328579,68.0,18.0,50.0,26.470588235294116,710.39,0.0
127,-0.0054272313728375605,133,20,64.0,36.0,20,5,3.7,14,44,1.4,2.6,0.026000000000000002,0.65,1.0,-2.7075475942499363,-270.7547594249936,10801.31,11071.990000000002,0.9755527235844683,-0.04997535480169271,18.598188887270066,189.0,57.0,132.0,30.158730158730158,1310.77,0.0,6.156365722849932,615.6365722849932,4847.43,4231.79,1.1454798087806815,0.6462852511858165,15.868006399185377,69.0,22.0,47.0,31.884057971014492,441.22,0.0
65,-0.006534482222431092,145,18,66.0,23.0,15,7,4.0,7,42,0.9,4.0,0.021,0.7,1.0,-2.564656894800264,-256.4656894800264,13501.930000000002,13758.460000000003,0.981354744644386,0.009579810092645273,25.367161049916337,226.0,53.0,173.0,23.451327433628318,1696.83,0.0,4.267883690699964,426.7883690699964,5309.77,4882.95,1.0874102745266694,0.43959131292173154,14.064267415140721,79.0,17.0,62.0,21.518987341772153,552.08,0.0
93,-0.007322058675573546,136,20,62.0,31.0,21,6,3.8000000000000003,11,43,1.4,3.7,0.027,0.7,1.0,-2.555209834600009,-255.52098346000093,9705.24,9960.75,0.9743483171447933,-0.009629322518056385,24.18263243778878,159.0,35.0,124.0,22.0125786163522,1168.41,0.0,4.537014859350002,453.70148593500016,4741.63,4287.91,1.105813788069246,0.4913283812771829,17.224607175411823,62.0,14.0,48.0,22.580645161290324,432.51,0.0
57,-0.016643394843310608,147,19,62.0,20.0,16,5,3.4000000000000004,6,33,0.6,3.9000000000000004,0.018000000000000002,0.75,1.5,-2.699557370449893,-269.9557370449893,20399.26,20669.239999999998,0.9869380780328643,0.06257380522003542,33.35940033006327,255.0,54.0,201.0,21.176470588235293,3117.68,0.0,0.14366956185014715,14.366956185014715,8374.910000000002,8360.54,1.0017187884993075,0.14884812388185978,24.88212464080966,112.0,30.0,82.0,26.785714285714285,1187.83,0.0
86,-0.022084213164623646,141,21,63.0,32.0,18,6,3.7,11,42,1.4,3.5,0.023000000000000003,0.7,3.5,-3.9896972587002346,-398.96972587002347,24860.26,25259.200000000004,0.9842061506302652,0.1188847741730295,32.024340049374075,160.0,41.0,119.0,25.625,3350.9,0.0,0.49293795820000014,49.293795820000014,10232.890000000001,10183.57,1.0048430952995857,0.23292793133149745,34.77705794516431,63.0,15.0,48.0,23.80952380952381,1165.66,0.0
243,-0.025496969736362077,130,19,58.0,31.0,17,8,3.7,17,49,1.0,2.8,0.029,0.45,2.0,-3.1637363544498296,-316.37363544498294,11870.78,12187.219999999998,0.9740350957806623,-0.04125064153758687,21.89223845824059,195.0,56.0,139.0,28.71794871794872,1871.34,0.0,0.43606908119994847,43.60690811999484,4683.33,4639.739999999999,1.0093949229913748,0.1295644857084702,14.288152679545366,69.0,24.0,45.0,34.78260869565217,639.31,0.0
151,-0.0318866415473926,148,19,59.0,32.0,17,5,3.6,16,12,1.2000000000000002,2.8,0.029,0.65,1.5,-4.084708874800054,-408.47088748000533,11063.78,11472.19,0.9643999968619766,-0.06643171908579429,20.797740614172042,192.0,52.0,140.0,27.083333333333332,1846.14,0.0,1.195968948099944,119.59689480999441,4944.75,4825.120000000001,1.0247931657658254,0.19913540590979542,16.714711884176197,70.0,24.0,46.0,34.285714285714285,673.48,0.0
69,-0.03455598362666055,142,18,67.0,23.0,20,7,4.0,7,50,1.0,4.0,0.026000000000000002,0.75,1.0,-4.99057790190016,-499.057790190016,13773.16,14272.149999999998,0.9650375031092023,-0.06351726012959252,28.20018744563719,210.0,47.0,163.0,22.38095238095238,1703.82,0.0,2.350058127399989,235.00581273999887,5818.88,5583.869999999999,1.042087297877637,0.2865509769079797,16.240030744314907,79.0,17.0,62.0,21.518987341772153,595.05,0.0
139,-0.035352378408126994,143,19,61.0,29.0,18,4,3.6,19,42,1.2000000000000002,2.2,0.027,0.6000000000000001,1.0,13.451777932549977,1345.1777932549976,10030.890000000001,8685.689999999999,1.1548754330398625,0.7602088890372309,12.052180671654154,190.0,69.0,121.0,36.31578947368421,1291.44,0.0,1.512642485650067,151.2642485650067,3751.2000000000007,3599.96,1.0420115779064214,0.24950017189155868,14.390628142081468,73.0,27.0,46.0,36.986301369863014,431.48,0.0
120,-0.03679373851029268,128,21,64.0,35.0,19,5,4.0,12,45,1.4,2.5,0.025,0.65,1.0,-6.353464575199997,-635.3464575199996,10337.77,10973.1,0.9421011382380549,-0.21223037875996476,18.351365144581433,193.0,59.0,134.0,30.569948186528496,1298.76,0.0,8.027306210100015,802.7306210100014,5146.089999999999,4343.38,1.184812289046779,0.8066570495976402,14.884655716580223,76.0,26.0,50.0,34.21052631578947,492.77,0.0
178,-0.037811199602424087,148,20,59.0,29.0,17,5,3.4000000000000004,17,42,1.3,3.3000000000000003,0.029,0.55,4.0,-10.408426167750093,-1040.8426167750094,20705.9,21746.73,0.9521385514051999,-0.03710736784387847,35.77513180662717,144.0,35.0,109.0,24.305555555555557,3200.27,0.0,13.896432274500167,1389.6432274500166,9756.550000000001,8366.86,1.166094568332684,0.7462574528417542,31.805748474639124,56.0,17.0,39.0,30.357142857142858,1144.75,0.0
72,-0.03826801968325544,150,17,71.0,27.0,19,8,3.9000000000000004,8,47,1.1,3.7,0.025,0.7,1.0,-5.19764110385011,-519.764110385011,11951.87,12471.61,0.958326150352681,-0.11010746564645879,29.599673374689022,195.0,44.0,151.0,22.564102564102566,1430.63,0.0,2.5960754302500573,259.6075430250057,5379.629999999999,5120.0,1.050708984375,0.3175550386528279,20.29367774249124,85.0,21.0,64.0,24.705882352941178,584.17,0.0
236,-0.04226171746727217,125,19,58.0,30.0,18,7,3.9000000000000004,16,49,1.0,2.7,0.029,0.45,2.0,-5.028616310949911,-502.861631094991,12913.9,13416.779999999999,0.9625185774828238,-0.10790586832509629,22.786814586093712,218.0,65.0,153.0,29.81651376146789,2034.82,0.0,0.6940107924498806,69.40107924498807,5462.300000000002,5392.959999999999,1.012857503115173,0.15561874133584036,14.262640064406067,81.0,30.0,51.0,37.03703703703704,751.97,0.0
252,-0.046656859364416325,129,19,58.0,29.0,16,8,3.7,16,50,1.1,2.8,0.03,0.3,2.0,-4.2516361412999135,-425.1636141299914,6438.3,6863.429999999999,0.9380586674592734,-0.2190859322348818,13.201589179632766,175.0,51.0,124.0,29.142857142857142,1042.89,0.0,0.08434116349993928,8.434116349993928,3087.8500000000004,3079.3899999999994,1.0027472973543465,0.0701018087136577,8.205655238927587,69.0,24.0,45.0,34.78260869565217,418.57,0.0
77,-0.052715921700092046,150,19,66.0,29.0,21,8,3.6,9,46,1.0,3.8000000000000003,0.029,0.75,1.0,-9.530576208849997,-953.0576208849998,12553.97,13506.939999999999,0.9294458996634323,-0.2638545029847061,31.456300700903967,208.0,45.0,163.0,21.634615384615383,1604.21,0.0,11.41541564825,1141.541564825,6090.19,4948.639999999999,1.2306795402373178,1.0265711806648048,12.767868086391623,81.0,22.0,59.0,27.160493827160494,640.6,0.0
146,-0.05721647637602348,146,20,60.0,34.0,17,5,3.4000000000000004,19,41,1.3,3.0,0.03,0.5,1.0,7.4963020598001275,749.6302059800128,7373.26,6623.53,1.1131919082422819,0.523239817791597,12.635252094617583,161.0,43.0,118.0,26.70807453416149,876.49,0.0,1.120448886649956,112.0448886649956,2536.92,2424.87,1.0462086627324352,0.22107361790102906,9.607120928693949,59.0,19.0,40.0,32.20338983050848,289.2,0.0
74,-0.060262315592308505,139,18,68.0,25.0,21,9,3.7,7,49,1.2000000000000002,3.9000000000000004,0.026000000000000002,0.7,1.0,-9.030792998699907,-903.0792998699908,10383.27,11286.41,0.9199798695953807,-0.2794201727169473,32.39424842897259,191.0,42.0,149.0,21.98952879581152,1405.08,0.0,8.308752358300044,830.8752358300044,5064.099999999999,4233.240000000001,1.1962704689552208,0.8026847724454963,15.316432463814714,70.0,16.0,54.0,22.857142857142858,497.88,0.0
53,-0.061918727009450975,112,11,59.0,40.0,15,13,3.1,4,33,0.5,4.0,0.017,0.65,1.5,-8.05135849505019,-805.135849505019,9683.57,10488.66,0.9232418631169281,-0.34537197157983845,32.40398487634572,249.0,57.0,192.0,22.89156626506024,2488.28,0.0,6.461731574399819,646.1731574399819,3931.39,3285.23,1.1966863811666153,0.9310884695772476,7.333720195601854,88.0,26.0,62.0,29.545454545454547,854.79,0.0
217,-0.06368158527170042,131,19,58.0,29.0,18,8,3.9000000000000004,16,50,0.9,3.0,0.029,0.5,2.0,-9.75176730500005,-975.1767305000049,13904.54,14879.78,0.9344587083948822,-0.23634706015676277,27.848870779660835,205.0,56.0,149.0,27.317073170731707,2175.52,0.0,7.65075601054994,765.075601054994,6098.11,5333.019999999999,1.1434628034397023,0.6924677712511372,15.280935326551676,70.0,24.0,46.0,34.285714285714285,762.52,0.0
110,-0.06548524443412088,136,19,62.0,28.0,19,4,3.8000000000000003,10,45,1.3,3.0,0.027,0.7,1.0,21.379233309849933,2137.9233309849933,14238.67,12100.7,1.1766815142925615,0.8877984638518864,14.765036212823718,178.0,51.0,127.0,28.651685393258425,1510.58,0.0,0.45810828745004983,45.81082874500498,4220.68,4174.85,1.0109776399152066,0.13142646604259828,17.183567341816666,71.0,20.0,51.0,28.169014084507044,483.44,0.0
111,-0.07902567616889594,130,20,62.0,30.0,18,5,3.7,13,46,1.9000000000000001,2.8,0.028,0.65,1.0,16.357393443300005,1635.7393443300007,8444.779999999999,6809.030000000001,1.240232456017964,0.8258285610779853,11.179525881288463,116.0,37.0,79.0,31.896551724137932,828.26,0.0,0.6417441163500188,64.17441163500189,3366.38,3302.18,1.0194417021482778,0.14602804529443258,15.644869276131255,54.0,15.0,39.0,27.77777777777778,343.37,0.0
205,-0.08139679717200154,142,19,59.0,29.0,16,7,3.6,18,46,1.1,2.7,0.03,0.45,2.0,17.90049456869996,1790.049456869996,13003.04,11213.010000000002,1.1596386697238297,0.7546411018081336,13.782267983353266,177.0,54.0,123.0,30.508474576271187,1771.6200000000001,0.0,0.6727977079000084,67.27977079000084,4305.41,4238.139999999999,1.0158725289867725,0.1556735989684787,14.791204893441043,67.0,23.0,44.0,34.32835820895522,605.23,0.0
21,-0.08516883348658841,126,12,58.0,41.0,15,15,3.1,6,26,0.5,3.6,0.02,0.65,1.0,-8.098277902499921,-809.8277902499922,4277.55,5087.38,0.8408159013087286,-0.7209806049542374,18.68266783690526,191.0,44.0,147.0,23.036649214659686,1228.29,0.0,7.828850649250016,782.8850649250016,2116.2999999999997,1333.4299999999998,1.5871099345297466,1.95389242468985,3.5305535642213495,64.0,26.0,38.0,40.625,425.05,0.0
31,-0.10166355361441246,115,13,58.0,42.0,14,14,2.7,6,35,0.5,3.8000000000000003,0.015,0.65,1.5,-9.657937466349976,-965.7937466349977,3984.29,4950.089999999999,0.8048924362991381,-0.6790705513215285,19.30817299689232,138.0,29.0,109.0,21.014492753623188,1292.91,0.0,6.4687641953999995,646.8764195399999,2272.71,1625.85,1.397859581142172,1.2389557891669027,3.8638569831915985,49.0,18.0,31.0,36.734693877551024,484.88,0.0
22,-0.10463971176379219,135,12,58.0,42.0,14,10,2.9000000000000004,9,31,0.5,3.3000000000000003,0.019,0.65,1.5,-10.061119914999836,-1006.1119914999836,9367.399999999998,10373.630000000001,0.9030011673830662,-0.4932318239050049,25.16871717969453,243.0,67.0,176.0,27.57201646090535,2380.86,0.0,0.04986736605009356,4.986736605009355,3252.5499999999997,3247.59,1.001527286387752,0.07033039178504884,9.274252988142294,80.0,25.0,55.0,31.25,766.18,0.0
140,-0.10803788830365249,142,20,59.0,31.0,21,4,3.5,19,38,1.3,2.3,0.029,0.6000000000000001,1.0,8.492001249949972,849.2001249949972,7945.48,7096.270000000001,1.119669911094138,0.5664630987919926,9.640192640025811,175.0,60.0,115.0,34.285714285714285,1116.17,0.0,0.7637428105499748,76.37428105499748,2912.39,2836.0100000000007,1.026932204047235,0.16585914221158513,10.21129417200239,64.0,25.0,39.0,39.0625,372.59,0.0
42,-0.1215052769163085,116,13,59.0,39.0,14,15,2.7,4,29,0.5,3.6,0.017,0.55,1.5,-9.831660783399911,-983.1660783399911,3206.8100000000004,4189.9800000000005,0.7653521019193409,-0.826524975949865,16.226999348811887,134.0,28.0,106.0,20.895522388059703,1056.81,0.0,4.0357957243500096,403.57957243500096,1537.5400000000002,1133.9699999999998,1.355891249327584,1.0478440269021134,5.168743227059624,45.0,17.0,28.0,37.77777777777778,366.12,0.0
41,-0.13737224919860724,113,13,58.0,42.0,14,14,2.8,6,33,0.5,3.7,0.015,0.65,1.5,-13.49336726935011,-1349.336726935011,5092.479999999999,6441.81,0.7905355792859458,-0.8999278691070233,24.48006959662485,174.0,37.0,137.0,21.264367816091955,1628.0,0.0,7.674719071200034,767.4719071200034,2796.2400000000002,2028.7800000000004,1.3782864578712328,1.2849594398496258,6.10394380491811,60.0,21.0,39.0,35.0,586.07,0.0
24,-0.15611571722323095,114,13,58.0,42.0,14,14,2.8,6,35,0.5,3.7,0.014000000000000002,0.65,1.5,-14.101023846200134,-1410.1023846200133,4990.91,6401.0,0.7797078581471645,-0.9642716921839348,24.966378648796212,174.0,36.0,138.0,20.689655172413794,1610.87,0.0,4.278082831550091,427.8082831550091,2408.2199999999993,1980.38,1.2160393459841037,0.8092442435971121,5.815589684772729,58.0,20.0,38.0,34.48275862068966,564.3,0.0
176,-0.17406656922430733,148,20,57.0,28.0,16,5,3.6,16,44,1.3,3.1,0.03,0.55,3.0,-20.438181128700062,-2043.8181128700062,12290.85,14334.67,0.857421203278485,-0.5051226065671093,34.035343217165455,138.0,32.0,106.0,23.18840579710145,2135.8,0.0,2.83823622570002,283.82362257000204,7294.56,7010.7300000000005,1.040485085005413,0.30569623882800256,24.394597093681956,59.0,16.0,43.0,27.11864406779661,983.47,0.0
79,-0.17858087919095667,138,18,68.0,26.0,20,7,4.0,10,44,0.9,3.9000000000000004,0.026000000000000002,0.75,1.0,-19.91489689470004,-1991.4896894700041,11959.289999999999,13950.8,0.8572476130401123,-0.5666598282213537,32.81784219287081,206.0,44.0,162.0,21.359223300970875,1461.57,0.0,1.1438763930000277,114.38763930000277,5091.06,4976.67,1.0229852491726397,0.19927316669687725,18.74943908228922,68.0,13.0,55.0,19.11764705882353,493.78,0.0
186,-0.19299127913081415,150,18,58.0,32.0,17,6,3.8000000000000003,18,43,1.2000000000000002,3.2,0.028,0.55,2.5,-23.25741400565,-2325.741400565,10987.249999999998,13313.0,0.8253023360624951,-0.7137687001672722,35.526840240862455,148.0,33.0,115.0,22.2972972972973,1907.29,0.0,7.656273436949977,765.6273436949978,6600.009999999999,5834.34,1.1312350668627469,0.6140816892431326,23.56438263859171,59.0,18.0,41.0,30.508474576271187,833.42,0.0
51,-0.19915440052940644,114,13,58.0,42.0,14,15,2.9000000000000004,6,34,0.5,3.7,0.013000000000000001,0.65,1.5,-17.60122812245003,-1760.122812245003,4624.240000000001,6384.33,0.7243109300427767,-1.2168117807366783,24.85033681107871,169.0,33.0,136.0,19.526627218934912,1519.03,0.0,4.154564120100003,415.45641201000035,2197.54,1782.07,1.233138990050896,0.8503182930998436,6.640810566231195,52.0,18.0,34.0,34.61538461538461,503.57,0.0
103,-0.21315830750283407,130,20,60.0,29.0,17,5,3.8000000000000003,15,49,1.8,2.7,0.028,0.6000000000000001,1.0,5.631157843200054,563.1157843200053,6410.15,5847.05,1.096304974303281,0.38270325145546186,14.744671010316083,123.0,36.0,87.0,29.26829268292683,741.71,0.0,0.10332029659997714,10.332029659997715,2746.81,2736.47,1.0037785906660772,0.0795866157902191,11.199992799099597,51.0,15.0,36.0,29.41176470588235,301.43,0.0
35,-0.2250775737135291,129,14,57.0,43.0,16,9,2.6,5,33,0.5,3.2,0.011,0.55,1.0,-16.32124767585001,-1632.1247675850009,3628.2900000000004,5260.41,0.6897352107535345,-1.8186423079446505,19.55364912925151,241.0,58.0,183.0,24.066390041493776,1219.04,0.0,3.7099181131000116,370.99181131000114,2054.1499999999996,1683.1999999999998,1.2203837927756653,0.9650362462596153,6.053107771126802,86.0,31.0,55.0,36.04651162790697,472.28,0.0
36,-0.23133211559426914,121,10,62.0,41.0,12,13,4.0,7,25,1.0,3.8000000000000003,0.018000000000000002,0.5,2.0,2.586700316100123,258.6700316100123,10954.649999999998,10695.98,1.0241838522510325,0.19102768540201817,17.757085616611505,192.0,47.0,145.0,24.479166666666668,1993.17,0.0,0.09905522354994901,9.9055223549949,3750.96,3741.07,1.0026436286944644,0.08723609430400062,13.594938490455924,71.0,22.0,49.0,30.985915492957748,686.99,0.0
109,-0.2534353280316459,142,21,75.0,30.0,21,6,3.9000000000000004,14,40,1.5,3.2,0.029,0.65,1.0,3.940940238500061,394.0940238500061,10586.869999999999,10192.750000000002,1.0386666993696496,0.24704589967390775,18.7240482379105,145.0,38.0,107.0,26.20689655172414,1023.81,0.0,0.010746494349968999,1.0746494349968998,4265.2300000000005,4264.139999999999,1.000255620125043,0.1028636592585883,17.626624032799327,60.0,15.0,45.0,25.0,368.71,0.0
196,-0.2589491160517539,52,19,59.0,32.0,18,6,3.7,17,44,1.3,3.2,0.03,0.4,2.5,66.91729886545036,6691.729886545036,31218.560000000005,24526.83,1.2728330566975024,1.4966433216727635,15.460205797893636,231.0,68.0,163.0,29.437229437229437,3440.07,0.0,-1.6432220987999606,-164.32220987999608,8940.640000000001,9104.989999999998,0.9819494584837549,0.06063681566249255,23.56416100445188,100.0,30.0,70.0,30.0,964.27,0.0
227,-0.5149313228753056,132,19,58.0,30.0,17,8,4.0,16,49,1.0,2.9000000000000004,0.03,0.45,2.0,-1.2843549102501493,-128.43549102501493,12120.320000000002,12248.779999999999,0.9895124249108893,0.03944781123112837,16.979237878430986,197.0,57.0,140.0,28.934010152284262,1864.38,0.0,-2.2881571853999776,-228.81571853999776,4570.58,4799.38,0.9523271755935141,-0.1279787705066453,13.46906193120479,70.0,22.0,48.0,31.428571428571427,641.56,0.0
38,-0.5164633444455344,39,15,67.0,44.0,13,11,3.6,5,20,1.4,3.5,0.021,0.65,1.0,-0.9825055197999791,-98.25055197999791,13177.459999999997,13275.65,0.992603751982012,0.04157581604927933,18.20796272710456,288.0,67.0,221.0,23.26388888888889,1928.31,0.0,-3.641657269199932,-364.1657269199932,5007.889999999999,5372.09,0.9322051566522526,-0.2779581672636292,17.154320795580933,125.0,29.0,96.0,23.2,796.8,0.0
260,-0.526830211181732,137,19,58.0,28.0,18,7,3.6,16,50,1.1,3.0,0.028,0.45,4.5,-2.383588704450267,-238.3588704450267,24674.899999999998,24913.330000000005,0.9904296214115091,0.12005291416637875,35.961093208685384,163.0,47.0,116.0,28.834355828220858,3858.39,0.0,-5.063566033350017,-506.35660333500164,8106.129999999999,8612.52,0.9412030392962801,-0.11282764522110293,23.913932102074135,63.0,19.0,44.0,30.158730158730158,1258.11,0.0
81,-0.5351395617461411,136,17,66.0,27.0,20,7,3.9000000000000004,9,46,1.2000000000000002,3.8000000000000003,0.024,0.75,1.0,-4.104148825749944,-410.4148825749944,13050.130000000001,13460.5,0.9695130195757959,-0.03953387129242551,30.540096558428992,185.0,39.0,146.0,21.08108108108108,1531.46,0.0,-0.46170945294994453,-46.17094529499445,4859.880000000001,4906.01,0.9905972470500469,0.06912248210764642,22.864981622844162,75.0,17.0,58.0,22.666666666666668,533.3,0.0
201,-0.5362334434852903,142,19,61.0,30.0,17,6,3.6,17,45,1.1,2.8,0.03,0.45,2.5,35.92091375549999,3592.0913755499987,23553.329999999998,19961.19,1.1799562050158332,0.9884713116080105,21.011837526829304,190.0,57.0,133.0,30.0,2919.46,0.0,-1.7866708114000176,-178.66708114000176,6673.97,6852.650000000001,0.9739254157150883,0.03968298029531667,27.271266012801448,73.0,22.0,51.0,30.136986301369863,753.77,0.0
165,-0.5415268264195829,148,19,63.0,29.0,16,4,3.8000000000000003,15,15,1.3,2.8,0.03,0.7,1.0,28.408845313350028,2840.884531335003,15180.31,12339.45,1.2302258204377017,1.1282185409765464,15.526995100029762,198.0,64.0,134.0,32.323232323232325,1663.92,0.0,-0.5189030052500493,-51.89030052500493,4547.35,4599.240000000001,0.9887177011854131,0.03528704505529768,17.15390704610059,78.0,24.0,54.0,30.76923076923077,527.11,0.0
76,-0.5504057937327598,142,16,67.0,21.0,19,6,3.9000000000000004,7,48,1.3,1.1,0.024,0.7,1.0,-2.7315206110999135,-273.15206110999134,8438.409999999998,8711.57,0.968643998728128,-0.11633531666346142,16.903013967569482,248.0,127.0,121.0,51.20967741935484,1787.22,0.0,-7.444261164900036,-744.4261164900036,3341.7,4086.12,0.8178173915597192,-1.0454863747193717,11.802801455910087,102.0,49.0,53.0,48.03921568627451,681.6,0.0
294,-0.5557272546981751,115,20,56.0,26.0,8,6,3.0,13,50,1.2000000000000002,2.6,0.027,0.5,3.0,-3.848530078949952,-384.85300789499524,16476.8,16861.660000000003,0.977175438242735,0.00077545021702786,33.45852060395719,180.0,58.0,122.0,32.22222222222222,2993.96,0.0,-8.847953493550104,-884.7953493550103,5061.17,5945.969999999999,0.8511933292633499,-0.48214721170459407,25.30159708894823,61.0,16.0,45.0,26.229508196721312,869.65,0.0
209,-0.5567458555359466,138,18,58.0,32.0,16,7,3.8000000000000003,17,47,1.1,2.8,0.029,0.5,2.0,-5.960000618699978,-596.0000618699978,10263.779999999997,10859.759999999998,0.9451203341510308,-0.1444938455239935,16.632469689794977,162.0,46.0,116.0,28.395061728395063,1624.29,0.0,-0.7710641146500348,-77.10641146500348,4375.710000000001,4452.79,0.982689504782395,0.022170688818914524,16.06955552671699,66.0,23.0,43.0,34.84848484848485,675.88,0.0
16,-0.557358666685874,92,17,58.0,40.0,21,4,2.3,11,16,0.7,3.0,0.021,0.6000000000000001,1.5,-3.816043600199955,-381.6043600199955,18343.83,18725.48,0.9796186800017944,-0.04919192848706415,29.75152103006679,348.0,96.0,252.0,27.586206896551722,3392.41,0.0,-8.716211020100163,-871.6211020100163,5798.41,6670.02,0.869324229912354,-0.6947709961944585,20.675328817077208,136.0,35.0,101.0,25.735294117647058,1184.48,0.0
180,-0.5654196231321126,144,20,59.0,31.0,17,5,3.5,16,44,1.7000000000000002,2.8,0.028,0.5,3.5,-6.788113906950002,-678.8113906950002,11487.329999999998,12166.09,0.9442088625022499,-0.06392758122775793,29.158863784766854,110.0,33.0,77.0,30.0,1695.39,0.0,-3.042444324099888,-304.2444324099888,5874.540000000001,6178.780000000001,0.950760506119331,-0.019646297546308786,23.251843172491853,49.0,15.0,34.0,30.612244897959183,791.02,0.0
208,-0.5755024585893049,140,19,59.0,30.0,17,8,3.7,18,46,1.1,2.9000000000000004,0.029,0.45,2.0,26.41148314045002,2641.148314045002,14306.699999999999,11665.570000000002,1.22640385339079,1.0240637480469768,13.729927503979617,170.0,52.0,118.0,30.58823529411765,1833.83,0.0,-0.8376033017500231,-83.76033017500231,4419.44,4503.25,0.9813889968356186,0.01693380089713485,13.365607002822616,67.0,21.0,46.0,31.34328358208955,632.21,0.0
80,-0.5799198987272893,130,16,64.0,22.0,21,9,3.6,8,48,1.0,4.0,0.028,0.35,1.0,-5.82946971594989,-582.946971594989,5183.120000000001,5766.09,0.898896826098795,-0.4646179459223964,17.336393180569967,218.0,48.0,170.0,22.01834862385321,769.83,0.0,-1.9241320097999233,-192.41320097999233,1980.23,2172.5899999999992,0.9114605148693499,-0.35661711009057256,8.71237676231291,79.0,18.0,61.0,22.78481012658228,266.58,0.0
247,-0.5804442382640486,126,19,58.0,29.0,16,8,3.9000000000000004,15,49,1.0,2.8,0.03,0.45,2.0,-8.305846515549966,-830.5846515549965,11396.319999999998,12226.970000000001,0.9320641172751709,-0.2518510710433143,21.539213486062298,213.0,61.0,152.0,28.63849765258216,1892.91,0.0,-0.9723902768500556,-97.23902768500557,5263.530000000001,5360.82,0.9818516570226199,0.00604916654494007,14.192512731302486,80.0,29.0,51.0,36.25,742.33,0.0
61,-0.581278292097305,132,20,64.0,25.0,15,6,3.5,10,34,0.7,3.8000000000000003,0.019,0.75,1.5,-18.926335143800088,-1892.6335143800088,20351.170000000002,22243.82,0.9149134456221999,-0.35823439451131833,41.417413871100415,247.0,52.0,195.0,21.05263157894737,2712.0,0.0,1.9915688315499576,199.15688315499574,8107.15,7907.960000000001,1.0251885442010327,0.25988935150477355,23.17181660536536,91.0,20.0,71.0,21.978021978021978,923.18,0.0
47,-0.5863041082820758,95,20,61.0,45.0,18,8,3.3000000000000003,12,20,0.8,3.6,0.016,0.6000000000000001,1.0,-6.717980177100053,-671.7980177100053,12099.969999999998,12771.829999999998,0.947395165767161,-0.1915209633208266,17.831005983772663,278.0,65.0,213.0,23.381294964028775,1645.98,0.0,-8.147238484350074,-814.7238484350073,4598.81,5413.520000000001,0.8495045737339105,-0.7597927260560543,17.220601913960287,125.0,25.0,100.0,20.0,712.29,0.0
188,-0.5905091385047303,146,19,58.0,30.0,18,6,3.6,17,46,1.1,3.0,0.028,0.55,2.5,-9.80315531435017,-980.315531435017,14199.72,15180.05,0.9354198438081561,-0.1659735029208895,26.243187048804835,160.0,41.0,119.0,25.625,2276.51,0.0,-2.376786846350078,-237.6786846350078,6360.4800000000005,6598.150000000001,0.9639792972272531,-0.021191908468147443,23.195534861459258,68.0,21.0,47.0,30.88235294117647,914.24,0.0
54,-0.599829732799802,102,11,61.0,40.0,15,11,3.2,4,27,0.6,4.0,0.017,0.6000000000000001,1.0,-6.399511707850052,-639.9511707850052,8594.84,9234.73,0.9307083152404023,-0.3821922682278226,24.903888236306354,325.0,70.0,255.0,21.53846153846154,2018.52,0.0,-9.66478965250024,-966.478965250024,2169.86,3136.3199999999997,0.6918490460157127,-1.773057395468857,11.454562112634264,119.0,23.0,96.0,19.327731092436974,677.43,0.0
60,-0.6002494398233988,143,18,69.0,20.0,17,5,3.7,11,35,0.8,3.9000000000000004,0.018000000000000002,0.75,1.0,-8.386523798400031,-838.652379840003,13784.850000000002,14623.5,0.9426505282593088,-0.17062579113059495,28.29121488489018,213.0,48.0,165.0,22.535211267605632,1607.33,0.0,-9.092512167999939,-909.2512167999939,5134.62,6043.920000000001,0.8495512845967517,-0.5705056677221589,22.06661075464321,87.0,18.0,69.0,20.689655172413794,587.16,0.0
207,-0.6057667100923975,136,19,57.0,29.0,17,7,3.7,17,47,1.0,2.7,0.03,0.5,2.0,-9.236779762749993,-923.6779762749993,10331.38,11255.0,0.9179369169258107,-0.3064196780575742,18.57103751554372,186.0,51.0,135.0,27.419354838709676,1877.96,0.0,-5.860653180949957,-586.0653180949957,3917.4399999999996,4503.48,0.8698695231243394,-0.4619581949386128,16.060705417266874,67.0,22.0,45.0,32.83582089552239,675.27,0.0
5,-0.6091591050430556,121,9,55.0,41.0,17,16,3.3000000000000003,5,24,0.6,3.6,0.021,0.4,1.0,-4.595018164749872,-459.5018164749872,1512.51,1972.0599999999997,0.7669695648205431,-0.8367578526572169,7.3422952142217435,141.0,33.0,108.0,23.404255319148938,553.68,0.0,-3.9510139129999877,-395.1013912999988,346.09999999999997,741.1999999999999,0.4669454937938478,-2.338659142116015,4.214769563355841,47.0,10.0,37.0,21.27659574468085,181.34,0.0
8,-0.6233690088667061,141,19,71.0,42.0,19,7,3.7,13,43,1.9000000000000001,1.9,0.007,0.35,2.5,-8.979118933649916,-897.9118933649916,4531.67,5429.61,0.8346216394916026,-0.7610071612513353,10.90239336407984,129.0,44.0,85.0,34.10852713178294,791.46,0.0,-1.97566073925007,-197.566073925007,2788.0499999999997,2985.64,0.933819884513873,-0.2989690977548745,8.061896661844466,68.0,25.0,43.0,36.76470588235294,412.95,0.0
154,-0.6238967188524518,150,20,59.0,30.0,17,5,3.5,18,10,1.3,2.8,0.029,0.7,1.5,-11.27531002250007,-1127.531002250007,10779.48,11906.92,0.905312205003477,-0.347519564478977,22.54198931735498,176.0,46.0,130.0,26.136363636363637,1777.69,0.0,-6.041596990450034,-604.1596990450034,4548.35,5152.51,0.8827445264540972,-0.3655941611865567,18.72219075844858,66.0,21.0,45.0,31.818181818181817,655.35,0.0
56,-0.6242567674660523,110,11,59.0,44.0,13,12,2.9000000000000004,8,37,0.5,2.1,0.02,0.6000000000000001,2.0,-10.413977717600083,-1041.3977717600083,9729.299999999997,10770.67,0.9033142784989232,-0.510765797033877,27.966141236869174,249.0,87.0,162.0,34.93975903614458,2973.06,0.0,-5.384020480350063,-538.4020480350064,2700.63,3239.06,0.8337696739177416,-0.832780683299175,13.009724883758745,82.0,31.0,51.0,37.80487804878049,937.94,0.0
237,-0.6248576069137421,123,19,58.0,31.0,17,8,3.7,16,50,0.9,3.0,0.03,0.5,2.0,-12.34205605575,-1234.205605575,13955.919999999998,15190.099999999999,0.9187510286304895,-0.3215152737168204,33.68929931289093,216.0,57.0,159.0,26.38888888888889,2288.83,0.0,-4.754184566900022,-475.41845669000213,5544.25,6019.69,0.9210191886957635,-0.2851236939082583,16.498472972201704,80.0,24.0,56.0,30.0,809.61,0.0
177,-0.6346624575725804,145,20,57.0,30.0,16,6,3.5,17,43,1.2000000000000002,2.9000000000000004,0.03,0.55,3.5,-14.01608431900031,-1401.608431900031,16939.01,18340.679999999997,0.9235758979492582,-0.2323581879200841,39.160773132433754,139.0,37.0,102.0,26.618705035971225,2878.65,0.0,-5.7631825794999525,-576.3182579499953,7088.58,7664.919999999999,0.9248080867119293,-0.17227318709331174,28.187185671888713,61.0,17.0,44.0,27.868852459016395,1106.32,0.0
99,-0.6413629387000412,123,21,62.0,32.0,20,4,3.6,13,39,1.6,2.9000000000000004,0.026000000000000002,0.65,1.5,18.954382652750137,1895.4382652750137,17503.84,15608.43,1.1214350194093832,0.6391230953777216,21.005051294220305,164.0,50.0,114.0,30.48780487804878,1918.62,0.0,-0.3253917578999972,-32.53917578999972,5386.61,5419.130000000001,0.9939990367457504,0.09811671665017851,22.03534177140643,65.0,18.0,47.0,27.692307692307693,591.4300000000001,0.0
15,-0.6463168818962999,125,11,65.0,40.0,15,15,2.8,4,28,0.8,3.7,0.02,0.65,1.0,-10.477025715099971,-1047.7025715099971,3180.62,4228.280000000001,0.7522254912162863,-0.9332705566325767,19.24854637425061,138.0,28.0,110.0,20.28985507246377,861.15,0.0,-0.5122410601999581,-51.224106019995816,1265.2499999999998,1316.48,0.9610856222654349,-0.11170499795477035,4.127401475997791,46.0,14.0,32.0,30.434782608695652,295.13,0.0
4,-0.6471583590047921,31,9,56.0,28.0,12,8,3.5,10,21,1.3,1.4,0.025,0.25,5.0,-9.617786367499903,-961.7786367499903,7701.3,8663.14,0.8889732822048357,-0.5565218683345344,19.49457764286159,201.0,92.0,109.0,45.77114427860697,2396.45,0.0,-13.635029745349895,-1363.5029745349893,2375.8999999999996,3739.4,0.6353693105845857,-2.1276623929660783,20.097657626511992,71.0,29.0,42.0,40.84507042253521,843.47,0.0
55,-0.6640064007291989,119,10,56.0,37.0,17,13,3.1,4,31,0.7,3.6,0.021,0.7,1.0,-10.19500899595012,-1019.500899595012,3364.04,4383.489999999999,0.7674341677521794,-0.9464561190733197,16.106222650475136,162.0,35.0,127.0,21.604938271604937,1089.32,0.0,-7.353982859700009,-735.3982859700009,730.95,1466.3399999999997,0.49848602643316026,-2.3505069333604123,7.53999658775823,48.0,10.0,38.0,20.833333333333332,319.1,0.0
296,-0.6738157875494464,118,20,57.0,27.0,7,6,3.2,14,49,1.2000000000000002,2.6,0.027,0.5,3.0,26.071250395899952,2607.125039589995,23643.300000000007,21036.180000000004,1.1239350490440756,0.7461069505242999,23.00772291665704,193.0,68.0,125.0,35.233160621761655,3579.27,0.0,-2.5634079557001135,-256.3407955700113,8345.939999999999,8602.279999999999,0.9702009234761017,-0.001669318576076283,24.68956912869144,76.0,21.0,55.0,27.63157894736842,1176.17,0.0
106,-0.6774450072508071,133,21,61.0,28.0,20,5,3.4000000000000004,12,48,1.7000000000000002,2.7,0.027,0.7,1.0,12.707584189550033,1270.7584189550034,9919.04,8648.279999999999,1.1469378882274859,0.6585191290430454,17.353358282612483,136.0,41.0,95.0,30.147058823529413,1108.0,0.0,-0.17159137015003578,-17.15913701500358,3213.44,3230.5899999999997,0.9946913721642178,0.05960466344397803,13.769327641844537,56.0,15.0,41.0,26.785714285714285,381.55,0.0
292,-0.6864527419474897,117,20,57.0,27.0,7,6,3.3000000000000003,13,50,1.2000000000000002,1.3,0.028,0.5,3.0,-16.02522056559992,-1602.522056559992,13747.169999999998,15349.64,0.8956021118410594,-0.5042439272829203,28.39565195945776,229.0,105.0,124.0,45.851528384279476,3165.14,0.0,-12.874737602750082,-1287.4737602750083,6256.009999999999,7543.46,0.8293289816609354,-0.8996056552776507,19.7828897178576,88.0,37.0,51.0,42.04545454545455,1280.65,0.0
50,-0.6897832641089707,127,13,59.0,43.0,20,6,2.2,13,43,0.5,3.8000000000000003,0.009000000000000001,0.7,2.0,-19.12724725309996,-1912.7247253099958,12797.42,14710.19,0.8699697284671374,-0.789620172577692,31.30998502272041,260.0,60.0,200.0,23.076923076923077,3097.98,0.0,-1.1361658517000433,-113.61658517000433,4412.79,4526.400000000001,0.9749005832449628,-0.05622343228023853,9.89329733285752,81.0,23.0,58.0,28.395061728395063,1005.49,0.0
75,-0.7089590628701719,145,17,65.0,24.0,20,4,3.8000000000000003,8,44,1.1,3.7,0.027,0.75,1.0,12.665303582350171,1266.530358235017,14761.98,13495.400000000001,1.0938527201861374,0.5279759244461141,22.513488496369725,198.0,46.0,152.0,23.232323232323232,1703.31,0.0,-0.4075395480498992,-40.75395480498992,5139.74,5180.53,0.9921262882369178,0.06884493603125802,17.070478617510908,86.0,21.0,65.0,24.41860465116279,625.26,0.0
275,-0.7233081643190855,117,20,57.0,26.0,8,6,3.3000000000000003,14,48,1.1,2.9000000000000004,0.027,0.45,2.0,17.522453977800144,1752.2453977800142,14929.73,13177.49,1.1329722124623127,0.70928224263143,16.86656764217112,206.0,66.0,140.0,32.03883495145631,2115.5,0.0,-1.576947825549978,-157.6947825549978,5317.67,5475.34,0.9712036147526911,-0.026876693224771032,17.116293444366367,80.0,22.0,58.0,27.5,738.92,0.0
64,-0.724387392577494,150,21,62.0,21.0,17,5,3.8000000000000003,6,36,0.7,1.6,0.018000000000000002,0.75,1.0,-20.94058859559992,-2094.058859559992,11926.449999999999,14020.48,0.8506449137262062,-1.0377958572153112,30.39786943290495,378.0,147.0,231.0,38.888888888888886,2656.38,0.0,-3.659323640049879,-365.9323640049879,5459.330000000001,5825.299999999998,0.9371757677716174,-0.3275859712938317,11.907239157573347,134.0,55.0,79.0,41.04477611940298,1007.58,0.0
23,-0.733130553492555,136,12,63.0,45.0,15,11,3.0,8,30,0.5,3.4000000000000004,0.019,0.7,1.0,-20.024382116299915,-2002.4382116299912,7813.16,9815.64,0.7959908880113777,-1.2840516139078701,31.956279082372536,296.0,72.0,224.0,24.324324324324323,1953.57,0.0,-2.7854622613999527,-278.54622613999527,3059.4199999999996,3337.99,0.9165455858166142,-0.364009908437996,11.899839923497233,100.0,31.0,69.0,31.0,671.95,0.0
27,-0.7442540892454723,130,10,60.0,34.0,17,10,3.5,9,27,0.6,2.4000000000000004,0.012,0.65,1.5,-19.40166668724993,-1940.1666687249926,8228.630000000001,10168.79,0.8092044382861678,-1.143096996424793,20.38956226644993,277.0,83.0,194.0,29.96389891696751,2426.68,0.0,-10.736005480700005,-1073.6005480700005,2534.37,3607.939999999999,0.7024423909488519,-1.621828113923575,15.17678019314371,95.0,32.0,63.0,33.68421052631579,867.39,0.0
199,-0.760773721252473,139,19,60.0,28.0,18,7,3.4000000000000004,17,46,1.1,3.0,0.03,0.45,2.0,23.129525396650077,2312.952539665008,15576.86,13263.89,1.174380969685364,0.8320941049554875,20.59497465604721,168.0,48.0,120.0,28.571428571428573,1876.63,0.0,-3.9304435187999665,-393.0443518799966,4244.46,4637.49,0.9152494129367396,-0.25514289209676,14.88843491800952,66.0,19.0,47.0,28.78787878787879,600.47,0.0
39,-0.7735508672585367,145,12,56.0,37.0,9,16,3.3000000000000003,18,22,0.6,3.9000000000000004,0.024,0.6000000000000001,3.0,-21.851416032900097,-2185.1416032900097,9173.210000000001,11358.3,0.8076217391687137,-0.7317889005951493,33.10001071821345,144.0,31.0,113.0,21.52777777777778,2307.77,0.0,-21.587894638450006,-2158.7894638450007,1912.7999999999997,4071.5699999999997,0.46979420714859377,-1.8548912670031323,24.227402100576363,49.0,10.0,39.0,20.408163265306122,781.85,0.0
59,-0.7851459725763099,147,19,65.0,22.0,16,4,3.8000000000000003,15,39,0.9,4.0,0.022000000000000002,0.75,1.0,3.7770147723999075,377.7014772399907,14295.789999999999,13918.01,1.027143248208616,0.23020034591027153,26.558723674666368,183.0,45.0,138.0,24.59016393442623,1484.02,0.0,-0.0963903501000641,-9.63903501000641,4775.299999999999,4784.95,0.9979832600131662,0.11373094189750414,15.672962593288819,59.0,10.0,49.0,16.949152542372882,424.59,0.0
144,-0.7913824609996933,29,20,62.0,33.0,7,4,3.7,19,39,1.3,3.1,0.025,0.6000000000000001,1.0,22.300418727549896,2230.0418727549895,17944.89,15714.900000000001,1.1419029074318003,0.8550483215392031,15.61669357635881,269.0,72.0,197.0,26.765799256505577,1967.86,0.0,-4.272965449249932,-427.2965449249932,6080.219999999999,6507.580000000001,0.9343288903094543,-0.24931731465794893,22.90746721428543,124.0,33.0,91.0,26.612903225806452,703.07,0.0
277,-0.801279828194452,110,20,56.0,26.0,7,6,3.4000000000000004,14,47,1.1,2.8,0.027,0.45,2.0,15.670049492000052,1567.0049492000053,14568.679999999998,13001.64,1.1205263336009919,0.6696197039009248,12.608093707201535,221.0,71.0,150.0,32.126696832579185,2270.33,0.0,-2.3423098511500573,-234.23098511500575,4946.5,5180.7300000000005,0.9547882248254589,-0.1118764820230912,16.04610866340247,83.0,22.0,61.0,26.50602409638554,785.31,0.0
2,-0.8035495772419589,97,7,70.0,24.0,7,20,3.9000000000000004,17,22,0.6,3.1,0.016,0.3,3.0,-25.84533808279992,-2584.5338082799917,11194.210000000001,13778.75,0.8124256554477003,-0.9826314954945877,32.967699655815736,250.0,62.0,188.0,24.8,2006.66,0.0,-18.24773381080004,-1824.7733810800037,3932.03,5756.83,0.6830199953794015,-1.6037076134162809,25.20846248916965,99.0,23.0,76.0,23.232323232323232,785.81,0.0
200,-0.8112041800266574,136,19,58.0,29.0,17,7,3.7,17,47,1.1,2.9000000000000004,0.029,0.45,2.5,14.399893252799847,1439.9893252799848,16069.310000000001,14629.320000000002,1.0984317794675351,0.5512081441120811,17.127261784826974,174.0,52.0,122.0,29.885057471264368,2312.03,0.0,-2.06235215694991,-206.23521569499098,5540.32,5746.54,0.9641140581984985,-0.05289292020291043,18.089570438751604,70.0,23.0,47.0,32.857142857142854,815.72,0.0
204,-0.8355361047761902,139,19,59.0,30.0,17,8,3.5,17,48,1.1,2.9000000000000004,0.029,0.45,2.0,17.902157722649882,1790.2157722649881,12711.8,10921.550000000001,1.1639190407954914,0.7625921392565128,16.023312973181746,168.0,50.0,118.0,29.761904761904763,1697.31,0.0,-3.6591180737499776,-365.9118073749978,3732.3,4098.19,0.9107191223442546,-0.2490656792901461,12.786781161218785,61.0,18.0,43.0,29.508196721311474,561.17,0.0
126,-0.8355980769908762,137,20,61.0,33.0,21,6,3.5,12,43,1.3,2.3,0.025,0.6000000000000001,1.0,10.746249702150145,1074.6249702150144,9860.59,8785.99,1.1223083568271761,0.6516391337464458,14.957748963699313,181.0,59.0,122.0,32.59668508287293,1278.67,0.0,-1.6202535130500473,-162.02535130500473,3315.89,3477.8799999999997,0.95342277479384,-0.14542320885520946,11.964465774624964,72.0,25.0,47.0,34.72222222222222,424.48,0.0
284,-0.837660196147875,113,20,57.0,26.0,7,7,3.4000000000000004,14,46,1.2000000000000002,2.8,0.027,0.45,5.0,31.922255957449998,3192.2255957449997,37158.89,33966.67,1.0939809525043227,0.714125238076985,27.730817027379263,206.0,70.0,136.0,33.980582524271846,5926.32,0.0,-8.92091685860003,-892.091685860003,12175.929999999997,13068.000000000002,0.9317363024181202,-0.19793970174789016,31.976368618457503,83.0,22.0,61.0,26.50602409638554,1945.41,0.0
224,-0.8392320584228394,132,19,58.0,28.0,18,7,3.8000000000000003,16,50,1.0,2.9000000000000004,0.03,0.45,2.0,16.729422208249908,1672.9422208249907,15060.23,13387.31,1.1249631180573245,0.6910014374531541,16.407135969006113,196.0,60.0,136.0,30.612244897959183,2136.94,0.0,-3.2398985643499687,-323.9898564349969,4352.53,4676.539999999999,0.9307158711354977,-0.22458661404994013,13.492083836109067,70.0,21.0,49.0,30.0,633.1,0.0
18,-0.8455446953817385,84,17,65.0,38.0,19,5,2.4000000000000004,15,16,1.2000000000000002,2.3,0.013000000000000001,0.65,1.5,-28.545467067449735,-2854.5467067449736,12445.659999999998,15300.199999999999,0.8134311969778172,-1.19748043557943,37.06954369710771,287.0,83.0,204.0,28.9198606271777,2210.77,0.0,-22.39850794280017,-2239.850794280017,4957.009999999999,7196.870000000001,0.688773036055952,-2.3259199141235007,27.914644308577735,120.0,31.0,89.0,25.833333333333332,993.68,0.0
1,-0.8564037229308488,43,9,62.0,33.0,13,8,2.8,6,21,1.0,2.4000000000000004,0.025,0.35,3.0,-33.888364703150096,-3388.83647031501,11116.52,14505.34,0.7663743145627748,-1.483462115455514,39.1718611656236,353.0,96.0,257.0,27.195467422096318,2926.91,0.0,-7.216498564099948,-721.6498564099948,6093.67,6815.31,0.8941148678490046,-0.6141397873196397,13.856715128015404,147.0,50.0,97.0,34.01360544217687,1507.96,0.0
29,-0.8781336951240457,141,21,77.0,30.0,7,7,3.4000000000000004,6,35,0.5,1.0,0.022000000000000002,0.7,1.5,-32.73109209665017,-3273.1092096650173,15348.05,18621.28,0.8242209987712982,-1.3902429147854807,34.970589185000165,507.0,256.0,251.0,50.4930966469428,4436.79,0.0,-20.642001528450102,-2064.20015284501,7350.449999999999,9414.64,0.7807467943543247,-1.818082320901952,26.64264270146255,194.0,98.0,96.0,50.51546391752577,1825.1,0.0
256,-0.8799240267122513,134,19,58.0,29.0,18,6,3.8000000000000003,16,50,1.0,2.7,0.03,0.45,2.0,7.449321877250004,744.9321877250004,13747.39,13002.470000000001,1.057290653237423,0.3797918316581299,16.828636283831568,204.0,64.0,140.0,31.372549019607842,2088.0,0.0,-1.142432759350013,-114.2432759350013,4652.08,4766.29,0.9760379666365244,-0.017817010061759276,14.364629107503301,73.0,24.0,49.0,32.87671232876713,664.0,0.0
98,-0.8982525312925232,128,21,61.0,33.0,21,4,3.7,12,45,1.8,2.9000000000000004,0.025,0.65,4.5,28.3860810660499,2838.60810660499,28601.45,25762.829999999998,1.1101827710697934,0.6673790855669643,20.797318316324283,132.0,44.0,88.0,33.333333333333336,3692.75,0.0,-13.780776713400044,-1378.0776713400046,7657.6900000000005,9035.769999999999,0.8474861577928612,-0.4976179031280223,36.20899764345305,56.0,15.0,41.0,26.785714285714285,1085.8700000000001,0.0
104,-0.9068079638562845,125,20,63.0,35.0,18,5,3.6,11,37,1.8,2.8,0.029,0.65,1.0,10.570683850049937,1057.0683850049936,8597.76,7540.690000000001,1.1401821318738734,0.5772923035116149,9.695862077584609,138.0,43.0,95.0,31.159420289855074,959.41,0.0,-2.29183088020005,-229.18308802000502,3160.48,3389.68,0.9323829978051026,-0.18596695825310114,13.818500733227587,60.0,16.0,44.0,26.666666666666668,372.74,0.0
153,-0.9344109134505648,143,19,61.0,32.0,17,5,3.3000000000000003,17,41,1.2000000000000002,2.7,0.028,0.65,1.5,19.582187480650155,1958.2187480650155,16477.320000000003,14519.14,1.1348688696437945,0.7122925984820897,21.409034157134858,175.0,53.0,122.0,30.285714285714285,2069.26,0.0,-6.862580901199944,-686.2580901199944,4681.24,5367.469999999999,0.8721501936666624,-0.3831671342053442,23.580996771904992,66.0,19.0,47.0,28.78787878787879,583.36,0.0
95,-0.9599462046416947,146,20,64.0,31.0,18,6,3.5,11,38,1.3,3.3000000000000003,0.021,0.65,1.5,3.795487994399882,379.5487994399882,15639.820000000002,15260.25,1.0248731180681838,0.23068383172286205,23.255051770047142,176.0,42.0,134.0,23.863636363636363,1831.83,0.0,-0.7525634148499739,-75.25634148499739,5685.650000000001,5760.9400000000005,0.986930952240433,0.07150000438319372,21.27927871553922,68.0,17.0,51.0,25.0,609.1,0.0
78,-0.9638725784494211,147,19,70.0,24.0,19,6,3.7,12,50,1.0,3.5,0.023000000000000003,0.7,1.0,6.42581247969989,642.5812479699889,14310.260000000002,13667.689999999999,1.047013796771803,0.32262263716485573,23.557116670185906,199.0,46.0,153.0,23.115577889447238,1523.22,0.0,-1.448003929299921,-144.80039292999209,5469.759999999999,5614.570000000001,0.9742081762272086,-0.0022928997502951573,20.201196392139273,77.0,19.0,58.0,24.675324675324674,518.71,0.0
262,-0.9690255997368789,130,20,57.0,27.0,17,6,3.6,15,49,1.1,2.9000000000000004,0.028,0.4,4.5,6.88012215619985,688.012215619985,26007.340000000004,25319.25,1.0271765553876993,0.3083122498831936,33.66353691951746,183.0,55.0,128.0,30.05464480874317,4202.7,0.0,-1.586286896200054,-158.6286896200054,8309.82,8468.42,0.9812715949374263,0.06287248557497695,27.067360965609886,69.0,21.0,48.0,30.434782608695652,1220.66,0.0
240,-0.9766196503334565,136,18,59.0,31.0,18,7,3.8000000000000003,15,48,1.1,2.9000000000000004,0.029,0.45,2.0,14.070742540999944,1407.0742540999945,12559.159999999998,11152.039999999999,1.1261760180200213,0.6263855985378249,15.549166232497768,176.0,54.0,122.0,30.681818181818183,1798.95,0.0,-6.350576616449871,-635.0576616449871,3890.3299999999995,4525.389999999999,0.8596673435880664,-0.518684833600364,14.410296003616649,70.0,21.0,49.0,30.0,632.84,0.0
156,-0.9791124553184078,148,19,62.0,32.0,18,5,3.6,19,18,1.4,2.7,0.03,0.7,1.5,14.90149787670003,1490.1497876700032,16040.710000000003,14550.59,1.102409593013067,0.5542613590926991,25.187715334760725,169.0,50.0,119.0,29.585798816568047,1977.48,0.0,-7.125655903749921,-712.5655903749921,5338.329999999999,6050.93,0.8822329790627224,-0.4057823824762588,27.104860690317658,71.0,21.0,50.0,29.577464788732396,690.83,0.0
30,-0.9930927427728798,100,12,64.0,38.0,13,6,2.6,10,32,0.7,2.9000000000000004,0.025,0.75,2.0,19.103544769500093,1910.3544769500095,38398.369999999995,36488.020000000004,1.0523555402567744,0.5508705483878401,36.67930001980275,336.0,97.0,239.0,28.86904761904762,6568.67,0.0,-19.865545868149994,-1986.5545868149993,9114.81,11101.4,0.8210504981353703,-1.0786091035045797,36.142740086728,126.0,33.0,93.0,26.19047619047619,1775.93,0.0
173,-1.0245866006694457,145,19,58.0,31.0,17,5,3.5,17,44,1.3,3.0,0.03,0.55,3.0,-7.284341525050186,-728.4341525050186,16084.759999999998,16813.24,0.9566722416381374,-0.0545751889157314,41.02350205758107,134.0,36.0,98.0,26.865671641791046,2439.5,0.0,-15.354877853500057,-1535.4877853500057,5198.3,6733.8,0.7719712495173602,-0.8243438785663781,26.761599628468357,60.0,15.0,45.0,25.0,881.98,0.0
137,-1.02906516952467,67,19,61.0,30.0,21,4,3.6,20,40,1.5,1.9,0.027,0.55,1.0,9.734295338500123,973.4295338500124,11690.82,10717.420000000002,1.0908240975906514,0.5795278081442837,14.07640637287356,271.0,98.0,173.0,36.162361623616235,1626.77,0.0,-11.754679020150089,-1175.4679020150088,3269.75,4445.1900000000005,0.7355703580724333,-1.4500670412879717,17.928181285007767,99.0,31.0,68.0,31.31313131313131,496.38,0.0
14,-1.0502994168317346,112,16,60.0,40.0,21,4,2.1,20,31,0.8,2.8,0.02,0.6000000000000001,1.0,5.057337431950145,505.73374319501454,10953.710000000001,10447.99,1.0484035685332778,0.3340061114497393,21.749540262825086,251.0,71.0,180.0,28.286852589641434,1692.12,0.0,-2.4138137604000987,-241.38137604000985,3622.8,3864.22,0.9375242610410381,-0.26151405952811235,15.276001129960934,101.0,30.0,71.0,29.702970297029704,581.98,0.0
230,-1.0569813520953582,83,19,59.0,31.0,17,7,3.8000000000000003,16,49,1.1,3.0,0.03,0.45,2.0,7.184271944500015,718.4271944500015,16465.66,15747.26,1.0456206349549064,0.32785700655203254,26.52608071182415,201.0,55.0,146.0,27.36318407960199,2099.46,0.0,-9.408723176650165,-940.8723176650165,6426.429999999999,7367.329999999999,0.8722875180017727,-0.5220025387954423,26.325891956239012,99.0,29.0,70.0,29.292929292929294,830.4399999999999,0.0
190,-1.0582096309723958,141,19,60.0,32.0,18,7,3.5,18,44,1.2000000000000002,3.3000000000000003,0.03,0.45,2.5,4.917097964450004,491.7097964450004,15060.58,14568.88,1.0337500205918368,0.26205166336440894,25.860450557202768,147.0,38.0,109.0,25.85034013605442,1933.26,0.0,-3.035633983650005,-303.56339836500047,5441.26,5744.830000000001,0.9471577052758741,-0.09673541134331112,18.803360677429843,62.0,16.0,46.0,25.806451612903224,713.1,0.0
216,-1.0796440124188462,134,18,59.0,30.0,18,7,3.9000000000000004,16,49,1.0,3.0,0.03,0.5,2.0,2.088075431449943,208.80754314499427,15058.7,14849.880000000001,1.0140620664948135,0.17636217647245703,24.448383885573787,190.0,56.0,134.0,29.473684210526315,2171.31,0.0,-1.4949519707000036,-149.49519707000036,5236.3,5385.82,0.9722382107088615,-0.015732648288140607,13.718106762603943,69.0,21.0,48.0,30.434782608695652,715.68,0.0
102,-1.0893992561859493,126,20,60.0,30.0,18,5,3.5,13,47,1.7000000000000002,2.5,0.03,0.65,1.0,1.4418114469500143,144.18114469500142,7267.030000000001,7122.849999999999,1.0202418975550518,0.14443670611790543,14.129828140542006,147.0,45.0,102.0,30.612244897959183,990.75,0.0,-2.912653791999965,-291.26537919999646,2718.29,3009.5899999999997,0.9032094072614543,-0.290430610529017,11.181119958637574,54.0,16.0,38.0,29.62962962962963,337.12,0.0
195,-1.0958992944248331,136,18,59.0,31.0,18,6,3.6,18,46,1.2000000000000002,3.3000000000000003,0.029,0.45,2.5,0.10633225704996221,10.63322570499622,13806.9,13796.24,1.0007726742938656,0.11507502075660933,23.24436702279924,154.0,41.0,113.0,26.623376623376622,1954.45,0.0,-0.8248795637999682,-82.48795637999683,5622.089999999999,5704.56,0.9855431444318228,0.06352389080742292,20.135272004475446,64.0,17.0,47.0,26.5625,724.51,0.0
17,-1.1006188807394741,86,17,59.0,30.0,21,4,2.0,11,17,0.9,3.0,0.017,0.6000000000000001,2.0,5.044818298899973,504.48182988999724,21035.74,20531.230000000003,1.024572809325111,0.2668366632583078,28.472537216790833,297.0,84.0,213.0,28.282828282828284,3800.75,0.0,-17.2439076424001,-1724.39076424001,6019.4400000000005,7743.82,0.7773217869217003,-1.3327349539782607,25.70638229695116,124.0,29.0,95.0,23.387096774193548,1293.08,0.0
246,-1.1074180447197994,123,19,57.0,30.0,17,7,3.8000000000000003,16,47,1.0,2.9000000000000004,0.029,0.45,2.0,0.00995939170004931,0.9959391700049309,12012.65,12011.71,1.000078256967576,0.09099573274285096,16.68795256758354,206.0,57.0,149.0,27.66990291262136,1952.12,0.0,-4.015124265199993,-401.5124265199993,4258.689999999999,4660.25,0.913832948876133,-0.300753815896773,15.847796918573545,72.0,23.0,49.0,31.944444444444443,653.68,0.0
62,-1.1979977131336133,138,20,64.0,22.0,16,5,3.4000000000000004,13,32,0.6,3.9000000000000004,0.02,0.7,1.5,-25.27477364474996,-2527.4773644749957,15768.560000000001,18296.09,0.8618540901361985,-0.5631861753243509,43.27098077702579,207.0,39.0,168.0,18.840579710144926,2001.05,0.0,-4.5602607757499936,-456.02607757499936,7085.379999999999,7541.41,0.9395298757128971,-0.09867762156648471,23.77217782781866,83.0,18.0,65.0,21.686746987951807,777.52,0.0
28,-1.3734722990429304,117,13,63.0,43.0,10,13,2.9000000000000004,12,24,0.8,3.2,0.016,0.6000000000000001,2.5,-39.46531607135001,-3946.5316071350007,10676.41,14622.94,0.73011378012903,-1.6286298122404588,43.35906510962802,216.0,49.0,167.0,22.685185185185187,2606.51,0.0,-7.204557250599973,-720.4557250599973,4312.29,5032.770000000001,0.8568422558551253,-0.6243302540705397,17.87978457659117,64.0,18.0,46.0,28.125,913.42,0.0
0,-10.0,69,21,74.0,35.0,9,6,1.1,18,34,1.6,1.0,0.03,0.7,1.5,1.647755745449995,164.77557454499947,164.78,0.0,99.0,1.2692900550454922,0.4292016822634743,2.0,2.0,0.0,100.0,21.11,0.0,0.32254971705000574,32.25497170500057,32.25,0.0,99.0,1.2441630939062283,0.15619768949998616,1.0,1.0,0.0,100.0,10.44,0.0
3,-10.0,24,20,61.0,37.0,11,12,2.6,7,49,1.7000000000000002,3.9000000000000004,0.028,0.55,5.0,-23.375390381199903,-2337.5390381199904,14536.960000000001,16874.539999999997,0.8614729645963685,-0.35880969210419983,60.031863914226655,109.0,22.0,87.0,20.18348623853211,2494.18,0.0,19.80879055835021,1980.879055835021,7957.03,5976.139999999999,1.3314664649757202,1.0870103294596376,24.575900907147297,37.0,11.0,26.0,29.72972972972973,1050.42,0.0
6,-10.0,60,11,73.0,36.0,20,12,1.3,16,41,1.3,3.3000000000000003,0.017,0.5,2.5,,,,,,,,,,,,,,-0.45105408510000417,-45.105408510000416,0.0,45.11,0.0,-1.3299505356512697,0.45502998785192283,1.0,0.0,1.0,0.0,12.47,0.0
7,-10.0,23,8,55.0,36.0,11,12,3.8000000000000003,8,26,1.7000000000000002,1.7000000000000002,0.007,0.4,1.5,1.9723615300999517,197.23615300999518,2112.8599999999997,1915.6599999999999,1.1029410229372643,0.376585437922018,4.425313646864887,90.0,43.0,47.0,47.77777777777778,531.61,0.0,2.2242830558500284,222.42830558500282,620.4300000000001,398.03000000000003,1.5587518528754114,1.1220841847980958,2.3969822967011396,19.0,11.0,8.0,57.89473684210526,114.57,0.0
9,-10.0,127,19,55.0,33.0,13,7,1.3,9,48,1.0,2.6,0.023000000000000003,0.4,5.0,-3.0901117071000046,-309.01117071000044,0.0,309.0,0.0,-1.2766343207223645,3.0901117071000046,3.0,0.0,3.0,0.0,58.95,0.0,-0.7985522527999637,-79.85522527999638,108.67,188.53,0.5764069378878693,-0.6850486348215797,1.8650167053254951,3.0,1.0,2.0,33.333333333333336,60.27,0.0
10,-10.0,105,14,80.0,20.0,17,19,2.1,4,12,0.5,4.0,0.014000000000000002,0.75,4.0,-4.241990827350037,-424.1990827350037,213.55,637.76,0.3348438283993979,-0.614843881458499,6.3141146413254985,7.0,1.0,6.0,14.285714285714286,205.55,0.0,8.006767462700008,800.6767462700009,1190.6599999999999,389.98,3.053130929791271,1.4338206552859862,3.7971435775345146,6.0,3.0,3.0,50.0,163.16,0.0
11,-10.0,150,16,66.0,45.0,18,17,3.2,12,34,1.9000000000000001,2.0,0.005,0.5,1.0,-3.611486893249948,-361.14868932499485,1361.8700000000003,1723.0,0.7904062681369706,-0.721362416123466,7.184833119828034,58.0,19.0,39.0,32.758620689655174,253.21,0.0,-3.4263909329499804,-342.639093294998,423.28999999999996,765.9200000000001,0.5526556298307916,-1.3174460306728408,3.9297050645790166,24.0,6.0,18.0,25.0,104.62,0.0
12,-10.0,149,13,80.0,44.0,16,15,3.2,14,10,2.0,3.4000000000000004,0.01,0.45,2.0,-4.622681052500029,-462.2681052500029,4727.860000000001,5190.15,0.9109293565696561,-0.24149570054683633,14.50039421393838,86.0,22.0,64.0,25.58139534883721,650.81,0.0,3.815557919050007,381.55579190500066,2238.9,1857.33,1.205440067193229,0.5911638233305995,8.761867474408042,30.0,9.0,21.0,30.0,236.67,0.0
19,-10.0,92,15,58.0,43.0,21,9,1.7000000000000002,11,38,0.7,2.7,0.023000000000000003,0.55,2.0,-2.078032400050033,-207.80324000500332,2134.75,2342.54,0.9112971390029626,-0.1869469436217636,9.492593108525265,56.0,16.0,40.0,28.571428571428573,598.57,0.0,-7.335588954550039,-733.558895455004,166.78,900.3499999999999,0.18523907369356363,-3.5225113711935347,8.324880603449289,19.0,2.0,17.0,10.526315789473685,200.93,0.0
20,-10.0,73,18,62.0,39.0,19,10,1.7000000000000002,14,16,1.1,3.0,0.027,0.75,3.5,-20.300554355749874,-2030.0554355749873,6616.57,8646.58,0.7652239382507303,-0.6824294036052265,34.118341530781414,66.0,17.0,49.0,25.757575757575758,1535.69,0.0,-6.195405666450079,-619.5405666450079,2752.12,3371.6800000000003,0.8162459070848953,-0.5960037096932472,17.40576235372796,25.0,7.0,18.0,28.0,632.7,0.0
25,-10.0,134,11,68.0,42.0,9,18,2.5,9,31,0.7,3.3000000000000003,0.023000000000000003,0.7,2.0,3.981083599299964,398.10835992999637,2107.7699999999995,1709.6699999999998,1.2328519538858373,0.42151763661931024,9.127982347382186,26.0,9.0,17.0,34.61538461538461,384.24,0.0,7.036500801200073,703.6500801200073,1224.07,520.43,2.352035816536326,1.5087177466209052,3.4488004358897753,10.0,5.0,5.0,50.0,140.08,0.0
26,-10.0,107,14,57.0,38.0,15,14,3.1,7,38,0.9,3.6,0.018000000000000002,0.55,1.0,-1.0317030137000438,-103.17030137000438,3511.0699999999997,3614.2699999999995,0.9714465161706237,-0.07379811581773886,14.83655777111845,140.0,34.0,106.0,24.285714285714285,786.83,0.0,2.3022603825999974,230.22603825999977,1105.4300000000003,875.2099999999999,1.2630454405228464,0.8150724946211968,3.4506345891729655,38.0,13.0,25.0,34.21052631578947,207.43,0.0
32,-10.0,120,15,61.0,44.0,14,17,2.7,5,40,0.6,3.8000000000000003,0.019,0.65,1.5,-13.957463258349852,-1395.7463258349853,2236.2699999999995,3632.02,0.6157097152548718,-1.020965197491927,23.637461856305713,83.0,14.0,69.0,16.867469879518072,755.33,0.0,3.301389747600042,330.1389747600042,1630.3700000000001,1300.2400000000002,1.2538992801328983,0.7226686073965914,6.0191055966102525,35.0,13.0,22.0,37.142857142857146,343.28,0.0
33,-10.0,140,12,57.0,41.0,14,14,3.0,7,29,0.9,3.5,0.016,0.6000000000000001,1.0,-3.957534474150016,-395.7534474150016,1985.0500000000002,2380.77,0.8337848679208828,-0.5651457903572124,9.295797053745591,97.0,23.0,74.0,23.711340206185568,563.99,0.0,-0.3139110038999934,-31.391100389999337,813.8600000000001,845.2700000000001,0.9628402758881778,-0.10636633931611159,2.7309033689524354,34.0,9.0,25.0,26.470588235294116,201.71,0.0
34,-10.0,109,10,60.0,39.0,12,16,2.3,8,37,0.6,4.0,0.015,0.7,1.5,-1.6664630667500204,-166.64630667500205,362.03999999999996,528.6800000000001,0.6847998789437844,-0.38828361270078166,3.4694836720896487,16.0,5.0,11.0,31.25,165.48,0.0,1.90252611345004,190.25261134500397,543.76,353.52,1.5381307988232633,0.9387538889857003,2.537012570567171,13.0,4.0,9.0,30.76923076923077,136.18,0.0
37,-10.0,102,8,59.0,36.0,16,20,2.9000000000000004,10,45,0.7,2.6,0.027,0.7,2.5,-2.5539810123998903,-255.39810123998905,2050.51,2305.91,0.8892411238946881,-0.1911698292713684,15.317641787044083,37.0,9.0,28.0,24.324324324324323,667.91,0.0,1.7122666020999895,171.22666020999895,685.02,513.79,1.3332684559839625,0.5012938308287813,4.067028038783848,11.0,5.0,6.0,45.45454545454545,189.02,0.0
40,-10.0,134,8,61.0,41.0,11,13,3.0,6,36,0.8,3.1,0.029,0.25,4.5,-6.597318019550056,-659.7318019550057,5433.61,6093.27,0.8917395749737004,-0.36450929610853156,20.565496414937094,126.0,35.0,91.0,27.77777777777778,1387.59,0.0,-4.061645148349944,-406.1645148349944,1245.15,1651.28,0.7540514025483263,-0.8336687232940563,6.514680899892118,34.0,11.0,23.0,32.35294117647059,374.14,0.0
43,-10.0,122,14,55.0,39.0,13,15,2.5,4,28,0.6,3.5,0.017,0.55,1.5,3.1269568001000154,312.6956800100015,1831.33,1518.64,1.205901332771427,0.37767649868778136,5.995547125244925,50.0,13.0,37.0,26.0,418.44,0.0,2.5595462757000313,255.95462757000314,788.5699999999999,532.6099999999999,1.4805767822609415,0.9107001486966968,3.7438247165376173,22.0,8.0,14.0,36.36363636363637,179.91,0.0
44,-10.0,127,11,59.0,37.0,18,18,2.7,8,26,0.5,3.2,0.018000000000000002,0.45,1.0,-0.9625153136000153,-96.25153136000154,1162.84,1259.1100000000004,0.9235412315047927,-0.17160967803339794,4.838215323553972,76.0,21.0,55.0,27.63157894736842,338.6,0.0,2.0618275509999875,206.18275509999876,452.08,245.91999999999993,1.8383214053350687,1.4164572575898529,1.203035799909826,24.0,12.0,12.0,50.0,108.77,0.0
45,-10.0,116,9,56.0,40.0,16,17,3.1,4,23,0.7,3.9000000000000004,0.02,0.55,2.0,-14.011718148300043,-1401.1718148300042,2767.4700000000003,4168.59,0.663886350060812,-1.052963583674425,22.85911893847756,103.0,20.0,83.0,19.41747572815534,1079.03,0.0,-5.778205366949969,-577.8205366949969,836.2700000000001,1414.0900000000001,0.5913838581702721,-1.4142699168374449,8.171954780398409,31.0,7.0,24.0,22.580645161290324,328.06,0.0
46,-10.0,134,16,60.0,34.0,15,12,2.3,5,30,0.6,3.4000000000000004,0.019,0.5,1.5,-11.851678089300021,-1185.1678089300021,2603.88,3789.0200000000004,0.687217275179334,-1.2839831746305075,15.13408347785504,122.0,27.0,95.0,22.131147540983605,865.55,0.0,-0.4577936977000172,-45.77936977000172,940.8499999999999,986.66,0.9535706322340015,-0.11802345153142321,3.0105419350434195,37.0,11.0,26.0,29.72972972972973,275.94,0.0
48,-10.0,55,12,63.0,25.0,11,16,2.7,9,40,1.5,2.8,0.022000000000000002,0.45,2.5,-7.991276220199871,-799.127622019987,2589.45,3388.5799999999995,0.764169652184691,-0.5698839555386291,16.98952017996616,49.0,10.0,39.0,20.408163265306122,523.51,0.0,-8.998745145249995,-899.8745145249995,491.46000000000004,1391.3099999999997,0.3532354399810252,-1.9644697640850597,12.346371453833958,18.0,3.0,15.0,16.666666666666668,189.56,0.0
49,-10.0,108,7,57.0,41.0,12,19,1.0,7,32,1.1,2.3,0.014000000000000002,0.6000000000000001,1.0,,,,,,,,,,,,,,,,,,,,,,,,,,
52,-10.0,123,14,55.0,39.0,14,14,2.5,5,29,0.6,3.3000000000000003,0.015,0.65,1.5,-2.572881679450038,-257.2881679450038,2207.11,2464.4100000000003,0.8955936715075818,-0.2095974939914709,10.667110315480183,67.0,15.0,52.0,22.388059701492537,644.17,0.0,7.812408719899995,781.2408719899995,1329.57,548.34,2.424718240507714,2.533428534955701,2.024237067788942,26.0,11.0,15.0,42.30769230769231,259.41,0.0
87,-10.0,132,20,63.0,32.0,19,8,1.9,12,41,1.6,3.4000000000000004,0.023000000000000003,0.7,1.5,-2.3972310861999175,-239.72310861999176,3161.2400000000002,3400.98,0.9295085534169564,-0.09277298310919943,13.166163099707523,50.0,14.0,36.0,28.0,530.21,0.0,-10.033425166700054,-1003.3425166700054,595.1,1598.4400000000003,0.3723004929806561,-1.5751524112101238,10.590560088382336,17.0,2.0,15.0,11.764705882352942,166.86,0.0
89,-10.0,132,20,63.0,34.0,18,6,1.4,11,44,1.3,2.6,0.024,0.65,1.0,-1.6535293764999368,-165.3529376499937,976.74,1142.07,0.855236544169797,-0.21731669401001158,5.1873255279006,31.0,8.0,23.0,25.806451612903224,198.39000000000001,0.0,-7.025580945899983,-702.5580945899983,55.21,757.76,0.07285948057432433,-2.1144984522130073,9.106965522443328,13.0,1.0,12.0,7.6923076923076925,81.33,0.0
248,-10.0,130,18,60.0,31.0,18,7,1.2,17,48,1.0,3.0,0.029,0.45,2.0,-5.948377757649978,-594.8377757649978,0.0,594.84,0.0,-1.9868386223352772,5.948377757649978,9.0,0.0,9.0,0.0,78.15,0.0,-0.4551780848999988,-45.51780848999988,0.0,45.52,0.0,-0.6721565633061597,1.2709065760492526,1.0,0.0,1.0,0.0,8.92,0.0
258,-10.0,126,18,60.0,27.0,15,8,1.5,16,48,1.1,3.0,0.029,0.5,2.0,-5.530622172149979,-553.0622172149979,663.44,1216.4900000000002,0.5453723417372933,-1.043580620609579,6.051981813777487,22.0,3.0,19.0,13.636363636363637,212.54,0.0,-1.589888728549995,-158.9888728549995,74.02,233.01,0.31766876958070467,-1.2159611666898829,2.490381607149722,4.0,1.0,3.0,25.0,39.64,0.0
