trial,score,gated,ema_period,rsi_period,rsi_overbought,rsi_oversold,atr_period,consolidation_candles,consolidation_atr_mult,swing_lookback,volume_sma_period,volume_mult,risk_reward_ratio,risk_per_trade_pct,max_position_allocation_pct,leverage,tr_return_pct,tr_pf,tr_sharpe,tr_max_dd,tr_trades,tr_wins,tr_losses,tr_win_rate,tr_gross_profit,tr_gross_loss,tr_net_pnl,tr_fees,tr_blocked,va_return_pct,va_pf,va_sharpe,va_max_dd,va_trades,va_wins,va_losses,va_win_rate,va_gross_profit,va_gross_loss,va_net_pnl,va_fees,va_blocked
0,-10.0,False,69,21,74.0,35.0,9,6,1.1,18,34,1.6,1.0,0.03,0.7,1.5,1.647755745449995,99.0,1.2692900550454922,0.4292016822634743,2.0,2.0,0.0,100.0,164.78,0.0,164.78,21.11,0.0,0.32254971705000574,99.0,1.2441630939062283,0.15619768949998616,1.0,1.0,0.0,100.0,32.25,0.0,32.25,10.44,0.0
1,-10.0,False,43,9,62.0,33.0,13,8,2.8,6,21,1.0,2.4000000000000004,0.025,0.35,3.0,-33.888364703150096,0.7663743145627748,-1.483462115455514,39.1718611656236,353.0,96.0,257.0,27.195467422096318,11116.52,14505.34,-3388.8199999999997,2926.91,0.0,-7.216498564099948,0.8941148678490046,-0.6141397873196397,13.856715128015404,147.0,50.0,97.0,34.01360544217687,6093.67,6815.31,-721.6400000000003,1507.96,0.0
2,-10.0,False,97,7,70.0,24.0,7,20,3.9000000000000004,17,22,0.6,3.1,0.016,0.3,3.0,-25.84533808279992,0.8124256554477003,-0.9826314954945877,32.967699655815736,250.0,62.0,188.0,24.8,11194.210000000001,13778.75,-2584.539999999999,2006.66,0.0,-18.24773381080004,0.6830199953794015,-1.6037076134162809,25.20846248916965,99.0,23.0,76.0,23.232323232323232,3932.03,5756.83,-1824.7999999999997,785.81,0.0
3,-10.0,False,24,20,61.0,37.0,11,12,2.6,7,49,1.7000000000000002,3.9000000000000004,0.028,0.55,5.0,-23.375390381199903,0.8614729645963685,-0.35880969210419983,60.031863914226655,109.0,22.0,87.0,20.18348623853211,14536.960000000001,16874.539999999997,-2337.5799999999963,2494.18,0.0,19.80879055835021,1.3314664649757202,1.0870103294596376,24.575900907147297,37.0,11.0,26.0,29.72972972972973,7957.03,5976.139999999999,1980.8900000000003,1050.42,0.0
4,-10.0,False,31,9,56.0,28.0,12,8,3.5,10,21,1.3,1.4,0.025,0.25,5.0,-9.617786367499903,0.8889732822048357,-0.5565218683345344,19.49457764286159,201.0,92.0,109.0,45.77114427860697,7701.3,8663.14,-961.8399999999992,2396.45,0.0,-13.635029745349895,0.6353693105845857,-2.1276623929660783,20.097657626511992,71.0,29.0,42.0,40.84507042253521,2375.8999999999996,3739.4,-1363.5000000000005,843.47,0.0
5,-10.0,False,121,9,55.0,41.0,17,16,3.3000000000000003,5,24,0.6,3.6,0.021,0.4,1.0,-4.595018164749872,0.7669695648205431,-0.8367578526572169,7.3422952142217435,141.0,33.0,108.0,23.404255319148938,1512.51,1972.0599999999997,-459.5499999999997,553.68,0.0,-3.9510139129999877,0.4669454937938478,-2.338659142116015,4.214769563355841,47.0,10.0,37.0,21.27659574468085,346.09999999999997,741.1999999999999,-395.09999999999997,181.34,0.0
6,-10.0,False,60,11,73.0,36.0,20,12,1.3,16,41,1.3,3.3000000000000003,0.017,0.5,2.5,,,,,,,,,,,,,,-0.45105408510000417,0.0,-1.3299505356512697,0.45502998785192283,1.0,0.0,1.0,0.0,0.0,45.11,-45.11,12.47,0.0
7,-10.0,False,23,8,55.0,36.0,11,12,3.8000000000000003,8,26,1.7000000000000002,1.7000000000000002,0.007,0.4,1.5,1.9723615300999517,1.1029410229372643,0.376585437922018,4.425313646864887,90.0,43.0,47.0,47.77777777777778,2112.8599999999997,1915.6599999999999,197.19999999999982,531.61,0.0,2.2242830558500284,1.5587518528754114,1.1220841847980958,2.3969822967011396,19.0,11.0,8.0,57.89473684210526,620.4300000000001,398.03000000000003,222.40000000000003,114.57,0.0
8,-10.0,False,141,19,71.0,42.0,19,7,3.7,13,43,1.9000000000000001,1.9,0.007,0.35,2.5,-8.979118933649916,0.8346216394916026,-0.7610071612513353,10.90239336407984,129.0,44.0,85.0,34.10852713178294,4531.67,5429.61,-897.9399999999996,791.46,0.0,-1.97566073925007,0.933819884513873,-0.2989690977548745,8.061896661844466,68.0,25.0,43.0,36.76470588235294,2788.0499999999997,2985.64,-197.59000000000015,412.95,0.0
9,-10.0,False,127,19,55.0,33.0,13,7,1.3,9,48,1.0,2.6,0.023000000000000003,0.4,5.0,-3.0901117071000046,0.0,-1.2766343207223645,3.0901117071000046,3.0,0.0,3.0,0.0,0.0,309.0,-309.0,58.95,0.0,-0.7985522527999637,0.5764069378878693,-0.6850486348215797,1.8650167053254951,3.0,1.0,2.0,33.333333333333336,108.67,188.53,-79.86,60.27,0.0
10,-10.0,False,83,15,80.0,20.0,7,4,2.1,20,13,2.0,1.0,0.014000000000000002,0.75,4.0,-32.40360610304995,0.7287287790086838,-1.6938260350774121,37.25375674424349,170.0,81.0,89.0,47.64705882352941,8704.76,11945.130000000001,-3240.370000000001,2375.67,0.0,-11.258080485500086,0.8035633896696249,-1.1256574892947713,19.688227632416947,77.0,38.0,39.0,49.35064935064935,4605.27,5731.0599999999995,-1125.789999999999,1047.28,0.0
11,-10.0,False,58,14,65.0,30.0,15,4,2.0,4,33,1.0,2.2,0.03,0.75,2.0,14.972470440400192,1.044466044270933,0.47190911501444094,27.203380198497147,388.0,134.0,254.0,34.5360824742268,35170.42,33673.11,1497.3099999999977,6816.28,0.0,-37.88069509150003,0.6767658753861119,-2.5037951194200017,44.14612594890113,169.0,52.0,117.0,30.76923076923077,7931.289999999999,11719.4,-3788.1100000000006,2085.14,0.0
12,-10.0,False,53,16,80.0,30.0,9,9,2.9000000000000004,13,10,1.3,2.6,0.027,0.6000000000000001,3.5,-50.02970782689998,0.8462008099192201,-0.924026580112359,60.869912357750025,302.0,79.0,223.0,26.158940397350992,27526.21,32529.170000000002,-5002.960000000003,4738.5,0.0,-27.432781269500072,0.819560538730106,-1.026311948218331,48.31863661598172,131.0,40.0,91.0,30.53435114503817,12459.91,15203.160000000002,-2743.250000000002,2157.54,0.0
13,-10.0,False,82,12,64.0,39.0,15,10,1.0,12,34,0.9,1.0,0.021,0.65,1.0,,,,,,,,,,,,,,,,,,,,,,,,,,
14,-10.0,False,45,17,75.0,44.0,9,6,2.0,20,31,1.5,2.5,0.03,0.5,2.0,-6.977087511099745,0.9295622210308773,-0.1898644961743506,25.53932874072854,133.0,38.0,95.0,28.571428571428573,9207.100000000002,9904.77,-697.6699999999983,1376.89,0.0,-12.11821923955007,0.7871458432137147,-0.9213282908848981,21.922267520742743,69.0,22.0,47.0,31.884057971014492,4481.3,5693.100000000001,-1211.800000000001,654.58,0.0
15,-10.0,False,76,21,66.0,32.0,15,10,2.8,16,16,0.8,1.5,0.025,0.65,4.0,-66.38064517745002,0.7878990343230386,-1.8342679017113703,68.23444973600006,384.0,147.0,237.0,38.28125,24658.229999999996,31296.18,-6637.950000000004,6205.06,0.0,-52.5897740217003,0.6531006678117884,-3.040912649687696,61.59541515638286,156.0,58.0,98.0,37.17948717948718,9900.98,15159.96,-5258.98,2625.63,0.0
16,-10.0,False,100,12,59.0,26.0,9,5,2.3,6,37,1.5,3.0,0.02,0.5,3.0,-20.655293900250136,0.7425169406590776,-0.9301573114903289,26.468686246110458,104.0,25.0,79.0,24.03846153846154,5956.56,8022.120000000001,-2065.5600000000004,1383.48,0.0,-12.850170020050063,0.5853136698076674,-1.4476991478315961,14.970599164788942,34.0,6.0,28.0,17.647058823529413,1813.77,3098.8,-1285.0300000000002,460.45,0.0
17,-10.0,False,45,18,76.0,35.0,13,15,3.2,18,28,1.2000000000000002,2.0,0.027,0.25,1.5,-4.556805923449993,0.931703362003204,-0.38205597908932265,13.213995278028163,278.0,86.0,192.0,30.93525179856115,6216.799999999999,6672.51,-455.71000000000095,1062.51,0.0,-0.31797101169993763,0.9861213616612443,-0.03577477084965109,7.580542334372901,107.0,40.0,67.0,37.38317757009346,2258.07,2289.85,-31.779999999999745,395.43,0.0
18,-10.0,False,70,14,68.0,33.0,17,6,1.6,11,18,0.5,1.3,0.024,0.65,4.0,-52.810741964049704,0.7857174737781746,-1.7839786368408874,55.37824180594277,332.0,139.0,193.0,41.86746987951807,19364.4,24645.5,-5281.0999999999985,6664.26,0.0,-39.75452861665002,0.6038091422603314,-3.1211820424349788,43.2473616277239,122.0,47.0,75.0,38.52459016393443,6058.79,10034.280000000002,-3975.4900000000025,2388.88,0.0
19,-10.0,False,37,11,61.0,39.0,10,14,1.7000000000000002,13,38,1.6,2.2,0.028,0.7,2.0,,,,,,,,,,,,,,,,,,,,,,,,,,
20,-10.0,False,97,21,76.0,25.0,13,9,2.5,15,29,1.1,2.9000000000000004,0.018000000000000002,0.45,3.0,-8.76161468290018,0.9510232921094821,-0.1668098007012062,35.262529238943756,200.0,56.0,144.0,28.0,17013.16,17889.32,-876.1599999999999,2666.86,0.0,-6.75583884455009,0.8908256791783282,-0.40315924608921405,19.296054853587762,68.0,19.0,49.0,27.941176470588236,5512.75,6188.360000000001,-675.6100000000006,831.87,0.0
21,-10.0,False,109,7,70.0,20.0,7,20,4.0,18,22,0.7,3.4000000000000004,0.012,0.3,3.0,-14.07979873149996,0.892841649910728,-0.5151887419426741,31.34693265825781,230.0,60.0,170.0,26.08695652173913,11731.599999999999,13139.619999999999,-1408.0200000000004,2009.66,0.0,-18.458520696549957,0.6395089503677401,-1.75375353110002,21.334478728316846,88.0,19.0,69.0,21.59090909090909,3274.5799999999995,5120.460000000001,-1845.8800000000015,694.6899999999999,0.0
22,-10.0,False,69,7,72.0,22.0,7,17,3.1,18,19,0.5,3.7,0.012,0.3,3.5,-23.392857157149948,0.8132234453584921,-0.8976181858014729,33.729049740053014,212.0,43.0,169.0,20.28301886792453,10185.030000000002,12524.27,-2339.239999999998,1910.57,0.0,-3.8109703581499526,0.9296808118081179,-0.27560510341893496,15.716086961583883,94.0,24.0,70.0,25.53191489361702,5038.87,5420.000000000001,-381.130000000001,877.46,0.0
23,-10.0,False,89,9,69.0,24.0,8,18,4.0,17,15,0.8,3.0,0.015,0.3,2.5,-6.1033936421000545,0.9605276261994592,-0.15140894446755587,24.49866606428763,279.0,73.0,206.0,26.164874551971327,14852.85,15463.22,-610.369999999999,2165.16,0.0,-10.308172720700004,0.8303005658348985,-0.9025463160328673,21.26311578571164,117.0,32.0,85.0,27.35042735042735,5043.42,6074.210000000001,-1030.7900000000009,813.48,0.0
24,-10.0,False,114,10,74.0,28.0,10,14,3.6,15,25,0.7,4.0,0.01,0.35,3.5,-38.180192292500024,0.7061315973187009,-1.5393448915969778,38.19351362850003,218.0,42.0,176.0,19.26605504587156,9174.21,12992.210000000001,-3818.000000000002,1764.87,0.0,-14.438865068300183,0.7948398060735582,-1.0857180586730804,20.048735371380122,106.0,20.0,86.0,18.867924528301888,5593.8600000000015,7037.719999999999,-1443.8599999999979,989.98,0.0
25,-10.0,False,65,7,77.0,31.0,11,19,2.9000000000000004,19,10,1.1,3.3000000000000003,0.03,0.35,4.5,-27.80525920905,0.7700596980119131,-0.8376828822039477,41.58660175539239,119.0,22.0,97.0,18.48739495798319,9311.97,12092.53,-2780.5600000000013,1790.19,0.0,-18.91766827304985,0.6132314637247966,-1.785080385161166,26.059079889134157,48.0,15.0,33.0,31.25,2999.45,4891.22,-1891.7700000000004,689.44,0.0
26,-10.0,False,44,14,67.0,34.0,8,11,1.0,15,45,1.9000000000000001,2.8,0.023000000000000003,0.55,1.5,,,,,,,,,,,,,,,,,,,,,,,,,,
27,-10.0,False,101,8,64.0,27.0,8,20,1.6,9,36,0.9,2.4000000000000004,0.005,0.25,3.0,,,,,,,,,,,,,,,,,,,,,,,,,,
28,-10.0,False,149,12,78.0,23.0,14,6,2.4000000000000004,14,22,1.4,1.7000000000000002,0.018000000000000002,0.45,2.5,-0.8079998189499383,0.9934716647456964,0.04809762712133353,20.774775539035264,175.0,73.0,102.0,41.714285714285715,12291.45,12372.220000000001,-80.77000000000044,1977.46,0.0,-24.26347099430005,0.5437119419882127,-2.676616993424953,28.939137865743582,68.0,20.0,48.0,29.41176470588235,2891.21,5317.539999999999,-2426.329999999999,595.27,0.0
29,-10.0,False,90,10,62.0,38.0,10,13,3.3000000000000003,7,29,1.8,3.8000000000000003,0.026000000000000002,0.6000000000000001,4.5,-29.518080958750186,0.7075708807250196,-0.9026807702209031,32.3756939996557,77.0,15.0,62.0,19.48051948051948,7142.269999999999,10094.07,-2951.800000000001,1656.91,0.0,-17.553664955249914,0.47208505007368196,-1.3440427731733426,24.600347266275907,19.0,2.0,17.0,10.526315789473685,1569.73,3325.1000000000004,-1755.3700000000003,410.65,0.0
30,-10.0,False,32,17,58.0,45.0,17,16,2.7,17,50,0.6,3.2,0.028,0.45,2.0,-13.752649598549906,0.8696075512769704,-0.5105163890402983,27.842667586174585,222.0,54.0,168.0,24.324324324324323,9172.289999999999,10547.62,-1375.3300000000017,1910.1200000000001,0.0,-0.79547357369991,0.9838249325106445,-0.010245213838137547,15.921657597743955,105.0,33.0,72.0,31.428571428571427,4836.079999999999,4915.59,-79.51000000000113,893.59,0.0
31,-10.0,False,21,20,58.0,37.0,12,9,2.6,4,40,1.6,3.9000000000000004,0.028,0.7,5.0,-72.85306582925024,0.6421800528873922,-1.8280121223903014,79.68726345844632,187.0,34.0,153.0,18.181818181818183,13074.94,20360.24,-7285.300000000001,3248.06,0.0,-36.787716516399676,0.7043027433706565,-1.2848937322195604,63.18434592268437,76.0,14.0,62.0,18.42105263157895,8762.16,12440.9,-3678.74,1974.71,0.0
32,-10.0,False,31,21,61.0,41.0,11,8,3.5,6,46,1.7000000000000002,3.6,0.025,0.55,4.5,-56.83558478135028,0.80234888511071,-1.1008735902643678,67.55133368413227,237.0,49.0,188.0,20.675105485232066,23072.16,28755.769999999997,-5683.609999999997,3792.95,0.0,-29.27661705184995,0.7983975815670235,-0.9167122506887054,46.72146943316339,97.0,21.0,76.0,21.649484536082475,11594.17,14521.8,-2927.629999999999,1847.99,0.0
33,-10.0,False,53,20,63.0,29.0,12,8,2.2,10,20,1.4,3.5,0.029,0.25,4.5,-18.313667910550045,0.8391728694723604,-0.6345514349492456,30.14802014632384,163.0,35.0,128.0,21.47239263803681,9555.929999999998,11387.32,-1831.3900000000012,1736.86,0.0,20.90779955704993,1.436748523157393,1.5324994043399374,16.453469594851615,71.0,24.0,47.0,33.80281690140845,6878.0599999999995,4787.240000000001,2090.819999999999,852.19,0.0
34,-10.0,False,36,8,73.0,35.0,11,12,3.1,6,24,1.7000000000000002,2.8,0.022000000000000002,0.55,1.0,-9.34084172859988,0.8770105014798976,-0.6287191094088652,18.164313741450513,205.0,51.0,154.0,24.878048780487806,6660.999999999999,7595.119999999999,-934.1199999999999,1118.73,0.0,-0.619108217499961,0.976774522445797,-0.038747739335699256,10.02158490991478,82.0,25.0,57.0,30.48780487804878,2605.7999999999997,2667.76,-61.96000000000049,444.77,0.0
35,-10.0,False,24,19,60.0,37.0,12,5,1.8,8,42,2.0,3.2,0.026000000000000002,0.4,3.5,-20.893962604750012,0.745278682968636,-0.8428525733242473,23.528882627406457,87.0,20.0,67.0,22.988505747126435,6113.290000000001,8202.69,-2089.3999999999996,1081.75,0.0,-18.950357278200052,0.6366172768012088,-1.4411020559976202,30.18466416692335,53.0,14.0,39.0,26.41509433962264,3319.94,5214.97,-1895.0300000000002,658.76,0.0
36,-10.0,False,55,9,72.0,42.0,9,7,1.4,5,27,1.8,1.4,0.016,0.7,1.5,0.6941450336000162,1.8415565523093709,0.4219740501387795,0.8125749893913021,3.0,2.0,1.0,66.66666666666667,151.91,82.49,69.42,31.65,0.0,-1.0815705985999922,0.32277252520192845,-1.2700850919026705,1.5888744294615165,3.0,1.0,2.0,33.333333333333336,51.55,159.71,-108.16000000000001,31.32,0.0
37,-10.0,False,131,20,57.0,39.0,21,11,3.8000000000000003,8,31,1.2000000000000002,2.2,0.021,0.35,2.5,-27.5985917612999,0.6427082659071783,-2.01569436287827,29.84958848625874,183.0,52.0,131.0,28.415300546448087,4964.599999999999,7724.5,-2759.9000000000005,1383.3,0.0,-3.0428418522999894,0.8982587879719962,-0.34297382185957276,12.09993003125897,63.0,21.0,42.0,33.333333333333336,2686.71,2991.02,-304.30999999999995,539.16,0.0
38,-10.0,False,39,17,69.0,33.0,14,17,1.2,11,17,1.5,4.0,0.029,0.6000000000000001,5.0,,,,,,,,,,,,,,,,,,,,,,,,,,
39,-10.0,False,20,18,66.0,36.0,8,5,3.4000000000000004,19,13,0.6,1.9,0.019,0.3,4.0,-40.68333951745008,0.9089210696283794,-0.8430654982031338,46.70906518626212,722.0,255.0,467.0,35.3185595567867,40599.55,44667.85,-4068.2999999999956,7037.64,0.0,-38.24366600530003,0.7798062395784392,-2.17725124195748,49.11824380803013,251.0,83.0,168.0,33.06772908366534,13543.55,17367.84,-3824.290000000001,2492.13,0.0
40,-10.0,False,28,15,56.0,31.0,10,7,3.8000000000000003,5,23,1.8,1.1,0.024,0.75,1.0,3.086809359450017,1.0450482665211032,0.2825321219658051,8.9837691363505,213.0,111.0,102.0,52.11267605633803,7160.1900000000005,6851.540000000001,308.64999999999964,1642.79,0.0,-1.3754056521999882,0.9503696034113908,-0.1962094141652912,4.480963422788391,84.0,44.0,40.0,52.38095238095238,2634.32,2771.8900000000003,-137.57000000000016,619.27,0.0
41,-10.0,False,46,10,57.0,22.0,12,8,3.6,7,21,1.3,1.6,0.027,0.25,5.0,-23.2546834871,0.7339777615081906,-1.5445817410662133,26.725698784567008,198.0,73.0,125.0,36.86868686868687,6416.139999999999,8741.6,-2325.460000000001,2198.98,0.0,-12.482891126750092,0.6637802634662155,-1.6357544477294266,17.258291221728793,73.0,32.0,41.0,43.83561643835616,2464.49,3712.81,-1248.3200000000002,846.5,0.0
42,-10.0,False,62,9,55.0,27.0,14,10,3.0,9,34,1.4,1.0,0.025,0.3,4.5,-4.293501073549979,0.8479357343231985,-0.4570669686483333,9.488335914665438,79.0,39.0,40.0,49.36708860759494,2393.96,2823.28,-429.32000000000016,1051.98,0.0,-3.397449920050021,0.6277867245100294,-1.0431257365242312,6.280734037523791,23.0,11.0,12.0,47.82608695652174,573.05,912.8100000000001,-339.7600000000001,305.32,0.0
43,-10.0,False,77,11,60.0,35.0,7,11,3.8000000000000003,7,26,1.6,1.3,0.009000000000000001,0.4,5.0,-28.683348273499952,0.6308909484455951,-2.1695674728558103,29.029142937849954,155.0,62.0,93.0,40.0,4902.539999999999,7770.82,-2868.2800000000007,1817.05,0.0,-8.335686896850056,0.7055989771880444,-1.3660766455980664,13.412870318514166,53.0,23.0,30.0,43.39622641509434,1997.8400000000001,2831.409999999999,-833.5699999999988,608.04,0.0
44,-10.0,False,26,8,63.0,29.0,16,4,3.3000000000000003,5,14,1.0,1.7000000000000002,0.03,0.35,4.0,-56.817789808050314,0.8041309399584465,-1.9340903686836455,59.37021623914902,682.0,265.0,417.0,38.856304985337246,23326.559999999998,29008.409999999996,-5681.8499999999985,6597.51,0.0,-52.43997333335002,0.6161574609495087,-3.770876727180736,53.39936433243435,271.0,92.0,179.0,33.94833948339483,8417.82,13661.800000000001,-5243.980000000001,2690.72,0.0
45,-10.0,False,49,7,65.0,32.0,11,7,1.9,10,44,1.1,1.2,0.023000000000000003,0.25,2.0,-4.11849306405009,0.7443826501477268,-0.8448811154683036,5.8682948502266425,79.0,35.0,44.0,44.30379746835443,1199.26,1611.0800000000004,-411.8200000000004,387.16,0.0,-0.8504367463499874,0.8498967543813204,-0.4382909983264,2.785828616664535,34.0,19.0,15.0,55.88235294117647,481.55999999999995,566.61,-85.05000000000007,166.79,0.0
46,-10.0,False,39,13,59.0,25.0,13,6,3.9000000000000004,20,48,1.2000000000000002,2.4000000000000004,0.026000000000000002,0.3,5.0,-30.466880401599994,0.8757136382568439,-0.596549993236653,39.77023493138038,292.0,86.0,206.0,29.45205479452055,21466.779999999995,24513.47,-3046.690000000006,3525.15,0.0,-6.254675768399958,0.9488768535880037,-0.13024243913976297,29.819771747340713,122.0,40.0,82.0,32.78688524590164,11608.92,12234.38,-625.4599999999991,1764.89,0.0
47,-10.0,False,123,8,79.0,41.0,9,13,3.6,12,32,0.9,2.0,0.029,0.4,4.5,-3.155445914049578,0.990423289336496,0.1141830174417448,30.427693946566897,294.0,105.0,189.0,35.714285714285715,32630.04,32945.55,-315.51000000000204,5372.33,0.0,-22.59643646994984,0.8051023030917768,-1.0092611071907045,39.93837398083469,109.0,37.0,72.0,33.944954128440365,9334.339999999998,11593.98,-2259.6400000000012,1708.9,0.0
48,-10.0,False,32,18,71.0,34.0,9,9,2.8,16,40,1.3,1.2,0.027,0.65,3.0,-59.867144139300045,0.7353391449350516,-2.0539607465435537,64.55165673332654,351.0,154.0,197.0,43.87464387464387,16633.57,22620.27,-5986.700000000001,4236.93,0.0,-24.79222227015014,0.798888681586995,-1.3676331986808643,32.741378609409054,142.0,66.0,76.0,46.478873239436616,9848.46,12327.7,-2479.2400000000016,2284.3,0.0
49,-10.0,False,73,11,74.0,37.0,19,8,3.4000000000000004,4,17,1.5,2.6,0.022000000000000002,0.5,3.5,-68.50735979325002,0.6709413614788501,-2.4688932677732565,70.17346697396033,277.0,62.0,215.0,22.382671480144403,13968.61,20819.42,-6850.809999999998,3145.98,0.0,-27.96699584750008,0.7512093926082491,-1.4461353934870338,39.908298208631,118.0,31.0,87.0,26.271186440677965,8444.480000000001,11241.180000000004,-2796.7000000000025,1666.6,0.0
50,-10.0,False,59,19,55.0,30.0,13,15,2.1,19,24,1.6,3.1,0.02,0.25,1.5,-0.7192855044499993,0.0,-1.4665958337866174,0.7192855044499993,2.0,0.0,2.0,0.0,0.0,71.93,-71.93,7.33,0.0,0.709404576550005,3.363878707097634,1.200172975920373,0.29709953585601745,2.0,1.0,1.0,50.0,100.95,30.01,70.94,7.52,0.0
51,-10.0,False,132,9,57.0,40.0,19,19,3.2,6,19,0.6,3.7,0.013000000000000001,0.35,1.0,-2.2696151007001024,0.8241133212965616,-0.7208155522582829,5.141819990492241,108.0,26.0,82.0,24.074074074074073,1063.51,1290.4900000000002,-226.98000000000025,373.43,0.0,-0.8319556447000468,0.8391493475108747,-0.546919448286683,1.9329064817545625,40.0,13.0,27.0,32.5,434.0499999999999,517.25,-83.2000000000001,137.95,0.0
52,-10.0,False,115,10,55.0,42.0,17,16,2.6,5,20,0.8,3.5,0.024,0.3,1.0,0.2998391388000346,1.0633427738090204,0.11544928709801736,2.151628675190192,51.0,14.0,37.0,27.45098039215686,503.10999999999996,473.14,29.96999999999997,153.08,0.0,-0.2582736325500082,0.8308438155136268,-0.3471108207988833,0.7506006239569688,14.0,4.0,10.0,28.571428571428573,126.82000000000001,152.64000000000001,-25.820000000000007,41.26,0.0
53,-10.0,False,85,21,56.0,44.0,10,19,3.5,8,26,0.5,3.8000000000000003,0.017,0.45,1.5,-17.000536665200087,0.8074733990750262,-0.8665826209740375,27.01935533120342,256.0,53.0,203.0,20.703125,7130.410000000001,8830.52,-1700.1099999999997,1601.03,0.0,-10.89568714484998,0.6541509943024012,-1.6004387048107096,13.62914612358281,94.0,21.0,73.0,22.340425531914892,2060.87,3150.45,-1089.58,581.65,0.0
54,-10.0,False,105,8,58.0,21.0,16,18,3.7,17,22,0.7,3.4000000000000004,0.028,0.35,1.5,-6.215006518349983,0.8286305166066926,-0.6089555568948686,13.86789935484673,165.0,39.0,126.0,23.636363636363637,3005.070000000001,3626.5499999999997,-621.4799999999987,854.75,0.0,-1.8848868437500277,0.8159449299419033,-0.7680874446411858,5.465476654515173,45.0,14.0,31.0,31.11111111111111,835.6500000000001,1024.1499999999999,-188.49999999999977,230.74,0.0
55,-10.0,False,95,7,67.0,38.0,20,12,3.1,4,30,1.9000000000000001,1.4,0.026000000000000002,0.5,2.0,-14.307451258149994,0.5695918078798617,-1.4152944614150784,15.811608430869162,64.0,25.0,39.0,39.0625,1893.42,3324.17,-1430.75,591.01,0.0,-4.523964004199952,0.50572514913795,-1.3206696289967577,7.475719509176851,17.0,7.0,10.0,41.1764705882353,462.87000000000006,915.26,-452.38999999999993,163.42,0.0
56,-10.0,False,141,13,60.0,26.0,18,10,4.0,7,28,1.0,1.0,0.015,0.4,1.0,-4.778142947399957,0.8353023100285092,-0.8961115573711838,5.787449078457755,217.0,116.0,101.0,53.45622119815668,2423.0699999999997,2900.8299999999995,-477.75999999999976,844.52,0.0,-3.8808724866499325,0.6985335238923754,-1.732700414486235,4.2447202021316235,85.0,42.0,43.0,49.411764705882355,899.3199999999999,1287.44,-388.1200000000001,332.98,0.0
57,-10.0,False,116,9,76.0,34.0,8,14,2.4000000000000004,10,35,0.9,2.8,0.022000000000000002,0.6000000000000001,2.5,-17.489056604749965,0.5411975193342917,-1.1143051742823145,25.264522202544992,48.0,10.0,38.0,20.833333333333332,2062.98,3811.88,-1748.9,645.96,0.0,10.720301621950004,2.000513313485212,1.694008594886433,4.7020532105172,15.0,7.0,8.0,46.666666666666664,2143.4900000000002,1071.47,1072.0200000000002,240.45,0.0
58,-10.0,False,43,10,62.0,23.0,7,15,2.9000000000000004,12,38,0.8,3.8000000000000003,0.02,0.65,2.0,-24.005927257249795,0.849761368031452,-0.6643774123617175,35.658041985968346,225.0,43.0,182.0,19.11111111111111,13577.98,15978.580000000002,-2400.600000000002,2541.0,0.0,14.858033366250092,1.2741746784521415,1.1027716952293956,19.628695396213892,75.0,27.0,48.0,36.0,6904.880000000001,5419.1,1485.7800000000007,929.16,0.0
59,-10.0,False,122,15,56.0,31.0,15,6,3.3000000000000003,14,11,0.7,1.9,0.027,0.3,4.0,-24.547653662649854,0.8280730065143863,-1.0892302852075209,29.5603141145158,308.0,109.0,199.0,35.38961038961039,11822.919999999998,14277.630000000001,-2454.7100000000028,3366.64,0.0,2.388923304899781,1.0467332859995735,0.3236993266315391,14.754791851091401,104.0,42.0,62.0,40.38461538461539,5351.5599999999995,5112.63,238.92999999999938,1269.68,0.0
60,-10.0,False,80,20,70.0,36.0,11,13,3.7,18,16,0.5,3.6,0.029,0.25,3.0,1.9292680060000746,1.014069795346442,0.1772948271365041,23.016589799353028,181.0,42.0,139.0,23.204419889502763,13902.400000000001,13709.510000000002,192.88999999999942,1427.74,0.0,-9.116102601750008,0.8531291083442889,-0.4773999191567101,17.974132990412496,89.0,17.0,72.0,19.10112359550562,5295.2699999999995,6206.879999999999,-911.6099999999997,645.3,0.0
61,-10.0,False,67,11,74.0,38.0,21,16,1.1,17,42,1.1,3.3000000000000003,0.017,0.45,2.5,,,,,,,,,,,,,,,,,,,,,,,,,,
62,-10.0,False,51,9,71.0,32.0,20,9,1.4,16,47,1.3,3.6,0.014000000000000002,0.55,3.5,9.127781432850062,3.414761904761905,1.4352863711118613,3.2930807790008094,6.0,3.0,3.0,50.0,1290.78,378.0,912.78,100.87,0.0,5.634084319150006,3.490275813295615,1.5149303492566863,2.3800088721654755,4.0,2.0,2.0,50.0,789.64,226.24,563.4,77.07,0.0
63,-10.0,False,57,8,75.0,33.0,16,4,1.0,16,50,1.7000000000000002,3.1,0.018000000000000002,0.4,3.0,-1.6677077894000105,0.0,-0.9040913378459078,2.444121087922278,2.0,0.0,2.0,0.0,0.0,166.77,-166.77,23.75,0.0,3.6363269818000115,1.6542814473613185,0.9931974388677256,4.441697918340217,9.0,3.0,6.0,33.333333333333336,919.4,555.77,363.63,104.33,0.0
64,-10.0,False,35,12,73.0,35.0,18,17,1.3,14,24,0.6,3.9000000000000004,0.019,0.5,3.0,,,,,,,,,,,,,,,,,,,,,,,,,,
65,-10.0,False,28,7,77.0,40.0,20,11,1.6,19,19,1.2000000000000002,3.4000000000000004,0.016,0.35,2.5,2.0795567754000146,1.1463795761214621,0.28193643493765086,6.839928647188831,34.0,11.0,23.0,32.35294117647059,1628.65,1420.69,207.96000000000004,298.22,0.0,1.5113314045500374,1.2422149210673932,0.6346357504632746,4.006685096016799,16.0,5.0,11.0,31.25,775.08,623.95,151.13,143.26,0.0
66,-10.0,False,41,9,73.0,34.0,18,12,1.4,6,44,1.5,2.9000000000000004,0.03,0.6000000000000001,1.0,,,,,,,,,,,,,,-0.1843117816999984,0.0,-1.3117818415519544,0.1861620198351141,1.0,0.0,1.0,0.0,0.0,18.43,-18.43,5.97,0.0
67,-10.0,False,48,11,59.0,43.0,12,20,3.0,18,39,1.0,3.3000000000000003,0.021,0.4,3.5,-6.262519926149817,0.8874494742082569,-0.2616246325938767,19.1102969560774,80.0,21.0,59.0,26.25,4937.76,5563.990000000001,-626.2300000000005,1105.84,0.0,-5.273056583700018,0.6944499171369963,-0.9075335743401775,11.620756493839876,25.0,10.0,15.0,40.0,1198.44,1725.74,-527.3,321.59,0.0
68,-10.0,False,61,21,72.0,29.0,13,18,1.2,17,21,1.4,3.7,0.024,0.7,1.5,,,,,,,,,,,,,,,,,,,,,,,,,,
69,-10.0,False,92,7,69.0,39.0,10,8,3.9000000000000004,15,41,0.8,4.0,0.028,0.75,5.0,-8.573325288300403,0.986300982429778,0.1958294094398155,66.02584520321007,243.0,59.0,184.0,24.279835390946502,61725.27,62582.59,-857.3199999999997,9936.64,0.0,-46.11672997924982,0.7045120490033383,-1.4124413800257658,55.4617787221932,100.0,20.0,80.0,20.0,10995.39,15607.099999999999,-4611.709999999999,2309.81,0.0
70,-10.0,False,73,10,61.0,36.0,14,10,2.3,5,33,1.8,3.5,0.025,0.3,2.5,-8.414962932949965,0.44671646108934077,-1.068610526882239,10.581361427564497,34.0,4.0,30.0,11.764705882352942,679.4200000000001,1520.9199999999998,-841.4999999999998,244.4,0.0,3.530678452600023,2.5631308659465204,1.3056843537644667,2.4540974950962666,7.0,3.0,4.0,42.857142857142854,578.9599999999999,225.87999999999997,353.0799999999999,53.19,0.0
71,-10.0,False,24,16,56.0,37.0,11,14,3.6,9,23,1.7000000000000002,1.6,0.005,0.45,1.5,-15.221180560899993,0.7177829818715824,-1.8456750872975896,19.721473696498407,211.0,80.0,131.0,37.91469194312796,3871.14,5393.1900000000005,-1522.0500000000006,1133.43,0.0,2.5377759045999664,1.1319993343872201,0.7336377562381735,5.208105907320449,80.0,39.0,41.0,48.75,2176.8799999999997,1923.0399999999997,253.83999999999992,465.71,0.0
72,-10.0,False,33,8,57.0,36.0,12,13,3.9000000000000004,8,26,1.9000000000000001,1.4,0.01,0.4,1.0,-0.6488423006999073,0.9423328149300156,-0.16992885266380198,2.988372437627701,68.0,32.0,36.0,47.05882352941177,1060.3600000000001,1125.25,-64.88999999999987,269.5,0.0,-0.01838863445003881,0.9948546794604366,-0.0017214175089508427,2.048593333311234,22.0,11.0,11.0,50.0,357.7,359.55,-1.8500000000000227,88.03,0.0
73,-10.0,False,20,8,55.0,35.0,8,7,3.5,6,21,1.6,2.6,0.007,0.55,2.0,3.5995104887999516,1.0760474512091014,0.3494219937706935,9.484298307108405,113.0,39.0,74.0,34.51327433628319,5092.33,4732.4400000000005,359.8899999999994,1183.64,0.0,-1.35234936894989,0.9001270291428487,-0.3461084290524847,9.050809691027295,31.0,10.0,21.0,32.25806451612903,1218.79,1354.02,-135.23000000000002,300.95,0.0
74,-10.0,False,28,9,64.0,32.0,11,12,3.4000000000000004,7,36,1.7000000000000002,2.3,0.01,0.5,1.5,-16.979404034100007,0.792167542855744,-1.1907131734362786,19.838168558122444,210.0,66.0,144.0,31.428571428571427,6471.89,8169.85,-1697.96,1379.55,0.0,-5.705341967950062,0.8426507658957146,-0.6991624143746992,12.221545406208145,80.0,26.0,54.0,32.5,3055.3,3625.82,-570.52,558.05,0.0
75,-10.0,False,85,7,75.0,33.0,9,9,2.7,6,28,1.4,2.1,0.012,0.35,2.0,-12.133505102050075,0.835073925909614,-0.9007820749569725,18.187344781939277,192.0,61.0,131.0,31.770833333333332,6143.379999999999,7356.6900000000005,-1213.3100000000013,1273.08,0.0,-11.77865544099999,0.5635886016621032,-2.174064863658835,14.409079877335643,65.0,16.0,49.0,24.615384615384617,1521.12,2698.99,-1177.87,413.17,0.0
76,-10.0,False,108,20,58.0,38.0,10,5,3.8000000000000003,8,25,1.6,1.8,0.008,0.35,4.5,-14.247691004050047,0.839124715605964,-0.8941377670009182,16.24950033365463,195.0,75.0,120.0,38.46153846153846,7431.75,8856.55,-1424.7999999999993,1930.33,0.0,-17.51765810109997,0.5705730220015934,-2.665086818084477,20.70962251372443,72.0,19.0,53.0,26.38888888888889,2327.5099999999998,4079.2499999999995,-1751.7399999999998,663.7,0.0
77,-10.0,False,39,9,68.0,24.0,7,10,3.7,9,17,2.0,1.1,0.025,0.25,1.5,4.1654320867500605,1.1173459325748998,0.5731202491574651,4.329326906043407,199.0,99.0,100.0,49.74874371859296,3965.9300000000003,3549.4199999999996,416.5100000000007,771.45,0.0,-2.6396087639000143,0.8264965355842177,-0.7925471494199697,5.008053727304221,81.0,41.0,40.0,50.617283950617285,1257.25,1521.1799999999998,-263.92999999999984,299.53000000000003,0.0
78,-10.0,False,24,8,59.0,28.0,12,15,3.2,11,48,1.8,1.5,0.019,0.45,3.0,-9.927658229750014,0.7800426284281099,-0.876192657163782,15.600067251009946,79.0,32.0,47.0,40.50632911392405,3520.66,4513.42,-992.7600000000002,1019.42,0.0,-3.555335780799942,0.7681765131608973,-0.7786106616148001,7.719913984183689,25.0,10.0,15.0,40.0,1178.1599999999999,1533.71,-355.5500000000002,326.94,0.0
79,-10.0,False,30,16,62.0,40.0,13,11,4.0,20,23,1.5,1.2,0.023000000000000003,0.3,4.0,-28.22234505715016,0.8639424036469204,-0.9968671495440776,35.17739036767968,376.0,170.0,206.0,45.212765957446805,17920.739999999998,20742.98,-2822.2400000000016,3914.64,0.0,-17.140024541650018,0.8357672941210288,-1.1840231973444941,25.907772813370606,168.0,75.0,93.0,44.642857142857146,8722.36,10436.350000000002,-1713.9900000000016,1867.55,0.0
80,-10.0,False,34,19,70.0,20.0,15,14,1.5,18,20,1.7000000000000002,2.7,0.021,0.4,5.0,,,,,,,,,,,,,,4.496472678499976,5.450118764845604,1.2116138374746563,2.8780140642006993,2.0,1.0,1.0,50.0,550.68,101.04,449.63999999999993,35.5,0.0
81,-10.0,False,146,20,71.0,45.0,21,7,3.5,13,45,1.9000000000000001,1.7000000000000002,0.006,0.3,2.5,-9.494260462549974,0.7951250353344309,-1.0377300018363296,12.25877704133532,132.0,47.0,85.0,35.60606060606061,3684.8399999999997,4634.29,-949.4500000000003,680.66,0.0,-6.722422090000054,0.7219692363687499,-1.5097230703127784,8.31430528094571,64.0,22.0,42.0,34.375,1745.5700000000002,2417.7900000000004,-672.2200000000003,329.24,0.0
82,-10.0,False,135,21,72.0,42.0,19,6,3.7,7,43,1.8,1.6,0.007,0.35,3.0,-19.7221812812,0.7009893995075746,-1.784587424154851,21.676482507621092,166.0,61.0,105.0,36.74698795180723,4623.670000000001,6595.92,-1972.249999999999,1148.31,0.0,-3.865248715549933,0.8932237569060775,-0.6168930993381112,8.864280450792702,85.0,34.0,51.0,40.0,3233.4700000000003,3620.0,-386.52999999999975,566.86,0.0
83,-10.0,False,139,13,74.0,43.0,20,8,3.6,12,49,2.0,1.8,0.011,0.4,2.5,-16.553025898249942,0.7633459665094547,-1.1048684465224377,19.385016157597803,117.0,42.0,75.0,35.8974358974359,5339.459999999999,6994.81,-1655.3500000000013,911.99,0.0,-5.78094276474998,0.8455366017892071,-0.7180721840914165,10.815671923235227,61.0,22.0,39.0,36.0655737704918,3164.3700000000003,3742.44,-578.0699999999997,495.88,0.0
84,-10.0,False,127,19,56.0,41.0,19,17,3.9000000000000004,15,30,1.9000000000000001,2.1,0.006,0.65,3.5,-0.4130348897499061,0.9812406600744016,-0.02576511401497976,8.49441460927746,51.0,21.0,30.0,41.1764705882353,2160.27,2201.5699999999997,-41.29999999999973,655.25,0.0,-4.81617371514998,0.411208097997506,-1.728062323457007,6.0703364200999745,16.0,3.0,13.0,18.75,336.36,817.9800000000001,-481.6200000000001,125.19,0.0
85,-10.0,False,120,19,75.0,37.0,11,7,1.9,13,18,1.5,1.5,0.026000000000000002,0.3,1.0,0.08909989280000447,1.0058247719886784,0.03569898754824771,3.625655556925412,94.0,35.0,59.0,37.234042553191486,1535.13,1526.2399999999998,8.890000000000327,281.02,0.0,-0.9761700648999795,0.8135195018527717,-0.5558806016663548,2.8241037889140195,28.0,10.0,18.0,35.714285714285715,425.91,523.54,-97.62999999999994,83.21000000000001,0.0
86,-10.0,False,98,10,65.0,36.0,17,5,1.1,16,25,0.7,1.3,0.03,0.7,2.5,-4.727311740300065,0.8066339699512005,-0.5295425846142506,10.777980742649294,36.0,13.0,23.0,36.111111111111114,1971.97,2444.6899999999996,-472.7199999999996,633.16,0.0,-8.174394194250036,0.20760551365812996,-2.5333158583616533,10.286195939117695,11.0,4.0,7.0,36.36363636363637,214.17000000000002,1031.62,-817.4499999999998,185.17,0.0
87,-10.0,False,111,21,67.0,39.0,9,6,3.8000000000000003,5,46,1.6,3.9000000000000004,0.008,0.35,2.0,-15.02964277719997,0.8249550435122895,-0.7884138759934303,19.12224718422637,187.0,40.0,147.0,21.390374331550802,7083.129999999999,8586.08,-1502.9500000000007,1095.41,0.0,-7.154957529199983,0.8275193751732616,-0.7079527987392652,11.728137173581429,79.0,14.0,65.0,17.72151898734177,3432.84,4148.35,-715.5100000000002,463.51,0.0
88,-10.0,False,64,18,55.0,26.0,10,13,2.8,11,37,1.3,3.2,0.023000000000000003,0.25,1.5,-9.605366348550016,0.4837303549545289,-1.8938598494708552,10.473614663119804,92.0,15.0,77.0,16.304347826086957,899.99,1860.52,-960.53,326.9,0.0,0.7902766611500193,1.1453395362521372,0.4389592085030507,2.3538430665949996,30.0,12.0,18.0,40.0,622.8699999999999,543.83,79.03999999999985,112.33,0.0
89,-10.0,False,149,7,57.0,35.0,14,9,3.4000000000000004,4,40,1.1,1.9,0.027,0.45,5.0,-13.095559486250078,0.8327958018922128,-0.5730807339892414,25.15225733529189,102.0,40.0,62.0,39.21568627450981,6522.540000000001,7832.100000000001,-1309.5600000000004,2057.93,0.0,-5.899960373649846,0.7092151045311623,-0.9405538446641365,10.331325832010272,28.0,11.0,17.0,39.285714285714285,1439.0400000000002,2029.06,-590.0199999999998,615.74,0.0
90,-10.0,False,26,8,73.0,27.0,18,19,2.5,10,27,0.5,2.5,0.013000000000000001,0.6000000000000001,2.0,-28.448222352449886,0.5992195204418022,-2.333317957776282,32.61084565754705,171.0,43.0,128.0,25.146198830409357,4253.38,7098.2,-2844.8199999999997,1764.32,0.0,-11.380531402549913,0.6257251667390187,-2.0348763785073953,14.81865604171621,74.0,22.0,52.0,29.72972972972973,1902.6299999999999,3040.6800000000007,-1138.0500000000009,834.77,0.0
91,-10.0,False,137,20,55.0,34.0,12,8,1.3,9,47,1.2000000000000002,2.4000000000000004,0.024,0.4,5.0,-0.6414398021499801,0.0,-0.7483031781925341,0.9189192629125675,1.0,0.0,1.0,0.0,0.0,64.14,-64.14,19.92,0.0,0.9877612996000061,99.0,1.3532745301074283,0.2992476739999802,1.0,1.0,0.0,100.0,98.78,0.0,98.78,20.02,0.0
92,-10.0,False,144,19,57.0,30.0,13,7,1.2,8,48,1.0,3.0,0.029,0.35,4.5,-2.7452990558999955,0.0,-1.6346869026015274,2.8762226575531558,3.0,0.0,3.0,0.0,0.0,274.54,-274.54,46.51,0.0,1.0084977286500179,99.0,1.7825118710916468,0.2349839194999913,1.0,1.0,0.0,100.0,100.85,0.0,100.85,15.74,0.0
93,-10.0,False,127,17,56.0,33.0,14,6,1.7000000000000002,18,49,0.6,2.3,0.022000000000000002,0.35,5.0,-19.14870499950007,0.8056610226946337,-0.8721112722191919,33.303728442448346,122.0,38.0,84.0,31.147540983606557,7938.17,9852.990000000002,-1914.8200000000015,2054.99,0.0,-10.468750153049932,0.6712689226827269,-1.0690712345262523,11.830225443225316,39.0,14.0,25.0,35.8974358974359,2137.77,3184.67,-1046.9,638.76,0.0
94,-10.0,False,132,18,80.0,34.0,12,8,1.0,10,46,1.1,2.9000000000000004,0.023000000000000003,0.45,5.0,,,,,,,,,,,,,,,,,,,,,,,,,,
95,-10.0,False,118,20,55.0,43.0,13,12,3.7,9,22,0.9,3.4000000000000004,0.025,0.55,4.5,-28.339291967599884,0.8791855952088619,-0.528932273066522,43.840715124396354,225.0,55.0,170.0,24.444444444444443,20622.739999999998,23456.64,-2833.9000000000015,4916.36,0.0,-20.14245744520008,0.7579819796438944,-0.9979932431853081,31.851069470414505,75.0,20.0,55.0,26.666666666666668,6308.54,8322.81,-2014.2699999999995,1537.22,0.0
96,-10.0,False,125,14,63.0,44.0,10,7,1.3,6,50,1.2000000000000002,2.0,0.028,0.4,1.0,0.17653774925000107,2.388364779874214,0.46060614064229694,0.18208907115616288,2.0,1.0,1.0,50.0,30.38,12.72,17.659999999999997,7.93,0.0,0.15589179550001062,99.0,1.3169484714413944,0.05906467249998968,1.0,1.0,0.0,100.0,15.59,0.0,15.59,3.95,0.0
97,-10.0,False,54,9,58.0,32.0,7,16,1.5,7,45,1.7000000000000002,1.1,0.017,0.4,3.0,,,,,,,,,,,,,,,,,,,,,,,,,,
98,-10.0,False,104,21,70.0,25.0,11,20,2.1,8,42,1.3,2.7,0.026000000000000002,0.25,3.5,,,,,,,,,,,,,,3.3708378553999863,99.0,1.4706066986376487,1.7870928950361713,1.0,1.0,0.0,100.0,337.08,0.0,337.08,8.89,0.0
99,-10.0,False,38,12,66.0,31.0,20,5,1.1,17,23,0.9,1.3,0.015,0.3,4.5,-20.51463542805014,0.5620297862528926,-2.1585124174522057,23.826647405408682,85.0,27.0,58.0,31.764705882352942,2632.5699999999993,4684.040000000001,-2051.4700000000016,1048.55,0.0,-10.770673067499919,0.43706684785449224,-2.7868937815814694,12.722520212264316,33.0,12.0,21.0,36.36363636363637,836.24,1913.3,-1077.06,421.25,0.0
100,-10.0,False,22,10,71.0,37.0,8,6,3.9000000000000004,7,20,1.4,3.1,0.024,0.35,2.5,0.20934131314978002,1.0008604100781027,0.1298300596031751,27.714310836202298,361.0,98.0,263.0,27.14681440443213,24346.539999999994,24325.61,20.929999999993015,3486.96,0.0,-6.724831868850051,0.9241633155685665,-0.28766420857187797,21.046355594283334,147.0,41.0,106.0,27.891156462585034,8195.24,8867.74,-672.5,1233.6,0.0
101,-10.0,False,72,17,78.0,21.0,7,8,2.3,19,14,1.9000000000000001,1.2,0.015,0.75,4.0,-20.655252974999957,0.7995053493324742,-0.9667340975147232,25.38272292852396,125.0,57.0,68.0,45.6,8236.68,10302.219999999998,-2065.5399999999972,2190.42,0.0,-0.19956454974993906,0.995602323101464,0.05415744797042137,12.631452761305988,56.0,28.0,28.0,50.0,4518.800000000001,4538.76,-19.959999999999127,954.28,0.0
102,-10.0,False,69,8,77.0,22.0,8,4,3.0,19,11,2.0,1.0,0.014000000000000002,0.75,5.0,-32.72672378359994,0.7433776470200784,-1.632750652674984,34.935627403506324,187.0,92.0,95.0,49.19786096256684,9480.310000000001,12753.020000000002,-3272.710000000001,2815.22,0.0,-5.153797262600128,0.9081663560526965,-0.4635795537080166,19.079652060643742,82.0,44.0,38.0,53.65853658536585,5097.120000000001,5612.54,-515.4199999999992,1270.13,0.0
103,-10.0,False,78,19,79.0,23.0,7,4,2.7,20,33,1.8,1.0,0.016,0.75,3.5,-44.61530014294977,0.7098281851310579,-2.046794170115947,46.390607519537355,231.0,109.0,122.0,47.18614718614719,10913.800000000001,15375.27,-4461.469999999999,3005.17,0.0,-18.368688980900387,0.8034871380090982,-1.4498874081886346,25.49303153394288,114.0,56.0,58.0,49.12280701754386,7510.13,9346.92,-1836.79,1769.24,0.0
104,-10.0,False,86,9,68.0,24.0,9,5,2.2,16,44,2.0,3.7,0.009000000000000001,0.7,4.5,-10.010128205349993,0.8534589022044334,-0.461739963958197,19.992316754492226,91.0,20.0,71.0,21.978021978021978,5829.790000000001,6830.780000000002,-1000.9900000000007,1104.56,0.0,-4.250929901149939,0.8252831801667023,-0.5224645050491321,9.835355660029933,32.0,7.0,25.0,21.875,2007.98,2433.08,-425.0999999999999,388.29,0.0
105,-10.0,False,82,15,56.0,35.0,19,11,2.5,17,24,0.7,1.4,0.018000000000000002,0.7,5.0,-50.30087923695024,0.6743738019975931,-2.150812624570167,52.291100629841516,209.0,86.0,123.0,41.14832535885167,10417.45,15447.590000000002,-5030.140000000001,4874.46,0.0,-14.86103192305034,0.7744359076324361,-1.1215425860455617,28.6234556134364,69.0,31.0,38.0,44.927536231884055,5102.34,6588.46,-1486.12,1815.71,0.0
106,-10.0,False,43,7,65.0,20.0,8,7,3.3000000000000003,15,18,0.8,1.8,0.021,0.5,3.5,-31.87015116684993,0.901339834378144,-0.6610587529958123,38.09053486684984,512.0,194.0,318.0,37.890625,29115.53,32302.5,-3186.970000000001,6984.94,0.0,-23.995050366900095,0.8343224437967757,-1.2395746244894654,31.816105019045242,199.0,79.0,120.0,39.698492462311556,12083.25,14482.71,-2399.459999999999,2945.02,0.0
107,-10.0,False,90,21,72.0,36.0,15,12,2.9000000000000004,20,39,1.9000000000000001,1.1,0.014000000000000002,0.4,1.5,-9.854474448150086,0.7623325415104122,-1.0072468231524572,13.836977218448087,120.0,52.0,68.0,43.333333333333336,3161.0499999999997,4146.55,-985.5000000000005,670.34,0.0,2.106351658049934,1.1466884880562715,0.5435530043988871,4.619795487374982,44.0,23.0,21.0,52.27272727272727,1646.5300000000002,1435.8999999999999,210.63000000000034,262.92,0.0
108,-10.0,False,30,16,79.0,34.0,21,9,1.7000000000000002,8,22,0.6,3.0,0.016,0.65,2.0,-26.34108365935005,0.78189503492074,-1.2923680571417013,30.676781742083108,272.0,65.0,207.0,23.897058823529413,9443.22,12077.35,-2634.130000000001,3000.46,0.0,-11.953439410850006,0.781249542493229,-1.2672260358956557,20.528535662181376,118.0,35.0,83.0,29.661016949152543,4269.06,5464.4,-1195.3399999999992,1423.91,0.0
109,-10.0,False,47,11,59.0,39.0,12,6,3.5,5,27,1.0,2.5,0.02,0.45,3.0,-34.362507977799815,0.8255459921986972,-1.056935731069144,39.44698229109047,369.0,105.0,264.0,28.45528455284553,16260.539999999999,19696.71,-3436.17,3915.35,0.0,-21.417959574399784,0.7601869839048283,-1.5503740660765384,29.37538883768573,147.0,47.0,100.0,31.972789115646258,6789.419999999999,8931.250000000002,-2141.8300000000027,1707.06,0.0
110,-10.0,False,75,20,55.0,21.0,13,10,2.6,10,47,1.8,3.6,0.018000000000000002,0.75,1.0,-5.008801605649952,0.8114085620693551,-0.46146362038070576,12.564177931152178,55.0,10.0,45.0,18.181818181818183,2155.02,2655.8999999999996,-500.87999999999965,413.65,0.0,-2.7622687175499596,0.687155267121969,-0.5482928186728501,8.680404603635493,14.0,3.0,11.0,21.428571428571427,606.71,882.93,-276.2199999999999,103.37,0.0
111,-10.0,False,58,10,61.0,29.0,16,4,2.0,4,32,1.0,2.2,0.029,0.75,2.0,-30.063936750749935,0.815470564117169,-1.0591399488944466,32.410145491881636,290.0,93.0,197.0,32.06896551724138,13285.94,16292.36,-3006.42,3733.46,0.0,-5.706970288199955,0.9266619634511322,-0.36377772441172657,17.317199938929033,115.0,47.0,68.0,40.869565217391305,7211.2,7781.91,-570.71,1767.56,0.0
112,-10.0,False,65,14,64.0,28.0,17,4,1.8,14,29,1.7000000000000002,2.3,0.03,0.7,2.0,-6.426485939999966,0.9551448682546286,-0.08405857985688582,27.61259154191239,153.0,43.0,110.0,28.104575163398692,13683.52,14326.12,-642.6000000000004,2114.03,0.0,-20.820330243300077,0.6293473616748558,-1.6773591675231647,27.584096922445827,61.0,18.0,43.0,29.508196721311474,3535.17,5617.2,-2082.0299999999997,745.99,0.0
113,-10.0,False,67,12,60.0,30.0,14,5,2.4000000000000004,6,35,0.5,2.1,0.028,0.75,2.5,-44.281786630299976,0.8827802455540318,-0.9482439828264023,56.81352876296255,488.0,159.0,329.0,32.58196721311475,33347.729999999996,37775.8,-4428.070000000007,8616.51,0.0,-39.79559846860005,0.7174192128265393,-2.347376336226507,43.57888933705402,212.0,68.0,144.0,32.075471698113205,10103.630000000001,14083.3,-3979.6699999999983,3184.06,0.0
114,-10.0,False,51,18,69.0,32.0,16,18,3.6,4,49,1.1,2.2,0.029,0.35,1.5,-2.540829526999878,0.9684275524644077,-0.1237398456704395,11.788838793887697,270.0,90.0,180.0,33.333333333333336,7794.67,8048.79,-254.1199999999999,1435.93,0.0,0.47259398050004164,1.015642802257492,0.12842497369211558,7.57750230443392,111.0,41.0,70.0,36.93693693693694,3066.5099999999998,3019.2799999999997,47.23000000000002,574.38,0.0
115,-10.0,False,95,14,63.0,35.0,11,4,1.5,5,37,0.9,1.7000000000000002,0.027,0.55,2.5,-21.698486120650077,0.833852100451691,-0.9480780816787522,34.05101970050357,212.0,79.0,133.0,37.264150943396224,10889.949999999999,13059.81,-2169.8600000000006,2952.73,0.0,-9.9025539751,0.7964613411385537,-1.0630834076393252,16.987792895111355,77.0,27.0,50.0,35.064935064935064,3874.8800000000006,4865.12,-990.2399999999993,1039.73,0.0
116,-10.0,False,111,13,73.0,31.0,14,7,4.0,18,15,1.5,2.0,0.006,0.7,1.5,-18.107802440349968,0.794533013071799,-1.3797666622184872,21.31347519208702,233.0,78.0,155.0,33.47639484978541,7002.720000000001,8813.630000000001,-1810.9099999999999,1469.04,0.0,-5.434634836650094,0.8740393262072736,-0.8190132661833339,12.23350559216125,105.0,36.0,69.0,34.285714285714285,3771.2,4314.68,-543.4800000000005,642.91,0.0
117,-10.0,False,57,8,61.0,41.0,15,5,3.1,6,19,2.0,3.5,0.022000000000000002,0.25,2.0,1.9192199469499973,1.0976861136278033,0.2635116477933699,4.94054797334577,66.0,18.0,48.0,27.272727272727273,2156.58,1964.6599999999999,191.92000000000007,329.81,0.0,0.5160247540499768,1.071657709452985,0.22045891089355893,3.018696752519974,25.0,8.0,17.0,32.0,771.69,720.09,51.60000000000002,125.44,0.0
118,-10.0,False,62,9,57.0,33.0,11,13,2.2,12,12,1.9000000000000001,3.8000000000000003,0.03,0.3,5.0,10.764444393049999,3.183911543923717,0.8585416326905381,7.0394427629847796,11.0,4.0,7.0,36.36363636363637,1569.3500000000001,492.90000000000003,1076.45,177.57,0.0,-1.1942346714499945,0.0,-1.2910401834027596,1.1942346714499945,1.0,0.0,1.0,0.0,0.0,119.42,-119.42,14.92,0.0
119,-10.0,False,129,11,76.0,38.0,12,14,3.8000000000000003,9,21,1.6,3.3000000000000003,0.008,0.4,4.5,2.8815899698500287,1.030208478539529,0.21000254862839235,12.226146428353767,154.0,44.0,110.0,28.571428571428573,9829.25,9541.029999999999,288.22000000000116,1594.41,0.0,-1.513320964600007,0.9690243752686193,-0.09445198044766537,16.260237761829046,79.0,22.0,57.0,27.848101265822784,4734.750000000001,4886.1,-151.34999999999945,779.22,0.0
120,-10.0,False,26,7,74.0,33.0,10,6,1.2,4,26,0.9,4.0,0.019,0.75,2.5,-6.570831639350036,0.6453759471536817,-0.7080090708761075,13.179496718617054,27.0,5.0,22.0,18.51851851851852,1195.83,1852.9199999999998,-657.0899999999999,498.92,0.0,9.396660045399932,1.9354504728720756,1.4826665942352353,5.794568441611515,16.0,8.0,8.0,50.0,1944.1599999999999,1004.5,939.6599999999999,310.52,0.0
121,-10.0,False,55,20,80.0,28.0,7,8,2.8,7,10,1.3,2.6,0.028,0.6000000000000001,3.0,-30.749825929800075,0.8997875176389691,-0.49742913060094884,44.43398934496624,326.0,89.0,237.0,27.300613496932517,27609.89,30684.899999999994,-3075.0099999999948,4978.65,0.0,-30.028602503099943,0.7902991974658581,-1.2905245865410855,46.3817374731935,150.0,45.0,105.0,30.0,11316.800000000001,14319.640000000001,-3002.84,2222.38,0.0
122,-10.0,False,50,15,80.0,37.0,20,9,2.7,11,13,1.4,2.7,0.025,0.55,4.0,-62.305271100550144,0.7251431546069756,-1.5924580733518723,63.329204207400124,272.0,66.0,206.0,24.264705882352942,16437.4,22667.8,-6230.399999999998,3352.57,0.0,-25.925027356850077,0.8078955714493197,-1.109945653473661,49.34944961542095,117.0,33.0,84.0,28.205128205128204,10902.680000000002,13495.160000000002,-2592.4799999999996,2170.45,0.0
123,-10.0,False,60,15,62.0,30.0,8,9,2.9000000000000004,19,10,1.2000000000000002,2.4000000000000004,0.025,0.65,3.0,-4.59910271255003,0.9887821849449402,0.1135604622142582,42.738881633680606,306.0,95.0,211.0,31.045751633986928,40544.44000000001,41004.420000000006,-459.9799999999959,6655.65,0.0,-19.533561357300187,0.8697648927275563,-0.6952913219447092,41.854149080709185,129.0,45.0,84.0,34.883720930232556,13044.959999999997,14998.259999999998,-1953.300000000001,2202.75,0.0
124,-10.0,False,44,16,78.0,25.0,13,7,1.3,16,25,1.1,2.8,0.027,0.5,3.5,-2.2478416193999875,0.8356603994268837,-0.16645007545764068,8.903767209962565,15.0,4.0,11.0,26.666666666666668,1143.1499999999999,1367.96,-224.81000000000017,263.78,0.0,-6.583840835299926,0.552316646947629,-1.5876586860076227,10.89917623180878,14.0,5.0,9.0,35.714285714285715,812.27,1470.6599999999999,-658.3899999999999,238.28,0.0
125,-10.0,False,143,15,56.0,22.0,18,8,1.0,13,41,1.3,2.5,0.029,0.35,4.0,,,,,,,,,,,,,,,,,,,,,,,,,,
126,-10.0,False,36,19,71.0,24.0,11,17,2.6,17,31,1.4,2.6,0.005,0.5,3.0,-2.428442684699876,0.8884365868450554,-0.3240658749554516,9.627772731247196,56.0,17.0,39.0,30.357142857142858,1933.7,2176.52,-242.81999999999994,462.33,0.0,-1.8090999776500032,0.7994701017670666,-0.6623009508012734,4.84172730873176,23.0,7.0,16.0,30.434782608695652,721.1700000000001,902.0600000000001,-180.89,184.97,0.0
127,-10.0,False,101,8,66.0,27.0,10,12,3.2,8,12,1.6,1.6,0.026000000000000002,0.6000000000000001,5.0,-56.27595857600001,0.531846182642514,-2.6742602649462732,57.84457734488284,113.0,33.0,80.0,29.20353982300885,6393.1900000000005,12020.75,-5627.5599999999995,2254.06,0.0,-15.660863438349953,0.6355644085978969,-1.2527150247258705,22.19745853950289,33.0,12.0,21.0,36.36363636363637,2731.23,4297.33,-1566.1,821.0,0.0
128,-10.0,False,23,18,67.0,26.0,9,16,3.0,5,43,0.7,1.9,0.013000000000000001,0.7,2.5,-55.2843798671502,0.7495184877593271,-2.2978165509012562,59.49575832582331,434.0,144.0,290.0,33.17972350230415,16542.690000000002,22071.089999999997,-5528.399999999994,4960.09,0.0,-27.414992474449672,0.7130597967838767,-2.2019070543592028,36.12108239621327,157.0,56.0,101.0,35.6687898089172,6812.83,9554.36,-2741.5300000000007,2116.64,0.0
129,-10.0,False,53,9,68.0,31.0,12,7,1.1,19,22,1.2000000000000002,2.5,0.011,0.3,1.0,-0.5664591155500056,0.0,-0.6424372309238386,1.0641313429157941,2.0,0.0,2.0,0.0,0.0,56.64,-56.64,5.87,0.0,0.03744782449999547,1.1574074074074074,0.16009933205472954,0.23694316127772747,2.0,1.0,1.0,50.0,27.5,23.76,3.7399999999999984,5.960000000000001,0.0
130,-10.0,False,20,13,55.0,42.0,13,15,3.7,14,24,0.8,1.3,0.024,0.55,3.0,-68.21797091440031,0.7442660266719449,-2.7898300714047553,70.75357834843287,638.0,268.0,370.0,42.00626959247649,19853.46,26675.22,-6821.760000000002,6338.26,0.0,-42.68850680224979,0.6964889416913913,-3.125397779439335,45.66467298878239,276.0,123.0,153.0,44.56521739130435,9796.11,14064.989999999998,-4268.879999999997,3399.79,0.0
131,-10.0,False,82,12,64.0,40.0,15,10,1.1,13,32,1.0,1.0,0.017,0.6000000000000001,1.0,,,,,,,,,,,,,,,,,,,,,,,,,,
132,-10.0,False,71,10,63.0,37.0,17,9,1.0,12,34,1.0,1.1,0.02,0.65,1.0,,,,,,,,,,,,,,,,,,,,,,,,,,
133,-10.0,False,87,14,64.0,36.0,16,11,1.2,12,36,1.0,1.0,0.023000000000000003,0.65,1.5,,,,,,,,,,,,,,,,,,,,,,,,,,
134,-10.0,False,63,16,79.0,38.0,7,8,3.9000000000000004,9,38,1.7000000000000002,1.2,0.021,0.7,1.0,-9.959784099049958,0.9103084009888287,-0.4911189326604207,17.14590168202548,274.0,127.0,147.0,46.35036496350365,10108.110000000002,11104.05,-995.9399999999969,1827.77,0.0,-7.634673122099849,0.8577857752245558,-0.8393201407694992,12.975643151298813,117.0,51.0,66.0,43.58974358974359,4604.92,5368.379999999999,-763.4599999999991,801.85,0.0
135,-10.0,False,76,14,56.0,39.0,19,10,3.1,18,34,0.6,3.2,0.007,0.6000000000000001,3.5,-42.55719753974994,0.7039134285513516,-2.3146720438004564,46.1511261490449,291.0,65.0,226.0,22.33676975945017,10117.579999999998,14373.329999999998,-4255.75,3344.53,0.0,-9.842184064199937,0.8465255902442066,-0.9911540094587776,15.556359359600139,115.0,30.0,85.0,26.08695652173913,5428.43,6412.600000000001,-984.170000000001,1466.72,0.0
136,-10.0,False,135,20,62.0,29.0,13,9,3.4000000000000004,13,30,1.1,2.9000000000000004,0.022000000000000002,0.45,1.0,-7.773420606749914,0.8901981002154031,-0.5191666065204749,15.383720923831397,203.0,52.0,151.0,25.61576354679803,6302.38,7079.75,-777.3699999999999,890.67,0.0,-0.3905066642499878,0.9868731677339845,-0.009864716247576136,9.97922784502278,82.0,23.0,59.0,28.048780487804876,2938.78,2977.87,-39.08999999999969,362.09,0.0
137,-10.0,False,67,21,60.0,41.0,8,19,1.4,11,33,0.9,2.3,0.03,0.25,2.0,,,,,,,,,,,,,,,,,,,,,,,,,,
138,-10.0,False,46,8,65.0,36.0,14,13,2.5,14,16,2.0,1.1,0.027,0.4,5.0,-9.197135751250043,0.7053348584024582,-0.7588799515458996,11.315186944494767,37.0,15.0,22.0,40.54054054054054,2201.4700000000003,3121.1699999999996,-919.6999999999994,693.62,0.0,-1.8927999467499468,0.8329803568592153,-0.35664009118942713,7.476512383128867,16.0,7.0,9.0,43.75,943.95,1133.22,-189.26999999999998,309.92,0.0
139,-10.0,False,92,13,55.0,35.0,12,7,2.8,15,35,0.5,1.5,0.028,0.35,1.5,-5.3991625991000545,0.911131668005425,-0.5266967224653042,17.558688974337226,313.0,137.0,176.0,43.76996805111821,5535.379999999999,6075.280000000001,-539.9000000000015,1652.94,0.0,-6.731334394000187,0.7126218897826048,-1.852820266414605,9.927407854927322,117.0,47.0,70.0,40.17094017094017,1669.1599999999994,2342.2799999999997,-673.1200000000003,595.56,0.0
140,-10.0,False,32,10,72.0,34.0,9,8,1.2,10,23,1.8,2.4000000000000004,0.026000000000000002,0.7,3.5,,,,,,,,,,,,,,,,,,,,,,,,,,
141,-10.0,False,49,17,75.0,44.0,9,6,1.8,20,31,1.5,2.4000000000000004,0.029,0.5,2.0,-14.045155170050075,0.7759244812232073,-0.7701016040342392,21.801333065036,90.0,23.0,67.0,25.555555555555557,4863.579999999999,6268.1100000000015,-1404.5300000000025,882.9,0.0,-3.8446737922999996,0.886684408606904,-0.2967555368085053,12.795761049849336,42.0,14.0,28.0,33.333333333333336,3008.6,3393.09,-384.49000000000024,406.78,0.0
142,-10.0,False,40,16,74.0,43.0,10,6,1.9,20,29,1.6,2.6,0.03,0.55,2.5,-10.921758875049909,0.8993964783517007,-0.2911525825548083,27.559577654801743,110.0,31.0,79.0,28.181818181818183,9764.1,10856.279999999999,-1092.1799999999985,1506.37,0.0,-10.320506435899988,0.837497165675703,-0.5695011710217384,28.35401121837436,56.0,19.0,37.0,33.92857142857143,5318.71,6350.719999999999,-1032.0099999999993,753.38,0.0
143,-10.0,False,52,16,76.0,45.0,8,12,2.1,19,48,1.4,2.1,0.03,0.65,2.0,-0.3013198693000049,0.9858786586366088,0.008853274945049021,7.310135754008272,29.0,10.0,19.0,34.48275862068966,2103.52,2133.6499999999996,-30.129999999999654,378.83,0.0,-1.8068455378999715,0.681429503341032,-0.6822296573053657,5.460761788965851,7.0,1.0,6.0,14.285714285714286,386.5,567.19,-180.69000000000005,92.09,0.0
144,-10.0,False,56,17,73.0,44.0,9,8,2.0,7,28,1.5,2.5,0.017,0.75,2.5,-7.209978737099863,0.8999310213694964,-0.30297913216235356,18.431497684332214,76.0,21.0,55.0,27.63157894736842,6484.12,7205.13,-721.0100000000002,1419.25,0.0,6.629367844300068,1.2900112861879807,0.7463625863794118,9.554033493785932,27.0,10.0,17.0,37.03703703703704,2948.94,2285.98,662.96,470.06,0.0
145,-10.0,False,80,19,78.0,42.0,11,5,1.6,4,32,1.7000000000000002,2.7,0.028,0.45,1.5,-11.0230532171499,0.6735300738072955,-0.9511295144616154,15.922816404294556,80.0,22.0,58.0,27.5,2274.08,3376.3599999999997,-1102.2799999999997,519.25,0.0,-2.8251530372499656,0.8530502488778392,-0.40449855226850934,6.470446869848434,41.0,11.0,30.0,26.829268292682926,1640.1000000000001,1922.63,-282.53,276.01,0.0
146,-10.0,False,26,9,77.0,40.0,9,7,3.8000000000000003,20,21,1.1,3.9000000000000004,0.009000000000000001,0.4,3.0,-22.927451360100168,0.8780950649107584,-0.7037166672317087,28.443568630946963,311.0,68.0,243.0,21.864951768488744,16514.65,18807.36,-2292.709999999999,2739.41,0.0,-15.029860750799982,0.683740181256168,-1.3749637239197554,21.252457350717,70.0,12.0,58.0,17.142857142857142,3249.3999999999996,4752.389999999999,-1502.9899999999998,566.01,0.0
147,-10.0,False,42,15,80.0,28.0,7,11,2.3,6,36,1.2000000000000002,1.8,0.019,0.5,5.0,-26.21201493655016,0.7771894540348108,-1.04559108747848,38.8035348386691,136.0,51.0,85.0,37.5,9142.949999999999,11764.12,-2621.170000000002,2400.15,0.0,-0.05547671064974565,0.9987844035692537,0.09576398675208049,22.327771304401878,47.0,20.0,27.0,42.5531914893617,4560.11,4565.660000000001,-5.550000000001091,1019.37,0.0
148,-10.0,False,59,12,73.0,35.0,21,4,2.0,17,34,1.3,2.0,0.02,0.75,1.0,24.63369219455015,1.194162329519166,1.0150471491678092,10.87898703929618,254.0,93.0,161.0,36.61417322834646,15150.230000000001,12686.91,2463.3200000000015,2052.95,0.0,-7.091700402649931,0.8665386967772291,-0.5927950670445906,17.579836549709626,105.0,37.0,68.0,35.23809523809524,4604.570000000001,5313.75,-709.1799999999994,738.15,0.0
149,-10.0,False,148,7,71.0,43.0,11,5,3.6,5,46,1.6,3.5,0.029,0.3,1.5,6.249543883750011,1.1527450558689256,0.5488382487516322,6.399813694219494,129.0,34.0,95.0,26.356589147286822,4716.71,4091.72,624.9900000000002,584.59,0.0,-1.9977564636500755,0.8826487747272439,-0.351973333972893,7.991036564748436,46.0,11.0,35.0,23.91304347826087,1502.3299999999997,1702.0699999999997,-199.74,205.95,0.0
150,-10.0,False,107,15,75.0,36.0,14,8,3.5,13,50,0.7,1.5,0.024,0.55,2.0,-27.832590154400265,0.8794903192172934,-0.8439212128758787,32.98096437691974,409.0,175.0,234.0,42.78728606356968,20312.04,23095.239999999998,-2783.199999999997,3878.0,0.0,-14.98371935785015,0.8662890104908457,-0.9539803315725651,23.029206250318225,158.0,64.0,94.0,40.50632911392405,9707.599999999999,11205.960000000001,-1498.3600000000024,1675.32,0.0
151,-10.0,False,70,21,66.0,32.0,15,10,2.8,16,14,0.8,1.6,0.023000000000000003,0.65,4.0,-69.12801565834945,0.7885840132022406,-1.9557106682847127,71.87382474894946,417.0,155.0,262.0,37.170263788968825,25784.71,32697.480000000003,-6912.770000000004,6477.15,0.0,-48.830195782750415,0.6928659442099363,-2.7146843348448146,61.12578747843694,161.0,60.0,101.0,37.267080745341616,11015.549999999997,15898.529999999999,-4882.980000000001,2755.41,0.0
152,-10.0,False,75,21,70.0,33.0,15,10,3.0,15,16,0.8,1.7000000000000002,0.026000000000000002,0.65,4.0,-66.63392588059983,0.7976508786202261,-1.6316105402801722,69.20032210314982,401.0,143.0,258.0,35.66084788029925,26267.130000000005,32930.61,-6663.479999999996,6217.21,0.0,-44.14618062340036,0.7476814833019929,-2.1059403360963955,56.59538197865371,160.0,58.0,102.0,36.25,13081.51,17496.100000000002,-4414.590000000002,2941.17,0.0
153,-10.0,False,82,20,65.0,32.0,15,11,2.7,17,11,0.9,1.4,0.025,0.6000000000000001,4.5,-52.41400652284995,0.8240413112050803,-1.339054853018936,58.385365993041425,328.0,136.0,192.0,41.46341463414634,24546.18,29787.559999999998,-5241.379999999997,6249.86,0.0,-30.542547515050316,0.7806327332851148,-1.6396905607205434,47.34638971341074,134.0,56.0,78.0,41.791044776119406,10868.57,13922.770000000002,-3054.2000000000025,2790.53,0.0
154,-10.0,False,120,21,66.0,31.0,17,9,1.0,8,13,0.6,3.8000000000000003,0.025,0.4,3.5,,,,,,,,,,,,,,,,,,,,,,,,,,
155,-10.0,False,73,20,56.0,34.0,16,18,3.7,16,18,0.9,1.2,0.023000000000000003,0.7,5.0,-78.02546772700018,0.67977386058156,-3.1108012857950986,78.40219800446944,352.0,146.0,206.0,41.47727272727273,16563.03,24365.5,-7802.470000000001,6187.02,0.0,-42.35474313754986,0.6252080569932369,-2.9389686687412873,45.28224072535402,122.0,53.0,69.0,43.442622950819676,7065.470000000001,11300.990000000002,-4235.52,2816.48,0.0
156,-10.0,False,28,21,79.0,30.0,10,7,1.3,11,37,1.0,1.0,0.029,0.6000000000000001,2.5,-7.0359571956000035,0.08897750961376613,-2.249632927074684,7.491686279682512,12.0,2.0,10.0,16.666666666666668,68.72,772.33,-703.61,174.26,0.0,-0.22373742254996615,0.8964080725791519,-0.15425523862090224,2.138341800644242,8.0,5.0,3.0,62.5,193.66,216.04000000000002,-22.380000000000024,119.94,0.0
157,-10.0,False,78,17,68.0,38.0,14,9,4.0,18,25,0.6,2.8,0.015,0.3,4.5,-4.31027276829982,0.9805341526057413,0.006050440751345191,29.267449747737402,251.0,72.0,179.0,28.685258964143426,21715.379999999997,22146.48,-431.1000000000022,3167.36,0.0,-0.9000551541000096,0.9900937788931446,0.07870928967119625,19.847779571384937,101.0,32.0,69.0,31.683168316831683,8995.2,9085.200000000003,-90.00000000000182,1221.67,0.0
158,-10.0,False,114,18,72.0,32.0,16,10,2.1,15,20,1.7000000000000002,3.7,0.021,0.45,3.5,-20.05636165204998,0.6216848879935415,-0.9688845704122233,29.068395923325518,52.0,10.0,42.0,19.23076923076923,3295.8500000000004,5301.48,-2005.6299999999992,689.87,0.0,-13.365245911100047,0.36248288757554503,-1.2281892873561493,19.483805850051663,14.0,1.0,13.0,7.142857142857143,759.92,2096.4300000000003,-1336.5100000000002,194.81,0.0
159,-10.0,False,65,19,62.0,41.0,18,12,2.7,8,12,1.0,3.6,0.027,0.75,3.0,-59.41261330575005,0.7696348212880166,-1.2029488395908525,62.69408734194474,303.0,64.0,239.0,21.122112211221122,19849.39,25790.66,-5941.27,4577.83,0.0,-19.58012541439989,0.837485682983915,-0.7175371121811852,43.872329657106896,112.0,28.0,84.0,25.0,10090.529999999999,12048.6,-1958.0700000000015,2172.91,0.0
160,-10.0,False,140,9,55.0,31.0,20,20,2.9000000000000004,7,33,1.5,3.4000000000000004,0.024,0.6000000000000001,4.0,-10.854981575899874,0.08728517135842329,-1.4663152437404223,10.854981575899874,10.0,1.0,9.0,10.0,103.81,1189.3200000000002,-1085.5100000000002,222.37,0.0,-2.0008524379499795,0.35318268515824525,-0.5008732328609797,4.597342175518159,3.0,1.0,2.0,33.333333333333336,109.25,309.33,-200.07999999999998,70.96000000000001,0.0
161,-10.0,False,85,12,58.0,29.0,9,5,2.2,6,40,1.6,3.1,0.022000000000000002,0.5,3.0,-29.295075573099975,0.6157803964772153,-1.360137992228442,31.418002382094407,92.0,21.0,71.0,22.82608695652174,4695.11,7624.650000000001,-2929.540000000001,1152.34,0.0,3.537419000399932,1.161632869401519,0.4322975153928782,11.93304206535091,25.0,7.0,18.0,28.0,2542.28,2188.54,353.74000000000024,376.71,0.0
162,-10.0,False,96,11,59.0,26.0,7,4,2.3,6,15,1.5,3.0,0.018000000000000002,0.5,2.5,-13.06609944775022,0.8262950431736451,-0.5782236101763139,15.997066579699803,111.0,27.0,84.0,24.324324324324323,6215.349999999999,7521.95,-1306.6000000000004,1294.45,0.0,-1.456756086500045,0.9451110851571242,-0.10983164639640572,14.768015614813098,35.0,8.0,27.0,22.857142857142858,2508.58,2654.27,-145.69000000000005,415.28,0.0
163,-10.0,False,104,10,63.0,27.0,9,6,2.4000000000000004,5,35,1.6,3.2,0.02,0.5,3.0,-25.89086173784998,0.6979278963948197,-1.1778544829819195,36.34627589011806,98.0,20.0,78.0,20.408163265306122,5981.9400000000005,8571.000000000002,-2589.0600000000013,1342.34,0.0,-19.338022851549923,0.33491081930677746,-2.5289642799806633,21.845283760358967,28.0,4.0,24.0,14.285714285714286,973.78,2907.58,-1933.8,353.0,0.0
164,-10.0,False,99,13,57.0,23.0,12,5,3.9000000000000004,16,22,1.3,1.3,0.022000000000000002,0.45,3.0,-26.69643780324999,0.7104311513639571,-1.4106259577540632,28.728156486711132,176.0,76.0,100.0,43.18181818181818,6549.820000000001,9219.499999999998,-2669.6799999999976,1989.02,0.0,-4.762621807900014,0.8713624356488062,-0.5329431277148722,12.959709514034017,69.0,31.0,38.0,44.927536231884055,3226.080000000001,3702.3399999999997,-476.25999999999885,885.46,0.0
165,-10.0,False,91,7,62.0,37.0,10,4,2.6,9,43,1.9000000000000001,1.5,0.026000000000000002,0.25,1.0,-1.498581157150038,0.850668951295564,-0.4404201916871461,3.383111057513498,74.0,30.0,44.0,40.54054054054054,853.91,1003.8099999999998,-149.89999999999986,181.05,0.0,0.6338335010500304,1.1903803400829176,0.5700315490907902,1.5724689815926558,25.0,13.0,12.0,52.0,396.22999999999996,332.86,63.36999999999995,61.72,0.0
166,-10.0,False,88,11,74.0,39.0,8,11,1.9,7,38,0.9,2.5,0.03,0.55,5.0,3.1192006470502385,1.1060367596819645,0.24857379545822966,12.356529886574881,27.0,9.0,18.0,33.333333333333336,3253.75,2941.81,311.94000000000005,750.46,0.0,-2.911086453500011,0.7142871163717378,-0.41414342839046636,10.896379007120393,6.0,1.0,5.0,16.666666666666668,727.78,1018.89,-291.11,161.04,0.0
167,-10.0,False,80,12,70.0,25.0,13,14,2.0,19,41,1.3,3.3000000000000003,0.021,0.35,2.0,-1.5003968496499873,0.0,-1.6468686554962855,1.5003968496499873,4.0,0.0,4.0,0.0,0.0,150.04,-150.04,27.57,0.0,1.0211800570000196,1.4443090845805777,0.46552421855120213,2.5609998569362618,4.0,1.0,3.0,25.0,331.96,229.84,102.11999999999998,28.54,0.0
168,-10.0,False,111,9,60.0,29.0,15,6,2.5,12,39,1.5,1.7000000000000002,0.007,0.4,3.0,-5.126701197599959,0.8353317551529089,-0.608781751154543,10.972209930277673,84.0,34.0,50.0,40.476190476190474,2600.6299999999997,3113.29,-512.6600000000003,847.47,0.0,-6.315551021900028,0.42695375234776933,-1.9222516959846536,8.380592528480035,22.0,5.0,17.0,22.727272727272727,470.55,1102.11,-631.56,194.49,0.0
169,-10.0,False,46,8,61.0,36.0,9,6,2.2,20,23,2.0,1.0,0.027,0.7,3.5,-23.787312356399863,0.4577736240440397,-1.8927047258767695,25.148554918192783,44.0,20.0,24.0,45.45454545454545,2008.2300000000002,4386.950000000001,-2378.7200000000003,888.26,0.0,-6.674061259549963,0.5333678256552958,-1.4637182115858647,10.314495858801896,14.0,6.0,8.0,42.857142857142854,762.86,1430.27,-667.41,327.91,0.0
170,-10.0,False,61,11,69.0,33.0,12,4,1.1,4,24,1.4,2.3,0.019,0.5,2.5,-5.022612467149975,0.6038256754091895,-0.8677224595534087,6.212412275284448,26.0,9.0,17.0,34.61538461538461,765.5,1267.75,-502.25,319.91,0.0,-2.399403167649998,0.7745814622047686,-0.6230159087975344,6.129258865070774,18.0,6.0,12.0,33.333333333333336,824.4799999999999,1064.42,-239.94000000000017,224.24,0.0
171,-10.0,False,36,18,76.0,35.0,13,15,3.3000000000000003,17,27,1.3,2.0,0.016,0.25,1.5,2.169734607199916,1.0342866081713336,0.24484137266754952,11.984947068999977,280.0,95.0,185.0,33.92857142857143,6545.7,6328.71,216.98999999999978,1086.28,0.0,-0.8693864664500506,0.9660575635615554,-0.14923936959765852,6.823933480852561,117.0,41.0,76.0,35.042735042735046,2474.7400000000002,2561.6899999999996,-86.94999999999936,431.52,0.0
172,-10.0,False,54,18,75.0,34.0,13,12,3.2,18,27,1.4,1.9,0.024,0.25,1.5,-4.056641615299923,0.9348864907727105,-0.3382610662675142,10.477010248945783,248.0,81.0,167.0,32.66129032258065,5824.240000000001,6229.889999999999,-405.6499999999987,925.82,0.0,1.5857409834000646,1.0667387590571327,0.3682977359329232,6.896423648776319,103.0,43.0,60.0,41.74757281553398,2535.19,2376.58,158.61000000000013,385.48,0.0
173,-10.0,False,49,19,77.0,30.0,14,13,3.2,18,30,1.2000000000000002,1.8,0.012,0.25,1.5,-3.4952828957500057,0.9498885312650087,-0.29489741969456146,13.839030901220747,305.0,106.0,199.0,34.75409836065574,6625.5199999999995,6975.05,-349.53000000000065,1158.9,0.0,2.7060292984000265,1.100438642065106,0.5899135885233393,6.734005775816576,125.0,53.0,72.0,42.4,2965.3299999999995,2694.68,270.64999999999964,471.48,0.0
174,-10.0,False,24,17,64.0,37.0,8,7,3.4000000000000004,9,33,1.1,1.1,0.028,0.25,1.5,-5.200647453950006,0.9507484549416773,-0.42224732465673925,12.754472787512494,651.0,322.0,329.0,49.46236559139785,10040.939999999999,10561.09,-520.1500000000015,2399.61,0.0,-15.948436293300148,0.7047345045090079,-3.007791710958708,17.72560148035552,270.0,121.0,149.0,44.81481481481482,3806.56,5401.41,-1594.85,929.8,0.0
175,-10.0,False,135,16,55.0,35.0,13,17,2.8,6,34,1.8,2.2,0.026000000000000002,0.65,1.0,-0.08025868165002976,0.9809749171793658,-0.00757063527264047,3.416522623656536,14.0,6.0,8.0,42.857142857142854,414.56,422.6,-8.04000000000002,88.83,0.0,-2.0158033628499834,0.0,-1.829339895585185,2.025039047348083,3.0,0.0,3.0,0.0,0.0,201.57999999999998,-201.57999999999998,19.15,0.0
176,-10.0,False,44,20,74.0,33.0,12,16,3.0,17,31,1.0,2.1,0.014000000000000002,0.3,2.0,-6.809134902899968,0.915449476573075,-0.4673314939254409,17.24431627492312,229.0,76.0,153.0,33.18777292576419,7371.840000000001,8052.700000000001,-680.8599999999997,1368.54,0.0,-7.7754055931500075,0.7599567801188548,-1.2564603862306907,15.252746472937067,98.0,36.0,62.0,36.734693877551024,2461.69,3239.2499999999995,-777.5599999999995,554.63,0.0
177,-10.0,False,123,18,75.0,27.0,19,8,3.1,10,20,1.4,2.2,0.03,0.35,1.0,-4.927680618899885,0.9069906588625667,-0.411689353074084,11.832842919801195,208.0,67.0,141.0,32.21153846153846,4805.299999999999,5298.070000000001,-492.77000000000135,719.41,0.0,-3.764174506349973,0.8526626871513847,-0.8237465352306098,7.150254323290918,100.0,29.0,71.0,29.0,2178.34,2554.75,-376.40999999999985,337.71,0.0
178,-10.0,False,30,20,56.0,40.0,10,10,1.7000000000000002,14,26,1.2000000000000002,3.1,0.028,0.75,1.5,2.287500831649995,1.6870100615708061,0.6676774549453771,4.045803375267599,10.0,4.0,6.0,40.0,561.6899999999999,332.95000000000005,228.7399999999999,112.4,0.0,-0.034638800049979185,0.9904772359285382,-0.00428171563818501,3.5169143988841105,6.0,2.0,4.0,33.333333333333336,360.92,364.39,-3.4699999999999704,68.64,0.0
179,-10.0,False,57,8,55.0,42.0,11,5,2.9000000000000004,19,49,1.7000000000000002,1.8,0.025,0.55,5.0,1.5205019071500645,1.0204803762839803,0.14710617312205337,18.730944225477195,60.0,25.0,35.0,41.666666666666664,7576.23,7424.179999999999,152.05000000000018,1738.46,0.0,-6.064019579200067,0.7136651241854755,-0.6590130709907314,13.61286196453895,16.0,6.0,10.0,37.5,1511.4,2117.8,-606.4000000000001,418.52,0.0
180,-10.0,False,40,10,63.0,36.0,20,6,3.8000000000000003,16,28,1.1,2.6,0.008,0.3,3.0,-20.6876685828501,0.8602713911328451,-0.9674569814683215,24.224855114416023,341.0,94.0,247.0,27.565982404692082,12736.489999999998,14805.199999999999,-2068.710000000001,2518.05,0.0,-11.870847707450048,0.8228147949131291,-1.2354794164510832,19.99512952387736,142.0,39.0,103.0,27.464788732394368,5512.530000000001,6699.6,-1187.0699999999997,1085.02,0.0
181,-10.0,False,71,14,67.0,33.0,17,6,1.9,11,19,0.5,1.4,0.023000000000000003,0.65,4.0,-45.56833245529965,0.8841346914220011,-1.0750222412181327,58.68451068813466,450.0,189.0,261.0,42.0,34771.090000000004,39327.82,-4556.729999999996,10230.29,0.0,-50.917194392599995,0.6384008022123335,-3.467811494297617,57.106526232482416,175.0,65.0,110.0,37.142857142857146,8989.36,14081.06,-5091.699999999999,3226.67,0.0
182,-10.0,False,66,14,69.0,34.0,18,7,1.4,12,16,0.6,1.3,0.024,0.65,4.0,-35.986222290399844,0.6824241022930148,-1.7822901951704446,42.01715289580476,143.0,58.0,85.0,40.55944055944056,7732.799999999999,11331.37,-3598.5700000000015,3147.31,0.0,-25.560754839149887,0.4538771010355887,-3.0028690276871384,29.81015468337726,43.0,14.0,29.0,32.55813953488372,2124.34,4680.429999999999,-2556.0899999999992,934.9,0.0
183,-10.0,False,77,13,65.0,20.0,15,15,1.8,10,17,0.5,2.8,0.025,0.65,4.0,0.18497031359996982,1.029208264880576,0.061714667972530925,4.67585791475801,9.0,4.0,5.0,44.44444444444444,651.53,633.0400000000001,18.489999999999895,233.35,0.0,5.405992236450075,1.706592774611805,0.9488491284112162,5.255552955118566,9.0,3.0,6.0,33.333333333333336,1305.6799999999998,765.08,540.5999999999998,237.25,0.0
184,-10.0,False,84,19,66.0,34.0,17,12,1.5,11,21,0.7,1.2,0.029,0.7,4.0,6.245445588500006,4.031403193709654,1.3848335823049533,1.9498991319670846,7.0,5.0,2.0,71.42857142857143,830.59,206.03,624.5600000000001,201.59,0.0,2.1871832408999032,2.4465608465608466,0.9319789267321308,1.7720083965613733,3.0,2.0,1.0,66.66666666666667,369.91999999999996,151.2,218.71999999999997,77.73,0.0
185,-10.0,False,63,14,80.0,26.0,7,5,2.1,13,25,0.5,1.6,0.027,0.35,4.5,-19.066178651850247,0.9476238104905116,-0.2368492865637628,33.69803865524269,480.0,199.0,281.0,41.458333333333336,34495.98,36402.61,-1906.6299999999974,6610.45,0.0,-43.486547986750075,0.7309064874100174,-2.6166873052377864,52.263384541706046,209.0,76.0,133.0,36.36363636363637,11811.5,16160.07,-4348.57,2750.88,0.0
186,-10.0,False,68,17,67.0,28.0,14,13,1.6,5,47,1.6,2.9000000000000004,0.026000000000000002,0.6000000000000001,4.0,,,,,,,,,,,,,,7.353686486849983,99.0,1.5495647987840764,3.5772372546671205,1.0,1.0,0.0,100.0,735.37,0.0,735.37,18.25,0.0
187,-10.0,False,46,15,55.0,32.0,19,9,1.0,20,35,0.8,1.4,0.022000000000000002,0.4,2.5,,,,,,,,,,,,,,,,,,,,,,,,,,
188,-10.0,False,130,21,73.0,23.0,16,8,3.6,10,18,1.0,2.4000000000000004,0.006,0.5,3.5,-24.378389337150004,0.797187234821384,-1.5335233895807194,27.690009984762497,269.0,76.0,193.0,28.25278810408922,9582.35,12020.2,-2437.8500000000004,2300.54,0.0,-9.095518603149921,0.8041791533188662,-1.253804725319111,13.828356475756978,107.0,32.0,75.0,29.906542056074766,3735.38,4644.959999999999,-909.579999999999,790.37,0.0
189,-10.0,False,75,7,64.0,36.0,9,6,1.1,12,36,1.3,1.0,0.025,0.65,5.0,,,,,,,,,,,,,,1.0055255884500185,99.0,1.2453152648289654,0.48703985549997014,1.0,1.0,0.0,100.0,100.55,0.0,100.55,32.56,0.0
190,-10.0,False,33,9,56.0,25.0,8,4,2.4000000000000004,19,23,1.5,2.7,0.03,0.7,2.0,10.209762945000058,1.1083668290239146,0.49741624914128796,16.668076196783513,122.0,39.0,83.0,31.9672131147541,10442.600000000004,9421.61,1020.9900000000034,1962.9,0.0,-0.6355440421499406,0.9775485394004935,-0.0025230693254625083,11.145630874526757,42.0,13.0,29.0,30.952380952380953,2766.13,2829.66,-63.529999999999745,603.98,0.0
191,-10.0,False,38,12,60.0,38.0,11,14,1.3,13,39,1.6,2.2,0.027,0.7,2.0,,,,,,,,,,,,,,,,,,,,,,,,,,
192,-10.0,False,38,12,59.0,39.0,10,16,2.6,14,15,0.6,2.3,0.028,0.75,2.0,-13.226806739350087,0.8754365146635024,-0.5560507456623982,23.054415886334514,198.0,68.0,130.0,34.343434343434346,9295.560000000001,10618.2,-1322.6399999999994,2657.83,0.0,-6.450078038749943,0.8420721450834544,-0.8176409943137679,14.693195939663426,81.0,30.0,51.0,37.03703703703704,3439.2500000000005,4084.27,-645.0199999999995,1159.97,0.0
193,-10.0,False,42,10,61.0,31.0,10,11,1.2,13,32,0.9,2.1,0.026000000000000002,0.65,2.0,,,,,,,,,,,,,,,,,,,,,,,,,,
194,-10.0,False,35,11,70.0,44.0,9,15,1.7000000000000002,9,42,1.9000000000000001,1.9,0.029,0.75,1.5,,,,,,,,,,,,,,,,,,,,,,,,,,
195,-10.0,False,22,16,74.0,41.0,12,14,2.9000000000000004,18,38,1.7000000000000002,2.6,0.024,0.25,1.0,-0.18616568720010038,0.9928543987706494,-0.010103261955091742,8.209707657640367,151.0,43.0,108.0,28.47682119205298,2584.4,2602.9999999999995,-18.599999999999454,377.73,0.0,-1.0605964397500247,0.8875618621705541,-0.44966077559586437,3.3577507734763388,61.0,18.0,43.0,29.508196721311474,837.53,943.63,-106.10000000000002,149.21,0.0
196,-10.0,False,52,13,79.0,37.0,9,7,1.8,5,37,1.6,1.1,0.013000000000000001,0.6000000000000001,3.5,-0.3990309928500392,0.9864303714813341,0.0008799357476617591,9.795271291556247,50.0,26.0,24.0,52.0,2900.4900000000002,2940.3900000000003,-39.90000000000009,897.37,0.0,-3.306324411300011,0.835210621797811,-0.5770019501802645,7.828834683661653,31.0,16.0,15.0,51.61290322580645,1675.8,2006.44,-330.6400000000001,509.89,0.0
197,-10.0,False,74,17,61.0,35.0,11,11,2.0,11,40,1.5,2.4000000000000004,0.018000000000000002,0.4,2.0,0.047301347900047405,1.0068117340399487,0.02736657111809411,5.259574045721859,17.0,5.0,12.0,29.41176470588235,699.12,694.39,4.730000000000018,135.78,0.0,1.1829991093500212,1.5168406797431309,0.5903255875641565,2.2123792301940504,7.0,2.0,5.0,28.571428571428573,347.22,228.90999999999997,118.31000000000006,57.010000000000005,0.0
198,-10.0,False,29,9,68.0,33.0,10,13,1.4,12,22,1.3,3.3000000000000003,0.028,0.3,4.5,,,,,,,,,,,,,,,,,,,,,,,,,,
199,-10.0,False,117,19,69.0,34.0,18,19,1.9,6,34,1.4,2.0,0.03,0.45,3.0,,,,,,,,,,,,,,3.8217419204,99.0,1.9070590470605664,0.9068928722302096,1.0,1.0,0.0,100.0,382.17,0.0,382.17,13.66,0.0
200,-10.0,False,94,15,72.0,45.0,14,9,3.3000000000000003,7,10,0.5,1.6,0.023000000000000003,0.7,2.5,-50.58823947300025,0.8540282989959335,-1.3809692511153293,55.21574585894172,526.0,206.0,320.0,39.163498098859314,29598.110000000004,34657.06,-5058.949999999993,7167.38,0.0,-30.163461061350088,0.8207333105117269,-1.647329754632915,38.1590639769534,221.0,90.0,131.0,40.723981900452486,13809.789999999999,16826.16,-3016.370000000001,3433.06,0.0
201,-10.0,False,102,21,76.0,25.0,13,9,2.5,16,30,1.1,2.9000000000000004,0.016,0.45,3.0,-15.61366355125001,0.902434040447152,-0.4635422929245602,38.59594206250666,187.0,50.0,137.0,26.737967914438503,14441.3,16002.61,-1561.3100000000013,2333.86,0.0,11.003055817249916,1.203866784010375,0.9145122122092255,11.228210679382347,62.0,23.0,39.0,37.096774193548384,6497.569999999998,5397.250000000002,1100.319999999996,783.35,0.0
202,-10.0,False,89,21,58.0,28.0,13,8,3.7,15,28,1.2000000000000002,3.1,0.019,0.4,3.0,-13.10936940565014,0.9336423682168521,-0.2702622915935479,32.26760661001927,238.0,63.0,175.0,26.470588235294116,18445.159999999996,19756.129999999997,-1310.9700000000012,2791.07,0.0,-14.704093287850082,0.8439473952319501,-0.8270466968727045,29.842377870467452,105.0,25.0,80.0,23.80952380952381,7952.28,9422.72,-1470.4399999999996,1151.22,0.0
203,-10.0,False,93,20,77.0,24.0,12,10,2.3,14,13,1.0,3.0,0.017,0.5,3.0,3.018744150599996,1.0178392570019485,0.20624831258880852,34.00710781836626,174.0,50.0,124.0,28.735632183908045,17224.68,16922.789999999997,301.89000000000306,2878.0,0.0,-10.882632592400114,0.8115291693005776,-0.85663831722695,20.721356731849685,71.0,20.0,51.0,28.169014084507044,4685.81,5774.05,-1088.2399999999998,955.98,0.0
204,-10.0,False,100,21,75.0,30.0,13,12,2.7,17,31,1.2000000000000002,2.7,0.021,0.45,3.0,-35.09185269555001,0.7181293604908007,-1.4349726522452668,46.92493671932909,159.0,37.0,122.0,23.270440251572328,8940.61,12449.86,-3509.25,1731.31,0.0,-1.7554849982000087,0.9613754494681201,-0.04018078504500587,17.946315624202516,49.0,17.0,32.0,34.69387755102041,4368.74,4544.26,-175.52000000000044,624.5,0.0
205,-10.0,False,69,20,61.0,35.0,15,15,2.4000000000000004,13,14,1.1,2.5,0.017,0.55,1.5,-6.822226437799964,0.8413359906791349,-0.5601797708013654,15.53491267792192,104.0,31.0,73.0,29.807692307692307,3617.77,4300.03,-682.2599999999998,866.64,0.0,-3.400951258900004,0.7774352933477306,-0.8170819097252356,7.890667506627434,35.0,13.0,22.0,37.142857142857146,1187.96,1528.0500000000002,-340.09000000000015,282.78000000000003,0.0
206,-10.0,False,126,21,76.0,24.0,13,5,2.1,16,29,1.0,3.2,0.02,0.4,5.0,-40.57814755819979,0.8187239365207,-0.9643544115470986,53.74613789671672,196.0,46.0,150.0,23.46938775510204,18327.34,22385.25,-4057.91,2867.15,0.0,0.9848602803498762,1.011434430560249,0.2208190259289734,21.815204171859325,71.0,20.0,51.0,28.169014084507044,8710.18,8611.71,98.47000000000116,1042.44,0.0
207,-10.0,False,44,11,71.0,32.0,12,8,2.2,4,29,1.8,3.9000000000000004,0.02,0.65,3.0,-26.79960529814999,0.7217447912610926,-0.9686091954555922,36.05277226016446,91.0,18.0,73.0,19.78021978021978,6951.42,9631.41,-2679.99,1443.79,0.0,5.777040706199987,1.1206093197446485,0.4871021941195037,21.301424874221,43.0,12.0,31.0,27.906976744186046,5368.01,4790.26,577.75,797.77,0.0
208,-10.0,False,80,8,62.0,26.0,8,7,3.9000000000000004,13,26,0.9,1.1,0.018000000000000002,0.55,2.5,-34.59034418070036,0.7643499118809783,-1.7193358114113109,37.40413745037417,337.0,161.0,176.0,47.774480712166174,11219.9,14679.01,-3459.1100000000006,3707.19,0.0,-9.071861140750224,0.8601180793373495,-0.9149099970918392,16.652126906916624,119.0,57.0,62.0,47.89915966386555,5578.2699999999995,6485.469999999999,-907.1999999999998,1581.89,0.0
209,-10.0,False,96,19,78.0,40.0,7,6,2.5,7,50,1.0,1.5,0.016,0.45,3.5,-34.38817513575018,0.8455420399843508,-1.2126874355190642,41.27294475296199,339.0,143.0,196.0,42.182890855457224,18824.48,22263.21,-3438.7299999999996,4313.48,0.0,-34.296599125300034,0.6584786353723749,-2.887140535251052,40.31055405542156,137.0,47.0,90.0,34.306569343065696,6612.64,10042.3,-3429.659999999999,1650.22,0.0
210,-10.0,False,59,9,55.0,42.0,21,9,3.4000000000000004,18,45,1.1,3.0,0.024,0.5,1.0,-7.017924753249809,0.7955833775131521,-0.7276419560271508,9.685641072983199,133.0,31.0,102.0,23.30827067669173,2731.190000000001,3432.9400000000005,-701.7499999999995,655.3,0.0,-3.208349711599967,0.7166575410212481,-1.071540922169629,6.025623540720009,46.0,15.0,31.0,32.608695652173914,811.5,1132.34,-320.8399999999999,225.23,0.0
211,-10.0,False,109,7,70.0,21.0,7,20,4.0,17,20,0.7,3.4000000000000004,0.011,0.35,3.0,-13.743017465749945,0.9025494995447828,-0.47573867690737903,32.265669186716856,228.0,60.0,168.0,26.31578947368421,12728.8,14103.16,-1374.3600000000006,2254.24,0.0,-20.999853809799923,0.6113128620874747,-1.9352493829719644,24.222673714080152,88.0,19.0,69.0,21.59090909090909,3302.7400000000002,5402.700000000001,-2099.9600000000005,753.8100000000001,0.0
212,-10.0,False,103,7,71.0,20.0,7,20,2.8,18,21,0.7,3.6,0.015,0.3,3.0,-11.398352709900045,0.7243558274790518,-0.8239881801051719,25.95863116333196,76.0,15.0,61.0,19.736842105263158,2995.3200000000006,4135.15,-1139.829999999999,657.51,0.0,-7.411162099749944,0.5407092040355965,-1.4112877772046188,11.926611234600722,25.0,7.0,18.0,28.0,872.5100000000001,1613.64,-741.13,207.1,0.0
213,-10.0,False,113,7,75.0,20.0,7,20,3.8000000000000003,17,22,0.8,3.1,0.021,0.25,3.0,2.1537171324001245,1.0169871218644437,0.1751937544093527,23.594050487736055,221.0,62.0,159.0,28.054298642533936,12897.390000000001,12681.960000000001,215.4300000000003,1764.2,0.0,-10.141843816999916,0.804618404652695,-0.9453584177878693,20.556073996989095,94.0,24.0,70.0,25.53191489361702,4176.75,5190.97,-1014.2200000000003,673.77,0.0
214,-10.0,False,97,8,65.0,22.0,9,19,3.9000000000000004,15,32,0.7,1.0,0.009000000000000001,0.75,3.0,-21.547708347549943,0.8155554128950804,-1.3139296996374008,23.69219587619566,285.0,156.0,129.0,54.73684210526316,9527.93,11682.75,-2154.8199999999997,4037.61,0.0,-20.145634110449755,0.5740350357864021,-3.2024710746177427,23.378423122025563,99.0,46.0,53.0,46.464646464646464,2714.8700000000003,4729.450000000002,-2014.5800000000013,1404.81,0.0
215,-10.0,False,106,12,80.0,21.0,10,14,1.5,17,24,0.6,3.5,0.014000000000000002,0.5,2.0,,,,,,,,,,,,,,,,,,,,,,,,,,
216,-10.0,False,120,14,56.0,27.0,20,16,1.0,20,11,0.8,2.2,0.025,0.3,5.0,,,,,,,,,,,,,,,,,,,,,,,,,,
217,-10.0,False,26,10,60.0,37.0,14,4,4.0,19,19,1.7000000000000002,3.4000000000000004,0.029,0.35,3.0,5.492050272899996,1.0333332119495096,0.2808981176373468,20.292673841108485,211.0,55.0,156.0,26.066350710900473,17025.880000000005,16476.66,549.2200000000048,2439.56,0.0,4.107298214900075,1.0775500030213307,0.39913941934010305,22.123275674547564,70.0,20.0,50.0,28.571428571428573,5706.360000000001,5295.68,410.6800000000003,730.67,0.0
218,-10.0,False,48,13,63.0,36.0,9,7,3.9000000000000004,8,41,1.6,1.9,0.017,0.25,1.5,-0.295211041099883,0.9951881805816862,0.012422926149392688,9.682312374189376,251.0,89.0,162.0,35.45816733067729,6109.51,6139.049999999999,-29.539999999999054,950.4,0.0,-5.9047671692999755,0.7855365762415147,-1.1298267594229727,8.03842791248311,101.0,33.0,68.0,32.67326732673267,2162.81,2753.29,-590.48,365.21,0.0
219,-10.0,False,32,16,74.0,38.0,11,10,2.0,18,48,2.0,2.5,0.007,0.4,2.0,3.5774279105999813,1.5975412163629377,0.9177802040469211,2.078561071697213,17.0,7.0,10.0,41.1764705882353,956.4,598.6700000000001,357.7299999999999,130.77,0.0,4.537107967300017,1.8536915782343644,1.5559558723658635,2.9663297576411174,17.0,8.0,9.0,47.05882352941177,985.2,531.48,453.72,133.61,0.0
220,-10.0,False,20,8,69.0,43.0,15,12,3.5,13,33,1.4,3.3000000000000003,0.026000000000000002,0.65,4.0,-64.27389302400005,0.8148351838300961,-1.245855859675375,76.3331224114389,311.0,72.0,239.0,23.15112540192926,28284.07,34711.4,-6427.330000000002,5461.09,0.0,-43.97238884714988,0.7056801768094251,-1.7091721279260577,64.78025923406884,126.0,26.0,100.0,20.634920634920636,10543.129999999997,14940.38,-4397.250000000002,2226.23,0.0
221,-10.0,False,63,7,73.0,20.0,7,18,3.1,18,17,0.5,3.7,0.012,0.3,3.5,-10.311514380550106,0.9241534171856257,-0.28956283787741094,26.56734678624187,225.0,47.0,178.0,20.88888888888889,12564.910000000002,13596.130000000001,-1031.2199999999993,2155.67,0.0,-8.300518392899903,0.8492876830725317,-0.7242589160601008,18.78002612488329,94.0,23.0,71.0,24.46808510638298,4677.349999999999,5507.38,-830.0300000000007,872.81,0.0
222,-10.0,False,72,7,72.0,41.0,7,16,3.3000000000000003,19,19,0.6,3.8000000000000003,0.01,0.3,3.5,-23.495107586550166,0.8474255096282414,-0.9112655143600265,38.076625689411856,255.0,55.0,200.0,21.568627450980394,13049.48,15398.97,-2349.49,2364.8,0.0,-11.72881257114992,0.7933356122384253,-1.0330707872491733,16.343226826715668,95.0,21.0,74.0,22.105263157894736,4502.370000000001,5675.24,-1172.869999999999,794.72,0.0
223,-10.0,False,99,7,72.0,22.0,8,19,3.2,18,21,0.5,4.0,0.012,0.3,4.0,-19.55221139860011,0.8223755691460177,-0.7683508806184318,33.910623690801316,172.0,36.0,136.0,20.930232558139537,9052.480000000001,11007.72,-1955.239999999998,1771.99,0.0,-7.773259352899986,0.789955090548479,-0.7534304477525033,11.757982366268859,56.0,14.0,42.0,25.0,2923.45,3700.7799999999997,-777.3299999999999,600.96,0.0
224,-10.0,False,70,8,71.0,25.0,7,6,3.0,12,18,0.5,1.7000000000000002,0.014000000000000002,0.35,3.0,-19.07973436759994,0.9235850193908125,-0.5850044781686996,26.682276661014797,497.0,190.0,307.0,38.22937625754527,23060.08,24968.010000000002,-1907.9300000000003,4647.63,0.0,-13.668445156700018,0.866071446068585,-1.011463159856973,24.926953515178056,195.0,73.0,122.0,37.43589743589744,8838.900000000001,10205.740000000002,-1366.8400000000001,1855.19,0.0
225,-10.0,False,66,7,73.0,23.0,8,5,2.6,17,20,1.3,3.6,0.008,0.35,1.0,-3.800682111200113,0.9314568419609732,-0.2696211531748327,15.15418455682998,206.0,43.0,163.0,20.87378640776699,5164.360000000001,5544.39,-380.02999999999975,722.44,0.0,-3.8820401092999965,0.851077624239448,-0.8238770670599824,8.763711365448156,98.0,23.0,75.0,23.46938775510204,2218.4700000000003,2606.6600000000008,-388.1900000000005,330.31,0.0
226,-10.0,False,132,21,76.0,21.0,17,17,2.8,6,44,1.2000000000000002,3.5,0.015,0.25,2.5,6.596461845749964,1.2534181582091497,0.6737915201747299,10.22064093312193,69.0,18.0,51.0,26.08695652173913,3262.66,2603.0100000000007,659.6499999999992,454.62,0.0,3.122481494200038,1.2762217346686011,0.548380697437369,5.712312023062557,21.0,5.0,16.0,23.80952380952381,1442.5900000000001,1130.3600000000001,312.23,136.15,0.0
227,-10.0,False,42,18,66.0,33.0,7,4,1.1,8,22,0.6,3.7,0.027,0.4,4.0,-9.91327909419997,0.8548828848346803,-0.4101857925453024,20.95723032426704,85.0,20.0,65.0,23.529411764705884,5839.969999999999,6831.3099999999995,-991.3400000000001,1308.01,0.0,5.075724504650025,1.148522789451046,0.5270588329497091,12.333657558605191,39.0,10.0,29.0,25.641025641025642,3925.1800000000003,3417.59,507.59000000000015,663.7,0.0
228,-10.0,False,55,7,70.0,22.0,16,8,3.8000000000000003,18,49,0.7,2.4000000000000004,0.013000000000000001,0.7,3.0,-28.034099634749655,0.8981603177613141,-0.661349622981827,30.475994320367295,356.0,112.0,244.0,31.46067415730337,24724.179999999997,27527.58,-2803.400000000005,5093.68,0.0,-9.5173419952501,0.9174504101371577,-0.44523793587781524,29.091149639027392,134.0,45.0,89.0,33.582089552238806,10577.35,11529.07,-951.7199999999993,2033.0,0.0
229,-10.0,False,76,20,71.0,21.0,13,17,3.1,10,23,1.8,3.9000000000000004,0.03,0.3,5.0,-29.67306636599991,0.7729050033483211,-0.8046710667912056,49.39507552738934,102.0,17.0,85.0,16.666666666666668,10098.97,13066.249999999998,-2967.279999999999,1571.67,0.0,-8.799057171650002,0.8043231222549618,-0.3927402559591409,17.243790496252956,37.0,6.0,31.0,16.216216216216218,3616.8399999999997,4496.75,-879.9100000000003,536.38,0.0
230,-10.0,False,83,15,55.0,20.0,11,15,1.3,12,35,1.5,1.2,0.011,0.75,1.5,,,,,,,,,,,,,,,,,,,,,,,,,,
231,-10.0,False,89,9,68.0,24.0,8,20,3.9000000000000004,16,16,0.8,3.0,0.015,0.3,2.5,-1.3907575629499842,0.9898122566411869,0.027775046910840852,20.761830296115548,259.0,73.0,186.0,28.185328185328185,13513.59,13652.68,-139.09000000000015,2037.8700000000001,0.0,-12.600196969199951,0.7640287203919277,-1.3045916625939864,19.604723648862375,103.0,28.0,75.0,27.184466019417474,4079.7300000000005,5339.760000000001,-1260.0300000000007,725.27,0.0
232,-10.0,False,85,9,70.0,29.0,8,18,4.0,17,15,0.9,3.0,0.016,0.3,2.0,2.713198599549905,1.0200821285931259,0.19933053143230023,22.30373793723693,284.0,75.0,209.0,26.408450704225352,13781.839999999998,13510.52,271.3199999999979,1892.83,0.0,-8.352460461950013,0.8400413686115659,-0.8987243487148073,17.117979765600776,120.0,32.0,88.0,26.666666666666668,4386.15,5221.35,-835.2000000000007,691.32,0.0
233,-10.0,False,79,11,70.0,24.0,7,17,3.2,18,17,0.5,2.8,0.016,0.3,2.5,-13.014422202749756,0.8836679398968602,-0.56526097704038,24.731130875221996,233.0,60.0,173.0,25.751072961373392,9885.39,11186.77,-1301.380000000001,1629.73,0.0,-8.914720476449983,0.8186042915450945,-0.9053518663653463,18.23083684384426,99.0,27.0,72.0,27.272727272727273,4023.26,4914.780000000001,-891.5200000000004,703.8,0.0
234,-10.0,False,93,9,69.0,24.0,9,16,4.0,16,20,0.7,2.9000000000000004,0.006,0.25,2.5,-15.52084851014979,0.8464371191426254,-0.9931988466719265,21.990923176809346,284.0,73.0,211.0,25.704225352112676,8555.050000000001,10107.129999999997,-1552.0799999999963,1477.35,0.0,-5.021702014050007,0.8863813775423622,-0.6950591917919805,11.651682434036923,120.0,33.0,87.0,27.5,3917.46,4419.610000000001,-502.15000000000055,658.37,0.0
235,-10.0,False,45,9,65.0,36.0,7,17,2.7,15,12,1.9000000000000001,3.2,0.018000000000000002,0.5,2.5,1.9492438365499583,1.0553005197811924,0.1801557286352214,11.00858735365684,46.0,12.0,34.0,26.08695652173913,3719.4700000000003,3524.5600000000004,194.90999999999985,561.79,0.0,-0.2731199126000138,0.9641539895257724,-0.03617184984555973,5.736794674139289,11.0,4.0,7.0,36.36363636363637,734.5600000000001,761.8699999999999,-27.30999999999983,136.1,0.0
236,-10.0,False,123,21,57.0,25.0,19,18,3.8000000000000003,5,14,0.8,1.4,0.029,0.4,3.0,-34.05924516949996,0.7067700374080403,-2.3504838079765866,37.710496015453444,313.0,129.0,184.0,41.21405750798722,8209.24,11615.15,-3405.91,3239.34,0.0,-7.30606905335002,0.8265986912840086,-0.8368489711257348,11.404788291465463,105.0,50.0,55.0,47.61904761904762,3482.7,4213.289999999999,-730.5899999999992,1226.6,0.0
237,-10.0,False,25,10,71.0,34.0,8,7,1.6,14,24,0.9,1.3,0.027,0.3,4.5,-24.85480187785015,0.520854297512058,-2.2029658181447767,29.78541612503907,110.0,42.0,68.0,38.18181818181818,2701.8900000000003,5187.42,-2485.5299999999997,1221.96,0.0,-13.900355005449946,0.5964183368609927,-1.8070123153250066,18.59659318250059,47.0,20.0,27.0,42.5531914893617,2054.1899999999996,3444.21,-1390.0200000000004,594.69,0.0
238,-10.0,False,143,18,55.0,39.0,9,6,3.9000000000000004,11,18,0.6,2.3,0.025,0.65,3.5,-10.139566699000007,0.9645872835535443,-0.07846627008896001,37.79500550806802,277.0,99.0,178.0,35.74007220216607,27618.42,28632.370000000003,-1013.9500000000044,6557.95,0.0,1.9201236561996664,1.0169114092576887,0.2560292461563617,22.91116611919155,109.0,43.0,66.0,39.44954128440367,11548.89,11356.830000000002,192.05999999999767,2542.22,0.0
239,-10.0,False,36,8,69.0,31.0,13,19,4.0,17,42,1.0,2.1,0.028,0.45,2.5,11.099085640500089,1.0430587202812696,0.4252621050748751,23.257887993715855,354.0,132.0,222.0,37.28813559322034,26884.39,25774.57,1109.8199999999997,4576.24,0.0,-9.917522341599943,0.8899963839411492,-0.5262522685483176,23.40487660093008,140.0,47.0,93.0,33.57142857142857,8023.62,9015.34,-991.7200000000003,1463.59,0.0
240,-10.0,False,137,21,62.0,33.0,10,20,2.0,19,27,1.2000000000000002,2.6,0.015,0.6000000000000001,1.0,,,,,,,,,,,,,,,,,,,,,,,,,,
241,-10.0,False,117,10,73.0,28.0,18,15,3.6,14,21,0.7,3.1,0.012,0.4,3.5,-17.521342992250357,0.9119963034208426,-0.4794101247576295,36.89122496653627,271.0,70.0,201.0,25.830258302583026,18158.120000000003,19910.3,-1752.1799999999967,3324.17,0.0,-3.362938371300079,0.9591365371577699,-0.14457126476549131,17.568450849224046,109.0,31.0,78.0,28.440366972477065,7894.25,8230.580000000002,-336.33000000000175,1359.78,0.0
242,-10.0,False,111,11,74.0,26.0,10,14,3.3000000000000003,18,25,1.6,4.0,0.01,0.35,3.5,-28.4169970564501,0.646741751821188,-1.420704845226275,31.76125605577818,127.0,24.0,103.0,18.89763779527559,5202.52,8044.200000000001,-2841.6800000000003,1015.09,0.0,-20.295425799299956,0.5465971440315979,-2.08334733407501,24.671188262864227,57.0,7.0,50.0,12.280701754385966,2446.7000000000003,4476.240000000001,-2029.5400000000004,495.68,0.0
243,-10.0,False,51,9,64.0,32.0,9,9,2.9000000000000004,15,29,0.8,4.0,0.017,0.35,3.5,-56.90830992609999,0.6658279240798005,-2.0740258573171433,59.78121120914203,333.0,56.0,277.0,16.816816816816818,11338.689999999999,17029.46,-5690.77,2600.92,0.0,-1.3884361834499033,0.9854888364012816,0.05536764699184336,17.523130875989647,132.0,34.0,98.0,25.757575757575758,9433.720000000001,9572.630000000001,-138.90999999999985,1551.44,0.0
244,-10.0,False,114,9,74.0,30.0,7,8,3.6,16,26,1.1,1.0,0.011,0.35,3.5,-18.664681810450055,0.8643598641062442,-1.0069779520540676,22.96820452140995,331.0,176.0,155.0,53.17220543806646,11894.24,13760.75,-1866.5100000000002,3188.93,0.0,-20.69877060145005,0.6922224799562249,-2.630949120219098,25.73615035006618,136.0,65.0,71.0,47.794117647058826,4655.39,6725.280000000001,-2069.8900000000003,1238.99,0.0
245,-10.0,False,109,10,75.0,27.0,9,14,1.2,15,23,1.3,3.8000000000000003,0.013000000000000001,0.35,3.0,,,,,,,,,,,,,,,,,,,,,,,,,,
246,-10.0,False,101,10,72.0,35.0,15,12,3.7,9,39,0.6,3.9000000000000004,0.015,0.75,1.5,-23.85526776855011,0.8795477657414015,-0.5951597952172791,38.287357019617545,274.0,57.0,217.0,20.802919708029197,17419.249999999996,19804.780000000002,-2385.530000000006,2747.57,0.0,-4.0187527062000665,0.958115472439837,-0.10191673685871261,20.76447440525211,127.0,26.0,101.0,20.47244094488189,9193.3,9595.19,-401.89000000000124,1365.19,0.0
247,-10.0,False,118,12,67.0,23.0,11,13,1.6,20,26,1.7000000000000002,1.1,0.016,0.35,5.0,,,,,,,,,,,,,,,,,,,,,,,,,,
248,-10.0,False,106,17,74.0,37.0,14,15,3.7,4,36,0.9,3.0,0.007,0.5,4.0,-34.974398707850206,0.7696045913073725,-1.7579864905931728,38.09121606810334,297.0,74.0,223.0,24.915824915824917,11682.59,15179.99,-3497.3999999999996,3219.27,0.0,3.003274408150046,1.048847723909119,0.38332217236393584,17.729300602286965,113.0,35.0,78.0,30.97345132743363,6449.049999999999,6148.7,300.34999999999945,1274.49,0.0
249,-10.0,False,87,19,61.0,29.0,12,4,1.0,7,28,0.5,2.0,0.005,0.3,2.0,-1.0725722113499432,0.9191115468738217,-0.2569523718000222,3.8008260881073572,70.0,25.0,45.0,35.714285714285715,1218.6499999999999,1325.8999999999996,-107.24999999999977,416.75,0.0,-1.9606089100499775,0.641508054047136,-1.2474425408018417,3.017221674482848,24.0,7.0,17.0,29.166666666666668,350.86,546.93,-196.06999999999994,135.15,0.0
250,-10.0,False,82,8,75.0,25.0,13,5,2.1,16,33,2.0,2.5,0.009000000000000001,0.25,3.0,1.1518664130000433,1.0223139727280126,0.13441292752187228,9.842604831112158,111.0,36.0,75.0,32.432432432432435,5276.509999999999,5161.339999999999,115.17000000000007,757.25,0.0,-9.102590069850011,0.616902356902357,-1.5788911956079918,10.260371108114597,45.0,11.0,34.0,24.444444444444443,1465.76,2376.0,-910.24,289.49,0.0
251,-10.0,False,98,9,55.0,35.0,10,11,1.9,18,19,0.6,3.7,0.01,0.6000000000000001,3.5,7.452809101999974,2.890111840937333,1.002113316283981,3.8337804919815954,9.0,5.0,4.0,55.55555555555556,1139.6,394.31,745.29,174.75,0.0,-0.8141532749500038,0.9088037988151103,-0.14706942688193694,5.087455764726374,13.0,4.0,9.0,30.76923076923077,811.48,892.9099999999999,-81.42999999999984,246.98000000000002,0.0
252,-10.0,False,58,7,80.0,38.0,9,16,3.1,6,14,1.3,3.4000000000000004,0.014000000000000002,0.7,2.5,-11.091847319949848,0.9367101030913714,-0.21150371871426982,29.895968057603223,206.0,53.0,153.0,25.728155339805824,16416.059999999998,17525.230000000003,-1109.1700000000055,3144.11,0.0,-0.6374992769500204,0.9908010306078998,0.07881448603666785,22.755287884046986,81.0,24.0,57.0,29.62962962962963,6864.219999999999,6927.95,-63.73000000000047,1191.06,0.0
253,-10.0,False,40,15,56.0,23.0,7,6,2.3,13,31,0.8,1.5,0.024,0.55,2.0,-25.486065494400346,0.878575291037683,-0.9206272350173312,35.788144289490006,485.0,198.0,287.0,40.824742268041234,18440.899999999998,20989.55,-2548.6500000000015,4714.34,0.0,-14.259040780899888,0.8445505814580986,-1.1162008696607622,21.98814127534321,185.0,79.0,106.0,42.7027027027027,7746.75,9172.630000000001,-1425.880000000001,1924.19,0.0
254,-10.0,False,61,16,68.0,34.0,8,10,3.5,5,30,1.0,3.1,0.03,0.35,3.0,20.814702816649824,1.0864783617145115,0.6216544270244626,27.653059394502534,297.0,81.0,216.0,27.272727272727273,26152.109999999997,24070.53,2081.579999999998,3746.11,0.0,2.210662858350097,1.0202873893888549,0.27214787589798095,27.9284220040839,151.0,43.0,108.0,28.47682119205298,11118.49,10897.409999999998,221.08000000000175,1583.48,0.0
255,-10.0,False,122,13,58.0,43.0,12,8,3.8000000000000003,16,24,1.6,3.3000000000000003,0.026000000000000002,0.65,1.5,6.5052769323000765,1.1012359204354825,0.37024808734907183,11.918269812855554,107.0,30.0,77.0,28.037383177570092,7076.52,6425.98,650.5400000000009,1043.75,0.0,-8.527702922600056,0.6081102195751876,-1.1483029596746117,13.73168568213781,33.0,7.0,26.0,21.21212121212121,1323.26,2176.0200000000004,-852.7600000000004,299.67,0.0
256,-10.0,False,150,10,73.0,41.0,15,10,2.6,17,25,1.4,3.9000000000000004,0.029,0.45,5.0,-21.653525129599977,0.8508082380266326,-0.42288958627954265,44.37410058992277,94.0,21.0,73.0,22.340425531914892,12348.349999999999,14513.670000000002,-2165.3200000000033,1854.0,0.0,-22.290031099850065,0.664248056877749,-1.076266086609079,36.98873393784485,45.0,8.0,37.0,17.77777777777778,4409.81,6638.8,-2228.99,734.86,0.0
257,-10.0,False,72,20,79.0,32.0,20,9,1.5,19,21,0.7,2.6,0.023000000000000003,0.3,1.0,0.6759667095500844,1.050265002564541,0.14602153866522005,6.6349794766563415,68.0,20.0,48.0,29.41176470588235,1412.89,1345.27,67.62000000000012,209.41,0.0,2.04930305949998,1.6536008164827454,1.265936366091603,1.6759491061253402,17.0,7.0,10.0,41.1764705882353,518.47,313.54,204.93,51.48,0.0
258,-10.0,False,91,11,70.0,36.0,16,13,3.0,13,16,1.5,3.5,0.019,0.4,4.0,-39.05742599070004,0.7305790836228786,-1.2722800509787877,44.16956944987993,166.0,33.0,133.0,19.879518072289155,10591.11,14496.87,-3905.76,2095.34,0.0,-9.775863679900066,0.8252159345482761,-0.5795522945156187,20.874588334990012,52.0,11.0,41.0,21.153846153846153,4615.539999999999,5593.129999999999,-977.5900000000001,773.0,0.0
259,-10.0,False,129,21,72.0,26.0,7,6,3.9000000000000004,17,37,0.8,1.0,0.022000000000000002,0.65,3.0,-39.367790358349744,0.8508447027532877,-1.1191497704426634,41.94656538083948,403.0,206.0,197.0,51.116625310173696,22457.11,26393.9,-3936.790000000001,5489.39,0.0,-10.989511388749998,0.9105696812860857,-0.5352856110404264,21.99131904605089,141.0,75.0,66.0,53.191489361702125,11189.49,12288.449999999999,-1098.9599999999991,2248.1,0.0
260,-10.0,False,28,14,77.0,40.0,17,19,3.2,10,15,1.8,2.9000000000000004,0.028,0.25,3.5,-10.504620200399968,0.8778707602733518,-0.4823548285100317,22.210043039218213,150.0,37.0,113.0,24.666666666666668,7550.9000000000015,8601.38,-1050.4799999999977,1341.23,0.0,-4.8905282090499895,0.8596109521253541,-0.5125833227645314,15.22922380299518,69.0,19.0,50.0,27.536231884057973,2994.79,3483.89,-489.0999999999999,574.8,0.0
261,-10.0,False,48,7,69.0,42.0,9,7,3.4000000000000004,20,22,0.5,1.4,0.017,0.75,2.5,-53.83806330524962,0.8574738112823933,-1.4869378364047934,55.594452334592916,620.0,266.0,354.0,42.903225806451616,32390.129999999997,37773.9,-5383.770000000004,7851.13,0.0,-30.405045432949702,0.815776814028251,-1.7295324169328914,42.73496045315639,238.0,101.0,137.0,42.436974789915965,13464.380000000001,16504.98,-3040.5999999999985,3505.68,0.0
262,-10.0,False,68,11,65.0,21.0,11,17,2.8,11,34,1.0,1.9,0.021,0.5,2.0,-16.21148670689994,0.701506388479194,-1.3794116278296464,26.27539508976736,110.0,33.0,77.0,30.0,3809.7900000000004,5430.87,-1621.0799999999995,1005.6,0.0,-12.542949514849969,0.3937016627996906,-2.6164090424505244,15.305125595948358,36.0,12.0,24.0,33.333333333333336,814.49,2068.8,-1254.3100000000002,336.75,0.0
263,-10.0,False,77,8,76.0,33.0,13,5,1.1,12,10,0.7,1.8,0.025,0.7,3.0,-0.9042844928501291,0.984435261707989,0.004993402869129644,18.825608838974777,73.0,28.0,45.0,38.35616438356164,5717.6,5808.0,-90.39999999999964,1554.76,0.0,-16.348576174199987,0.25458905920866653,-2.304323810955557,18.238215220682886,22.0,7.0,15.0,31.818181818181817,558.38,2193.26,-1634.88,410.28,0.0
264,-10.0,False,23,9,59.0,37.0,21,18,3.6,5,13,1.2000000000000002,2.3,0.02,0.3,1.5,-3.053193280449923,0.9494562481786634,-0.3142862583602156,14.120963418885566,335.0,111.0,224.0,33.134328358208954,5734.26,6039.5199999999995,-305.2599999999993,1542.75,0.0,-12.314063001199994,0.5236323123225352,-3.580296548829588,14.318255987178535,135.0,38.0,97.0,28.14814814814815,1353.6,2585.02,-1231.42,568.58,0.0
265,-10.0,False,95,20,71.0,28.0,8,14,3.7,15,35,1.7000000000000002,2.8,0.03,0.35,4.5,21.073989796400035,1.0851574174121268,0.5751752161316505,35.17417029612789,176.0,54.0,122.0,30.681818181818183,26855.020000000004,24747.58,2107.4400000000023,3162.71,0.0,-11.401849500500138,0.886578299470294,-0.3467339316127054,31.246234503382887,78.0,20.0,58.0,25.641025641025642,8912.55,10052.750000000002,-1140.2000000000025,1097.9,0.0
266,-10.0,False,33,19,62.0,20.0,10,7,4.0,18,23,0.9,2.1,0.024,0.45,1.0,15.12147090184999,1.0941009767608578,0.7902147372813281,13.587186166516338,510.0,179.0,331.0,35.09803921568628,17581.59,16069.440000000002,1512.1499999999978,2588.24,0.0,-13.7666159623999,0.7851049382234259,-1.6548040878976593,22.784283755282658,207.0,68.0,139.0,32.85024154589372,5029.5,6406.150000000001,-1376.6500000000005,843.36,0.0
267,-10.0,False,104,18,60.0,30.0,19,12,2.7,4,43,1.1,1.1,0.026000000000000002,0.6000000000000001,2.5,-12.576260363149922,0.8370159265840076,-0.7895283111321278,19.15484928856941,168.0,86.0,82.0,51.19047619047619,6458.4400000000005,7716.030000000001,-1257.5900000000001,2432.96,0.0,0.944591271299978,1.033903415106868,0.1968076237861284,7.483820034761364,49.0,25.0,24.0,51.02040816326531,2880.6099999999997,2786.1499999999996,94.46000000000004,738.0,0.0
268,-10.0,False,65,21,55.0,26.0,14,11,2.2,7,17,0.6,1.7000000000000002,0.029,0.25,4.0,-19.101682368350055,0.7651029490794657,-1.4666663663008472,23.30018833286868,254.0,93.0,161.0,36.61417322834646,6221.580000000001,8131.69,-1910.1099999999988,2356.88,0.0,-13.449765174799921,0.5763690939270719,-2.9698146413882918,15.235176576963319,83.0,28.0,55.0,33.734939759036145,1829.92,3174.9100000000003,-1344.9900000000002,780.86,0.0
269,-10.0,False,38,17,74.0,36.0,12,15,1.8,9,27,1.9000000000000001,2.4000000000000004,0.008,0.4,5.0,-0.8770569118000094,0.0,-0.8585359990707037,0.8770569118000094,1.0,0.0,1.0,0.0,0.0,87.71,-87.71,8.56,0.0,1.8629271655000046,99.0,1.449556521543438,1.1243460994036085,1.0,1.0,0.0,100.0,186.29,0.0,186.29,5.54,0.0
270,-10.0,False,80,9,56.0,31.0,7,9,2.4000000000000004,14,32,1.0,2.7,0.022000000000000002,0.5,3.5,-8.070099672750128,0.8750381316498114,-0.3391282123506668,22.17886578584229,82.0,23.0,59.0,28.048780487804876,5650.9,6457.889999999999,-806.9899999999998,1440.05,0.0,0.9851852491000136,1.0710360444822662,0.21576896234739387,8.592635850445179,17.0,6.0,11.0,35.294117647058826,1485.1200000000001,1386.6200000000001,98.5,308.35,0.0
271,-10.0,False,53,11,57.0,35.0,13,16,1.7000000000000002,18,48,1.1,4.0,0.027,0.55,2.0,,,,,,,,,,,,,,,,,,,,,,,,,,
272,-10.0,False,86,15,66.0,25.0,9,20,1.3,17,20,1.5,3.0,0.014000000000000002,0.75,3.0,,,,,,,,,,,,,,,,,,,,,,,,,,
273,-10.0,False,115,7,72.0,27.0,11,5,3.8000000000000003,8,38,0.5,1.5,0.025,0.65,1.5,-16.476041555899794,0.9228337488250632,-0.5428674810514603,30.239951121897345,471.0,201.0,270.0,42.67515923566879,19704.54,21352.21,-1647.6699999999983,4465.76,0.0,-8.855196965649975,0.8807288664292605,-0.6994476553503711,17.74406703156142,150.0,67.0,83.0,44.666666666666664,6539.130000000001,7424.679999999999,-885.5499999999984,1434.42,0.0
274,-10.0,False,41,12,61.0,32.0,8,4,1.0,6,45,0.6,2.2,0.024,0.3,3.0,-8.598119087149952,0.3174110474254958,-2.194669771214691,9.504373070772797,32.0,7.0,25.0,21.875,399.83,1259.6599999999999,-859.8299999999999,273.45,0.0,-3.3275293542000326,0.4860285144966712,-1.7175363302484732,3.751611438050004,16.0,3.0,13.0,18.75,314.65,647.39,-332.74,140.8,0.0
275,-10.0,False,74,8,71.0,40.0,10,7,1.1,14,47,1.6,3.2,0.028,0.35,2.5,,,,,,,,,,,,,,,,,,,,,,,,,,
276,-10.0,False,125,14,63.0,22.0,18,8,1.9,19,41,0.7,1.6,0.03,0.7,3.5,-23.665010643399746,0.8661832254883277,-0.6723972971168182,40.68545609986578,147.0,60.0,87.0,40.816326530612244,15317.869999999999,17684.33,-2366.4600000000028,3727.84,0.0,-18.749118142649976,0.647306245297216,-1.6610512603039547,25.953416827826075,47.0,18.0,29.0,38.297872340425535,3441.0800000000004,5316.0,-1874.9199999999996,1052.15,0.0
277,-10.0,False,46,21,75.0,44.0,7,6,2.3,9,25,1.4,2.6,0.013000000000000001,0.4,5.0,-40.17049329404981,0.7742273435704092,-1.4404084995096313,44.24243549390822,247.0,68.0,179.0,27.530364372469634,13775.199999999999,17792.19,-4016.99,3064.73,0.0,-18.884672084099893,0.7905369808621199,-1.2280749986597914,40.10723796815373,108.0,31.0,77.0,28.703703703703702,7127.6,9016.149999999998,-1888.5499999999975,1501.94,0.0
278,-10.0,False,56,16,64.0,24.0,9,9,2.9000000000000004,12,22,0.9,3.8000000000000003,0.015,0.25,2.0,-4.124727961899807,0.9613177399027782,-0.13498454613892177,22.570641690284816,287.0,60.0,227.0,20.905923344947734,10251.799999999997,10664.320000000002,-412.5200000000041,1518.36,0.0,3.0288818671999436,1.0621622453691826,0.41001011006976035,13.751539105119045,133.0,32.0,101.0,24.06015037593985,5175.12,4872.25,302.8699999999999,656.64,0.0
279,-10.0,False,97,20,70.0,29.0,15,17,2.1,15,26,1.7000000000000002,2.0,0.025,0.3,4.5,-1.7906272336499753,0.0,-1.8937763441952196,1.7906272336499753,2.0,0.0,2.0,0.0,0.0,179.06,-179.06,26.72,0.0,2.142973611800007,2.2764474624731954,0.8966764907354929,2.6893008247879235,2.0,1.0,1.0,50.0,382.17,167.88,214.29000000000002,27.560000000000002,0.0
280,-0.10070556203215365,True,70,9,73.0,33.0,11,12,4.0,10,28,1.2000000000000002,3.6,0.016,0.5,1.0,4.626108559999976,1.0520695671751001,0.2993191807350235,17.13349439809722,208.0,50.0,158.0,24.03846153846154,9346.060000000001,8883.5,462.5600000000013,1128.7,0.0,6.721353569700151,1.1567391466577115,0.8236862462778576,11.200240269080068,107.0,25.0,82.0,23.364485981308412,4960.19,4288.08,672.1099999999997,531.75,0.0
281,-10.0,False,73,9,55.0,33.0,12,12,4.0,10,28,1.2000000000000002,1.0,0.018000000000000002,0.5,1.0,-2.6854839989499486,0.8785586041905036,-0.48282603553843556,5.591136355453661,153.0,77.0,76.0,50.326797385620914,1942.66,2211.1900000000005,-268.5300000000004,747.78,0.0,1.530370907100023,1.3026539572044458,0.8303551206997587,2.176880650316881,39.0,23.0,16.0,58.97435897435897,658.7,505.65999999999997,153.04000000000008,194.68,0.0
282,-10.0,False,71,9,73.0,33.0,11,12,1.4,11,31,1.3,3.6,0.015,0.5,1.0,,,,,,,,,,,,,,,,,,,,,,,,,,
283,-10.0,False,30,8,80.0,34.0,11,11,3.9000000000000004,10,28,1.1,3.6,0.016,0.5,1.0,5.036227466599922,1.037154160110766,0.29906202579109725,16.169258090745704,348.0,80.0,268.0,22.988505747126435,14060.17,13556.490000000002,503.6799999999985,1887.64,0.0,-17.666093144999866,0.6746196633145467,-1.9612146216284452,24.42220864166967,147.0,26.0,121.0,17.687074829931973,3662.7799999999997,5429.4,-1766.62,646.97,0.0
284,-10.0,False,68,7,56.0,34.0,14,20,4.0,10,40,1.2000000000000002,3.7,0.017,0.45,1.0,-4.7003622183999685,0.74987760488729,-0.746568513363286,8.305711670702808,88.0,16.0,72.0,18.181818181818183,1409.14,1879.16,-470.02,391.61,0.0,0.20251542485002572,1.0528126792138053,0.12528235892100595,2.33280512736078,22.0,8.0,14.0,36.36363636363637,403.88,383.62,20.25999999999999,97.61,0.0
285,-0.08096848646630848,True,63,13,72.0,33.0,16,12,4.0,11,29,1.1,3.5,0.016,0.5,1.0,5.3788059396000785,1.0588877369035876,0.3356817239257071,17.116723523622497,225.0,52.0,173.0,23.11111111111111,9671.869999999999,9133.989999999998,537.880000000001,1235.83,0.0,7.640124885400038,1.1560948500958224,0.8733008274445453,14.588239535442643,121.0,31.0,90.0,25.619834710743802,5658.459999999998,4894.46,763.9999999999982,609.61,0.0
286,-0.46681786213366594,True,62,13,72.0,33.0,16,12,4.0,11,28,1.2000000000000002,3.5,0.016,0.5,1.0,5.433266115800052,1.061561386312515,0.34686919647714826,15.820246791160923,216.0,51.0,165.0,23.61111111111111,9368.119999999999,8824.85,543.2699999999986,1182.6,0.0,13.860108885950032,1.3151711952628815,1.5021089799828962,13.395103536888591,108.0,29.0,79.0,26.85185185185185,5783.61,4397.61,1386.0,555.76,0.0
287,-10.0,False,64,13,72.0,33.0,16,12,3.9000000000000004,11,29,1.2000000000000002,3.4000000000000004,0.016,0.5,1.0,-7.397509620349956,0.9155879721760722,-0.3574518635355125,21.589616043846437,225.0,50.0,175.0,22.22222222222222,8023.920000000001,8763.68,-739.7599999999993,1138.8,0.0,9.90443758530002,1.2321693960121705,1.1352975715746072,14.987797469980249,106.0,29.0,77.0,27.358490566037737,5256.41,4265.9800000000005,990.4299999999994,530.58,0.0
288,0.09945136767745408,True,59,13,72.0,32.0,16,13,4.0,10,30,1.2000000000000002,3.4000000000000004,0.016,0.5,1.0,8.002765705300098,1.0912053082478654,0.48128764930610074,14.794243802668536,222.0,53.0,169.0,23.873873873873872,9574.529999999999,8774.27,800.2599999999984,1236.8,0.0,7.958315039399949,1.1838886038977545,0.9404882665344296,12.467271878664102,109.0,29.0,80.0,26.605504587155963,5123.42,4327.62,795.8000000000002,549.09,0.0
289,0.1147206966272751,True,62,13,72.0,32.0,16,12,4.0,10,30,1.2000000000000002,3.5,0.016,0.5,1.0,10.658900643799898,1.119976407236315,0.6078226033733253,16.491590323598675,220.0,52.0,168.0,23.636363636363637,9949.960000000001,8884.08,1065.880000000001,1255.29,0.0,11.381177056150063,1.2562166542851354,1.2687907118919466,13.141537385945462,110.0,30.0,80.0,27.272727272727273,5580.24,4442.099999999999,1138.1400000000003,561.42,0.0
290,0.12313803439133732,True,62,13,73.0,32.0,16,12,4.0,10,30,1.2000000000000002,3.5,0.016,0.5,1.0,10.858952896299906,1.122464308310336,0.6171091664691152,16.35957718079176,219.0,52.0,167.0,23.744292237442924,9952.79,8866.91,1085.880000000001,1249.64,0.0,11.381177056150063,1.2562166542851354,1.2687907118919466,13.141537385945462,110.0,30.0,80.0,27.272727272727273,5580.24,4442.099999999999,1138.1400000000003,561.42,0.0
291,0.12002905032771768,True,61,13,73.0,32.0,16,12,4.0,10,30,1.2000000000000002,3.5,0.016,0.5,1.0,12.456983728999859,1.1413170487109263,0.6928290761178825,15.587678182256552,217.0,53.0,164.0,24.42396313364055,10060.549999999997,8814.86,1245.6899999999969,1249.84,0.0,11.56211255400005,1.261775067014417,1.2846022865840157,13.029233218881501,109.0,30.0,79.0,27.522935779816514,5573.21,4416.960000000001,1156.249999999999,558.18,0.0
292,0.0888389295862612,True,60,13,73.0,32.0,16,12,4.0,10,30,1.2000000000000002,3.5,0.016,0.5,1.0,10.015833721849976,1.1117506674803994,0.5822085910523399,15.78218991283022,224.0,54.0,170.0,24.107142857142858,9964.409999999998,8962.81,1001.5999999999985,1272.63,0.0,11.274191382050013,1.254433970567327,1.2575239104486235,12.46724575291176,110.0,30.0,80.0,27.272727272727273,5558.56,4431.13,1127.4300000000003,562.14,0.0
293,0.12002905032771768,True,61,13,73.0,32.0,16,12,4.0,10,30,1.2000000000000002,3.5,0.016,0.5,1.0,12.456983728999859,1.1413170487109263,0.6928290761178825,15.587678182256552,217.0,53.0,164.0,24.42396313364055,10060.549999999997,8814.86,1245.6899999999969,1249.84,0.0,11.56211255400005,1.261775067014417,1.2846022865840157,13.029233218881501,109.0,30.0,79.0,27.522935779816514,5573.21,4416.960000000001,1156.249999999999,558.18,0.0
294,0.0888389295862612,True,60,13,73.0,32.0,16,12,4.0,10,30,1.2000000000000002,3.5,0.016,0.5,1.0,10.015833721849976,1.1117506674803994,0.5822085910523399,15.78218991283022,224.0,54.0,170.0,24.107142857142858,9964.409999999998,8962.81,1001.5999999999985,1272.63,0.0,11.274191382050013,1.254433970567327,1.2575239104486235,12.46724575291176,110.0,30.0,80.0,27.272727272727273,5558.56,4431.13,1127.4300000000003,562.14,0.0
295,-0.0052797640647088695,True,59,13,73.0,31.0,16,12,4.0,10,30,1.2000000000000002,3.5,0.016,0.5,1.0,16.788418164499944,1.183594262617779,0.8913749411957022,14.304312545134124,222.0,55.0,167.0,24.774774774774773,10823.069999999998,9144.24,1678.829999999998,1304.01,0.0,10.397315129249945,1.2313352304964142,1.1691855546891479,12.46724575291176,112.0,30.0,82.0,26.785714285714285,5534.15,4494.43,1039.7199999999993,569.34,0.0
296,0.12002905032771768,True,61,13,73.0,32.0,16,12,4.0,10,30,1.2000000000000002,3.5,0.016,0.5,1.0,12.456983728999859,1.1413170487109263,0.6928290761178825,15.587678182256552,217.0,53.0,164.0,24.42396313364055,10060.549999999997,8814.86,1245.6899999999969,1249.84,0.0,11.56211255400005,1.261775067014417,1.2846022865840157,13.029233218881501,109.0,30.0,79.0,27.522935779816514,5573.21,4416.960000000001,1156.249999999999,558.18,0.0
297,0.0888389295862612,True,60,13,73.0,32.0,16,12,4.0,10,30,1.2000000000000002,3.5,0.016,0.5,1.0,10.015833721849976,1.1117506674803994,0.5822085910523399,15.78218991283022,224.0,54.0,170.0,24.107142857142858,9964.409999999998,8962.81,1001.5999999999985,1272.63,0.0,11.274191382050013,1.254433970567327,1.2575239104486235,12.46724575291176,110.0,30.0,80.0,27.272727272727273,5558.56,4431.13,1127.4300000000003,562.14,0.0
298,0.0888389295862612,True,60,13,73.0,32.0,16,12,4.0,10,30,1.2000000000000002,3.5,0.016,0.5,1.0,10.015833721849976,1.1117506674803994,0.5822085910523399,15.78218991283022,224.0,54.0,170.0,24.107142857142858,9964.409999999998,8962.81,1001.5999999999985,1272.63,0.0,11.274191382050013,1.254433970567327,1.2575239104486235,12.46724575291176,110.0,30.0,80.0,27.272727272727273,5558.56,4431.13,1127.4300000000003,562.14,0.0
299,0.0888389295862612,True,60,13,73.0,32.0,16,12,4.0,10,30,1.2000000000000002,3.5,0.016,0.5,1.0,10.015833721849976,1.1117506674803994,0.5822085910523399,15.78218991283022,224.0,54.0,170.0,24.107142857142858,9964.409999999998,8962.81,1001.5999999999985,1272.63,0.0,11.274191382050013,1.254433970567327,1.2575239104486235,12.46724575291176,110.0,30.0,80.0,27.272727272727273,5558.56,4431.13,1127.4300000000003,562.14,0.0
