trial,score,gated,ema_period,rsi_period,rsi_overbought,rsi_oversold,atr_period,consolidation_candles,consolidation_atr_mult,swing_lookback,volume_sma_period,volume_mult,risk_reward_ratio,risk_per_trade_pct,max_position_allocation_pct,leverage,tr_return_pct,tr_pf,tr_sharpe,tr_max_dd,tr_trades,tr_wins,tr_losses,tr_win_rate,tr_gross_profit,tr_gross_loss,tr_net_pnl,tr_fees,tr_blocked,va_return_pct,va_pf,va_sharpe,va_max_dd,va_trades,va_wins,va_losses,va_win_rate,va_gross_profit,va_gross_loss,va_net_pnl,va_fees,va_blocked
0,-10.0,False,69,21,74.0,35.0,9,6,1.1,18,34,1.6,1.0,0.03,0.7,1.5,-0.21609465580002507,0.9072930072930073,-0.0360110343164761,2.9071279543751385,2.0,1.0,1.0,50.0,211.49,233.1,-21.609999999999985,21.22,0.0,-2.390554743749999,0.0,-1.0394376124375848,3.7298129837782974,1.0,0.0,1.0,0.0,0.0,239.06,-239.06,10.39,0.0
1,0.22036851640067417,True,43,9,62.0,33.0,13,8,2.8,6,21,1.0,2.4000000000000004,0.025,0.35,3.0,25.27055894209956,1.0762413449879,0.7301886496213656,21.381285849051228,387.0,130.0,257.0,33.59173126614987,35671.04,33144.09,2526.9500000000044,5178.73,0.0,24.422749697900052,1.269665675511247,1.7620807673850971,9.246424866329104,148.0,56.0,92.0,37.83783783783784,11499.07,9056.770000000002,2442.2999999999975,1752.82,0.0
2,-10.0,False,97,7,70.0,24.0,7,20,3.9000000000000004,17,22,0.6,3.1,0.016,0.3,3.0,-14.851391267450254,0.9194707478146197,-0.33371232752501795,27.011097851228733,250.0,65.0,185.0,26.0,16956.76,18441.87,-1485.1100000000006,1931.33,0.0,11.271933000050103,1.1700387085873931,0.9009786608038974,12.142468938670307,90.0,28.0,62.0,31.11111111111111,7756.210000000001,6629.02,1127.1900000000005,854.87,0.0
3,-10.0,False,24,20,61.0,37.0,11,12,2.6,7,49,1.7000000000000002,3.9000000000000004,0.028,0.55,5.0,71.23155411934938,1.3138995213413374,1.1906573377552034,32.569147154154834,95.0,26.0,69.0,27.36842105263158,29815.77,22692.579999999998,7123.190000000002,2859.65,0.0,21.438181369849953,1.2150109821777813,0.9115178964024948,24.383985925464554,50.0,13.0,37.0,26.0,12114.51,9970.699999999997,2143.810000000003,1274.35,0.0
4,-10.0,False,31,9,56.0,28.0,12,8,3.5,10,21,1.3,1.4,0.025,0.25,5.0,-19.352728770750037,0.8326164666849453,-0.8418656974119109,27.456383018578727,196.0,84.0,112.0,42.857142857142854,9626.62,11561.89,-1935.2699999999986,2030.42,0.0,-17.224549461400038,0.6215618250806884,-2.2422156381085725,22.79250074475711,72.0,30.0,42.0,41.666666666666664,2829.0200000000004,4551.469999999999,-1722.449999999999,805.21,0.0
5,-10.0,False,121,9,55.0,41.0,17,16,3.3000000000000003,5,24,0.6,3.6,0.021,0.4,1.0,-8.920648275500024,0.7118525815985401,-1.2500385029815468,10.764141483305027,150.0,33.0,117.0,22.0,2203.86,3095.95,-892.0899999999997,567.14,0.0,-3.5943553913500184,0.5578042149034853,-1.759229649508722,4.395093795963741,42.0,10.0,32.0,23.80952380952381,453.4,812.83,-359.43000000000006,165.28,0.0
6,-10.0,False,60,11,73.0,36.0,20,12,1.3,16,41,1.3,3.3000000000000003,0.017,0.5,2.5,-0.8991105629000049,0.0,-1.3178709115797012,0.9271169962872727,1.0,0.0,1.0,0.0,0.0,89.91,-89.91,12.46,0.0,-0.5039393050000035,0.0,-1.670706910987153,0.5039393050000035,1.0,0.0,1.0,0.0,0.0,50.39,-50.39,12.48,0.0
7,-10.0,False,23,8,55.0,36.0,11,12,3.8000000000000003,8,26,1.7000000000000002,1.7000000000000002,0.007,0.4,1.5,-1.3356841487000384,0.9464641484171747,-0.17944394210169115,8.775026968836022,79.0,31.0,48.0,39.24050632911393,2361.04,2494.59,-133.55000000000018,425.52,0.0,-1.6072487821000687,0.8144719069992957,-0.5477165865683331,4.3184407311250546,23.0,7.0,16.0,30.434782608695652,705.52,866.23,-160.71000000000004,119.21,0.0
8,-10.0,False,141,19,71.0,42.0,19,7,3.7,13,43,1.9000000000000001,1.9,0.007,0.35,2.5,3.1360824045499247,1.0469456302425413,0.286087744302666,9.920485818766354,153.0,59.0,94.0,38.56209150326797,6994.5599999999995,6680.92,313.6399999999994,795.78,0.0,2.932057073249944,1.0865835255344467,0.5390461711581704,6.23552487616337,78.0,31.0,47.0,39.743589743589745,3679.3999999999996,3386.210000000001,293.1899999999987,428.93,0.0
9,-10.0,False,127,19,55.0,33.0,13,7,1.3,9,48,1.0,2.6,0.023000000000000003,0.4,5.0,-7.9063139886499805,0.0,-1.842842977897819,7.9063139886499805,5.0,0.0,5.0,0.0,0.0,790.63,-790.63,96.95,0.0,-0.2530328707500121,0.908263533848218,-0.10194842344748171,2.5689266886614743,3.0,1.0,2.0,33.333333333333336,250.49,275.78999999999996,-25.299999999999955,60.03,0.0
10,-10.0,False,87,14,80.0,20.0,15,4,2.2,20,12,0.9,2.4000000000000004,0.014000000000000002,0.75,4.0,-32.11846340300034,0.8412202094784887,-0.8609448407059045,42.05985596025029,248.0,72.0,176.0,29.032258064516128,17016.48,20228.33,-3211.850000000002,2197.08,0.0,11.439463112549966,1.0909994145236324,0.762254140492797,19.53900917935564,120.0,42.0,78.0,35.0,13714.909999999998,12570.959999999997,1143.9500000000007,1554.45,0.0
11,-10.0,False,58,15,65.0,30.0,7,4,2.0,4,33,1.4,1.1,0.03,0.75,2.0,-10.283396794400069,0.9610788574612421,-0.13496169206426994,26.692774281897,316.0,157.0,159.0,49.68354430379747,25390.8,26419.059999999998,-1028.2599999999984,4517.86,0.0,-4.972650305600018,0.9493584892592656,-0.1667602594157952,21.32088618486888,143.0,75.0,68.0,52.44755244755245,9321.02,9818.230000000001,-497.21000000000095,1963.25,0.0
12,-10.0,False,58,16,80.0,30.0,9,9,2.9000000000000004,13,10,0.9,2.4000000000000004,0.027,0.6000000000000001,3.5,-51.60270870395014,0.8624046417248615,-0.6897051443057538,55.982914036483244,384.0,109.0,275.0,28.385416666666668,32343.019999999997,37503.299999999996,-5160.279999999999,4280.12,0.0,-30.223980288199993,0.8462858456480697,-0.9642188529622243,44.07578767674208,157.0,49.0,108.0,31.21019108280255,16639.74,19662.08,-3022.34,2300.8,0.0
13,-10.0,False,80,12,64.0,39.0,15,10,1.0,12,34,2.0,1.0,0.021,0.65,1.0,,,,,,,,,,,,,,,,,,,,,,,,,,
14,-10.0,False,45,17,75.0,44.0,9,6,1.9,20,31,1.5,2.0,0.03,0.5,2.0,24.71398302110003,1.180573963692902,0.8200165107819818,16.827443286082566,134.0,53.0,81.0,39.55223880597015,16158.019999999999,13686.58,2471.4399999999987,1498.89,0.0,-6.551989729549877,0.8974625405891788,-0.4346047095771567,12.637447209703613,74.0,26.0,48.0,35.13513513513514,5735.01,6390.25,-655.2399999999998,713.04,0.0
15,-10.0,False,76,21,66.0,32.0,15,10,2.9000000000000004,16,16,1.1,2.9000000000000004,0.025,0.65,4.0,-46.04037441835061,0.8934603960075276,-0.6394704195821577,52.84253372069024,293.0,76.0,217.0,25.938566552901023,38609.39000000001,43213.31999999999,-4603.929999999986,4723.42,0.0,-4.725432326650261,0.9742090617016738,0.08639648702183453,32.292977632371795,112.0,32.0,80.0,28.571428571428573,17850.91,18323.489999999998,-472.5799999999981,2162.69,0.0
16,-10.0,False,100,12,59.0,26.0,9,5,1.8,6,37,1.6,1.5,0.02,0.5,3.0,-0.6075820034500976,0.9855810531811383,0.006462047346969323,8.358992695976019,51.0,23.0,28.0,45.09803921568628,4153.139999999999,4213.900000000001,-60.76000000000113,740.1,0.0,-1.669468172800007,0.8874429393083266,-0.24925512992595272,6.481842353065774,18.0,7.0,11.0,38.888888888888886,1316.1399999999999,1483.07,-166.93000000000006,261.86,0.0
17,-10.0,False,45,18,76.0,35.0,13,15,2.5,18,28,0.5,2.2,0.027,0.25,1.5,4.059260308699832,1.0672377916647338,0.4005418485633082,7.893783349115957,228.0,83.0,145.0,36.40350877192982,6441.889999999999,6036.04,405.84999999999945,886.1,0.0,-0.8642028401499193,0.9518143497557817,-0.2135700416059013,6.051346841510929,76.0,25.0,51.0,32.89473684210526,1707.0599999999997,1793.4800000000002,-86.42000000000053,285.26,0.0
18,-10.0,False,41,14,68.0,33.0,17,6,1.5,11,18,1.2000000000000002,1.3,0.024,0.65,4.0,-53.56683996165026,0.6451670383930291,-2.1333509782006277,53.63659683710351,154.0,61.0,93.0,39.61038961038961,9739.589999999998,15096.23,-5356.640000000001,2587.24,0.0,-25.799588575149873,0.6841750907697618,-1.961146957684236,29.84320947469986,76.0,33.0,43.0,43.421052631578945,5589.04,8169.02,-2579.9800000000005,1427.05,0.0
19,-10.0,False,68,11,61.0,39.0,10,14,3.1,13,38,0.8,2.7,0.028,0.7,2.0,-33.07252875725026,0.8492353867375861,-0.8184255815072192,41.76384269882348,253.0,68.0,185.0,26.877470355731226,18629.32,21936.58,-3307.260000000002,2921.28,0.0,11.467326302749843,1.1657193972736561,0.7977951390605799,11.686042730540374,84.0,30.0,54.0,35.714285714285715,8066.650000000001,6919.89,1146.7600000000002,1196.77,0.0
20,-10.0,False,108,21,76.0,25.0,13,9,2.3,15,29,1.8,1.7000000000000002,0.018000000000000002,0.45,3.0,-13.279164330050024,0.8089516980632612,-0.6343706984974073,18.273667154999956,77.0,25.0,52.0,32.467532467532465,5622.91,6950.860000000001,-1327.9500000000007,848.55,0.0,5.67231152335009,1.1503332759100484,0.6661244355977576,13.504324330009002,42.0,17.0,25.0,40.476190476190474,4340.379999999999,3773.15,567.2299999999991,557.43,0.0
21,-10.0,False,89,7,70.0,20.0,7,20,4.0,18,22,0.7,3.1,0.012,0.3,3.0,-7.229275506399918,0.9601825670196327,-0.14131741992974156,23.142779370540232,264.0,74.0,190.0,28.03030303030303,17433.670000000002,18156.62,-722.9499999999971,2022.8,0.0,-7.022770205750002,0.892542648303172,-0.5063787888882881,18.13436892244304,95.0,25.0,70.0,26.31578947368421,5833.15,6535.43,-702.2800000000007,773.42,0.0
22,-10.0,False,103,7,72.0,22.0,7,17,3.4000000000000004,18,17,0.5,3.5,0.012,0.3,3.5,-15.742214627150098,0.9145300815868472,-0.39718498611176134,24.432309943030475,243.0,56.0,187.0,23.045267489711936,16844.190000000002,18418.41,-1574.2199999999975,1984.95,0.0,4.5634124772000355,1.0804039756219177,0.4688698295379418,13.073131244427005,79.0,22.0,57.0,27.848101265822784,6131.929999999999,5675.589999999999,456.34000000000015,738.8,0.0
23,-10.0,False,70,9,69.0,24.0,8,18,4.0,17,14,0.8,3.0,0.015,0.3,2.5,-16.639854004600146,0.9204581196254356,-0.3922010903222132,23.47455571510583,308.0,79.0,229.0,25.649350649350648,19256.26,20920.3,-1664.0400000000009,2094.56,0.0,-10.35746765925025,0.8608319314633373,-0.7084922944302489,24.750648175418576,113.0,30.0,83.0,26.548672566371682,6406.6900000000005,7442.4400000000005,-1035.75,761.17,0.0
24,-10.0,False,88,10,74.0,28.0,10,14,2.7,15,20,1.1,4.0,0.01,0.35,3.5,2.6758574016999046,1.0224589165137907,0.19472372934272833,24.155768772480304,133.0,31.0,102.0,23.30827067669173,12183.6,11915.980000000001,267.619999999999,1344.44,0.0,22.236252893650015,1.855970436523212,2.063997202171155,8.950816718612101,37.0,14.0,23.0,37.83783783783784,4821.44,2597.7999999999997,2223.64,392.38,0.0
25,-10.0,False,37,7,77.0,31.0,11,19,1.6,19,27,0.7,3.3000000000000003,0.03,0.35,4.5,,,,,,,,,,,,,,,,,,,,,,,,,,
26,-10.0,False,114,14,67.0,34.0,8,11,1.0,15,24,1.5,2.7,0.023000000000000003,0.55,1.5,,,,,,,,,,,,,,,,,,,,,,,,,,
27,-10.0,False,59,8,64.0,27.0,8,20,3.1,9,44,1.0,2.2,0.005,0.25,3.0,-2.8818345619001047,0.9196724143696289,-0.32213103239497326,10.674209756333864,109.0,37.0,72.0,33.944954128440365,3300.41,3588.6800000000003,-288.27000000000044,612.24,0.0,3.7258585667000075,1.4574125908465922,1.2356509525052706,3.2398011357965495,29.0,13.0,16.0,44.827586206896555,1187.15,814.56,372.59000000000015,177.03,0.0
28,-10.0,False,149,12,78.0,23.0,14,6,3.7,14,36,0.6,3.7,0.018000000000000002,0.45,2.5,3.113101903549559,1.0136716442816711,0.23505210985247066,33.57250797132681,203.0,47.0,156.0,23.15270935960591,23083.280000000002,22771.950000000004,311.3299999999981,1723.46,0.0,7.158657201950028,1.088310297563016,0.512403551628397,23.444192041129003,72.0,19.0,53.0,26.38888888888889,8821.31,8105.509999999999,715.8000000000002,678.36,0.0
29,-10.0,False,96,10,62.0,38.0,10,13,2.5,7,30,1.8,3.8000000000000003,0.026000000000000002,0.6000000000000001,4.5,-19.469311411050022,0.2464294284763239,-1.917609776164883,24.289668209247,13.0,1.0,12.0,7.6923076923076925,636.68,2583.62,-1946.94,305.56,0.0,22.49730932875,2.417092897276323,1.6374636260343856,12.5099911169084,12.0,5.0,7.0,41.666666666666664,3837.2799999999997,1587.5600000000002,2249.7199999999993,303.35,0.0
30,-10.0,False,51,17,58.0,45.0,17,16,2.1,17,50,1.2000000000000002,3.3000000000000003,0.028,0.45,2.0,8.151968915849976,3.0218253968253976,0.8002841954369097,5.677001223814267,9.0,5.0,4.0,55.55555555555556,1218.4,403.19999999999993,815.2000000000002,84.08,0.0,2.6221630101499978,4.439721894267349,1.7210859386024808,0.897154481495309,4.0,2.0,2.0,50.0,338.44,76.23,262.21,36.9,0.0
31,-10.0,False,21,20,58.0,37.0,12,9,2.5,4,46,1.6,3.9000000000000004,0.028,0.7,5.0,-10.323281738350506,0.9670790134291196,0.07828006628387445,47.99347891608244,152.0,35.0,117.0,23.026315789473685,30326.36,31358.719999999998,-1032.359999999997,4058.68,0.0,3.4616850011500175,1.027210435173591,0.37508527099622846,27.0259131172275,63.0,16.0,47.0,25.396825396825395,13067.75,12721.589999999998,346.1600000000017,1658.1100000000001,0.0
32,-0.5219490908625277,True,31,21,61.0,41.0,11,8,3.5,6,22,2.0,3.6,0.025,0.55,4.5,5.361041087049761,1.0159110396936037,0.3115383856441456,43.6080290691269,197.0,49.0,148.0,24.873096446700508,34228.409999999996,33692.33,536.0799999999945,3562.59,0.0,53.83537001690002,1.3493517904444734,1.6670940803177456,28.344512487385376,84.0,26.0,58.0,30.952380952380953,20793.699999999997,15410.14,5383.559999999998,2026.25,0.0
33,-0.5014661508566335,True,36,20,62.0,41.0,12,8,3.2,6,20,2.0,3.5,0.023000000000000003,0.55,4.5,15.305342414049699,1.0485119970180987,0.4525529906140824,29.283601294495753,177.0,46.0,131.0,25.98870056497175,33080.91,31550.340000000004,1530.5699999999997,3591.22,0.0,45.36778072294992,1.3834423910085314,1.6426642056465937,31.392814341760587,79.0,25.0,54.0,31.645569620253166,16368.42,11831.66,4536.76,1696.17,0.0
34,-0.5729525354658772,True,31,20,63.0,41.0,12,8,3.5,6,19,2.0,3.5,0.022000000000000002,0.55,4.5,6.550119366599974,1.0219019816349324,0.3153535702128772,37.554597295826504,184.0,47.0,137.0,25.543478260869566,30559.57,29904.600000000002,654.9699999999975,3324.06,0.0,40.893026367199944,1.2903865818326419,1.4731286339977565,26.05861643558378,86.0,26.0,60.0,30.232558139534884,18171.739999999998,14082.400000000001,4089.3399999999965,1978.16,0.0
35,0.001083344550086407,True,34,20,62.0,42.0,12,8,3.2,6,23,2.0,3.5,0.022000000000000002,0.55,4.5,31.835319357199747,1.097602432610669,0.6904914220184409,27.282557793216117,177.0,47.0,130.0,26.55367231638418,35800.29,32616.810000000005,3183.479999999996,3752.39,0.0,20.61112856180007,1.1938275656801518,0.9419915173044277,32.13615413611806,76.0,22.0,54.0,28.94736842105263,12694.84,10633.73,2061.1100000000006,1408.67,0.0
36,-10.0,False,30,19,60.0,43.0,14,8,3.2,6,23,1.9000000000000001,3.4000000000000004,0.025,0.6000000000000001,4.5,4.937371397649659,1.0151852492126836,0.30410300413540536,41.705314471966176,190.0,49.0,141.0,25.789473684210527,33002.84,32509.180000000004,493.6599999999926,3881.21,0.0,9.813538679799876,1.0759188346600448,0.5641352068486134,27.414972012965677,84.0,23.0,61.0,27.38095238095238,13908.080000000002,12926.7,981.380000000001,1850.63,0.0
37,-10.0,False,35,21,62.0,41.0,11,7,2.9000000000000004,5,25,1.9000000000000001,3.7,0.02,0.55,4.0,-25.10724832455025,0.8933362902427512,-0.36172840559084624,36.96226914218053,185.0,41.0,144.0,22.16216216216216,21027.43,23538.09,-2510.66,2631.85,0.0,4.810109144049875,1.0445834426337397,0.39565826550794375,32.523803558229034,86.0,22.0,64.0,25.58139534883721,11269.29,10788.310000000001,480.97999999999956,1376.19,0.0
38,-0.2948847322359238,True,50,18,57.0,40.0,14,10,3.3000000000000003,8,15,2.0,3.1,0.023000000000000003,0.5,5.0,6.346581723199598,1.0253965687861417,0.2998498095032425,32.692111398234196,134.0,39.0,95.0,29.104477611940297,25624.649999999998,24989.99,634.6599999999962,3134.77,0.0,12.435666363499895,1.1783567565396853,0.7615684583943113,20.832893753205646,45.0,14.0,31.0,31.11111111111111,8216.009999999998,6972.43,1243.579999999998,1108.53,0.0
39,-0.011525434229524067,True,50,18,57.0,39.0,14,11,2.7,8,15,1.8,3.2,0.019,0.5,5.0,50.98259256784995,1.1998723516695817,1.1247002649340536,17.51246735309447,136.0,44.0,92.0,32.35294117647059,30605.839999999997,25507.580000000005,5098.259999999991,3772.43,0.0,17.70453323490006,1.2786600644690123,1.0387890956342347,15.001300866196543,46.0,15.0,31.0,32.608695652173914,8123.89,6353.44,1770.4500000000007,1007.48,0.0
40,-0.07916506812120971,True,51,18,57.0,39.0,16,11,2.8,8,15,1.8,3.1,0.018000000000000002,0.5,5.0,79.53106995739978,1.2982135973878521,1.5465869977407907,17.976938469232266,144.0,50.0,94.0,34.72222222222222,34622.369999999995,26669.239999999994,7953.130000000001,4020.76,0.0,12.573200756349998,1.1966384478118004,0.828761104069179,15.636009692991026,50.0,16.0,34.0,32.0,7651.389999999999,6394.070000000001,1257.3199999999988,994.57,0.0
41,-10.0,False,51,18,58.0,39.0,16,11,2.8,8,15,1.8,3.1,0.019,0.5,5.0,120.16013670039965,1.3529495737647523,1.9088935590578033,21.966380143159476,154.0,55.0,99.0,35.714285714285715,46060.59999999999,34044.57999999999,12016.020000000004,5038.48,0.0,5.733479761849995,1.0754149380322375,0.4534344858174682,17.637559181511232,57.0,17.0,40.0,29.82456140350877,8175.67,7602.34,573.3299999999999,1129.85,0.0
42,-0.0553777955025318,True,50,18,57.0,43.0,18,11,2.7,8,13,1.7000000000000002,2.9000000000000004,0.016,0.45,5.0,28.17485617979966,1.1229342714913215,0.8355832243480743,18.442212820244094,163.0,52.0,111.0,31.901840490797547,25736.160000000003,22918.67,2817.4900000000052,3450.35,0.0,12.899839166050006,1.1798882182978392,0.8876001866017024,17.74262410069206,68.0,23.0,45.0,33.8235294117647,8461.12,7171.120000000001,1290.0,1227.07,0.0
43,-10.0,False,66,16,57.0,43.0,19,11,2.7,10,13,1.7000000000000002,2.9000000000000004,0.016,0.4,5.0,-19.721233481250085,0.831507089244597,-0.7867050874926236,31.852740102572895,100.0,25.0,75.0,25.0,9732.250000000002,11704.350000000002,-1972.1000000000004,1684.88,0.0,-7.7287497796500615,0.8151326034383364,-0.6339918792612586,16.91223609965748,42.0,12.0,30.0,28.571428571428573,3407.6699999999996,4180.51,-772.8400000000006,725.36,0.0
44,-10.0,False,44,17,56.0,43.0,18,12,2.3,9,10,1.7000000000000002,2.5,0.017,0.45,5.0,11.106393132849972,1.0935769428111417,0.5015158370566637,23.436404858173432,94.0,32.0,62.0,34.04255319148936,12979.96,11869.27,1110.6899999999987,2073.18,0.0,-10.575706898149965,0.7562405210921544,-0.9833921598711272,22.099109650054793,38.0,11.0,27.0,28.94736842105263,3281.01,4338.580000000001,-1057.5700000000006,701.7,0.0
45,-10.0,False,51,19,60.0,45.0,16,13,2.7,7,11,1.8,2.8,0.021,0.4,5.0,52.79617985299978,1.2082986307693218,1.2234366795078717,19.20351197076889,145.0,49.0,96.0,33.793103448275865,30625.96,25346.35,5279.610000000001,3464.4,0.0,-0.9404861971501668,0.9853917703919801,0.07069564429072721,21.386721273125634,57.0,18.0,39.0,31.57894736842105,6346.799999999999,6440.8899999999985,-94.08999999999924,984.82,0.0
46,-10.0,False,64,16,55.0,37.0,20,10,3.0,10,17,1.9000000000000001,3.2,0.013000000000000001,0.45,4.5,-12.789129667299967,0.808569713679301,-0.6312458920013592,27.379151884238205,62.0,14.0,48.0,22.580645161290324,5402.03,6680.97,-1278.9400000000005,1058.7,0.0,4.14262923780001,1.2707700150983352,0.6440020020201587,10.325647760274952,18.0,6.0,12.0,33.333333333333336,1944.2399999999998,1529.97,414.26999999999975,332.36,0.0
47,-10.0,False,26,15,59.0,36.0,21,12,2.4000000000000004,7,13,1.4,2.9000000000000004,0.016,0.5,4.0,-8.580356115550531,0.9678687697009666,-0.08373939548967756,34.280709916801776,219.0,65.0,154.0,29.680365296803654,25844.39,26702.37,-857.9799999999996,4426.95,0.0,-21.37758929059993,0.7411581947582413,-1.3943960468872079,34.01268603572781,88.0,22.0,66.0,25.0,6121.2699999999995,8259.06,-2137.79,1363.47,0.0
48,-0.17738377931421795,True,55,18,56.0,42.0,16,9,2.6,5,19,1.5,2.2,0.019,0.4,5.0,17.275608256449942,1.0812876154017352,0.5869223828130583,25.06641785744313,170.0,63.0,107.0,37.05882352941177,22980.53,21252.93,1727.5999999999985,3670.67,0.0,5.857293454249976,1.1046911082354454,0.5711612860910344,18.84610096953473,58.0,22.0,36.0,37.93103448275862,6180.569999999999,5594.84,585.7299999999987,1090.58,0.0
49,0.2653646974979963,True,41,20,60.0,38.0,18,13,3.0,8,16,1.8,2.6,0.015,0.6000000000000001,4.5,27.685389342299803,1.11689729732925,0.802678740473278,22.70200019548683,184.0,63.0,121.0,34.23913043478261,26452.16,23683.61,2768.5499999999993,3671.75,0.0,28.66349270665005,1.3431468204134254,1.693956066976957,12.520766916680412,77.0,29.0,48.0,37.66233766233766,11219.479999999998,8353.130000000001,2866.3499999999967,1409.57,0.0
50,0.1959566870005903,True,41,20,60.0,38.0,18,13,3.0,9,21,1.6,2.5,0.014000000000000002,0.6000000000000001,3.5,22.475588641949635,1.0988546111347401,0.713999968420221,24.63146699564453,207.0,71.0,136.0,34.29951690821256,24983.019999999997,22735.510000000002,2247.5099999999948,3489.58,0.0,24.774577158950013,1.2850648327029754,1.5671494767553296,14.658924721779702,94.0,36.0,58.0,38.297872340425535,11168.28,8690.83,2477.4500000000007,1517.96,0.0
51,-0.3600955922362743,True,43,20,60.0,35.0,18,13,3.0,9,21,1.6,2.4000000000000004,0.014000000000000002,0.6000000000000001,3.5,8.5693204176996,1.040534110087716,0.3673200798115845,26.824816724987244,204.0,70.0,134.0,34.31372549019608,21997.89,21140.96,856.9300000000003,3152.61,0.0,19.903710333850015,1.2403469028942387,1.3475458122130726,17.053433534751253,90.0,35.0,55.0,38.888888888888886,10271.66,8281.279999999999,1990.380000000001,1452.61,0.0
52,-0.5093548547727617,True,39,19,65.0,38.0,18,14,3.0,11,17,1.7000000000000002,2.6,0.014000000000000002,0.65,4.5,4.95983821100026,1.0217772807640315,0.26317909097199366,24.942841747747234,192.0,62.0,130.0,32.291666666666664,23272.030000000002,22776.03,496.00000000000364,3277.88,0.0,36.62382495470005,1.397983112917423,2.040240065809251,9.652863614822403,88.0,34.0,54.0,38.63636363636363,12864.660000000002,9202.300000000001,3662.3600000000006,1613.71,0.0
53,-10.0,False,24,19,59.0,40.0,19,15,3.2,7,25,1.7000000000000002,2.3,0.01,0.6000000000000001,3.5,-6.64414000200024,0.9525411936810163,-0.21990778301926284,24.994581522575913,180.0,60.0,120.0,33.333333333333336,13335.31,13999.720000000001,-664.4100000000017,2276.97,0.0,-8.613872834100075,0.831993431163745,-0.867842165949564,15.607007897830147,72.0,22.0,50.0,30.555555555555557,4265.83,5127.24,-861.4099999999999,863.62,0.0
54,-10.0,False,56,20,64.0,44.0,13,5,2.8,10,18,1.9000000000000001,2.0,0.017,0.65,4.0,-13.37173140150022,0.941745436834073,-0.23142926885432896,23.470967187649897,205.0,74.0,131.0,36.09756097560975,21616.739999999998,22953.910000000003,-1337.1700000000055,3029.12,0.0,2.6873472616000074,1.024332581193114,0.2969691972685377,23.21922388433721,105.0,40.0,65.0,38.095238095238095,11312.77,11044.04,268.72999999999956,1592.3,0.0
55,-0.08794312419585845,True,47,13,63.0,38.0,20,12,3.4000000000000004,8,12,1.6,2.7,0.011,0.6000000000000001,4.0,11.442478362849888,1.0466423507620868,0.45915108512865577,23.261741200969553,254.0,81.0,173.0,31.88976377952756,25676.899999999998,24532.64,1144.2599999999984,3661.05,0.0,18.732315879799916,1.2101770110093308,1.3306645102591337,12.973679594805459,105.0,37.0,68.0,35.23809523809524,10785.630000000001,8912.44,1873.1900000000005,1565.85,0.0
56,-10.0,False,41,21,60.0,42.0,21,7,2.6,4,23,1.4,2.5,0.015,0.55,4.5,-8.83906470014992,0.9721948387007482,-0.03403158906804821,31.59936124189322,317.0,99.0,218.0,31.230283911671926,30907.260000000002,31791.22,-883.9599999999991,4977.17,0.0,-2.4134841753499496,0.9840587320301586,0.04765398046321879,24.09098981989411,150.0,48.0,102.0,32.0,14898.6,15139.95,-241.35000000000036,2778.3,0.0
57,-0.03236434660460191,True,74,17,61.0,35.0,15,13,3.1,11,20,1.9000000000000001,2.8,0.015,0.35,3.5,7.560306503999873,1.0587314966226844,0.39119540041830214,25.548268996729373,125.0,38.0,87.0,30.4,13628.679999999998,12872.650000000001,756.029999999997,1605.31,0.0,10.712254314149977,1.2995620829861132,0.9848343392613814,13.308505258012952,47.0,17.0,30.0,36.170212765957444,4647.26,3576.0199999999995,1071.2400000000007,532.86,0.0
58,-10.0,False,76,17,63.0,34.0,15,15,3.7,11,21,1.9000000000000001,2.6,0.008,0.35,3.5,-0.9661073375500564,0.9896420251308942,0.005284161164714994,12.90594883599808,156.0,49.0,107.0,31.41025641025641,9235.279999999999,9331.940000000002,-96.66000000000349,1190.89,0.0,14.460644335399975,1.3875947175293435,1.8441258949205697,7.384815589333137,67.0,26.0,41.0,38.80597014925373,5176.88,3730.83,1446.0500000000002,591.41,0.0
59,-0.4846290472067473,True,82,19,61.0,33.0,14,13,3.3000000000000003,12,27,1.8,2.1,0.022000000000000002,0.35,3.0,1.650345588799719,1.0124221264138469,0.160573573127425,27.284962623989912,155.0,56.0,99.0,36.12903225806452,13446.119999999999,13281.14,164.97999999999956,1488.19,0.0,32.71375926809997,1.6929121683304418,2.5790501929981926,8.744853735465487,64.0,28.0,36.0,43.75,7992.5599999999995,4721.1900000000005,3271.369999999999,787.17,0.0
60,-10.0,False,28,20,61.0,36.0,15,14,3.0,12,19,1.3,2.8,0.013000000000000001,0.65,2.5,-18.24765156035023,0.931830221880172,-0.369620137064779,32.56428263498424,308.0,87.0,221.0,28.246753246753247,24942.02,26766.7,-1824.6800000000003,3709.69,0.0,11.18153803209998,1.10502842833083,0.7733306803332581,17.261899081186556,123.0,41.0,82.0,33.333333333333336,11764.21,10646.07,1118.1399999999994,1740.3,0.0
61,0.10624862195869925,True,47,15,59.0,37.0,17,13,3.1,9,14,1.9000000000000001,2.5,0.015,0.3,4.0,13.71097133834981,1.098499047761359,0.6288579188650427,17.64783692856699,144.0,47.0,97.0,32.638888888888886,15290.919999999996,13919.83,1371.0899999999965,1904.31,0.0,11.794036369450023,1.334445893829401,1.270661072485993,13.760056213213781,49.0,18.0,31.0,36.734693877551024,4705.790000000001,3526.4000000000005,1179.3900000000003,571.79,0.0
62,0.057255943846156815,True,34,16,62.0,37.0,17,13,3.1,11,16,1.9000000000000001,2.5,0.014000000000000002,0.25,4.0,10.414993004600074,1.0684716641773775,0.4816381077905796,23.931151828157564,187.0,60.0,127.0,32.0855614973262,16253.419999999998,15211.84,1041.579999999998,1934.82,0.0,9.125753762100066,1.1705469237640673,0.8934796149543651,12.835356655846553,77.0,27.0,50.0,35.064935064935064,6263.62,5351.02,912.5999999999995,747.73,0.0
63,-10.0,False,37,15,65.0,37.0,17,14,2.9000000000000004,9,16,2.0,1.8,0.013000000000000001,0.25,4.0,-15.853616172200184,0.8173671526523391,-0.8310581533973956,22.22291468584406,135.0,46.0,89.0,34.074074074074076,7095.27,8680.64,-1585.369999999999,1144.89,0.0,-7.704935076550045,0.7724793669073245,-1.0800213425821876,16.557975785595435,58.0,21.0,37.0,36.206896551724135,2616.04,3386.55,-770.5100000000002,515.77,0.0
64,-10.0,False,34,13,59.0,40.0,17,16,3.1,9,16,1.9000000000000001,2.5,0.012,0.25,4.0,7.163315248149921,1.0978910229782026,0.48609548313067014,13.658491848048588,116.0,38.0,78.0,32.758620689655174,8034.63,7318.239999999999,716.3900000000012,1136.75,0.0,1.6987384995500725,1.0714426889936461,0.32297460607424694,8.284024844030021,41.0,15.0,26.0,36.58536585365854,2547.88,2377.99,169.89000000000033,383.99,0.0
65,-0.5262452735759449,True,46,21,62.0,32.0,19,12,3.4000000000000004,10,14,1.8,2.3,0.014000000000000002,0.3,4.0,4.887638288299859,1.0246010725312604,0.26669309563779775,26.924381283291915,221.0,76.0,145.0,34.38914027149321,20355.77,19867.019999999997,488.75000000000364,2402.49,0.0,12.64728536164992,1.1760944903377977,1.0018660770533576,19.2284265966613,94.0,33.0,61.0,35.1063829787234,8446.84,7182.110000000001,1264.7299999999996,1001.2,0.0
66,-10.0,False,41,16,66.0,37.0,13,5,3.6,7,23,2.0,2.3,0.024,0.3,3.5,-11.293182855300019,0.944639617581562,-0.1807021908267097,24.211242351452967,203.0,63.0,140.0,31.03448275862069,19271.3,20400.690000000002,-1129.390000000003,1937.39,0.0,22.878900152250008,1.2713156415504698,1.336860940705456,15.923865038016324,91.0,35.0,56.0,38.46153846153846,10720.419999999998,8432.539999999999,2287.879999999999,1013.5,0.0
67,0.22294042509681308,True,62,20,58.0,39.0,17,13,3.2,7,18,1.9000000000000001,2.4000000000000004,0.017,0.25,3.0,13.872372280349882,1.1509619580653971,0.7980109457119324,14.927576234583299,139.0,50.0,89.0,35.97122302158273,10576.269999999999,9189.07,1387.199999999999,1167.34,0.0,14.543220911199949,1.631956997844678,2.044880189599824,5.1045510662935465,56.0,23.0,33.0,41.07142857142857,3755.59,2301.2799999999997,1454.3100000000004,428.69,0.0
68,-10.0,False,62,10,63.0,38.0,17,17,3.3000000000000003,7,18,2.0,2.1,0.017,0.25,3.0,-6.748078932500011,0.8010946807475898,-0.7084748777459092,14.55874769545073,63.0,20.0,43.0,31.746031746031747,2717.9300000000003,3392.77,-674.8399999999997,465.09,0.0,10.096715859399955,2.628326291004096,2.3065443705481528,4.167518640881968,23.0,13.0,10.0,56.52173913043478,1629.7199999999998,620.0600000000001,1009.6599999999997,178.46,0.0
69,-10.0,False,21,11,60.0,34.0,17,15,3.2,5,25,1.9000000000000001,2.4000000000000004,0.011,0.3,3.0,2.962956608299901,1.0453462812498084,0.25468271640527496,11.705911086264008,113.0,38.0,75.0,33.6283185840708,6829.08,6532.840000000001,296.2399999999989,1039.93,0.0,-4.8563373531999785,0.7895799571897776,-0.7111523238082548,14.918721787485334,44.0,12.0,32.0,27.272727272727273,1822.2399999999998,2307.8599999999997,-485.6199999999999,351.90999999999997,0.0
70,-10.0,False,32,21,58.0,36.0,19,14,3.1,6,21,1.0,2.6,0.015,0.25,2.5,-26.922218548700368,0.8345188642015986,-1.1614023886672007,35.04837877057488,409.0,111.0,298.0,27.139364303178485,13576.270000000002,16268.38,-2692.109999999997,2208.18,0.0,1.6994867766501012,1.026902392520286,0.25491527425969635,10.454166651813617,173.0,59.0,114.0,34.104046242774565,6484.56,6314.680000000001,169.8799999999992,1048.72,0.0
71,-0.13390191448358119,True,55,20,59.0,39.0,16,13,3.0,8,17,1.8,2.5,0.019,0.25,3.5,11.692564478449967,1.1020797119606356,0.5496346440314092,17.496581806946015,149.0,50.0,99.0,33.557046979865774,12623.21,11453.989999999998,1169.2200000000012,1362.1,0.0,23.959969285300083,1.6311829741498534,2.276359632540485,7.211627642694488,68.0,27.0,41.0,39.705882352941174,6192.15,3796.1099999999997,2396.04,617.37,0.0
72,-10.0,False,46,19,58.0,40.0,18,13,2.9000000000000004,9,14,2.0,2.3,0.016,0.3,4.5,2.624950912899949,1.019297620141505,0.19290808479385418,30.141754195976635,131.0,44.0,87.0,33.587786259541986,13866.269999999999,13603.750000000002,262.5199999999968,1775.96,0.0,0.2290647791999072,1.0056234748807495,0.10058519293371831,19.46035749535643,50.0,17.0,33.0,34.0,4100.4800000000005,4077.55,22.93000000000029,599.05,0.0
73,0.11770069195133513,True,38,20,62.0,30.0,18,10,2.8,7,12,1.9000000000000001,2.4000000000000004,0.018000000000000002,0.3,4.0,12.220543732499737,1.0649324909536282,0.4847284406757804,22.961423766085954,192.0,66.0,126.0,34.375,20041.71,18819.7,1222.0099999999984,2480.1,0.0,12.63183690554999,1.1843193846001199,0.979723924766386,12.886167408791739,90.0,31.0,59.0,34.44444444444444,8116.650000000001,6853.43,1263.2200000000003,1032.43,0.0
74,-10.0,False,39,8,64.0,29.0,18,9,2.8,5,12,1.9000000000000001,2.0,0.02,0.25,4.0,-6.2113753796001765,0.9237412580543768,-0.29450087198732633,19.54339020152154,116.0,37.0,79.0,31.896551724137932,7523.539999999999,8144.639999999999,-621.1000000000004,1242.78,0.0,22.295167964750036,2.315352892937421,2.7746009933840945,6.364662172319409,41.0,21.0,20.0,51.21951219512195,3924.4999999999995,1694.99,2229.5099999999993,431.46,0.0
75,-10.0,False,28,13,62.0,30.0,20,10,3.4000000000000004,6,10,2.0,2.4000000000000004,0.027,0.3,3.5,1.683349353499907,1.0089146276601377,0.16382264995945703,27.288693802239827,185.0,60.0,125.0,32.432432432432435,19045.119999999995,18876.84,168.2799999999952,2321.27,0.0,2.4837094514999993,1.0397572064337415,0.30662450445878703,13.837378365854903,85.0,27.0,58.0,31.764705882352942,6497.37,6248.929999999999,248.4400000000005,916.05,0.0
76,-10.0,False,33,20,62.0,31.0,19,12,3.2,7,18,1.9000000000000001,1.6,0.018000000000000002,0.3,4.0,-22.053591811600345,0.8551629430026224,-0.8710996574074897,28.41172385869059,213.0,81.0,132.0,38.028169014084504,13021.13,15226.49,-2205.3600000000006,2173.95,0.0,2.369212027099893,1.0374229437044826,0.29469040251392425,11.799947513666412,92.0,40.0,52.0,43.47826086956522,6568.349999999999,6331.410000000001,236.9399999999987,1054.04,0.0
77,-10.0,False,127,21,60.0,35.0,18,7,3.3000000000000003,6,20,1.7000000000000002,2.2,0.026000000000000002,0.35,3.0,-14.566534851900142,0.8865859298720431,-0.4420395397975857,34.26173600190738,179.0,59.0,120.0,32.960893854748605,11386.76,12843.38,-1456.619999999999,1557.74,0.0,33.677841930499994,1.6040763101913136,2.415123106172175,8.06750442101778,71.0,29.0,42.0,40.84507042253521,8942.95,5575.14,3367.8100000000004,895.14,0.0
78,-10.0,False,37,20,61.0,28.0,16,6,3.5,4,12,1.8,2.7,0.015,0.75,3.5,-18.5471309787501,0.9369674930754983,-0.29586931571512626,31.27503178521292,274.0,81.0,193.0,29.562043795620436,27569.8,29424.5,-1854.7000000000007,4211.8,0.0,27.6475534103499,1.1968438289843721,1.3606928057213892,22.75420088597258,126.0,44.0,82.0,34.92063492063492,16810.27,14045.500000000002,2764.7699999999986,2324.35,0.0
79,-10.0,False,43,19,59.0,36.0,17,12,2.9000000000000004,5,16,2.0,2.1,0.022000000000000002,0.7,4.5,-23.300614357700233,0.8898715121953527,-0.5239465529781722,40.029548815201494,139.0,47.0,92.0,33.81294964028777,18827.59,21157.649999999998,-2330.0599999999977,3155.05,0.0,-19.72192895600005,0.7361437401332511,-1.2224025221211192,29.11604183112231,57.0,17.0,40.0,29.82456140350877,5502.379999999999,7474.6,-1972.2200000000012,1268.12,0.0
80,0.11579843244338169,True,59,14,63.0,33.0,17,8,3.1,8,22,1.2000000000000002,2.5,0.029,0.25,3.0,15.117785684899864,1.0662581854740103,0.5400350628515623,17.053929377079243,343.0,110.0,233.0,32.06997084548105,24329.730000000003,22817.86,1511.8700000000026,2740.8,0.0,14.01127643365002,1.1935546705015934,1.178713674343905,8.512424859813342,135.0,46.0,89.0,34.074074074074076,8639.82,7238.7300000000005,1401.0899999999992,1042.34,0.0
81,-10.0,False,61,14,63.0,32.0,17,8,3.1,8,24,0.9,2.6,0.029,0.25,3.0,-27.870351448450236,0.872763761651129,-0.7436211999935387,32.55668538833145,405.0,111.0,294.0,27.40740740740741,19117.480000000003,21904.53,-2787.0499999999956,2481.91,0.0,11.221978444949963,1.122048194605458,0.9142975019373571,12.081156839506143,160.0,55.0,105.0,34.375,10317.479999999998,9195.22,1122.2599999999984,1255.37,0.0
82,-10.0,False,54,15,64.0,37.0,18,10,2.8,7,22,0.9,2.4000000000000004,0.013000000000000001,0.25,3.0,-12.26650650905005,0.933073329997812,-0.3675934843306689,26.097354582908245,400.0,122.0,278.0,30.5,17101.34,18327.97,-1226.630000000001,2495.67,0.0,-4.888223299950041,0.9400815403926491,-0.38380525755423983,13.099789622420428,180.0,60.0,120.0,33.333333333333336,7669.11,8157.919999999999,-488.8099999999995,1258.23,0.0
83,-10.0,False,71,14,66.0,31.0,17,8,3.0,9,22,1.3,2.5,0.029,0.3,2.5,-15.072649089550213,0.9187980683240919,-0.3569812453285371,29.29785748545336,290.0,83.0,207.0,28.620689655172413,17054.839999999997,18562.120000000003,-1507.280000000006,2013.42,0.0,10.34869033635001,1.1543880693211115,0.9409196215951362,11.474564699080627,121.0,42.0,79.0,34.710743801652896,7737.539999999999,6702.719999999999,1034.8199999999997,896.1800000000001,0.0
84,-10.0,False,47,16,62.0,38.0,19,9,3.2,8,19,1.0,2.7,0.026000000000000002,0.25,4.0,-13.394456298600163,0.9627503179247254,-0.13109190285640498,34.14688889181036,446.0,122.0,324.0,27.3542600896861,34620.280000000006,35959.770000000004,-1339.489999999998,4266.6,0.0,8.71590987564985,1.070163250849259,0.6143658624815299,18.111568788743686,183.0,58.0,125.0,31.693989071038253,13294.210000000001,12422.599999999999,871.6100000000024,1722.08,0.0
85,-10.0,False,59,12,61.0,26.0,16,7,2.9000000000000004,7,26,0.8,2.3,0.017,0.3,3.5,-17.19071003445002,0.9465337763838875,-0.33344239875097664,37.64534707788174,442.0,142.0,300.0,32.126696832579185,30430.899999999994,32149.829999999998,-1718.930000000004,4634.2,0.0,0.13628820780011663,1.0013895740331347,0.1277776835889063,17.52286632741913,162.0,56.0,106.0,34.5679012345679,9865.63,9851.939999999999,13.69000000000051,1624.67,0.0
86,-10.0,False,40,20,63.0,34.0,18,14,2.6,10,14,1.2000000000000002,2.2,0.024,0.25,2.5,10.485618792699917,1.0931286563990705,0.5821944643157453,14.267771094414861,239.0,86.0,153.0,35.98326359832636,12307.94,11259.369999999999,1048.5700000000015,1660.66,0.0,-6.635576484599932,0.8283232821850186,-0.9517010777860772,12.916203041303193,93.0,31.0,62.0,33.333333333333336,3201.66,3865.2300000000005,-663.5700000000006,562.32,0.0
87,-10.0,False,67,15,60.0,29.0,10,9,3.1,6,11,1.9000000000000001,1.9,0.021,0.6000000000000001,3.0,-24.30841031795023,0.8431751541094232,-0.7952664965107388,35.684389016326506,138.0,48.0,90.0,34.78260869565217,13069.509999999998,15500.35,-2430.840000000002,2250.24,0.0,42.66104306289988,1.8623313935037609,2.8797331380809075,6.468347042124228,60.0,29.0,31.0,48.333333333333336,9213.27,4947.17,4266.1,1199.17,0.0
88,-10.0,False,25,21,65.0,33.0,12,11,3.0,11,17,1.5,3.0,0.014000000000000002,0.3,4.5,-10.379418145750515,0.9561532892530429,-0.14007493868378096,27.88012510347812,273.0,75.0,198.0,27.47252747252747,22636.910000000003,23674.98,-1038.069999999996,2872.11,0.0,-5.709918113800013,0.9432733457043744,-0.16245240200161723,27.733804120974746,129.0,35.0,94.0,27.131782945736433,9495.479999999998,10066.519999999999,-571.0400000000009,1306.46,0.0
89,-10.0,False,29,20,61.0,32.0,17,12,3.2,9,21,1.1,2.6,0.015,0.35,3.5,-31.613506454200596,0.9070649203895289,-0.7068828004748864,43.400548255945296,422.0,120.0,302.0,28.436018957345972,30856.09,34017.509999999995,-3161.4199999999946,4642.26,0.0,-8.139957634000021,0.9393998050918816,-0.29947580368970783,21.695353390367973,188.0,61.0,127.0,32.4468085106383,12617.99,13431.97,-813.9799999999996,1912.16,0.0
90,-10.0,False,35,8,62.0,35.0,20,6,3.3000000000000003,8,20,1.9000000000000001,2.5,0.016,0.25,4.0,-23.90486358795012,0.7087698950302627,-1.4419127716977405,31.004440058190376,114.0,30.0,84.0,26.31578947368421,5817.6399999999985,8208.08,-2390.4400000000014,1034.35,0.0,11.161264958200046,1.5111958926256877,1.4615061308921484,12.632831848766003,39.0,16.0,23.0,41.02564102564103,3299.5299999999997,2183.39,1116.1399999999999,403.07,0.0
91,-0.6392310087901472,True,47,18,57.0,39.0,12,11,2.7,8,15,1.8,2.4000000000000004,0.018000000000000002,0.6000000000000001,4.5,6.1869377863498265,1.0312921557172448,0.2984291273238404,30.70274480530938,142.0,49.0,93.0,34.50704225352113,20389.11,19770.45,618.6599999999999,3179.25,0.0,18.73527806440008,1.3121178701016565,1.3268399418175252,18.31959452281624,49.0,20.0,29.0,40.816326530612244,7876.04,6002.540000000002,1873.4999999999982,1116.18,0.0
92,-10.0,False,64,19,55.0,40.0,18,13,2.8,7,18,1.8,3.3000000000000003,0.019,0.55,4.0,-17.946841625650066,0.8052635176852155,-0.6386578195778735,31.98532981894862,66.0,15.0,51.0,22.727272727272727,7421.22,9215.89,-1794.6699999999992,1376.09,0.0,-4.376243189249963,0.862566653477286,-0.3202212446800108,14.210533449742602,29.0,8.0,21.0,27.586206896551722,2746.74,3184.3799999999997,-437.6399999999999,579.32,0.0
93,0.07795688921310738,True,53,18,56.0,42.0,13,10,2.7,8,15,1.7000000000000002,3.6,0.017,0.55,4.5,11.942293704299882,1.0702620781516035,0.43264800704592,22.855229306117188,115.0,30.0,85.0,26.08695652173913,18191.479999999996,16997.219999999998,1194.2599999999984,2429.74,0.0,13.984965897700114,1.222590071879238,0.9310752589286663,16.123229014951008,48.0,14.0,34.0,29.166666666666668,7681.240000000001,6282.759999999999,1398.4800000000014,1038.06,0.0
94,-10.0,False,53,16,56.0,38.0,13,10,2.5,10,16,1.7000000000000002,3.8000000000000003,0.016,0.55,4.5,1.743772513350068,1.0157500936968016,0.16530342389040714,20.955367249994993,79.0,19.0,60.0,24.050632911392405,11247.349999999999,11072.949999999999,174.39999999999964,1646.54,0.0,9.860099457000052,1.238169889803037,0.759840205375401,13.30457402959311,35.0,10.0,25.0,28.571428571428573,5125.85,4139.86,985.9900000000007,707.96,0.0
95,-10.0,False,57,17,59.0,41.0,12,9,2.4000000000000004,7,13,1.6,1.3,0.017,0.55,4.5,-17.7546659207003,0.8823022488855008,-0.6097396941520319,29.326303327834374,175.0,80.0,95.0,45.714285714285715,13309.75,15085.249999999998,-1775.4999999999982,2983.82,0.0,-15.550374122049998,0.7190004391013419,-1.481801271850685,23.650511401323033,64.0,27.0,37.0,42.1875,3978.9699999999993,5534.03,-1555.0600000000004,1176.16,0.0
96,-10.0,False,43,19,58.0,44.0,13,8,2.6,14,24,1.7000000000000002,3.7,0.014000000000000002,0.65,4.0,18.45234766659991,1.0946597372164524,0.5904955168619445,17.854783828988385,159.0,41.0,118.0,25.78616352201258,21338.87,19493.609999999993,1845.2600000000057,2354.92,0.0,-22.28650292500006,0.6676166869496746,-1.3730901710794772,36.475645756007744,66.0,12.0,54.0,18.181818181818183,4476.450000000001,6705.119999999998,-2228.6699999999973,794.37,0.0
97,-0.5126776766455632,True,48,20,56.0,42.0,16,7,2.9000000000000004,6,11,1.8,4.0,0.012,0.6000000000000001,3.0,7.782336732250042,1.041306698186964,0.3401270463071392,20.534067337426006,180.0,43.0,137.0,23.88888888888889,19619.020000000004,18840.769999999997,778.2500000000073,2397.32,0.0,31.912834731599926,1.4799877870678286,1.9846233925079226,14.178635774398673,73.0,22.0,51.0,30.136986301369863,9839.98,6648.689999999999,3191.290000000001,1110.19,0.0
98,-10.0,False,37,15,60.0,37.0,18,14,3.1,9,22,2.0,2.8,0.02,0.25,3.5,19.634279313249863,1.1969389525757315,0.8874880059326162,10.910747037102313,120.0,37.0,83.0,30.833333333333332,11933.230000000001,9969.789999999999,1963.4400000000023,1213.44,0.0,-0.22648987325001144,0.991813602015113,0.06086726999885813,13.497899933592702,46.0,16.0,30.0,34.78260869565217,2740.5,2763.120000000001,-22.6200000000008,379.07,0.0
99,-10.0,False,53,19,64.0,42.0,17,8,2.9000000000000004,8,19,0.7,2.3,0.029,0.3,1.0,1.9469765191997612,1.0160278183310814,0.17454998151798515,8.768532318782343,503.0,157.0,346.0,31.21272365805169,12339.16,12144.509999999998,194.65000000000146,1517.1,0.0,-5.925772254900003,0.8803224093047115,-0.9942575828772314,10.514184193341226,227.0,73.0,154.0,32.158590308370044,4358.89,4951.47,-592.5799999999999,656.43,0.0
100,-10.0,False,42,21,61.0,36.0,17,13,3.0,12,15,1.9000000000000001,3.6,0.015,0.7,4.5,39.06288307404988,1.1858342792497496,0.9590820531302167,21.91773024360578,157.0,44.0,113.0,28.02547770700637,24926.45,21020.18,3906.2700000000004,2752.63,0.0,-2.1929461828001147,0.9708569127966229,-0.0028712048661282776,25.548371115684184,63.0,15.0,48.0,23.80952380952381,7306.64,7525.97,-219.32999999999993,1002.5600000000001,0.0
101,0.07762420634621028,True,50,18,57.0,39.0,14,12,2.8,8,13,1.8,3.4000000000000004,0.017,0.55,5.0,38.367659688999794,1.163028435775293,0.9478540183116053,28.219668636305624,128.0,38.0,90.0,29.6875,27371.630000000005,23534.79,3836.840000000004,3509.37,0.0,21.594673630899997,1.3476202510861675,1.306657101402427,16.85587312225806,49.0,16.0,33.0,32.6530612244898,8371.7,6212.21,2159.4900000000007,1074.5,0.0
102,-10.0,False,49,18,59.0,40.0,14,12,2.7,8,13,1.8,3.4000000000000004,0.017,0.55,5.0,59.45173438339998,1.2181659120716368,1.2671655419307775,25.14507844446157,137.0,42.0,95.0,30.656934306569344,33196.020000000004,27250.82,5945.200000000004,3811.82,0.0,-2.769968508900056,0.9585828455229849,-0.035810509298693276,27.123384066700424,54.0,14.0,40.0,25.925925925925927,6411.049999999999,6688.05,-277.0000000000009,981.8,0.0
103,-10.0,False,44,17,56.0,39.0,13,13,2.8,7,17,1.7000000000000002,3.4000000000000004,0.018000000000000002,0.55,4.5,20.21268506829976,1.1109181333434308,0.6294383585381126,29.204927872656107,115.0,31.0,84.0,26.956521739130434,20244.450000000004,18223.17,2021.280000000006,2736.82,0.0,1.4195426391000001,1.0282850060575144,0.21915308548111978,19.08805730037903,40.0,11.0,29.0,27.5,5160.51,5018.56,141.94999999999982,813.06,0.0
104,-10.0,False,39,20,57.0,38.0,14,14,3.0,9,14,1.1,3.6,0.016,0.6000000000000001,4.0,-39.07959246465017,0.870995342892266,-0.6667443449683577,43.5510402884869,304.0,68.0,236.0,22.36842105263158,26385.48,30293.479999999996,-3907.9999999999964,4263.19,0.0,-18.811399370200053,0.8701390149729142,-0.649277632329259,41.64531383925944,127.0,30.0,97.0,23.62204724409449,12604.39,14485.49,-1881.1000000000004,2209.19,0.0
105,-10.0,False,62,19,58.0,41.0,15,15,1.3,8,23,1.6,2.5,0.014000000000000002,0.5,5.0,,,,,,,,,,,,,,,,,,,,,,,,,,
106,-10.0,False,33,16,55.0,41.0,11,13,3.1,10,16,1.9000000000000001,3.5,0.027,0.65,3.0,41.385719119199834,1.237757625721352,1.0144988294652448,20.27224468654211,109.0,29.0,80.0,26.605504587155963,21545.09,17406.55,4138.540000000001,2421.64,0.0,-11.504979220049899,0.7613935680834913,-0.5762286912112741,24.490798041432917,37.0,10.0,27.0,27.027027027027028,3671.12,4821.58,-1150.46,630.91,0.0
107,-10.0,False,59,9,63.0,30.0,12,12,3.2,7,20,1.9000000000000001,2.6,0.013000000000000001,0.25,4.0,-7.1137520065001265,0.8950253007087741,-0.4342751404182353,23.367315320853514,94.0,28.0,66.0,29.78723404255319,6065.13,6776.49,-711.3599999999997,958.12,0.0,14.359858361600017,2.5219981133875295,2.57993725507882,4.419544687997538,24.0,12.0,12.0,50.0,2379.48,943.4899999999999,1435.9900000000002,250.18,0.0
108,0.12362334575517459,True,52,18,60.0,39.0,13,10,3.3000000000000003,6,10,2.0,3.9000000000000004,0.021,0.6000000000000001,4.5,31.492345582399707,1.0967450487901687,0.6941726793014922,27.897427139904607,152.0,38.0,114.0,25.0,35700.850000000006,32551.64,3149.2100000000064,3917.77,0.0,60.476149655649934,1.554607715107407,2.252711331134068,18.354673278146507,67.0,21.0,46.0,31.34328358208955,16951.94,10904.32,6047.619999999999,1699.24,0.0
109,-10.0,False,52,18,60.0,37.0,13,10,3.4000000000000004,9,10,1.8,3.9000000000000004,0.017,0.6000000000000001,3.5,23.976587285449988,1.0747796992045036,0.6048880964274261,21.102886326474213,188.0,46.0,142.0,24.46808510638298,34460.64000000001,32062.979999999996,2397.6600000000108,3558.57,0.0,10.090040138550101,1.095444394100916,0.6361025807640729,18.67768906353024,84.0,21.0,63.0,25.0,11580.830000000002,10571.809999999998,1009.0200000000041,1376.36,0.0
110,0.28326180838690984,True,57,17,58.0,39.0,19,11,2.7,6,11,2.0,3.8000000000000003,0.015,0.6000000000000001,4.5,28.591876868249926,1.2107213081891532,0.8521925770906833,21.687521629275718,101.0,28.0,73.0,27.722772277227723,16427.89,13568.68,2859.209999999999,2089.87,0.0,43.66049999394996,1.9498948073789304,2.710061168386053,10.797927176044698,42.0,15.0,27.0,35.714285714285715,8962.359999999999,4596.33,4366.029999999999,928.89,0.0
111,0.37845678701805446,True,57,17,58.0,39.0,19,11,2.7,5,11,2.0,3.9000000000000004,0.015,0.6000000000000001,4.5,33.58954399844992,1.2467582270251207,0.9521326027094051,21.53047885914063,100.0,28.0,72.0,28.0,16971.059999999998,13612.15,3358.909999999998,2122.06,0.0,46.18724789620002,1.9969306746903694,2.8013631580448966,10.798186882476173,42.0,15.0,27.0,35.714285714285715,9251.660000000002,4632.9400000000005,4618.720000000001,950.1899999999999,0.0
112,-10.0,False,57,17,58.0,39.0,19,11,2.6,5,11,2.0,3.8000000000000003,0.015,0.65,4.5,24.425616140749934,1.1980027626369565,0.7804524087901725,19.97755092273398,93.0,26.0,67.0,27.956989247311828,14778.61,12336.039999999999,2442.5700000000015,2001.67,0.0,28.24201359544999,1.740032963606397,2.0668602662454236,10.774590138060447,36.0,12.0,24.0,33.333333333333336,6640.540000000001,3816.33,2824.210000000001,798.27,0.0
113,-10.0,False,56,18,59.0,40.0,19,10,2.7,6,12,2.0,3.9000000000000004,0.018000000000000002,0.6000000000000001,4.5,-4.059292492950062,0.979504283783422,0.06612446903404606,38.32214015967819,124.0,28.0,96.0,22.580645161290324,19400.149999999998,19806.09,-405.9400000000023,2555.89,0.0,20.722877249250068,1.3010096549800787,1.2287027207603762,21.763244620799203,55.0,15.0,40.0,27.272727272727273,8956.84,6884.53,2072.3100000000004,1147.14,0.0
114,-10.0,False,49,17,57.0,38.0,18,11,2.4000000000000004,5,11,2.0,3.7,0.016,0.6000000000000001,4.5,20.119207360149975,1.19206378451343,0.7011702561460544,23.652142810050286,76.0,21.0,55.0,27.63157894736842,12487.19,10475.27,2011.92,1696.26,0.0,15.167542896799896,1.4541654439726677,1.3536769954799466,13.495985987759902,27.0,9.0,18.0,33.333333333333336,4856.36,3339.6199999999994,1516.7400000000002,658.5,0.0
115,-0.00029768313691624915,True,63,18,58.0,39.0,19,10,2.5,4,10,1.9000000000000001,3.8000000000000003,0.016,0.6000000000000001,5.0,5.269399112499868,1.0332856671850148,0.2707061566746218,34.679376515544284,110.0,28.0,82.0,25.454545454545453,16359.329999999998,15832.34,526.989999999998,2480.19,0.0,5.750883939899941,1.112137123426292,0.5159928706984747,12.588482450650043,45.0,12.0,33.0,26.666666666666668,5703.9400000000005,5128.8099999999995,575.130000000001,1009.96,0.0
116,-10.0,False,65,18,59.0,38.0,19,12,2.8,6,12,1.2000000000000002,4.0,0.021,0.65,4.5,-56.43605769905011,0.8150544442336171,-0.9589854658499801,63.574393560919674,254.0,47.0,207.0,18.503937007874015,24871.149999999998,30514.710000000003,-5643.560000000005,4376.51,0.0,-5.275082179549809,0.9645272371617755,0.033001588231894925,29.591145832296395,109.0,26.0,83.0,23.853211009174313,14343.88,14871.41,-527.5300000000007,2411.01,0.0
117,-10.0,False,59,17,56.0,39.0,14,11,2.7,7,13,1.9000000000000001,3.9000000000000004,0.015,0.6000000000000001,5.0,7.661341058000071,1.0588135947134398,0.35359214376590453,24.976771807179876,85.0,21.0,64.0,24.705882352941178,13792.359999999999,13026.240000000002,766.1199999999972,1986.73,0.0,2.1803923009002935,1.0542146203658573,0.2738336839876266,18.037137463612602,33.0,8.0,25.0,24.242424242424242,4239.25,4021.2400000000002,218.00999999999976,720.37,0.0
118,-10.0,False,68,17,57.0,40.0,18,11,2.8,5,10,2.0,3.8000000000000003,0.019,0.6000000000000001,4.5,8.787429428949926,1.061659988085908,0.36010017834930136,34.10996577951342,84.0,21.0,63.0,25.0,15130.81,14252.029999999997,878.7800000000025,2086.84,0.0,-0.12966130630000408,0.9970330679310959,0.10189026842666025,16.682408350267462,33.0,9.0,24.0,27.272727272727273,4365.27,4378.26,-12.989999999999782,782.96,0.0
119,-10.0,False,54,19,58.0,38.0,20,10,2.9000000000000004,8,14,1.4,3.7,0.03,0.55,3.0,89.94787597545,1.1719002145783308,1.2149231660637336,27.074029511205204,246.0,66.0,180.0,26.829268292682926,61320.71,52325.880000000005,8994.829999999994,6174.55,0.0,-6.856475125600027,0.9392308380874558,-0.06418657489592365,27.45326692307291,102.0,25.0,77.0,24.50980392156863,10597.519999999999,11283.189999999999,-685.6700000000001,1410.38,0.0
120,-10.0,False,72,13,60.0,36.0,13,12,2.9000000000000004,6,13,0.8,3.9000000000000004,0.017,0.6000000000000001,2.5,-48.8625050252002,0.812476637343254,-1.2221581673642807,57.247795045274216,325.0,62.0,263.0,19.076923076923077,21170.329999999994,26056.54,-4886.210000000006,3752.12,0.0,-12.688076280099994,0.8588576863392902,-0.6214002530330585,25.1601880239808,116.0,30.0,86.0,25.862068965517242,7720.83,8989.65,-1268.8199999999997,1502.6,0.0
121,-10.0,False,45,16,61.0,37.0,18,13,3.1,7,15,1.9000000000000001,2.4000000000000004,0.014000000000000002,0.3,4.0,14.653765763799692,1.0976248376028515,0.6511256528563826,18.43158246748736,167.0,58.0,109.0,34.73053892215569,16474.8,15009.5,1465.2999999999993,2024.81,0.0,1.5360640453499945,1.032053984779732,0.2325694170040234,15.880850266553365,66.0,21.0,45.0,31.818181818181817,4944.55,4790.98,153.57000000000062,735.15,0.0
122,-10.0,False,52,16,59.0,39.0,16,12,2.8,8,40,1.9000000000000001,2.5,0.013000000000000001,0.25,4.5,25.047409207399905,1.45152986265217,1.5729816716466392,8.953628860404374,73.0,30.0,43.0,41.0958904109589,8051.969999999999,5547.230000000001,2504.739999999998,822.51,0.0,22.403029835350065,2.2576119905692154,2.7923079388164087,5.587770913788488,31.0,15.0,16.0,48.38709677419355,4021.7100000000005,1781.4,2240.3100000000004,334.46999999999997,0.0
123,0.08074459351723595,True,48,17,58.0,37.0,17,9,3.0,7,12,2.0,2.6,0.014000000000000002,0.65,4.5,10.19283152304999,1.0567222085885477,0.43764024434933685,23.028568803072766,146.0,49.0,97.0,33.56164383561644,18989.520000000004,17970.21,1019.310000000005,2784.29,0.0,11.24677419124986,1.1964300996393424,0.9427379890964566,15.059132766932276,57.0,20.0,37.0,35.08771929824562,6850.34,5725.65,1124.6900000000005,1049.72,0.0
124,-0.0750411948669642,True,50,17,58.0,40.0,18,10,3.0,7,11,2.0,2.6,0.015,0.65,4.5,15.302239550900032,1.0847733784810945,0.5856471312609486,22.51405999150792,136.0,46.0,90.0,33.8235294117647,19580.550000000003,18050.359999999997,1530.190000000006,2799.39,0.0,29.97793228699989,1.5613578441377995,2.087928419902316,12.587769556238415,52.0,21.0,31.0,40.38461538461539,8338.01,5340.23,2997.7800000000007,1084.11,0.0
125,-10.0,False,61,14,57.0,38.0,17,9,2.6,6,12,0.9,2.7,0.016,0.7,4.5,-49.45859198804964,0.8489435873378303,-1.0965635027277918,55.785819158798255,354.0,100.0,254.0,28.24858757062147,27796.06,32741.940000000002,-4945.880000000001,6589.2,0.0,-10.504066907999949,0.9148636294377573,-0.4034270059420775,25.15027671790181,118.0,36.0,82.0,30.508474576271187,11287.990000000002,12338.439999999999,-1050.449999999997,2743.84,0.0
126,-10.0,False,45,10,55.0,27.0,20,9,2.7,8,13,2.0,4.0,0.014000000000000002,0.65,5.0,-17.444911474649928,0.4788740388464365,-1.2788710613498835,20.020106012623224,28.0,4.0,24.0,14.285714285714286,1603.05,3347.54,-1744.49,545.7,0.0,-6.678039081949992,0.42550390998012755,-1.117131399506127,11.594515342480873,9.0,1.0,8.0,11.11111111111111,494.61,1162.4099999999999,-667.7999999999998,178.68,0.0
127,0.12845418850409293,True,56,18,60.0,35.0,19,9,3.3000000000000003,9,12,1.8,2.3,0.018000000000000002,0.4,4.5,27.559260904499787,1.089542244334547,0.7783856782723767,28.25579407884749,204.0,73.0,131.0,35.78431372549019,33534.159999999996,30778.21,2755.949999999997,4167.22,0.0,21.800133628500063,1.258083572872912,1.3712597865084586,14.74647569390003,87.0,32.0,55.0,36.7816091954023,10626.73,8446.76,2179.9699999999993,1359.77,0.0
128,0.03257365917522462,True,57,19,60.0,33.0,19,9,3.3000000000000003,9,10,2.0,2.4000000000000004,0.018000000000000002,0.4,4.5,33.85376645479979,1.1448948653331232,0.9503144234454153,22.089494930922434,164.0,58.0,106.0,35.36585365853659,26749.69,23364.32,3385.369999999999,3088.39,0.0,18.29901686024996,1.2522322597719082,1.2574064867812025,12.226288994255013,70.0,26.0,44.0,37.142857142857146,9084.92,7254.9800000000005,1829.9399999999996,1079.63,0.0
129,-10.0,False,55,18,60.0,35.0,18,9,3.6,6,12,2.0,2.3,0.013000000000000001,0.35,4.5,-11.546768113450216,0.925391930144909,-0.3958421817459147,29.97546016277244,171.0,55.0,116.0,32.16374269005848,14321.929999999998,15476.609999999999,-1154.6800000000003,2119.76,0.0,24.247715855099923,1.3883488925938563,1.9101336014999237,10.488663796458678,79.0,32.0,47.0,40.50632911392405,8668.67,6243.869999999999,2424.800000000001,1144.16,0.0
130,-0.2700664274641995,True,60,11,61.0,34.0,18,8,3.5,9,11,1.9000000000000001,2.1,0.015,0.35,4.5,6.44884270739998,1.0619758942591744,0.378634442492842,20.59281795013145,109.0,40.0,69.0,36.69724770642202,11050.73,10405.819999999998,644.9100000000017,1701.79,0.0,13.643931567900127,1.426541158522289,1.4813237820008371,8.237920292353209,44.0,20.0,24.0,45.45454545454545,4563.120000000001,3198.7299999999996,1364.3900000000012,685.83,0.0
131,-10.0,False,48,18,59.0,36.0,19,10,3.2,8,14,1.8,2.2,0.017,0.65,3.0,13.659307206999802,1.0505093647002441,0.4844913268223065,27.248260738026843,205.0,75.0,130.0,36.58536585365854,28408.41,27042.51,1365.9000000000015,3826.03,0.0,2.4560310708500945,1.0322659467554731,0.28528499849800737,26.19167842344996,83.0,29.0,54.0,34.93975903614458,7857.66,7612.05,245.60999999999967,1204.38,0.0
132,0.07968951264055407,True,41,17,58.0,31.0,21,11,2.9000000000000004,8,12,1.8,2.4000000000000004,0.025,0.6000000000000001,4.5,34.046959339099615,1.0849200396777392,0.7616878064528511,31.919059375693422,192.0,68.0,124.0,35.416666666666664,43497.71,40093.01,3404.699999999997,6072.37,0.0,22.999675213950194,1.2208741197292994,1.11068438798681,19.226551829499865,79.0,29.0,50.0,36.70886075949367,12712.949999999999,10412.990000000002,2299.9599999999973,1791.36,0.0
133,-10.0,False,42,17,58.0,31.0,21,11,3.0,7,12,1.7000000000000002,2.4000000000000004,0.025,0.6000000000000001,4.5,-1.6442747991507893,0.9957299537911559,0.1639542067977981,37.93418979888343,226.0,75.0,151.0,33.1858407079646,38343.35,38507.78,-164.4300000000003,5732.51,0.0,33.32182931649995,1.2604307021849295,1.3539179064125288,22.17220987094492,97.0,36.0,61.0,37.11340206185567,16127.109999999999,12794.92,3332.1899999999987,2346.42,0.0
134,-10.0,False,40,17,60.0,29.0,21,9,2.9000000000000004,9,11,1.8,2.4000000000000004,0.026000000000000002,0.6000000000000001,4.5,-23.558441405400508,0.9413630288201869,-0.23978757290282993,48.968426963167154,225.0,70.0,155.0,31.11111111111111,37820.86,40176.7,-2355.8399999999965,5234.47,0.0,-1.1514726858498943,0.9902000917438217,0.15693611161235774,26.067434467249935,88.0,29.0,59.0,32.95454545454545,11634.96,11750.110000000002,-115.15000000000327,1781.5,0.0
135,-10.0,False,46,20,59.0,33.0,20,10,3.3000000000000003,5,15,1.9000000000000001,2.3,0.028,0.65,4.5,-11.818379498400336,0.9686785361338005,-0.01803166654212601,48.44513123555208,194.0,65.0,129.0,33.50515463917526,36551.37,37733.229999999996,-1181.8599999999933,5051.28,0.0,2.654842460049858,1.0209527011456156,0.31420887693476784,30.401693646044276,85.0,28.0,57.0,32.94117647058823,12936.410000000003,12670.92,265.4900000000034,2122.78,0.0
136,-10.0,False,53,16,59.0,30.0,19,9,3.1,7,10,1.6,2.5,0.023000000000000003,0.35,4.5,-20.655653334400295,0.924535167938736,-0.37706960185365923,35.24761222761074,246.0,73.0,173.0,29.67479674796748,25304.62,27370.1,-2065.4799999999996,3524.79,0.0,33.90955334085018,1.3481729580542219,1.7301169071387834,14.81933990456557,100.0,38.0,62.0,38.0,13130.180000000002,9739.240000000002,3390.9400000000005,1629.01,0.0
137,-10.0,False,38,17,58.0,34.0,17,11,3.2,10,14,1.7000000000000002,2.2,0.024,0.4,4.5,-17.083997253200305,0.9453781566342877,-0.2465915192443844,41.06777268777477,233.0,78.0,155.0,33.47639484978541,29567.08,31275.4,-1708.3199999999997,4186.44,0.0,3.508936525449899,1.036958284625025,0.3387128382447049,35.565220297399975,106.0,38.0,68.0,35.84905660377358,9846.230000000001,9495.300000000001,350.9300000000003,1486.39,0.0
138,-10.0,False,65,20,62.0,31.0,18,10,2.9000000000000004,6,12,2.0,2.6,0.02,0.6000000000000001,3.0,-27.650967646200225,0.8540382179054054,-0.7116971287891168,40.31882472199236,168.0,47.0,121.0,27.976190476190474,16178.9,18944.0,-2765.1000000000004,2328.33,0.0,7.591498005700031,1.0899392104106467,0.5855756486985404,18.10010227651192,72.0,24.0,48.0,33.333333333333336,9199.73,8440.59,759.1399999999994,1229.32,0.0
139,-10.0,False,143,19,61.0,32.0,20,8,3.0,7,14,1.2000000000000002,2.3,0.016,0.3,4.0,-19.520680319300173,0.8935001112919906,-0.5828862453982743,29.531415997214634,262.0,83.0,179.0,31.6793893129771,16377.999999999998,18330.160000000003,-1952.1600000000053,2570.45,0.0,-4.416053743649955,0.9389250690450145,-0.22151841939879183,12.088141126046084,96.0,28.0,68.0,29.166666666666668,6789.17,7230.79,-441.6199999999999,1052.13,0.0
140,-10.0,False,43,21,59.0,37.0,17,9,3.4000000000000004,9,11,1.8,2.7,0.019,0.6000000000000001,4.5,-24.13107059560022,0.9324671842776708,-0.3799779866159056,49.691029322366475,238.0,69.0,169.0,28.991596638655462,33319.020000000004,35732.11,-2413.0899999999965,4503.71,0.0,12.867613975400163,1.0898835748059987,0.7386378989918679,25.83230305608263,97.0,32.0,65.0,32.98969072164948,15602.369999999999,14315.63,1286.7399999999998,2162.24,0.0
141,0.362786671287611,True,51,18,57.0,39.0,13,12,2.8,8,13,1.8,2.5,0.018000000000000002,0.55,5.0,33.760328323299674,1.1598401986248903,1.0025999708784374,29.68170988002078,132.0,49.0,83.0,37.121212121212125,24497.24,21121.219999999998,3376.020000000004,3514.54,0.0,34.085575170400226,1.6329511164755584,2.184251150515262,15.24430461103873,46.0,20.0,26.0,43.47826086956522,8793.85,5385.25,3408.6000000000004,1093.55,0.0
142,-10.0,False,56,18,56.0,37.0,13,11,2.6,8,12,1.9000000000000001,2.5,0.018000000000000002,0.55,5.0,6.540108016950071,1.0562695583565003,0.3413010143732127,23.64160965722919,84.0,28.0,56.0,33.333333333333336,12276.250000000002,11622.27,653.9800000000014,1933.31,0.0,10.088194276950198,1.2316502754324368,0.9581189477631098,13.14993977055342,36.0,14.0,22.0,38.888888888888886,5363.799999999999,4354.97,1008.829999999999,880.77,0.0
143,-10.0,False,48,18,57.0,32.0,19,10,2.8,8,13,1.8,2.6,0.02,0.6000000000000001,4.5,65.58130063400019,1.2068551447177591,1.3635244473348627,25.06755750851778,165.0,61.0,104.0,36.96969696969697,38261.869999999995,31703.78,6558.0899999999965,4970.47,0.0,0.7794453571499617,1.0097283842118798,0.19130793751222921,22.746194926088044,63.0,20.0,43.0,31.746031746031747,8088.51,8010.58,77.93000000000029,1317.67,0.0
144,-0.32806013302646564,True,52,17,58.0,35.0,21,12,3.0,7,16,1.8,2.4000000000000004,0.021,0.4,4.0,3.9808887026496453,1.0211871893393505,0.23638978462997237,22.20146196333507,152.0,53.0,99.0,34.86842105263158,19188.719999999998,18790.6,398.119999999999,2547.23,0.0,47.97269363374997,2.0608546048397978,2.9448296015925925,9.452587703735157,53.0,24.0,29.0,45.283018867924525,9319.37,4522.09,4797.280000000001,914.1,0.0
145,-10.0,False,45,19,57.0,38.0,16,13,2.7,8,18,1.9000000000000001,1.1,0.027,0.55,3.0,-6.757924564750156,0.9345146326786314,-0.23500850148075927,28.672865368103867,109.0,53.0,56.0,48.62385321100918,9643.92,10319.710000000001,-675.7900000000009,1862.0,0.0,-10.202850002299929,0.6900394339496534,-1.1168536650086105,12.151817601747068,38.0,17.0,21.0,44.73684210526316,2271.32,3291.58,-1020.2599999999998,597.92,0.0
146,-10.0,False,41,7,58.0,36.0,17,10,3.1,9,14,1.5,2.5,0.015,0.45,4.5,-7.601291292199985,0.9069199025262359,-0.28978066317502116,22.064108111008785,93.0,28.0,65.0,30.107526881720432,7406.18,8166.3,-760.1199999999999,1546.69,0.0,-10.714335554549997,0.6588237916463671,-1.2495587138068351,15.347146398400035,35.0,10.0,25.0,28.571428571428573,2068.9900000000002,3140.43,-1071.4399999999996,584.35,0.0
147,-10.0,False,58,18,60.0,39.0,18,11,3.3000000000000003,7,15,1.7000000000000002,2.7,0.019,0.6000000000000001,5.0,4.384880805299709,1.012730901107733,0.2602672597786575,29.393491140525125,213.0,66.0,147.0,30.985915492957748,34879.07,34440.61,438.4599999999991,4855.62,0.0,5.271083546699956,1.0499925077151566,0.4175726320920844,29.29460926690699,86.0,27.0,59.0,31.3953488372093,11071.31,10544.18,527.1299999999992,1657.67,0.0
148,0.04409900839825773,True,54,16,63.0,30.0,17,7,2.8,6,10,2.0,2.8,0.016,0.7,4.0,25.25869616409986,1.099202337610312,0.7304437293791282,21.9584928639494,171.0,55.0,116.0,32.16374269005848,27987.78,25461.899999999998,2525.880000000001,3560.97,0.0,16.778094800150047,1.1915555799116786,1.0511819879455626,16.376073275689436,75.0,25.0,50.0,33.333333333333336,10436.74,8758.92,1677.8199999999997,1416.22,0.0
149,-10.0,False,62,17,59.0,40.0,20,8,1.8,9,13,1.0,2.2,0.014000000000000002,0.55,4.5,-3.581110749850086,0.9822526192498139,-0.00021571659921757288,26.007582543353873,198.0,73.0,125.0,36.86868686868687,19825.06,20183.260000000002,-358.2000000000007,3926.87,0.0,-16.302313044549884,0.7473557785440315,-1.550617952356523,20.979660191127245,72.0,22.0,50.0,30.555555555555557,4822.5,6452.750000000001,-1630.250000000001,1273.89,0.0
150,-10.0,False,50,19,57.0,38.0,13,12,2.9000000000000004,10,11,1.1,2.4000000000000004,0.022000000000000002,0.3,3.5,4.814069498049667,1.0182348634042477,0.2598808330105343,22.24457329709789,347.0,111.0,236.0,31.988472622478387,26880.82,26399.43,481.3899999999994,3640.48,0.0,4.931472697450081,1.0505180882722023,0.4509922132196271,13.514134683714193,143.0,51.0,92.0,35.66433566433567,10254.999999999998,9761.85,493.1499999999978,1446.96,0.0
151,-10.0,False,50,18,56.0,39.0,14,12,2.5,8,13,1.8,2.5,0.017,0.55,5.0,21.119781308500006,1.1863722963128995,0.8717925710016051,24.730186981783067,82.0,30.0,52.0,36.58536585365854,13444.220000000001,11332.21,2112.010000000002,2063.66,0.0,14.256257037350222,1.335198617495268,1.235165897034214,14.520008093789016,37.0,15.0,22.0,40.54054054054054,5678.799999999999,4253.150000000001,1425.6499999999987,908.79,0.0
152,-10.0,False,36,18,57.0,38.0,14,13,2.8,8,12,1.8,3.8000000000000003,0.017,0.5,5.0,-6.934255266150248,0.9670333536167945,-0.006434193677781259,34.411193648612304,155.0,36.0,119.0,23.225806451612904,20341.74,21035.200000000004,-693.4600000000028,2923.35,0.0,12.367144408050153,1.1898471655941445,0.7896264733988391,24.0365869059257,56.0,16.0,40.0,28.571428571428573,7750.95,6514.24,1236.71,1062.33,0.0
153,-10.0,False,47,18,56.0,40.0,13,12,2.7,8,13,1.8,3.6,0.018000000000000002,0.6000000000000001,5.0,27.44333301914998,1.1370280456335733,0.7460837590446553,25.071963955537097,112.0,31.0,81.0,27.678571428571427,22771.67,20027.359999999997,2744.3100000000013,2939.83,0.0,0.805488216200065,1.0143461569294627,0.18722046047150046,19.768784521445433,38.0,10.0,28.0,26.31578947368421,5693.879999999999,5613.349999999999,80.52999999999975,888.86,0.0
154,-10.0,False,59,20,72.0,39.0,12,14,2.9000000000000004,7,21,1.9000000000000001,2.3,0.017,0.55,5.0,-24.15044983085,0.8409794248871424,-0.7677620951369135,30.76384493498658,132.0,41.0,91.0,31.060606060606062,12772.19,15187.28,-2415.09,2058.64,0.0,13.29585396055001,1.2745698939164591,1.0963188701787503,14.419114154167564,45.0,18.0,27.0,40.0,6171.990000000001,4842.41,1329.5800000000008,789.13,0.0
155,-10.0,False,51,17,58.0,38.0,12,11,2.7,9,16,0.6,2.6,0.016,0.75,4.5,-62.85754270365044,0.8040277303190311,-1.461385602207646,63.66040232552081,445.0,124.0,321.0,27.865168539325843,25788.900000000005,32074.64,-6285.739999999994,5647.4,0.0,-47.30671403984977,0.7349082909138184,-2.394419192288523,57.30687410847211,183.0,49.0,134.0,26.775956284153004,13114.849999999999,17845.559999999998,-4730.709999999999,3296.27,0.0
156,-10.0,False,55,18,58.0,37.0,13,13,3.0,5,11,1.7000000000000002,4.0,0.019,0.65,3.0,-9.32918294710018,0.961030026066034,-0.05180066638026076,43.552494909866304,161.0,37.0,124.0,22.981366459627328,23006.289999999997,23939.199999999993,-932.9099999999962,3001.6,0.0,43.56242425595001,1.6359601740196794,2.108369382844909,17.694476591780802,59.0,19.0,40.0,32.20338983050848,11206.0,6849.8,4356.2,1161.7,0.0
157,-10.0,False,43,15,60.0,41.0,16,11,2.6,7,32,1.9000000000000001,2.4000000000000004,0.014000000000000002,0.55,4.5,8.441034411199816,1.1062863186788972,0.4670021547057622,12.396855178597976,76.0,28.0,48.0,36.8421052631579,8785.96,7941.85,844.1099999999988,1272.39,0.0,19.016973717700168,1.5737884964109745,1.7665822620244087,15.782433259903438,38.0,16.0,22.0,42.10526315789474,5215.96,3314.2699999999995,1901.6900000000005,610.05,0.0
158,-10.0,False,40,20,61.0,39.0,18,12,2.8,8,17,1.3,2.5,0.025,0.6000000000000001,5.0,21.28057517994941,1.0362143143276352,0.5250963460708025,45.133743572394245,319.0,104.0,215.0,32.60188087774295,60891.87,58763.78,2128.090000000004,9363.53,0.0,12.787637836550166,1.0627076560629563,0.6600757941198333,24.028543380408376,126.0,42.0,84.0,33.333333333333336,21669.98,20391.29,1278.6899999999987,3459.48,0.0
159,-10.0,False,69,16,57.0,37.0,15,10,3.2,6,22,2.0,3.7,0.018000000000000002,0.6000000000000001,4.5,-13.878608805900095,0.8900144706331734,-0.3173633172977746,34.65605413671659,86.0,19.0,67.0,22.093023255813954,11230.79,12618.660000000002,-1387.8700000000008,1727.67,0.0,6.117808055799924,1.1557733927434755,0.5359813365789372,15.012154523641374,31.0,9.0,22.0,29.032258064516128,4539.3,3927.5000000000005,611.7999999999997,682.48,0.0
160,-10.0,False,48,13,59.0,31.0,19,14,3.1,9,10,1.8,3.9000000000000004,0.024,0.5,2.5,63.36538490685012,1.461233696941816,1.4195288814653197,20.03198619558316,107.0,29.0,78.0,27.102803738317757,20074.749999999996,13738.220000000001,6336.529999999995,1732.36,0.0,5.974660576400019,1.1983374774673088,0.5621199350500949,15.897311198663388,35.0,9.0,26.0,25.714285714285715,3609.74,3012.29,597.4499999999998,425.03,0.0
161,-10.0,False,36,16,62.0,36.0,17,13,3.1,8,15,1.9000000000000001,2.6,0.014000000000000002,0.25,4.0,14.926264500899904,1.097971981750002,0.628658910482445,19.892989168082934,190.0,62.0,128.0,32.63157894736842,16727.680000000004,15235.07,1492.6100000000042,1990.68,0.0,-0.0014478362999579986,0.9999760420333309,0.08834376559506182,16.2488411052944,81.0,25.0,56.0,30.864197530864196,5426.039999999999,5426.17,-0.13000000000101863,762.01,0.0
162,-0.16638872407406727,True,32,17,63.0,38.0,17,13,3.0,19,14,2.0,2.5,0.012,0.25,4.0,10.467929994000041,1.0893698111789956,0.5262255499229909,17.30401543642685,150.0,50.0,100.0,33.333333333333336,12759.44,11712.680000000002,1046.7599999999984,1383.8799999999999,0.0,21.246146823250072,1.5198762840182243,1.9535203896544064,10.054069678597214,61.0,25.0,36.0,40.98360655737705,6211.399999999999,4086.78,2124.6199999999985,578.8,0.0
163,-10.0,False,39,15,62.0,21.0,18,12,2.9000000000000004,11,17,1.9000000000000001,2.4000000000000004,0.015,0.25,3.5,17.5182197341499,1.1433301561458125,0.8051818851248411,17.083174436369887,160.0,55.0,105.0,34.375,13974.409999999998,12222.55,1751.8599999999988,1539.39,0.0,1.4684662549499807,1.0365756157580255,0.23820877937133347,11.23080595282077,66.0,21.0,45.0,31.818181818181817,4161.82,4014.97,146.8499999999999,554.22,0.0
164,-0.6036951082735376,True,45,16,64.0,33.0,16,13,3.1,7,15,1.8,2.3,0.013000000000000001,0.25,4.0,3.6670288605497805,1.0246277139666935,0.23528252491860313,16.491712033625998,206.0,70.0,136.0,33.980582524271846,15260.590000000002,14893.79,366.8000000000011,1941.02,0.0,19.91388683394998,1.3940759972612176,1.7332829011861803,9.65127281186749,83.0,31.0,52.0,37.34939759036145,7044.74,5053.339999999999,1991.4000000000005,821.55,0.0
165,-0.5875332965748691,True,53,17,61.0,29.0,17,11,3.2,6,12,1.9000000000000001,2.6,0.015,0.3,4.0,6.917784160349766,1.0373464951825428,0.33882270135777187,25.6946789489781,180.0,58.0,122.0,32.22222222222222,19213.96,18522.22,691.739999999998,2354.35,0.0,22.74583815819995,1.376686523215933,1.7160819402726397,8.987309635543461,81.0,29.0,52.0,35.80246913580247,8312.859999999999,6038.309999999999,2274.55,984.89,0.0
166,-0.2599746391975386,True,56,18,62.0,37.0,13,13,3.3000000000000003,8,19,2.0,2.4000000000000004,0.014000000000000002,0.25,4.5,10.372093621349885,1.0783484284235891,0.49008486323600736,21.581674765531268,147.0,51.0,96.0,34.69387755102041,14275.5,13238.3,1037.2000000000007,1573.77,0.0,23.751186385450055,1.5098291754139674,2.167743872732105,9.256719915132155,69.0,29.0,40.0,42.028985507246375,7033.66,4658.58,2375.08,729.1,0.0
167,0.03713035185018802,True,60,17,79.0,39.0,17,14,2.8,10,13,1.8,3.5,0.016,0.55,4.5,19.127094327249797,1.1034820982721787,0.5988897378077594,22.482958241116812,133.0,36.0,97.0,27.06766917293233,20396.730000000003,18483.97,1912.760000000002,2415.9,0.0,13.608630551300047,1.1932512244616842,0.9303609129086172,13.669131104358524,59.0,18.0,41.0,30.508474576271187,8402.72,7041.87,1360.8499999999995,1057.6200000000001,0.0
168,-10.0,False,49,16,58.0,34.0,18,10,3.0,7,16,1.9000000000000001,3.8000000000000003,0.015,0.35,4.0,32.2727582929498,1.2045969345739411,0.983571861373502,18.19556565813158,137.0,37.0,100.0,27.00729927007299,19001.300000000003,15773.99,3227.310000000003,2029.45,0.0,-1.2689032152499387,0.9675957965703489,-0.017441941701703222,19.686430908335815,44.0,11.0,33.0,25.0,3788.9600000000005,3915.85,-126.88999999999942,579.65,0.0
169,-10.0,False,42,19,60.0,40.0,14,11,2.9000000000000004,4,24,1.7000000000000002,2.5,0.017,0.3,3.5,11.93278275019984,1.0741781825437724,0.519547395950428,16.56726724490194,191.0,64.0,127.0,33.50785340314136,17280.53,16087.209999999997,1193.3200000000015,2138.56,0.0,1.0722516298999654,1.0209732626596513,0.18833149812316569,16.585399830865526,80.0,26.0,54.0,32.5,5219.93,5112.700000000001,107.22999999999956,768.33,0.0
170,-10.0,False,35,14,56.0,38.0,19,9,2.6,6,14,2.0,2.7,0.028,0.6000000000000001,5.0,-12.924851244050151,0.9147382656595311,-0.22477704099480253,26.22270519270304,91.0,27.0,64.0,29.67032967032967,13866.060000000001,15158.5,-1292.4399999999987,2439.95,0.0,18.204334406250055,1.405097177037113,1.2193882701275183,16.8574801666295,31.0,13.0,18.0,41.935483870967744,6314.31,4493.86,1820.4500000000007,966.91,0.0
171,-0.07780303661325977,True,54,15,63.0,30.0,17,8,2.8,13,10,2.0,3.0,0.016,0.7,4.0,65.80543976699981,1.2483329421203544,1.4727101712535464,19.51433617530662,149.0,50.0,99.0,33.557046979865774,33079.3,26498.78,6580.520000000004,3431.36,0.0,13.954812730999947,1.1853968186486232,0.9206658488505802,17.181358266323073,64.0,20.0,44.0,31.25,8922.47,7526.989999999999,1395.4800000000005,1050.62,0.0
172,-0.24831174371273157,True,52,16,63.0,31.0,17,6,2.7,6,11,2.0,2.4000000000000004,0.016,0.7,4.0,5.450451698249545,1.0245669006006624,0.2772666953972146,25.33147182765585,169.0,57.0,112.0,33.72781065088758,22732.239999999998,22187.170000000002,545.0699999999961,3193.48,0.0,10.02281767575003,1.1124174473278061,0.7317219258372606,15.670300803227445,80.0,28.0,52.0,35.0,9917.780000000002,8915.52,1002.260000000002,1521.4,0.0
173,-10.0,False,57,17,63.0,30.0,17,8,2.8,5,10,1.9000000000000001,2.8,0.015,0.75,4.0,-4.2402446147002415,0.980404352000828,0.0174527011491142,38.19224542802268,187.0,56.0,131.0,29.946524064171122,21217.46,21641.54,-424.08000000000175,3168.74,0.0,22.285341599950062,1.2418755087643132,1.3472281040470295,16.155233885226338,83.0,28.0,55.0,33.734939759036145,11442.02,9213.5,2228.5200000000004,1628.92,0.0
174,-0.47610627406289086,True,63,16,59.0,35.0,16,9,3.4000000000000004,6,12,2.0,2.6,0.018000000000000002,0.65,4.5,5.750913783099532,1.0289412449098314,0.2850677963707479,32.47860987847299,125.0,41.0,84.0,32.8,20446.75,19871.639999999996,575.1100000000042,3137.01,0.0,38.9692569797999,1.6023907350899813,2.291973520430231,13.092660725422222,53.0,22.0,31.0,41.509433962264154,10366.09,6469.139999999999,3896.9500000000007,1379.65,0.0
175,-10.0,False,46,18,64.0,29.0,18,7,3.0,7,11,2.0,2.5,0.017,0.65,4.0,-15.19403551960002,0.9392917234548133,-0.2850061954246784,39.410550714665135,182.0,56.0,126.0,30.76923076923077,23507.870000000003,25027.229999999996,-1519.3599999999933,3180.09,0.0,13.226824799349998,1.1212447040404205,0.8292407100298415,20.14230789498984,85.0,29.0,56.0,34.11764705882353,12231.949999999999,10909.26,1322.6899999999987,1632.8,0.0
176,-0.308725039840839,True,53,16,62.0,37.0,17,7,2.7,7,13,1.9000000000000001,3.2,0.014000000000000002,0.6000000000000001,3.0,8.230877251400052,1.0396155504898037,0.3500571407609338,23.601975809476375,175.0,49.0,126.0,28.0,21598.72,20775.679999999997,823.0400000000045,2600.8,0.0,17.89764659120003,1.231553943822507,1.1495514803033229,15.720304022906864,79.0,24.0,55.0,30.379746835443036,9519.210000000001,7729.430000000001,1789.7799999999997,1210.68,0.0
177,-10.0,False,58,17,57.0,39.0,13,7,2.9000000000000004,5,21,1.8,2.3,0.016,0.6000000000000001,4.5,-10.113492658600098,0.9468216171364658,-0.2095571232989453,34.93140391728999,153.0,51.0,102.0,33.333333333333336,18006.359999999997,19017.690000000002,-1011.3300000000054,3042.03,0.0,38.831930631099986,1.7026336026345075,2.6341347138589075,16.0551465970101,57.0,26.0,31.0,45.6140350877193,9409.86,5526.65,3883.210000000001,1300.24,0.0
178,-10.0,False,30,21,58.0,32.0,18,13,3.2,8,12,1.6,2.8,0.03,0.7,4.5,30.326634216149284,1.0464174861554618,0.6158940229609924,43.35360432189469,261.0,80.0,181.0,30.65134099616858,68367.09,65334.43000000001,3032.659999999989,8789.15,0.0,-5.855914003900052,0.9643601225347134,0.11955247323389648,43.95118383549769,113.0,35.0,78.0,30.97345132743363,15844.08,16429.629999999997,-585.5499999999975,2442.12,0.0
179,-0.11367831402479742,True,50,15,61.0,41.0,20,10,2.8,8,10,1.7000000000000002,2.7,0.013000000000000001,0.25,3.0,42.52954103614995,1.2941506020096498,1.7091804858488022,14.994340550867276,208.0,73.0,135.0,35.09615384615385,18711.14,14458.24,4252.9,1912.01,0.0,9.967600978599966,1.2227147804714555,1.1473733818268548,9.090911202192386,89.0,29.0,60.0,32.58426966292135,5472.26,4475.500000000001,996.7599999999993,675.53,0.0
180,-10.0,False,38,19,55.0,28.0,12,12,3.1,6,18,1.9000000000000001,2.4000000000000004,0.015,0.6000000000000001,4.5,-15.770017260050336,0.9002730002902644,-0.49936985089071967,31.607089535640682,138.0,43.0,95.0,31.159420289855074,14236.17,15813.17,-1577.0,2526.61,0.0,-15.541282692099923,0.697859111994183,-1.3004701182360778,25.28851629068285,51.0,14.0,37.0,27.45098039215686,3589.5499999999997,5143.66,-1554.1100000000001,917.32,0.0
181,-0.249048683797511,True,61,17,79.0,39.0,17,14,2.8,10,13,1.8,3.9000000000000004,0.016,0.55,4.5,6.852427764449731,1.0349646353664703,0.30793284840402885,22.408572163645545,134.0,32.0,102.0,23.880597014925375,20285.4,19600.09,685.3100000000013,2414.8,0.0,13.279868371150078,1.1966447951974577,0.9109563649856801,14.994418470098255,56.0,16.0,40.0,28.571428571428573,8081.049999999999,6753.09,1327.9599999999991,974.08,0.0
182,-10.0,False,65,17,69.0,39.0,17,14,2.7,11,14,1.8,3.4000000000000004,0.016,0.5,4.5,1.8121257839999998,1.0099719982898543,0.17452941568203065,26.900771627997987,126.0,32.0,94.0,25.396825396825395,18355.120000000003,18173.890000000003,181.22999999999956,2297.18,0.0,-7.6661065402500395,0.8612297282375535,-0.4754642296907791,22.01483678923299,50.0,13.0,37.0,26.0,4757.7,5524.31,-766.6100000000006,770.72,0.0
183,0.13930965040699045,True,60,17,74.0,40.0,16,15,2.8,10,12,1.8,3.6,0.018000000000000002,0.55,4.5,71.21926228869997,1.3300453596704889,1.495705287009465,24.668456748263733,118.0,35.0,83.0,29.661016949152543,28700.569999999996,21578.64,7121.929999999997,2904.25,0.0,28.481464131000124,1.4143160969535455,1.6215502570721252,13.282576196937345,50.0,17.0,33.0,34.0,9722.320000000002,6874.22,2848.1000000000013,1029.96,0.0
184,-0.088664718541559,True,56,18,76.0,40.0,16,15,3.0,9,11,2.0,3.6,0.018000000000000002,0.55,4.5,54.9242278083498,1.2635631536365632,1.2286367936410807,32.49234539479716,119.0,34.0,85.0,28.571428571428573,26331.620000000003,20839.180000000004,5492.439999999999,2640.4,0.0,14.44845176285,1.2018928061906753,0.9168339795894527,14.64521022152596,51.0,15.0,36.0,29.41176470588235,8601.43,7156.57,1444.8600000000006,966.35,0.0
185,-10.0,False,54,20,71.0,38.0,13,18,2.9000000000000004,10,12,1.8,3.7,0.017,0.55,4.5,45.090085461149904,1.3038608058558687,1.1527255057371895,17.236998171218882,87.0,25.0,62.0,28.735632183908045,19348.16,14839.130000000001,4509.029999999999,1833.3,0.0,24.895962758500026,1.5390249658454414,1.6920344075519222,10.815975323168882,35.0,12.0,23.0,34.285714285714285,7108.3099999999995,4618.710000000001,2489.5999999999985,658.89,0.0
186,-10.0,False,44,17,67.0,30.0,15,11,2.8,9,10,1.9000000000000001,2.5,0.019,0.6000000000000001,5.0,6.363436011949725,1.0224794985842578,0.29705579232961354,29.91248836093476,179.0,59.0,120.0,32.960893854748605,28946.640000000003,28310.24,636.4000000000015,3938.91,0.0,-8.86990745979976,0.9147320578854174,-0.3679029704850349,22.345326042669328,78.0,24.0,54.0,30.76923076923077,9515.61,10402.619999999999,-887.0099999999984,1505.51,0.0
187,0.045772315856039594,True,59,20,65.0,43.0,16,10,2.9000000000000004,11,20,1.9000000000000001,3.3000000000000003,0.018000000000000002,0.5,4.5,18.127351245149875,1.0731964361784816,0.5298953526440584,28.712378001492677,166.0,45.0,121.0,27.10843373493976,26578.3,24765.550000000003,1812.7499999999964,2870.12,0.0,14.134463131350095,1.163833563033996,0.8855673796930388,19.0230198058137,65.0,19.0,46.0,29.23076923076923,10040.59,8627.17,1413.42,1083.48,0.0
188,-10.0,False,67,20,75.0,45.0,15,10,3.1,11,22,1.9000000000000001,3.3000000000000003,0.018000000000000002,0.5,4.5,-27.566460669150327,0.8773885555713204,-0.5564716967198595,38.12374611461352,167.0,39.0,128.0,23.353293413173652,19726.089999999993,22482.73,-2756.6400000000067,2447.09,0.0,46.391755914399965,1.4460276027170071,2.0843668129391397,15.553988563207888,74.0,26.0,48.0,35.13513513513514,15040.35,10401.150000000001,4639.199999999999,1459.34,0.0
189,-10.0,False,59,20,59.0,44.0,18,16,2.9000000000000004,12,20,1.8,3.4000000000000004,0.019,0.55,4.5,98.74154592615007,1.4927412561728763,1.9426463929277829,15.011369648302514,102.0,34.0,68.0,33.333333333333336,29913.46,20039.280000000002,9874.179999999997,2674.73,0.0,12.60844261815004,1.2533180373452486,0.9222025648871899,18.08615993313397,39.0,12.0,27.0,30.76923076923077,6238.19,4977.34,1260.8499999999995,758.96,0.0
190,-10.0,False,63,20,57.0,40.0,16,9,3.3000000000000003,11,19,1.7000000000000002,3.6,0.018000000000000002,0.5,4.5,5.744961188649741,1.0216843878747988,0.28652510079767285,28.161904591918617,176.0,43.0,133.0,24.431818181818183,27070.100000000002,26495.559999999998,574.5400000000045,3015.96,0.0,5.090347531749958,1.058446121273635,0.41494596627865954,20.941962975250007,72.0,19.0,53.0,26.38888888888889,9218.6,8709.560000000001,509.03999999999905,1217.78,0.0
191,0.2454017377960903,True,57,18,60.0,42.0,16,10,2.7,12,20,2.0,3.8000000000000003,0.017,0.55,4.5,30.322764463349994,1.1651233366205673,0.8030640499349542,23.49797821299882,113.0,30.0,83.0,26.548672566371682,21396.29,18363.97,3032.3199999999997,2234.53,0.0,26.65424778984998,1.4259989995221365,1.5388617042017236,13.423205060682896,48.0,14.0,34.0,29.166666666666668,8922.490000000002,6257.009999999999,2665.4800000000023,852.49,0.0
192,-10.0,False,61,18,60.0,43.0,16,10,2.7,11,15,1.9000000000000001,3.7,0.017,0.55,4.5,39.561444382149894,1.1727757379996042,0.9415664229129749,19.545478312513158,131.0,36.0,95.0,27.480916030534353,26853.479999999996,22897.37,3956.109999999997,2904.29,0.0,4.055542704899999,1.0557764595365187,0.37862857652430093,18.152203126058517,61.0,16.0,45.0,26.229508196721312,7676.16,7270.630000000001,405.52999999999884,1063.4,0.0
193,-10.0,False,59,18,65.0,42.0,16,11,2.6,9,22,1.9000000000000001,4.0,0.018000000000000002,0.55,4.5,9.800054667799577,1.0481308477769422,0.3695446844072162,25.99194488815603,124.0,29.0,95.0,23.387096774193548,21341.38,20361.370000000003,980.0099999999984,2434.09,0.0,-14.471810560199938,0.7847981548646709,-0.7164082628954735,20.862577898505617,49.0,10.0,39.0,20.408163265306122,5277.54,6724.709999999999,-1447.1699999999992,818.69,0.0
194,-10.0,False,57,18,73.0,43.0,19,10,3.0,10,20,2.0,3.8000000000000003,0.017,0.55,4.5,-0.8643446933001906,0.9957610761627977,0.13727294237715496,26.70138614399116,140.0,33.0,107.0,23.571428571428573,20300.83,20387.250000000004,-86.42000000000189,2239.1,0.0,-3.337980947399919,0.9576263116799025,-0.02594200160797773,24.528369685812383,62.0,14.0,48.0,22.580645161290324,7542.6,7876.35,-333.75,880.98,0.0
195,0.198342744799746,True,51,19,60.0,43.0,16,9,2.9000000000000004,13,21,1.8,3.8000000000000003,0.02,0.6000000000000001,4.5,64.66211056759977,1.2085580711280406,1.1081757311183467,23.34869066623222,156.0,43.0,113.0,27.564102564102566,37470.920000000006,31004.65,6466.270000000004,3634.11,0.0,35.88664971085003,1.3056114059044392,1.446116132391775,18.654126403170483,73.0,21.0,52.0,28.767123287671232,15331.390000000001,11742.69,3588.7000000000007,1619.79,0.0
196,-10.0,False,48,19,60.0,42.0,15,9,2.6,12,23,1.8,3.9000000000000004,0.02,0.6000000000000001,3.0,37.10692971984996,1.1759955643606435,0.8311689523649033,20.39309609965427,137.0,35.0,102.0,25.547445255474454,24794.420000000002,21083.769999999997,3710.650000000005,2347.97,0.0,-12.938229226049987,0.8327088133603312,-0.5683237718693336,28.4776445314765,64.0,14.0,50.0,21.875,6440.12,7733.9400000000005,-1293.8200000000006,887.5600000000001,0.0
197,-10.0,False,46,18,59.0,44.0,13,9,2.7,14,47,1.8,3.8000000000000003,0.02,0.6000000000000001,4.5,79.03714736649985,1.3586481692483827,1.435604607070063,23.028622389926827,112.0,32.0,80.0,28.571428571428573,29941.440000000002,22037.67,7903.770000000004,2535.11,0.0,1.6464867533499818,1.0201697473391222,0.2544499563593912,24.802271627665114,55.0,13.0,42.0,23.636363636363637,8327.36,8162.72,164.64000000000033,930.33,0.0
198,-0.01833868330006075,True,52,19,60.0,42.0,16,12,3.2,12,21,1.7000000000000002,3.8000000000000003,0.019,0.6000000000000001,4.5,22.972373482549717,1.0705448892849607,0.5779183630516611,24.050293663841174,177.0,44.0,133.0,24.858757062146893,34861.47,32564.230000000003,2297.239999999998,3791.35,0.0,14.710817839150113,1.1486278963097372,0.7750010749233716,25.326958595377132,70.0,18.0,52.0,25.714285714285715,11369.050000000001,9897.94,1471.1100000000006,1241.23,0.0
199,-10.0,False,40,18,58.0,41.0,17,8,2.8,13,19,1.8,3.9000000000000004,0.021,0.6000000000000001,5.0,4.970657968199994,1.0156780573741462,0.2876313948917605,27.69333069520179,170.0,40.0,130.0,23.529411764705884,32205.13,31708.01,497.1200000000026,3668.08,0.0,54.27666476934999,1.5136069130821106,1.8311202171629866,36.11897935863173,70.0,21.0,49.0,30.0,15995.48,10567.79,5427.689999999999,1614.46,0.0
200,-10.0,False,49,19,59.0,39.0,19,12,2.9000000000000004,13,21,1.0,3.7,0.014000000000000002,0.25,4.5,27.22074757304983,1.1012388049543274,0.7265709069994986,24.60978959774295,283.0,72.0,211.0,25.441696113074205,29610.12,26888.009999999995,2722.110000000004,3303.28,0.0,-13.299982676450037,0.8649554772614205,-0.7418548436055279,24.86756179304117,130.0,30.0,100.0,23.076923076923077,8518.860000000002,9848.899999999998,-1330.0399999999954,1204.68,0.0
201,-10.0,False,55,20,61.0,43.0,16,10,2.9000000000000004,12,20,1.4,3.2,0.018000000000000002,0.55,4.5,79.08434476755025,1.1887218791506848,1.2684113549483422,20.77537122961778,236.0,71.0,165.0,30.084745762711865,49814.270000000004,41905.73999999999,7908.530000000013,5383.54,0.0,4.034980231850059,1.0280766265180976,0.3637151094267421,25.50337785215655,109.0,31.0,78.0,28.440366972477065,14773.42,14369.96,403.46000000000095,1983.26,0.0
202,-0.0734207161290346,True,51,20,61.0,43.0,16,9,3.0,13,18,1.9000000000000001,3.9000000000000004,0.005,0.45,4.5,9.682790807649981,1.1391736796337686,0.6559847950429953,9.543221706113453,158.0,40.0,118.0,25.31645569620253,7925.63,6957.35,968.2799999999997,866.68,0.0,5.494423303500043,1.2047077758776785,0.9050914996600837,6.57610627806255,65.0,17.0,48.0,26.153846153846153,3233.52,2684.0699999999997,549.4500000000003,349.08,0.0
203,-10.0,False,42,18,60.0,42.0,16,10,2.8,8,20,1.8,3.5,0.018000000000000002,0.55,4.5,64.55306800304963,1.218155691957685,1.224144354147886,20.233632820421526,165.0,48.0,117.0,29.09090909090909,36045.97,29590.610000000004,6455.359999999997,4052.71,0.0,1.604463010800191,1.0176709543394789,0.25310851045357674,27.554813024991926,75.0,19.0,56.0,25.333333333333332,9239.17,9078.74,160.4300000000003,1339.33,0.0
204,0.06056546031138957,True,55,17,58.0,43.0,15,11,3.1,9,21,1.9000000000000001,3.6,0.017,0.35,4.5,22.40850922394982,1.1374601497883345,0.7090972928037382,18.950520042577264,122.0,33.0,89.0,27.049180327868854,18542.5,16301.67,2240.83,1981.07,0.0,14.684192334500057,1.3516273790480933,1.0826929781503147,18.324242093615982,42.0,13.0,29.0,30.952380952380953,5644.450000000001,4176.040000000001,1468.4099999999999,592.16,0.0
205,-10.0,False,56,17,58.0,44.0,15,17,3.1,9,22,0.9,3.7,0.017,0.35,4.5,-2.2770158424001603,0.9910490961029936,0.10897872691555612,31.33151248436668,235.0,57.0,178.0,24.25531914893617,25207.750000000004,25435.42,-227.66999999999462,3615.11,0.0,-4.309634446199798,0.9484111688616389,-0.11320086758262252,23.015274954463585,96.0,26.0,70.0,27.083333333333332,7922.969999999998,8353.939999999999,-430.97000000000025,1324.91,0.0
206,-10.0,False,129,17,57.0,38.0,14,11,3.1,9,21,2.0,3.6,0.023000000000000003,0.35,3.0,0.8519094059500094,1.0266603673818024,0.1103421850045696,13.563935400784608,41.0,10.0,31.0,24.390243902439025,3281.34,3196.13,85.21000000000004,425.78000000000003,0.0,1.6083274225499555,1.1286429508301608,0.25493837103519007,11.21248552265696,17.0,5.0,12.0,29.41176470588235,1411.2099999999998,1250.3600000000001,160.84999999999968,176.49,0.0
207,0.034007972952659726,True,51,17,59.0,37.0,15,11,3.2,8,13,1.9000000000000001,2.3,0.017,0.4,4.5,15.855261457299893,1.0696843131403388,0.5799345956349063,35.898441554342526,166.0,59.0,107.0,35.54216867469879,24338.11,22752.609999999997,1585.5000000000036,3172.37,0.0,22.122096437949967,1.3619076286824852,1.5775825655806675,17.63637151985752,67.0,26.0,41.0,38.80597014925373,8324.960000000001,6112.72,2212.2400000000007,1076.52,0.0
208,-10.0,False,47,17,58.0,39.0,13,13,3.0,8,12,2.0,3.8000000000000003,0.014000000000000002,0.3,5.0,-2.4287720589002677,0.9807072167241188,0.019711587069173142,23.192347306331058,114.0,26.0,88.0,22.80701754385965,12347.300000000001,12590.2,-242.89999999999964,1569.94,0.0,21.33173220790002,1.5682376978217958,1.8967459143257441,13.831269841637962,40.0,13.0,27.0,32.5,5887.179999999999,3754.0099999999998,2133.1699999999996,570.56,0.0
209,-10.0,False,93,18,59.0,40.0,14,11,2.7,9,16,1.8,2.4000000000000004,0.019,0.6000000000000001,4.5,9.733487439599632,1.0869822823633286,0.42545090742437647,24.109104588219072,81.0,29.0,52.0,35.80246913580247,12163.310000000001,11189.980000000001,973.3299999999999,1704.18,0.0,15.789260574149994,1.380088155782003,1.3001683706810927,17.78379141830565,36.0,15.0,21.0,41.666666666666664,5732.899999999999,4154.01,1578.8899999999985,778.72,0.0
210,-10.0,False,44,18,57.0,38.0,14,8,3.3000000000000003,8,14,1.9000000000000001,3.5,0.015,0.3,4.5,-1.681664583150323,0.990127022140828,0.07233190767693679,17.300877731908248,165.0,39.0,126.0,23.636363636363637,16868.2,17036.399999999998,-168.1999999999971,1953.38,0.0,12.009329523550113,1.187066373818091,0.8589363424392167,15.950219896191156,68.0,19.0,49.0,27.941176470588236,7620.61,6419.7,1200.9099999999999,904.75,0.0
211,-0.11525090369647373,True,59,21,58.0,43.0,17,10,2.9000000000000004,12,20,1.9000000000000001,3.5,0.017,0.4,4.5,79.96356261074988,1.3621575621650803,1.6385546287610142,22.04094632544854,143.0,43.0,100.0,30.06993006993007,30076.33,22079.920000000002,7996.41,2742.63,0.0,9.293670065550067,1.1549164301061643,0.6971968320814245,17.70225603045643,53.0,14.0,39.0,26.41509433962264,6928.539999999999,5999.170000000001,929.3699999999981,759.83,0.0
212,-0.0722681979962409,True,62,19,60.0,43.0,16,10,2.9000000000000004,10,21,1.9000000000000001,3.6,0.018000000000000002,0.45,4.5,92.18508475054979,1.352836259167712,1.666352474963275,18.354039935643275,150.0,45.0,105.0,30.0,35345.579999999994,26127.019999999997,9218.559999999998,3293.62,0.0,12.204752810750144,1.1704340273171467,0.793288118186751,16.11349918214992,60.0,17.0,43.0,28.333333333333332,8381.560000000001,7161.070000000001,1220.4900000000007,1009.58,0.0
213,-0.4015623461329523,True,54,20,61.0,44.0,16,11,3.1,9,21,2.0,2.5,0.026000000000000002,0.25,4.5,4.875094832299965,1.0301562334737593,0.26246550670969654,29.943976326281724,136.0,45.0,91.0,33.088235294117645,16655.02,16167.470000000001,487.5499999999993,1683.1,0.0,45.80609646485011,1.7550389334669572,2.765520942754757,13.584337634563834,66.0,28.0,38.0,42.42424242424242,10647.4,6066.760000000001,4580.6399999999985,861.9,0.0
214,-10.0,False,57,17,59.0,42.0,17,9,2.8,11,22,1.8,2.6,0.018000000000000002,0.55,4.5,-1.1637810756000908,0.9938084217806508,0.0965771025706384,20.87705093506004,144.0,46.0,98.0,31.944444444444443,18680.120000000006,18796.500000000004,-116.37999999999738,2516.21,0.0,18.20877508965006,1.2673866052653224,1.2308157093357615,22.651574378384314,59.0,22.0,37.0,37.28813559322034,8630.7,6809.839999999998,1820.8600000000024,1124.69,0.0
215,-10.0,False,52,20,58.0,39.0,15,10,3.0,14,18,1.9000000000000001,2.4000000000000004,0.022000000000000002,0.4,4.5,62.982620907199895,1.2176923746939332,1.366147513092394,20.05015696414506,157.0,58.0,99.0,36.94267515923567,35229.740000000005,28931.559999999998,6298.180000000008,3538.08,0.0,4.8394442791000625,1.0744877667368526,0.43060505020348466,26.0362122777,59.0,21.0,38.0,35.59322033898305,6980.99,6497.039999999999,483.9500000000007,876.0,0.0
216,-10.0,False,65,18,62.0,36.0,18,13,2.7,7,23,2.0,2.5,0.019,0.6000000000000001,2.0,-19.488194449600005,0.79451804910453,-0.8709962055828362,24.499206716766366,101.0,28.0,73.0,27.722772277227723,7535.089999999999,9483.850000000002,-1948.760000000003,1056.86,0.0,22.513969848850046,1.7629045539105894,2.184819989510733,10.037924561917992,41.0,18.0,23.0,43.90243902439025,5202.490000000001,2951.0899999999997,2251.400000000001,515.74,0.0
217,-10.0,False,60,17,56.0,42.0,17,11,3.2,11,12,1.7000000000000002,4.0,0.017,0.6000000000000001,3.5,45.3997506935001,1.2231231281410615,1.0783129408988459,22.94468045464267,123.0,32.0,91.0,26.016260162601625,24887.4,20347.420000000002,4539.98,2705.92,0.0,-12.0296502700999,0.7973972342034483,-0.6271382901507595,24.250233186900005,52.0,11.0,41.0,21.153846153846153,4734.570000000001,5937.53,-1202.9599999999991,806.71,0.0
218,-0.017498477823748804,True,37,19,60.0,38.0,14,12,3.4000000000000004,8,19,1.8,3.8000000000000003,0.015,0.55,3.0,15.677103287249702,1.0666568306350148,0.49398303575843266,20.88186803949584,206.0,50.0,156.0,24.271844660194176,25086.67,23518.97,1567.699999999997,2832.22,0.0,24.341925017550057,1.276649451963249,1.3453467620569384,23.16161611112667,87.0,24.0,63.0,27.586206896551722,11232.83,8798.68,2434.1499999999996,1250.33,0.0
219,-10.0,False,55,17,57.0,40.0,13,10,2.8,15,35,1.8,3.7,0.016,0.25,5.0,14.568799234049893,1.1499588794204623,0.5809107037821784,15.052444374168294,91.0,23.0,68.0,25.274725274725274,11172.230000000001,9715.330000000002,1456.8999999999996,1114.93,0.0,3.5996547196000575,1.1054171437943143,0.38426561380786745,18.145569597466306,36.0,9.0,27.0,25.0,3774.48,3414.5299999999997,359.9500000000003,409.90999999999997,0.0
220,-10.0,False,33,11,59.0,43.0,16,9,3.0,10,17,1.9000000000000001,2.3,0.014000000000000002,0.35,4.5,2.6657078739000464,1.0216072997480945,0.19653608524868993,17.574586354347936,133.0,45.0,88.0,33.83458646616541,12604.55,12337.96,266.59000000000015,1973.26,0.0,0.16477570799990643,1.0057170213208817,0.0901681237377866,10.074983206201559,35.0,12.0,23.0,34.285714285714285,2899.1,2882.62,16.480000000000018,512.46,0.0
221,-0.19269188795564718,True,50,16,62.0,30.0,17,8,2.8,6,11,2.0,2.6,0.016,0.65,4.0,15.165043742199869,1.0670879636183466,0.5339579982058847,24.651663329938795,161.0,53.0,108.0,32.91925465838509,24121.31,22604.8,1516.510000000002,3259.91,0.0,33.77818947529997,1.4151019680854333,1.9519177669325685,15.508326894057642,71.0,27.0,44.0,38.028169014084504,11515.18,8137.349999999999,3377.830000000001,1506.74,0.0
222,0.2506043857402212,True,54,16,58.0,31.0,17,7,2.9000000000000004,7,11,2.0,2.4000000000000004,0.017,0.6000000000000001,4.0,22.24157072939983,1.132481233999311,0.7964421418165475,18.013128545282303,123.0,45.0,78.0,36.58536585365854,19012.479999999996,16788.34,2224.139999999996,2711.66,0.0,23.631767426700005,1.4951047866868636,1.7864423197900197,15.807710846006811,44.0,19.0,25.0,43.18181818181818,7136.18,4773.03,2363.1500000000005,941.58,0.0
223,-10.0,False,58,17,58.0,38.0,17,15,2.9000000000000004,7,11,2.0,2.4000000000000004,0.029,0.6000000000000001,4.0,14.455541219849765,1.1138936316226138,0.5522545753367782,26.78965849586543,74.0,26.0,48.0,35.13513513513514,14137.460000000001,12691.93,1445.5300000000007,1924.96,0.0,33.16551488640003,2.311829062804072,2.4337298321327596,13.444864747899999,25.0,12.0,13.0,48.0,5844.719999999999,2528.1800000000003,3316.539999999999,628.6,0.0
224,-0.18813004093572394,True,54,20,58.0,32.0,18,11,2.9000000000000004,7,12,2.0,2.5,0.017,0.6000000000000001,4.0,7.6556550453497945,1.0390397679582013,0.34570855376525383,31.670256398608878,141.0,47.0,94.0,33.333333333333336,20375.84,19610.260000000002,765.5799999999981,2916.07,0.0,13.467648299400134,1.230458977456681,1.0812590967941669,17.360521453498688,53.0,20.0,33.0,37.735849056603776,7190.63,5843.860000000001,1346.7699999999995,1035.95,0.0
225,-10.0,False,48,18,59.0,37.0,17,10,3.0,7,13,2.0,3.3000000000000003,0.017,0.6000000000000001,4.0,17.41038926734971,1.0724662534807927,0.5337579875931191,35.1232666389284,146.0,41.0,105.0,28.08219178082192,25765.68,24024.7,1740.9799999999996,3083.9,0.0,6.577987210899865,1.093686574838308,0.5104617618467775,27.167464490661224,60.0,17.0,43.0,28.333333333333332,7678.85,7021.070000000001,657.7799999999997,1057.73,0.0
226,-10.0,False,57,16,57.0,31.0,18,13,2.7,8,11,1.9000000000000001,2.2,0.018000000000000002,0.6000000000000001,4.5,-0.42319298365004215,0.9959378708337012,0.06507393894276713,21.313939680008005,80.0,28.0,52.0,35.0,10373.41,10415.720000000001,-42.31000000000131,1859.31,0.0,-4.821448790699906,0.8535598656356491,-0.5568735080768757,12.761722224241364,28.0,9.0,19.0,32.142857142857146,2810.38,3292.54,-482.15999999999985,647.76,0.0
227,-10.0,False,52,10,60.0,33.0,19,12,3.1,13,13,0.7,2.3,0.02,0.6000000000000001,4.0,-66.26327201945087,0.8484538699562951,-1.564550482508675,71.96438574878374,468.0,141.0,327.0,30.128205128205128,37098.899999999994,43725.3,-6626.400000000009,7885.74,0.0,-19.41779065920009,0.8782926116883719,-0.7617429858413595,26.04756075202556,153.0,51.0,102.0,33.333333333333336,14012.860000000002,15954.660000000003,-1941.800000000001,3094.13,0.0
228,-10.0,False,61,15,67.0,44.0,21,6,2.9000000000000004,9,22,2.0,2.4000000000000004,0.018000000000000002,0.55,4.5,-6.838001660300325,0.9708849688653922,-0.03822461303067369,36.202924719725836,172.0,56.0,116.0,32.55813953488372,22801.35,23485.12,-683.7700000000004,2896.06,0.0,25.94479760335002,1.259783341160073,1.45268325851175,15.001445279413577,79.0,31.0,48.0,39.24050632911393,12581.619999999999,9987.13,2594.49,1504.8,0.0
229,-10.0,False,41,14,58.0,39.0,16,9,3.0,7,14,1.8,2.5,0.013000000000000001,0.6000000000000001,4.5,8.788396226399836,1.04318631764999,0.3912110429433684,23.329389984596148,173.0,59.0,114.0,34.104046242774565,21229.770000000004,20350.89,878.8800000000047,3432.52,0.0,1.023746665250019,1.0191106945201693,0.18572581462532475,13.02232569970252,58.0,19.0,39.0,32.758620689655174,5457.989999999999,5355.639999999999,102.34999999999945,964.29,0.0
230,-0.05693277469832336,True,55,17,59.0,41.0,17,10,2.6,8,12,1.9000000000000001,2.4000000000000004,0.015,0.55,3.5,11.42044605039986,1.0709729343401388,0.5086614049095161,23.73405840034217,134.0,46.0,88.0,34.32835820895522,17232.490000000005,16090.5,1141.9900000000052,2408.9900000000002,0.0,18.949418627900013,1.391594922896974,1.6597158861589818,11.978362045166085,55.0,22.0,33.0,40.0,6733.9,4838.9800000000005,1894.9199999999992,896.6999999999999,0.0
231,0.01092904163171507,True,53,16,62.0,31.0,17,7,2.8,5,10,2.0,2.5,0.016,0.65,4.0,16.213144446949702,1.0687176674722159,0.5620846948373533,27.462051102230937,167.0,57.0,110.0,34.131736526946106,25216.03,23594.660000000007,1621.3699999999917,3516.92,0.0,24.52438621729998,1.2864452965766635,1.5514352272591472,14.177875035665377,75.0,29.0,46.0,38.666666666666664,11013.940000000002,8561.53,2452.4100000000017,1553.7,0.0
232,-0.23301434586194175,True,58,16,65.0,38.0,17,7,2.7,6,10,2.0,2.6,0.017,0.6000000000000001,4.0,13.113304307749676,1.0576310576864336,0.46298573799502346,27.358357986905666,172.0,56.0,116.0,32.55813953488372,24064.839999999997,22753.53,1311.3099999999977,3151.85,0.0,28.169777427699955,1.2648354561761752,1.5756278797808723,16.555487295350133,83.0,30.0,53.0,36.144578313253014,13453.650000000001,10636.680000000002,2816.9699999999993,1743.38,0.0
233,-0.05677761765802197,True,50,15,61.0,30.0,17,7,2.8,6,11,2.0,3.9000000000000004,0.016,0.25,4.0,16.02572122269992,1.1114626556738088,0.5813403298178871,17.881101006201945,144.0,35.0,109.0,24.305555555555557,15980.41,14377.82,1602.5900000000001,1587.63,0.0,33.295133390449884,1.7797833596814798,2.459163714315199,9.371765275406862,61.0,20.0,41.0,32.78688524590164,7599.2300000000005,4269.750000000001,3329.4799999999996,662.04,0.0
234,0.04776891969618805,True,45,16,63.0,29.0,16,13,2.9000000000000004,7,20,1.9000000000000001,2.5,0.016,0.5,4.0,8.166315863699893,1.0474724109485352,0.3737703442680543,23.45814323823624,141.0,48.0,93.0,34.04255319148936,18018.17,17201.570000000003,816.5999999999949,2454.93,0.0,8.864260098450195,1.1574113698715274,0.7859457726545329,23.05540149408862,57.0,20.0,37.0,35.08771929824562,6518.02,5631.55,886.4700000000003,934.52,0.0
235,-10.0,False,45,17,56.0,29.0,16,13,2.9000000000000004,7,22,1.9000000000000001,2.5,0.015,0.5,4.0,27.027861429199856,1.242683515934913,1.1588608781407417,10.341939904583368,97.0,37.0,60.0,38.144329896907216,13839.989999999998,11137.180000000002,2702.809999999996,1900.6,0.0,0.7551813133500036,1.0263674467341952,0.15907761642956855,13.575674264726874,30.0,10.0,20.0,33.333333333333336,2938.4900000000002,2862.9999999999995,75.49000000000069,490.51,0.0
236,-10.0,False,43,18,63.0,27.0,16,13,3.1,7,20,1.9000000000000001,2.4000000000000004,0.017,0.5,4.5,-7.724752336250348,0.9626325146029097,-0.10909219785774764,24.31998796862968,168.0,55.0,113.0,32.73809523809524,19899.78,20672.25,-772.4700000000012,2850.01,0.0,29.033367714650034,1.3914016474109225,1.7782303935608597,15.135540265570322,66.0,26.0,40.0,39.39393939393939,10321.0,7417.7,2903.3,1237.85,0.0
237,-0.1615623400970189,True,39,20,58.0,28.0,15,14,2.9000000000000004,8,20,1.9000000000000001,2.5,0.018000000000000002,0.35,4.5,15.436828964649777,1.1057543961569762,0.629154371796406,26.363215790569498,122.0,42.0,80.0,34.42622950819672,16140.52,14596.840000000002,1543.6799999999985,2004.24,0.0,5.746056511750048,1.1415058328674756,0.623626110804265,17.745303860808413,47.0,17.0,30.0,36.170212765957444,4635.21,4060.61,574.5999999999999,661.86,0.0
238,-10.0,False,46,16,57.0,36.0,13,13,3.0,8,19,1.1,3.9000000000000004,0.016,0.45,4.5,-18.84896273845041,0.9406113820543933,-0.20908557505564973,38.50712935660903,277.0,61.0,216.0,22.021660649819495,29853.980000000003,31738.91,-1884.9299999999967,4584.74,0.0,-30.520789041449937,0.6982192471597932,-1.5764531669792545,39.26120004938316,104.0,19.0,85.0,18.26923076923077,7061.579999999999,10113.699999999997,-3052.119999999998,1504.04,0.0
239,0.008611615623397129,True,49,12,64.0,43.0,16,12,2.8,16,20,1.8,3.6,0.015,0.55,4.5,95.77454287234998,1.5255869852132138,2.076504510233068,14.767748171766343,117.0,39.0,78.0,33.333333333333336,27799.780000000002,18222.35,9577.430000000004,2642.02,0.0,15.21718172335004,1.3257121086292067,1.0828374612804095,17.17402790380586,40.0,12.0,28.0,30.0,6193.779999999999,4672.04,1521.7399999999989,689.47,0.0
240,-0.10063457790924946,True,41,19,60.0,39.0,18,19,3.3000000000000003,12,21,1.8,2.6,0.014000000000000002,0.6000000000000001,3.0,25.073412470849888,1.1644215951789219,0.9184379983374642,16.54027573493215,139.0,48.0,91.0,34.53237410071942,17757.08,15249.699999999999,2507.380000000003,2159.42,0.0,9.55547987099997,1.2015898331687804,0.9205349163628633,12.816664509778125,53.0,19.0,34.0,35.84905660377358,5695.679999999999,4740.12,955.5599999999995,777.74,0.0
241,-10.0,False,54,16,63.0,29.0,17,13,2.8,6,11,2.0,2.5,0.016,0.7,4.0,24.19210989734982,1.142149944238333,0.8224828065286031,17.610461389373466,125.0,45.0,80.0,36.0,19438.089999999997,17018.86,2419.229999999996,2724.19,0.0,0.5190379237499838,1.0087008545003293,0.14611218361413061,19.697791125060384,52.0,17.0,35.0,32.69230769230769,6019.15,5967.23,51.92000000000007,1000.16,0.0
242,-10.0,False,56,16,63.0,31.0,16,7,2.8,7,12,2.0,2.4000000000000004,0.017,0.6000000000000001,4.0,-13.971723935000336,0.9334310702333484,-0.2994528336861658,32.79174514216067,174.0,55.0,119.0,31.60919540229885,19591.149999999998,20988.320000000007,-1397.1700000000092,2894.13,0.0,7.605873287849954,1.0860634960869429,0.5864490582939251,15.104411048369071,80.0,28.0,52.0,35.0,9597.630000000001,8837.08,760.5500000000011,1464.78,0.0
243,-0.2744200351481161,True,52,15,61.0,30.0,17,6,2.9000000000000004,6,13,1.9000000000000001,3.1,0.016,0.3,4.0,6.042170672549855,1.0310468297475681,0.2955326207790934,24.903042695471907,176.0,49.0,127.0,27.84090909090909,20064.46,19460.279999999995,604.1800000000039,2270.32,0.0,12.079464753999982,1.233260663452199,0.950394652050048,14.207853934295475,69.0,21.0,48.0,30.434782608695652,6386.65,5178.67,1207.9799999999996,806.92,0.0
244,-0.04820156038774426,True,63,17,64.0,29.0,16,9,2.7,9,10,2.0,3.4000000000000004,0.025,0.55,4.0,46.11077637259996,1.1360141943552953,0.8779626324719103,30.675032744426144,149.0,41.0,108.0,27.516778523489933,38511.79,33900.8,4610.989999999998,3951.11,0.0,19.017096227149942,1.1707631357294355,0.9518396724788278,23.531896369241622,66.0,20.0,46.0,30.303030303030305,13038.11,11136.42,1901.6900000000005,1393.53,0.0
245,0.30450878990458247,True,60,16,62.0,30.0,17,11,2.9000000000000004,10,11,1.9000000000000001,2.6,0.028,0.45,4.0,66.20458414364985,1.204283510244384,1.3092367509943386,34.36490087373428,156.0,54.0,102.0,34.61538461538461,39028.42,32408.0,6620.419999999998,4174.62,0.0,44.21155624245002,1.5129194529651167,2.101235955495689,14.884056313032417,68.0,25.0,43.0,36.76470588235294,13040.7,8619.56,4421.140000000001,1355.14,0.0
246,0.42495872222888076,True,60,16,62.0,35.0,18,11,2.9000000000000004,10,12,1.9000000000000001,2.6,0.03,0.5,4.5,110.77303724359962,1.2336367129877455,1.6181624018270961,38.7534136172362,157.0,57.0,100.0,36.30573248407644,58489.85,47412.53999999999,11077.310000000005,6316.62,0.0,64.18240588474994,1.540451123261049,2.3193444350811094,14.74430393180689,73.0,27.0,46.0,36.986301369863014,18293.920000000006,11875.689999999999,6418.230000000007,1893.8799999999999,0.0
247,0.037436402368619115,True,63,16,62.0,35.0,18,11,3.0,10,12,1.8,2.6,0.029,0.45,4.0,24.062394848549904,1.0750534525430313,0.6228147524756246,39.85264741940183,176.0,58.0,118.0,32.95454545454545,34467.450000000004,32061.149999999998,2406.3000000000065,3872.13,0.0,39.23236266470005,1.3739730140649058,1.773238204521196,13.024702366853317,81.0,28.0,53.0,34.5679012345679,14413.870000000003,10490.65,3923.220000000003,1580.63,0.0
248,-0.0016723904869377915,True,60,16,61.0,34.0,18,11,3.1,10,15,1.9000000000000001,2.7,0.029,0.4,4.5,89.45029917539999,1.2623608058317974,1.593349661864319,38.2068337239599,149.0,54.0,95.0,36.241610738255034,43039.509999999995,34094.46000000001,8945.049999999988,4309.73,0.0,22.032075240699886,1.2891904059980233,1.2539641533186436,14.881820282326908,63.0,21.0,42.0,33.333333333333336,9821.71,7618.509999999999,2203.2,1152.97,0.0
249,0.3693482122810601,True,47,16,62.0,33.0,18,11,3.2,10,11,1.9000000000000001,2.6,0.03,0.45,3.5,44.12878792344982,1.1218128919706736,0.9302532466319915,31.884280753432787,184.0,59.0,125.0,32.06521739130435,40640.13999999999,36227.200000000004,4412.939999999988,4105.3,0.0,53.83142843144989,1.5175106253911517,2.2496310999483358,14.435244176633288,83.0,30.0,53.0,36.144578313253014,15785.099999999999,10401.970000000001,5383.129999999997,1519.64,0.0
250,0.3449654375385507,True,48,15,62.0,32.0,18,11,3.2,10,11,1.9000000000000001,2.6,0.03,0.45,3.5,76.85539228424979,1.2019876182536668,1.3795986068421178,27.98229770927827,175.0,60.0,115.0,34.285714285714285,45735.1,38049.560000000005,7685.539999999994,4465.13,0.0,48.32147457594971,1.505847068614468,2.1244725943522744,13.504019111558833,78.0,28.0,50.0,35.8974358974359,14384.829999999998,9552.65,4832.1799999999985,1405.91,0.0
251,0.1745756589632686,True,47,15,62.0,32.0,18,11,3.2,10,11,1.7000000000000002,2.7,0.029,0.45,3.5,49.158951496199535,1.106998966098928,0.9496558688027394,40.65863186487702,236.0,76.0,160.0,32.20338983050848,50858.299999999996,45942.5,4915.799999999996,5254.84,0.0,35.088571930899946,1.2930746756338234,1.5571930923971118,19.13671592232016,100.0,34.0,66.0,34.0,15481.44,11972.58,3508.8600000000006,1706.26,0.0
252,0.2630388283059592,True,47,15,61.0,32.0,18,11,3.2,10,11,1.7000000000000002,2.7,0.03,0.45,3.5,36.85789873614951,1.08691289704076,0.8013310895482721,46.6914526214533,230.0,74.0,156.0,32.17391304347826,46092.9,42407.17,3685.730000000003,4908.21,0.0,38.36763113039984,1.3474871688977887,1.7044336532935391,16.90655128001769,93.0,32.0,61.0,34.40860215053763,14878.32,11041.529999999999,3836.790000000001,1611.93,0.0
253,0.17051377506898183,True,47,15,62.0,32.0,18,11,3.3000000000000003,10,11,1.6,2.7,0.03,0.45,3.5,27.039889358849795,1.0566897388886964,0.6231430529776792,35.21064696524922,272.0,82.0,190.0,30.147058823529413,50402.03999999999,47698.05,2703.9899999999907,5332.57,0.0,25.503006561549917,1.186927087990782,1.1693380629233123,18.62750468352699,116.0,37.0,79.0,31.896551724137932,16193.269999999999,13643.019999999999,2550.25,1862.04,0.0
254,0.017330362080140438,True,46,15,62.0,32.0,18,11,3.3000000000000003,10,11,1.6,2.7,0.03,0.45,3.5,33.86290036439979,1.0687677145438526,0.7139208164849122,34.54356432356762,274.0,84.0,190.0,30.656934306569344,52629.04,49242.729999999996,3386.310000000005,5531.38,0.0,20.683961360699776,1.151011089605384,0.9887886619765833,19.734671783429437,118.0,37.0,81.0,31.35593220338983,15764.95,13696.61,2068.34,1856.21,0.0
255,-10.0,False,43,15,62.0,32.0,18,11,3.3000000000000003,10,11,1.5,2.7,0.03,0.45,3.5,-28.57215617275019,0.9256514824113281,-0.34203934446533996,49.02078596444114,293.0,84.0,209.0,28.668941979522184,35572.12,38429.28,-2857.159999999996,4225.29,0.0,1.6895314406999022,1.0115968492045786,0.27362157656966746,29.45018253353008,133.0,38.0,95.0,28.571428571428573,14736.689999999999,14567.75,168.9399999999987,1954.89,0.0
256,0.09793903415378312,True,48,14,62.0,33.0,18,11,3.2,10,11,1.6,2.7,0.03,0.45,3.5,20.662419907649763,1.050283949520626,0.5402296393927495,34.069684713171895,257.0,79.0,178.0,30.739299610894943,43156.219999999994,41090.049999999996,2066.1699999999983,4696.11,0.0,24.400269933249803,1.197144191427888,1.1606741108136829,22.428781172666753,107.0,34.0,73.0,31.77570093457944,14816.91,12376.880000000001,2440.029999999999,1688.27,0.0
257,-0.6801199338584849,True,47,14,62.0,33.0,18,11,3.2,10,11,1.6,2.7,0.03,0.45,3.5,5.408145312099713,1.013949152415584,0.28979945402998425,42.344565555102776,259.0,77.0,182.0,29.72972972972973,39308.0,38767.23,540.7699999999968,4432.3,0.0,24.389537796099976,1.1971451643280533,1.1605274105201475,22.232972229409008,108.0,34.0,74.0,31.48148148148148,14810.230000000001,12371.289999999999,2438.9400000000023,1702.65,0.0
258,-10.0,False,49,15,61.0,33.0,19,11,3.2,10,10,1.6,2.8,0.03,0.45,3.5,12.018577231849848,1.028695035941918,0.40258576930444656,45.53300430199889,254.0,73.0,181.0,28.74015748031496,43083.25,41881.46,1201.7900000000009,4682.86,0.0,7.720451561099945,1.0685563430933958,0.5178509197518189,19.952429633825457,102.0,32.0,70.0,31.372549019607842,12033.59,11261.539999999999,772.0500000000011,1518.23,0.0
259,0.10069127416229079,True,48,14,62.0,33.0,18,11,3.2,10,11,1.6,2.7,0.029,0.45,3.5,20.903809422899794,1.0513215653540213,0.5455972930825848,33.65826013986186,257.0,79.0,178.0,30.739299610894943,42822.42999999999,40732.0,2090.429999999993,4675.08,0.0,24.80701082064981,1.2010889654099064,1.180052714507641,22.357872608901957,107.0,34.0,73.0,31.77570093457944,14817.210000000001,12336.48,2480.7300000000014,1687.85,0.0
260,-0.02081753030877817,True,48,14,62.0,32.0,18,11,3.2,10,11,1.6,2.9000000000000004,0.029,0.45,3.5,39.939386820549885,1.0921153961029844,0.8090154439528137,28.103014420155837,257.0,77.0,180.0,29.961089494163424,47351.71000000001,43357.78999999999,3993.920000000013,4928.99,0.0,19.134224333549938,1.1628852692351566,0.9518891616859978,22.015404896224062,103.0,31.0,72.0,30.097087378640776,13660.39,11746.98,1913.4099999999999,1576.88,0.0
261,0.015077518283531183,True,106,13,61.0,33.0,18,11,3.3000000000000003,10,10,1.5,2.7,0.029,0.45,3.5,26.359455361799643,1.1350434592831138,0.7662003937934467,17.532093571819555,145.0,48.0,97.0,33.10344827586207,22155.39,19519.420000000002,2635.9699999999975,2707.71,0.0,15.139883358900061,1.2450981027002526,1.0923182870197905,12.728395015971389,63.0,21.0,42.0,33.333333333333336,7691.219999999999,6177.199999999999,1514.0200000000004,1036.46,0.0
262,-10.0,False,44,14,62.0,33.0,19,11,3.2,10,11,1.6,2.8,0.028,0.45,3.5,12.355524799199776,1.0318899797248204,0.4086294617894786,35.52513958344806,265.0,78.0,187.0,29.433962264150942,39977.43,38741.95,1235.4800000000032,4495.99,0.0,6.273678063399875,1.0561376602552635,0.454839863766699,26.104287375499837,107.0,30.0,77.0,28.037383177570092,11803.310000000001,11175.919999999998,627.390000000003,1518.81,0.0
263,0.25983685506285276,True,46,15,62.0,34.0,18,11,3.4000000000000004,10,12,1.6,2.7,0.03,0.45,3.5,38.30281692679955,1.074426307616017,0.771819394244892,35.8093459025423,270.0,84.0,186.0,31.11111111111111,55293.329999999994,51463.12,3830.209999999992,5783.43,0.0,36.10240370334977,1.2589197155674128,1.5178421031809437,18.627803922019844,114.0,38.0,76.0,33.333333333333336,17553.809999999998,13943.55,3610.2599999999984,1981.5,0.0
264,-0.48035113664064405,True,46,15,61.0,34.0,18,12,3.5,10,12,1.6,2.6,0.029,0.45,3.5,15.004965043099839,1.0350573078654552,0.4514886084503588,37.126313584772184,263.0,83.0,180.0,31.55893536121673,44305.39000000001,42804.770000000004,1500.6200000000026,4942.78,0.0,47.208688823299596,1.3518341861716476,1.8940573894617885,17.770618754996136,111.0,39.0,72.0,35.13513513513514,18138.829999999994,13417.939999999999,4720.889999999996,2001.69,0.0
265,0.40825828735151526,True,51,15,62.0,34.0,19,11,3.4000000000000004,10,12,1.7000000000000002,2.6,0.03,0.45,3.5,77.14533571369975,1.1579491116809728,1.299210627932253,27.547795161259316,223.0,77.0,146.0,34.52914798206278,56556.84,48842.25,7714.5899999999965,5555.05,0.0,55.09025264689984,1.4787419214956652,2.239492071837483,17.951059143214472,101.0,38.0,63.0,37.62376237623762,17016.46,11507.389999999998,5509.0700000000015,1782.18,0.0
266,0.5084398650387555,True,50,15,62.0,34.0,19,11,3.4000000000000004,10,12,1.7000000000000002,2.6,0.03,0.45,3.5,58.545446530649855,1.124063382408256,1.0761289111261558,28.64476032971893,228.0,76.0,152.0,33.333333333333336,53044.27,47189.75,5854.519999999997,5332.68,0.0,59.0726845183998,1.489260603771647,2.351152969678516,17.243901906367327,103.0,39.0,64.0,37.86407766990291,17980.989999999998,12073.77,5907.2199999999975,1891.8,0.0
267,0.5096792677317986,True,50,15,62.0,34.0,19,11,3.5,10,12,1.7000000000000002,2.6,0.03,0.45,3.5,59.31698386044986,1.121948932943753,1.0749397066646373,28.64310832705495,234.0,78.0,156.0,33.333333333333336,54572.00000000001,48640.36,5931.640000000007,5520.15,0.0,66.58595968189977,1.5111664188311016,2.520004641747092,15.217576682345213,107.0,41.0,66.0,38.3177570093458,19684.620000000003,13026.11,6658.510000000002,2049.61,0.0
268,0.44418832105675005,True,51,15,62.0,34.0,19,11,3.6,10,12,1.7000000000000002,2.6,0.03,0.45,3.5,64.14552762959964,1.127759736218124,1.1312534984125167,29.828907695941247,231.0,79.0,152.0,34.1991341991342,56622.73,50208.15,6414.580000000002,5632.74,0.0,56.3121071291499,1.4440599723842515,2.2198803689301,15.025449396534892,105.0,39.0,66.0,37.142857142857146,18312.37,12681.17,5631.199999999999,1931.15,0.0
269,0.44418832105675005,True,51,15,62.0,34.0,19,11,3.6,10,12,1.7000000000000002,2.6,0.03,0.45,3.5,64.14552762959964,1.127759736218124,1.1312534984125167,29.828907695941247,231.0,79.0,152.0,34.1991341991342,56622.73,50208.15,6414.580000000002,5632.74,0.0,56.3121071291499,1.4440599723842515,2.2198803689301,15.025449396534892,105.0,39.0,66.0,37.142857142857146,18312.37,12681.17,5631.199999999999,1931.15,0.0
270,0.44418832105675005,True,51,15,62.0,35.0,19,11,3.6,10,12,1.7000000000000002,2.6,0.03,0.45,3.5,64.14552762959964,1.127759736218124,1.1312534984125167,29.828907695941247,231.0,79.0,152.0,34.1991341991342,56622.73,50208.15,6414.580000000002,5632.74,0.0,56.3121071291499,1.4440599723842515,2.2198803689301,15.025449396534892,105.0,39.0,66.0,37.142857142857146,18312.37,12681.17,5631.199999999999,1931.15,0.0
271,0.40034225797554274,True,51,15,62.0,34.0,19,11,3.6,11,12,1.7000000000000002,2.6,0.03,0.45,3.5,51.81985707854998,1.1035865421711553,0.975205159077791,33.221759603860626,230.0,78.0,152.0,33.91304347826087,55207.909999999996,50025.9,5182.009999999995,5485.36,0.0,49.842405553499816,1.39024955507899,2.0148700450470693,15.212452220059147,104.0,38.0,66.0,36.53846153846154,17756.170000000006,12771.93,4984.240000000005,1903.8,0.0
272,0.40034225797554274,True,51,15,62.0,34.0,19,11,3.6,11,12,1.7000000000000002,2.6,0.03,0.45,3.5,51.81985707854998,1.1035865421711553,0.975205159077791,33.221759603860626,230.0,78.0,152.0,33.91304347826087,55207.909999999996,50025.9,5182.009999999995,5485.36,0.0,49.842405553499816,1.39024955507899,2.0148700450470693,15.212452220059147,104.0,38.0,66.0,36.53846153846154,17756.170000000006,12771.93,4984.240000000005,1903.8,0.0
273,-0.13425991562039505,True,51,15,62.0,34.0,19,11,3.6,11,13,1.7000000000000002,2.6,0.03,0.45,3.5,13.565690429249772,1.0315360479559197,0.42931011122229873,35.55409188098865,223.0,71.0,152.0,31.838565022421523,44372.73,43016.170000000006,1356.5599999999977,4603.61,0.0,23.618688623599795,1.2021082878525722,1.1462394834001877,15.428059572696021,102.0,34.0,68.0,33.333333333333336,14048.15,11686.26,2361.8899999999994,1624.57,0.0
274,0.46139149384150535,True,50,15,63.0,34.0,19,11,3.7,11,12,1.7000000000000002,2.6,0.03,0.45,3.5,54.64574247424997,1.11367683377379,0.9776576497651134,27.854061906499016,239.0,80.0,159.0,33.47280334728033,53535.96,48071.359999999986,5464.600000000013,5218.88,0.0,56.696760775799845,1.3989919781900226,2.140575662423545,15.308922814557377,109.0,40.0,69.0,36.69724770642202,19879.690000000002,14210.01,5669.680000000002,2091.73,0.0
275,0.11315325462475552,True,51,15,63.0,34.0,19,11,3.8000000000000003,11,13,1.7000000000000002,2.6,0.03,0.45,3.5,25.36583942709973,1.0588420600404378,0.6058327524306004,29.329293378742204,229.0,74.0,155.0,32.314410480349345,45644.86,43108.28,2536.5800000000017,4555.46,0.0,21.19456591809998,1.1570793426809036,1.0102975258751032,16.794084725400023,112.0,37.0,75.0,33.035714285714285,15612.460000000003,13492.989999999998,2119.470000000005,1762.77,0.0
276,0.35472554790552885,True,51,15,63.0,34.0,19,12,3.7,11,12,1.7000000000000002,2.6,0.03,0.45,3.5,69.97807838224995,1.1382374066895136,1.1632642987358797,33.221558299468306,233.0,81.0,152.0,34.76394849785408,57619.08,50621.32,6997.760000000002,5538.34,0.0,51.88604608844988,1.3932076947327574,2.041330466221185,17.8779680003638,106.0,39.0,67.0,36.79245283018868,18384.099999999995,13195.52,5188.5799999999945,1937.98,0.0
277,0.4323746570050123,True,50,15,63.0,34.0,19,12,3.7,11,12,1.7000000000000002,2.6,0.03,0.45,3.5,53.477744359400056,1.1101918111930043,0.9745412273671317,34.24493420476379,237.0,80.0,157.0,33.755274261603375,53879.94,48532.1,5347.840000000004,5297.16,0.0,57.94247537184985,1.4179255299198805,2.20729431035931,17.842287480410437,109.0,41.0,68.0,37.61467889908257,19658.629999999997,13864.360000000002,5794.269999999995,2082.1,0.0
278,0.4323746570050123,True,50,15,63.0,34.0,19,12,3.7,11,12,1.7000000000000002,2.6,0.03,0.45,3.5,53.477744359400056,1.1101918111930043,0.9745412273671317,34.24493420476379,237.0,80.0,157.0,33.755274261603375,53879.94,48532.1,5347.840000000004,5297.16,0.0,57.94247537184985,1.4179255299198805,2.20729431035931,17.842287480410437,109.0,41.0,68.0,37.61467889908257,19658.629999999997,13864.360000000002,5794.269999999995,2082.1,0.0
279,0.35472554790552885,True,51,15,63.0,34.0,19,12,3.7,11,12,1.7000000000000002,2.6,0.03,0.45,3.5,69.97807838224995,1.1382374066895136,1.1632642987358797,33.221558299468306,233.0,81.0,152.0,34.76394849785408,57619.08,50621.32,6997.760000000002,5538.34,0.0,51.88604608844988,1.3932076947327574,2.041330466221185,17.8779680003638,106.0,39.0,67.0,36.79245283018868,18384.099999999995,13195.52,5188.5799999999945,1937.98,0.0
280,0.35472554790552885,True,51,15,63.0,34.0,19,12,3.7,11,12,1.7000000000000002,2.6,0.03,0.45,3.5,69.97807838224995,1.1382374066895136,1.1632642987358797,33.221558299468306,233.0,81.0,152.0,34.76394849785408,57619.08,50621.32,6997.760000000002,5538.34,0.0,51.88604608844988,1.3932076947327574,2.041330466221185,17.8779680003638,106.0,39.0,67.0,36.79245283018868,18384.099999999995,13195.52,5188.5799999999945,1937.98,0.0
281,0.4323746570050123,True,50,15,63.0,34.0,19,12,3.7,11,12,1.7000000000000002,2.6,0.03,0.45,3.5,53.477744359400056,1.1101918111930043,0.9745412273671317,34.24493420476379,237.0,80.0,157.0,33.755274261603375,53879.94,48532.1,5347.840000000004,5297.16,0.0,57.94247537184985,1.4179255299198805,2.20729431035931,17.842287480410437,109.0,41.0,68.0,37.61467889908257,19658.629999999997,13864.360000000002,5794.269999999995,2082.1,0.0
282,0.4323746570050123,True,50,15,63.0,34.0,19,12,3.7,11,12,1.7000000000000002,2.6,0.03,0.45,3.5,53.477744359400056,1.1101918111930043,0.9745412273671317,34.24493420476379,237.0,80.0,157.0,33.755274261603375,53879.94,48532.1,5347.840000000004,5297.16,0.0,57.94247537184985,1.4179255299198805,2.20729431035931,17.842287480410437,109.0,41.0,68.0,37.61467889908257,19658.629999999997,13864.360000000002,5794.269999999995,2082.1,0.0
283,-0.6046863404742815,True,50,15,64.0,34.0,19,12,3.7,11,13,1.7000000000000002,2.6,0.03,0.45,3.5,7.788587090549845,1.0188210043636257,0.33323852220571193,34.972686180438906,232.0,73.0,159.0,31.46551724137931,42161.89,41383.01999999999,778.8700000000099,4330.18,0.0,21.548273039999895,1.1650674563900487,1.0033371775682762,26.640671359380764,112.0,37.0,75.0,33.035714285714285,15209.21,13054.360000000002,2154.8499999999967,1734.27,0.0
284,0.35472554790552885,True,51,15,63.0,35.0,19,12,3.7,11,12,1.7000000000000002,2.6,0.03,0.45,3.5,69.97807838224995,1.1382374066895136,1.1632642987358797,33.221558299468306,233.0,81.0,152.0,34.76394849785408,57619.08,50621.32,6997.760000000002,5538.34,0.0,51.88604608844988,1.3932076947327574,2.041330466221185,17.8779680003638,106.0,39.0,67.0,36.79245283018868,18384.099999999995,13195.52,5188.5799999999945,1937.98,0.0
285,0.1278756205511415,True,51,15,63.0,35.0,19,12,3.7,11,13,1.7000000000000002,2.6,0.03,0.45,3.5,25.550150195749904,1.058977549202011,0.6130448866977184,35.55473212445407,225.0,73.0,152.0,32.44444444444444,45876.39,43321.399999999994,2554.9900000000052,4603.14,0.0,33.12140014864987,1.258403639977968,1.4413987728820297,17.60242592227213,107.0,37.0,70.0,34.57943925233645,16129.789999999999,12817.66,3312.129999999999,1765.32,0.0
286,0.2940690140098119,True,52,15,63.0,35.0,20,12,3.8000000000000003,11,12,1.7000000000000002,2.6,0.03,0.45,3.5,38.46448954014997,1.0802322057270488,0.7911517678676675,33.302708298439285,236.0,79.0,157.0,33.47457627118644,51788.46000000001,47941.97,3846.4900000000052,5165.58,0.0,43.24501854674981,1.3256163462486885,1.7892819955080717,15.687410255761458,108.0,39.0,69.0,36.111111111111114,17605.629999999997,13281.090000000002,4324.539999999995,1905.36,0.0
287,0.08719461070995402,True,53,15,63.0,34.0,20,12,3.8000000000000003,11,12,1.7000000000000002,2.6,0.03,0.45,3.5,28.0743256972999,1.0586930648525439,0.6514568582459113,38.05154139158931,236.0,78.0,158.0,33.05084745762712,50641.09000000001,47833.59000000001,2807.5,5190.65,0.0,44.41847941324995,1.3346828152407815,1.8289036563964498,16.471813899306554,106.0,39.0,67.0,36.79245283018868,17713.589999999997,13271.760000000002,4441.8299999999945,1897.86,0.0
288,0.1622813824211538,True,50,15,63.0,35.0,19,12,3.6,11,13,1.7000000000000002,2.6,0.03,0.45,3.5,30.60601511255001,1.0680599934311164,0.6875452711144252,36.543392900432615,225.0,73.0,152.0,32.44444444444444,48030.22,44969.590000000004,3060.6299999999974,4846.47,0.0,42.03649201244978,1.3119223303276208,1.7417930168352025,17.567265326294258,111.0,39.0,72.0,35.13513513513514,17680.2,13476.56,4203.640000000001,1951.71,0.0
289,0.16473461239624737,True,52,15,64.0,34.0,20,12,3.9000000000000004,11,12,1.7000000000000002,2.6,0.029,0.45,3.5,29.652323714949837,1.0643261000339939,0.6667518174321971,30.979784974749,240.0,79.0,161.0,32.916666666666664,49061.74,46096.53,2965.209999999999,4853.26,0.0,26.06170093904993,1.1842991272814192,1.135976812071239,16.28749028962371,113.0,39.0,74.0,34.51327433628319,16747.02,14140.869999999999,2606.1500000000015,1806.2,0.0
290,0.2869482876986936,True,50,15,64.0,35.0,19,12,3.7,11,12,1.7000000000000002,2.6,0.03,0.45,3.5,37.14840186609994,1.0792868820619208,0.7617548607477299,30.454034720433814,241.0,80.0,161.0,33.19502074688797,50568.259999999995,46853.399999999994,3714.8600000000006,4994.82,0.0,39.95745873929983,1.2970537725539175,1.6004553065617961,21.854162058735483,110.0,39.0,71.0,35.45454545454545,17446.8,13451.1,3995.699999999999,1900.34,0.0
291,0.3034805754338201,True,50,15,63.0,35.0,19,12,3.8000000000000003,11,12,1.7000000000000002,2.6,0.03,0.45,3.5,39.67251642860021,1.083867199415867,0.8008886149503982,34.245442623137606,241.0,80.0,161.0,33.19502074688797,51271.59,47304.31,3967.279999999999,5111.9,0.0,42.959027532749786,1.3009157950479542,1.7462715020378903,17.84184869247758,113.0,41.0,72.0,36.283185840707965,18572.03,14276.119999999999,4295.91,2040.23,0.0
292,0.17045817410217265,True,50,15,63.0,35.0,19,12,3.6,11,13,1.7000000000000002,2.6,0.029,0.45,3.5,30.623787293250004,1.0691483368411259,0.6916718107413169,36.05822544026527,225.0,73.0,152.0,32.44444444444444,47349.49,44287.11,3062.3799999999974,4798.11,0.0,41.084564801049765,1.3072660167599648,1.7246093881779878,17.482959466484395,111.0,39.0,72.0,35.13513513513514,17479.65,13371.15,4108.500000000002,1939.45,0.0
293,0.17215027877237513,True,53,15,63.0,34.0,19,12,3.8000000000000003,11,12,1.7000000000000002,2.6,0.03,0.45,3.5,28.0743256972999,1.0586930648525439,0.6514568582459113,38.05154139158931,236.0,78.0,158.0,33.05084745762712,50641.09000000001,47833.59000000001,2807.5,5190.65,0.0,32.62032945194985,1.243416364264538,1.4372652156657808,17.878211669106406,107.0,38.0,69.0,35.51401869158879,16663.06,13401.03,3262.0300000000007,1833.06,0.0
294,-0.0176277489179128,True,49,15,63.0,34.0,19,12,3.9000000000000004,11,13,1.7000000000000002,2.6,0.029,0.45,3.5,46.345409017500025,1.1011421773715016,0.8831371981864813,30.689421453183662,235.0,78.0,157.0,33.191489361702125,50456.68000000001,45822.130000000005,4634.550000000003,4939.46,0.0,20.55866840369972,1.1464842302671705,0.9851565933677742,19.454958274479708,118.0,40.0,78.0,33.898305084745765,16090.31,14034.48,2055.83,1834.55,0.0
295,-0.08930017109078958,True,52,15,64.0,35.0,19,12,3.7,11,12,1.7000000000000002,2.8,0.03,0.45,3.5,65.92585590884937,1.122864049081584,1.0900320189700776,28.494693445978005,236.0,77.0,159.0,32.6271186440678,60250.19000000001,53657.600000000006,6592.590000000004,5634.0,0.0,17.590110957500038,1.1505727123392735,0.8586353701023379,24.71561230600869,104.0,33.0,71.0,31.73076923076923,13441.14,11682.130000000001,1759.0099999999984,1516.35,0.0
296,-10.0,False,52,15,63.0,35.0,20,12,3.6,11,13,1.7000000000000002,1.4,0.03,0.45,3.5,-18.66261490485004,0.9337684557648991,-0.34233395239242964,38.16667976005661,240.0,105.0,135.0,43.75,26311.270000000004,28177.510000000002,-1866.239999999998,3703.38,0.0,-7.108771813750045,0.9281434704508167,-0.28143739105059284,24.270359971250073,116.0,49.0,67.0,42.241379310344826,9181.65,9892.49,-710.8400000000001,1558.51,0.0
297,0.29142560849351157,True,49,14,63.0,34.0,19,12,3.7,11,14,1.7000000000000002,2.7,0.028,0.45,3.5,44.64430197429965,1.095766764133578,0.887075571013596,35.33078641727367,223.0,73.0,150.0,32.73542600896861,51081.939999999995,46617.53,4464.409999999996,5096.97,0.0,39.96444107014984,1.3400030457379661,1.743134145078982,15.391989340866905,96.0,34.0,62.0,35.416666666666664,15750.57,11754.13,3996.4400000000005,1672.11,0.0
298,0.19689139185888188,True,54,15,63.0,34.0,20,12,3.8000000000000003,11,12,1.7000000000000002,2.6,0.029,0.45,3.5,33.687574143499845,1.0735428699170948,0.7401620783492997,36.7795598590934,233.0,77.0,156.0,33.047210300429185,49175.22,45806.479999999996,3368.7400000000052,5076.18,0.0,46.702016136749826,1.3600720103929347,1.9395122301265615,15.901839221786984,104.0,39.0,65.0,37.5,17640.61,12970.35,4670.26,1859.3799999999999,0.0
299,0.23934130524956865,True,50,15,64.0,34.0,19,12,3.6,11,12,1.7000000000000002,2.6,0.03,0.45,3.5,53.40120315709983,1.106001375200186,0.9661941789592912,30.45514138202042,240.0,81.0,159.0,33.75,55718.27,50378.119999999995,5340.1500000000015,5433.73,0.0,39.63404153909975,1.2970712237899826,1.6359608589180812,21.854840682336356,113.0,41.0,72.0,36.283185840707965,17305.2,13341.75,3963.4500000000007,1936.94,0.0
