stage,trial,score,gated,ema_period,rsi_period,rsi_overbought,rsi_oversold,atr_period,consolidation_candles,consolidation_atr_mult,swing_lookback,volume_sma_period,volume_mult,risk_reward_ratio,leverage,risk_per_trade_pct,max_position_allocation_pct,tr_return_pct,tr_pf,tr_sharpe,tr_max_dd,tr_trades,tr_wins,tr_losses,tr_win_rate,tr_gross_profit,tr_gross_loss,tr_net_pnl,tr_fees,tr_blocked,tr_head_dropped,va_return_pct,va_pf,va_sharpe,va_max_dd,va_trades,va_wins,va_losses,va_win_rate,va_gross_profit,va_gross_loss,va_net_pnl,va_fees,va_blocked,va_head_dropped,c_va_ret,c_va_pf,c_va_dd,c_va_sample,c_tr_ret,c_tr_pf,c_consistency
1c_risk,0,0.6319241414122099,True,92,21,59.0,40.0,20,16,3.4000000000000004,10,28,1.5,2.7,2.5,0.029,0.65,76.41626088344965,1.365726338319106,1.5300095042360344,29.390027016911237,125,45,80,36.0,28535.650000000005,20894.120000000003,7641.5300000000025,2688.98,0,1,78.0290147086,2.038217331718935,3.551755320515839,14.456051937205503,64,29,35,45.3125,15318.63,7515.700000000001,7802.9299999999985,1382.12,0,0,0.23408704412579998,0.25,-0.0,0.05470085470085471,0.07641626088344966,0.018286316915955305,-0.0015663352138497225
1c_risk,1,0.40482613428571357,True,92,21,59.0,40.0,20,16,3.4000000000000004,10,28,1.5,2.7,3.5,0.009000000000000001,0.3,27.2907892785498,1.3388452532014914,1.4349384690174634,15.303331922128741,125,45,80,36.0,10783.140000000003,8054.0599999999995,2729.0800000000036,1151.11,0,1,29.50923198550003,1.8928923719325852,3.341746411440547,5.926235750823341,64,29,35,45.3125,6255.820000000001,3304.9,2950.9200000000005,642.91,0,0,0.08852769595650008,0.2232230929831463,-0.0,0.05470085470085471,0.0272907892785498,0.01694226266007457,-0.005858561293411891
1c_risk,2,0.4205071659794433,True,92,21,59.0,40.0,20,16,3.4000000000000004,10,28,1.5,2.7,1.0,0.027,0.55,25.124548764249937,1.405541207993027,1.4382060578459683,10.51070962906131,125,45,80,36.0,8707.89,6195.400000000001,2512.489999999999,780.51,0,1,24.301174783800032,2.1263232540462376,3.6500071385484034,5.346267506308056,64,29,35,45.3125,4587.67,2157.56,2430.11,392.27,0,0,0.0729035243514001,0.25,-0.0,0.05470085470085471,0.025124548764249938,0.02027706039965135,-0.0024988222367127782
1c_risk,3,0.32139439428724637,True,92,21,59.0,40.0,20,16,3.4000000000000004,10,28,1.5,2.7,4.0,0.005,0.75,12.677816719899837,1.2645388931432309,1.157874120514579,9.752516488665837,125,45,80,36.0,6060.290000000002,4792.49,1267.800000000002,751.38,0,1,18.32617403505008,1.8525499974413968,3.344763931794758,3.4595842461768327,64,29,35,45.3125,3982.26,2149.6099999999997,1832.6500000000005,500.45,0,0,0.05497852210515024,0.2131374993603492,-0.0,0.05470085470085471,0.012677816719899837,0.013226944657161545,-0.027327243256169167
1c_risk,4,0.40455473198366576,True,92,21,59.0,40.0,20,16,3.4000000000000004,10,28,1.5,2.7,4.5,0.01,0.35,29.927111799849683,1.3113531734265518,1.3507104202498925,18.334383970979516,125,45,80,36.0,12604.53,9611.849999999999,2992.680000000002,1425.16,0,1,35.010475994900006,1.8442791756495402,3.3010340798025006,6.561619337578454,64,29,35,45.3125,7647.82,4146.78,3501.04,842.74,0,0,0.10503142798470001,0.21106979391238506,-0.0,0.05470085470085471,0.029927111799849682,0.015567658671327589,-0.011742115085451296
1c_risk,5,0.44054427261719337,True,92,21,59.0,40.0,20,16,3.4000000000000004,10,28,1.5,2.7,1.5,0.012,0.5,31.58118263424987,1.4021003417384348,1.5634964909669762,14.1020678136363,125,45,80,36.0,11012.039999999997,7853.96,3158.079999999997,1033.5,0,1,29.63880108649995,2.0045314660665388,3.450129298286164,6.788263537217137,64,29,35,45.3125,5914.33,2950.4799999999996,2963.8500000000004,534.97,0,0,0.08891640325949984,0.25,-0.0,0.05470085470085471,0.031581182634249874,0.02010501708692174,-0.004759185064332775
1c_risk,6,0.446614939196155,True,92,21,59.0,40.0,20,16,3.4000000000000004,10,28,1.5,2.7,2.5,0.012,0.55,37.24330273654992,1.3361484702677675,1.4421286145947803,19.81504864452946,125,45,80,36.0,14803.71,11079.39,3724.3199999999997,1577.46,0,1,40.50567020080003,1.8905615492347712,3.340537770704511,7.822912484348265,64,29,35,45.3125,8598.86,4548.3099999999995,4050.550000000001,883.99,0,0,0.12151701060240008,0.2226403873086928,-0.0,0.05470085470085471,0.037243302736549924,0.016807423513388375,-0.006294039665730872
1c_risk,7,0.4359072918534295,True,92,21,59.0,40.0,20,16,3.4000000000000004,10,28,1.5,2.7,1.5,0.012,0.45,28.813461535999956,1.3997089635885427,1.5319474778265303,13.082518756699352,125,45,80,36.0,10090.109999999999,7208.719999999999,2881.3899999999994,936.44,0,1,28.097867707400038,2.0576517706576722,3.5543080699656158,6.272559144059725,64,29,35,45.3125,5466.439999999999,2656.64,2809.799999999999,482.99,0,0,0.0842936031222001,0.25,-0.0,0.05470085470085471,0.028813461535999958,0.019985448179427136,-0.0018860756850523884
1c_risk,8,0.5216941886026328,True,92,21,59.0,40.0,20,16,3.4000000000000004,10,28,1.5,2.7,3.0,0.025,0.35,49.05408761494993,1.3785309600939586,1.4646268282187083,20.1280611970418,125,45,80,36.0,17864.300000000003,12958.939999999999,4905.360000000004,1635.07,0,1,50.29583637014999,2.1163646533431586,3.647961725016614,9.96437453804672,64,29,35,45.3125,9534.9,4505.32,5029.58,825.49,0,0,0.15088750911044999,0.25,-0.0,0.05470085470085471,0.04905408761494993,0.01892654800469793,-0.0018748108283197517
1c_risk,9,0.4610635685702235,True,92,21,59.0,40.0,20,16,3.4000000000000004,10,28,1.5,2.7,3.0,0.02,0.25,34.26379705094989,1.3895608949688414,1.4367978302515343,14.586514419822864,125,45,80,36.0,12221.729999999998,8795.39,3426.3399999999983,1106.22,0,1,34.23094141494998,2.1228649685916254,3.6493830707900803,7.220115212240981,64,29,35,45.3125,6471.66,3048.55,3423.1099999999997,556.05,0,0,0.10269282424484995,0.25,-0.0,0.05470085470085471,0.03426379705094989,0.019478044748442072,-7.195217487310844e-05
1c_risk,10,0.5399815875454155,True,92,21,59.0,40.0,20,16,3.4000000000000004,10,28,1.5,2.7,5.0,0.019,0.75,53.790171678549704,1.2663801996025381,1.238840658195051,32.91402263628023,125,45,80,36.0,25572.18,20193.13,5379.049999999999,3027.11,0,1,78.57704400470007,1.8421167135361296,3.345722715494888,12.10131926494034,64,29,35,45.3125,17188.57,9330.88,7857.6900000000005,1983.8,0,0,0.2357311320141002,0.2105291783840324,-0.0,0.05470085470085471,0.05379017167854971,0.013319009980126906,-0.028088759212248415
1c_risk,11,0.5399815875454155,True,92,21,59.0,40.0,20,16,3.4000000000000004,10,28,1.5,2.7,5.0,0.019,0.75,53.790171678549704,1.2663801996025381,1.238840658195051,32.91402263628023,125,45,80,36.0,25572.18,20193.13,5379.049999999999,3027.11,0,1,78.57704400470007,1.8421167135361296,3.345722715494888,12.10131926494034,64,29,35,45.3125,17188.57,9330.88,7857.6900000000005,1983.8,0,0,0.2357311320141002,0.2105291783840324,-0.0,0.05470085470085471,0.05379017167854971,0.013319009980126906,-0.028088759212248415
1c_risk,12,0.6547871238014026,True,92,21,59.0,40.0,20,16,3.4000000000000004,10,28,1.5,2.7,5.0,0.03,0.65,104.05975103239955,1.3101016160404282,1.4660961478496837,42.50124675655888,125,45,80,36.0,43962.7,33556.71,10405.989999999998,4697.17,0,1,120.90372246804999,1.8616243196843805,3.337664285378507,18.428906962125243,64,29,35,45.3125,26122.480000000003,14032.090000000002,12090.390000000001,2725.19,0,0,0.3,0.21540607992109512,-0.019593754069287105,0.05470085470085471,0.1,0.01550508080202141,-0.01123113755328159
1c_risk,13,0.5769881517726523,True,92,21,59.0,40.0,20,16,3.4000000000000004,10,28,1.5,2.7,2.0,0.03,0.65,62.29830046249973,1.3699769812952234,1.4767101409655026,24.510868953614978,125,45,80,36.0,23068.32999999999,16838.48,6229.849999999991,2124.29,0,1,64.82312516945007,2.1101511176265073,3.6471315282268675,12.19013465066589,64,29,35,45.3125,12321.509999999998,5839.160000000001,6482.349999999998,1073.45,0,0,0.1944693755083502,0.25,-0.0,0.05470085470085471,0.062298300462499734,0.01849884906476117,-0.002979227963813555
1c_risk,14,0.6798667581788006,True,92,21,59.0,40.0,20,16,3.4000000000000004,10,28,1.5,2.7,4.0,0.03,0.65,108.63574021689955,1.35410007056864,1.592820682037206,38.00890143447187,125,45,80,36.0,41542.91,30679.35,10863.560000000005,4188.93,0,1,107.59612632240018,1.9022589996469657,3.3527425108757756,18.041967254182786,64,29,35,45.3125,22684.799999999996,11925.189999999999,10759.609999999997,2248.12,0,0,0.3,0.2255647499117414,-0.017382670023901637,0.05470085470085471,0.1,0.017705003528431996,-0.0007211799383258943
1c_risk,15,0.649538861266299,True,92,21,59.0,40.0,20,16,3.4000000000000004,10,28,1.5,2.7,4.0,0.025,0.65,85.88754807289936,1.3286881833016464,1.495369833640691,35.88977288297757,125,45,80,36.0,34719.26,26130.48,8588.780000000002,3652.18,0,1,93.88959936510004,1.8840438473590646,3.346508497511933,15.610236966804269,64,29,35,45.3125,20009.449999999997,10620.48,9388.969999999998,2049.75,0,0,0.2816687980953001,0.22101096183976615,-0.0034870683817386804,0.05470085470085471,0.08588754807289938,0.01643440916508232,-0.006676642225864981
1c_risk,16,0.6141670511778509,True,92,21,59.0,40.0,20,16,3.4000000000000004,10,28,1.5,2.7,4.5,0.023000000000000003,0.6000000000000001,75.2414182272995,1.3101987271534683,1.4210647065457496,35.468507113976976,125,45,80,36.0,31780.01,24255.87,7524.139999999999,3441.84,0,1,88.51170150810002,1.8613419618528615,3.332658903333384,14.457142338640375,64,29,35,45.3125,19127.15,10275.999999999998,8851.150000000003,2012.34,0,0,0.2655351045243,0.21533549046321537,-0.0,0.05470085470085471,0.07524141822729952,0.015509936357673415,-0.012155753095492133
1c_risk,17,0.6747527443754138,True,92,21,59.0,40.0,20,16,3.4000000000000004,10,28,1.5,2.7,4.0,0.03,0.7,108.3652584532495,1.340778221006967,1.5582888459986575,39.595111731522074,125,45,80,36.0,42636.009999999995,31799.45,10836.559999999994,4379.63,0,1,113.76123728539996,1.9003656509695288,3.3668620547408192,18.226051280531355,64,29,35,45.3125,24011.119999999995,12635.0,11376.119999999995,2411.93,0,0,0.3,0.2250914127423822,-0.018434578745893455,0.05470085470085471,0.1,0.01703891105034835,-0.003643855372278023
1c_risk,18,0.678313989513973,True,92,21,59.0,40.0,20,16,3.4000000000000004,10,28,1.5,2.7,3.5,0.027,0.7,95.95213839374959,1.3524446370785566,1.5734939955788252,35.722589198706586,125,45,80,36.0,36820.17,27224.9,9595.269999999997,3744.09,0,1,97.47898712080001,1.9094141277688268,3.365836387977015,16.49934813565338,64,29,35,45.3125,20466.800000000003,10718.890000000001,9747.910000000002,2034.87,0,0,0.2924369613624,0.2273535319422067,-0.008567703632305036,0.05470085470085471,0.09595213839374961,0.01762223185392783,-0.0011840251068607674
1c_risk,19,0.5717123491738716,True,92,21,59.0,40.0,20,16,3.4000000000000004,10,28,1.5,2.7,3.5,0.023000000000000003,0.45,70.86730875119956,1.3844177260164738,1.59612800821859,27.009901135304858,125,45,80,36.0,25521.81,18435.050000000003,7086.759999999998,2444.91,0,1,65.23881862295002,1.9496395861354203,3.362886793556976,13.455976222405155,64,29,35,45.3125,13393.79,6869.88,6523.910000000001,1255.87,0,0,0.19571645586885006,0.23740989653385508,-0.0,0.05470085470085471,0.07086730875119955,0.019220886300823692,-0.006203052981711551
1c_risk,20,0.678313989513973,True,92,21,59.0,40.0,20,16,3.4000000000000004,10,28,1.5,2.7,3.5,0.027,0.7,95.95213839374959,1.3524446370785566,1.5734939955788252,35.722589198706586,125,45,80,36.0,36820.17,27224.9,9595.269999999997,3744.09,0,1,97.47898712080001,1.9094141277688268,3.365836387977015,16.49934813565338,64,29,35,45.3125,20466.800000000003,10718.890000000001,9747.910000000002,2034.87,0,0,0.2924369613624,0.2273535319422067,-0.008567703632305036,0.05470085470085471,0.09595213839374961,0.01762223185392783,-0.0011840251068607674
1c_risk,21,0.678313989513973,True,92,21,59.0,40.0,20,16,3.4000000000000004,10,28,1.5,2.7,3.5,0.027,0.7,95.95213839374959,1.3524446370785566,1.5734939955788252,35.722589198706586,125,45,80,36.0,36820.17,27224.9,9595.269999999997,3744.09,0,1,97.47898712080001,1.9094141277688268,3.365836387977015,16.49934813565338,64,29,35,45.3125,20466.800000000003,10718.890000000001,9747.910000000002,2034.87,0,0,0.2924369613624,0.2273535319422067,-0.008567703632305036,0.05470085470085471,0.09595213839374961,0.01762223185392783,-0.0011840251068607674
1c_risk,22,0.641229822330348,True,92,21,59.0,40.0,20,16,3.4000000000000004,10,28,1.5,2.7,3.0,0.027,0.7,93.94744823414966,1.375360387140492,1.6225417723232427,32.75954895197996,125,45,80,36.0,34423.4,25028.64,9394.760000000002,3376.34,0,1,86.06711608980004,1.9154757890638883,3.3359606484799866,16.170817086416065,64,29,35,45.3125,18008.02,9401.329999999998,8606.690000000002,1743.67,0,0,0.2582013482694001,0.22886894726597207,-0.006690383350948944,0.05470085470085471,0.09394744823414967,0.0187680193570246,-0.006566412146104225
1c_risk,23,0.5934806552439466,True,92,21,59.0,40.0,20,16,3.4000000000000004,10,28,1.5,2.7,4.5,0.022000000000000002,0.6000000000000001,70.72146910984954,1.3058248900535787,1.3989464687068585,34.764806746990374,125,45,80,36.0,30197.070000000003,23124.9,7072.170000000002,3301.68,0,1,84.47636133760007,1.8505288847810462,3.3205790748400648,13.874155629944282,64,29,35,45.3125,18379.86,9932.22,8447.640000000001,1953.89,0,0,0.2534290840128002,0.21263222119526154,-0.0,0.05470085470085471,0.07072146910984954,0.015291244502678936,-0.013294218277498384
1c_risk,24,0.6328395843123548,True,92,21,59.0,40.0,20,16,3.4000000000000004,10,28,1.5,2.7,3.5,0.025,0.6000000000000001,87.52166157034968,1.3700563741521998,1.607004169660783,32.01646986932888,125,45,80,36.0,32403.079999999998,23650.909999999996,8752.170000000002,3226.16,0,1,83.08284370720008,1.91200138748171,3.3453095660715224,15.215582923170112,64,29,35,45.3125,17418.39,9110.029999999999,8308.36,1704.97,0,0,0.24924853112160023,0.22800034687042747,-0.0012319024181149274,0.05470085470085471,0.08752166157034968,0.018502818707609992,-0.0039027262403723653
1c_risk,25,0.6725707466858983,True,92,21,59.0,40.0,20,16,3.4000000000000004,10,28,1.5,2.7,4.0,0.028,0.7,98.72866982374944,1.3302702268728215,1.5182910476807927,38.7001627698386,125,45,80,36.0,39766.3,29893.4,9872.900000000001,4152.6,0,1,106.85518664920004,1.8866978068803337,3.3513740090385324,17.29554435752832,64,29,35,45.3125,22736.350000000002,12050.869999999997,10685.480000000005,2317.16,0,0,0.3,0.22167445172008343,-0.013117396328733264,0.05470085470085471,0.09872866982374945,0.016513511343641075,-0.005929344573697015
1c_risk,26,0.5028675644482823,True,92,21,59.0,40.0,20,16,3.4000000000000004,10,28,1.5,2.7,2.5,0.016,0.55,52.679032087999786,1.3857619264516563,1.6045445120297819,21.88781777156912,125,45,80,36.0,18923.66,13655.78,5267.879999999999,1877.73,0,1,49.564700208200016,1.9282978512204767,3.3562590317053784,10.056920202706046,64,29,35,45.3125,10295.780000000002,5339.3099999999995,4956.470000000003,998.16,0,0,0.14869410062460003,0.23207446280511917,-0.0,0.05470085470085471,0.05267903208799979,0.019288096322582816,-0.004568982092874251
1c_risk,27,0.6506082755465022,True,92,21,59.0,40.0,20,16,3.4000000000000004,10,28,1.5,2.7,3.0,0.025,0.75,87.77293775269959,1.3582975061680416,1.5786247569081038,33.313038872209624,125,45,80,36.0,33274.53999999999,24497.239999999998,8777.299999999996,3369.71,0,1,87.96339297869996,1.914141765800744,3.365796499992079,15.357603621783372,64,29,35,45.3125,18418.81,9622.49,8796.320000000002,1822.82,0,0,0.2638901789360999,0.228535441450186,-0.002043449267333557,0.05470085470085471,0.08777293775269959,0.01791487530840208,-0.00016256333440647295
1c_risk,28,0.5815262276903247,True,92,21,59.0,40.0,20,16,3.4000000000000004,10,28,1.5,2.7,3.5,0.021,0.7,68.21549164089956,1.3153205124649388,1.4259911941433094,32.773231963182035,125,45,80,36.0,28454.960000000003,21633.48,6821.480000000003,3071.03,0,1,78.92206894890002,1.8679700551320786,3.334983592859008,13.287224366596147,64,29,35,45.3125,16984.91,9092.71,7892.200000000001,1778.32,0,0,0.23676620684670002,0.21699251378301965,-0.0,0.05470085470085471,0.06821549164089956,0.01576602562324694,-0.010914864904396174
1c_risk,29,0.6100842085643438,True,92,21,59.0,40.0,20,16,3.4000000000000004,10,28,1.5,2.7,2.5,0.028,0.6000000000000001,71.14951140134977,1.3713066032074062,1.5303702767563918,27.531310783811797,125,45,80,36.0,26276.839999999997,19161.9,7114.939999999995,2458.41,0,1,72.28549737384994,2.0571552673490605,3.5770142349357825,13.536523926521152,64,29,35,45.3125,14066.189999999997,6837.69,7228.499999999997,1257.17,0,0,0.2168564921215498,0.25,-0.0,0.05470085470085471,0.07114951140134977,0.01856533016037031,-0.0011879798197808392
1c_risk,30,0.6656959247903325,True,92,21,59.0,40.0,20,16,3.4000000000000004,10,28,1.5,2.7,4.5,0.028,0.65,97.44369465164957,1.3212094941267412,1.490103613547802,39.49154872820955,125,45,80,36.0,40081.07,30336.649999999998,9744.420000000002,4234.36,0,1,108.77255733275,1.8757891550113406,3.344525033931144,17.312776688725716,64,29,35,45.3125,23297.170000000002,12419.930000000002,10877.24,2400.61,0,0,0.3,0.21894728875283515,-0.013215866792718379,0.05470085470085471,0.09744369465164958,0.01606047470633706,-0.00824052122862567
1c_risk,31,0.678313989513973,True,92,21,59.0,40.0,20,16,3.4000000000000004,10,28,1.5,2.7,3.5,0.027,0.7,95.95213839374959,1.3524446370785566,1.5734939955788252,35.722589198706586,125,45,80,36.0,36820.17,27224.9,9595.269999999997,3744.09,0,1,97.47898712080001,1.9094141277688268,3.365836387977015,16.49934813565338,64,29,35,45.3125,20466.800000000003,10718.890000000001,9747.910000000002,2034.87,0,0,0.2924369613624,0.2273535319422067,-0.008567703632305036,0.05470085470085471,0.09595213839374961,0.01762223185392783,-0.0011840251068607674
1c_risk,32,0.6646446276152767,True,92,21,59.0,40.0,20,16,3.4000000000000004,10,28,1.5,2.7,4.0,0.026000000000000002,0.65,90.7230471683996,1.3346330311606582,1.5196184791081484,36.40353945145393,125,45,80,36.0,36183.810000000005,27111.43,9072.380000000005,3770.8,0,1,97.15397220440002,1.8913084163593332,3.3521360085217826,16.166467857737235,64,29,35,45.3125,20615.64,10900.199999999997,9715.440000000002,2094.41,0,0,0.29146191661320003,0.2228271040898333,-0.006665530615641343,0.05470085470085471,0.09072304716839961,0.01673165155803291,-0.005134415899402545
1c_risk,33,0.6822510126473399,True,92,21,59.0,40.0,20,16,3.4000000000000004,10,28,1.5,2.7,3.5,0.029,0.7,104.26839732544961,1.3605100844435796,1.6033132575312297,36.43759639741052,125,45,80,36.0,39349.04000000001,28922.27,10426.770000000008,3939.11,0,1,100.7101930236,1.9042502471387128,3.3459126002617987,17.438462599895526,64,29,35,45.3125,21208.53,11137.47,10071.06,2090.0099999999998,0,0,0.3,0.2260625617846782,-0.01393407199940301,0.05470085470085471,0.1,0.018025504222178978,-0.0026038360609689725
1c_risk,34,0.6642476906721545,True,92,21,59.0,40.0,20,16,3.4000000000000004,10,28,1.5,2.7,3.0,0.029,0.75,102.12672798184951,1.371225284144194,1.6218685593545374,34.75068691582092,125,45,80,36.0,37723.34,27510.68,10212.659999999996,3705.72,0,1,93.99706071829999,1.9123539580439675,3.335616900726727,17.253359981514453,64,29,35,45.3125,19702.390000000003,10302.69,9399.700000000003,1912.26,0,0,0.2819911821549,0.22808848951099187,-0.012876342751511165,0.05470085470085471,0.1,0.018561264207209705,-0.0062177571502905525
1c_risk,35,0.6346048585279022,True,92,21,59.0,40.0,20,16,3.4000000000000004,10,28,1.5,2.7,4.0,0.024,0.65,81.0778285085495,1.323028530676154,1.470450486889686,35.43545490386451,125,45,80,36.0,33207.09,25099.300000000003,8107.789999999994,3526.34,0,1,90.69285799205008,1.8767825844005552,3.3406369397983005,15.035538463867118,64,29,35,45.3125,19413.12,10343.830000000002,9069.289999999997,2005.8,0,0,0.2720785739761502,0.2191956461001388,-0.00020307693638353089,0.05470085470085471,0.0810778285085495,0.0161514265338077,-0.008396394355215272
1c_risk,36,0.6822510126473399,True,92,21,59.0,40.0,20,16,3.4000000000000004,10,28,1.5,2.7,3.5,0.029,0.7,104.26839732544961,1.3605100844435796,1.6033132575312297,36.43759639741052,125,45,80,36.0,39349.04000000001,28922.27,10426.770000000008,3939.11,0,1,100.7101930236,1.9042502471387128,3.3459126002617987,17.438462599895526,64,29,35,45.3125,21208.53,11137.47,10071.06,2090.0099999999998,0,0,0.3,0.2260625617846782,-0.01393407199940301,0.05470085470085471,0.1,0.018025504222178978,-0.0026038360609689725
1c_risk,37,0.6651715474252657,True,92,21,59.0,40.0,20,16,3.4000000000000004,10,28,1.5,2.7,4.0,0.029,0.75,101.7817339735994,1.3211519432755874,1.4962362683118204,40.43304992999885,125,45,80,36.0,41871.11,31692.88,10178.23,4416.47,0,1,113.3808780715,1.875683515913177,3.345365781032964,17.87375782102412,64,29,35,45.3125,24285.899999999994,12947.759999999998,11338.139999999996,2500.38,0,0,0.3,0.21892087897829426,-0.016421473262994975,0.05470085470085471,0.1,0.01605759716377937,-0.00808631015466759
1c_risk,38,0.6179828911000225,True,92,21,59.0,40.0,20,16,3.4000000000000004,10,28,1.5,2.7,3.0,0.03,0.5,72.88005642704971,1.3720617634626422,1.5253023120833122,27.663634707692818,125,45,80,36.0,26876.33,19588.28,7288.050000000003,2498.04,0,1,74.47372745750006,2.0780443672420654,3.6029827076908316,13.722910562174734,64,29,35,45.3125,14355.65,6908.25,7447.4,1271.27,0,0,0.22342118237250017,0.25,-0.0,0.05470085470085471,0.07288005642704971,0.01860308817313211,-0.0016222905735141936
1c_risk,39,0.6792021492158138,True,92,21,59.0,40.0,20,16,3.4000000000000004,10,28,1.5,2.7,4.5,0.029,0.6000000000000001,104.19681333259945,1.3434384618274995,1.5601451551075258,38.45924979240697,125,45,80,36.0,40759.090000000004,30339.38,10419.710000000003,4179.84,0,1,108.69752677585005,1.903048258203446,3.367220169017724,17.670780626586183,64,29,35,45.3125,22906.440000000002,12036.710000000001,10869.730000000001,2296.13,0,0,0.3,0.2257620645508615,-0.015261603580492472,0.05470085470085471,0.1,0.017171923091374976,-0.0031710895467849795
1c_risk,40,0.35159309704994923,True,92,21,59.0,40.0,20,16,3.4000000000000004,10,28,1.5,2.7,4.5,0.007,0.55,17.589703989499867,1.25807062123684,1.1437523708752415,13.432153730111096,125,45,80,36.0,8575.11,6816.08,1759.0300000000007,1057.76,0,1,26.559796313400035,1.8687837126155922,3.3863387969145666,4.737161940755549,64,29,35,45.3125,5713.04,3057.0899999999997,2655.9500000000003,697.6,0,0,0.0796793889402001,0.21719592815389804,-0.0,0.05470085470085471,0.017589703989499866,0.012903531061842,-0.030476309796345462
1c_risk,41,0.6792021492158138,True,92,21,59.0,40.0,20,16,3.4000000000000004,10,28,1.5,2.7,4.5,0.029,0.6000000000000001,104.19681333259945,1.3434384618274995,1.5601451551075258,38.45924979240697,125,45,80,36.0,40759.090000000004,30339.38,10419.710000000003,4179.84,0,1,108.69752677585005,1.903048258203446,3.367220169017724,17.670780626586183,64,29,35,45.3125,22906.440000000002,12036.710000000001,10869.730000000001,2296.13,0,0,0.3,0.2257620645508615,-0.015261603580492472,0.05470085470085471,0.1,0.017171923091374976,-0.0031710895467849795
1c_risk,42,0.6792021492158138,True,92,21,59.0,40.0,20,16,3.4000000000000004,10,28,1.5,2.7,4.5,0.029,0.6000000000000001,104.19681333259945,1.3434384618274995,1.5601451551075258,38.45924979240697,125,45,80,36.0,40759.090000000004,30339.38,10419.710000000003,4179.84,0,1,108.69752677585005,1.903048258203446,3.367220169017724,17.670780626586183,64,29,35,45.3125,22906.440000000002,12036.710000000001,10869.730000000001,2296.13,0,0,0.3,0.2257620645508615,-0.015261603580492472,0.05470085470085471,0.1,0.017171923091374976,-0.0031710895467849795
1c_risk,43,0.6872710752102685,True,92,21,59.0,40.0,20,16,3.4000000000000004,10,28,1.5,2.7,5.0,0.028,0.5,100.13388316419957,1.3531741664973702,1.580452197150799,36.489761964366686,125,45,80,36.0,38366.06,28352.64,10013.419999999998,3889.43,0,1,101.04614466404993,1.9084387825281732,3.3638985462889837,17.015650086915795,64,29,35,45.3125,21227.66,11123.050000000001,10104.609999999999,2107.01,0,0,0.3,0.2271096956320433,-0.011518000496661684,0.05470085470085471,0.1,0.017658708324868513,-0.0006801829508363308
1c_risk,44,0.6872710752102685,True,92,21,59.0,40.0,20,16,3.4000000000000004,10,28,1.5,2.7,5.0,0.028,0.5,100.13388316419957,1.3531741664973702,1.580452197150799,36.489761964366686,125,45,80,36.0,38366.06,28352.64,10013.419999999998,3889.43,0,1,101.04614466404993,1.9084387825281732,3.3638985462889837,17.015650086915795,64,29,35,45.3125,21227.66,11123.050000000001,10104.609999999999,2107.01,0,0,0.3,0.2271096956320433,-0.011518000496661684,0.05470085470085471,0.1,0.017658708324868513,-0.0006801829508363308
1c_risk,45,0.6270345026305006,True,92,21,59.0,40.0,20,16,3.4000000000000004,10,28,1.5,2.7,5.0,0.026000000000000002,0.4,89.50026613129954,1.3786026596185705,1.6240267038260168,31.554229097787328,125,45,80,36.0,32589.450000000008,23639.480000000003,8949.970000000005,3185.87,0,1,81.50174789155008,1.9193816026215895,3.3379788870694713,15.600465963720325,64,29,35,45.3125,17015.03,8864.85,8150.1799999999985,1641.61,0,0,0.24450524367465024,0.22984540065539738,-0.0034312340784018558,0.05470085470085471,0.08950026613129955,0.018930132980928528,-0.007016161434227917
1c_risk,46,0.6542660066630288,True,92,21,59.0,40.0,20,16,3.4000000000000004,10,28,1.5,2.7,5.0,0.026000000000000002,0.45,91.86921876499953,1.3631531345636465,1.5957520414172837,33.67845551967504,125,45,80,36.0,34484.53,25297.620000000003,9186.909999999996,3461.71,0,1,89.53150588934997,1.9106255257127567,3.353873744314316,15.83642495840751,64,29,35,45.3125,18785.059999999998,9831.890000000001,8953.169999999996,1849.96,0,0,0.2685945176680499,0.22765638142818917,-0.004779571190900062,0.05470085470085471,0.09186921876499954,0.018157656728182325,-0.0019330514363467613
1c_risk,47,0.6872710752102685,True,92,21,59.0,40.0,20,16,3.4000000000000004,10,28,1.5,2.7,5.0,0.028,0.5,100.13388316419957,1.3531741664973702,1.580452197150799,36.489761964366686,125,45,80,36.0,38366.06,28352.64,10013.419999999998,3889.43,0,1,101.04614466404993,1.9084387825281732,3.3638985462889837,17.015650086915795,64,29,35,45.3125,21227.66,11123.050000000001,10104.609999999999,2107.01,0,0,0.3,0.2271096956320433,-0.011518000496661684,0.05470085470085471,0.1,0.017658708324868513,-0.0006801829508363308
1c_risk,48,0.6358211654036666,True,92,21,59.0,40.0,20,16,3.4000000000000004,10,28,1.5,2.7,5.0,0.024,0.5,81.9717724073994,1.330463367112582,1.4948854375942486,34.7134201104793,125,45,80,36.0,33002.37,24805.17,8197.200000000004,3469.64,0,1,89.23298304135005,1.8859654522600595,3.3467415790797364,15.035538463867118,64,29,35,45.3125,18995.18,10071.859999999999,8923.320000000002,1943.6,0,0,0.2676989491240502,0.22149136306501488,-0.00020307693638353089,0.05470085470085471,0.0819717724073994,0.016523168355629104,-0.006361865312898082
1c_risk,49,0.4302854286953946,True,92,21,59.0,40.0,20,16,3.4000000000000004,10,28,1.5,2.7,1.5,0.028,0.4,27.56853618004978,1.403191484694124,1.438676872001403,11.434588341120842,125,45,80,36.0,9594.420000000002,6837.57,2756.850000000002,860.87,0,1,26.727058613699956,2.125529038697206,3.6498719271027498,5.817869731538603,64,29,35,45.3125,5047.259999999999,2374.59,2672.669999999999,432.12,0,0,0.08018117584109986,0.25,-0.0,0.05470085470085471,0.027568536180049782,0.020159574234706202,-0.0023247122613159685
1c_risk,50,0.4771196057207775,True,92,21,59.0,40.0,20,16,3.4000000000000004,10,28,1.5,2.7,5.0,0.015,0.5,44.95720206374966,1.2948925410043064,1.3178295969417426,26.515029212605473,125,45,80,36.0,19741.09,15245.349999999999,4495.740000000002,2264.8,0,1,56.73434614280007,1.8395429846576379,3.3161842821451626,9.680889135104662,64,29,35,45.3125,12431.189999999999,6757.76,5673.4299999999985,1391.6100000000001,0,0,0.1702030384284002,0.20988574616440947,-0.0,0.05470085470085471,0.04495720206374967,0.014744627050215321,-0.017371862686851886
1c_risk,51,0.6765373998050908,True,92,21,59.0,40.0,20,16,3.4000000000000004,10,28,1.5,2.7,5.0,0.03,0.55,108.44457808404945,1.3440362344771926,1.5669417927290525,39.202537214028624,125,45,80,36.0,42365.85,31521.36,10844.489999999998,4332.28,0,1,112.42850225969994,1.9020442417595291,3.3657549748970665,18.179881656370263,64,29,35,45.3125,23706.68,12463.789999999999,11242.890000000001,2372.72,0,0,0.3,0.22551106043988228,-0.018170752322115787,0.05470085470085471,0.1,0.01720181172385963,-0.002705574737390058
1c_risk,52,0.6385952477809008,True,92,21,59.0,40.0,20,16,3.4000000000000004,10,28,1.5,2.7,5.0,0.028,0.4,91.83994384669964,1.3731941654150979,1.6013791253230771,32.718870486192834,125,45,80,36.0,33793.1,24609.120000000003,9183.979999999996,3274.3,0,1,85.04425587050002,1.9307915834405012,3.3468759690847802,16.517791561299617,64,29,35,45.3125,17641.16,9136.75,8504.41,1680.95,0,0,0.25513276761150006,0.2326978958601253,-0.008673094635997814,0.05470085470085471,0.09183994384669965,0.018659708270754895,-0.005762827873035987
1c_risk,53,0.5137228911961085,True,92,21,59.0,40.0,20,16,3.4000000000000004,10,28,1.5,2.7,4.0,0.03,0.25,48.0296427271498,1.3846997940717327,1.4426012639626777,18.626285330195586,125,45,80,36.0,17287.879999999997,12484.93,4802.949999999997,1565.64,0,1,47.51944828920003,2.11757913279069,3.64827289468145,9.512950935442191,64,29,35,45.3125,9004.009999999998,4252.03,4751.979999999999,778.56,0,0,0.14255834486760008,0.25,-0.0,0.05470085470085471,0.0480296427271498,0.019234989703586638,-0.0008009408030827881
1c_risk,54,0.6289980554168296,True,92,21,59.0,40.0,20,16,3.4000000000000004,10,28,1.5,2.7,4.5,0.026000000000000002,0.45,89.91086621484963,1.3773934957861713,1.6228410271436842,31.75852505185734,125,45,80,36.0,32814.94,23823.940000000002,8991.0,3216.27,0,1,82.19148433199996,1.91695403292654,3.336022144547714,15.624450052400283,64,29,35,45.3125,17182.79,8963.589999999998,8219.200000000003,1661.93,0,0,0.2465744529959999,0.229238508231635,-0.003568286013715901,0.05470085470085471,0.08991086621484964,0.018869674789308566,-0.006728015502102316
1c_risk,55,0.6872710752102685,True,92,21,59.0,40.0,20,16,3.4000000000000004,10,28,1.5,2.7,5.0,0.028,0.5,100.13388316419957,1.3531741664973702,1.580452197150799,36.489761964366686,125,45,80,36.0,38366.06,28352.64,10013.419999999998,3889.43,0,1,101.04614466404993,1.9084387825281732,3.3638985462889837,17.015650086915795,64,29,35,45.3125,21227.66,11123.050000000001,10104.609999999999,2107.01,0,0,0.3,0.2271096956320433,-0.011518000496661684,0.05470085470085471,0.1,0.017658708324868513,-0.0006801829508363308
1c_risk,56,0.6872710752102685,True,92,21,59.0,40.0,20,16,3.4000000000000004,10,28,1.5,2.7,5.0,0.028,0.5,100.13388316419957,1.3531741664973702,1.580452197150799,36.489761964366686,125,45,80,36.0,38366.06,28352.64,10013.419999999998,3889.43,0,1,101.04614466404993,1.9084387825281732,3.3638985462889837,17.015650086915795,64,29,35,45.3125,21227.66,11123.050000000001,10104.609999999999,2107.01,0,0,0.3,0.2271096956320433,-0.011518000496661684,0.05470085470085471,0.1,0.017658708324868513,-0.0006801829508363308
1c_risk,57,0.6803863398292669,True,92,21,59.0,40.0,20,16,3.4000000000000004,10,28,1.5,2.7,5.0,0.027,0.5,95.93014592674943,1.348828194742467,1.5640698428005086,36.13299974895188,125,45,80,36.0,37093.76,27500.73,9593.030000000002,3790.89,0,1,98.78527069845015,1.9079714001307002,3.3676359782676255,16.54617276508764,64,29,35,45.3125,20758.289999999994,10879.770000000002,9878.519999999991,2072.07,0,0,0.29635581209535045,0.22699285003267505,-0.008835272943357942,0.05470085470085471,0.09593014592674944,0.01744140973712335,-0.0021994597201282
1c_risk,58,0.4108783095629651,True,92,21,59.0,40.0,20,16,3.4000000000000004,10,28,1.5,2.7,1.0,0.024,0.5,22.704804320850016,1.4078563524796301,1.43765358598264,9.579021139712337,125,45,80,36.0,7837.4800000000005,5566.959999999999,2270.5200000000013,701.64,0,1,21.913434364900024,2.127104303503187,3.650201931086116,4.871359976227129,64,29,35,45.3125,4135.580000000001,1944.2299999999998,2191.3500000000013,353.27,0,0,0.06574030309470007,0.25,-0.0,0.05470085470085471,0.02270480432085002,0.02039281762398151,-0.0026604701774212
1c_risk,59,0.6542660066630288,True,92,21,59.0,40.0,20,16,3.4000000000000004,10,28,1.5,2.7,5.0,0.026000000000000002,0.45,91.86921876499953,1.3631531345636465,1.5957520414172837,33.67845551967504,125,45,80,36.0,34484.53,25297.620000000003,9186.909999999996,3461.71,0,1,89.53150588934997,1.9106255257127567,3.353873744314316,15.83642495840751,64,29,35,45.3125,18785.059999999998,9831.890000000001,8953.169999999996,1849.96,0,0,0.2685945176680499,0.22765638142818917,-0.004779571190900062,0.05470085470085471,0.09186921876499954,0.018157656728182325,-0.0019330514363467613
1c_risk,60,0.5717123491738716,True,92,21,59.0,40.0,20,16,3.4000000000000004,10,28,1.5,2.7,4.5,0.023000000000000003,0.35,70.86730875119956,1.3844177260164738,1.59612800821859,27.009901135304858,125,45,80,36.0,25521.81,18435.050000000003,7086.759999999998,2444.91,0,1,65.23881862295002,1.9496395861354203,3.362886793556976,13.455976222405155,64,29,35,45.3125,13393.79,6869.88,6523.910000000001,1255.87,0,0,0.19571645586885006,0.23740989653385508,-0.0,0.05470085470085471,0.07086730875119955,0.019220886300823692,-0.006203052981711551
1c_risk,61,0.6756189363049889,True,92,21,59.0,40.0,20,16,3.4000000000000004,10,28,1.5,2.7,5.0,0.028,0.55,99.18844234404943,1.3342284226636756,1.5298370113913433,38.41101839490442,125,45,80,36.0,39595.55,29676.739999999998,9918.810000000005,4114.38,0,1,106.18486387565001,1.891915183851199,3.356817349235345,17.248846319696494,64,29,35,45.3125,22523.78,11905.279999999999,10618.5,2284.61,0,0,0.3,0.22297879596279974,-0.01285055039826568,0.05470085470085471,0.09918844234404944,0.01671142113318378,-0.005110027437633087
1c_risk,62,0.6642476906721545,True,92,21,59.0,40.0,20,16,3.4000000000000004,10,28,1.5,2.7,5.0,0.029,0.45,102.12672798184951,1.371225284144194,1.6218685593545374,34.75068691582092,125,45,80,36.0,37723.34,27510.68,10212.659999999996,3705.72,0,1,93.99706071829999,1.9123539580439675,3.335616900726727,17.253359981514453,64,29,35,45.3125,19702.390000000003,10302.69,9399.700000000003,1912.26,0,0,0.2819911821549,0.22808848951099187,-0.012876342751511165,0.05470085470085471,0.1,0.018561264207209705,-0.0062177571502905525
1c_risk,63,0.6880275843917343,True,92,21,59.0,40.0,20,16,3.4000000000000004,10,28,1.5,2.7,4.5,0.028,0.55,100.14840066764947,1.3549677615556683,1.5850317688696158,36.28516431190924,125,45,80,36.0,38227.99,28213.21,10014.779999999999,3865.68,0,1,100.22070091554997,1.9080750339098687,3.360951890967806,16.992601024244284,64,29,35,45.3125,21058.679999999997,11036.61,10022.069999999996,2086.78,0,0,0.3,0.22701875847746716,-0.011386291567110192,0.05470085470085471,0.1,0.01774838807778342,-5.412529726082473e-05
1c_risk,64,0.6514453927446304,True,92,21,59.0,40.0,20,16,3.4000000000000004,10,28,1.5,2.7,4.5,0.025,0.55,86.9410051056995,1.3389164040222123,1.5264716911387641,35.083106392753436,125,45,80,36.0,34346.62,25652.55,8694.070000000003,3565.97,0,1,92.11919401214999,1.8964107254937264,3.355669987167557,15.571330386297182,64,29,35,45.3125,19488.370000000003,10276.449999999999,9211.920000000004,1971.61,0,0,0.27635758203644994,0.2241026813734316,-0.003264745064555328,0.05470085470085471,0.0869410051056995,0.016945820201110618,-0.004337805608360598
1c_risk,65,0.6803863398292669,True,92,21,59.0,40.0,20,16,3.4000000000000004,10,28,1.5,2.7,5.0,0.027,0.5,95.93014592674943,1.348828194742467,1.5640698428005086,36.13299974895188,125,45,80,36.0,37093.76,27500.73,9593.030000000002,3790.89,0,1,98.78527069845015,1.9079714001307002,3.3676359782676255,16.54617276508764,64,29,35,45.3125,20758.289999999994,10879.770000000002,9878.519999999991,2072.07,0,0,0.29635581209535045,0.22699285003267505,-0.008835272943357942,0.05470085470085471,0.09593014592674944,0.01744140973712335,-0.0021994597201282
1c_risk,66,0.6880275843917343,True,92,21,59.0,40.0,20,16,3.4000000000000004,10,28,1.5,2.7,4.5,0.028,0.55,100.14840066764947,1.3549677615556683,1.5850317688696158,36.28516431190924,125,45,80,36.0,38227.99,28213.21,10014.779999999999,3865.68,0,1,100.22070091554997,1.9080750339098687,3.360951890967806,16.992601024244284,64,29,35,45.3125,21058.679999999997,11036.61,10022.069999999996,2086.78,0,0,0.3,0.22701875847746716,-0.011386291567110192,0.05470085470085471,0.1,0.01774838807778342,-5.412529726082473e-05
1c_risk,67,0.6793732388337178,True,92,21,59.0,40.0,20,16,3.4000000000000004,10,28,1.5,2.7,4.5,0.027,0.55,95.94564158019959,1.3506371862719626,1.568824261805777,35.92829915742705,125,45,80,36.0,36957.850000000006,27363.27,9594.580000000005,3767.56,0,1,98.13571094214993,1.9087223687329617,3.366867564049478,16.52253481956058,64,29,35,45.3125,20612.979999999996,10799.359999999999,9813.619999999997,2053.53,0,0,0.29440713282644976,0.22718059218324044,-0.008700198968917598,0.05470085470085471,0.0959456415801996,0.01753185931359813,-0.0016926428017071894
1c_risk,68,0.6880275843917343,True,92,21,59.0,40.0,20,16,3.4000000000000004,10,28,1.5,2.7,4.5,0.028,0.55,100.14840066764947,1.3549677615556683,1.5850317688696158,36.28516431190924,125,45,80,36.0,38227.99,28213.21,10014.779999999999,3865.68,0,1,100.22070091554997,1.9080750339098687,3.360951890967806,16.992601024244284,64,29,35,45.3125,21058.679999999997,11036.61,10022.069999999996,2086.78,0,0,0.3,0.22701875847746716,-0.011386291567110192,0.05470085470085471,0.1,0.01774838807778342,-5.412529726082473e-05
1c_risk,69,0.6514453927446304,True,92,21,59.0,40.0,20,16,3.4000000000000004,10,28,1.5,2.7,4.5,0.025,0.55,86.9410051056995,1.3389164040222123,1.5264716911387641,35.083106392753436,125,45,80,36.0,34346.62,25652.55,8694.070000000003,3565.97,0,1,92.11919401214999,1.8964107254937264,3.355669987167557,15.571330386297182,64,29,35,45.3125,19488.370000000003,10276.449999999999,9211.920000000004,1971.61,0,0,0.27635758203644994,0.2241026813734316,-0.003264745064555328,0.05470085470085471,0.0869410051056995,0.016945820201110618,-0.004337805608360598
1c_risk,70,0.6289980554168296,True,92,21,59.0,40.0,20,16,3.4000000000000004,10,28,1.5,2.7,4.5,0.026000000000000002,0.45,89.91086621484963,1.3773934957861713,1.6228410271436842,31.75852505185734,125,45,80,36.0,32814.94,23823.940000000002,8991.0,3216.27,0,1,82.19148433199996,1.91695403292654,3.336022144547714,15.624450052400283,64,29,35,45.3125,17182.79,8963.589999999998,8219.200000000003,1661.93,0,0,0.2465744529959999,0.229238508231635,-0.003568286013715901,0.05470085470085471,0.08991086621484964,0.018869674789308566,-0.006728015502102316
1c_risk,71,0.6872710752102685,True,92,21,59.0,40.0,20,16,3.4000000000000004,10,28,1.5,2.7,5.0,0.028,0.5,100.13388316419957,1.3531741664973702,1.580452197150799,36.489761964366686,125,45,80,36.0,38366.06,28352.64,10013.419999999998,3889.43,0,1,101.04614466404993,1.9084387825281732,3.3638985462889837,17.015650086915795,64,29,35,45.3125,21227.66,11123.050000000001,10104.609999999999,2107.01,0,0,0.3,0.2271096956320433,-0.011518000496661684,0.05470085470085471,0.1,0.017658708324868513,-0.0006801829508363308
1c_risk,72,0.6872710752102685,True,92,21,59.0,40.0,20,16,3.4000000000000004,10,28,1.5,2.7,5.0,0.028,0.5,100.13388316419957,1.3531741664973702,1.580452197150799,36.489761964366686,125,45,80,36.0,38366.06,28352.64,10013.419999999998,3889.43,0,1,101.04614466404993,1.9084387825281732,3.3638985462889837,17.015650086915795,64,29,35,45.3125,21227.66,11123.050000000001,10104.609999999999,2107.01,0,0,0.3,0.2271096956320433,-0.011518000496661684,0.05470085470085471,0.1,0.017658708324868513,-0.0006801829508363308
1c_risk,73,0.6683685008279885,True,92,21,59.0,40.0,20,16,3.4000000000000004,10,28,1.5,2.7,4.5,0.03,0.5,104.05549417204966,1.3702248372329007,1.61705140114942,35.291651041784576,125,45,80,36.0,38511.69,28106.11,10405.580000000002,3764.57,0,1,95.84155298555011,1.917327164328245,3.3399396619816137,17.71887298687805,64,29,35,45.3125,20032.100000000002,10447.93,9584.170000000002,1933.56,0,0,0.2875246589566503,0.22933179108206125,-0.015536417067874576,0.05470085470085471,0.1,0.018511241861645034,-0.006163628705348241
1c_risk,74,0.6702689620728884,True,92,21,59.0,40.0,20,16,3.4000000000000004,10,28,1.5,2.7,5.0,0.027,0.55,94.37383691984938,1.3289399800838684,1.508402047170178,37.849853656238764,125,45,80,36.0,38127.700000000004,28690.309999999998,9437.390000000007,3996.36,0,1,102.69172896409992,1.8843175972243869,3.348296515892833,16.750142575744,64,29,35,45.3125,21881.769999999997,11612.57,10269.199999999997,2237.02,0,0,0.3,0.2210793993060967,-0.010000814718537145,0.05470085470085471,0.0943738369198494,0.01644699900419342,-0.006331313139568657
1c_risk,75,0.6607313596297776,True,92,21,59.0,40.0,20,16,3.4000000000000004,10,28,1.5,2.7,4.5,0.028,0.5,98.94592148614967,1.3691734942375284,1.6157761953550143,34.37092059815289,125,45,80,36.0,36696.40999999999,26801.870000000003,9894.539999999986,3628.81,0,1,92.29003913255,1.9086499173957312,3.335234203919949,16.782550855371568,64,29,35,45.3125,19385.890000000003,10156.859999999999,9229.030000000004,1891.65,0,0,0.27687011739765,0.2271624793489328,-0.010186004887837531,0.05470085470085471,0.09894592148614967,0.018458674711876424,-0.005220683127848523
1c_risk,76,0.6702689620728884,True,92,21,59.0,40.0,20,16,3.4000000000000004,10,28,1.5,2.7,5.0,0.027,0.55,94.37383691984938,1.3289399800838684,1.508402047170178,37.849853656238764,125,45,80,36.0,38127.700000000004,28690.309999999998,9437.390000000007,3996.36,0,1,102.69172896409992,1.8843175972243869,3.348296515892833,16.750142575744,64,29,35,45.3125,21881.769999999997,11612.57,10269.199999999997,2237.02,0,0,0.3,0.2210793993060967,-0.010000814718537145,0.05470085470085471,0.0943738369198494,0.01644699900419342,-0.006331313139568657
1c_risk,77,0.6583015586215432,True,92,21,59.0,40.0,20,16,3.4000000000000004,10,28,1.5,2.7,4.5,0.03,0.45,95.3558285811997,1.3695320834943203,1.5904450943508106,33.81223409845527,125,45,80,36.0,35339.94,25804.39,9535.550000000003,3401.63,0,1,89.84024071970002,1.9450636842171696,3.3707884945225617,17.02142647816163,64,29,35,45.3125,18490.32,9506.280000000002,8984.039999999997,1743.85,0,0,0.26952072215910006,0.2362659210542924,-0.011551008446637883,0.05470085470085471,0.0953558285811997,0.018476604174716017,-0.004467363601981874
1c_risk,78,0.6430994747233909,True,92,21,59.0,40.0,20,16,3.4000000000000004,10,28,1.5,2.7,5.0,0.025,0.6000000000000001,81.7476914253494,1.30240003847164,1.4065081415294827,38.32327188727128,125,45,80,36.0,35207.65,27032.9,8174.75,3841.41,0,1,98.89922414599991,1.850248328073323,3.327508650667891,15.610236966804269,64,29,35,45.3125,21521.7,11631.79,9889.91,2284.76,0,0,0.2966976724379997,0.21256208201833077,-0.0034870683817386804,0.05470085470085471,0.0817476914253494,0.015120001923582005,-0.014241759400987038
1c_risk,79,0.6610763461620167,True,92,21,59.0,40.0,20,16,3.4000000000000004,10,28,1.5,2.7,4.0,0.029,0.55,100.88677252844957,1.3724211353206264,1.6206262758087984,34.43046755010762,125,45,80,36.0,37178.11999999999,27089.44,10088.67999999999,3636.97,0,1,92.54280617155004,1.9168374822786027,3.3387860299288907,17.207241498145194,64,29,35,45.3125,19348.04,10093.73,9254.310000000001,1869.34,0,0,0.2776284185146501,0.22920937056965068,-0.012612808560829681,0.05470085470085471,0.1,0.01862105676603132,-0.0064705458283404295
1c_risk,80,0.6670728182700815,True,92,21,59.0,40.0,20,16,3.4000000000000004,10,28,1.5,2.7,5.0,0.026000000000000002,0.5,91.54551816739956,1.3435001478381852,1.5446765797144593,35.74931547659426,125,45,80,36.0,35805.299999999996,26650.760000000002,9154.539999999994,3691.25,0,1,95.8652197276499,1.9025592358163086,3.363761890404017,16.072159012727845,64,29,35,45.3125,20208.089999999997,10621.53,9586.559999999996,2031.99,0,0,0.28759565918294966,0.22563980895407715,-0.006126622929873399,0.05470085470085471,0.09154551816739957,0.017175007391909258,-0.0034574071972354498
1c_risk,81,0.6872710752102685,True,92,21,59.0,40.0,20,16,3.4000000000000004,10,28,1.5,2.7,5.0,0.028,0.5,100.13388316419957,1.3531741664973702,1.580452197150799,36.489761964366686,125,45,80,36.0,38366.06,28352.64,10013.419999999998,3889.43,0,1,101.04614466404993,1.9084387825281732,3.3638985462889837,17.015650086915795,64,29,35,45.3125,21227.66,11123.050000000001,10104.609999999999,2107.01,0,0,0.3,0.2271096956320433,-0.011518000496661684,0.05470085470085471,0.1,0.017658708324868513,-0.0006801829508363308
1c_risk,82,0.6872710752102685,True,92,21,59.0,40.0,20,16,3.4000000000000004,10,28,1.5,2.7,5.0,0.028,0.5,100.13388316419957,1.3531741664973702,1.580452197150799,36.489761964366686,125,45,80,36.0,38366.06,28352.64,10013.419999999998,3889.43,0,1,101.04614466404993,1.9084387825281732,3.3638985462889837,17.015650086915795,64,29,35,45.3125,21227.66,11123.050000000001,10104.609999999999,2107.01,0,0,0.3,0.2271096956320433,-0.011518000496661684,0.05470085470085471,0.1,0.017658708324868513,-0.0006801829508363308
1c_risk,83,0.6348969179294389,True,92,21,59.0,40.0,20,16,3.4000000000000004,10,28,1.5,2.7,4.5,0.027,0.45,91.88651239859966,1.3767348590485318,1.61829001264043,32.25249512081431,125,45,80,36.0,33578.99,24390.31,9188.679999999997,3272.44,0,1,83.9575382324,1.9226007654869344,3.3409704322549136,16.100112414468164,64,29,35,45.3125,17495.84,9100.090000000002,8395.749999999998,1681.72,0,0,0.25187261469719996,0.2306501913717336,-0.006286356654103795,0.05470085470085471,0.09188651239859967,0.01883674295242659,-0.006763641537271771
1c_risk,84,0.6770668949340283,True,92,21,59.0,40.0,20,16,3.4000000000000004,10,28,1.5,2.7,5.0,0.029,0.55,104.0868105254993,1.3400104923362175,1.5509872289576225,38.851491203567825,125,45,80,36.0,41021.50000000001,30612.82,10408.680000000008,4226.24,0,1,109.68184792819997,1.8992688258086943,3.365257947608377,17.71699601307412,64,29,35,45.3125,23165.04,12196.820000000002,10968.22,2332.09,0,0,0.3,0.22481720645217357,-0.015525691503280684,0.05470085470085471,0.1,0.017000524616810876,-0.0039259993325302025
1c_risk,85,0.6872710752102685,True,92,21,59.0,40.0,20,16,3.4000000000000004,10,28,1.5,2.7,5.0,0.028,0.5,100.13388316419957,1.3531741664973702,1.580452197150799,36.489761964366686,125,45,80,36.0,38366.06,28352.64,10013.419999999998,3889.43,0,1,101.04614466404993,1.9084387825281732,3.3638985462889837,17.015650086915795,64,29,35,45.3125,21227.66,11123.050000000001,10104.609999999999,2107.01,0,0,0.3,0.2271096956320433,-0.011518000496661684,0.05470085470085471,0.1,0.017658708324868513,-0.0006801829508363308
1c_risk,86,0.3239172299004797,True,92,21,59.0,40.0,20,16,3.4000000000000004,10,28,1.5,2.7,4.5,0.005,0.55,12.677816719899837,1.2645388931432309,1.157874120514579,9.752516488665837,125,45,80,36.0,6060.290000000002,4792.49,1267.800000000002,751.38,0,1,18.46789044815001,1.8631734413924288,3.372017207964051,3.459541949573542,64,29,35,45.3125,3986.3899999999994,2139.57,1846.8199999999993,495.67,0,0,0.055403671344450026,0.2157933603481072,-0.0,0.05470085470085471,0.012677816719899837,0.013226944657161545,-0.02788541786999362
1c_risk,87,0.6358211654036666,True,92,21,59.0,40.0,20,16,3.4000000000000004,10,28,1.5,2.7,5.0,0.024,0.5,81.9717724073994,1.330463367112582,1.4948854375942486,34.7134201104793,125,45,80,36.0,33002.37,24805.17,8197.200000000004,3469.64,0,1,89.23298304135005,1.8859654522600595,3.3467415790797364,15.035538463867118,64,29,35,45.3125,18995.18,10071.859999999999,8923.320000000002,1943.6,0,0,0.2676989491240502,0.22149136306501488,-0.00020307693638353089,0.05470085470085471,0.0819717724073994,0.016523168355629104,-0.006361865312898082
1c_risk,88,0.6777733995488321,True,92,21,59.0,40.0,20,16,3.4000000000000004,10,28,1.5,2.7,4.0,0.029,0.6000000000000001,103.84294151999944,1.363193101788767,1.6083920069908393,36.02599520235613,125,45,80,36.0,38976.09,28591.76,10384.329999999998,3883.56,0,1,98.81180836189996,1.9034961633274081,3.3379885108002636,17.392714916309878,64,29,35,45.3125,20817.699999999997,10936.56,9881.139999999998,2045.26,0,0,0.29643542508569987,0.22587404083185203,-0.013672656664627872,0.05470085470085471,0.1,0.018159655089438353,-0.0037239194943850017
1c_risk,89,0.6793732388337178,True,92,21,59.0,40.0,20,16,3.4000000000000004,10,28,1.5,2.7,4.5,0.027,0.55,95.94564158019959,1.3506371862719626,1.568824261805777,35.92829915742705,125,45,80,36.0,36957.850000000006,27363.27,9594.580000000005,3767.56,0,1,98.13571094214993,1.9087223687329617,3.366867564049478,16.52253481956058,64,29,35,45.3125,20612.979999999996,10799.359999999999,9813.619999999997,2053.53,0,0,0.29440713282644976,0.22718059218324044,-0.008700198968917598,0.05470085470085471,0.0959456415801996,0.01753185931359813,-0.0016926428017071894
1c_risk,90,0.6683685008279885,True,92,21,59.0,40.0,20,16,3.4000000000000004,10,28,1.5,2.7,5.0,0.03,0.45,104.05549417204966,1.3702248372329007,1.61705140114942,35.291651041784576,125,45,80,36.0,38511.69,28106.11,10405.580000000002,3764.57,0,1,95.84155298555011,1.917327164328245,3.3399396619816137,17.71887298687805,64,29,35,45.3125,20032.100000000002,10447.93,9584.170000000002,1933.56,0,0,0.2875246589566503,0.22933179108206125,-0.015536417067874576,0.05470085470085471,0.1,0.018511241861645034,-0.006163628705348241
1c_risk,91,0.6872710752102685,True,92,21,59.0,40.0,20,16,3.4000000000000004,10,28,1.5,2.7,5.0,0.028,0.5,100.13388316419957,1.3531741664973702,1.580452197150799,36.489761964366686,125,45,80,36.0,38366.06,28352.64,10013.419999999998,3889.43,0,1,101.04614466404993,1.9084387825281732,3.3638985462889837,17.015650086915795,64,29,35,45.3125,21227.66,11123.050000000001,10104.609999999999,2107.01,0,0,0.3,0.2271096956320433,-0.011518000496661684,0.05470085470085471,0.1,0.017658708324868513,-0.0006801829508363308
1c_risk,92,0.6670728182700815,True,92,21,59.0,40.0,20,16,3.4000000000000004,10,28,1.5,2.7,5.0,0.026000000000000002,0.5,91.54551816739956,1.3435001478381852,1.5446765797144593,35.74931547659426,125,45,80,36.0,35805.299999999996,26650.760000000002,9154.539999999994,3691.25,0,1,95.8652197276499,1.9025592358163086,3.363761890404017,16.072159012727845,64,29,35,45.3125,20208.089999999997,10621.53,9586.559999999996,2031.99,0,0,0.28759565918294966,0.22563980895407715,-0.006126622929873399,0.05470085470085471,0.09154551816739957,0.017175007391909258,-0.0034574071972354498
1c_risk,93,0.6872710752102685,True,92,21,59.0,40.0,20,16,3.4000000000000004,10,28,1.5,2.7,5.0,0.028,0.5,100.13388316419957,1.3531741664973702,1.580452197150799,36.489761964366686,125,45,80,36.0,38366.06,28352.64,10013.419999999998,3889.43,0,1,101.04614466404993,1.9084387825281732,3.3638985462889837,17.015650086915795,64,29,35,45.3125,21227.66,11123.050000000001,10104.609999999999,2107.01,0,0,0.3,0.2271096956320433,-0.011518000496661684,0.05470085470085471,0.1,0.017658708324868513,-0.0006801829508363308
1c_risk,94,0.682681728404184,True,92,21,59.0,40.0,20,16,3.4000000000000004,10,28,1.5,2.7,4.5,0.029,0.55,104.46279225724942,1.359155036110479,1.6006009715952525,36.64139701955263,125,45,80,36.0,39532.03,29085.739999999998,10446.29,3966.57,0,1,101.65771654285007,1.9045359419433598,3.3495449015990277,17.46216720716898,64,29,35,45.3125,21404.469999999998,11238.679999999998,10165.789999999999,2112.67,0,0,0.3,0.22613398548583996,-0.014069526898108468,0.05470085470085471,0.1,0.017957751805523947,-0.002041336689926216
1c_risk,95,0.6803863398292669,True,92,21,59.0,40.0,20,16,3.4000000000000004,10,28,1.5,2.7,5.0,0.027,0.5,95.93014592674943,1.348828194742467,1.5640698428005086,36.13299974895188,125,45,80,36.0,37093.76,27500.73,9593.030000000002,3790.89,0,1,98.78527069845015,1.9079714001307002,3.3676359782676255,16.54617276508764,64,29,35,45.3125,20758.289999999994,10879.770000000002,9878.519999999991,2072.07,0,0,0.29635581209535045,0.22699285003267505,-0.008835272943357942,0.05470085470085471,0.09593014592674944,0.01744140973712335,-0.0021994597201282
1c_risk,96,0.6404089077559749,True,92,21,59.0,40.0,20,16,3.4000000000000004,10,28,1.5,2.7,4.5,0.028,0.45,92.73609346354974,1.373129091715999,1.6039984430689707,32.89402842591509,125,45,80,36.0,34127.16,24853.57,9273.590000000004,3312.88,0,1,85.72636069215005,1.9280619154692318,3.3446332039114983,16.572774860493556,64,29,35,45.3125,17809.719999999998,9237.11,8572.609999999997,1701.49,0,0,0.2571790820764501,0.23201547886730794,-0.008987284917106037,0.05470085470085471,0.09273609346354975,0.018656454585799953,-0.00589177102088154
1c_risk,97,0.41276913810271654,True,92,21,59.0,40.0,20,16,3.4000000000000004,10,28,1.5,2.7,5.0,0.011,0.5,29.41013184314974,1.2683971859289147,1.2041958553791237,20.43229613819347,125,45,80,36.0,13898.83,10957.789999999999,2941.040000000001,1660.11,0,1,42.18885270715,1.8617727083316313,3.3632795551867947,7.195258958425142,64,29,35,45.3125,9114.42,4895.5599999999995,4218.860000000001,1061.64,0,0,0.12656655812144998,0.21544317708290783,-0.0,0.05470085470085471,0.02941013184314974,0.013419859296445735,-0.02677144294209148
1c_risk,98,0.6765373998050908,True,92,21,59.0,40.0,20,16,3.4000000000000004,10,28,1.5,2.7,5.0,0.03,0.55,108.44457808404945,1.3440362344771926,1.5669417927290525,39.202537214028624,125,45,80,36.0,42365.85,31521.36,10844.489999999998,4332.28,0,1,112.42850225969994,1.9020442417595291,3.3657549748970665,18.179881656370263,64,29,35,45.3125,23706.68,12463.789999999999,11242.890000000001,2372.72,0,0,0.3,0.22551106043988228,-0.018170752322115787,0.05470085470085471,0.1,0.01720181172385963,-0.002705574737390058
1c_risk,99,0.663478021261144,True,92,21,59.0,40.0,20,16,3.4000000000000004,10,28,1.5,2.7,4.5,0.026000000000000002,0.6000000000000001,89.81615538719959,1.3268237301889094,1.4955942419641037,37.0518899565506,125,45,80,36.0,36463.04,27481.449999999997,8981.590000000004,3838.12,0,1,98.62980148965002,1.8820184828469377,3.346173082612282,16.18276859274621,64,29,35,45.3125,21045.219999999994,11182.259999999998,9862.959999999995,2158.47,0,0,0.29588940446895,0.22050462071173443,-0.00675867767283549,0.05470085470085471,0.08981615538719959,0.016341186509445473,-0.007015522844204768
1c_risk,100,0.6607313596297776,True,92,21,59.0,40.0,20,16,3.4000000000000004,10,28,1.5,2.7,5.0,0.028,0.45,98.94592148614967,1.3691734942375284,1.6157761953550143,34.37092059815289,125,45,80,36.0,36696.40999999999,26801.870000000003,9894.539999999986,3628.81,0,1,92.29003913255,1.9086499173957312,3.335234203919949,16.782550855371568,64,29,35,45.3125,19385.890000000003,10156.859999999999,9229.030000000004,1891.65,0,0,0.27687011739765,0.2271624793489328,-0.010186004887837531,0.05470085470085471,0.09894592148614967,0.018458674711876424,-0.005220683127848523
1c_risk,101,0.6872710752102685,True,92,21,59.0,40.0,20,16,3.4000000000000004,10,28,1.5,2.7,5.0,0.028,0.5,100.13388316419957,1.3531741664973702,1.580452197150799,36.489761964366686,125,45,80,36.0,38366.06,28352.64,10013.419999999998,3889.43,0,1,101.04614466404993,1.9084387825281732,3.3638985462889837,17.015650086915795,64,29,35,45.3125,21227.66,11123.050000000001,10104.609999999999,2107.01,0,0,0.3,0.2271096956320433,-0.011518000496661684,0.05470085470085471,0.1,0.017658708324868513,-0.0006801829508363308
1c_risk,102,0.6803863398292669,True,92,21,59.0,40.0,20,16,3.4000000000000004,10,28,1.5,2.7,5.0,0.027,0.5,95.93014592674943,1.348828194742467,1.5640698428005086,36.13299974895188,125,45,80,36.0,37093.76,27500.73,9593.030000000002,3790.89,0,1,98.78527069845015,1.9079714001307002,3.3676359782676255,16.54617276508764,64,29,35,45.3125,20758.289999999994,10879.770000000002,9878.519999999991,2072.07,0,0,0.29635581209535045,0.22699285003267505,-0.008835272943357942,0.05470085470085471,0.09593014592674944,0.01744140973712335,-0.0021994597201282
1c_risk,103,0.6830891738040329,True,92,21,59.0,40.0,20,16,3.4000000000000004,10,28,1.5,2.7,5.0,0.029,0.5,104.40711379409969,1.3572709096203706,1.5957737070020688,36.845737635530384,125,45,80,36.0,39664.22,29223.510000000002,10440.71,3990.02,0,1,102.52938255450013,1.9043482709409056,3.351682207386474,17.4852103053028,64,29,35,45.3125,21590.32,11337.379999999997,10252.940000000002,2134.54,0,0,0.3,0.2260870677352264,-0.01420120174458743,0.05470085470085471,0.1,0.01786354548101853,-0.0013610923684793462
1c_risk,104,0.6880275843917343,True,92,21,59.0,40.0,20,16,3.4000000000000004,10,28,1.5,2.7,4.5,0.028,0.55,100.14840066764947,1.3549677615556683,1.5850317688696158,36.28516431190924,125,45,80,36.0,38227.99,28213.21,10014.779999999999,3865.68,0,1,100.22070091554997,1.9080750339098687,3.360951890967806,16.992601024244284,64,29,35,45.3125,21058.679999999997,11036.61,10022.069999999996,2086.78,0,0,0.3,0.22701875847746716,-0.011386291567110192,0.05470085470085471,0.1,0.01774838807778342,-5.412529726082473e-05
1c_risk,105,0.682681728404184,True,92,21,59.0,40.0,20,16,3.4000000000000004,10,28,1.5,2.7,4.5,0.029,0.55,104.46279225724942,1.359155036110479,1.6006009715952525,36.64139701955263,125,45,80,36.0,39532.03,29085.739999999998,10446.29,3966.57,0,1,101.65771654285007,1.9045359419433598,3.3495449015990277,17.46216720716898,64,29,35,45.3125,21404.469999999998,11238.679999999998,10165.789999999999,2112.67,0,0,0.3,0.22613398548583996,-0.014069526898108468,0.05470085470085471,0.1,0.017957751805523947,-0.002041336689926216
1c_risk,106,0.6506336766997977,True,92,21,59.0,40.0,20,16,3.4000000000000004,10,28,1.5,2.7,4.0,0.027,0.55,95.07734821069964,1.3694472173574816,1.6126007370651105,33.6077907352816,125,45,80,36.0,35242.82000000001,25735.07,9507.750000000007,3492.55,0,1,89.10297116034995,1.908657037877791,3.3360945201283103,16.264272148062407,64,29,35,45.3125,18716.309999999998,9806.01,8910.299999999997,1828.38,0,0,0.26730891348104985,0.22716425946944774,-0.007224412274642326,0.05470085470085471,0.09507734821069964,0.018472360867874082,-0.00486564775548606
1c_risk,107,0.6782786730334143,True,92,21,59.0,40.0,20,16,3.4000000000000004,10,28,1.5,2.7,4.5,0.03,0.6000000000000001,108.51375965729947,1.3473358127189987,1.5755678514372837,38.807488775900204,125,45,80,36.0,42092.939999999995,31241.61,10851.329999999994,4284.65,0,1,111.04855226930009,1.903414466678219,3.3639107323778443,18.134403309670496,64,29,35,45.3125,23396.98,12292.109999999999,11104.87,2333.2599999999998,0,0,0.3,0.22585361666955472,-0.01791087605525998,0.05470085470085471,0.1,0.017366790635949935,-0.001731712917685075
1c_risk,108,0.6673809312355218,True,92,21,59.0,40.0,20,16,3.4000000000000004,10,28,1.5,2.7,4.5,0.026000000000000002,0.55,91.73025027044957,1.345814813558172,1.5509361599892504,35.559050641340285,125,45,80,36.0,35698.68,26525.699999999997,9172.980000000003,3670.17,0,1,95.46905600539998,1.9049563157550495,3.3655583115775576,16.048479659152747,64,29,35,45.3125,20096.469999999998,10549.57,9546.899999999998,2015.68,0,0,0.2864071680161999,0.22623907893876238,-0.005991312338015697,0.05470085470085471,0.09173025027044958,0.0172907406779086,-0.0029958490306377364
1c_risk,109,0.655756963325144,True,92,21,59.0,40.0,20,16,3.4000000000000004,10,28,1.5,2.7,4.0,0.028,0.55,98.40408604949941,1.372089250812116,1.6207905782584529,33.945693604334096,125,45,80,36.0,36286.78000000001,26446.369999999995,9840.410000000018,3570.43,0,1,90.71642809875003,1.9116649783330515,3.334006091480325,16.736094671741007,64,29,35,45.3125,19022.289999999997,9950.640000000001,9071.649999999996,1848.38,0,0,0.27214928429625007,0.22791624458326287,-0.009920540981377186,0.05470085470085471,0.09840408604949942,0.018604462540605805,-0.006097427863951697
1c_risk,110,0.47769013770552243,True,92,21,59.0,40.0,20,16,3.4000000000000004,10,28,1.5,2.7,4.5,0.015,0.5,46.866729236799706,1.3097525979103037,1.3698607044700097,26.320880769945255,125,45,80,36.0,19817.12,15130.43,4686.689999999999,2229.14,0,1,54.94877678200007,1.8307819773726852,3.2828790151671123,9.680889135104662,64,29,35,45.3125,12109.029999999999,6614.13,5494.899999999999,1334.38,0,0,0.16484633034600019,0.2076954943431713,-0.0,0.05470085470085471,0.046866729236799715,0.015487629895515187,-0.011906900816818678
1c_risk,111,0.6872710752102685,True,92,21,59.0,40.0,20,16,3.4000000000000004,10,28,1.5,2.7,5.0,0.028,0.5,100.13388316419957,1.3531741664973702,1.580452197150799,36.489761964366686,125,45,80,36.0,38366.06,28352.64,10013.419999999998,3889.43,0,1,101.04614466404993,1.9084387825281732,3.3638985462889837,17.015650086915795,64,29,35,45.3125,21227.66,11123.050000000001,10104.609999999999,2107.01,0,0,0.3,0.2271096956320433,-0.011518000496661684,0.05470085470085471,0.1,0.017658708324868513,-0.0006801829508363308
1c_risk,112,0.6830891738040329,True,92,21,59.0,40.0,20,16,3.4000000000000004,10,28,1.5,2.7,5.0,0.029,0.5,104.40711379409969,1.3572709096203706,1.5957737070020688,36.845737635530384,125,45,80,36.0,39664.22,29223.510000000002,10440.71,3990.02,0,1,102.52938255450013,1.9043482709409056,3.351682207386474,17.4852103053028,64,29,35,45.3125,21590.32,11337.379999999997,10252.940000000002,2134.54,0,0,0.3,0.2260870677352264,-0.01420120174458743,0.05470085470085471,0.1,0.01786354548101853,-0.0013610923684793462
1c_risk,113,0.6567292760227742,True,92,21,59.0,40.0,20,16,3.4000000000000004,10,28,1.5,2.7,5.0,0.027,0.45,95.60557332044965,1.366707899667643,1.6078122186731325,34.04448941166111,125,45,80,36.0,35631.92,26071.35,9560.57,3548.6,0,1,90.8273904604001,1.9077767228024585,3.341464678302096,16.311533071705448,64,29,35,45.3125,19088.26,10005.5,9082.759999999998,1871.71,0,0,0.2724821713812003,0.22694418070061462,-0.007494474695459701,0.05470085470085471,0.09560557332044967,0.018335394983382148,-0.0038444243682675115
1c_risk,114,0.6770668949340283,True,92,21,59.0,40.0,20,16,3.4000000000000004,10,28,1.5,2.7,5.0,0.029,0.55,104.0868105254993,1.3400104923362175,1.5509872289576225,38.851491203567825,125,45,80,36.0,41021.50000000001,30612.82,10408.680000000008,4226.24,0,1,109.68184792819997,1.8992688258086943,3.365257947608377,17.71699601307412,64,29,35,45.3125,23165.04,12196.820000000002,10968.22,2332.09,0,0,0.3,0.22481720645217357,-0.015525691503280684,0.05470085470085471,0.1,0.017000524616810876,-0.0039259993325302025
1c_risk,115,0.6567292760227742,True,92,21,59.0,40.0,20,16,3.4000000000000004,10,28,1.5,2.7,4.5,0.027,0.5,95.60557332044965,1.366707899667643,1.6078122186731325,34.04448941166111,125,45,80,36.0,35631.92,26071.35,9560.57,3548.6,0,1,90.8273904604001,1.9077767228024585,3.341464678302096,16.311533071705448,64,29,35,45.3125,19088.26,10005.5,9082.759999999998,1871.71,0,0,0.2724821713812003,0.22694418070061462,-0.007494474695459701,0.05470085470085471,0.09560557332044967,0.018335394983382148,-0.0038444243682675115
1c_risk,116,0.6872710752102685,True,92,21,59.0,40.0,20,16,3.4000000000000004,10,28,1.5,2.7,5.0,0.028,0.5,100.13388316419957,1.3531741664973702,1.580452197150799,36.489761964366686,125,45,80,36.0,38366.06,28352.64,10013.419999999998,3889.43,0,1,101.04614466404993,1.9084387825281732,3.3638985462889837,17.015650086915795,64,29,35,45.3125,21227.66,11123.050000000001,10104.609999999999,2107.01,0,0,0.3,0.2271096956320433,-0.011518000496661684,0.05470085470085471,0.1,0.017658708324868513,-0.0006801829508363308
1c_risk,117,0.6514453927446304,True,92,21,59.0,40.0,20,16,3.4000000000000004,10,28,1.5,2.7,4.5,0.025,0.55,86.9410051056995,1.3389164040222123,1.5264716911387641,35.083106392753436,125,45,80,36.0,34346.62,25652.55,8694.070000000003,3565.97,0,1,92.11919401214999,1.8964107254937264,3.355669987167557,15.571330386297182,64,29,35,45.3125,19488.370000000003,10276.449999999999,9211.920000000004,1971.61,0,0,0.27635758203644994,0.2241026813734316,-0.003264745064555328,0.05470085470085471,0.0869410051056995,0.016945820201110618,-0.004337805608360598
1c_risk,118,0.6542660066630288,True,92,21,59.0,40.0,20,16,3.4000000000000004,10,28,1.5,2.7,5.0,0.026000000000000002,0.45,91.86921876499953,1.3631531345636465,1.5957520414172837,33.67845551967504,125,45,80,36.0,34484.53,25297.620000000003,9186.909999999996,3461.71,0,1,89.53150588934997,1.9106255257127567,3.353873744314316,15.83642495840751,64,29,35,45.3125,18785.059999999998,9831.890000000001,8953.169999999996,1849.96,0,0,0.2685945176680499,0.22765638142818917,-0.004779571190900062,0.05470085470085471,0.09186921876499954,0.018157656728182325,-0.0019330514363467613
1c_risk,119,0.6642476906721545,True,92,21,59.0,40.0,20,16,3.4000000000000004,10,28,1.5,2.7,4.5,0.029,0.5,102.12672798184951,1.371225284144194,1.6218685593545374,34.75068691582092,125,45,80,36.0,37723.34,27510.68,10212.659999999996,3705.72,0,1,93.99706071829999,1.9123539580439675,3.335616900726727,17.253359981514453,64,29,35,45.3125,19702.390000000003,10302.69,9399.700000000003,1912.26,0,0,0.2819911821549,0.22808848951099187,-0.012876342751511165,0.05470085470085471,0.1,0.018561264207209705,-0.0062177571502905525
1c_risk,120,0.6765373998050908,True,92,21,59.0,40.0,20,16,3.4000000000000004,10,28,1.5,2.7,5.0,0.03,0.55,108.44457808404945,1.3440362344771926,1.5669417927290525,39.202537214028624,125,45,80,36.0,42365.85,31521.36,10844.489999999998,4332.28,0,1,112.42850225969994,1.9020442417595291,3.3657549748970665,18.179881656370263,64,29,35,45.3125,23706.68,12463.789999999999,11242.890000000001,2372.72,0,0,0.3,0.22551106043988228,-0.018170752322115787,0.05470085470085471,0.1,0.01720181172385963,-0.002705574737390058
1c_risk,121,0.6872710752102685,True,92,21,59.0,40.0,20,16,3.4000000000000004,10,28,1.5,2.7,5.0,0.028,0.5,100.13388316419957,1.3531741664973702,1.580452197150799,36.489761964366686,125,45,80,36.0,38366.06,28352.64,10013.419999999998,3889.43,0,1,101.04614466404993,1.9084387825281732,3.3638985462889837,17.015650086915795,64,29,35,45.3125,21227.66,11123.050000000001,10104.609999999999,2107.01,0,0,0.3,0.2271096956320433,-0.011518000496661684,0.05470085470085471,0.1,0.017658708324868513,-0.0006801829508363308
1c_risk,122,0.6872710752102685,True,92,21,59.0,40.0,20,16,3.4000000000000004,10,28,1.5,2.7,5.0,0.028,0.5,100.13388316419957,1.3531741664973702,1.580452197150799,36.489761964366686,125,45,80,36.0,38366.06,28352.64,10013.419999999998,3889.43,0,1,101.04614466404993,1.9084387825281732,3.3638985462889837,17.015650086915795,64,29,35,45.3125,21227.66,11123.050000000001,10104.609999999999,2107.01,0,0,0.3,0.2271096956320433,-0.011518000496661684,0.05470085470085471,0.1,0.017658708324868513,-0.0006801829508363308
1c_risk,123,0.6803863398292669,True,92,21,59.0,40.0,20,16,3.4000000000000004,10,28,1.5,2.7,5.0,0.027,0.5,95.93014592674943,1.348828194742467,1.5640698428005086,36.13299974895188,125,45,80,36.0,37093.76,27500.73,9593.030000000002,3790.89,0,1,98.78527069845015,1.9079714001307002,3.3676359782676255,16.54617276508764,64,29,35,45.3125,20758.289999999994,10879.770000000002,9878.519999999991,2072.07,0,0,0.29635581209535045,0.22699285003267505,-0.008835272943357942,0.05470085470085471,0.09593014592674944,0.01744140973712335,-0.0021994597201282
1c_risk,124,0.6607313596297776,True,92,21,59.0,40.0,20,16,3.4000000000000004,10,28,1.5,2.7,5.0,0.028,0.45,98.94592148614967,1.3691734942375284,1.6157761953550143,34.37092059815289,125,45,80,36.0,36696.40999999999,26801.870000000003,9894.539999999986,3628.81,0,1,92.29003913255,1.9086499173957312,3.335234203919949,16.782550855371568,64,29,35,45.3125,19385.890000000003,10156.859999999999,9229.030000000004,1891.65,0,0,0.27687011739765,0.2271624793489328,-0.010186004887837531,0.05470085470085471,0.09894592148614967,0.018458674711876424,-0.005220683127848523
1c_risk,125,0.6642476906721545,True,92,21,59.0,40.0,20,16,3.4000000000000004,10,28,1.5,2.7,4.5,0.029,0.5,102.12672798184951,1.371225284144194,1.6218685593545374,34.75068691582092,125,45,80,36.0,37723.34,27510.68,10212.659999999996,3705.72,0,1,93.99706071829999,1.9123539580439675,3.335616900726727,17.253359981514453,64,29,35,45.3125,19702.390000000003,10302.69,9399.700000000003,1912.26,0,0,0.2819911821549,0.22808848951099187,-0.012876342751511165,0.05470085470085471,0.1,0.018561264207209705,-0.0062177571502905525
1c_risk,126,0.6702689620728884,True,92,21,59.0,40.0,20,16,3.4000000000000004,10,28,1.5,2.7,5.0,0.027,0.55,94.37383691984938,1.3289399800838684,1.508402047170178,37.849853656238764,125,45,80,36.0,38127.700000000004,28690.309999999998,9437.390000000007,3996.36,0,1,102.69172896409992,1.8843175972243869,3.348296515892833,16.750142575744,64,29,35,45.3125,21881.769999999997,11612.57,10269.199999999997,2237.02,0,0,0.3,0.2210793993060967,-0.010000814718537145,0.05470085470085471,0.0943738369198494,0.01644699900419342,-0.006331313139568657
1c_risk,127,0.4302854286953946,True,92,21,59.0,40.0,20,16,3.4000000000000004,10,28,1.5,2.7,2.0,0.026000000000000002,0.3,27.56853618004978,1.403191484694124,1.438676872001403,11.434588341120842,125,45,80,36.0,9594.420000000002,6837.57,2756.850000000002,860.87,0,1,26.727058613699956,2.125529038697206,3.6498719271027498,5.817869731538603,64,29,35,45.3125,5047.259999999999,2374.59,2672.669999999999,432.12,0,0,0.08018117584109986,0.25,-0.0,0.05470085470085471,0.027568536180049782,0.020159574234706202,-0.0023247122613159685
1c_risk,128,0.6756189363049889,True,92,21,59.0,40.0,20,16,3.4000000000000004,10,28,1.5,2.7,5.0,0.028,0.55,99.18844234404943,1.3342284226636756,1.5298370113913433,38.41101839490442,125,45,80,36.0,39595.55,29676.739999999998,9918.810000000005,4114.38,0,1,106.18486387565001,1.891915183851199,3.356817349235345,17.248846319696494,64,29,35,45.3125,22523.78,11905.279999999999,10618.5,2284.61,0,0,0.3,0.22297879596279974,-0.01285055039826568,0.05470085470085471,0.09918844234404944,0.01671142113318378,-0.005110027437633087
1c_risk,129,0.6683685008279885,True,92,21,59.0,40.0,20,16,3.4000000000000004,10,28,1.5,2.7,4.5,0.03,0.5,104.05549417204966,1.3702248372329007,1.61705140114942,35.291651041784576,125,45,80,36.0,38511.69,28106.11,10405.580000000002,3764.57,0,1,95.84155298555011,1.917327164328245,3.3399396619816137,17.71887298687805,64,29,35,45.3125,20032.100000000002,10447.93,9584.170000000002,1933.56,0,0,0.2875246589566503,0.22933179108206125,-0.015536417067874576,0.05470085470085471,0.1,0.018511241861645034,-0.006163628705348241
1c_risk,130,0.6642476906721545,True,92,21,59.0,40.0,20,16,3.4000000000000004,10,28,1.5,2.7,5.0,0.029,0.45,102.12672798184951,1.371225284144194,1.6218685593545374,34.75068691582092,125,45,80,36.0,37723.34,27510.68,10212.659999999996,3705.72,0,1,93.99706071829999,1.9123539580439675,3.335616900726727,17.253359981514453,64,29,35,45.3125,19702.390000000003,10302.69,9399.700000000003,1912.26,0,0,0.2819911821549,0.22808848951099187,-0.012876342751511165,0.05470085470085471,0.1,0.018561264207209705,-0.0062177571502905525
1c_risk,131,0.6872710752102685,True,92,21,59.0,40.0,20,16,3.4000000000000004,10,28,1.5,2.7,5.0,0.028,0.5,100.13388316419957,1.3531741664973702,1.580452197150799,36.489761964366686,125,45,80,36.0,38366.06,28352.64,10013.419999999998,3889.43,0,1,101.04614466404993,1.9084387825281732,3.3638985462889837,17.015650086915795,64,29,35,45.3125,21227.66,11123.050000000001,10104.609999999999,2107.01,0,0,0.3,0.2271096956320433,-0.011518000496661684,0.05470085470085471,0.1,0.017658708324868513,-0.0006801829508363308
1c_risk,132,0.6803863398292669,True,92,21,59.0,40.0,20,16,3.4000000000000004,10,28,1.5,2.7,5.0,0.027,0.5,95.93014592674943,1.348828194742467,1.5640698428005086,36.13299974895188,125,45,80,36.0,37093.76,27500.73,9593.030000000002,3790.89,0,1,98.78527069845015,1.9079714001307002,3.3676359782676255,16.54617276508764,64,29,35,45.3125,20758.289999999994,10879.770000000002,9878.519999999991,2072.07,0,0,0.29635581209535045,0.22699285003267505,-0.008835272943357942,0.05470085470085471,0.09593014592674944,0.01744140973712335,-0.0021994597201282
1c_risk,133,0.6872710752102685,True,92,21,59.0,40.0,20,16,3.4000000000000004,10,28,1.5,2.7,5.0,0.028,0.5,100.13388316419957,1.3531741664973702,1.580452197150799,36.489761964366686,125,45,80,36.0,38366.06,28352.64,10013.419999999998,3889.43,0,1,101.04614466404993,1.9084387825281732,3.3638985462889837,17.015650086915795,64,29,35,45.3125,21227.66,11123.050000000001,10104.609999999999,2107.01,0,0,0.3,0.2271096956320433,-0.011518000496661684,0.05470085470085471,0.1,0.017658708324868513,-0.0006801829508363308
1c_risk,134,0.6618388093374371,True,92,21,59.0,40.0,20,16,3.4000000000000004,10,28,1.5,2.7,5.0,0.028,0.6000000000000001,96.72126929884939,1.3166407548506496,1.4748490969096033,39.99581461126196,125,45,80,36.0,40217.990000000005,30545.91,9672.080000000005,4275.87,0,1,109.94675162114996,1.869598367527722,3.3405977072414137,17.312776688725716,64,29,35,45.3125,23638.079999999998,12643.4,10994.679999999998,2451.2,0,0,0.3,0.21739959188193048,-0.013215866792718379,0.05470085470085471,0.09672126929884939,0.01583203774253248,-0.009599077494011602
1c_risk,135,0.6642476906721545,True,92,21,59.0,40.0,20,16,3.4000000000000004,10,28,1.5,2.7,4.5,0.029,0.5,102.12672798184951,1.371225284144194,1.6218685593545374,34.75068691582092,125,45,80,36.0,37723.34,27510.68,10212.659999999996,3705.72,0,1,93.99706071829999,1.9123539580439675,3.335616900726727,17.253359981514453,64,29,35,45.3125,19702.390000000003,10302.69,9399.700000000003,1912.26,0,0,0.2819911821549,0.22808848951099187,-0.012876342751511165,0.05470085470085471,0.1,0.018561264207209705,-0.0062177571502905525
1c_risk,136,0.6702689620728884,True,92,21,59.0,40.0,20,16,3.4000000000000004,10,28,1.5,2.7,5.0,0.027,0.55,94.37383691984938,1.3289399800838684,1.508402047170178,37.849853656238764,125,45,80,36.0,38127.700000000004,28690.309999999998,9437.390000000007,3996.36,0,1,102.69172896409992,1.8843175972243869,3.348296515892833,16.750142575744,64,29,35,45.3125,21881.769999999997,11612.57,10269.199999999997,2237.02,0,0,0.3,0.2210793993060967,-0.010000814718537145,0.05470085470085471,0.0943738369198494,0.01644699900419342,-0.006331313139568657
1c_risk,137,0.6872710752102685,True,92,21,59.0,40.0,20,16,3.4000000000000004,10,28,1.5,2.7,5.0,0.028,0.5,100.13388316419957,1.3531741664973702,1.580452197150799,36.489761964366686,125,45,80,36.0,38366.06,28352.64,10013.419999999998,3889.43,0,1,101.04614466404993,1.9084387825281732,3.3638985462889837,17.015650086915795,64,29,35,45.3125,21227.66,11123.050000000001,10104.609999999999,2107.01,0,0,0.3,0.2271096956320433,-0.011518000496661684,0.05470085470085471,0.1,0.017658708324868513,-0.0006801829508363308
1c_risk,138,0.6542660066630288,True,92,21,59.0,40.0,20,16,3.4000000000000004,10,28,1.5,2.7,4.5,0.026000000000000002,0.5,91.86921876499953,1.3631531345636465,1.5957520414172837,33.67845551967504,125,45,80,36.0,34484.53,25297.620000000003,9186.909999999996,3461.71,0,1,89.53150588934997,1.9106255257127567,3.353873744314316,15.83642495840751,64,29,35,45.3125,18785.059999999998,9831.890000000001,8953.169999999996,1849.96,0,0,0.2685945176680499,0.22765638142818917,-0.004779571190900062,0.05470085470085471,0.09186921876499954,0.018157656728182325,-0.0019330514363467613
1c_risk,139,0.6642476906721545,True,92,21,59.0,40.0,20,16,3.4000000000000004,10,28,1.5,2.7,5.0,0.029,0.45,102.12672798184951,1.371225284144194,1.6218685593545374,34.75068691582092,125,45,80,36.0,37723.34,27510.68,10212.659999999996,3705.72,0,1,93.99706071829999,1.9123539580439675,3.335616900726727,17.253359981514453,64,29,35,45.3125,19702.390000000003,10302.69,9399.700000000003,1912.26,0,0,0.2819911821549,0.22808848951099187,-0.012876342751511165,0.05470085470085471,0.1,0.018561264207209705,-0.0062177571502905525
1c_risk,140,0.677854336399103,True,92,21,59.0,40.0,20,16,3.4000000000000004,10,28,1.5,2.7,4.5,0.03,0.55,107.98244346559964,1.3612862730822621,1.6083343765587974,36.99954986053758,125,45,80,36.0,40686.409999999996,29888.21,10798.199999999997,4055.55,0,1,102.91645027529998,1.9016638324304955,3.3370044961377023,17.926638148274275,64,29,35,45.3125,21705.61,11414.01,10291.6,2134.5,0,0,0.3,0.22541595810762388,-0.016723646561567287,0.05470085470085471,0.1,0.018064313654113106,-0.003603143501921473
1c_risk,141,0.6872710752102685,True,92,21,59.0,40.0,20,16,3.4000000000000004,10,28,1.5,2.7,5.0,0.028,0.5,100.13388316419957,1.3531741664973702,1.580452197150799,36.489761964366686,125,45,80,36.0,38366.06,28352.64,10013.419999999998,3889.43,0,1,101.04614466404993,1.9084387825281732,3.3638985462889837,17.015650086915795,64,29,35,45.3125,21227.66,11123.050000000001,10104.609999999999,2107.01,0,0,0.3,0.2271096956320433,-0.011518000496661684,0.05470085470085471,0.1,0.017658708324868513,-0.0006801829508363308
1c_risk,142,0.6803863398292669,True,92,21,59.0,40.0,20,16,3.4000000000000004,10,28,1.5,2.7,5.0,0.027,0.5,95.93014592674943,1.348828194742467,1.5640698428005086,36.13299974895188,125,45,80,36.0,37093.76,27500.73,9593.030000000002,3790.89,0,1,98.78527069845015,1.9079714001307002,3.3676359782676255,16.54617276508764,64,29,35,45.3125,20758.289999999994,10879.770000000002,9878.519999999991,2072.07,0,0,0.29635581209535045,0.22699285003267505,-0.008835272943357942,0.05470085470085471,0.09593014592674944,0.01744140973712335,-0.0021994597201282
1c_risk,143,0.6872710752102685,True,92,21,59.0,40.0,20,16,3.4000000000000004,10,28,1.5,2.7,5.0,0.028,0.5,100.13388316419957,1.3531741664973702,1.580452197150799,36.489761964366686,125,45,80,36.0,38366.06,28352.64,10013.419999999998,3889.43,0,1,101.04614466404993,1.9084387825281732,3.3638985462889837,17.015650086915795,64,29,35,45.3125,21227.66,11123.050000000001,10104.609999999999,2107.01,0,0,0.3,0.2271096956320433,-0.011518000496661684,0.05470085470085471,0.1,0.017658708324868513,-0.0006801829508363308
1c_risk,144,0.6830891738040329,True,92,21,59.0,40.0,20,16,3.4000000000000004,10,28,1.5,2.7,5.0,0.029,0.5,104.40711379409969,1.3572709096203706,1.5957737070020688,36.845737635530384,125,45,80,36.0,39664.22,29223.510000000002,10440.71,3990.02,0,1,102.52938255450013,1.9043482709409056,3.351682207386474,17.4852103053028,64,29,35,45.3125,21590.32,11337.379999999997,10252.940000000002,2134.54,0,0,0.3,0.2260870677352264,-0.01420120174458743,0.05470085470085471,0.1,0.01786354548101853,-0.0013610923684793462
1c_risk,145,0.6702689620728884,True,92,21,59.0,40.0,20,16,3.4000000000000004,10,28,1.5,2.7,5.0,0.027,0.55,94.37383691984938,1.3289399800838684,1.508402047170178,37.849853656238764,125,45,80,36.0,38127.700000000004,28690.309999999998,9437.390000000007,3996.36,0,1,102.69172896409992,1.8843175972243869,3.348296515892833,16.750142575744,64,29,35,45.3125,21881.769999999997,11612.57,10269.199999999997,2237.02,0,0,0.3,0.2210793993060967,-0.010000814718537145,0.05470085470085471,0.0943738369198494,0.01644699900419342,-0.006331313139568657
1c_risk,146,0.6872710752102685,True,92,21,59.0,40.0,20,16,3.4000000000000004,10,28,1.5,2.7,5.0,0.028,0.5,100.13388316419957,1.3531741664973702,1.580452197150799,36.489761964366686,125,45,80,36.0,38366.06,28352.64,10013.419999999998,3889.43,0,1,101.04614466404993,1.9084387825281732,3.3638985462889837,17.015650086915795,64,29,35,45.3125,21227.66,11123.050000000001,10104.609999999999,2107.01,0,0,0.3,0.2271096956320433,-0.011518000496661684,0.05470085470085471,0.1,0.017658708324868513,-0.0006801829508363308
1c_risk,147,0.648305013522447,True,92,21,59.0,40.0,20,16,3.4000000000000004,10,28,1.5,2.7,4.5,0.029,0.45,94.02328506914961,1.3711899863759949,1.5961349598754633,33.391518625271985,125,45,80,36.0,34732.64,25330.29,9402.349999999999,3357.18,0,1,87.66468219189996,1.9351259037699666,3.3542931878250015,16.83829468320964,64,29,35,45.3125,18141.070000000003,9374.619999999999,8766.450000000004,1722.34,0,0,0.26299404657569986,0.23378147594249166,-0.010504541046912225,0.05470085470085471,0.09402328506914961,0.018559499318799744,-0.005249607037636346
1c_risk,148,0.6702689620728884,True,92,21,59.0,40.0,20,16,3.4000000000000004,10,28,1.5,2.7,5.0,0.027,0.55,94.37383691984938,1.3289399800838684,1.508402047170178,37.849853656238764,125,45,80,36.0,38127.700000000004,28690.309999999998,9437.390000000007,3996.36,0,1,102.69172896409992,1.8843175972243869,3.348296515892833,16.750142575744,64,29,35,45.3125,21881.769999999997,11612.57,10269.199999999997,2237.02,0,0,0.3,0.2210793993060967,-0.010000814718537145,0.05470085470085471,0.0943738369198494,0.01644699900419342,-0.006331313139568657
1c_risk,149,0.6607313596297776,True,92,21,59.0,40.0,20,16,3.4000000000000004,10,28,1.5,2.7,4.5,0.028,0.5,98.94592148614967,1.3691734942375284,1.6157761953550143,34.37092059815289,125,45,80,36.0,36696.40999999999,26801.870000000003,9894.539999999986,3628.81,0,1,92.29003913255,1.9086499173957312,3.335234203919949,16.782550855371568,64,29,35,45.3125,19385.890000000003,10156.859999999999,9229.030000000004,1891.65,0,0,0.27687011739765,0.2271624793489328,-0.010186004887837531,0.05470085470085471,0.09894592148614967,0.018458674711876424,-0.005220683127848523
1c_risk,150,0.6642476906721545,True,92,21,59.0,40.0,20,16,3.4000000000000004,10,28,1.5,2.7,5.0,0.029,0.45,102.12672798184951,1.371225284144194,1.6218685593545374,34.75068691582092,125,45,80,36.0,37723.34,27510.68,10212.659999999996,3705.72,0,1,93.99706071829999,1.9123539580439675,3.335616900726727,17.253359981514453,64,29,35,45.3125,19702.390000000003,10302.69,9399.700000000003,1912.26,0,0,0.2819911821549,0.22808848951099187,-0.012876342751511165,0.05470085470085471,0.1,0.018561264207209705,-0.0062177571502905525
1c_risk,151,0.6872710752102685,True,92,21,59.0,40.0,20,16,3.4000000000000004,10,28,1.5,2.7,5.0,0.028,0.5,100.13388316419957,1.3531741664973702,1.580452197150799,36.489761964366686,125,45,80,36.0,38366.06,28352.64,10013.419999999998,3889.43,0,1,101.04614466404993,1.9084387825281732,3.3638985462889837,17.015650086915795,64,29,35,45.3125,21227.66,11123.050000000001,10104.609999999999,2107.01,0,0,0.3,0.2271096956320433,-0.011518000496661684,0.05470085470085471,0.1,0.017658708324868513,-0.0006801829508363308
1c_risk,152,0.6872710752102685,True,92,21,59.0,40.0,20,16,3.4000000000000004,10,28,1.5,2.7,5.0,0.028,0.5,100.13388316419957,1.3531741664973702,1.580452197150799,36.489761964366686,125,45,80,36.0,38366.06,28352.64,10013.419999999998,3889.43,0,1,101.04614466404993,1.9084387825281732,3.3638985462889837,17.015650086915795,64,29,35,45.3125,21227.66,11123.050000000001,10104.609999999999,2107.01,0,0,0.3,0.2271096956320433,-0.011518000496661684,0.05470085470085471,0.1,0.017658708324868513,-0.0006801829508363308
1c_risk,153,0.6803863398292669,True,92,21,59.0,40.0,20,16,3.4000000000000004,10,28,1.5,2.7,5.0,0.027,0.5,95.93014592674943,1.348828194742467,1.5640698428005086,36.13299974895188,125,45,80,36.0,37093.76,27500.73,9593.030000000002,3790.89,0,1,98.78527069845015,1.9079714001307002,3.3676359782676255,16.54617276508764,64,29,35,45.3125,20758.289999999994,10879.770000000002,9878.519999999991,2072.07,0,0,0.29635581209535045,0.22699285003267505,-0.008835272943357942,0.05470085470085471,0.09593014592674944,0.01744140973712335,-0.0021994597201282
1c_risk,154,0.6756189363049889,True,92,21,59.0,40.0,20,16,3.4000000000000004,10,28,1.5,2.7,5.0,0.028,0.55,99.18844234404943,1.3342284226636756,1.5298370113913433,38.41101839490442,125,45,80,36.0,39595.55,29676.739999999998,9918.810000000005,4114.38,0,1,106.18486387565001,1.891915183851199,3.356817349235345,17.248846319696494,64,29,35,45.3125,22523.78,11905.279999999999,10618.5,2284.61,0,0,0.3,0.22297879596279974,-0.01285055039826568,0.05470085470085471,0.09918844234404944,0.01671142113318378,-0.005110027437633087
1c_risk,155,0.6830891738040329,True,92,21,59.0,40.0,20,16,3.4000000000000004,10,28,1.5,2.7,5.0,0.029,0.5,104.40711379409969,1.3572709096203706,1.5957737070020688,36.845737635530384,125,45,80,36.0,39664.22,29223.510000000002,10440.71,3990.02,0,1,102.52938255450013,1.9043482709409056,3.351682207386474,17.4852103053028,64,29,35,45.3125,21590.32,11337.379999999997,10252.940000000002,2134.54,0,0,0.3,0.2260870677352264,-0.01420120174458743,0.05470085470085471,0.1,0.01786354548101853,-0.0013610923684793462
1c_risk,156,0.6542660066630288,True,92,21,59.0,40.0,20,16,3.4000000000000004,10,28,1.5,2.7,4.5,0.026000000000000002,0.5,91.86921876499953,1.3631531345636465,1.5957520414172837,33.67845551967504,125,45,80,36.0,34484.53,25297.620000000003,9186.909999999996,3461.71,0,1,89.53150588934997,1.9106255257127567,3.353873744314316,15.83642495840751,64,29,35,45.3125,18785.059999999998,9831.890000000001,8953.169999999996,1849.96,0,0,0.2685945176680499,0.22765638142818917,-0.004779571190900062,0.05470085470085471,0.09186921876499954,0.018157656728182325,-0.0019330514363467613
1c_risk,157,0.6765373998050908,True,92,21,59.0,40.0,20,16,3.4000000000000004,10,28,1.5,2.7,5.0,0.03,0.55,108.44457808404945,1.3440362344771926,1.5669417927290525,39.202537214028624,125,45,80,36.0,42365.85,31521.36,10844.489999999998,4332.28,0,1,112.42850225969994,1.9020442417595291,3.3657549748970665,18.179881656370263,64,29,35,45.3125,23706.68,12463.789999999999,11242.890000000001,2372.72,0,0,0.3,0.22551106043988228,-0.018170752322115787,0.05470085470085471,0.1,0.01720181172385963,-0.002705574737390058
1c_risk,158,0.6872710752102685,True,92,21,59.0,40.0,20,16,3.4000000000000004,10,28,1.5,2.7,5.0,0.028,0.5,100.13388316419957,1.3531741664973702,1.580452197150799,36.489761964366686,125,45,80,36.0,38366.06,28352.64,10013.419999999998,3889.43,0,1,101.04614466404993,1.9084387825281732,3.3638985462889837,17.015650086915795,64,29,35,45.3125,21227.66,11123.050000000001,10104.609999999999,2107.01,0,0,0.3,0.2271096956320433,-0.011518000496661684,0.05470085470085471,0.1,0.017658708324868513,-0.0006801829508363308
1c_risk,159,0.6348969179294389,True,92,21,59.0,40.0,20,16,3.4000000000000004,10,28,1.5,2.7,4.5,0.027,0.45,91.88651239859966,1.3767348590485318,1.61829001264043,32.25249512081431,125,45,80,36.0,33578.99,24390.31,9188.679999999997,3272.44,0,1,83.9575382324,1.9226007654869344,3.3409704322549136,16.100112414468164,64,29,35,45.3125,17495.84,9100.090000000002,8395.749999999998,1681.72,0,0,0.25187261469719996,0.2306501913717336,-0.006286356654103795,0.05470085470085471,0.09188651239859967,0.01883674295242659,-0.006763641537271771
1c_risk,160,0.6670728182700815,True,92,21,59.0,40.0,20,16,3.4000000000000004,10,28,1.5,2.7,5.0,0.026000000000000002,0.5,91.54551816739956,1.3435001478381852,1.5446765797144593,35.74931547659426,125,45,80,36.0,35805.299999999996,26650.760000000002,9154.539999999994,3691.25,0,1,95.8652197276499,1.9025592358163086,3.363761890404017,16.072159012727845,64,29,35,45.3125,20208.089999999997,10621.53,9586.559999999996,2031.99,0,0,0.28759565918294966,0.22563980895407715,-0.006126622929873399,0.05470085470085471,0.09154551816739957,0.017175007391909258,-0.0034574071972354498
1c_risk,161,0.6872710752102685,True,92,21,59.0,40.0,20,16,3.4000000000000004,10,28,1.5,2.7,5.0,0.028,0.5,100.13388316419957,1.3531741664973702,1.580452197150799,36.489761964366686,125,45,80,36.0,38366.06,28352.64,10013.419999999998,3889.43,0,1,101.04614466404993,1.9084387825281732,3.3638985462889837,17.015650086915795,64,29,35,45.3125,21227.66,11123.050000000001,10104.609999999999,2107.01,0,0,0.3,0.2271096956320433,-0.011518000496661684,0.05470085470085471,0.1,0.017658708324868513,-0.0006801829508363308
1c_risk,162,0.6830891738040329,True,92,21,59.0,40.0,20,16,3.4000000000000004,10,28,1.5,2.7,5.0,0.029,0.5,104.40711379409969,1.3572709096203706,1.5957737070020688,36.845737635530384,125,45,80,36.0,39664.22,29223.510000000002,10440.71,3990.02,0,1,102.52938255450013,1.9043482709409056,3.351682207386474,17.4852103053028,64,29,35,45.3125,21590.32,11337.379999999997,10252.940000000002,2134.54,0,0,0.3,0.2260870677352264,-0.01420120174458743,0.05470085470085471,0.1,0.01786354548101853,-0.0013610923684793462
1c_risk,163,0.6756189363049889,True,92,21,59.0,40.0,20,16,3.4000000000000004,10,28,1.5,2.7,5.0,0.028,0.55,99.18844234404943,1.3342284226636756,1.5298370113913433,38.41101839490442,125,45,80,36.0,39595.55,29676.739999999998,9918.810000000005,4114.38,0,1,106.18486387565001,1.891915183851199,3.356817349235345,17.248846319696494,64,29,35,45.3125,22523.78,11905.279999999999,10618.5,2284.61,0,0,0.3,0.22297879596279974,-0.01285055039826568,0.05470085470085471,0.09918844234404944,0.01671142113318378,-0.005110027437633087
1c_risk,164,0.6803863398292669,True,92,21,59.0,40.0,20,16,3.4000000000000004,10,28,1.5,2.7,5.0,0.027,0.5,95.93014592674943,1.348828194742467,1.5640698428005086,36.13299974895188,125,45,80,36.0,37093.76,27500.73,9593.030000000002,3790.89,0,1,98.78527069845015,1.9079714001307002,3.3676359782676255,16.54617276508764,64,29,35,45.3125,20758.289999999994,10879.770000000002,9878.519999999991,2072.07,0,0,0.29635581209535045,0.22699285003267505,-0.008835272943357942,0.05470085470085471,0.09593014592674944,0.01744140973712335,-0.0021994597201282
1c_risk,165,0.6830891738040329,True,92,21,59.0,40.0,20,16,3.4000000000000004,10,28,1.5,2.7,5.0,0.029,0.5,104.40711379409969,1.3572709096203706,1.5957737070020688,36.845737635530384,125,45,80,36.0,39664.22,29223.510000000002,10440.71,3990.02,0,1,102.52938255450013,1.9043482709409056,3.351682207386474,17.4852103053028,64,29,35,45.3125,21590.32,11337.379999999997,10252.940000000002,2134.54,0,0,0.3,0.2260870677352264,-0.01420120174458743,0.05470085470085471,0.1,0.01786354548101853,-0.0013610923684793462
1c_risk,166,0.6756189363049889,True,92,21,59.0,40.0,20,16,3.4000000000000004,10,28,1.5,2.7,5.0,0.028,0.55,99.18844234404943,1.3342284226636756,1.5298370113913433,38.41101839490442,125,45,80,36.0,39595.55,29676.739999999998,9918.810000000005,4114.38,0,1,106.18486387565001,1.891915183851199,3.356817349235345,17.248846319696494,64,29,35,45.3125,22523.78,11905.279999999999,10618.5,2284.61,0,0,0.3,0.22297879596279974,-0.01285055039826568,0.05470085470085471,0.09918844234404944,0.01671142113318378,-0.005110027437633087
1c_risk,167,0.6567292760227742,True,92,21,59.0,40.0,20,16,3.4000000000000004,10,28,1.5,2.7,4.5,0.027,0.5,95.60557332044965,1.366707899667643,1.6078122186731325,34.04448941166111,125,45,80,36.0,35631.92,26071.35,9560.57,3548.6,0,1,90.8273904604001,1.9077767228024585,3.341464678302096,16.311533071705448,64,29,35,45.3125,19088.26,10005.5,9082.759999999998,1871.71,0,0,0.2724821713812003,0.22694418070061462,-0.007494474695459701,0.05470085470085471,0.09560557332044967,0.018335394983382148,-0.0038444243682675115
1c_risk,168,0.6872710752102685,True,92,21,59.0,40.0,20,16,3.4000000000000004,10,28,1.5,2.7,5.0,0.028,0.5,100.13388316419957,1.3531741664973702,1.580452197150799,36.489761964366686,125,45,80,36.0,38366.06,28352.64,10013.419999999998,3889.43,0,1,101.04614466404993,1.9084387825281732,3.3638985462889837,17.015650086915795,64,29,35,45.3125,21227.66,11123.050000000001,10104.609999999999,2107.01,0,0,0.3,0.2271096956320433,-0.011518000496661684,0.05470085470085471,0.1,0.017658708324868513,-0.0006801829508363308
1c_risk,169,0.6642476906721545,True,92,21,59.0,40.0,20,16,3.4000000000000004,10,28,1.5,2.7,5.0,0.029,0.45,102.12672798184951,1.371225284144194,1.6218685593545374,34.75068691582092,125,45,80,36.0,37723.34,27510.68,10212.659999999996,3705.72,0,1,93.99706071829999,1.9123539580439675,3.335616900726727,17.253359981514453,64,29,35,45.3125,19702.390000000003,10302.69,9399.700000000003,1912.26,0,0,0.2819911821549,0.22808848951099187,-0.012876342751511165,0.05470085470085471,0.1,0.018561264207209705,-0.0062177571502905525
1c_risk,170,0.6728674843933946,True,92,21,59.0,40.0,20,16,3.4000000000000004,10,28,1.5,2.7,4.5,0.027,0.6000000000000001,94.71859756279962,1.3324678670638193,1.5190078369151163,37.558501098732414,125,45,80,36.0,37961.28999999999,28489.46,9471.829999999994,3959.9,0,1,101.95576771600008,1.8889982691947178,3.3516617683328946,16.733422083978002,64,29,35,45.3125,21664.260000000002,11468.650000000001,10195.61,2204.4,0,0,0.3,0.22224956729867945,-0.009905269051302871,0.05470085470085471,0.09471859756279961,0.016623393353190963,-0.005519659470827275
1c_risk,171,0.6872710752102685,True,92,21,59.0,40.0,20,16,3.4000000000000004,10,28,1.5,2.7,5.0,0.028,0.5,100.13388316419957,1.3531741664973702,1.580452197150799,36.489761964366686,125,45,80,36.0,38366.06,28352.64,10013.419999999998,3889.43,0,1,101.04614466404993,1.9084387825281732,3.3638985462889837,17.015650086915795,64,29,35,45.3125,21227.66,11123.050000000001,10104.609999999999,2107.01,0,0,0.3,0.2271096956320433,-0.011518000496661684,0.05470085470085471,0.1,0.017658708324868513,-0.0006801829508363308
1c_risk,172,0.6872710752102685,True,92,21,59.0,40.0,20,16,3.4000000000000004,10,28,1.5,2.7,5.0,0.028,0.5,100.13388316419957,1.3531741664973702,1.580452197150799,36.489761964366686,125,45,80,36.0,38366.06,28352.64,10013.419999999998,3889.43,0,1,101.04614466404993,1.9084387825281732,3.3638985462889837,17.015650086915795,64,29,35,45.3125,21227.66,11123.050000000001,10104.609999999999,2107.01,0,0,0.3,0.2271096956320433,-0.011518000496661684,0.05470085470085471,0.1,0.017658708324868513,-0.0006801829508363308
1c_risk,173,0.6830891738040329,True,92,21,59.0,40.0,20,16,3.4000000000000004,10,28,1.5,2.7,5.0,0.029,0.5,104.40711379409969,1.3572709096203706,1.5957737070020688,36.845737635530384,125,45,80,36.0,39664.22,29223.510000000002,10440.71,3990.02,0,1,102.52938255450013,1.9043482709409056,3.351682207386474,17.4852103053028,64,29,35,45.3125,21590.32,11337.379999999997,10252.940000000002,2134.54,0,0,0.3,0.2260870677352264,-0.01420120174458743,0.05470085470085471,0.1,0.01786354548101853,-0.0013610923684793462
1c_risk,174,0.6872710752102685,True,92,21,59.0,40.0,20,16,3.4000000000000004,10,28,1.5,2.7,5.0,0.028,0.5,100.13388316419957,1.3531741664973702,1.580452197150799,36.489761964366686,125,45,80,36.0,38366.06,28352.64,10013.419999999998,3889.43,0,1,101.04614466404993,1.9084387825281732,3.3638985462889837,17.015650086915795,64,29,35,45.3125,21227.66,11123.050000000001,10104.609999999999,2107.01,0,0,0.3,0.2271096956320433,-0.011518000496661684,0.05470085470085471,0.1,0.017658708324868513,-0.0006801829508363308
1c_risk,175,0.6702689620728884,True,92,21,59.0,40.0,20,16,3.4000000000000004,10,28,1.5,2.7,5.0,0.027,0.55,94.37383691984938,1.3289399800838684,1.508402047170178,37.849853656238764,125,45,80,36.0,38127.700000000004,28690.309999999998,9437.390000000007,3996.36,0,1,102.69172896409992,1.8843175972243869,3.348296515892833,16.750142575744,64,29,35,45.3125,21881.769999999997,11612.57,10269.199999999997,2237.02,0,0,0.3,0.2210793993060967,-0.010000814718537145,0.05470085470085471,0.0943738369198494,0.01644699900419342,-0.006331313139568657
1c_risk,176,0.6830891738040329,True,92,21,59.0,40.0,20,16,3.4000000000000004,10,28,1.5,2.7,5.0,0.029,0.5,104.40711379409969,1.3572709096203706,1.5957737070020688,36.845737635530384,125,45,80,36.0,39664.22,29223.510000000002,10440.71,3990.02,0,1,102.52938255450013,1.9043482709409056,3.351682207386474,17.4852103053028,64,29,35,45.3125,21590.32,11337.379999999997,10252.940000000002,2134.54,0,0,0.3,0.2260870677352264,-0.01420120174458743,0.05470085470085471,0.1,0.01786354548101853,-0.0013610923684793462
1c_risk,177,0.6756189363049889,True,92,21,59.0,40.0,20,16,3.4000000000000004,10,28,1.5,2.7,5.0,0.028,0.55,99.18844234404943,1.3342284226636756,1.5298370113913433,38.41101839490442,125,45,80,36.0,39595.55,29676.739999999998,9918.810000000005,4114.38,0,1,106.18486387565001,1.891915183851199,3.356817349235345,17.248846319696494,64,29,35,45.3125,22523.78,11905.279999999999,10618.5,2284.61,0,0,0.3,0.22297879596279974,-0.01285055039826568,0.05470085470085471,0.09918844234404944,0.01671142113318378,-0.005110027437633087
1c_risk,178,0.6683685008279885,True,92,21,59.0,40.0,20,16,3.4000000000000004,10,28,1.5,2.7,4.5,0.03,0.5,104.05549417204966,1.3702248372329007,1.61705140114942,35.291651041784576,125,45,80,36.0,38511.69,28106.11,10405.580000000002,3764.57,0,1,95.84155298555011,1.917327164328245,3.3399396619816137,17.71887298687805,64,29,35,45.3125,20032.100000000002,10447.93,9584.170000000002,1933.56,0,0,0.2875246589566503,0.22933179108206125,-0.015536417067874576,0.05470085470085471,0.1,0.018511241861645034,-0.006163628705348241
1c_risk,179,0.6803863398292669,True,92,21,59.0,40.0,20,16,3.4000000000000004,10,28,1.5,2.7,5.0,0.027,0.5,95.93014592674943,1.348828194742467,1.5640698428005086,36.13299974895188,125,45,80,36.0,37093.76,27500.73,9593.030000000002,3790.89,0,1,98.78527069845015,1.9079714001307002,3.3676359782676255,16.54617276508764,64,29,35,45.3125,20758.289999999994,10879.770000000002,9878.519999999991,2072.07,0,0,0.29635581209535045,0.22699285003267505,-0.008835272943357942,0.05470085470085471,0.09593014592674944,0.01744140973712335,-0.0021994597201282
1c_risk,180,0.6642476906721545,True,92,21,59.0,40.0,20,16,3.4000000000000004,10,28,1.5,2.7,5.0,0.029,0.45,102.12672798184951,1.371225284144194,1.6218685593545374,34.75068691582092,125,45,80,36.0,37723.34,27510.68,10212.659999999996,3705.72,0,1,93.99706071829999,1.9123539580439675,3.335616900726727,17.253359981514453,64,29,35,45.3125,19702.390000000003,10302.69,9399.700000000003,1912.26,0,0,0.2819911821549,0.22808848951099187,-0.012876342751511165,0.05470085470085471,0.1,0.018561264207209705,-0.0062177571502905525
1c_risk,181,0.6872710752102685,True,92,21,59.0,40.0,20,16,3.4000000000000004,10,28,1.5,2.7,5.0,0.028,0.5,100.13388316419957,1.3531741664973702,1.580452197150799,36.489761964366686,125,45,80,36.0,38366.06,28352.64,10013.419999999998,3889.43,0,1,101.04614466404993,1.9084387825281732,3.3638985462889837,17.015650086915795,64,29,35,45.3125,21227.66,11123.050000000001,10104.609999999999,2107.01,0,0,0.3,0.2271096956320433,-0.011518000496661684,0.05470085470085471,0.1,0.017658708324868513,-0.0006801829508363308
1c_risk,182,0.5247919883293768,True,92,21,59.0,40.0,20,16,3.4000000000000004,10,28,1.5,2.7,5.0,0.018000000000000002,0.5,56.76555362909962,1.3067049703888165,1.37601573611811,30.431216207535016,125,45,80,36.0,24184.769999999997,18508.21,5676.559999999998,2694.67,0,1,67.55460428735,1.833376716139514,3.292613512572223,11.503181349628923,64,29,35,45.3125,14861.589999999998,8106.13,6755.459999999998,1618.42,0,0,0.20266381286205,0.2083441790348785,-0.0,0.05470085470085471,0.05676555362909962,0.015335248519440826,-0.013017660416946924
1c_risk,183,0.6872710752102685,True,92,21,59.0,40.0,20,16,3.4000000000000004,10,28,1.5,2.7,5.0,0.028,0.5,100.13388316419957,1.3531741664973702,1.580452197150799,36.489761964366686,125,45,80,36.0,38366.06,28352.64,10013.419999999998,3889.43,0,1,101.04614466404993,1.9084387825281732,3.3638985462889837,17.015650086915795,64,29,35,45.3125,21227.66,11123.050000000001,10104.609999999999,2107.01,0,0,0.3,0.2271096956320433,-0.011518000496661684,0.05470085470085471,0.1,0.017658708324868513,-0.0006801829508363308
1c_risk,184,0.6872710752102685,True,92,21,59.0,40.0,20,16,3.4000000000000004,10,28,1.5,2.7,5.0,0.028,0.5,100.13388316419957,1.3531741664973702,1.580452197150799,36.489761964366686,125,45,80,36.0,38366.06,28352.64,10013.419999999998,3889.43,0,1,101.04614466404993,1.9084387825281732,3.3638985462889837,17.015650086915795,64,29,35,45.3125,21227.66,11123.050000000001,10104.609999999999,2107.01,0,0,0.3,0.2271096956320433,-0.011518000496661684,0.05470085470085471,0.1,0.017658708324868513,-0.0006801829508363308
1c_risk,185,0.6702689620728884,True,92,21,59.0,40.0,20,16,3.4000000000000004,10,28,1.5,2.7,5.0,0.027,0.55,94.37383691984938,1.3289399800838684,1.508402047170178,37.849853656238764,125,45,80,36.0,38127.700000000004,28690.309999999998,9437.390000000007,3996.36,0,1,102.69172896409992,1.8843175972243869,3.348296515892833,16.750142575744,64,29,35,45.3125,21881.769999999997,11612.57,10269.199999999997,2237.02,0,0,0.3,0.2210793993060967,-0.010000814718537145,0.05470085470085471,0.0943738369198494,0.01644699900419342,-0.006331313139568657
1c_risk,186,0.6642476906721545,True,92,21,59.0,40.0,20,16,3.4000000000000004,10,28,1.5,2.7,4.5,0.029,0.5,102.12672798184951,1.371225284144194,1.6218685593545374,34.75068691582092,125,45,80,36.0,37723.34,27510.68,10212.659999999996,3705.72,0,1,93.99706071829999,1.9123539580439675,3.335616900726727,17.253359981514453,64,29,35,45.3125,19702.390000000003,10302.69,9399.700000000003,1912.26,0,0,0.2819911821549,0.22808848951099187,-0.012876342751511165,0.05470085470085471,0.1,0.018561264207209705,-0.0062177571502905525
1c_risk,187,0.6803863398292669,True,92,21,59.0,40.0,20,16,3.4000000000000004,10,28,1.5,2.7,5.0,0.027,0.5,95.93014592674943,1.348828194742467,1.5640698428005086,36.13299974895188,125,45,80,36.0,37093.76,27500.73,9593.030000000002,3790.89,0,1,98.78527069845015,1.9079714001307002,3.3676359782676255,16.54617276508764,64,29,35,45.3125,20758.289999999994,10879.770000000002,9878.519999999991,2072.07,0,0,0.29635581209535045,0.22699285003267505,-0.008835272943357942,0.05470085470085471,0.09593014592674944,0.01744140973712335,-0.0021994597201282
1c_risk,188,0.6770668949340283,True,92,21,59.0,40.0,20,16,3.4000000000000004,10,28,1.5,2.7,5.0,0.029,0.55,104.0868105254993,1.3400104923362175,1.5509872289576225,38.851491203567825,125,45,80,36.0,41021.50000000001,30612.82,10408.680000000008,4226.24,0,1,109.68184792819997,1.8992688258086943,3.365257947608377,17.71699601307412,64,29,35,45.3125,23165.04,12196.820000000002,10968.22,2332.09,0,0,0.3,0.22481720645217357,-0.015525691503280684,0.05470085470085471,0.1,0.017000524616810876,-0.0039259993325302025
1c_risk,189,0.6880275843917343,True,92,21,59.0,40.0,20,16,3.4000000000000004,10,28,1.5,2.7,4.5,0.028,0.55,100.14840066764947,1.3549677615556683,1.5850317688696158,36.28516431190924,125,45,80,36.0,38227.99,28213.21,10014.779999999999,3865.68,0,1,100.22070091554997,1.9080750339098687,3.360951890967806,16.992601024244284,64,29,35,45.3125,21058.679999999997,11036.61,10022.069999999996,2086.78,0,0,0.3,0.22701875847746716,-0.011386291567110192,0.05470085470085471,0.1,0.01774838807778342,-5.412529726082473e-05
1c_risk,190,0.3668903369718901,True,92,21,59.0,40.0,20,16,3.4000000000000004,10,28,1.5,2.7,4.5,0.008,0.55,20.42702241884979,1.261072946288782,1.1612348388407834,15.22827659613149,125,45,80,36.0,9866.950000000003,7824.25,2042.7000000000025,1204.97,0,1,30.51038425240002,1.867484198584625,3.3802217126114127,5.28531582853191,64,29,35,45.3125,6568.11,3517.09,3051.0199999999995,793.01,0,0,0.09153115275720006,0.21687104964615628,-0.0,0.05470085470085471,0.02042702241884979,0.0130536473144391,-0.0296933898656098
1c_risk,191,0.6880275843917343,True,92,21,59.0,40.0,20,16,3.4000000000000004,10,28,1.5,2.7,4.5,0.028,0.55,100.14840066764947,1.3549677615556683,1.5850317688696158,36.28516431190924,125,45,80,36.0,38227.99,28213.21,10014.779999999999,3865.68,0,1,100.22070091554997,1.9080750339098687,3.360951890967806,16.992601024244284,64,29,35,45.3125,21058.679999999997,11036.61,10022.069999999996,2086.78,0,0,0.3,0.22701875847746716,-0.011386291567110192,0.05470085470085471,0.1,0.01774838807778342,-5.412529726082473e-05
1c_risk,192,0.6880275843917343,True,92,21,59.0,40.0,20,16,3.4000000000000004,10,28,1.5,2.7,4.5,0.028,0.55,100.14840066764947,1.3549677615556683,1.5850317688696158,36.28516431190924,125,45,80,36.0,38227.99,28213.21,10014.779999999999,3865.68,0,1,100.22070091554997,1.9080750339098687,3.360951890967806,16.992601024244284,64,29,35,45.3125,21058.679999999997,11036.61,10022.069999999996,2086.78,0,0,0.3,0.22701875847746716,-0.011386291567110192,0.05470085470085471,0.1,0.01774838807778342,-5.412529726082473e-05
1c_risk,193,0.6880275843917343,True,92,21,59.0,40.0,20,16,3.4000000000000004,10,28,1.5,2.7,4.5,0.028,0.55,100.14840066764947,1.3549677615556683,1.5850317688696158,36.28516431190924,125,45,80,36.0,38227.99,28213.21,10014.779999999999,3865.68,0,1,100.22070091554997,1.9080750339098687,3.360951890967806,16.992601024244284,64,29,35,45.3125,21058.679999999997,11036.61,10022.069999999996,2086.78,0,0,0.3,0.22701875847746716,-0.011386291567110192,0.05470085470085471,0.1,0.01774838807778342,-5.412529726082473e-05
1c_risk,194,0.6880275843917343,True,92,21,59.0,40.0,20,16,3.4000000000000004,10,28,1.5,2.7,4.5,0.028,0.55,100.14840066764947,1.3549677615556683,1.5850317688696158,36.28516431190924,125,45,80,36.0,38227.99,28213.21,10014.779999999999,3865.68,0,1,100.22070091554997,1.9080750339098687,3.360951890967806,16.992601024244284,64,29,35,45.3125,21058.679999999997,11036.61,10022.069999999996,2086.78,0,0,0.3,0.22701875847746716,-0.011386291567110192,0.05470085470085471,0.1,0.01774838807778342,-5.412529726082473e-05
1c_risk,195,0.6793732388337178,True,92,21,59.0,40.0,20,16,3.4000000000000004,10,28,1.5,2.7,4.5,0.027,0.55,95.94564158019959,1.3506371862719626,1.568824261805777,35.92829915742705,125,45,80,36.0,36957.850000000006,27363.27,9594.580000000005,3767.56,0,1,98.13571094214993,1.9087223687329617,3.366867564049478,16.52253481956058,64,29,35,45.3125,20612.979999999996,10799.359999999999,9813.619999999997,2053.53,0,0,0.29440713282644976,0.22718059218324044,-0.008700198968917598,0.05470085470085471,0.0959456415801996,0.01753185931359813,-0.0016926428017071894
1c_risk,196,0.6880275843917343,True,92,21,59.0,40.0,20,16,3.4000000000000004,10,28,1.5,2.7,4.5,0.028,0.55,100.14840066764947,1.3549677615556683,1.5850317688696158,36.28516431190924,125,45,80,36.0,38227.99,28213.21,10014.779999999999,3865.68,0,1,100.22070091554997,1.9080750339098687,3.360951890967806,16.992601024244284,64,29,35,45.3125,21058.679999999997,11036.61,10022.069999999996,2086.78,0,0,0.3,0.22701875847746716,-0.011386291567110192,0.05470085470085471,0.1,0.01774838807778342,-5.412529726082473e-05
1c_risk,197,0.6880275843917343,True,92,21,59.0,40.0,20,16,3.4000000000000004,10,28,1.5,2.7,4.5,0.028,0.55,100.14840066764947,1.3549677615556683,1.5850317688696158,36.28516431190924,125,45,80,36.0,38227.99,28213.21,10014.779999999999,3865.68,0,1,100.22070091554997,1.9080750339098687,3.360951890967806,16.992601024244284,64,29,35,45.3125,21058.679999999997,11036.61,10022.069999999996,2086.78,0,0,0.3,0.22701875847746716,-0.011386291567110192,0.05470085470085471,0.1,0.01774838807778342,-5.412529726082473e-05
1c_risk,198,0.655756963325144,True,92,21,59.0,40.0,20,16,3.4000000000000004,10,28,1.5,2.7,4.0,0.028,0.55,98.40408604949941,1.372089250812116,1.6207905782584529,33.945693604334096,125,45,80,36.0,36286.78000000001,26446.369999999995,9840.410000000018,3570.43,0,1,90.71642809875003,1.9116649783330515,3.334006091480325,16.736094671741007,64,29,35,45.3125,19022.289999999997,9950.640000000001,9071.649999999996,1848.38,0,0,0.27214928429625007,0.22791624458326287,-0.009920540981377186,0.05470085470085471,0.09840408604949942,0.018604462540605805,-0.006097427863951697
1c_risk,199,0.6792021492158138,True,92,21,59.0,40.0,20,16,3.4000000000000004,10,28,1.5,2.7,4.5,0.029,0.6000000000000001,104.19681333259945,1.3434384618274995,1.5601451551075258,38.45924979240697,125,45,80,36.0,40759.090000000004,30339.38,10419.710000000003,4179.84,0,1,108.69752677585005,1.903048258203446,3.367220169017724,17.670780626586183,64,29,35,45.3125,22906.440000000002,12036.710000000001,10869.730000000001,2296.13,0,0,0.3,0.2257620645508615,-0.015261603580492472,0.05470085470085471,0.1,0.017171923091374976,-0.0031710895467849795
