stage,trial,score,gated,ema_period,rsi_period,rsi_overbought,rsi_oversold,atr_period,consolidation_candles,consolidation_atr_mult,swing_lookback,volume_sma_period,volume_mult,risk_reward_ratio,leverage,risk_per_trade_pct,max_position_allocation_pct,tr_return_pct,tr_pf,tr_sharpe,tr_max_dd,tr_trades,tr_wins,tr_losses,tr_win_rate,tr_gross_profit,tr_gross_loss,tr_net_pnl,tr_fees,tr_blocked,tr_head_dropped,va_return_pct,va_pf,va_sharpe,va_max_dd,va_trades,va_wins,va_losses,va_win_rate,va_gross_profit,va_gross_loss,va_net_pnl,va_fees,va_blocked,va_head_dropped,c_gate_shortfall,c_va_ret,c_va_pf,c_va_dd,c_va_sample,c_tr_ret,c_tr_pf,c_consistency
1a_broad,0,-1.494151644214782,False,69,21,74.0,35.0,9,6,1.1,18,34,1.6,1.0,1.0,0.015,0.5,-0.09104491145000793,0.9170993896328687,-0.0391612171053058,1.396339662700624,2.0,1.0,1.0,50.0,100.67,109.77,-9.099999999999994,10.04,0.0,0.0,-1.137957224999991,0.0,-1.0757436790289803,1.7883168033303136,1.0,0.0,1.0,0.0,0.0,113.8,-113.8,4.94,0.0,0.0,2.9649098652886914,,,,,,,
1a_broad,1,0.1897843757403895,True,147,19,60.0,24.0,9,9,2.6,11,21,1.4,1.4,1.0,0.015,0.5,4.983693005900005,1.1335716755151648,0.5454002079404354,5.208307545004887,121.0,60.0,61.0,49.586776859504134,4229.73,3731.33,498.39999999999964,624.23,0.0,1.0,5.464767597150003,1.5206906079980185,1.537742377070991,4.261017422676324,45.0,23.0,22.0,51.111111111111114,1595.98,1049.5099999999998,546.4700000000003,227.81,0.0,1.0,,0.01639430279145001,0.13017265199950462,-0.0,0.038461538461538464,0.004983693005900005,0.006678583775758241,-0.0069063942937618245
1a_broad,2,-1.0134556371707526,False,58,12,66.0,40.0,9,12,2.8,4,34,0.7,1.2,1.0,0.015,0.5,-0.37031232840001393,0.9959915152657001,0.019522281613097037,11.705352703869936,409.0,197.0,212.0,48.16625916870416,9198.39,9235.41,-37.02000000000044,1991.64,0.0,1.0,-0.7296938292499908,0.9767795504795838,-0.09638960122198302,6.028547171362863,138.0,67.0,71.0,48.55072463768116,3070.3599999999997,3143.35,-72.99000000000024,699.46,0.0,0.0,0.08073382302451555,,,,,,,
1a_broad,3,-1.2363395360911935,False,144,21,76.0,27.0,8,15,2.3,6,30,0.5,3.8000000000000003,1.0,0.015,0.5,-3.5383786661500016,0.7559808282473016,-0.5682165123095991,5.820574393828694,36.0,6.0,30.0,16.666666666666668,1096.2099999999998,1450.0500000000002,-353.8400000000004,173.07,0.0,1.0,0.06903964954999536,1.018113564171895,0.04960702266069337,4.0904560511217705,10.0,2.0,8.0,20.0,387.83,380.93,6.899999999999977,50.54,0.0,0.0,1.4180372165471615,,,,,,,
1a_broad,4,-1.0483175803961917,False,53,16,63.0,33.0,15,7,4.0,17,48,1.9000000000000001,2.8,1.0,0.015,0.5,14.168179809349912,1.152370157035406,0.7286529854764459,12.103058377236374,139.0,47.0,92.0,33.81294964028777,10715.360000000002,9298.539999999999,1416.8200000000033,745.77,0.0,1.0,-7.843686927750005,0.8279579562453666,-0.7596585503901779,14.81394226094027,74.0,21.0,53.0,28.37837837837838,3774.7100000000005,4559.0599999999995,-784.349999999999,344.2,0.0,2.0,0.2899054823771509,,,,,,,
1a_broad,5,-1.4340652499565694,False,140,8,60.0,21.0,11,10,1.8,18,24,0.9,2.6,1.0,0.015,0.5,-1.494339896449983,0.39455451561930227,-0.6612128731412129,2.424473023019374,7.0,2.0,5.0,28.571428571428573,97.38,246.81,-149.43,34.75,0.0,0.0,-0.9623243254000045,0.2805233644859813,-1.4973127433199866,1.0866081429582786,3.0,1.0,2.0,33.333333333333336,37.52,133.75,-96.22999999999999,14.91,0.0,0.0,2.604391499739416,,,,,,,
1a_broad,6,-2.0,False,38,19,56.0,45.0,18,7,1.0,17,38,1.6,3.3000000000000003,1.0,0.015,0.5,,,,,,,,,,,,,,,,,,,,,,,,,,,,,6.0,,,,,,,
1a_broad,7,-2.0,False,29,12,58.0,42.0,16,9,1.1,9,23,1.6,2.9000000000000004,1.0,0.015,0.5,,,,,,,,,,,,,,,,,,,,,,,,,,,,,6.0,,,,,,,
1a_broad,8,-1.0375993952795262,False,136,14,58.0,38.0,18,13,3.3000000000000003,12,31,1.1,1.0,1.0,0.015,0.5,-1.8658597219500008,0.9340316950597154,-0.2551259602152432,6.275513553952881,134.0,76.0,58.0,56.71641791044776,2641.0399999999995,2827.57,-186.53000000000065,651.7,0.0,0.0,-1.4741902379999738,0.8481943343184605,-0.5199040472263289,4.3473658059412825,47.0,24.0,23.0,51.06382978723404,823.69,971.1099999999999,-147.41999999999985,233.72,0.0,0.0,0.22559637167715646,,,,,,,
1a_broad,9,-2.0,False,34,7,71.0,28.0,14,19,1.7000000000000002,10,40,0.8,1.2,1.0,0.015,0.5,,,,,,,,,,,,,,,,,,,,,,,,,,,,,6.0,,,,,,,
1a_broad,10,-1.0380145875430002,False,104,17,80.0,20.0,21,4,3.9000000000000004,14,12,1.2000000000000002,2.0,1.0,0.015,0.5,-6.955447588600092,0.9482102385256617,-0.234599793992622,16.80508164841,280.0,99.0,181.0,35.357142857142854,12735.259999999998,13430.84,-695.5800000000017,1294.84,0.0,3.0,-4.2193790683500625,0.9278437783770748,-0.3642792282513789,18.36523016203289,127.0,43.0,84.0,33.85826771653543,5425.65,5847.590000000001,-421.9400000000014,573.39,0.0,1.0,0.2280875252580018,,,,,,,
1a_broad,11,-1.0563464631237445,False,93,11,66.0,27.0,11,13,2.8,4,11,0.6,1.7000000000000002,1.0,0.015,0.5,-3.4063474430000316,0.9523620412152874,-0.2331559059072271,13.181068848917917,296.0,120.0,176.0,40.54054054054054,6810.56,7151.2300000000005,-340.6700000000001,1438.37,0.0,2.0,-6.17370883645006,0.7956078732546361,-1.4565872374218747,8.646664162640823,127.0,45.0,82.0,35.43307086614173,2403.42,3020.86,-617.44,620.11,0.0,1.0,0.33807877874246656,,,,,,,
1a_broad,12,-1.036909613250492,False,115,11,67.0,32.0,7,11,2.8,8,21,1.3,1.7000000000000002,1.0,0.015,0.5,-7.934701857450219,0.8585215481275986,-0.6665078929333285,8.655778977789943,169.0,65.0,104.0,38.46153846153846,4815.31,5608.84,-793.5299999999997,811.58,0.0,2.0,-1.5657799822500418,0.917224495838753,-0.34157929948993904,5.487914591476292,60.0,23.0,37.0,38.333333333333336,1734.71,1891.26,-156.54999999999995,294.18,0.0,2.0,0.2214576795029522,,,,,,,
1a_broad,13,-1.0194755127852964,False,73,15,63.0,39.0,11,17,2.9000000000000004,4,17,0.8,1.6,1.0,0.015,0.5,-2.228613141399965,0.9558584682179387,-0.19371465038033234,6.664231460432116,192.0,73.0,119.0,38.020833333333336,4825.900000000001,5048.76,-222.85999999999967,946.9,0.0,1.0,-0.833109645099994,0.9594523587108827,-0.15069304854217241,5.065926927385498,82.0,33.0,49.0,40.24390243902439,1972.02,2055.36,-83.34000000000015,410.24,0.0,0.0,0.11685307671177797,,,,,,,
1a_broad,14,-1.2908769973987366,False,120,18,69.0,24.0,10,13,2.3,14,50,2.0,2.2,1.0,0.015,0.5,3.102416289449993,1.5073506565714379,0.6399288028507173,6.775826387201277,14.0,6.0,8.0,42.857142857142854,921.76,611.51,310.25,71.55,0.0,1.0,2.2987288210999943,3.9681084570690763,1.5388572673573437,1.4367204917091276,4.0,3.0,1.0,75.0,307.33,77.45,229.88,20.13,0.0,0.0,1.7452619843924193,,,,,,,
1a_broad,15,-1.0026527481953333,False,81,13,62.0,31.0,13,9,3.3000000000000003,7,42,1.4,1.5,1.0,0.015,0.5,-1.5916489172000365,0.9743150353373996,-0.0878994439758638,11.4328454365034,180.0,77.0,103.0,42.77777777777778,6038.22,6197.4,-159.17999999999938,880.23,0.0,2.0,9.81924501224994,1.465935567756355,2.0033917906877305,3.653962087596748,82.0,43.0,39.0,52.4390243902439,3089.21,2107.3300000000004,981.8799999999997,438.54,0.0,2.0,0.015916489172000364,,,,,,,
1a_broad,16,-1.0031992501117502,False,89,9,61.0,30.0,14,9,3.4000000000000004,7,43,1.4,2.2,1.0,0.015,0.5,-1.9195500670500771,0.9462834084682824,-0.1557434523803311,10.652314760828773,98.0,34.0,64.0,34.69387755102041,3381.6099999999997,3573.5699999999997,-191.96000000000004,469.53,0.0,2.0,7.605048821099972,1.7068528036731692,2.1088107768479656,2.9944256794351114,46.0,22.0,24.0,47.82608695652174,1836.4199999999996,1075.91,760.5099999999995,237.59,0.0,0.0,0.01919550067050077,,,,,,,
1a_broad,17,-1.0291957009107635,False,128,14,63.0,24.0,13,4,3.4000000000000004,11,28,1.8,1.4,1.0,0.015,0.5,2.474986519549802,1.0522074459108242,0.24843272992333112,9.839004535847188,126.0,57.0,69.0,45.23809523809524,4987.799999999999,4740.3200000000015,247.47999999999774,605.71,0.0,2.0,-2.4016650906500034,0.8912845677140153,-0.45425808800670253,9.178684318687555,58.0,27.0,31.0,46.55172413793103,1968.9099999999999,2209.07,-240.1600000000003,279.05,0.0,1.0,0.17517420546458073,,,,,,,
1a_broad,18,-1.0245874081111364,False,150,19,56.0,24.0,12,8,2.4000000000000004,13,17,1.0,2.0,1.0,0.015,0.5,-4.44425184460004,0.886137662650417,-0.4229021325876434,13.205069472658264,125.0,46.0,79.0,36.8,3458.87,3903.3100000000004,-444.4400000000005,573.76,0.0,0.0,-0.7231607233999784,0.9493571608638411,-0.1698101956593892,4.553500269963022,45.0,16.0,29.0,35.55555555555556,1355.72,1428.0400000000004,-72.32000000000039,223.11,0.0,0.0,0.1475244486668182,,,,,,,
1a_broad,19,-1.0579403584054452,False,20,13,60.0,35.0,7,15,3.7,6,44,1.4,1.5,1.0,0.015,0.5,-6.317141541350193,0.9385981622699678,-0.3626921756007491,14.38240147293072,299.0,125.0,174.0,41.80602006688963,9657.029999999999,10288.779999999999,-631.75,1411.16,0.0,4.0,-8.517379501299912,0.840738212993521,-1.1063251837812265,17.740163872202565,153.0,65.0,88.0,42.48366013071895,4496.31,5348.05,-851.7399999999998,723.16,0.0,3.0,0.3476421504326715,,,,,,,
1a_broad,20,-1.1747258408366081,False,87,10,55.0,30.0,17,6,3.1,10,16,1.7000000000000002,1.9,1.0,0.015,0.5,-6.201167824149997,0.5442317869112718,-1.3121397633446448,7.43370313190002,39.0,13.0,26.0,33.333333333333336,740.4599999999999,1360.56,-620.1,185.47,0.0,2.0,2.0073782275999656,1.3835820610322356,0.9725111178328649,2.5747863915441362,23.0,11.0,12.0,47.82608695652174,724.0699999999999,523.33,200.7399999999999,116.28999999999999,0.0,0.0,1.0483550450196493,,,,,,,
1a_broad,21,0.13359942847317444,True,82,9,61.0,31.0,13,10,3.6,7,45,1.4,2.3,1.0,0.015,0.5,3.1129675496499294,1.0713782944136832,0.32166520932503245,9.030472525857565,115.0,40.0,75.0,34.78260869565217,4672.87,4361.55,311.3199999999997,571.65,0.0,2.0,6.679720454399922,1.4648526392706775,1.618662563040714,4.4384824347292025,53.0,23.0,30.0,43.39622641509434,2104.92,1436.95,667.97,269.08,0.0,1.0,,0.020039161363199765,0.11621315981766939,-0.0,0.045299145299145305,0.0031129675496499296,0.0035689147206841576,-0.05463392027717412
1a_broad,22,-1.0090579710144927,False,104,7,62.0,35.0,13,10,3.6,8,44,1.4,2.4000000000000004,1.0,0.015,0.5,5.581483554899988,1.1839062659597952,0.6081758088116156,4.950169932945391,87.0,31.0,56.0,35.632183908045974,3593.12,3034.9700000000003,558.1499999999996,441.06,0.0,2.0,11.772212075450007,2.1847926731078906,2.7882932826114986,3.049316436794568,41.0,19.0,22.0,46.34146341463415,2170.81,993.5999999999999,1177.21,214.6,0.0,0.0,0.05434782608695654,,,,,,,
1a_broad,23,-1.150788911415632,False,76,10,58.0,30.0,13,11,2.5,6,38,1.2000000000000002,1.4,1.0,0.015,0.5,-4.798876392300063,0.6785429602984814,-1.101060359067458,5.861029437078772,58.0,23.0,35.0,39.6551724137931,1012.9900000000001,1492.8900000000003,-479.9000000000002,285.24,0.0,2.0,0.36565711984996596,1.100425765691526,0.26413404647719957,1.9710638219465548,20.0,10.0,10.0,50.0,400.60999999999996,364.04999999999995,36.56,100.91,0.0,0.0,0.9047334684937922,,,,,,,
1a_broad,24,-1.0211066967585833,False,50,16,65.0,26.0,15,8,3.1,9,49,1.4,3.2,1.0,0.015,0.5,-12.664018055150065,0.8717744140130613,-0.5663038233026328,16.97824750986009,197.0,52.0,145.0,26.395939086294415,8610.08,9876.5,-1266.42,897.14,0.0,1.0,3.94197770144996,1.0905019134834577,0.4927686049826817,12.400682854715207,89.0,23.0,66.0,25.84269662921348,4750.149999999999,4355.93,394.21999999999844,439.19,0.0,4.0,0.12664018055150064,,,,,,,
1a_broad,25,-1.3078231428342402,False,103,9,59.0,22.0,9,10,2.0,20,46,1.5,1.8,1.0,0.015,0.5,-0.38507856565000115,0.8070447940675417,-0.29066048045193715,1.8767009504860266,5.0,1.0,4.0,20.0,161.07,199.58,-38.51000000000002,25.09,0.0,1.0,0.7414399585500178,1.815911091549296,0.6418574442947559,0.7931077896930039,4.0,2.0,2.0,50.0,165.03,90.88,74.15,20.13,0.0,0.0,1.8469388570054408,,,,,,,
1a_broad,26,-1.02019253344125,False,64,19,64.0,32.0,12,8,3.7,7,40,1.2000000000000002,2.5,1.0,0.015,0.5,-12.115520064750052,0.9138790162069947,-0.447193000506551,18.102090808242377,303.0,91.0,212.0,30.033003300330034,12856.45,14067.999999999998,-1211.5499999999975,1360.15,0.0,1.0,3.351937584699881,1.0576026808730021,0.41633855477286147,13.08013754986502,127.0,46.0,81.0,36.22047244094488,6154.19,5819.0,335.1899999999996,615.85,0.0,2.0,0.12115520064750053,,,,,,,
1a_broad,27,-1.098097860761401,False,82,13,68.0,29.0,10,6,3.1,12,26,1.1,3.9000000000000004,1.0,0.015,0.5,-23.760279007950196,0.7754964747411567,-0.9521995701381258,34.41236580419531,216.0,44.0,172.0,20.37037037037037,8207.56,10583.619999999999,-2376.0599999999995,821.98,0.0,3.0,-11.027490837449987,0.7972550605798754,-0.9545779363856114,14.937558450930316,101.0,23.0,78.0,22.77227722772277,4336.35,5439.1,-1102.75,461.32,0.0,2.0,0.5885871645684062,,,,,,,
1a_broad,28,0.23895312491525256,True,116,17,61.0,33.0,16,15,3.5,15,34,1.7000000000000002,2.2,1.0,0.015,0.5,3.2706055057498995,1.0829886469176153,0.34500183079876184,6.221808521084304,93.0,32.0,61.0,34.40860215053763,4267.82,3940.7799999999997,327.03999999999996,486.54,0.0,1.0,13.844653266099977,1.9870952102553865,2.6996693292550225,3.697709980488483,42.0,20.0,22.0,47.61904761904762,2787.0599999999995,1402.5799999999997,1384.4799999999998,228.38,0.0,0.0,,0.04153395979829993,0.24677380256384662,-0.0,0.0358974358974359,0.0032706055057498996,0.004149432345880766,-0.09267211119596057
1a_broad,29,-1.3178216979346835,False,128,21,57.0,37.0,20,20,2.6,15,34,1.7000000000000002,2.3,1.0,0.015,0.5,-2.3429630194499986,0.0,-1.8879580854514804,2.7175314876001213,6.0,0.0,6.0,0.0,0.0,234.31,-234.31,29.58,0.0,0.0,1.0635229393499868,3.2419898819561555,1.4447988625036696,0.46725968152756386,2.0,1.0,1.0,50.0,153.8,47.44,106.36000000000001,10.14,0.0,0.0,1.9069301876081008,,,,,,,
1a_broad,30,-2.0,False,120,20,70.0,33.0,17,16,1.4,16,35,1.8,2.7,1.0,0.015,0.5,,,,,,,,,,,,,,,,,,,,,,,,,,,,,6.0,,,,,,,
1a_broad,31,-1.0030170814601667,False,100,17,61.0,34.0,16,12,3.5,11,41,1.6,2.1,1.0,0.015,0.5,-1.810248876099995,0.970813512859792,-0.08144644642964857,14.249664464792527,143.0,54.0,89.0,37.76223776223776,6020.5,6201.5,-181.0,709.45,0.0,3.0,5.44720218909999,1.2631993467368243,1.0794446431709372,3.999641502351029,60.0,22.0,38.0,36.666666666666664,2614.33,2069.6100000000006,544.7199999999993,309.33,0.0,1.0,0.01810248876099995,,,,,,,
1a_broad,32,-1.0048852442319167,False,63,18,61.0,37.0,19,14,3.8000000000000003,5,46,1.5,1.1,1.0,0.015,0.5,-2.9311465391500313,0.957344847357683,-0.21184797561904978,8.182494830610567,227.0,115.0,112.0,50.66079295154185,6578.510000000001,6871.62,-293.10999999999876,1111.46,0.0,0.0,6.473422741499981,1.2781052378333793,1.2838830738602816,5.540264088093077,96.0,54.0,42.0,56.25,2975.0199999999995,2327.6799999999994,647.3400000000001,493.89,0.0,2.0,0.029311465391500313,,,,,,,
1a_broad,33,-1.0249788671988334,False,115,15,65.0,31.0,8,17,3.2,20,37,1.3,1.2,1.0,0.015,0.5,-14.987320319300036,0.648584009791646,-1.6151000551990113,16.70629754888538,111.0,47.0,64.0,42.34234234234234,2766.12,4264.860000000001,-1498.7400000000007,505.74,0.0,2.0,4.699424083600043,1.3100067947779164,1.0472740172949817,3.3882064057369226,48.0,27.0,21.0,56.25,1985.8000000000002,1515.8700000000001,469.93000000000006,244.76,0.0,0.0,0.14987320319300035,,,,,,,
1a_broad,34,-1.3382982849589282,False,80,17,59.0,26.0,15,11,2.1,8,32,1.5,1.4,1.0,0.015,0.5,-3.4697932835499885,0.5882108611031994,-1.078692437154335,4.6262498639159615,26.0,9.0,17.0,34.61538461538461,495.65,842.64,-346.99,128.95,0.0,0.0,-2.265290352949996,0.40527697558414283,-2.455582449566275,2.9027993687017584,14.0,5.0,9.0,35.714285714285715,154.37,380.9,-226.52999999999997,69.38,0.0,0.0,2.0297897097535693,,,,,,,
1a_broad,35,-1.0404075819723708,False,149,20,62.0,36.0,10,5,3.9000000000000004,5,47,1.7000000000000002,3.6,1.0,0.015,0.5,3.8428039268000433,1.0510231720724212,0.257892619220142,15.460547427241952,137.0,37.0,100.0,27.00729927007299,7915.76,7531.4800000000005,384.27999999999975,648.66,0.0,1.0,-5.279979185850025,0.8508720150254897,-0.5113557110350245,8.789056546466908,65.0,14.0,51.0,21.53846153846154,3012.64,3540.6499999999996,-528.0099999999998,315.79,0.0,1.0,0.24244549183422437,,,,,,,
1a_broad,36,-1.13030342758073,False,133,16,60.0,41.0,14,9,2.9000000000000004,18,42,1.9000000000000001,1.9,1.0,0.015,0.5,-7.50201195534999,0.7011583995920906,-1.0079772153873863,8.137619300796374,60.0,19.0,41.0,31.666666666666668,1760.1600000000003,2510.3599999999997,-750.1999999999994,285.32,0.0,0.0,7.490761771599991,2.076172688743625,2.193273627486618,3.275274019689979,25.0,13.0,12.0,52.0,1445.1200000000001,696.05,749.0700000000002,131.51,0.0,1.0,0.7818205654843805,,,,,,,
1a_broad,37,-1.0040415534186649,False,48,12,74.0,32.0,12,7,4.0,10,21,1.3,3.0,1.0,0.015,0.5,12.3054103110498,1.0782647579283748,0.5531027152160297,16.610067652080097,260.0,79.0,181.0,30.384615384615383,16951.809999999994,15721.38,1230.4299999999948,1424.58,0.0,2.0,1.6649550227500185,1.0245382134624115,0.2489613605057937,15.2136316517674,138.0,39.0,99.0,28.26086956521739,6951.0,6784.52,166.47999999999956,678.95,0.0,4.0,0.024249320511989116,,,,,,,
1a_broad,38,-1.006598127804561,False,97,18,64.0,28.0,16,12,3.6,13,14,1.5,2.5,1.0,0.015,0.5,7.502260635749882,1.0686159537352289,0.4474921451094479,13.263499374587845,212.0,72.0,140.0,33.9622641509434,11681.96,10931.86,750.0999999999985,1108.58,0.0,2.0,0.3414297551499112,1.0084317948312655,0.1117051562097765,7.861497566679667,96.0,32.0,64.0,33.333333333333336,4083.1000000000004,4048.9599999999996,34.14000000000078,470.35,0.0,1.0,0.03958876682736619,,,,,,,
1a_broad,39,0.012918419890250294,True,143,21,62.0,34.0,8,7,3.3000000000000003,9,27,1.8,1.0,1.0,0.015,0.5,0.6046277034999549,1.011138547772014,0.09635755549747067,11.001861490644744,165.0,91.0,74.0,55.15151515151515,5491.179999999999,5430.6900000000005,60.48999999999887,824.97,0.0,1.0,4.096249928949983,1.1871179936960394,0.8851271378313892,3.5946687206551133,75.0,40.0,35.0,53.333333333333336,2598.72,2189.1,409.6199999999999,388.48,0.0,1.0,,0.012288749786849948,0.04677949842400986,-0.0,0.06410256410256411,0.0006046277034999548,0.0005569273886007032,-0.11141394751527428
1a_broad,40,-1.116666798210183,False,143,21,57.0,43.0,8,7,2.7,9,28,2.0,1.0,1.0,0.015,0.5,-1.4939473765000002,0.9242845917927661,-0.19348933822796027,8.308823264561203,62.0,33.0,29.0,53.225806451612904,1823.2900000000002,1972.65,-149.3599999999999,311.31,0.0,0.0,2.0884111879999545,1.4412305351898416,0.9694774355021906,1.6461621015776744,25.0,14.0,11.0,56.0,682.1200000000001,473.29,208.8300000000001,126.21,0.0,1.0,0.7000007892610981,,,,,,,
1a_broad,41,-1.02140770938925,False,139,20,62.0,34.0,9,9,3.3000000000000003,7,24,1.8,1.3,1.0,0.015,0.5,-12.844625633550022,0.7640454185565041,-1.1803098716094456,16.827027609240496,150.0,67.0,83.0,44.666666666666664,4159.15,5443.589999999999,-1284.4399999999996,674.38,0.0,1.0,3.0754266791499867,1.1401166233884563,0.6520785774089762,3.351115933598111,64.0,29.0,35.0,45.3125,2502.6700000000005,2195.1,307.5700000000006,326.55,0.0,1.0,0.12844625633550022,,,,,,,
1a_broad,42,-1.01009687659025,False,110,21,59.0,34.0,8,8,3.5,8,29,1.9000000000000001,1.6,1.0,0.015,0.5,-6.058125954150091,0.884812234778773,-0.4236185986438543,14.087681197874286,130.0,51.0,79.0,39.23076923076923,4653.9,5259.76,-605.8600000000006,607.09,0.0,2.0,2.403512253550034,1.1027784786578456,0.48884178683381263,6.018452550266885,65.0,29.0,36.0,44.61538461538461,2578.66,2338.33,240.32999999999993,321.67,0.0,1.0,0.06058125954150091,,,,,,,
1a_broad,43,-1.0180712877033873,False,132,19,64.0,31.0,7,5,3.0,9,19,1.7000000000000002,1.1,1.0,0.015,0.5,-3.702228561400098,0.9454812629111505,-0.23740543082427057,10.36705306331778,197.0,99.0,98.0,50.253807106598984,6421.34,6791.6100000000015,-370.27000000000135,947.57,0.0,2.0,-0.6036840438000035,0.9813629698232618,-0.056236979019639324,9.49082505558619,93.0,46.0,47.0,49.46236559139785,3178.88,3239.2499999999995,-60.369999999999436,447.63,0.0,2.0,0.10842772622032318,,,,,,,
1a_broad,44,-1.0388713686895064,False,144,20,66.0,28.0,10,10,3.3000000000000003,11,32,1.6,1.0,1.0,0.015,0.5,-11.686912982050163,0.8155816408487484,-1.0560944093656517,15.235454637909617,185.0,93.0,92.0,50.270270270270274,5168.61,6337.330000000001,-1168.7200000000012,885.76,0.0,1.0,-1.377610477649996,0.942287873582961,-0.2346957026525778,6.43249575932912,73.0,35.0,38.0,47.945205479452056,2249.2599999999998,2387.0200000000004,-137.76000000000067,358.64,0.0,1.0,0.23322821213703882,,,,,,,
1a_broad,45,-1.0086104444775834,False,124,8,60.0,33.0,11,5,3.8000000000000003,5,26,1.1,1.2,1.0,0.015,0.5,-5.166266686550025,0.8704234184518135,-0.6487097924714232,7.842535827074484,173.0,85.0,88.0,49.13294797687861,3470.0299999999997,3986.6000000000004,-516.5700000000006,847.33,0.0,3.0,2.1514576917999144,1.1189522035453507,0.55400664578559,5.191586254784497,77.0,40.0,37.0,51.94805194805195,2024.3300000000002,1809.1299999999999,215.20000000000027,387.47,0.0,1.0,0.05166266686550025,,,,,,,
1a_broad,46,-1.047793798364489,False,137,15,63.0,39.0,17,18,3.5,7,37,1.6,1.6,1.0,0.015,0.5,-3.899244459050096,0.8550240746593296,-0.5247876993261307,6.6490118528296005,81.0,32.0,49.0,39.50617283950617,2299.63,2689.55,-389.9200000000001,393.62,0.0,0.0,13.721919135150001,3.039870369269192,3.4823993379059046,3.682097547902858,34.0,22.0,12.0,64.70588235294117,2044.8600000000001,672.68,1372.1800000000003,180.58,0.0,0.0,0.28676279018693346,,,,,,,
1a_broad,47,-1.076985148582433,False,70,11,61.0,26.0,18,12,3.3000000000000003,15,21,1.3,1.8,1.0,0.015,0.5,-9.043376336150196,0.8552765909781896,-0.8601363468989317,11.785810489957052,184.0,66.0,118.0,35.869565217391305,5344.88,6249.299999999999,-904.4199999999992,901.64,0.0,1.0,-6.3184739012500355,0.7262929914233736,-1.5248706148042472,8.796317753360722,76.0,29.0,47.0,38.1578947368421,1676.72,2308.6,-631.8799999999999,368.53,0.0,1.0,0.4619108914945989,,,,,,,
1a_broad,48,-1.121229282676052,False,109,18,58.0,36.0,14,14,2.9000000000000004,18,25,1.5,2.8,1.0,0.015,0.5,4.819988085099921,1.1628882979262618,0.5918091016008182,5.262442161215844,70.0,21.0,49.0,30.0,3441.4399999999996,2959.39,482.0499999999997,371.3,0.0,0.0,-4.335090475150009,0.7174763102670716,-0.8238392409009978,7.019959491350866,34.0,10.0,24.0,29.41176470588235,1100.91,1534.42,-433.51,167.91,0.0,0.0,0.7273756960563116,,,,,,,
1a_broad,49,-1.0976671432194998,False,146,13,79.0,21.0,11,7,3.2,10,30,1.0,1.3,1.0,0.015,0.5,-22.967922528800244,0.800120615294646,-1.3967259324540424,25.577867177620135,298.0,137.0,161.0,45.97315436241611,9194.25,11491.08,-2296.83,1360.25,0.0,1.0,-10.310583845450036,0.7841213146467797,-1.518630825685781,16.012111978534886,128.0,53.0,75.0,41.40625,3745.23,4776.34,-1031.1100000000001,582.55,0.0,1.0,0.5860028593169984,,,,,,,
1a_broad,50,-1.00111439022825,False,91,14,65.0,31.0,19,11,3.6,12,35,1.9000000000000001,2.1,1.0,0.015,0.5,-0.6686341369500587,0.988517116142493,0.0020691873166196507,11.418343830163195,124.0,47.0,77.0,37.903225806451616,5756.58,5823.449999999999,-66.86999999999898,607.95,0.0,2.0,11.822448841750065,1.6153770078805736,2.1702475368254635,4.561425674229816,57.0,23.0,34.0,40.35087719298246,3103.4300000000003,1921.18,1182.2500000000002,301.11,0.0,1.0,0.0066863413695005865,,,,,,,
1a_broad,51,-1.0055219017454167,False,91,14,67.0,31.0,21,11,3.7,12,35,1.9000000000000001,2.1,1.0,0.015,0.5,-3.313141047249974,0.9505309219074359,-0.17051188290748848,12.887201821030688,140.0,53.0,87.0,37.857142857142854,6364.66,6695.9,-331.2399999999998,678.72,0.0,2.0,13.969820792450028,1.6339900427065324,2.1417406300052106,4.79182423548295,59.0,23.0,36.0,38.983050847457626,3600.3500000000004,2203.41,1396.9400000000005,319.86,0.0,1.0,0.03313141047249974,,,,,,,
1a_broad,52,-1.0068999196047501,False,83,12,65.0,33.0,19,9,3.4000000000000004,13,39,2.0,2.3,1.0,0.015,0.5,-4.139951762850014,0.9113987708005205,-0.2963538768181667,13.53650263917209,96.0,33.0,63.0,34.375,4258.929999999999,4672.959999999999,-414.02999999999975,456.63,0.0,1.0,14.019009284949972,2.1945601881438686,2.9016096187288545,3.789852439092045,39.0,20.0,19.0,51.282051282051285,2575.47,1173.57,1401.8999999999999,209.39,0.0,2.0,0.041399517628500145,,,,,,,
1a_broad,53,0.19408975343452398,True,94,16,62.0,29.0,19,9,3.6,11,44,1.8,2.0,1.0,0.015,0.5,7.8872522936498175,1.1351077260946059,0.5797950288058035,7.264403155370529,128.0,52.0,76.0,40.625,6626.18,5837.49,788.6900000000005,646.63,0.0,2.0,9.884225751650028,1.4546336841330587,1.7918536742303743,4.573198043310145,62.0,26.0,36.0,41.935483870967744,3162.4900000000002,2174.08,988.4100000000003,326.29,0.0,1.0,,0.02965267725495008,0.11365842103326468,-0.0,0.052991452991453,0.007887252293649817,0.0067553863047302935,-0.016855436443523886
1a_broad,54,0.11472284146243737,True,94,17,63.0,29.0,20,8,3.9000000000000004,12,33,1.8,2.1,1.0,0.015,0.5,4.867925993949939,1.066229742838989,0.3420843373598598,11.860072606947597,158.0,63.0,95.0,39.87341772151899,7836.650000000001,7349.87,486.78000000000065,756.67,0.0,2.0,4.540956406799997,1.13270387319622,0.69925067354278,6.9395799905101185,76.0,28.0,48.0,36.8421052631579,3876.09,3421.9799999999996,454.1100000000006,394.28,0.0,1.0,,0.01362286922039999,0.033175968299055,-0.0,0.06495726495726496,0.004867925993949939,0.003311487141949454,-0.005212674150181976
1a_broad,55,0.08734813463014694,True,95,16,63.0,29.0,20,6,3.9000000000000004,11,23,1.8,2.4000000000000004,1.0,0.015,0.5,6.116431749149961,1.0790527168918198,0.399112583403175,12.6292450605739,153.0,54.0,99.0,35.294117647058826,8347.800000000001,7736.229999999999,611.5700000000024,752.37,0.0,2.0,3.9707838870500383,1.1019131497277743,0.5974357190701027,7.749529615058276,84.0,31.0,53.0,36.904761904761905,4292.69,3895.670000000001,397.0199999999986,433.57,0.0,1.0,,0.011912351661150114,0.02547828743194358,-0.0,0.0717948717948718,0.006116431749149962,0.00395263584459099,-0.03190644385155951
1a_broad,56,-1.001450730445667,False,96,16,63.0,29.0,21,8,4.0,14,23,1.8,2.5,1.0,0.015,0.5,-0.8704382674001498,0.9885007808845796,0.015897821123502378,16.372002998874454,148.0,50.0,98.0,33.78378378378378,7481.3099999999995,7568.34,-87.03000000000065,711.88,0.0,2.0,4.454499374249954,1.1276494539911228,0.6985591497288134,7.796510616156459,79.0,29.0,50.0,36.70886075949367,3935.3499999999995,3489.87,445.47999999999956,399.91,0.0,1.0,0.008704382674001499,,,,,,,
1a_broad,57,0.017722207151258718,True,87,17,60.0,23.0,19,6,3.9000000000000004,11,50,1.7000000000000002,2.3,1.0,0.015,0.5,9.633360729449977,1.1269704862026424,0.6102432195474582,10.599762729458734,136.0,51.0,85.0,37.5,8550.28,7586.960000000001,963.3199999999997,705.28,0.0,3.0,2.714696157499966,1.0951826660122008,0.46406708636801886,6.017657809511384,63.0,24.0,39.0,38.095238095238095,3123.68,2852.2000000000007,271.4799999999991,322.46,0.0,1.0,,0.008144088472499898,0.023795666503050206,-0.0,0.05384615384615385,0.009633360729449978,0.00634852431013212,-0.08404558671002733
1a_broad,58,0.1687873816174791,True,108,16,64.0,25.0,20,6,3.8000000000000003,16,19,1.9000000000000001,2.6,1.0,0.015,0.5,12.698877784049948,1.1702141062998774,0.7380852331730974,13.774465887322387,138.0,48.0,90.0,34.78260869565217,8730.71,7460.78,1269.9299999999994,715.11,0.0,2.0,10.125052007850064,1.3176683944326613,1.3513566481058452,7.012994230130539,64.0,23.0,41.0,35.9375,4199.620000000001,3187.1600000000003,1012.4600000000005,338.63,0.0,1.0,,0.03037515602355019,0.07941709860816532,-0.0,0.05470085470085471,0.012698877784049947,0.008510705314993872,-0.016915310814134926
1a_broad,59,-1.0077016071653335,False,109,17,66.0,25.0,20,10,3.8000000000000003,17,12,2.0,2.7,1.0,0.015,0.5,-4.620964299200096,0.9324276506644206,-0.21395697527402202,19.829561550578568,110.0,33.0,77.0,30.0,6376.91,6839.040000000001,-462.130000000001,542.09,0.0,1.0,13.828408678249943,1.4949621490058522,1.8147560981767126,5.5021325534466845,57.0,21.0,36.0,36.8421052631579,4176.700000000001,2793.8500000000004,1382.8500000000004,303.35,0.0,0.0,0.046209642992000956,,,,,,,
1a_broad,60,-1.0379808405807072,False,116,19,61.0,23.0,20,4,1.8,16,15,1.7000000000000002,2.0,1.0,0.015,0.5,2.0791070154998854,1.0393967415402456,0.19804234058768383,11.956857488764884,121.0,45.0,76.0,37.1900826446281,5485.250000000001,5277.340000000001,207.90999999999985,593.66,0.0,2.0,-4.134441562549964,0.8541323407483196,-0.6776996385556616,7.829012298242157,62.0,21.0,41.0,33.87096774193548,2420.91,2834.3500000000004,-413.4400000000005,298.96,0.0,2.0,0.22788504348424296,,,,,,,
1a_broad,61,-1.0164346667368536,False,97,16,63.0,27.0,20,6,3.9000000000000004,15,18,1.8,2.4000000000000004,1.0,0.015,0.5,2.588767342300052,1.0336018818300068,0.21191698458031782,16.454428336162756,146.0,49.0,97.0,33.56164383561644,7961.98,7703.14,258.83999999999924,713.72,0.0,2.0,-1.409993533199977,0.9612665316564218,-0.13614677854402782,9.93071061247127,76.0,26.0,50.0,34.21052631578947,3498.27,3639.23,-140.96000000000004,370.55,0.0,1.0,0.09860800042112186,,,,,,,
1a_broad,62,0.09061625608322521,True,76,15,64.0,29.0,18,8,3.7,14,19,1.9000000000000001,2.6,1.0,0.015,0.5,2.859601256799997,1.0351693914891102,0.22692760486171543,15.635595910164934,159.0,51.0,108.0,32.075471698113205,8418.659999999998,8132.64,286.0199999999977,803.95,0.0,2.0,3.634095278249988,1.1086968876658243,0.6020881272075668,7.65071770100894,77.0,27.0,50.0,35.064935064935064,3706.5400000000004,3343.1499999999996,363.3900000000008,386.37,0.0,2.0,,0.010902285834749963,0.027174221916456076,-0.0,0.06581196581196581,0.0028596012567999973,0.0017584695744555124,-0.017890288311202148
1a_broad,63,-1.092819484811427,False,76,15,64.0,25.0,18,8,3.7,16,45,0.5,2.9000000000000004,1.0,0.015,0.5,-31.57607703835002,0.782554054184336,-1.4005476660280278,37.75532352082284,283.0,68.0,215.0,24.02826855123675,11363.890000000001,14521.539999999999,-3157.649999999998,1206.0,0.0,4.0,-7.690784279400013,0.8775392895243858,-0.5964782519008485,15.281079979667783,108.0,27.0,81.0,25.0,5511.21,6280.3,-769.0900000000001,488.88,0.0,3.0,0.5569169088685615,,,,,,,
1a_broad,64,-1.0205454776185001,False,86,18,67.0,27.0,18,9,3.6,14,19,1.9000000000000001,2.6,1.0,0.015,0.5,-12.327286571100103,0.8477794063352395,-0.6644948916129503,21.22056623453655,152.0,45.0,107.0,29.605263157894736,6865.75,8098.509999999999,-1232.7599999999993,695.47,0.0,2.0,13.278086539899906,1.40824370776222,1.646043390644444,7.859418162432825,70.0,26.0,44.0,37.142857142857146,4580.2,3252.42,1327.7799999999997,366.05,0.0,1.0,0.12327286571100103,,,,,,,
1a_broad,65,-2.0,False,101,17,59.0,30.0,17,10,1.3,14,13,1.9000000000000001,2.2,1.0,0.015,0.5,-0.9305232933499974,0.0,-0.8241099644048451,1.075470298203183,1.0,0.0,1.0,0.0,0.0,93.05,-93.05,4.96,0.0,0.0,,,,,,,,,,,,,,,6.0,,,,,,,
1a_broad,66,-1.044565026071146,False,66,15,61.0,20.0,18,7,3.8000000000000003,13,10,2.0,3.0,1.0,0.015,0.5,10.568394420299954,1.152782737041144,0.7058942869103672,10.954695479591297,127.0,40.0,87.0,31.496062992125985,7974.340000000001,6917.469999999998,1056.8700000000026,706.85,0.0,1.0,-4.6546999209000575,0.8181146849212302,-0.7403442968480749,10.728381620735657,55.0,16.0,39.0,29.09090909090909,2093.85,2559.36,-465.5100000000002,263.33,0.0,2.0,0.2673901564268766,,,,,,,
1a_broad,67,-1.0316294812214846,False,75,16,62.0,29.0,19,9,3.5,15,16,1.6,2.6,1.0,0.015,0.5,8.82595158399994,1.0849403979373622,0.5454270863177737,12.715257954254222,203.0,68.0,135.0,33.49753694581281,11273.16,10390.580000000002,882.5799999999981,1093.72,0.0,2.0,-4.05719403435005,0.8933348056653231,-0.5633926892938699,10.172752533609653,91.0,29.0,62.0,31.86813186813187,3397.79,3803.4900000000002,-405.7000000000003,434.42,0.0,2.0,0.18977688732890713,,,,,,,
1a_broad,68,-1.0048411116046667,False,108,18,68.0,25.0,21,8,3.7,19,21,1.8,1.9,1.0,0.015,0.5,-2.9046669628000745,0.9642001772549156,-0.10452697274088016,16.222530183270855,163.0,62.0,101.0,38.03680981595092,7822.180000000001,8112.610000000001,-290.4299999999994,772.14,0.0,2.0,9.326767396650066,1.280816432218904,1.329411362398868,5.292854035381385,78.0,34.0,44.0,43.58974358974359,4253.950000000001,3321.2799999999997,932.670000000001,398.91,0.0,1.0,0.029046669628000746,,,,,,,
1a_broad,69,-1.0038326623505833,False,60,17,64.0,28.0,19,10,4.0,17,43,1.9000000000000001,2.2,1.0,0.015,0.5,-2.299597410349961,0.9724438832536871,-0.06246936216269141,13.315192895075501,155.0,56.0,99.0,36.12903225806452,8117.31,8347.33,-230.01999999999953,752.74,0.0,0.0,6.300236812950042,1.1660705012797563,0.8177541164587174,9.545064727448011,77.0,29.0,48.0,37.66233766233766,4423.709999999999,3793.6900000000005,630.0199999999986,385.28,0.0,2.0,0.02299597410349961,,,,,,,
1a_broad,70,-1.0026802279959168,False,79,19,57.0,32.0,16,15,3.5,13,22,1.7000000000000002,2.7,1.0,0.015,0.5,-1.6081367975500689,0.9622408461056178,-0.1301828134631279,11.099118912756705,100.0,32.0,68.0,32.0,4097.77,4258.57,-160.79999999999927,515.6899999999999,0.0,1.0,3.0380975292999937,1.1688715953307391,0.6373270658814951,4.2429491072344,46.0,17.0,29.0,36.95652173913044,2102.7999999999997,1799.0,303.7999999999997,232.08,0.0,1.0,0.01608136797550069,,,,,,,
1a_broad,71,0.07274554563642832,True,105,16,63.0,29.0,20,6,3.9000000000000004,10,20,1.8,2.4000000000000004,1.0,0.015,0.5,16.96747410554992,1.230659111486937,0.967423313616395,11.47182729412867,155.0,57.0,98.0,36.774193548387096,9052.310000000001,7355.659999999999,1696.6500000000024,807.13,0.0,2.0,5.467061874849969,1.1659568138283183,0.8325327562027669,7.579078520832488,74.0,27.0,47.0,36.486486486486484,3840.790000000001,3294.1099999999997,546.6800000000012,371.96999999999997,0.0,1.0,,0.016401185624549904,0.04148920345707957,-0.0,0.06324786324786325,0.01696747410554992,0.011532955574346849,-0.07689313637296116
1a_broad,72,0.04121349753184653,True,85,16,62.0,30.0,20,5,3.8000000000000003,11,23,2.0,2.4000000000000004,1.0,0.015,0.5,25.486686515449946,1.3990836677716312,1.5692354167088185,6.956666356429555,124.0,49.0,75.0,39.516129032258064,8935.01,6386.329999999999,2548.680000000001,695.22,0.0,1.0,4.105177452099997,1.1417154850714069,0.6593896875580744,7.926281998427247,66.0,26.0,40.0,39.39393939393939,3307.3100000000004,2896.79,410.52000000000044,331.67,0.0,1.0,,0.012315532356299992,0.035428871267851714,-0.0,0.05641025641025641,0.025486686515449948,0.01995418338858156,-0.1083820324065931
1a_broad,73,-1.0049924128054917,False,94,17,65.0,27.0,20,4,4.0,16,48,1.8,2.0,1.0,0.015,0.5,2.6653106122000283,1.0330925548272032,0.21011276331726683,18.635864900009892,149.0,58.0,91.0,38.92617449664429,8318.11,8051.660000000002,266.4499999999989,679.49,0.0,2.0,0.7664157587499175,1.0185477993254028,0.16606831147973314,11.020237677760687,76.0,28.0,48.0,36.8421052631579,4206.470000000001,4129.87,76.60000000000127,368.56,0.0,1.0,0.02995447683294971,,,,,,,
1a_broad,74,-1.010530558673537,False,71,14,60.0,28.0,21,8,3.6,12,17,1.4,2.3,1.0,0.015,0.5,-6.304506823300161,0.9325710373892254,-0.35617789299115127,14.746571753297722,219.0,72.0,147.0,32.87671232876713,8718.56,9348.95,-630.3900000000012,1111.43,0.0,3.0,1.6669829226500226,1.0498548020013696,0.3380755113254388,6.459665790490189,92.0,35.0,57.0,38.04347826086956,3510.41,3343.71,166.69999999999982,458.2,0.0,2.0,0.06318335204122108,,,,,,,
1a_broad,75,-1.077989974642201,False,115,15,58.0,23.0,18,7,3.8000000000000003,11,19,1.9000000000000001,2.5,1.0,0.015,0.5,-1.2811642725000456,0.958907403785418,-0.09278393014667545,7.434326796710963,69.0,22.0,47.0,31.884057971014492,2990.65,3118.8100000000004,-128.1600000000003,348.35,0.0,2.0,7.924436832550036,1.7006950093728999,1.9656662569048142,3.9396681276705396,31.0,16.0,15.0,51.61290322580645,1923.35,1130.92,792.4299999999998,161.56,0.0,1.0,0.46793984785320564,,,,,,,
1a_broad,76,-1.087514904987589,False,99,16,61.0,30.0,15,7,2.0,14,32,1.7000000000000002,2.8,1.0,0.015,0.5,7.196647731149914,1.2626287691078215,0.8140497484622577,9.081667032256897,61.0,22.0,39.0,36.0655737704918,3460.0699999999997,2740.369999999999,719.7000000000007,319.31,0.0,2.0,0.1768839058499907,1.013998907942738,0.07959562192098016,6.713878668570235,33.0,11.0,22.0,33.333333333333336,1281.3600000000001,1263.6700000000003,17.689999999999827,162.10999999999999,0.0,0.0,0.5250894299255339,,,,,,,
1a_broad,77,-1.209741691698097,False,93,9,64.0,26.0,19,19,3.4000000000000004,15,40,1.8,1.8,1.0,0.015,0.5,-2.433643781400042,0.7717059899620055,-0.5076782747598438,5.650484172336041,28.0,8.0,20.0,28.571428571428573,822.5999999999999,1065.9500000000003,-243.35000000000036,139.94,0.0,1.0,1.4672683287000108,1.2579907872991316,0.527270844975293,3.472305953675017,18.0,8.0,10.0,44.44444444444444,715.52,568.78,146.74,90.02,0.0,0.0,1.2584501501885823,,,,,,,
1a_broad,78,-1.0262833665149167,False,89,18,66.0,29.0,17,13,3.7,13,25,2.0,2.1,1.0,0.015,0.5,-15.770019908950033,0.7758530019585714,-1.0762458514453732,20.744425717025344,139.0,45.0,94.0,32.37410071942446,5458.7,7035.740000000001,-1577.0400000000009,643.47,0.0,1.0,9.49366700599996,1.399895538042265,1.5859151677702463,6.669884478403684,60.0,23.0,37.0,38.333333333333336,3323.45,2374.0699999999997,949.3800000000001,311.66,0.0,1.0,0.15770019908950034,,,,,,,
1a_broad,79,-1.246045996517359,False,120,17,63.0,32.0,21,16,2.3,12,45,1.2000000000000002,2.2,1.0,0.015,0.5,-5.180552202500021,0.5915155338274719,-0.8630323513417095,9.26980718175002,27.0,6.0,21.0,22.22222222222222,750.16,1268.2,-518.0400000000001,127.11,0.0,0.0,3.9666911941999934,2.4464337806301053,1.8589762896400053,1.7490877594653897,11.0,5.0,6.0,45.45454545454545,670.9100000000001,274.24,396.6700000000001,56.22,0.0,0.0,1.4762759791041529,,,,,,,
1a_broad,80,-1.028674414745814,False,78,15,59.0,24.0,20,5,3.9000000000000004,11,18,1.5,2.6,1.0,0.015,0.5,-9.315340976950065,0.8928320789318066,-0.5037883971753948,18.271594267129153,180.0,56.0,124.0,31.11111111111111,7760.55,8692.060000000001,-931.5100000000011,898.29,0.0,3.0,-0.8689616281499548,0.9762863644549219,-0.07215507502732639,7.600419077241128,88.0,30.0,58.0,34.09090909090909,3578.07,3664.9800000000005,-86.91000000000031,445.81,0.0,1.0,0.17204648847488413,,,,,,,
1a_broad,81,0.07224026072424883,True,105,16,63.0,29.0,20,6,3.9000000000000004,10,20,1.6,2.4000000000000004,1.0,0.015,0.5,17.459961724249897,1.194039703452131,0.9038896801695308,7.548112886893746,186.0,68.0,118.0,36.55913978494624,10744.22,8998.21,1746.0100000000002,961.15,0.0,3.0,5.351577542550003,1.1405577341819033,0.7689063080977045,8.16675622762539,86.0,31.0,55.0,36.04651162790697,4342.32,3807.1899999999996,535.1300000000001,431.82,0.0,1.0,,0.01605473262765001,0.03513943354547583,-0.0,0.0735042735042735,0.0174599617242499,0.009701985172606554,-0.07962012585000697
1a_broad,82,0.16242985378727492,True,105,16,63.0,28.0,19,6,4.0,10,23,1.8,2.4000000000000004,1.0,0.015,0.5,11.18725618139999,1.1484198278732787,0.6669683357442223,10.501047252353542,156.0,57.0,99.0,36.53846153846154,8656.18,7537.469999999999,1118.710000000001,778.53,0.0,2.0,9.022225013449969,1.2646307447285912,1.2823222659023292,6.466046958624462,78.0,31.0,47.0,39.743589743589745,4311.67,3409.43,902.2400000000002,402.78,0.0,1.0,,0.027066675040349906,0.06615768618214779,-0.0,0.06666666666666667,0.011187256181399992,0.007420991393663934,-0.01606942167695336
1a_broad,83,-1.121089923689158,False,101,7,62.0,28.0,19,7,4.0,10,23,1.9000000000000001,2.3,1.0,0.015,0.5,-1.7509441800499916,0.9091097856612628,-0.21627669243658465,8.32075725125865,48.0,14.0,34.0,29.166666666666668,1751.3,1926.3899999999999,-175.08999999999992,237.63,0.0,0.0,2.0493751512499876,1.1861844675187823,0.5533592431948304,4.434022972545469,30.0,13.0,17.0,43.333333333333336,1305.74,1100.7899999999997,204.95000000000027,150.11,0.0,0.0,0.7265395421349481,,,,,,,
1a_broad,84,-1.0119722395667499,False,83,15,60.0,27.0,19,9,3.6,17,22,1.7000000000000002,2.5,1.0,0.015,0.5,-7.183343740049949,0.880773367324583,-0.5167789846540942,11.221567004144042,128.0,41.0,87.0,32.03125,5306.73,6025.080000000001,-718.3500000000013,604.28,0.0,3.0,8.637356329950016,1.3566938694596338,1.6166758946714241,4.637771954115989,63.0,27.0,36.0,42.857142857142854,3284.99,2421.3199999999997,863.6700000000001,327.38,0.0,2.0,0.0718334374004995,,,,,,,
1a_broad,85,0.17704502369031008,True,112,17,65.0,30.0,17,5,3.7,8,24,1.8,2.6,1.0,0.015,0.5,7.367152753350019,1.0945528143300656,0.4507681157518541,12.15039997240051,158.0,54.0,104.0,34.177215189873415,8528.460000000001,7791.73,736.7300000000014,772.01,0.0,2.0,15.350923131050095,1.4061048265061011,1.8686728098174563,7.5179918255024,82.0,31.0,51.0,37.80487804878049,5315.020000000001,3779.9599999999996,1535.0600000000018,431.79,0.0,1.0,,0.046052769393150284,0.10152620662652528,-0.0,0.07008547008547009,0.00736715275335002,0.0047276407165032786,-0.05271421588468886
1a_broad,86,0.11714425840128549,True,112,17,65.0,30.0,17,4,3.7,8,27,1.9000000000000001,2.8,1.0,0.015,0.5,5.1114277575499365,1.0709181478860537,0.340321073674593,12.897915182572383,136.0,44.0,92.0,32.35294117647059,7718.0,7206.9,511.10000000000036,670.12,0.0,2.0,6.14617579000007,1.16235141845845,0.7885012184614392,7.400648996930357,74.0,25.0,49.0,33.78378378378378,4400.43,3785.8,614.6300000000001,376.34,0.0,1.0,,0.01843852737000021,0.040587854614612506,-0.0,0.06324786324786325,0.005111427757549937,0.0035459073943026834,-0.013787321983043088
1a_broad,87,-1.0531513646897117,False,112,18,67.0,30.0,17,4,1.6,8,28,1.7000000000000002,3.2,1.0,0.015,0.5,11.064543970049835,1.2371375297370282,0.8294326515650383,6.117943149036932,96.0,31.0,65.0,32.291666666666664,5772.36,4665.9,1106.46,506.59,0.0,2.0,-5.787054300800028,0.7759104726132163,-0.922673978156692,9.6409355134867,59.0,13.0,46.0,22.033898305084747,2003.75,2582.4499999999994,-578.6999999999994,284.83,0.0,0.0,0.31890818813827043,,,,,,,
1a_broad,88,-1.0112959546176667,False,124,17,65.0,32.0,15,5,3.2,6,25,1.6,2.9000000000000004,1.0,0.015,0.5,-6.777572770600108,0.9159166051523179,-0.3175878637080169,18.709121810288597,179.0,50.0,129.0,27.932960893854748,7382.700000000001,8060.45,-677.7499999999991,805.04,0.0,3.0,11.370974203999921,1.288585698623462,1.3511104443662543,7.0884648918346365,80.0,26.0,54.0,32.5,5077.44,3940.3199999999997,1137.12,421.33,0.0,2.0,0.06777572770600108,,,,,,,
1a_broad,89,-1.0035420884524167,False,127,19,66.0,31.0,16,4,3.8000000000000003,9,26,0.8,3.0,1.0,0.015,0.5,-2.1252530714500426,0.9838475981968421,0.013243232407812333,19.1219643904856,235.0,63.0,172.0,26.80851063829787,12942.22,13154.7,-212.48000000000138,1131.39,0.0,6.0,7.81580145999993,1.1213773011184516,0.812480347023439,10.127807900699242,123.0,36.0,87.0,29.26829268292683,7220.84,6439.26,781.5799999999999,635.85,0.0,4.0,0.021252530714500426,,,,,,,
1a_broad,90,-1.0105167397563335,False,117,10,72.0,33.0,16,5,3.4000000000000004,6,27,1.3,2.7,1.0,0.015,0.5,-6.310043853800071,0.9393497564974853,-0.24579229343792416,14.895750140841429,237.0,70.0,167.0,29.535864978902953,9773.380000000001,10404.41,-631.0299999999988,1100.5,0.0,4.0,3.7759928380000565,1.0831736297431964,0.5003708157230911,10.204224982343977,98.0,30.0,68.0,30.612244897959183,4917.239999999999,4539.66,377.579999999999,481.62,0.0,2.0,0.06310043853800071,,,,,,,
1a_broad,91,-1.0064166634205003,False,106,17,64.0,30.0,17,14,3.7,7,30,1.9000000000000001,2.6,1.0,0.015,0.5,-3.849998052300161,0.9338062969732505,-0.22043754533665413,14.779974972451098,126.0,40.0,86.0,31.746031746031747,5430.839999999999,5815.8099999999995,-384.97000000000025,607.03,0.0,2.0,15.496694414149989,1.6453817418572978,2.404955906883004,4.2033280881766135,61.0,22.0,39.0,36.0655737704918,3950.94,2401.2300000000005,1549.7099999999996,327.55,0.0,1.0,0.03849998052300161,,,,,,,
1a_broad,92,0.17168645037684443,True,112,16,62.0,28.0,18,6,3.5,9,24,1.8,2.5,1.0,0.015,0.5,8.23754818379979,1.1322080469160016,0.5994167996576933,10.093093913480187,139.0,50.0,89.0,35.97122302158273,7054.459999999999,6230.709999999999,823.75,712.67,0.0,2.0,8.154192832550052,1.3000761754759127,1.316392116474991,5.479171024695432,68.0,26.0,42.0,38.23529411764706,3532.84,2717.4100000000003,815.4299999999998,357.84,0.0,1.0,,0.024462578497650152,0.07501904386897817,-0.0,0.05811965811965813,0.00823754818379979,0.006610402345800082,-0.000762780639041901
1a_broad,93,0.09759580087177147,True,113,18,61.0,28.0,18,6,3.5,8,27,1.8,2.8,1.0,0.015,0.5,3.5126742098999966,1.057246602378457,0.28197737077208584,11.763196312289388,135.0,43.0,92.0,31.85185185185185,6487.169999999999,6135.910000000001,351.2599999999984,647.15,0.0,2.0,7.261073346150042,1.2711175172424094,1.0505710970384692,6.73737984414645,63.0,23.0,40.0,36.507936507936506,3404.0399999999995,2677.99,726.0499999999997,328.09,0.0,1.0,,0.021783220038450124,0.06777937931060235,-0.0,0.05384615384615385,0.0035126742098999966,0.0028623301189228513,-0.05218795665225771
1a_broad,94,0.11123963154621015,True,122,17,62.0,31.0,17,4,3.6,9,24,1.8,2.1,1.0,0.015,0.5,15.003151671499873,1.2524334246971782,1.009466070699043,6.60794612282356,137.0,54.0,83.0,39.416058394160586,7443.549999999998,5943.27,1500.279999999998,699.55,0.0,3.0,6.865252277699891,1.2257818383932066,1.1188183002585566,6.854009297192662,73.0,31.0,42.0,42.465753424657535,3727.1000000000004,3040.59,686.5100000000002,368.71,0.0,1.0,,0.020595756833099676,0.05644545959830166,-0.0,0.062393162393162394,0.015003151671499874,0.012621671234858911,-0.05581957018471236
1a_broad,95,0.07317422316888188,True,113,16,65.0,26.0,13,5,2.6,9,22,1.7000000000000002,2.2,1.0,0.015,0.5,0.39196089759992897,1.00587199499721,0.08663134689877572,18.540817040867786,155.0,54.0,101.0,34.83870967741935,6723.5199999999995,6684.269999999999,39.25000000000091,744.66,0.0,3.0,13.302229284749991,1.4327331283853018,1.979457324894079,4.424165443886506,77.0,31.0,46.0,40.25974025974026,4404.149999999999,3073.9500000000003,1330.1999999999985,412.29,0.0,2.0,,0.03990668785424997,0.10818328209632544,-0.0,0.06581196581196581,0.000391960897599929,0.0002935997498604959,-0.14141327324111977
1a_broad,96,-1.0189161217884166,False,111,17,68.0,25.0,9,5,2.2,8,42,1.8,2.5,1.0,0.015,0.5,-11.349673073049962,0.8186973635445821,-0.6625917328384766,12.71155750382289,116.0,34.0,82.0,29.310344827586206,5124.98,6259.919999999999,-1134.9399999999996,540.85,0.0,2.0,11.38475808340001,1.4397232972584642,1.5561539164296687,8.144898131536563,60.0,21.0,39.0,35.0,3727.5299999999997,2589.0600000000004,1138.4699999999993,309.91,0.0,1.0,0.11349673073049962,,,,,,,
1a_broad,97,-1.090154954955898,False,133,12,62.0,22.0,12,4,3.0,7,34,1.9000000000000001,2.8,1.0,0.015,0.5,14.69979827515006,1.3880112444074908,1.2503256165694938,5.053404726746864,84.0,30.0,54.0,35.714285714285715,5258.549999999999,3788.5499999999997,1469.9999999999995,446.8,0.0,1.0,-4.1948087002500145,0.7789120844950167,-0.6593534646585347,9.889185393416616,33.0,9.0,24.0,27.272727272727273,1477.8999999999999,1897.39,-419.49000000000024,163.56,0.0,1.0,0.5409297297353877,,,,,,,
1a_broad,98,-1.056448038441927,False,118,14,61.0,24.0,18,6,3.4000000000000004,8,33,2.0,1.7000000000000002,1.0,0.015,0.5,-0.396136331599937,0.9868245413722049,-0.0018863531136984219,5.611427224892754,73.0,29.0,44.0,39.726027397260275,2964.49,3004.07,-39.58000000000038,358.44,0.0,2.0,7.045562069949956,1.6460442341549295,1.776160839155626,5.165466890768732,34.0,20.0,14.0,58.8235294117647,1795.11,1090.56,704.55,175.88,0.0,1.0,0.3386882306515624,,,,,,,
1a_broad,99,0.004058218211122062,True,101,16,63.0,31.0,19,7,3.7,9,37,1.8,2.0,1.0,0.015,0.5,8.551943459699942,1.1243862211000315,0.5567777911557211,8.412571821442242,154.0,59.0,95.0,38.311688311688314,7730.65,6875.44,855.21,757.0600000000001,0.0,2.0,1.9552777119000164,1.0676427444576682,0.36147394228235125,5.98926698229837,71.0,28.0,43.0,39.436619718309856,3086.0000000000005,2890.48,195.52000000000044,356.22,0.0,1.0,,0.005865833135700049,0.01691068611441704,-0.0,0.06068376068376068,0.008551943459699942,0.006219311055001575,-0.09417331623745723
1a_broad,100,0.1714139860075104,True,108,20,60.0,27.0,18,10,3.8000000000000003,10,30,1.7000000000000002,2.7,1.0,0.015,0.5,12.440254921399738,1.1775646506502533,0.7560191829886725,10.721182766275172,156.0,50.0,106.0,32.05128205128205,8249.699999999999,7005.73,1243.9699999999993,785.65,0.0,2.0,9.666714945599997,1.3135035561277935,1.40583162336279,5.245595040439988,72.0,25.0,47.0,34.72222222222222,4050.0699999999997,3083.4100000000003,966.6599999999994,376.67,0.0,1.0,,0.02900014483679999,0.07837588903194836,-0.0,0.06153846153846154,0.012440254921399739,0.008878232532512664,-0.0188189968536119
1a_broad,101,0.15139979030468345,True,104,19,60.0,27.0,18,10,3.8000000000000003,10,30,1.7000000000000002,2.7,1.0,0.015,0.5,15.617465039850032,1.2199600298015996,0.9135849834805493,9.62692749728305,154.0,52.0,102.0,33.76623376623377,8662.07,7100.29,1561.7799999999997,792.86,0.0,2.0,8.971021800650032,1.317771873893022,1.3616916177819138,5.2459705539625885,69.0,24.0,45.0,34.78260869565217,3720.07,2822.9999999999995,897.0700000000006,359.56,0.0,1.0,,0.026913065401950095,0.07944296847325549,-0.0,0.05897435897435898,0.015617465039850032,0.010998001490079979,-0.04054606907481113
1a_broad,102,0.14775054200344523,True,107,20,60.0,26.0,18,11,3.8000000000000003,10,30,1.7000000000000002,2.7,1.0,0.015,0.5,16.835536329899913,1.2421499121894808,1.012582134091369,10.029633940979954,158.0,52.0,106.0,32.91139240506329,8636.01,6952.47,1683.54,811.69,0.0,2.0,9.02925172430001,1.3154871508184693,1.3285737509109692,4.907247208652059,68.0,23.0,45.0,33.8235294117647,3764.99,2862.0499999999997,902.94,354.12,0.0,1.0,,0.027087755172900033,0.07887178770461734,-0.0,0.05811965811965813,0.016835536329899915,0.01210749560947404,-0.04527169093310423
1a_broad,103,0.07784698459066283,True,107,20,60.0,26.0,18,11,3.8000000000000003,10,29,1.6,2.7,1.0,0.015,0.5,11.287851083449914,1.1514566389754755,0.6831573803765548,14.326139311736483,170.0,53.0,117.0,31.176470588235293,8581.150000000001,7452.429999999999,1128.720000000002,850.35,0.0,3.0,4.994249077699969,1.1549437797855442,0.7452611123219938,7.16355095586448,74.0,24.0,50.0,32.432432432432435,3722.4300000000003,3223.04,499.3900000000003,374.2,0.0,1.0,,0.014982747233099907,0.03873594494638605,-0.0,0.06324786324786325,0.011287851083449915,0.0075728319487737734,-0.05798025386891006
1a_broad,104,0.22647252649054628,True,104,20,59.0,27.0,18,10,3.5,10,31,1.5,2.5,1.0,0.015,0.5,10.24514922425009,1.1285804284968473,0.6526976898614631,9.712443841085,176.0,63.0,113.0,35.79545454545455,8992.889999999998,7968.32,1024.569999999998,919.49,0.0,3.0,12.269352576350029,1.5031701375503408,2.0061099834351777,5.188256024304308,71.0,26.0,45.0,36.61971830985915,3665.3,2438.38,1226.92,368.93,0.0,1.0,,0.03680805772905008,0.1257925343875852,-0.0,0.06068376068376068,0.010245149224250091,0.006429021424842363,-0.01348599695894215
1a_broad,105,0.08660086846939573,True,104,20,58.0,27.0,18,12,3.5,10,31,1.7000000000000002,2.5,1.0,0.015,0.5,8.534256763349859,1.1796120999886355,0.7468268508189275,7.2431161264860755,116.0,42.0,74.0,36.206896551724135,5605.209999999999,4751.740000000001,853.4699999999984,611.73,0.0,2.0,4.307469274350078,1.244363504328783,0.9820988847570575,3.876267176701994,52.0,18.0,34.0,34.61538461538461,2193.3399999999997,1762.6200000000001,430.7199999999996,263.76,0.0,1.0,,0.012922407823050234,0.061090876082195766,-0.0,0.044444444444444446,0.00853425676334986,0.008980604999431775,-0.04937172164307635
1a_broad,106,0.06503972526409192,True,99,21,59.0,26.0,18,10,4.0,10,31,1.6,3.1,1.0,0.015,0.5,10.240497594550034,1.12476941709128,0.5806324549740141,14.25626125013603,167.0,50.0,117.0,29.940119760479043,9231.499999999998,8207.460000000001,1024.0399999999972,819.98,0.0,3.0,4.274641236500028,1.129723823975721,0.6086454980723736,8.478246927719736,76.0,24.0,52.0,31.57894736842105,3722.4399999999996,3294.999999999999,427.4400000000005,388.74,0.0,1.0,,0.012823923709500085,0.032430955993930255,-0.0,0.06495726495726496,0.010240497594550035,0.006238470854564005,-0.061651387845717415
1a_broad,107,0.11051014533420307,True,103,20,60.0,25.0,19,11,3.8000000000000003,10,30,1.5,2.9000000000000004,1.0,0.015,0.5,16.084879350349894,1.1865754654498255,0.8475000695381624,9.80618194349737,186.0,60.0,126.0,32.25806451612903,10229.739999999998,8621.23,1608.5099999999984,939.18,0.0,3.0,7.183423682949979,1.2307277229789844,0.9675786168694129,6.480175071716876,74.0,25.0,49.0,33.78378378378378,3831.76,3113.4100000000003,718.3499999999999,377.46,0.0,1.0,,0.021550271048849934,0.05768193074474609,-0.0,0.06324786324786325,0.016084879350349895,0.009328773272491276,-0.05738357233009737
1a_broad,108,-1.0003640740628335,False,108,19,57.0,28.0,18,9,3.6,9,36,1.7000000000000002,2.7,1.0,0.015,0.5,-0.21844443770010913,0.9950623137361146,0.02567576411063612,7.327607919552098,108.0,35.0,73.0,32.407407407407405,4407.33,4429.200000000001,-21.8700000000008,531.04,0.0,2.0,7.964014988550025,1.4807202443470597,1.566871206670712,4.05366644557928,47.0,18.0,29.0,38.297872340425535,2453.05,1656.66,796.3900000000001,245.56,0.0,1.0,0.002184444377001091,,,,,,,
1a_broad,109,-1.0050001703377502,False,119,20,59.0,27.0,19,10,3.4000000000000004,11,29,1.4,2.6,1.0,0.015,0.5,-3.0001022026501594,0.9564199892793175,-0.1550828480693636,16.387727470964442,159.0,48.0,111.0,30.18867924528302,6583.89,6883.889999999999,-299.9999999999991,787.76,0.0,4.0,11.35066905280004,1.4637026929864696,1.8047711826752257,6.195211061778272,69.0,25.0,44.0,36.231884057971016,3582.91,2447.84,1135.0699999999997,359.17,0.0,2.0,0.030001022026501595,,,,,,,
1a_broad,110,0.07706336584539537,True,97,19,58.0,24.0,17,11,3.6,9,33,1.7000000000000002,3.6,1.0,0.015,0.5,28.087994966099938,1.5172865311835284,1.7634187301346795,8.861438489002424,114.0,34.0,80.0,29.82456140350877,8238.79,5429.950000000001,2808.84,636.65,0.0,2.0,5.161910597799979,1.259590818564043,0.8581550496152776,4.3042688714796915,54.0,17.0,37.0,31.48148148148148,2504.52,1988.3599999999997,516.1600000000003,274.46,0.0,1.0,,0.015485731793399937,0.06489770464101074,-0.0,0.046153846153846156,0.02808799496609994,0.02586432655917642,-0.10342623826813782
1a_broad,111,-1.0082770489052504,False,114,20,61.0,28.0,18,10,3.8000000000000003,11,30,1.3,2.4000000000000004,1.0,0.015,0.5,-4.966229343150262,0.9483736955152133,-0.187849947509873,17.259378607613748,219.0,71.0,148.0,32.42009132420091,9122.160000000002,9618.739999999998,-496.5799999999963,1038.84,0.0,4.0,9.397775419800036,1.2591797898452797,1.2405932115925529,6.001781633104144,84.0,32.0,52.0,38.095238095238095,4565.66,3625.9,939.7599999999998,431.31,0.0,2.0,0.04966229343150262,,,,,,,
1a_broad,112,-1.0150977897790001,False,110,21,56.0,25.0,19,9,3.6,10,31,1.4,2.5,1.0,0.015,0.5,-9.058673867400065,0.8381508467126682,-0.7298173516171558,14.127506267859491,146.0,45.0,101.0,30.82191780821918,4691.080000000001,5596.94,-905.8599999999988,687.87,0.0,3.0,7.25493222794994,1.3323392929945352,1.3387864295793401,4.387759486652202,65.0,24.0,41.0,36.92307692307692,2908.51,2183.0099999999998,725.5000000000005,330.76,0.0,1.0,0.09058673867400065,,,,,,,
1a_broad,113,0.021224833367700573,True,103,20,60.0,27.0,16,12,3.9000000000000004,9,24,1.5,2.3,1.0,0.015,0.5,8.683769333199907,1.1041726149202595,0.5646375290578779,10.923194312848164,200.0,71.0,129.0,35.5,9204.14,8335.779999999999,868.3600000000006,995.49,0.0,3.0,2.034427191449995,1.0557763791269639,0.3663005542631312,9.300369854786341,94.0,33.0,61.0,35.1063829787234,3851.43,3647.9600000000005,203.46999999999935,459.28000000000003,0.0,1.0,,0.006103281574349985,0.013944094781740968,-0.0,0.08034188034188035,0.008683769333199906,0.005208630746012977,-0.09305682340948361
1a_broad,114,-1.0130642239342502,False,90,19,59.0,26.0,18,11,3.3000000000000003,11,47,1.6,2.7,1.0,0.015,0.5,-7.838534360550129,0.8676417454845059,-0.5960922608266281,14.272861033128322,123.0,36.0,87.0,29.26829268292683,5138.99,5922.9400000000005,-783.9500000000007,596.34,0.0,3.0,8.683163136000003,1.4489574339380715,1.6552691840547635,4.080265187549569,56.0,22.0,34.0,39.285714285714285,2802.5299999999997,1934.1699999999998,868.3599999999999,295.07,0.0,1.0,0.0783853436055013,,,,,,,
1a_broad,115,0.29034879201711283,True,107,21,61.0,45.0,17,10,3.5,10,26,1.7000000000000002,2.4000000000000004,1.0,0.015,0.5,14.844229644299938,1.2044289590018316,0.9366784249766127,11.84668716500214,170.0,63.0,107.0,37.05882352941177,8745.72,7261.3,1484.4199999999992,869.28,0.0,1.0,17.94182784325003,1.6392701385325807,2.7355261527069645,6.190096185855117,77.0,31.0,46.0,40.25974025974026,4600.71,2806.56,1794.15,421.24,0.0,1.0,,0.0538254835297501,0.1598175346331452,-0.0,0.06581196581196581,0.01484422964429994,0.010221447950091578,-0.014171869552139785
1a_broad,116,0.29062756572270804,True,108,21,61.0,45.0,17,10,3.5,10,28,1.7000000000000002,2.4000000000000004,1.0,0.015,0.5,14.747245198999845,1.2201173186859113,0.9563093875882263,12.280513154835528,154.0,56.0,98.0,36.36363636363637,8174.42,6699.7,1474.7200000000003,795.18,0.0,1.0,17.65655194474997,1.645078676150915,2.6996723173026687,6.1895962913441345,75.0,30.0,45.0,40.0,4502.860000000001,2737.17,1765.6900000000005,409.46,0.0,1.0,,0.05296965583424991,0.16126966903772877,-0.0,0.06410256410256411,0.014747245198999845,0.011005865934295568,-0.013467434385130162
1a_broad,117,0.2776581038805875,True,102,21,61.0,40.0,17,10,3.5,10,28,1.7000000000000002,2.4000000000000004,1.0,0.015,0.5,12.8856941304499,1.1832369901097108,0.8289896037459886,11.844465729221936,157.0,58.0,99.0,36.94267515923567,8320.700000000003,7032.15,1288.550000000003,800.78,0.0,2.0,17.88443443944998,1.6420537563767037,2.7275907594925055,6.1903397091383505,77.0,31.0,46.0,40.25974025974026,4573.99,2785.53,1788.4599999999996,421.84,0.0,1.0,,0.053653303318349936,0.16051343909417592,-0.0,0.06581196581196581,0.012885694130449902,0.009161849505485542,-0.02436814797983964
1a_broad,118,-1.0016876232237502,False,98,21,62.0,45.0,16,9,3.5,11,28,1.8,2.4000000000000004,1.0,0.015,0.5,-1.012573934250031,0.9867891679001558,0.002088959295669902,18.491375876773187,161.0,56.0,105.0,34.78260869565217,7566.65,7667.95,-101.30000000000018,767.97,0.0,1.0,20.473191368899986,1.706364567915291,2.724010847420472,5.645536409800029,76.0,30.0,46.0,39.473684210526315,4945.710000000001,2898.3900000000003,2047.3200000000006,416.16,0.0,1.0,0.010125739342500311,,,,,,,
1a_broad,119,0.15672635357204648,True,110,21,61.0,44.0,17,10,3.2,12,26,1.6,2.4000000000000004,1.0,0.015,0.5,2.816436022149828,1.0424735049461957,0.2409972041038798,15.944432111945106,159.0,52.0,107.0,32.704402515723274,6914.07,6632.37,281.6999999999998,788.85,0.0,1.0,16.172111735250073,1.5718443134523103,2.584034717342995,5.865664414233258,77.0,31.0,46.0,40.25974025974026,4445.159999999999,2827.99,1617.1699999999992,412.22,0.0,1.0,,0.048516335205750216,0.1429610783630776,-0.0,0.06581196581196581,0.0028164360221498283,0.0021236752473097866,-0.10550313707820674
1a_broad,120,-1.0112822587970833,False,115,21,62.0,41.0,17,20,3.5,10,24,1.8,2.2,1.0,0.015,0.5,-6.769355278250022,0.835113897657742,-0.6066743565321996,9.85210949770184,95.0,30.0,65.0,31.57894736842105,3428.5100000000007,4105.4400000000005,-676.9299999999998,457.98,0.0,0.0,9.188956488049953,1.618866094640283,2.1174926055914396,4.301698980271795,44.0,19.0,25.0,43.18181818181818,2403.66,1484.7800000000002,918.8799999999997,233.10999999999999,0.0,0.0,0.06769355278250022,,,,,,,
1a_broad,121,0.15672635357204648,True,110,21,61.0,44.0,17,10,3.2,12,26,1.6,2.4000000000000004,1.0,0.015,0.5,2.816436022149828,1.0424735049461957,0.2409972041038798,15.944432111945106,159.0,52.0,107.0,32.704402515723274,6914.07,6632.37,281.6999999999998,788.85,0.0,1.0,16.172111735250073,1.5718443134523103,2.584034717342995,5.865664414233258,77.0,31.0,46.0,40.25974025974026,4445.159999999999,2827.99,1617.1699999999992,412.22,0.0,1.0,,0.048516335205750216,0.1429610783630776,-0.0,0.06581196581196581,0.0028164360221498283,0.0021236752473097866,-0.10550313707820674
1a_broad,122,0.18625452150817282,True,102,21,61.0,44.0,17,13,3.1,11,25,1.6,2.5,1.0,0.015,0.5,5.566245754499941,1.0882215420899224,0.42425241557056204,14.718833243234327,147.0,50.0,97.0,34.01360544217687,6865.840000000001,6309.23,556.6100000000015,757.39,0.0,0.0,13.857789078700044,1.5590400619627174,2.3889540946998475,5.273503378252725,69.0,26.0,43.0,37.68115942028985,3864.7200000000003,2478.9100000000003,1385.81,372.84,0.0,0.0,,0.04157336723610013,0.13976001549067935,-0.0,0.05897435897435898,0.005566245754499942,0.0044110771044961194,-0.0640305430519617
1a_broad,123,0.07171556539598099,True,101,21,62.0,44.0,16,13,3.5,11,25,1.5,2.5,1.0,0.015,0.5,2.241227022949861,1.0260679823949233,0.19384610289873266,14.037926380641185,189.0,62.0,127.0,32.804232804232804,8821.640000000001,8597.52,224.1200000000008,945.97,0.0,1.0,4.724788567100095,1.1393032478733283,0.7930685009629724,6.394992261696419,85.0,27.0,58.0,31.764705882352942,3863.89,3391.4500000000007,472.43999999999915,432.02,0.0,1.0,,0.014174365701300285,0.034825811968332065,-0.0,0.07264957264957266,0.002241227022949861,0.0013033991197461626,-0.05347881106592004
1a_broad,124,0.26824273920875025,True,106,21,61.0,43.0,17,16,3.4000000000000004,10,28,1.7000000000000002,2.6,1.0,0.015,0.5,7.878212217149903,1.1577513015618741,0.6191752556182049,9.940438045545235,114.0,38.0,76.0,33.333333333333336,5781.8099999999995,4994.0,787.8099999999995,584.05,0.0,0.0,16.739110380800085,1.8232965108844275,2.87975131193321,4.213100567660018,59.0,23.0,36.0,38.983050847457626,3707.09,2033.18,1673.91,322.36,0.0,0.0,,0.050217331142400255,0.20582412772110686,-0.0,0.05042735042735043,0.007878212217149903,0.007887565078093706,-0.05399184737735091
1a_broad,125,0.20382569130443942,True,107,21,60.0,43.0,17,16,3.4000000000000004,9,28,1.7000000000000002,2.6,1.0,0.015,0.5,4.874810080049883,1.1015828825299447,0.43289111866712093,13.91227790492928,114.0,38.0,76.0,33.333333333333336,5286.32,4798.84,487.47999999999956,579.1,0.0,0.0,13.48746942405005,1.7036088389950754,2.4404179885361454,4.403479938608695,56.0,21.0,35.0,37.5,3265.75,1916.96,1348.79,300.49,0.0,0.0,,0.04046240827215015,0.17590220974876886,-0.0,0.04786324786324787,0.004874810080049884,0.005079144126497237,-0.07035612878627458
1a_broad,126,0.34631905428293835,True,100,21,59.0,43.0,17,16,3.4000000000000004,9,29,1.7000000000000002,2.6,1.0,0.015,0.5,12.438929904399956,1.3051352624297194,1.1066597067124926,8.499676388399298,97.0,36.0,61.0,37.11340206185567,5320.41,4076.52,1243.8899999999999,520.55,0.0,0.0,15.001938747100013,1.9761518990636449,2.8695336921669394,3.999641502351029,51.0,21.0,30.0,41.1764705882353,3036.9700000000003,1536.8100000000002,1500.16,273.40999999999997,0.0,0.0,,0.04500581624130004,0.24403797476591121,-0.0,0.043589743589743594,0.012438929904399957,0.015256763121485974,-0.014010173339902407
1a_broad,127,0.3202341219313088,True,95,21,59.0,43.0,17,16,3.4000000000000004,9,27,1.7000000000000002,2.3,1.0,0.015,0.5,8.925116136849939,1.2046389944259608,0.82661069624461,13.043324164803385,106.0,39.0,67.0,36.79245283018868,5253.779999999999,4361.29,892.4899999999989,551.99,0.0,0.0,18.35646922955,2.254210537103971,3.7449997667922656,4.000543850468869,56.0,27.0,29.0,48.214285714285715,3299.2400000000002,1463.5899999999997,1835.6500000000005,305.03,0.0,0.0,,0.055069407688650006,0.25,-0.0,0.04786324786324787,0.008925116136849938,0.01023194972129804,-0.051855599478737066
1a_broad,128,0.3424865216311854,True,93,21,59.0,43.0,16,16,3.3000000000000003,9,28,1.6,2.3,1.0,0.015,0.5,11.748048971099962,1.2625942698251624,0.9846714308095235,13.664997509284982,112.0,42.0,70.0,37.5,5648.669999999999,4473.859999999999,1174.8100000000004,584.74,0.0,0.0,16.090330327050033,2.1271505828289623,3.331562680486423,4.000543850468869,50.0,25.0,25.0,50.0,3036.55,1427.52,1609.0300000000002,269.92,0.0,0.0,,0.0482709909811501,0.25,-0.0,0.042735042735042736,0.011748048971099961,0.013129713491258122,-0.023397274547365468
1a_broad,129,0.2371339330226381,True,92,21,59.0,42.0,15,16,3.1,9,28,1.6,2.3,1.0,0.015,0.5,2.8645970201498674,1.0761224891166266,0.3009554012959284,16.16470088880739,92.0,30.0,62.0,32.608695652173914,4049.0400000000004,3762.619999999999,286.42000000000144,458.62,0.0,1.0,12.794307396249987,1.9983690987124465,2.9003608964282606,4.000543850468869,44.0,21.0,23.0,47.72727272727273,2560.9100000000003,1281.5,1279.4100000000003,233.59,0.0,0.0,,0.03838292218874996,0.24959227467811163,-0.0,0.03760683760683761,0.002864597020149868,0.003806124455831328,-0.09511882292704228
1a_broad,130,0.3517018165660046,True,92,21,59.0,42.0,15,16,3.4000000000000004,9,28,1.5,2.3,1.0,0.015,0.5,12.764544853399967,1.2255656104599277,0.9422078478411957,12.390142067844739,132.0,48.0,84.0,36.36363636363637,6935.39,5658.930000000001,1276.4599999999991,700.67,0.0,2.0,17.57574368805006,2.0808048507508574,3.4310613389397187,4.000590930413072,57.0,28.0,29.0,49.12280701754386,3383.6800000000003,1626.1400000000003,1757.54,310.68,0.0,0.0,,0.05272723106415018,0.25,-0.0,0.04871794871794872,0.012764544853399968,0.011278280522996387,-0.02378618859249067
1a_broad,131,0.3517018165660046,True,92,21,59.0,42.0,15,16,3.4000000000000004,9,28,1.5,2.3,1.0,0.015,0.5,12.764544853399967,1.2255656104599277,0.9422078478411957,12.390142067844739,132.0,48.0,84.0,36.36363636363637,6935.39,5658.930000000001,1276.4599999999991,700.67,0.0,2.0,17.57574368805006,2.0808048507508574,3.4310613389397187,4.000590930413072,57.0,28.0,29.0,49.12280701754386,3383.6800000000003,1626.1400000000003,1757.54,310.68,0.0,0.0,,0.05272723106415018,0.25,-0.0,0.04871794871794872,0.012764544853399968,0.011278280522996387,-0.02378618859249067
1a_broad,132,0.28786711262064074,True,92,21,59.0,42.0,15,16,3.3000000000000003,9,29,1.5,2.3,1.0,0.015,0.5,6.0942839853499935,1.1218379545409112,0.521511712851999,16.42234869821804,121.0,43.0,78.0,35.53719008264463,5611.77,5002.3,609.4700000000003,618.65,0.0,1.0,20.802852358099955,2.498541307996513,4.08284851554359,4.000543850468869,53.0,28.0,25.0,52.83018867924528,3468.5499999999997,1388.2300000000002,2080.3199999999997,292.58,0.0,0.0,,0.06240855707429986,0.25,-0.0,0.045299145299145305,0.006094283985349994,0.006091897727045559,-0.0820267714652
1a_broad,133,0.35533857720141815,True,92,21,59.0,42.0,15,16,3.3000000000000003,9,28,1.5,2.3,1.0,0.015,0.5,13.55238654630002,1.2620479889241454,1.0242675821189946,12.194911639637047,124.0,46.0,78.0,37.096774193548384,6526.820000000001,5171.610000000001,1355.21,658.36,0.0,1.0,19.276424220900026,2.268569886741296,3.736615557736773,4.000590930413072,55.0,28.0,27.0,50.90909090909091,3447.1600000000003,1519.5299999999997,1927.6300000000006,301.61,0.0,0.0,,0.057829272662700076,0.25,-0.0,0.04700854700854701,0.013552386546300022,0.01310239944620727,-0.026154028462336252
1a_broad,134,0.3294077737108159,True,88,21,58.0,42.0,15,17,3.3000000000000003,9,28,1.5,2.3,1.0,0.015,0.5,10.22897105534994,1.2333817781925125,0.8611616919353706,8.179422494603227,108.0,41.0,67.0,37.96296296296296,5405.9,4382.99,1022.9099999999999,571.59,0.0,1.0,13.247242417699963,1.987528513708944,2.846786169467017,3.999516802113777,47.0,23.0,24.0,48.93617021276596,2666.19,1341.46,1324.73,248.83,0.0,0.0,,0.03974172725309989,0.246882128427236,-0.0,0.040170940170940174,0.01022897105534994,0.011669088909625626,-0.01928508210543572
1a_broad,135,-1.0509074342978806,False,92,21,56.0,42.0,15,17,3.3000000000000003,8,28,1.5,2.3,1.0,0.015,0.5,-3.370547535250062,0.8657578871074366,-0.39145229228732104,8.820408392166629,67.0,20.0,47.0,29.850746268656717,2173.97,2511.06,-337.09000000000015,333.57,0.0,1.0,10.060791213949978,1.9549708601476925,2.4622812258934648,4.0002527015757305,39.0,20.0,19.0,51.282051282051285,2059.64,1053.54,1006.0999999999999,201.46,0.0,0.0,0.3054446057872832,,,,,,,
1a_broad,136,-1.107161485129308,False,89,21,57.0,42.0,14,17,3.0,9,27,1.5,2.2,1.0,0.015,0.5,-6.743936785500009,0.7315969416793698,-1.0070561126432165,11.763608957935974,65.0,18.0,47.0,27.692307692307693,1838.13,2512.4900000000002,-674.3600000000001,319.74,0.0,1.0,6.968207339899999,1.9204422370750012,2.1049370734584265,3.2403878078302273,28.0,14.0,14.0,50.0,1453.8900000000003,757.06,696.8300000000004,144.34,0.0,0.0,0.6429689107758473,,,,,,,
1a_broad,137,0.19517935178141568,True,85,21,58.0,41.0,15,15,3.1,9,29,1.6,2.3,1.0,0.015,0.5,8.016471687650027,1.201367956755888,0.7735340294635311,12.819773856580596,99.0,34.0,65.0,34.343434343434346,4782.79,3981.12,801.6700000000001,509.23,0.0,1.0,6.85813108254999,1.5257960391636702,1.6810789994607669,4.674619369540746,43.0,19.0,24.0,44.18604651162791,1990.0500000000002,1304.27,685.7800000000002,218.77,0.0,0.0,,0.02057439324764997,0.13144900979091756,-0.0,0.03675213675213675,0.008016471687650028,0.010068397837794396,-0.011681057534733015
1a_broad,138,0.21556673194052284,True,87,21,58.0,43.0,14,16,3.3000000000000003,8,28,1.4,2.3,1.0,0.015,0.5,15.310704274599901,1.291138205507532,1.1638987067133988,8.22975658013493,132.0,51.0,81.0,38.63636363636363,6790.070000000001,5258.98,1531.090000000001,714.89,0.0,0.0,9.760064621799975,1.570480822061935,2.0253461419480128,5.152008757421958,55.0,24.0,31.0,43.63636363636363,2686.81,1710.8200000000002,975.9899999999998,285.04,0.0,0.0,,0.02928019386539992,0.14262020551548377,-0.0,0.04700854700854701,0.015310704274599901,0.014556910275376601,-0.03320982899888437
1a_broad,139,-1.00333101729725,False,95,21,59.0,40.0,15,16,3.2,9,29,1.5,2.2,1.0,0.015,0.5,-1.998610378350095,0.954973729982066,-0.13221747558408695,17.580548123536293,107.0,35.0,72.0,32.71028037383178,4238.67,4438.52,-199.85000000000036,529.46,0.0,1.0,16.584505266649995,2.2043046670200637,3.5083200516133592,4.000496892219307,52.0,26.0,26.0,50.0,3035.57,1377.1100000000001,1658.46,280.24,0.0,0.0,0.01998610378350095,,,,,,,
1a_broad,140,-1.066852738428688,False,92,21,57.0,42.0,15,18,3.3000000000000003,8,27,1.6,2.1,1.0,0.015,0.5,-2.2911302367001007,0.9059527279744137,-0.29425042827326986,6.914701216870838,69.0,22.0,47.0,31.884057971014492,2206.62,2435.69,-229.07000000000016,340.78000000000003,0.0,1.0,5.027175375550014,1.535172134812323,1.413628923343809,3.999641502351029,34.0,17.0,17.0,50.0,1442.1100000000001,939.3800000000001,502.73,171.6,0.0,0.0,0.4011164305721292,,,,,,,
1a_broad,141,0.2676040782577579,True,94,20,59.0,43.0,16,15,3.4000000000000004,9,29,1.5,2.3,1.0,0.015,0.5,6.569523591849993,1.1115463770478446,0.5316952630468024,15.710881945482052,142.0,51.0,91.0,35.91549295774648,6546.030000000001,5889.119999999998,656.9100000000026,737.27,0.0,0.0,15.716522403649961,1.8538513359338502,3.097028266859321,4.000543850468869,66.0,29.0,37.0,43.93939393939394,3412.3100000000004,1840.6599999999999,1571.6500000000005,357.31,0.0,0.0,,0.04714956721094988,0.21346283398346255,-0.0,0.05641025641025641,0.006569523591849993,0.005577318852392233,-0.06156542179115318
1a_broad,142,0.332986261389663,True,97,21,58.0,43.0,16,15,3.4000000000000004,9,29,1.5,2.3,1.0,0.015,0.5,15.727889939099915,1.306513380093664,1.230370985523991,9.581054610665525,127.0,50.0,77.0,39.37007874015748,6703.89,5131.129999999999,1572.7600000000011,695.81,0.0,0.0,14.030212800150021,1.868469594929187,2.9200867590006605,3.999641502351029,60.0,28.0,32.0,46.666666666666664,3018.55,1615.52,1403.0300000000002,320.21,0.0,0.0,,0.04209063840045006,0.21711739873229674,-0.0,0.05128205128205128,0.015727889939099914,0.015325669004683197,-0.008557385968918215
1a_broad,143,0.1541137060069497,True,96,20,58.0,43.0,16,15,3.4000000000000004,9,29,1.4,2.2,1.0,0.015,0.5,20.948862599499844,1.432419043215483,1.7513918968256421,4.959331340458616,132.0,54.0,78.0,40.90909090909091,6939.44,4844.5599999999995,2094.88,752.84,0.0,0.0,7.188291499849983,1.4584763168301675,1.703209894567734,4.5800263630681215,57.0,25.0,32.0,43.85964912280702,2286.57,1567.78,718.7900000000002,290.82,0.0,0.0,,0.021564874499549948,0.11461907920754189,-0.0,0.04871794871794872,0.020948862599499844,0.021620952160774157,-0.07335801117836485
1a_broad,144,0.14672779002563857,True,89,21,58.0,45.0,16,15,3.4000000000000004,9,26,1.5,2.3,1.0,0.015,0.5,15.300825161999892,1.2547311955061342,1.10091802895165,10.789888140880045,145.0,54.0,91.0,37.241379310344826,7536.430000000001,6006.410000000001,1530.0200000000004,787.91,0.0,0.0,7.377206626150038,1.3941634698609793,1.568439565546048,4.5800263630681215,59.0,24.0,35.0,40.67796610169491,2609.4,1871.6599999999996,737.7400000000005,302.65,0.0,0.0,,0.022131619878450113,0.09854086746524482,-0.0,0.05042735042735043,0.015300825161999893,0.012736559775306711,-0.05240943268271339
1a_broad,145,0.27762455034819156,True,98,21,59.0,40.0,16,17,3.4000000000000004,9,27,1.5,2.1,1.0,0.015,0.5,10.456769867149942,1.2259243094686623,0.875765860039364,8.138723276782526,114.0,42.0,72.0,36.8421052631579,5673.969999999999,4628.320000000001,1045.6499999999987,615.8,0.0,1.0,11.539647607099978,1.7230953365667803,2.4709576533981856,3.999516802113777,56.0,25.0,31.0,44.642857142857146,2749.7499999999995,1595.8200000000002,1153.9299999999994,294.38,0.0,0.0,,0.03461894282129993,0.18077383414169507,-0.0,0.04786324786324787,0.010456769867149943,0.011296215473433114,-0.007384459818634362
1a_broad,146,0.20093981219460522,True,98,20,59.0,40.0,16,17,3.3000000000000003,8,27,1.5,2.1,1.0,0.015,0.5,6.696991719849921,1.1735927695166803,0.6277361820974187,6.791576542217887,100.0,36.0,64.0,36.0,4527.849999999999,3858.11,669.7399999999993,526.93,0.0,1.0,7.980819478650083,1.5177666621252526,1.8183944475419491,4.0002527015757305,53.0,22.0,31.0,41.509433962264154,2339.4400000000005,1541.37,798.0700000000006,272.97,0.0,0.0,,0.023942458435950244,0.12944166553131314,-0.0,0.045299145299145305,0.006696991719849921,0.008679638475834018,-0.013120087267487429
1a_broad,147,-1.0054347826086956,False,87,21,57.0,41.0,16,17,3.3000000000000003,9,28,1.5,2.4000000000000004,1.0,0.015,0.5,4.402518166049941,1.1313201220694526,0.45260429491881427,5.4795235466348675,89.0,31.0,58.0,34.831460674157306,3792.399999999999,3352.1900000000005,440.2099999999987,463.8,0.0,1.0,7.184042851399991,1.4950318348446843,1.6361749065953721,4.674466038012222,47.0,20.0,27.0,42.5531914893617,2169.6499999999996,1451.24,718.4099999999996,241.42,0.0,0.0,0.03260869565217395,,,,,,,
1a_broad,148,-1.082450761798588,False,96,20,55.0,39.0,15,18,3.4000000000000004,10,29,1.4,2.2,1.0,0.015,0.5,0.46911550135002467,1.0217405409413645,0.09243964269266293,8.049276905417836,63.0,20.0,43.0,31.746031746031747,2204.63,2157.7199999999993,46.910000000000764,326.06,0.0,1.0,2.333948112500002,1.2587439720636329,0.7684811046743877,4.023693697047303,32.0,15.0,17.0,46.875,1135.45,902.05,233.4000000000001,160.19,0.0,0.0,0.4947045707915273,,,,,,,
1a_broad,149,0.19413043678816794,True,99,21,59.0,43.0,16,16,3.2,8,26,1.5,2.3,1.0,0.015,0.5,6.151140293399876,1.136452371445051,0.5566448486694136,11.825735306567468,110.0,37.0,73.0,33.63636363636363,5122.900000000001,4507.8,615.1000000000004,575.22,0.0,0.0,9.38952156355008,1.5523657691470527,1.9866884799556743,5.002881473147607,54.0,22.0,32.0,40.74074074074074,2638.82,1699.87,938.9500000000003,277.13,0.0,0.0,,0.02816856469065024,0.13809144228676318,-0.0,0.046153846153846156,0.006151140293399877,0.006822618572252548,-0.03125717520874406
1a_broad,150,0.2176840796413572,True,93,21,59.0,42.0,14,16,3.4000000000000004,9,27,1.4,2.1,1.0,0.015,0.5,9.760568417649957,1.1657167112356213,0.7473842720202951,11.74761296427856,146.0,55.0,91.0,37.67123287671233,6865.780000000001,5889.75,976.0300000000007,775.37,0.0,2.0,9.504221860199996,1.477099313280591,1.9290694712210579,4.733869757175513,63.0,28.0,35.0,44.44444444444444,2942.5,1992.0800000000004,950.4199999999996,326.95,0.0,0.0,,0.028512665580599988,0.11927482832014774,-0.0,0.05384615384615385,0.009760568417649957,0.008285835561781063,-0.001995972084975405
1a_broad,151,0.19725894742843267,True,82,21,58.0,45.0,15,15,3.4000000000000004,9,29,1.6,2.4000000000000004,1.0,0.015,0.5,20.315762819999854,1.3908453075130964,1.536298271462344,8.474121574731088,124.0,48.0,76.0,38.70967741935484,7229.6,5197.99,2031.6100000000006,686.86,0.0,0.0,9.619640701049994,1.533680251201083,1.9898341436699325,4.765161034762108,57.0,24.0,33.0,42.10526315789474,2764.52,1802.54,961.98,296.62,0.0,0.0,,0.028858922103149977,0.13342006280027074,-0.0,0.04871794871794872,0.020315762819999857,0.019542265375654823,-0.053596014388591455
1a_broad,152,0.18571661689568297,True,95,20,60.0,44.0,16,17,3.2,9,27,1.6,2.2,1.0,0.015,0.5,1.112333724799937,1.0300899697396637,0.1448617691931042,16.042480757781647,93.0,31.0,62.0,33.333333333333336,3809.1800000000003,3697.9100000000003,111.26999999999998,462.29,0.0,0.0,13.364681827950006,1.9054626260983856,2.7874402884406893,4.000496892219307,51.0,25.0,26.0,49.01960784313726,2812.52,1476.03,1336.49,270.86,0.0,0.0,,0.04009404548385002,0.2263656565245964,-0.0,0.043589743589743594,0.001112333724799937,0.0015044984869831857,-0.12694966091429016
1a_broad,153,0.27262806417664387,True,91,21,60.0,43.0,16,14,3.3000000000000003,10,32,1.5,2.3,1.0,0.015,0.5,6.647951716400002,1.1054401428836549,0.5166852580114917,17.470041738516706,152.0,56.0,96.0,36.8421052631579,6969.17,6304.43,664.7399999999998,766.4,0.0,1.0,19.739544953300047,1.8643188356299345,3.074769254289294,4.932792860740532,70.0,32.0,38.0,45.714285714285715,4257.75,2283.8099999999995,1973.9400000000005,387.58,0.0,0.0,,0.05921863485990014,0.21607970890748363,-0.0,0.05982905982905983,0.006647951716400003,0.005272007144182744,-0.07441929828038246
1a_broad,154,0.3023756069597103,True,90,21,60.0,43.0,15,14,3.3000000000000003,10,31,1.5,2.3,1.0,0.015,0.5,6.174518558749915,1.0936164276800893,0.4775720360636008,19.233786581739388,158.0,58.0,100.0,36.70886075949367,7212.63,6595.209999999999,617.420000000001,787.43,0.0,1.0,21.917271956199873,2.005306998633116,3.410787625577292,4.088640161437064,70.0,33.0,37.0,47.142857142857146,4371.85,2180.1399999999994,2191.710000000001,391.07,0.0,0.0,,0.06575181586859961,0.25,-0.0,0.05982905982905983,0.006174518558749915,0.004680821384004464,-0.08406060868070356
1a_broad,155,0.32023539765217895,True,84,21,60.0,41.0,15,14,3.3000000000000003,10,32,1.5,2.4000000000000004,1.0,0.015,0.5,12.400399900349912,1.191263480664347,0.8608135643044191,14.918745140137407,151.0,57.0,94.0,37.74834437086093,7723.389999999999,6483.36,1240.0299999999997,773.16,0.0,2.0,21.1545510712501,1.8393564258223225,3.0992329976909385,4.675530916582116,75.0,31.0,44.0,41.333333333333336,4635.73,2520.3,2115.4299999999994,414.52,0.0,1.0,,0.06346365321375029,0.20983910645558063,-0.0,0.06410256410256411,0.012400399900349912,0.009563174033217348,-0.03913350005328332
1a_broad,156,0.32023539765217895,True,84,21,60.0,41.0,15,14,3.3000000000000003,10,32,1.5,2.4000000000000004,1.0,0.015,0.5,12.400399900349912,1.191263480664347,0.8608135643044191,14.918745140137407,151.0,57.0,94.0,37.74834437086093,7723.389999999999,6483.36,1240.0299999999997,773.16,0.0,2.0,21.1545510712501,1.8393564258223225,3.0992329976909385,4.675530916582116,75.0,31.0,44.0,41.333333333333336,4635.73,2520.3,2115.4299999999994,414.52,0.0,1.0,,0.06346365321375029,0.20983910645558063,-0.0,0.06410256410256411,0.012400399900349912,0.009563174033217348,-0.03913350005328332
1a_broad,157,0.27177921755695006,True,81,21,58.0,41.0,14,16,3.2,10,32,1.4,2.4000000000000004,1.0,0.015,0.5,17.259578275499862,1.363400547850602,1.2483726764497094,11.360526875911498,112.0,42.0,70.0,37.5,6475.43,4749.470000000001,1725.9599999999991,616.63,0.0,0.0,11.656639553100048,1.7508373483111332,2.3905554594134153,4.765161034762108,50.0,23.0,27.0,46.0,2718.21,1552.5199999999998,1165.6900000000003,264.87,0.0,1.0,,0.034969918659300145,0.1877093370777833,-0.0,0.042735042735042736,0.017259578275499864,0.018170027392530097,-0.029064686583206073
1a_broad,158,0.34653673742512403,True,84,21,59.0,39.0,15,14,3.3000000000000003,10,31,1.5,2.4000000000000004,1.0,0.015,0.5,20.364789346899997,1.3321530391894632,1.3884292350406466,12.211349428995415,144.0,57.0,87.0,39.583333333333336,8167.750000000001,6131.239999999998,2036.510000000003,774.44,0.0,2.0,17.854271016050024,1.8172646458358128,3.0600125197795736,4.675530916582116,72.0,30.0,42.0,41.666666666666664,3969.96,2184.58,1785.38,394.78,0.0,1.0,,0.053562813048150075,0.2043161614589532,-0.0,0.06153846153846154,0.0203647893469,0.016607651959473158,-0.009853139926813964
1a_broad,159,0.308691301717205,True,85,21,60.0,39.0,15,14,3.3000000000000003,10,31,1.5,2.4000000000000004,1.0,0.015,0.5,10.925852053300023,1.1637396578104606,0.7677058720278905,16.4827282131223,155.0,58.0,97.0,37.41935483870968,7765.530000000001,6672.91,1092.6200000000008,786.12,0.0,2.0,21.1545510712501,1.8393564258223225,3.0992329976909385,4.675530916582116,75.0,31.0,44.0,41.333333333333336,4635.73,2520.3,2115.4299999999994,414.52,0.0,0.0,,0.06346365321375029,0.20983910645558063,-0.0,0.06410256410256411,0.010925852053300024,0.008186982890523031,-0.0478268569985131
1a_broad,160,0.21640380954563093,True,84,20,60.0,38.0,15,14,3.2,10,33,1.4,2.3,1.0,0.015,0.5,14.610594280349998,1.231466534014128,1.0341604656747785,12.104450145269494,151.0,58.0,93.0,38.41059602649007,7773.3,6312.2300000000005,1461.0699999999997,811.87,0.0,1.0,11.201780668199971,1.44586585574577,1.9470241614846553,4.805235184447742,76.0,30.0,46.0,39.473684210526315,3632.55,2512.37,1120.1800000000003,404.71,0.0,1.0,,0.033605342004599914,0.1114664639364425,-0.0,0.06495726495726496,0.014610594280349998,0.0115733267007064,-0.019809182333732835
1a_broad,161,0.2440394116910312,True,86,21,58.0,40.0,15,14,3.3000000000000003,10,31,1.5,2.4000000000000004,1.0,0.015,0.5,18.651645102549992,1.3302811102749124,1.3736289092702434,11.744232587036356,134.0,54.0,80.0,40.298507462686565,7512.429999999999,5647.25,1865.1799999999994,727.05,0.0,2.0,11.743387892949977,1.618977840561682,2.281404062344077,4.674619369540746,62.0,26.0,36.0,41.935483870967744,3071.46,1897.1599999999999,1174.3000000000002,328.89,0.0,0.0,,0.03523016367884993,0.15474446014042048,-0.0,0.052991452991453,0.01865164510254999,0.01651405551374562,-0.03409236573598782
1a_broad,162,0.3618544689618746,True,89,21,59.0,38.0,14,14,3.3000000000000003,10,31,1.5,2.3,1.0,0.015,0.5,13.452082963599969,1.2170140961402582,0.9833885180389788,15.510524350565582,150.0,58.0,92.0,38.666666666666664,7544.1,6198.86,1345.2400000000007,778.89,0.0,2.0,20.656002329200074,2.0944957822898562,3.6659498520757867,4.000543850468869,67.0,32.0,35.0,47.76119402985075,3952.8999999999996,1887.28,2065.62,375.18,0.0,0.0,,0.061968006987600216,0.25,-0.0,0.05726495726495726,0.013452082963599968,0.010850704807012912,-0.03168128306129572
1a_broad,163,0.24014132283099396,True,79,21,59.0,38.0,14,14,3.1,10,32,1.5,2.2,1.0,0.015,0.5,6.104479946249958,1.105093995317449,0.4992985977338534,15.505501057734811,137.0,52.0,85.0,37.956204379562045,6419.2699999999995,5808.800000000001,610.4699999999984,717.89,0.0,0.0,14.473074375849993,1.7666596037715858,2.7050017879973804,4.765911139804635,64.0,28.0,36.0,43.75,3335.0999999999995,1887.8,1447.2999999999995,346.93,0.0,1.0,,0.04341922312754998,0.19166490094289645,-0.0,0.05470085470085471,0.006104479946249958,0.00525469976587245,-0.06100283565242958
1a_broad,164,0.3543723410764907,True,89,21,59.0,39.0,15,15,3.3000000000000003,9,31,1.5,2.3,1.0,0.015,0.5,13.022032565399986,1.229426864483075,1.0294495620125788,14.50583273818385,140.0,53.0,87.0,37.857142857142854,6978.19,5675.97,1302.2199999999993,744.99,0.0,1.0,19.536304741049953,2.1751369949532924,3.768196878483252,4.000543850468869,60.0,29.0,31.0,48.333333333333336,3616.1,1662.4699999999998,1953.63,333.69,0.0,0.0,,0.05860891422314986,0.25,-0.0,0.05128205128205128,0.013022032565399987,0.011471343224153753,-0.0300120002182642
1a_broad,165,0.19241300826172955,True,89,21,60.0,39.0,14,15,3.3000000000000003,10,31,1.4,2.5,1.0,0.015,0.5,2.238352440199942,1.0321887979933952,0.20253423606982082,16.613510695669788,161.0,53.0,108.0,32.91925465838509,7176.8499999999985,6953.040000000001,223.80999999999767,802.63,0.0,1.0,17.153774384399988,1.791101149711534,2.7245190525673704,4.871359976227129,64.0,27.0,37.0,42.1875,3883.7699999999995,2168.3700000000003,1715.3999999999992,344.36,0.0,0.0,,0.05146132315319996,0.19777528742788347,-0.0,0.05470085470085471,0.0022383524401999423,0.0016094398996697624,-0.1153722493600783
1a_broad,166,-1.0108695652173914,False,88,20,57.0,41.0,15,14,3.2,10,33,1.6,2.4000000000000004,1.0,0.015,0.5,1.637441596349945,1.0486354332837233,0.21836039440061578,11.401088650799311,86.0,31.0,55.0,36.04651162790697,3529.9899999999993,3366.27,163.71999999999935,440.69,0.0,1.0,7.95048296664996,1.5930625489537873,1.904651238195792,4.33137090365804,45.0,19.0,26.0,42.22222222222222,2135.58,1340.5500000000002,795.0299999999997,233.27,0.0,0.0,0.06521739130434778,,,,,,,
1a_broad,167,-1.0039606344808334,False,83,21,60.0,37.0,15,13,3.3000000000000003,11,30,1.5,2.3,1.0,0.015,0.5,-2.376380688500067,0.9680835488095638,-0.09236263844253995,21.04959014354251,170.0,59.0,111.0,34.705882352941174,7207.14,7444.75,-237.60999999999967,808.66,0.0,2.0,21.520490485899973,1.7479961905026724,3.078871448222429,4.8656686040469594,84.0,37.0,47.0,44.04761904761905,5029.0199999999995,2877.0200000000004,2151.999999999999,465.34,0.0,2.0,0.02376380688500067,,,,,,,
1a_broad,168,0.28864367947297415,True,84,20,59.0,39.0,14,15,3.3000000000000003,8,34,1.5,2.2,1.0,0.015,0.5,16.73259045964978,1.3424679123096794,1.3956271366349913,9.507720650989965,125.0,51.0,74.0,40.8,6559.070000000001,4885.83,1673.2400000000007,679.9,0.0,1.0,12.765103336550037,1.734704683848837,2.6704690714982613,4.6754705478143705,62.0,27.0,35.0,43.54838709677419,3013.98,1737.4599999999998,1276.5200000000002,331.25,0.0,1.0,,0.03829531000965011,0.18367617096220923,-0.0,0.052991452991453,0.016732590459649782,0.017123395615483972,-0.020175240565471972
1a_broad,169,0.1721081983641421,True,73,21,58.0,44.0,15,14,3.2,9,31,1.4,2.4000000000000004,1.0,0.015,0.5,23.03642288754985,1.3333376743459178,1.5181188904613385,9.041462660187504,166.0,63.0,103.0,37.95180722891566,9214.47,6910.83,2303.6399999999994,936.1,0.0,0.0,9.424351665399954,1.4322333570298347,1.7401010170790485,5.200168598690636,69.0,27.0,42.0,39.130434782608695,3122.77,2180.35,942.4200000000001,360.54,0.0,0.0,,0.028273054996199858,0.10805833925745867,-0.0,0.05897435897435898,0.023036422887549854,0.01666688371729589,-0.06290086146872116
1a_broad,170,0.1073289009857265,True,78,21,60.0,42.0,15,13,3.5,10,32,1.6,2.5,1.0,0.015,0.5,1.473834210349869,1.0184560689688,0.15211006666998378,14.080829305511527,172.0,57.0,115.0,33.13953488372093,8130.07,7982.740000000001,147.32999999999902,856.41,0.0,2.0,13.876620049100003,1.4576528323790927,2.0197140144317705,6.645661177016306,82.0,30.0,52.0,36.58536585365854,4419.72,3032.0800000000004,1387.6399999999999,431.24,0.0,2.0,,0.0416298601473,0.11441320809477318,-0.0,0.07008547008547009,0.001473834210349869,0.0009228034484400016,-0.12119627500060663
1a_broad,171,0.3390285456901286,True,84,20,59.0,39.0,14,15,3.3000000000000003,8,35,1.5,2.3,1.0,0.015,0.5,14.969552784999959,1.2986219168681525,1.2370809983321387,9.421169163832635,124.0,48.0,76.0,38.70967741935484,6509.68,5012.76,1496.92,667.1,0.0,1.0,14.711035652350018,1.8600769392670893,2.93079195574342,4.67578305843369,60.0,27.0,33.0,45.0,3181.55,1710.44,1471.1100000000001,322.93,0.0,1.0,,0.044133106957050056,0.21501923481677232,-0.0,0.05128205128205128,0.01496955278499996,0.014931095843407627,-0.0013064959941526445
1a_broad,172,0.2520596627888945,True,81,20,59.0,37.0,13,15,3.3000000000000003,8,35,1.5,2.3,1.0,0.015,0.5,9.167899350249918,1.1659200697909708,0.7795498185721672,11.738990359419141,130.0,47.0,83.0,36.15384615384615,6441.789999999999,5525.07,916.7199999999993,689.7,0.0,0.0,12.311401064850015,1.6733281922544723,2.511832629567706,4.766208676645826,60.0,26.0,34.0,43.333333333333336,3059.5299999999997,1828.41,1231.1199999999997,320.52,0.0,1.0,,0.03693420319455004,0.16833204806361807,-0.0,0.05128205128205128,0.009167899350249918,0.008296003489548542,-0.021952542591123336
1a_broad,173,0.20047416925257827,True,86,21,58.0,41.0,14,15,3.4000000000000004,9,31,1.5,2.4000000000000004,1.0,0.015,0.5,20.6450161503,1.3615025118324906,1.542874356233408,8.755649227504218,135.0,54.0,81.0,40.0,7775.499999999999,5710.97,2064.529999999999,759.56,0.0,2.0,9.887240339949985,1.5414834247032985,1.965715221428562,4.674619369540746,58.0,24.0,34.0,41.37931034482759,2814.6099999999997,1825.91,988.6999999999996,302.87,0.0,0.0,,0.029661721019849954,0.13537085617582462,-0.0,0.04957264957264958,0.0206450161503,0.01807512559162453,-0.05285119925767039
1a_broad,174,0.21012736967238665,True,90,21,60.0,38.0,14,14,3.1,9,30,1.5,2.2,1.0,0.015,0.5,0.17720125509989884,1.0030433357979667,0.06377713051670864,17.91755442445906,140.0,50.0,90.0,35.714285714285715,5846.870000000001,5829.129999999999,17.7400000000016,692.3,0.0,1.0,19.457528755799956,2.11072040187236,3.2252502512908348,4.000496892219307,57.0,28.0,29.0,49.12280701754386,3697.56,1751.7999999999997,1945.7600000000002,312.76,0.0,0.0,,0.05837258626739986,0.25,-0.0,0.04871794871794872,0.00017720125509989887,0.00015216678989833367,-0.14729253335796016
1a_broad,175,0.2576313757236747,True,87,20,59.0,38.0,15,16,3.2,10,34,1.6,2.3,1.0,0.015,0.5,5.068816597749901,1.12892403485657,0.5111731815682716,16.63923275440639,95.0,34.0,61.0,35.78947368421053,4438.409999999999,3931.54,506.869999999999,488.63,0.0,1.0,12.015753643500048,1.9372401581866263,2.706397013980952,4.67578305843369,43.0,20.0,23.0,46.51162790697674,2483.6,1282.0299999999997,1201.5700000000002,226.45,0.0,0.0,,0.03604726093050014,0.23431003954665658,-0.0,0.03675213675213675,0.005068816597749902,0.006446201742828495,-0.06099307984619716
1a_broad,176,0.1307891554087149,True,84,21,58.0,39.0,13,15,3.3000000000000003,9,30,1.4,2.4000000000000004,1.0,0.015,0.5,22.411195372049896,1.3802101977283716,1.4302119074639525,8.004957445184658,142.0,54.0,88.0,38.028169014084504,8135.58,5894.45,2241.13,789.62,0.0,1.0,7.227978295549965,1.3763858006529994,1.4900669118404615,5.2508722115308055,59.0,23.0,36.0,38.983050847457626,2643.1700000000005,1920.37,722.8000000000006,302.93,0.0,1.0,,0.021683934886649894,0.09409645016324986,-0.0,0.05042735042735043,0.0224111953720499,0.019010509886418583,-0.07684028532700375
1a_broad,177,-1.0058329423423333,False,90,21,78.0,44.0,15,14,3.4000000000000004,10,32,1.5,2.5,1.0,0.015,0.5,-3.499765405400031,0.956020880562579,-0.15706888148979206,21.176953368075317,173.0,58.0,115.0,33.52601156069364,7607.67,7957.639999999999,-349.96999999999935,819.16,0.0,0.0,16.21907899879994,1.5056445302148382,2.103544104856547,5.306038887054121,75.0,30.0,45.0,40.0,4829.4,3207.5299999999997,1621.87,398.7,0.0,0.0,0.03499765405400031,,,,,,,
1a_broad,178,-1.0021103403858336,False,80,20,60.0,45.0,15,15,3.5,8,30,1.6,2.3,1.0,0.015,0.5,-1.2662042315001054,0.9801289897373126,-0.03990577050178869,17.012576127076876,145.0,50.0,95.0,34.48275862068966,6245.969999999998,6372.6,-126.63000000000193,714.92,0.0,0.0,9.667074237750022,1.3845829454403682,1.6963730289272247,5.232207441914351,73.0,28.0,45.0,38.35616438356164,3480.26,2513.5799999999995,966.6800000000007,382.1,0.0,0.0,0.012662042315001055,,,,,,,
1a_broad,179,-1.0144927536231885,False,94,21,57.0,42.0,14,16,3.4000000000000004,9,33,1.6,2.2,1.0,0.015,0.5,6.968104326499996,1.2183727576999739,0.7986455757273045,4.702004559309324,84.0,32.0,52.0,38.095238095238095,3887.73,3190.9199999999996,696.8100000000004,440.3,0.0,2.0,6.03630650619998,1.4829583640029442,1.5422042812313792,3.999641502351029,42.0,19.0,23.0,45.23809523809524,1853.5200000000002,1249.88,603.6400000000001,213.22,0.0,0.0,0.08695652173913049,,,,,,,
1a_broad,180,0.20384751672161877,True,88,21,59.0,43.0,15,13,3.0,10,29,1.5,2.3,1.0,0.015,0.5,3.208603142499978,1.0563816419602294,0.28556938909795676,16.22634218962223,136.0,50.0,86.0,36.76470588235294,6010.969999999999,5690.15,320.8199999999997,699.51,0.0,1.0,13.228486896899994,1.8068384200639194,2.810242538155794,4.202965697552223,56.0,25.0,31.0,44.642857142857146,2962.42,1639.5600000000002,1322.86,304.96999999999997,0.0,0.0,,0.03968546069069998,0.20170960501597984,-0.0,0.04786324786324787,0.003208603142499978,0.002819082098011472,-0.09143848208882038
1a_broad,181,0.2310162277819355,True,84,20,59.0,39.0,14,15,3.3000000000000003,7,36,1.5,2.2,1.0,0.015,0.5,5.290390779799945,1.1101779993918113,0.5140128997713101,11.980896084102387,124.0,46.0,78.0,37.096774193548384,5330.12,4801.139999999999,528.9800000000005,630.3,0.0,1.0,12.421292536049968,1.775087671130303,2.604149554069147,4.662241168834672,58.0,26.0,32.0,44.827586206896555,2844.7200000000007,1602.58,1242.1400000000008,308.8,0.0,1.0,,0.037263877608149906,0.19377191778257574,-0.0,0.04957264957264958,0.005290390779799946,0.005508899969590564,-0.06039150793083023
1a_broad,182,0.27371222390944777,True,85,20,59.0,39.0,14,14,3.3000000000000003,8,34,1.5,2.2,1.0,0.015,0.5,11.233516320649924,1.203667745415318,0.9220452056528003,10.973648517565888,138.0,55.0,83.0,39.85507246376812,6639.01,5515.6500000000015,1123.3599999999988,709.6899999999999,0.0,2.0,13.031979090199947,1.6545321218878866,2.5042630047456287,4.6754705478143705,71.0,30.0,41.0,42.25352112676056,3294.1900000000005,1991.0099999999998,1303.1800000000007,379.09,0.0,0.0,,0.03909593727059984,0.16363303047197164,-0.0,0.06068376068376068,0.011233516320649924,0.010183387270765898,-0.011117408108300187
1a_broad,183,0.3062507071019921,True,82,21,60.0,40.0,15,15,3.4000000000000004,8,31,1.5,2.4000000000000004,1.0,0.015,0.5,10.599501672899915,1.1478614963317817,0.7455445996554858,13.744148774500811,164.0,62.0,102.0,37.80487804878049,8228.25,7168.329999999999,1059.920000000001,861.26,0.0,2.0,20.457056181450007,1.8586755317139505,3.10329049003256,4.766102799140497,70.0,30.0,40.0,42.857142857142854,4428.089999999999,2382.3900000000003,2045.699999999999,386.43,0.0,1.0,,0.06137116854435001,0.21466888292848763,-0.0,0.05982905982905983,0.010599501672899915,0.007393074816589085,-0.047610980689394386
1a_broad,184,-1.0060630564795003,False,90,21,61.0,40.0,15,16,3.4000000000000004,9,31,1.4,2.5,1.0,0.015,0.5,-3.637833887700163,0.9467940092435501,-0.19025609861804818,21.985071206885383,152.0,48.0,104.0,31.57894736842105,6473.42,6837.2,-363.77999999999975,744.49,0.0,2.0,20.07220511944992,1.9098874896873101,3.0695253472234874,4.870917986428727,65.0,28.0,37.0,43.07692307692308,4213.25,2206.02,2007.23,352.87,0.0,0.0,0.03637833887700163,,,,,,,
1a_broad,185,-1.0010381645139166,False,76,21,60.0,41.0,15,17,3.4000000000000004,11,32,1.5,2.4000000000000004,1.0,0.015,0.5,-0.6228987083499306,0.990165798199905,0.005504460477926743,17.591462938996983,140.0,45.0,95.0,32.142857142857146,6270.719999999998,6333.0,-62.280000000001564,715.96,0.0,1.0,26.04314300870008,2.2008059719385282,3.8507311283340324,4.766102799140497,65.0,30.0,35.0,46.15384615384615,4773.13,2168.8100000000004,2604.3199999999997,367.32,0.0,1.0,0.006228987083499306,,,,,,,
1a_broad,186,0.287562650825536,True,81,21,60.0,40.0,16,15,3.2,7,28,1.5,2.4000000000000004,1.0,0.015,0.5,4.989863373199968,1.083166933905814,0.37656502283061366,13.251404797735278,142.0,49.0,93.0,34.50704225352113,6498.59,5999.62,498.97000000000025,714.55,0.0,0.0,22.548152811799955,2.1034766267324407,3.6313776853488196,4.752118879691462,66.0,29.0,37.0,43.93939393939394,4298.160000000001,2043.3600000000001,2254.8000000000006,369.89,0.0,1.0,,0.06764445843539986,0.25,-0.0,0.05641025641025641,0.004989863373199968,0.004158346695290705,-0.09564027408861096
1a_broad,187,0.03235475233618857,True,35,21,58.0,42.0,15,14,3.5,9,30,1.6,2.3,1.0,0.015,0.5,10.202496917499866,1.1131353028451543,0.7001644902524957,9.883878266829464,203.0,70.0,133.0,34.48275862068966,10038.409999999998,9018.14,1020.2699999999986,1096.12,0.0,1.0,2.3644417944498857,1.0665321616199137,0.4187603560483225,12.121333227203815,101.0,39.0,62.0,38.613861386138616,3790.21,3553.7699999999995,236.4400000000005,482.6,0.0,2.0,,0.007093325383349656,0.016633040404978428,-0.0,0.08632478632478634,0.010202496917499866,0.005656765142257714,-0.09355566183668343
1a_broad,188,-1.0022693082395002,False,92,21,61.0,41.0,15,15,3.5,8,31,1.4,2.5,1.0,0.015,0.5,-1.3615849437001453,0.9828381283089617,-0.023306360827156203,18.14094158492402,178.0,58.0,120.0,32.58426966292135,7800.57,7936.779999999999,-136.20999999999913,884.37,0.0,2.0,12.970433174650061,1.4827898112406896,2.0140419761656583,5.430464590751301,75.0,29.0,46.0,38.666666666666664,3983.5,2686.49,1297.0100000000002,397.71,0.0,0.0,0.013615849437001453,,,,,,,
1a_broad,189,0.20081217800821768,True,88,21,58.0,43.0,15,16,3.3000000000000003,10,26,1.5,2.3,1.0,0.015,0.5,17.682663760799933,1.3401532755728596,1.2956933315895565,8.606531425091882,126.0,49.0,77.0,38.888888888888886,6966.76,5198.4800000000005,1768.2799999999997,694.0,0.0,0.0,9.048811903850002,1.5821709815224667,1.9774253566097344,4.775493436958713,49.0,22.0,27.0,44.89795918367347,2459.2000000000003,1554.32,904.8800000000003,250.94,0.0,0.0,,0.027146435711550003,0.14554274538061668,-0.0,0.041880341880341884,0.017682663760799935,0.01700766377864298,-0.04844767250373379
1a_broad,190,0.31805887030149177,True,96,20,60.0,38.0,14,16,3.4000000000000004,9,29,1.5,2.4000000000000004,1.0,0.015,0.5,8.410830339249896,1.1534891699682648,0.665807724915807,14.495855757621138,126.0,45.0,81.0,35.714285714285715,6320.740000000001,5479.669999999999,841.0700000000015,658.7,0.0,2.0,19.21323825004998,2.0255840890772543,3.3478803026763755,4.000391049806216,62.0,30.0,32.0,48.38709677419355,3794.79,1873.4299999999998,1921.3600000000001,337.98,0.0,0.0,,0.05763971475014994,0.25,-0.0,0.052991452991453,0.008410830339249897,0.00767445849841324,-0.0586575862777743
1a_broad,191,0.31330347414775106,True,94,20,60.0,38.0,14,16,3.4000000000000004,9,29,1.5,2.4000000000000004,1.0,0.015,0.5,8.944826594450006,1.1593072606196828,0.6818111892156007,15.45552045432052,129.0,46.0,83.0,35.65891472868217,6509.290000000002,5614.81,894.4800000000014,674.82,0.0,2.0,18.916297253650008,1.9613512085052753,3.2477996910771125,4.000391049806216,62.0,29.0,33.0,46.774193548387096,3859.39,1967.7199999999998,1891.67,338.62,0.0,0.0,,0.05674889176095002,0.24033780212631883,-0.0,0.052991452991453,0.008944826594450006,0.00796536303098414,-0.05368486235640493
1a_broad,192,0.31330347414775106,True,94,20,60.0,38.0,14,16,3.4000000000000004,9,29,1.5,2.4000000000000004,1.0,0.015,0.5,8.944826594450006,1.1593072606196828,0.6818111892156007,15.45552045432052,129.0,46.0,83.0,35.65891472868217,6509.290000000002,5614.81,894.4800000000014,674.82,0.0,2.0,18.916297253650008,1.9613512085052753,3.2477996910771125,4.000391049806216,62.0,29.0,33.0,46.774193548387096,3859.39,1967.7199999999998,1891.67,338.62,0.0,0.0,,0.05674889176095002,0.24033780212631883,-0.0,0.052991452991453,0.008944826594450006,0.00796536303098414,-0.05368486235640493
1a_broad,193,0.25627780567107317,True,96,20,60.0,38.0,13,16,3.4000000000000004,9,29,1.5,2.3,1.0,0.015,0.5,4.218391369100009,1.0774372389737943,0.37062769281382224,14.900358559509344,125.0,43.0,82.0,34.4,5869.070000000001,5447.25,421.8200000000006,641.46,0.0,2.0,17.445502382000015,1.9377744808716733,3.1531494989380247,4.000543850468869,62.0,30.0,32.0,48.38709677419355,3604.8999999999996,1860.33,1744.5699999999997,335.21,0.0,0.0,,0.05233650714600004,0.2344436202179183,-0.0,0.052991452991453,0.0042183913691000085,0.0038718619486897143,-0.09158402800208788
1a_broad,194,0.2094252211544852,True,94,20,59.0,36.0,14,16,3.2,9,30,1.5,2.5,1.0,0.015,0.5,1.6635646622499372,1.0360614864278903,0.18331163204221532,18.784921808908102,109.0,35.0,74.0,32.11009174311926,4778.7300000000005,4612.4,166.33000000000084,552.6,0.0,1.0,13.806132087049935,1.961594985199373,2.815022843297973,4.871537290158756,49.0,22.0,27.0,44.89795918367347,2816.3599999999997,1435.75,1380.6099999999997,258.19,0.0,0.0,,0.041418396261149806,0.24039874629984326,-0.0,0.041880341880341884,0.0016635646622499374,0.0018030743213945156,-0.1177389022704942
1a_broad,195,0.31108020722523894,True,91,20,59.0,38.0,14,17,3.3000000000000003,8,29,1.4,2.4000000000000004,1.0,0.015,0.5,11.226920064399911,1.2386632510974818,0.8550772572624138,8.501573754297285,117.0,40.0,77.0,34.18803418803419,5826.610000000001,4703.950000000001,1122.6599999999999,627.33,0.0,1.0,13.2591758922,1.8714280080969536,2.722784766865651,4.71993707630353,50.0,24.0,26.0,48.0,2847.4900000000002,1521.5599999999997,1325.9300000000005,264.2,0.0,0.0,,0.0397775276766,0.2178570020242384,-0.0,0.042735042735042736,0.01122692006439991,0.011933162554874088,-0.012449447829916232
1a_broad,196,0.2794061675929645,True,93,20,59.0,38.0,14,17,3.4000000000000004,8,29,1.4,2.4000000000000004,1.0,0.015,0.5,18.263571324849874,1.3480280809805476,1.259966348647883,8.226234201906047,125.0,45.0,80.0,36.0,7074.02,5247.68,1826.3400000000001,699.61,0.0,2.0,12.698428175549997,1.7355564823503515,2.5465501429674586,4.71993707630353,57.0,25.0,32.0,43.85964912280702,2996.23,1726.38,1269.85,300.05,0.0,0.0,,0.03809528452664999,0.18388912058758788,-0.0,0.04871794871794872,0.018263571324849872,0.01740140404902738,-0.026961161613099326
1a_broad,197,0.21787706755113675,True,97,20,59.0,39.0,13,17,3.3000000000000003,8,28,1.4,2.4000000000000004,1.0,0.015,0.5,10.385379682999938,1.217186715743684,0.7979288118203809,7.656600044106064,112.0,37.0,75.0,33.035714285714285,5820.099999999999,4781.6,1038.499999999999,603.1,0.0,1.0,8.80281431175008,1.5560222585759313,1.9087188726210569,4.480417946924343,51.0,22.0,29.0,43.13725490196079,2463.51,1583.21,880.3000000000002,261.4,0.0,0.0,,0.026408442935250236,0.13900556464398284,-0.0,0.043589743589743594,0.010385379682999938,0.0108593357871842,-0.012371399088024041
1a_broad,198,0.20980693601121514,True,91,20,58.0,37.0,14,18,3.2,8,29,1.3,2.5,1.0,0.015,0.5,5.648752979449873,1.1647316155562362,0.5643063735523737,10.376593950963585,92.0,28.0,64.0,30.434782608695652,3993.6900000000005,3428.85,564.8400000000006,485.6,0.0,1.0,8.027991062649944,1.6549757697390965,1.9496037227358538,4.303495814551054,40.0,18.0,22.0,45.0,2028.5700000000002,1225.74,802.8300000000002,206.09,0.0,0.0,,0.024083973187949834,0.16374394243477414,-0.0,0.03418803418803419,0.005648752979449874,0.008236580777811808,-0.026094347556804703
1a_broad,199,-1.0241122110628593,False,20,19,59.0,37.0,14,16,3.4000000000000004,9,32,1.5,2.6,1.0,0.015,0.5,20.809847909399867,1.234107515510831,1.3150051156496156,10.605107198152236,197.0,66.0,131.0,33.50253807106599,10969.920000000002,8888.95,2080.970000000001,1170.96,0.0,2.0,-2.5849582069499957,0.9252351314769611,-0.32336744599450107,11.813521856380678,90.0,28.0,62.0,31.11111111111111,3199.13,3457.6400000000003,-258.5100000000002,428.86,0.0,2.0,0.14467326637715605,,,,,,,
1a_broad,200,-1.0198485538552537,False,86,20,59.0,38.0,14,17,3.1,7,28,1.6,2.4000000000000004,1.0,0.015,0.5,-2.126523617500097,0.9361728950923008,-0.18130894523798316,14.36949452705409,83.0,23.0,60.0,27.710843373493976,3118.8599999999997,3331.4999999999995,-212.63999999999987,408.48,0.0,1.0,10.848001606199977,1.85071127213413,2.4371027267475993,4.662297541550504,42.0,19.0,23.0,45.23809523809524,2359.99,1275.18,1084.8099999999997,218.98,0.0,0.0,0.1190913231315227,,,,,,,
1a_broad,201,0.2616684604908232,True,90,21,60.0,39.0,15,16,3.3000000000000003,9,31,1.5,2.3,1.0,0.015,0.5,3.57813610999985,1.063839733364736,0.32381365387187294,20.367570776068767,133.0,47.0,86.0,35.338345864661655,5962.46,5604.659999999999,357.8000000000011,671.48,0.0,1.0,19.808918961250054,2.089550022276125,3.3511684304427503,4.000543850468869,58.0,28.0,30.0,48.275862068965516,3798.9900000000002,1818.09,1980.9000000000003,319.21,0.0,0.0,,0.05942675688375016,0.25,-0.0,0.04957264957264958,0.0035781361099998504,0.003191986668236802,-0.10410106874381317
1a_broad,202,0.2282195335495923,True,100,21,60.0,38.0,14,14,3.4000000000000004,9,30,1.5,2.3,1.0,0.015,0.5,13.082286340299905,1.200269732823668,0.9029317240744388,13.568188486702685,162.0,63.0,99.0,38.888888888888886,7840.629999999999,6532.389999999999,1308.2399999999998,833.58,0.0,2.0,11.387458029400095,1.4860866261722534,1.9711364160607456,3.999641502351029,70.0,28.0,42.0,40.0,3481.47,2342.71,1138.7599999999998,371.97,0.0,0.0,,0.03416237408820028,0.12152165654306335,-0.0,0.05982905982905983,0.013082286340299907,0.0100134866411834,-0.01038932989221449
1a_broad,203,0.3338427396421413,True,95,20,60.0,42.0,15,15,3.3000000000000003,9,29,1.5,2.2,1.0,0.015,0.5,11.02152086749993,1.2006291277406016,0.8528818495220322,10.903323269214352,136.0,53.0,83.0,38.970588235294116,6595.44,5493.319999999999,1102.1200000000008,717.06,0.0,0.0,18.10993018025001,1.9576126442920365,3.2894236703809354,4.000496892219307,65.0,31.0,34.0,47.69230769230769,3702.099999999999,1891.1299999999999,1810.9699999999991,356.56,0.0,0.0,,0.05432979054075003,0.23940316107300913,-0.0,0.05555555555555556,0.011021520867499931,0.010031456387030081,-0.036498744781703424
1a_broad,204,0.025063543531032684,True,95,19,59.0,42.0,14,15,3.2,9,29,1.4,2.1,1.0,0.015,0.5,11.979876152699944,1.2628067735332893,1.020399496431468,7.571527160258003,122.0,47.0,75.0,38.52459016393443,5756.29,4558.330000000001,1197.9599999999991,659.83,0.0,0.0,2.6623388775999954,1.1889500017742451,0.7141013880129569,4.5800263630681215,47.0,19.0,28.0,40.42553191489362,1675.29,1409.05,266.24,235.78,0.0,0.0,,0.007987016632799986,0.04723750044356129,-0.0,0.040170940170940174,0.011979876152699945,0.013140338676664465,-0.09545212854563317
1a_broad,205,0.24785275690971,True,98,20,58.0,39.0,15,16,3.3000000000000003,8,30,1.5,2.2,1.0,0.015,0.5,7.111245799049939,1.2055884011043811,0.809963055696697,7.0311800558127775,95.0,37.0,58.0,38.94736842105263,4170.07,3458.9500000000003,711.1199999999994,497.91,0.0,1.0,8.57134980675004,1.7210080923299516,2.182196104261126,3.999641502351029,45.0,21.0,24.0,46.666666666666664,2045.9,1188.7800000000002,857.1199999999999,231.14,0.0,0.0,,0.025714049420250122,0.1802520230824879,-0.0,0.038461538461538464,0.0071112457990499395,0.010279420055219058,-0.013965519908835464
1a_broad,206,0.3053399956522878,True,92,20,60.0,40.0,13,15,3.4000000000000004,9,28,1.5,2.2,1.0,0.015,0.5,18.44324395454987,1.2992748108325638,1.2499326599889653,7.756174191602086,145.0,57.0,88.0,39.310344827586206,8006.82,6162.530000000001,1844.289999999999,791.62,0.0,2.0,15.172719572600036,1.741811674628048,2.6203291341748423,4.000722288855739,65.0,30.0,35.0,46.15384615384615,3562.51,2045.29,1517.2200000000003,349.01,0.0,0.0,,0.04551815871780011,0.18545291865701202,-0.0,0.05555555555555556,0.01844324395454987,0.01496374054162819,-0.01459362177425793
1a_broad,207,0.36543254676647907,True,87,20,59.0,42.0,14,16,3.3000000000000003,8,27,1.5,2.4000000000000004,1.0,0.015,0.5,14.984927735699893,1.2878055713473566,1.0679629194367035,8.484028306984667,125.0,45.0,80.0,36.0,6705.14,5206.639999999999,1498.500000000001,674.83,0.0,0.0,15.6971264514,1.9851757942435388,3.0470011824412833,4.674742269756477,54.0,25.0,29.0,46.2962962962963,3163.06,1593.34,1569.72,289.78,0.0,0.0,,0.0470913793542,0.2462939485608847,-0.0,0.046153846153846156,0.014984927735699894,0.014390278567367833,-0.0034818336055195487
1a_broad,208,0.27018506612075643,True,88,20,59.0,36.0,14,16,3.2,9,27,1.6,2.3,1.0,0.015,0.5,6.10169207535002,1.1424100119968443,0.5630214548988673,17.374851812109142,106.0,38.0,68.0,35.84905660377358,4894.61,4284.46,610.1499999999996,540.15,0.0,1.0,11.88395784094997,1.9208750164666137,2.682533336256235,4.000543850468869,46.0,22.0,24.0,47.82608695652174,2478.8700000000003,1290.49,1188.3800000000003,242.41,0.0,0.0,,0.03565187352284991,0.23021875411665343,-0.0,0.039316239316239315,0.00610169207535002,0.007120500599842217,-0.048223993510178455
1a_broad,209,-1.0108695652173914,False,94,19,58.0,42.0,14,17,3.3000000000000003,9,27,1.5,2.5,1.0,0.015,0.5,6.664201270750018,1.2013559690737534,0.6420275661527333,6.545756035828025,86.0,28.0,58.0,32.55813953488372,3976.2599999999998,3309.81,666.4499999999998,450.43,0.0,0.0,6.441745806999951,1.5344040883372885,1.6234828355234672,3.999516802113777,40.0,17.0,23.0,42.5,1849.5400000000002,1205.3799999999997,644.1600000000005,204.44,0.0,0.0,0.06521739130434778,,,,,,,
1a_broad,210,-1.0001537369684168,False,96,20,59.0,42.0,13,16,3.1,8,28,1.4,2.2,1.0,0.015,0.5,-0.0922421810501146,0.997676367706028,0.03223044750155261,14.423406547418823,101.0,33.0,68.0,32.67326732673267,3975.88,3985.14,-9.259999999999764,507.28,0.0,0.0,7.867793907400028,1.4979619737208536,1.7986843686511416,3.999066445876682,51.0,22.0,29.0,43.13725490196079,2366.72,1579.96,786.7599999999998,262.97,0.0,0.0,0.000922421810501146,,,,,,,
1a_broad,211,0.27967714896946205,True,83,21,60.0,41.0,15,15,3.4000000000000004,8,29,1.5,2.4000000000000004,1.0,0.015,0.5,7.507578899199816,1.1070518424291345,0.5316518024218881,14.608094762540128,160.0,59.0,101.0,36.875,7762.880000000001,7012.21,750.670000000001,816.84,0.0,2.0,20.57174883034999,1.8568274965845855,3.118459435978088,4.766102799140497,71.0,31.0,40.0,43.66197183098591,4458.0199999999995,2400.88,2057.1399999999994,391.67,0.0,1.0,,0.061715246491049966,0.21420687414614636,-0.0,0.06068376068376068,0.007507578899199816,0.005352592121456723,-0.06978890337215152
1a_broad,212,0.28160917580639333,True,86,20,59.0,39.0,15,16,3.3000000000000003,8,30,1.5,2.4000000000000004,1.0,0.015,0.5,5.434201456049904,1.1066557020556684,0.4858038991771297,14.822469645498208,125.0,44.0,81.0,35.2,5638.61,5095.179999999999,543.4300000000003,644.16,0.0,1.0,16.478056311100026,2.0384285750296187,3.1993846777798076,4.675530916582116,55.0,26.0,29.0,47.27272727272727,3234.66,1586.8399999999997,1647.8200000000002,297.65,0.0,0.0,,0.04943416893330008,0.25,-0.0,0.04700854700854701,0.005434201456049905,0.005332785102783422,-0.0756005266942871
1a_broad,213,0.33004254627305385,True,88,21,60.0,40.0,14,15,3.4000000000000004,9,27,1.5,2.3,1.0,0.015,0.5,13.027607842499892,1.1793641156118388,0.8510522708349996,11.364852542689507,168.0,64.0,104.0,38.095238095238095,8566.04,7263.27,1302.7700000000004,889.1,0.0,2.0,19.176914260600043,1.8875713902233573,3.0159897539246034,4.000590930413072,67.0,30.0,37.0,44.776119402985074,4078.3999999999996,2160.6600000000003,1917.7399999999993,364.65,0.0,0.0,,0.05753074278180012,0.22189284755583932,-0.0,0.05726495726495726,0.013027607842499893,0.008968205780591943,-0.02864181495263471
1a_broad,214,0.2878798706031585,True,88,20,58.0,37.0,14,16,3.3000000000000003,9,27,1.6,2.3,1.0,0.015,0.5,11.452193085999971,1.305785785999616,1.158190259087549,8.875718812268634,98.0,39.0,59.0,39.795918367346935,4890.220000000001,3745.0399999999995,1145.1800000000017,523.09,0.0,1.0,9.12631446294994,1.8695192362659352,2.325085426569591,3.999641502351029,39.0,19.0,20.0,48.717948717948715,1962.21,1049.58,912.6300000000001,200.78,0.0,0.0,,0.02737894338884982,0.2173798090664838,-0.0,0.03333333333333333,0.01145219308599997,0.015289289299980802,-0.016953697571489214
1a_broad,215,0.21386739929639942,True,93,21,59.0,42.0,14,17,3.5,9,26,1.4,2.3,1.0,0.015,0.5,8.459892886699926,1.1355403203453076,0.6371029977240571,13.835236451886693,145.0,49.0,96.0,33.793103448275865,7087.349999999999,6241.39,845.9599999999991,767.34,0.0,2.0,10.747260184949955,1.5113674213225987,2.127153736891409,4.733768358360492,66.0,27.0,39.0,40.90909090909091,3176.3199999999997,2101.62,1074.6999999999998,347.15,0.0,0.0,,0.03224178055484986,0.12784185533064968,-0.0,0.05641025641025641,0.008459892886699925,0.00677701601726538,-0.017863401903321835
1a_broad,216,0.3330551525811063,True,91,21,61.0,41.0,14,15,3.2,9,28,1.5,2.2,1.0,0.015,0.5,11.713054201699851,1.1948372973494488,0.8335322534901635,11.773939107993614,143.0,54.0,89.0,37.76223776223776,7182.859999999999,6011.58,1171.2799999999988,748.48,0.0,1.0,17.14715417870002,1.9587375248106011,3.035999429960938,4.000722288855739,57.0,26.0,31.0,45.6140350877193,3503.3,1788.5499999999997,1714.7500000000005,311.1,0.0,0.0,,0.051441462536100054,0.2396843812026503,-0.0,0.04871794871794872,0.011713054201699852,0.009741864867472439,-0.02824355894476503
1a_broad,217,0.20511388232037422,True,92,20,61.0,41.0,14,15,3.2,9,27,1.6,2.1,1.0,0.015,0.5,8.686115812599855,1.1765522512139743,0.688266065921153,13.65303581378863,124.0,47.0,77.0,37.903225806451616,5788.389999999999,4919.790000000001,868.5999999999985,624.5,0.0,1.0,8.247550439299975,1.4789352349207638,1.794518832136383,4.000649975324962,55.0,23.0,32.0,41.81818181818182,2546.83,1722.0700000000002,824.7599999999998,288.57,0.0,0.0,,0.024742651317899923,0.11973380873019096,-0.0,0.04700854700854701,0.008686115812599855,0.008827612560698717,-0.0038848531095622314
1a_broad,218,0.21554650591723964,True,97,21,60.0,43.0,13,16,3.4000000000000004,9,28,1.5,2.2,1.0,0.015,0.5,9.183003617049854,1.154689626824436,0.688047579816326,11.818315484027204,137.0,51.0,86.0,37.22627737226277,6854.329999999999,5936.080000000001,918.2499999999982,716.16,0.0,1.0,10.190353873449949,1.4743700158747155,1.9160671783225909,4.524375136879513,67.0,29.0,38.0,43.28358208955224,3167.05,2148.07,1018.98,348.09,0.0,0.0,,0.030571061620349844,0.11859250396867888,-0.0,0.05726495726495726,0.009183003617049854,0.0077344813412218,-0.007799501895017991
1a_broad,219,0.2192234713803229,True,90,21,59.0,41.0,14,15,3.2,9,29,1.5,2.1,1.0,0.015,0.5,3.505084724299923,1.0666404310249775,0.3221440766667493,14.966007479601098,131.0,47.0,84.0,35.87786259541985,5610.550000000002,5260.0199999999995,350.5300000000025,667.26,0.0,1.0,12.733392353000001,1.853108669435884,2.781849607657071,4.000649975324962,54.0,25.0,29.0,46.2962962962963,2765.9500000000003,1492.6,1273.3500000000004,290.15,0.0,0.0,,0.038200177059,0.213277167358971,-0.0,0.046153846153846156,0.003505084724299923,0.003332021551248876,-0.08524482546704308
1a_broad,220,0.1192274122447373,True,100,20,58.0,42.0,14,16,3.3000000000000003,9,27,1.6,2.2,1.0,0.015,0.5,10.1640079646499,1.3134208238000382,1.1521250837498132,6.0168564334215615,93.0,37.0,56.0,39.784946236559136,4259.45,3243.02,1016.4299999999998,489.44,0.0,0.0,4.737322694949999,1.3984741685311977,1.2738106204511213,3.999641502351029,40.0,17.0,23.0,42.5,1662.59,1188.8600000000001,473.7299999999998,202.76,0.0,0.0,,0.014211968084849997,0.09961854213279941,-0.0,0.03418803418803419,0.010164007964649899,0.01567104119000191,-0.054626181315598106
1a_broad,221,0.23326070791224282,True,86,21,60.0,38.0,14,14,3.3000000000000003,9,29,1.5,2.3,1.0,0.015,0.5,1.6290677532499285,1.0238059055946507,0.16511312965257158,19.226521198045305,162.0,60.0,102.0,37.03703703703704,7006.599999999999,6843.680000000001,162.91999999999825,788.98,0.0,2.0,21.723322797050077,1.9312194034585342,3.260360094226837,4.67578305843369,72.0,32.0,40.0,44.44444444444444,4505.11,2332.78,2172.3299999999995,399.74,0.0,0.0,,0.06516996839115023,0.23280485086463354,-0.0,0.06153846153846154,0.0016290677532499285,0.001190295279732534,-0.12907193591498495
1a_broad,222,0.2916787412356806,True,88,21,61.0,40.0,15,15,3.4000000000000004,10,28,1.5,2.4000000000000004,1.0,0.015,0.5,10.373939442499958,1.143603281348199,0.6669649119418343,14.531200262289348,165.0,60.0,105.0,36.36363636363637,8261.230000000001,7223.86,1037.3700000000017,846.43,0.0,2.0,19.02902742170001,1.808869411454658,2.967717052441018,4.000849324197152,69.0,30.0,39.0,43.47826086956522,4255.509999999999,2352.58,1902.9299999999994,375.58,0.0,0.0,,0.057087082265100036,0.2022173528636645,-0.0,0.05897435897435898,0.010373939442499959,0.007180164067409955,-0.044154156377352795
1a_broad,223,0.30449832043300623,True,95,21,60.0,40.0,14,14,3.3000000000000003,9,29,1.5,2.3,1.0,0.015,0.5,9.16982428510004,1.1433466572664417,0.6620571760975217,16.531411099158557,156.0,59.0,97.0,37.82051282051282,7314.0,6397.01,916.9899999999998,794.47,0.0,2.0,19.672389257050053,1.8854865280916075,3.264409845913067,4.000543850468869,73.0,33.0,40.0,45.205479452054796,4188.910000000001,2221.66,1967.250000000001,404.95,0.0,0.0,,0.05901716777115015,0.2213716320229019,-0.0,0.062393162393162394,0.009169824285100039,0.007167332863322085,-0.05462079890263035
1a_broad,224,0.23678684530290306,True,91,21,59.0,42.0,16,15,3.4000000000000004,10,26,1.5,2.4000000000000004,1.0,0.015,0.5,13.287862210199927,1.2126596824116485,0.8875530139256149,12.503495478249176,148.0,52.0,96.0,35.13513513513514,7577.11,6248.34,1328.7699999999995,790.49,0.0,1.0,11.447841076200074,1.5296624285159073,2.1928743236869543,3.9997979918593614,67.0,27.0,40.0,40.298507462686565,3306.09,2161.3199999999997,1144.7700000000004,353.31,0.0,0.0,,0.03434352322860022,0.13241560712897682,-0.0,0.05726495726495726,0.013287862210199928,0.010632984120582424,-0.011158088650413588
1a_broad,225,0.1972243623569495,True,84,21,60.0,43.0,15,16,3.2,8,28,1.4,2.3,1.0,0.015,0.5,2.5075187999999433,1.0448388394653314,0.23526134414383382,17.614699547414755,136.0,47.0,89.0,34.55882352941177,5843.0,5592.25,250.75,682.65,0.0,0.0,16.104550271350018,1.7995898851579142,2.742493003737976,4.674056302418904,63.0,27.0,36.0,42.857142857142854,3624.5,2014.07,1610.43,336.24,0.0,1.0,,0.048313650814050056,0.19989747128947855,-0.0,0.05384615384615385,0.0025075187999999433,0.00224194197326657,-0.10958237436599945
1a_broad,226,0.32545590147245324,True,93,20,59.0,38.0,14,17,3.5,9,27,1.5,2.4000000000000004,1.0,0.015,0.5,14.003876493949882,1.2561163631575196,0.9823533331751488,9.855375390042106,123.0,41.0,82.0,33.333333333333336,6868.08,5467.709999999999,1400.3700000000008,672.52,0.0,2.0,13.750390594649996,1.8504446890887274,2.747109543944489,4.0006669507813815,54.0,24.0,30.0,44.44444444444444,2991.91,1616.8600000000001,1375.0499999999997,288.16,0.0,0.0,,0.04125117178394999,0.21261117227218185,-0.0,0.046153846153846156,0.014003876493949883,0.012805818157875981,-0.0013699833893506352
1a_broad,227,0.17665082571517662,True,93,20,59.0,38.0,14,17,3.5,9,25,1.5,2.5,1.0,0.015,0.5,8.931790844200005,1.1588097447878327,0.6570514770181962,9.204671406559088,124.0,38.0,86.0,30.64516129032258,6517.539999999999,5624.34,893.1999999999989,667.42,0.0,2.0,7.454818646949988,1.4191207061336928,1.5449962195668328,5.629553752542911,54.0,21.0,33.0,38.888888888888886,2524.1899999999996,1778.7,745.4899999999996,273.0,0.0,0.0,,0.022364455940849966,0.1047801765334232,-0.0,0.046153846153846156,0.008931790844200005,0.007940487239391636,-0.013519930996534337
1a_broad,228,0.04472070994331637,True,99,20,58.0,38.0,14,17,3.4000000000000004,9,27,1.4,2.2,1.0,0.015,0.5,14.284960865499889,1.346039528410894,1.3381333165591451,6.565494116476104,108.0,40.0,68.0,37.03703703703704,5556.68,4128.17,1428.5100000000002,609.88,0.0,2.0,3.3523426934500096,1.213281418991997,0.8447166958987505,4.5800263630681215,50.0,20.0,30.0,40.0,1907.0600000000002,1571.8199999999997,335.24000000000046,251.4,0.0,0.0,,0.01005702808035003,0.05332035474799923,-0.0,0.042735042735042736,0.014284960865499888,0.017301976420544696,-0.09297865290612022
1a_broad,229,0.15031520465962928,True,96,19,59.0,41.0,13,18,3.5,8,28,1.6,2.3,1.0,0.015,0.5,2.855603082849957,1.0739480566560502,0.31150157228815073,8.05425416198074,94.0,31.0,63.0,32.97872340425532,4147.4800000000005,3861.9000000000005,285.5799999999999,481.84,0.0,0.0,7.542132284349955,1.604551430037194,1.8685490355596543,3.999641502351029,44.0,21.0,23.0,47.72727272727273,2001.7099999999998,1247.5199999999998,754.19,224.87,0.0,0.0,,0.022626396853049863,0.15113785750929848,-0.0,0.03760683760683761,0.0028556030828499573,0.00369740283280251,-0.06760889322520913
1a_broad,230,0.1747363264949528,True,90,20,58.0,37.0,14,16,3.4000000000000004,9,27,1.5,2.4000000000000004,1.0,0.015,0.5,15.619414869949905,1.3177978343757253,1.2185117955150575,9.089303252820722,117.0,43.0,74.0,36.75213675213675,6476.950000000001,4914.979999999999,1561.970000000002,651.68,0.0,2.0,7.585015488199988,1.532369455362156,1.7571112284456158,3.999516802113777,46.0,20.0,26.0,43.47826086956522,2183.32,1424.8000000000002,758.52,236.29,0.0,0.0,,0.022755046464599964,0.13309236384053902,-0.0,0.039316239316239315,0.015619414869949905,0.015889891718786266,-0.051936629715161685
1a_broad,231,-2.0,False,87,21,60.0,39.0,15,15,1.0,10,38,1.5,2.4000000000000004,1.0,0.015,0.5,,,,,,,,,,,,,,,,,,,,,,,,,,,,,6.0,,,,,,,
1a_broad,232,0.236755359498346,True,93,21,60.0,38.0,15,16,3.3000000000000003,9,30,1.5,2.3,1.0,0.015,0.5,2.4130099275498833,1.0444489061380418,0.23003530323898927,19.32198373561426,130.0,46.0,84.0,35.38461538461539,5670.24,5428.93,241.3099999999995,645.45,0.0,1.0,17.15007583994995,1.9797928437987395,3.165232824332831,4.000543850468869,57.0,28.0,29.0,49.12280701754386,3465.3699999999994,1750.37,1714.9999999999995,309.69,0.0,0.0,,0.051450227519849845,0.24494821094968489,-0.0,0.04871794871794872,0.0024130099275498835,0.002222445306902088,-0.11299648292358941
1a_broad,233,0.34732295688484716,True,89,21,59.0,39.0,15,14,3.3000000000000003,9,29,1.5,2.4000000000000004,1.0,0.015,0.5,11.66223881449987,1.1866182139376804,0.8354201715284829,16.66980159641541,148.0,55.0,93.0,37.16216216216216,7415.64,6249.389999999999,1166.250000000001,769.62,0.0,2.0,22.753312125249995,2.2500041203131436,3.9516409165452564,4.000391049806216,66.0,31.0,35.0,46.96969696969697,4095.5699999999997,1820.25,2275.3199999999997,371.51,0.0,0.0,,0.06825993637574998,0.25,-0.0,0.05641025641025641,0.01166223881449987,0.00933091069688402,-0.04834038541254311
1a_broad,234,-1.0054032503497499,False,89,20,59.0,43.0,14,17,3.3000000000000003,9,29,1.5,2.5,1.0,0.015,0.5,-3.241950209849965,0.9327627043417303,-0.22159818252260685,15.306122093716537,111.0,34.0,77.0,30.63063063063063,4497.39,4821.580000000001,-324.1900000000005,551.32,0.0,0.0,14.836504964399975,2.1068388502197055,3.0051056920741632,4.871537290158756,47.0,23.0,24.0,48.93617021276596,2824.0699999999997,1340.4299999999998,1483.6399999999999,249.08,0.0,0.0,0.03241950209849965,,,,,,,
1a_broad,235,0.34679495366487845,True,92,21,59.0,42.0,15,15,3.4000000000000004,9,28,1.5,2.3,1.0,0.015,0.5,17.775489369200077,1.2830099158711255,1.2036227623146134,9.65860568342419,147.0,56.0,91.0,38.095238095238095,8058.38,6280.84,1777.54,800.41,0.0,2.0,16.37815600924996,1.868682475615642,3.084630972477901,4.000590930413072,64.0,30.0,34.0,46.875,3523.27,1885.43,1637.84,346.99,0.0,0.0,,0.04913446802774987,0.21717061890391048,-0.0,0.05470085470085471,0.017775489369200075,0.014150495793556274,-0.006136973130392961
1a_broad,236,0.23108431681717378,True,95,21,59.0,42.0,15,15,3.4000000000000004,9,26,1.5,2.2,1.0,0.015,0.5,15.537270022499944,1.2445661071163219,1.0948695008187022,7.388216102576184,152.0,57.0,95.0,37.5,7906.38,6352.719999999999,1553.6600000000008,829.52,0.0,2.0,11.320189777450015,1.532326704505377,2.2268957588030314,4.000018382497006,70.0,30.0,40.0,42.857142857142854,3258.6,2126.57,1132.0299999999997,366.04,0.0,0.0,,0.03396056933235004,0.13308167612634425,-0.0,0.05982905982905983,0.015537270022499945,0.012228305355816094,-0.02355256384889639
1a_broad,237,0.16648409352721708,True,93,21,58.0,41.0,16,15,3.5,9,28,1.5,2.3,1.0,0.015,0.5,15.828689134500017,1.2636653163477425,1.1173167701311624,8.971678098536739,140.0,52.0,88.0,37.142857142857146,7586.44,6003.52,1582.9199999999992,766.19,0.0,2.0,8.358419681799951,1.426352516297528,1.6643174406317278,3.999516802113777,61.0,26.0,35.0,42.622950819672134,2796.2499999999995,1960.42,835.8299999999995,316.3,0.0,0.0,,0.025075259045399853,0.10658812907438198,-0.0,0.052136752136752146,0.01582868913450002,0.013183265817387125,-0.04632800168120404
1a_broad,238,0.2644548686207406,True,98,21,61.0,42.0,15,14,3.4000000000000004,9,28,1.6,2.3,1.0,0.015,0.5,9.45702939199995,1.1461768651963966,0.6744678218777281,15.029840003051111,153.0,57.0,96.0,37.254901960784316,7415.259999999999,6469.5599999999995,945.6999999999998,775.87,0.0,2.0,16.053576871749993,1.7139451728247912,2.7606906962328304,4.697296670726364,70.0,30.0,40.0,42.857142857142854,3853.84,2248.5200000000004,1605.3199999999997,380.0,0.0,0.0,,0.048160730615249975,0.1784862932061978,-0.0,0.05982905982905983,0.00945702939199995,0.007308843259819831,-0.038787087681586806
1a_broad,239,0.2363917486512971,True,88,21,59.0,43.0,15,13,3.4000000000000004,9,27,1.5,2.2,1.0,0.015,0.5,15.350767744649966,1.199605472925352,0.9963699080178321,10.708565031432355,180.0,71.0,109.0,39.44444444444444,9225.23,7690.219999999999,1535.0100000000002,959.07,0.0,2.0,12.295665096500015,1.5031695169811634,2.2127602643064,4.922989983631605,76.0,32.0,44.0,42.10526315789474,3673.13,2443.5899999999992,1229.5400000000009,403.27,0.0,1.0,,0.03688699528950004,0.12579237924529085,-0.0,0.06495726495726496,0.015350767744649966,0.009980273646267602,-0.01657593223167632
1a_broad,240,0.19320465298120293,True,91,21,57.0,41.0,15,15,3.2,9,30,1.5,2.3,1.0,0.015,0.5,1.805700041649925,1.0500022155509519,0.2270298079770042,10.263735794590529,96.0,32.0,64.0,33.333333333333336,3791.3899999999994,3610.84,180.54999999999927,494.21,0.0,1.0,10.417158857499981,1.9097220402923685,2.5727993083521357,3.999641502351029,42.0,20.0,22.0,47.61904761904762,2186.88,1145.13,1041.75,219.89,0.0,0.0,,0.031251476572499944,0.22743051007309212,-0.0,0.0358974358974359,0.001805700041649925,0.002500110777547593,-0.10568058038102256
1a_broad,241,0.2956827092827163,True,91,20,59.0,38.0,14,16,3.3000000000000003,8,29,1.5,2.4000000000000004,1.0,0.015,0.5,7.014831067449904,1.1436622948939552,0.5981434094385606,14.521757548277153,118.0,41.0,77.0,34.74576271186441,5584.320000000001,4882.84,701.4800000000005,611.93,0.0,1.0,18.99270433680007,2.383768542534899,3.768267195176108,4.000391049806216,51.0,26.0,25.0,50.98039215686274,3271.7699999999995,1372.52,1899.2499999999995,278.91,0.0,0.0,,0.056978113010400205,0.25,-0.0,0.043589743589743594,0.007014831067449905,0.007183114744697761,-0.06908309312957518
1a_broad,242,0.38100348716054033,True,95,21,59.0,39.0,14,16,3.3000000000000003,8,28,1.4,2.4000000000000004,1.0,0.015,0.5,16.61966917854992,1.3142893343898272,1.1608448693964284,9.688457260971603,128.0,46.0,82.0,35.9375,6949.87,5287.93,1661.9399999999996,698.5,0.0,1.0,19.507046205849893,2.1037253304363577,3.6136029167858736,3.9992518878291894,61.0,29.0,32.0,47.540983606557376,3718.040000000001,1767.36,1950.680000000001,332.59,0.0,0.0,,0.05852113861754968,0.25,-0.0,0.052136752136752146,0.01661966917854992,0.015714466719491362,-0.011988539491802772
1a_broad,243,0.25256853754785075,True,95,21,58.0,40.0,15,16,3.6,9,28,1.5,2.4000000000000004,1.0,0.015,0.5,22.700508685549902,1.3871124518469131,1.4463797254785036,8.705617155586873,134.0,52.0,82.0,38.80597014925373,8134.180000000001,5864.11,2270.0700000000015,749.25,0.0,3.0,12.872108962499986,1.6242991832696372,2.4121965883911587,3.999516802113777,67.0,28.0,39.0,41.791044776119406,3349.1099999999997,2061.88,1287.2299999999996,356.41,0.0,1.0,,0.03861632688749996,0.1560747958174093,-0.0,0.05726495726495726,0.022700508685549903,0.019355622592345658,-0.04144367369991135
1a_broad,244,0.18887450026280989,True,97,21,60.0,39.0,14,16,3.4000000000000004,10,27,1.4,2.3,1.0,0.015,0.5,10.415923188999914,1.1622517484696022,0.7441469971299283,13.659862909065525,150.0,53.0,97.0,35.333333333333336,7461.54,6419.900000000001,1041.6399999999994,793.08,0.0,2.0,8.990517383650005,1.37825159555894,1.6579171494880913,5.296203435316518,70.0,29.0,41.0,41.42857142857143,3275.98,2376.91,899.0700000000002,359.32,0.0,0.0,,0.026971552150950012,0.09456289888973501,-0.0,0.05982905982905983,0.010415923188999913,0.008112587423480111,-0.011017521219414983
1a_broad,245,0.33307937779476776,True,86,21,59.0,42.0,15,14,3.3000000000000003,8,28,1.5,2.5,1.0,0.015,0.5,12.177555520099958,1.1995382553326759,0.8278110911610541,11.37814743816772,143.0,52.0,91.0,36.36363636363637,7320.71,6102.94,1217.7700000000004,749.5,0.0,2.0,18.730121935249954,1.906824629864534,3.0843324115933477,5.541082285672254,70.0,30.0,40.0,42.857142857142854,3938.4700000000003,2065.46,1873.0100000000002,380.37,0.0,0.0,,0.05619036580574986,0.22670615746613348,-0.0,0.05982905982905983,0.012177555520099958,0.009976912766633796,-0.031800673592909154
1a_broad,246,0.18905728487878418,True,85,21,59.0,42.0,15,14,3.2,7,26,1.6,2.5,1.0,0.015,0.5,3.1583563419999883,1.061545175928253,0.2902533508345088,16.866492120113186,123.0,42.0,81.0,34.146341463414636,5448.37,5132.490000000001,315.8799999999992,609.09,0.0,1.0,14.00597672064996,1.7167656090071648,2.5361980101747266,5.527311033315998,66.0,26.0,40.0,39.39393939393939,3354.56,1954.0,1400.56,350.89,0.0,0.0,,0.04201793016194988,0.1791914022517912,-0.0,0.05641025641025641,0.0031583563419999884,0.0030772587964126522,-0.09479791908362596
1a_broad,247,0.20726831505334875,True,81,21,58.0,43.0,16,14,3.3000000000000003,8,28,1.5,2.5,1.0,0.015,0.5,17.417843299850063,1.2964231801480288,1.1530117982843864,9.622303715202365,136.0,54.0,82.0,39.705882352941174,7617.64,5875.889999999999,1741.750000000001,738.97,0.0,1.0,10.541296393400025,1.4955505934892466,1.9947812056804959,4.765696473577137,66.0,26.0,40.0,39.39393939393939,3181.41,2127.25,1054.1599999999999,349.19,0.0,1.0,,0.03162388918020007,0.12388764837231164,-0.0,0.05641025641025641,0.017417843299850064,0.014821159007401441,-0.03689248121667087
1a_broad,248,0.178790974303999,True,87,21,59.0,42.0,15,14,3.1,8,27,1.3,2.5,1.0,0.015,0.5,10.636166133099978,1.1596117944377413,0.7370341871949633,13.738757984786401,161.0,55.0,106.0,34.161490683229815,7727.05,6663.48,1063.5700000000006,864.79,0.0,1.0,8.52305342254991,1.3516041071082343,1.582814949389022,5.455935913013022,74.0,27.0,47.0,36.486486486486484,3276.41,2424.09,852.3199999999997,384.2,0.0,0.0,,0.02556916026764973,0.08790102677705858,-0.0,0.06324786324786325,0.010636166133099978,0.007980589721887065,-0.01654383184355958
1a_broad,249,0.24198273374433962,True,89,21,58.0,41.0,15,15,3.2,8,25,1.5,2.6,1.0,0.015,0.5,14.604992387349865,1.2860046605439914,1.045863488612269,9.664384030117692,119.0,41.0,78.0,34.45378151260504,6567.240000000001,5106.7,1460.5400000000009,654.14,0.0,1.0,10.52323766050009,1.6559720239616513,2.141028283835783,4.480417946924343,49.0,20.0,29.0,40.816326530612244,2656.56,1604.23,1052.33,255.34,0.0,0.0,,0.03156971298150027,0.16399300599041283,-0.0,0.041880341880341884,0.014604992387349866,0.014300233027199571,-0.024365552522464803
1a_broad,250,0.34819024907004625,True,83,21,59.0,43.0,16,15,3.3000000000000003,9,28,1.6,2.4000000000000004,1.0,0.015,0.5,16.005692623199938,1.3114894792972183,1.170272768857128,10.574761766329743,122.0,45.0,77.0,36.885245901639344,6739.009999999999,5138.4400000000005,1600.5699999999988,644.95,0.0,0.0,16.346276994250005,1.8577980688497067,3.1177379682379662,4.766102799140497,64.0,28.0,36.0,43.75,3540.2200000000003,1905.5999999999997,1634.6200000000006,346.98,0.0,1.0,,0.04903883098275002,0.21444951721242667,-0.0,0.05470085470085471,0.016005692623199938,0.015574473964860914,-0.0015791204140459653
1a_broad,251,0.1935954865506158,True,79,21,59.0,44.0,16,15,3.3000000000000003,8,28,1.6,2.2,1.0,0.015,0.5,4.009579360699827,1.0723702021824588,0.35135448114790774,14.000200132106821,134.0,48.0,86.0,35.82089552238806,5941.51,5540.54,400.97000000000025,679.67,0.0,0.0,12.955759448900025,1.6825708761189233,2.654955303015966,4.765911139804635,65.0,28.0,37.0,43.07692307692308,3193.57,1898.0300000000002,1295.54,347.34,0.0,0.0,,0.038867278346700077,0.17064271902973083,-0.0,0.05555555555555556,0.004009579360699827,0.0036185101091229413,-0.07909815585119344
1a_broad,252,0.21982561471383924,True,83,21,58.0,43.0,16,14,3.2,9,27,1.6,2.3,1.0,0.015,0.5,16.638194049849915,1.3524375390546397,1.280766247980977,12.012019948273728,116.0,47.0,69.0,40.51724137931034,6384.790000000001,4720.95,1663.840000000001,617.9,0.0,0.0,10.054085846499948,1.5679040238584758,2.1511491681270063,4.765161034762108,59.0,25.0,34.0,42.3728813559322,2775.88,1770.44,1005.44,311.28,0.0,1.0,,0.030162257539499842,0.14197600596461896,-0.0,0.05042735042735043,0.016638194049849914,0.017621876952731985,-0.037000070220211886
1a_broad,253,-1.0557214077171808,False,46,21,59.0,42.0,16,15,3.3000000000000003,10,26,0.6,2.4000000000000004,1.0,0.015,0.5,0.31648066609954184,1.0019392107308296,0.09933021347521978,14.820912926413662,449.0,134.0,315.0,29.844097995545656,16373.39,16341.7,31.68999999999869,2154.75,0.0,3.0,-11.499378587749998,0.8196986065531359,-1.3445201471746162,17.330779442069137,182.0,52.0,130.0,28.571428571428573,5227.8,6377.71,-1149.9099999999999,845.62,0.0,5.0,0.3343284463030849,,,,,,,
1a_broad,254,-1.0230472827151698,False,86,21,59.0,43.0,16,13,3.3000000000000003,9,28,1.4,4.0,1.0,0.015,0.5,18.44438379430003,1.2359679647919761,0.983078931955319,13.458636771624866,162.0,41.0,121.0,25.308641975308642,9660.820000000002,7816.4,1844.420000000002,847.76,0.0,1.0,-2.1728437675500207,0.9276169784537054,-0.20230318324428873,7.671945888352074,70.0,15.0,55.0,21.428571428571427,2783.7600000000007,3000.98,-217.21999999999935,345.88,0.0,1.0,0.13828369629101891,,,,,,,
1a_broad,255,-1.009436485969092,False,83,21,58.0,41.0,15,15,3.2,8,30,0.9,2.5,1.0,0.015,0.5,7.492772906299761,1.0863855513360587,0.4817769200491777,14.047890712651698,227.0,73.0,154.0,32.158590308370044,9423.33,8674.02,749.3099999999995,1221.35,0.0,1.0,-0.22886428645013437,0.9929532134024461,0.01800385078171999,8.670758482586209,100.0,30.0,70.0,30.0,3223.9900000000002,3246.87,-22.879999999999654,486.93,0.0,1.0,0.05661891581455269,,,,,,,
1a_broad,256,0.21964212263677124,True,88,21,59.0,42.0,15,14,3.5,10,27,1.5,2.2,1.0,0.015,0.5,16.486431043699795,1.2234803401934122,1.0495616354954245,9.250013124964664,170.0,67.0,103.0,39.411764705882355,9025.589999999998,7376.9800000000005,1648.6099999999979,910.78,0.0,2.0,11.593567749400064,1.4803607978322297,2.099161427812181,4.978603786922606,74.0,31.0,43.0,41.891891891891895,3572.91,2413.54,1159.37,391.44,0.0,0.0,,0.034780703248200186,0.12009019945805743,-0.0,0.06324786324786325,0.016486431043699797,0.011174017009670613,-0.026137091370720046
1a_broad,257,0.1638254811202934,True,81,21,74.0,44.0,16,15,3.3000000000000003,9,33,1.6,2.3,1.0,0.015,0.5,5.144389858599934,1.076388445520078,0.3965682780813849,18.27404535790488,146.0,53.0,93.0,36.3013698630137,7249.530000000002,6735.05,514.4800000000014,746.6,0.0,0.0,12.756218539349975,1.4787734344211532,2.021527199440064,5.058057161707923,71.0,29.0,42.0,40.84507042253521,3939.9699999999993,2664.35,1275.6199999999994,381.57,0.0,0.0,,0.03826865561804992,0.11969335860528829,-0.0,0.06068376068376068,0.005144389858599933,0.003819422276003903,-0.06378410592140932
1a_broad,258,0.24180633374992314,True,85,21,58.0,43.0,15,14,3.3000000000000003,7,29,1.4,2.6,1.0,0.015,0.5,16.836951275999816,1.2767617024914029,1.1124850612750765,7.833648662928567,150.0,54.0,96.0,36.0,7766.950000000001,6083.32,1683.630000000001,795.24,0.0,1.0,11.920432163149961,1.5715806433051382,2.173141073384974,5.138844394892961,68.0,27.0,41.0,39.705882352941174,3277.4999999999995,2085.48,1192.0199999999995,357.74,0.0,0.0,,0.03576129648944988,0.14289516082628456,-0.0,0.05811965811965813,0.016836951275999816,0.013838085124570144,-0.0256448180860394
1a_broad,259,0.29456097399279363,True,91,21,60.0,41.0,15,15,3.4000000000000004,9,28,1.5,2.3,1.0,0.015,0.5,12.018591569149994,1.173684461522676,0.8032330686005323,12.828124632714847,159.0,59.0,100.0,37.106918238993714,8121.65,6919.790000000001,1201.8599999999988,838.39,0.0,2.0,16.897668682349938,1.7648395419363603,2.772501264944879,4.000590930413072,67.0,30.0,37.0,44.776119402985074,3899.0600000000004,2209.2999999999997,1689.7600000000007,362.1,0.0,0.0,,0.05069300604704981,0.19120988548409007,-0.0,0.05726495726495726,0.012018591569149993,0.008684223076133802,-0.02530968944858728
1a_broad,260,0.3218426826063383,True,89,21,59.0,42.0,15,15,3.2,10,26,1.6,2.4000000000000004,1.0,0.015,0.5,9.557855504149993,1.1917923670739512,0.7429902583577644,14.68881067751448,114.0,38.0,76.0,33.333333333333336,5939.1900000000005,4983.410000000001,955.7799999999997,595.89,0.0,1.0,15.713829445750015,1.9837545465358688,3.1768321301086315,4.000391049806216,54.0,24.0,30.0,44.44444444444444,3168.79,1597.3699999999997,1571.4200000000003,293.26,0.0,0.0,,0.04714148833725005,0.2459386366339672,-0.0,0.046153846153846156,0.009557855504149993,0.00958961835369756,-0.03653876237657264
1a_broad,261,-1.0190222343700963,False,78,21,57.0,42.0,15,15,3.1,10,25,1.6,2.1,1.0,0.015,0.5,-3.7210329297500717,0.8977368601855031,-0.3623288911583499,9.933140637896338,96.0,31.0,65.0,32.291666666666664,3266.6399999999994,3638.75,-372.1100000000006,483.27,0.0,0.0,2.210381765849961,1.205198663200891,0.6898334200759645,4.765161034762108,36.0,15.0,21.0,41.666666666666664,1298.24,1077.2,221.03999999999996,179.31,0.0,1.0,0.11413340622057759,,,,,,,
1a_broad,262,0.28609510048548353,True,88,21,59.0,40.0,16,14,3.2,10,26,1.6,2.2,1.0,0.015,0.5,8.822650794849942,1.166509069838987,0.6998396303456931,13.872315841982646,128.0,49.0,79.0,38.28125,6180.549999999999,5298.329999999999,882.2200000000003,665.32,0.0,1.0,15.108575034150018,1.8401189946619219,2.9465301945927656,4.3030117173264815,62.0,28.0,34.0,45.16129032258065,3309.2700000000004,1798.4,1510.8700000000003,336.68,0.0,0.0,,0.04532572510245005,0.21002974866548046,-0.0,0.052991452991453,0.008822650794849942,0.008325453491949353,-0.03939993056069928
1a_broad,263,0.25392420674866223,True,85,21,59.0,42.0,15,15,3.2,10,26,1.6,2.5,1.0,0.015,0.5,8.63823640599996,1.173085361528705,0.6640239501111315,12.919266093695736,112.0,36.0,76.0,32.142857142857146,5854.739999999999,4990.89,863.8499999999985,575.95,0.0,1.0,12.656904421350063,1.7061623008898932,2.480208402450784,5.540422929508659,59.0,24.0,35.0,40.67796610169491,3058.04,1792.35,1265.69,311.09,0.0,0.0,,0.03797071326405019,0.1765405752224733,-0.0,0.05042735042735043,0.008638236405999962,0.008654268076435245,-0.02830693664764687
1a_broad,264,0.23883342263858232,True,90,21,58.0,43.0,15,13,3.3000000000000003,8,27,1.6,2.3,1.0,0.015,0.5,10.212652123549832,1.183260419395706,0.7817972410717678,15.4266010866879,134.0,50.0,84.0,37.3134328358209,6594.05,5572.779999999999,1021.2700000000013,684.63,0.0,1.0,10.549337796700001,1.542165392976631,2.1511003191942946,4.353693306472219,64.0,28.0,36.0,43.75,3000.729999999999,1945.7900000000002,1054.939999999999,335.97,0.0,1.0,,0.031648013390100004,0.13554134824415776,-0.0,0.05470085470085471,0.010212652123549833,0.009163020969785296,-0.0024324667898652807
1a_broad,265,0.3232840806376111,True,83,21,59.0,42.0,16,14,3.3000000000000003,10,28,1.5,2.4000000000000004,1.0,0.015,0.5,22.254398249949993,1.3654298039202808,1.371838347308879,10.877285892489681,141.0,55.0,86.0,39.00709219858156,8315.29,6089.87,2225.420000000001,765.79,0.0,2.0,17.353399504900008,1.7440434590599019,2.9183352470137947,4.766345821583352,74.0,31.0,43.0,41.891891891891895,4067.6499999999996,2332.31,1735.3399999999997,404.77,0.0,1.0,,0.05206019851470002,0.18601086476497547,-0.0,0.06324786324786325,0.022254398249949996,0.01827149019601404,-0.01856073433589168
1a_broad,266,0.29991366479634046,True,81,21,59.0,41.0,16,14,3.2,10,32,1.5,2.4000000000000004,1.0,0.015,0.5,11.120620445600016,1.1805941693840696,0.8110335269799697,16.71664739442649,141.0,54.0,87.0,38.297872340425535,7269.91,6157.84,1112.0699999999997,748.14,0.0,0.0,16.60143240430003,1.8093998342352882,3.0060124858973154,4.766102799140497,67.0,27.0,40.0,40.298507462686565,3711.26,2051.1000000000004,1660.1599999999999,369.78,0.0,1.0,,0.04980429721290009,0.20234995855882204,-0.0,0.05726495726495726,0.011120620445600016,0.009029708469203479,-0.02965587715514244
1a_broad,267,0.08792943215943917,True,83,21,57.0,42.0,16,14,3.1,10,28,1.5,2.5,1.0,0.015,0.5,14.113884345300013,1.3564677772950908,1.1632778820278236,5.940138855845296,103.0,41.0,62.0,39.80582524271845,5370.69,3959.32,1411.3699999999994,558.93,0.0,1.0,4.70299597055,1.2966705776970344,1.135317650860019,4.776063800662197,50.0,20.0,30.0,40.0,2055.5600000000004,1585.2599999999998,470.30000000000064,253.73,0.0,1.0,,0.01410898791165,0.0741676444242586,-0.0,0.042735042735042736,0.014113884345300013,0.01782338886475454,-0.07501951612156672
1a_broad,268,0.3061819135412462,True,87,21,58.0,40.0,15,14,3.3000000000000003,10,36,1.4,2.4000000000000004,1.0,0.015,0.5,24.906846024149946,1.444220712976108,1.6639384333281215,9.687126511587717,139.0,56.0,83.0,40.28776978417266,8097.63,5606.92,2490.71,762.76,0.0,2.0,14.941510744199968,1.7882034563524716,2.794664878063095,4.674619369540746,64.0,29.0,35.0,45.3125,3389.7899999999995,1895.64,1494.1499999999994,346.27,0.0,0.0,,0.044824532232599905,0.1970508640881179,-0.0,0.05470085470085471,0.024906846024149946,0.022211035648805402,-0.03751221915328166
1a_broad,269,0.2193056944467641,True,85,21,60.0,42.0,16,15,3.3000000000000003,11,30,1.5,2.5,1.0,0.015,0.5,1.4784675864000019,1.0228996756937583,0.1548669078368332,15.342954707850318,146.0,48.0,98.0,32.87671232876713,6604.720000000001,6456.860000000001,147.86000000000058,718.48,0.0,1.0,20.45005525979992,1.9045243244916823,3.0924544226526907,5.540422929508659,69.0,29.0,40.0,42.028985507246375,4305.92,2260.8900000000003,2045.0299999999997,376.01,0.0,0.0,,0.06135016577939976,0.22613108112292057,-0.0,0.05897435897435898,0.001478467586400002,0.001144983784687914,-0.12977336280100313
1a_broad,270,0.29318117602621596,True,77,21,59.0,41.0,15,13,3.2,10,28,1.5,2.4000000000000004,1.0,0.015,0.5,13.24336264224996,1.1893039291922056,0.8468649542839259,16.0920484743693,156.0,57.0,99.0,36.53846153846154,8320.18,6995.84,1324.3400000000001,842.21,0.0,1.0,16.504266789450067,1.6932003847333117,2.7543202714850983,4.807170188955717,75.0,31.0,44.0,41.333333333333336,4031.2899999999995,2380.87,1650.4199999999996,409.41,0.0,1.0,,0.0495128003683502,0.17330009618332792,-0.0,0.06410256410256411,0.01324336264224996,0.009465196459610282,-0.01644284372988651
1a_broad,271,0.23336613252761823,True,89,21,58.0,42.0,15,14,3.1,8,29,1.5,2.3,1.0,0.015,0.5,9.742246126749887,1.1920294711280708,0.7985604239221187,14.041376248648158,125.0,48.0,77.0,38.4,6047.6900000000005,5073.4400000000005,974.25,661.46,0.0,1.0,8.749599912649956,1.622618818891474,2.001407830657329,3.999641502351029,47.0,21.0,26.0,44.680851063829785,2280.25,1405.2900000000002,874.9599999999998,244.96,0.0,0.0,,0.026248799737949864,0.15565470472286852,-0.0,0.040170940170940174,0.009742246126749888,0.00960147355640354,-0.008052031787293756
1a_broad,272,0.24456622778213125,True,92,21,60.0,41.0,16,15,3.3000000000000003,9,27,1.4,2.6,1.0,0.015,0.5,14.442414297600026,1.2170148827634908,0.9087690793317499,12.228316277159076,155.0,52.0,103.0,33.54838709677419,8099.659999999999,6655.35,1444.3099999999986,829.65,0.0,1.0,12.639331252299963,1.522632825970997,2.118207434559426,6.350951199922515,71.0,28.0,43.0,39.436619718309856,3682.3199999999997,2418.3900000000003,1263.9299999999994,372.7,0.0,0.0,,0.03791799375689989,0.13065820649274923,-0.0,0.06068376068376068,0.014442414297600027,0.01085074413817454,-0.00998689158705312
1a_broad,273,0.32981956603124196,True,83,21,59.0,39.0,15,14,3.3000000000000003,10,30,1.6,2.2,1.0,0.015,0.5,11.90075118960005,1.2164262435802309,0.9175331649233495,12.28425539575428,132.0,51.0,81.0,38.63636363636363,6688.69,5498.639999999999,1190.0500000000002,680.93,0.0,2.0,17.768574335950017,1.8979341223557475,3.2819750503870844,4.765911139804635,69.0,31.0,38.0,44.927536231884055,3755.67,1978.82,1776.8500000000001,377.75,0.0,1.0,,0.053305723007850046,0.22448353058893689,-0.0,0.05897435897435898,0.011900751189600052,0.010821312179011545,-0.029666109908515575
1a_broad,274,0.06402575400509869,True,81,21,59.0,39.0,15,15,3.5,9,30,1.6,2.1,1.0,0.015,0.5,0.9819843513500018,1.0160479656771375,0.12405513783088877,15.174435340524106,142.0,53.0,89.0,37.32394366197183,6214.19,6116.04,98.14999999999964,709.74,0.0,1.0,8.61779677730001,1.3903224491459785,1.6686540706598738,4.766178707191915,68.0,27.0,41.0,39.705882352941174,3069.54,2207.79,861.75,354.53000000000003,0.0,1.0,,0.025853390331900025,0.09758061228649462,-0.0,0.05811965811965813,0.0009819843513500018,0.0008023982838568756,-0.11931228936816096
1a_broad,275,0.220232921282741,True,86,21,58.0,39.0,16,14,3.2,8,29,1.6,2.2,1.0,0.015,0.5,8.627042789499901,1.1909368567824181,0.8056675443397855,11.866942293283289,114.0,45.0,69.0,39.473684210526315,5381.009999999999,4518.299999999999,862.71,597.3,0.0,1.0,8.487195124600039,1.5232584664517044,1.9025701328088804,4.674619369540746,55.0,24.0,31.0,43.63636363636363,2470.71,1621.99,848.72,286.42,0.0,0.0,,0.025461585373800114,0.1308146166129261,-0.0,0.04700854700854701,0.008627042789499903,0.009546842839120906,-0.0012257133411530368
1a_broad,276,0.3218765843450365,True,89,21,59.0,40.0,15,15,3.3000000000000003,10,30,1.6,2.2,1.0,0.015,0.5,10.107473471399862,1.2070614264204285,0.8536636037527152,11.414983517849366,121.0,45.0,76.0,37.1900826446281,5892.210000000001,4881.450000000001,1010.7600000000002,633.0,0.0,1.0,15.224521368250008,1.9458789467798252,3.149630945524439,4.000496892219307,58.0,26.0,32.0,44.827586206896555,3131.97,1609.54,1522.4299999999998,313.12,0.0,0.0,,0.04567356410475002,0.2364697366949563,-0.0,0.04957264957264958,0.010107473471399862,0.010353071321021423,-0.030299910819740664
1a_broad,277,0.2187582714187072,True,92,20,59.0,40.0,15,15,3.4000000000000004,9,30,1.6,2.1,1.0,0.015,0.5,8.578778320499787,1.1736615068207532,0.7629031935695998,10.27307080228619,125.0,47.0,78.0,37.6,5797.97,4940.0700000000015,857.8999999999987,652.59,0.0,2.0,8.790669899649984,1.512945295404814,1.8967860819804907,4.000649975324962,57.0,25.0,32.0,43.85964912280702,2592.81,1713.75,879.06,296.38,0.0,0.0,,0.026372009698949952,0.12823632385120348,-0.0,0.04871794871794872,0.008578778320499787,0.00868307534103766,-0.001829864510932379
1a_broad,278,0.13578764203803284,True,89,21,58.0,39.0,14,15,3.4000000000000004,10,28,1.6,2.0,1.0,0.015,0.5,12.806030374599958,1.2714068931022349,1.0385551970103415,9.121940411647515,121.0,49.0,72.0,40.49586776859504,5998.929999999999,4718.34,1280.5899999999992,638.71,0.0,2.0,6.221538652800064,1.3860012656186018,1.404089362358174,3.999641502351029,54.0,24.0,30.0,44.44444444444444,2234.04,1611.8600000000004,622.1799999999996,276.33,0.0,0.0,,0.018664615958400188,0.09650031640465045,-0.0,0.046153846153846156,0.012806030374599958,0.013570344655111744,-0.05190751150857565
1a_broad,279,0.3094176707843597,True,90,21,59.0,39.0,15,15,3.3000000000000003,11,29,1.6,2.2,1.0,0.015,0.5,8.087471168499997,1.16025982724421,0.6948409599326001,11.615290351920907,122.0,44.0,78.0,36.0655737704918,5855.17,5046.430000000001,808.7399999999989,637.62,0.0,1.0,15.827468672650047,1.97923678479509,3.191626555767142,4.000496892219307,58.0,27.0,31.0,46.55172413793103,3199.08,1616.32,1582.76,314.4,0.0,0.0,,0.04748240601795014,0.2448091961987725,-0.0,0.04957264957264958,0.008087471168499998,0.008012991362210498,-0.048547043535723
1a_broad,280,-1.0350706057227796,False,87,20,57.0,43.0,14,16,3.2,9,27,1.6,2.2,1.0,0.015,0.5,2.0391779422499896,1.0758557063832481,0.2872580732373596,11.329468843638734,75.0,28.0,47.0,37.333333333333336,2892.0400000000004,2688.1299999999997,203.91000000000076,384.29,0.0,0.0,4.387142343550003,1.4077137546468401,1.2409952105326905,4.674619369540746,38.0,17.0,21.0,44.73684210526316,1514.7,1076.0,438.70000000000005,190.78,0.0,0.0,0.21042363433667788,,,,,,,
1a_broad,281,0.2040747781203326,True,100,21,59.0,44.0,15,15,3.3000000000000003,8,28,1.6,3.4000000000000004,1.0,0.015,0.5,19.766849639599858,1.4125370181381052,1.3613198363208137,8.505900740829544,110.0,34.0,76.0,30.90909090909091,6768.27,4791.57,1976.7000000000007,594.17,0.0,0.0,9.909039571749945,1.5676039476925017,1.4128030233175033,5.469174294643401,49.0,16.0,33.0,32.6530612244898,2736.77,1745.83,990.94,259.61,0.0,0.0,,0.029727118715249832,0.14190098692312542,-0.0,0.041880341880341884,0.019766849639599862,0.02062685090690526,-0.04982736994488967
1a_broad,282,-0.029750283334281792,True,93,21,58.0,40.0,16,16,3.5,9,25,1.5,2.0,1.0,0.015,0.5,8.326856540149983,1.153332940478865,0.6893507617968917,9.163563286276764,139.0,52.0,87.0,37.410071942446045,6262.99,5430.34,832.6499999999996,730.7,0.0,2.0,1.1629004400999656,1.06114701258275,0.29165440655259955,4.5800263630681215,57.0,22.0,35.0,38.59649122807018,2018.1,1901.81,116.28999999999996,282.08,0.0,0.0,,0.0034887013202998967,0.015286753145687504,-0.0,0.04871794871794872,0.008326856540149983,0.007666647023943252,-0.11323719008231115
1a_broad,283,0.26928054996363493,True,91,21,59.0,42.0,13,15,3.4000000000000004,10,29,1.4,2.2,1.0,0.015,0.5,18.53350153124993,1.2784683459668997,1.2266039966274425,7.013504168137789,159.0,60.0,99.0,37.735849056603776,8508.91,6655.55,1853.3599999999997,882.56,0.0,2.0,13.573302609999955,1.6446306111206095,2.5118596220503258,4.733671613684257,68.0,30.0,38.0,44.11764705882353,3463.0,2105.64,1357.3600000000001,359.81,0.0,0.0,,0.04071990782999986,0.16115765278015237,-0.0,0.05811965811965813,0.01853350153124993,0.013923417298344988,-0.023173587595770342
1a_broad,284,-1.0113710869140087,False,88,20,58.0,39.0,15,16,3.2,19,30,1.5,2.3,1.0,0.015,0.5,-1.6944470202000776,0.9598945352902054,-0.12840034145783855,18.151114781353765,100.0,33.0,67.0,33.0,4055.6600000000003,4225.110000000001,-169.45000000000027,506.12,0.0,1.0,8.797056498049988,1.8098297876257723,2.0020922808172563,4.192468490341157,37.0,18.0,19.0,48.648648648648646,1966.0,1086.29,879.71,189.67,0.0,0.0,0.0682265214840521,,,,,,,
1a_broad,285,-1.0036231884057971,False,93,21,59.0,43.0,14,18,3.3000000000000003,9,31,1.6,2.3,1.0,0.015,0.5,3.507378651699837,1.0948553532938665,0.3842994039125923,10.861702785226958,90.0,30.0,60.0,33.333333333333336,4048.37,3697.6300000000006,350.7399999999993,458.39,0.0,0.0,13.449834000899955,2.131147816726098,3.016318661996223,4.000543850468869,41.0,21.0,20.0,51.21951219512195,2534.0199999999995,1189.04,1344.9799999999996,218.56,0.0,0.0,0.021739130434782594,,,,,,,
1a_broad,286,-1.0020309524270001,False,83,21,59.0,42.0,16,15,3.1,4,26,1.5,2.2,1.0,0.015,0.5,-1.2185714562001158,0.9744235056064683,-0.055781578792440306,11.225094119409455,128.0,41.0,87.0,32.03125,4642.289999999999,4764.139999999999,-121.85000000000036,635.15,0.0,1.0,8.84162499705002,1.525860325692602,2.024434839396246,3.4854606233159293,60.0,25.0,35.0,41.666666666666664,2565.49,1681.3400000000001,884.1499999999996,312.67,0.0,1.0,0.012185714562001158,,,,,,,
1a_broad,287,0.12930883223703699,True,98,20,58.0,43.0,14,16,3.4000000000000004,7,27,1.5,2.3,1.0,0.015,0.5,9.77108096230002,1.2265242297999994,0.919987097156759,6.369288242413179,111.0,40.0,71.0,36.03603603603604,5290.6,4313.490000000001,977.1099999999997,600.28,0.0,1.0,5.45463839844997,1.366548401403056,1.335402530909152,4.43044289204754,50.0,20.0,30.0,40.0,2033.67,1488.18,545.49,253.27,0.0,0.0,,0.01636391519534991,0.091637100350764,-0.0,0.042735042735042736,0.00977108096230002,0.011326211489999972,-0.04252451849641964
1a_broad,288,-1.0042606745730835,False,79,21,60.0,40.0,15,14,3.6,8,28,1.6,2.1,1.0,0.015,0.5,-2.556404743850144,0.9658573788906654,-0.11037403762965546,14.466236907546378,177.0,64.0,113.0,36.15819209039548,7231.21,7486.83,-255.6199999999999,844.71,0.0,2.0,14.473546765850006,1.4745747150558086,2.210463234918859,6.576704008754213,91.0,38.0,53.0,41.75824175824176,4497.040000000001,3049.7200000000003,1447.3200000000006,484.43,0.0,2.0,0.02556404743850144,,,,,,,
1a_broad,289,0.32532127361792545,True,87,21,59.0,39.0,14,15,3.4000000000000004,10,29,1.5,2.3,1.0,0.015,0.5,11.558297100600067,1.1855375542353754,0.8301179177670646,12.471844598325383,148.0,57.0,91.0,38.513513513513516,7385.650000000001,6229.790000000001,1155.8599999999997,784.16,0.0,2.0,17.674123156650058,1.9057421784918138,3.1439316858704007,4.67578305843369,66.0,30.0,36.0,45.45454545454545,3718.770000000001,1951.35,1767.420000000001,359.82,0.0,0.0,,0.05302236946995017,0.22643554462295346,-0.0,0.05641025641025641,0.011558297100600067,0.009276877711768772,-0.03138207169760344
1a_broad,290,0.18373201013161997,True,86,20,60.0,39.0,14,15,3.5,9,29,1.4,2.2,1.0,0.015,0.5,10.482142927849946,1.1367930499421224,0.7183707195901882,9.1597345078918,178.0,67.0,111.0,37.640449438202246,8710.870000000003,7662.669999999999,1048.2000000000035,949.21,0.0,2.0,8.956991119250015,1.3454025891889598,1.5526612777226558,4.755760086558088,76.0,30.0,46.0,39.473684210526315,3488.75,2593.09,895.6599999999999,396.58,0.0,0.0,,0.02687097335775004,0.08635064729723996,-0.0,0.06495726495726496,0.010482142927849946,0.006839652497106119,-0.011768670905591047
1a_broad,291,-2.0,False,83,21,59.0,40.0,13,17,1.3,8,30,1.5,2.3,1.0,0.015,0.5,,,,,,,,,,,,,,,,,,,,,,,,,,,,,6.0,,,,,,,
1a_broad,292,0.3376973593713566,True,95,21,58.0,39.0,14,16,3.4000000000000004,11,31,1.5,2.3,1.0,0.015,0.5,12.877341251749929,1.266122332576969,1.0837889695518321,11.816407890301148,115.0,44.0,71.0,38.26086956521739,6126.69,4838.9400000000005,1287.749999999999,617.26,0.0,2.0,14.333243488649988,1.9215442972868715,2.907058805680927,3.999641502351029,54.0,26.0,28.0,48.148148148148145,2988.77,1555.4,1433.37,287.27,0.0,0.0,,0.042999730465949966,0.23038607432171787,-0.0,0.046153846153846156,0.01287734125174993,0.013306116628848452,-0.0080257494507558
1a_broad,293,-1.0054347826086956,False,100,20,57.0,39.0,14,17,3.5,11,31,1.5,2.3,1.0,0.015,0.5,2.0392283148999377,1.0576434867665934,0.26176882680840546,6.946336941117851,89.0,31.0,58.0,34.831460674157306,3741.1599999999994,3537.2599999999993,203.9000000000001,467.57,0.0,2.0,8.747875787649972,1.7280822943888678,2.1635160052847247,3.999641502351029,42.0,20.0,22.0,47.61904761904762,2076.36,1201.54,874.8200000000002,218.19,0.0,0.0,0.03260869565217395,,,,,,,
1a_broad,294,0.2737741521059032,True,95,21,58.0,39.0,14,16,3.4000000000000004,9,29,1.4,2.3,1.0,0.015,0.5,16.998648469799917,1.3187112354410255,1.277619740865082,8.689532559824586,130.0,49.0,81.0,37.69230769230769,7033.32,5333.48,1699.8400000000001,714.08,0.0,2.0,12.239962598199945,1.7192605128928378,2.487007982922852,4.5800263630681215,57.0,26.0,31.0,45.6140350877193,2925.7,1701.72,1223.9799999999998,297.68,0.0,0.0,,0.03671988779459984,0.17981512822320944,-0.0,0.04871794871794872,0.01699864846979992,0.015935561772051278,-0.024413022871705967
1a_broad,295,-1.0054347826086956,False,97,21,56.0,39.0,13,16,3.5,11,28,1.5,2.4000000000000004,1.0,0.015,0.5,4.214816625849963,1.1170134203965596,0.43185572891595714,6.0816204156973095,89.0,30.0,59.0,33.70786516853933,4023.46,3601.98,421.48,467.31,0.0,2.0,6.100280584549946,1.3702402194627532,1.3951243251024819,4.562676146285029,53.0,22.0,31.0,41.509433962264154,2257.6900000000005,1647.6600000000003,610.0300000000002,269.86,0.0,0.0,0.03260869565217395,,,,,,,
1a_broad,296,0.16326778332992728,True,94,21,58.0,44.0,14,13,3.4000000000000004,8,39,1.5,2.3,1.0,0.015,0.5,25.331894450700077,1.4054969945814422,1.7217123584304577,7.875968976571548,149.0,60.0,89.0,40.26845637583892,8780.21,6247.05,2533.159999999999,839.57,0.0,1.0,9.043021493550023,1.4173836382770526,1.7527623888715567,3.999641502351029,67.0,27.0,40.0,40.298507462686565,3070.79,2166.52,904.27,348.91,0.0,1.0,,0.027129064480650073,0.10434590956926315,-0.0,0.05726495726495726,0.02533189445070008,0.02027484972907211,-0.07107889216471538
1a_broad,297,0.24188314815512607,True,102,20,58.0,38.0,14,17,3.4000000000000004,9,31,1.5,2.4000000000000004,1.0,0.015,0.5,14.577234975549983,1.394056285259382,1.4614545905958942,4.729655231446029,98.0,38.0,60.0,38.775510204081634,5157.13,3699.37,1457.7600000000002,542.03,0.0,2.0,8.88337519470002,1.7258413746333412,2.149843878479418,3.472305953675017,42.0,19.0,23.0,45.23809523809524,2112.24,1223.8899999999999,888.3499999999999,220.15,0.0,0.0,,0.02665012558410006,0.1814603436583353,-0.0,0.0358974358974359,0.014577234975549982,0.019702814262969104,-0.036404806223264266
1a_broad,298,0.12067651364395507,True,91,21,71.0,43.0,14,16,3.6,9,28,1.4,2.3,1.0,0.015,0.5,4.692299900149865,1.0516430736450064,0.3263940212401436,17.888644283466817,191.0,66.0,125.0,34.55497382198953,9555.25,9086.019999999999,469.2300000000014,982.99,0.0,2.0,6.440707097700052,1.1799497640474867,0.9335057099640426,7.484887255719635,85.0,30.0,55.0,35.294117647058826,4223.17,3579.11,644.06,431.48,0.0,1.0,,0.019322121293100156,0.04498744101187169,-0.0,0.07264957264957266,0.004692299900149865,0.002582153682250321,-0.02355707489298962
1a_broad,299,0.2785615498149592,True,86,20,59.0,39.0,14,14,3.4000000000000004,8,29,1.5,2.4000000000000004,1.0,0.015,0.5,11.493500659649872,1.1765345572005879,0.8130092308604784,11.964649082809292,154.0,58.0,96.0,37.66233766233766,7659.839999999999,6510.51,1149.329999999999,801.75,0.0,2.0,14.57726580749999,1.6965301071261334,2.5883885437051855,4.675530916582116,68.0,29.0,39.0,42.64705882352941,3550.6,2092.86,1457.7399999999998,366.06,0.0,0.0,,0.04373179742249997,0.17413252678153335,-0.0,0.05811965811965813,0.011493500659649873,0.008826727860029393,-0.017742661028411516
1a_broad,300,0.18667831995711318,True,96,21,60.0,40.0,13,16,3.3000000000000003,7,27,1.5,2.2,1.0,0.015,0.5,5.2810506943499425,1.0919321540598597,0.427257792676366,10.485340767862152,136.0,48.0,88.0,35.294117647058826,6272.91,5744.78,528.1300000000001,692.52,0.0,1.0,11.438291150950045,1.5789396431734783,2.1931853226360594,3.9997063297688964,62.0,27.0,35.0,43.54838709677419,3119.5899999999997,1975.75,1143.8399999999997,326.8,0.0,0.0,,0.034314873452850135,0.1447349107933696,-0.0,0.052991452991453,0.005281050694349943,0.004596607702992983,-0.05524057567790246
1a_broad,301,0.09941232847261613,True,93,21,58.0,42.0,14,14,3.3000000000000003,9,28,1.4,2.1,1.0,0.015,0.5,21.276684630000002,1.356894726866195,1.4790724927930898,7.855342100478511,158.0,65.0,93.0,41.139240506329116,8089.4400000000005,5961.73,2127.710000000001,860.2,0.0,2.0,5.788461277650003,1.2996717712960375,1.2538176125929026,5.309489078137654,63.0,27.0,36.0,42.857142857142854,2510.42,1931.58,578.8400000000001,320.88,0.0,0.0,,0.01736538383295001,0.07491794282400938,-0.0,0.05384615384615385,0.02127668463,0.017844736343309752,-0.08583857300380686
1a_broad,302,0.023513950670647116,True,81,21,57.0,37.0,16,16,3.4000000000000004,9,30,1.5,2.3,1.0,0.015,0.5,0.3363386890500078,1.0080668526344776,0.0714814720965712,10.40386241018577,111.0,41.0,70.0,36.93693693693694,4210.04,4176.349999999999,33.69000000000051,570.07,0.0,0.0,6.020859642949963,1.3809996899303292,1.4252543786076177,4.765161034762108,51.0,21.0,30.0,41.1764705882353,2182.38,1580.2900000000002,602.0899999999999,263.27,0.0,1.0,,0.01806257892884989,0.0952499224825823,-0.0,0.043589743589743594,0.00033633868905000785,0.00040334263172387975,-0.13412797565130255
1a_broad,303,0.34889701106546533,True,92,20,59.0,39.0,14,15,3.3000000000000003,9,29,1.5,2.4000000000000004,1.0,0.015,0.5,12.510725978549944,1.2292783406912202,0.9436888837247589,12.157037805714896,132.0,48.0,84.0,36.36363636363637,6707.84,5456.729999999999,1251.1100000000015,701.18,0.0,1.0,17.209217562499997,2.126730961874644,3.398268196603457,4.000391049806216,55.0,26.0,29.0,47.27272727272727,3248.2200000000003,1527.33,1720.8900000000003,300.48,0.0,0.0,,0.05162765268749999,0.25,-0.0,0.04700854700854701,0.012510725978549945,0.01146391703456101,-0.023713831643692614
1a_broad,304,-1.003060004820988,False,27,20,60.0,39.0,14,15,3.5,9,29,1.4,2.5,1.0,0.015,0.5,18.073805641699785,1.1517019444318544,1.026109371187569,10.920196788984553,264.0,90.0,174.0,34.09090909090909,13721.4,11914.019999999999,1807.380000000001,1532.85,0.0,2.0,1.379297659949898,1.0307219696277763,0.2505733158292309,11.937312119294935,121.0,40.0,81.0,33.05785123966942,4626.879999999999,4488.97,137.90999999999894,584.74,0.0,4.0,0.018360028925927384,,,,,,,
1a_broad,305,0.21416593396655328,True,92,20,58.0,38.0,14,15,3.4000000000000004,12,29,1.5,2.3,1.0,0.015,0.5,11.278681039649964,1.2344176089125376,0.9433022521039804,6.477500007464844,118.0,45.0,73.0,38.13559322033898,5939.030000000001,4811.2,1127.8300000000008,637.72,0.0,2.0,8.516288696799966,1.5786787888671452,1.9050677637858124,4.005010038430715,49.0,22.0,27.0,44.89795918367347,2323.31,1471.6799999999998,851.6300000000001,253.13,0.0,0.0,,0.025548866090399896,0.1446696972167863,-0.0,0.041880341880341884,0.011278681039649964,0.01172088044562688,-0.020932532706251644
1a_broad,306,0.2408866556981817,True,97,19,61.0,39.0,14,17,3.3000000000000003,8,31,1.5,2.2,1.0,0.015,0.5,5.663912332300024,1.1254949315903173,0.5294480987429687,12.967355669594275,111.0,42.0,69.0,37.83783783783784,5079.64,4513.250000000001,566.3899999999994,574.55,0.0,1.0,13.039604068599983,1.8113100719245412,2.575216366594625,3.999641502351029,54.0,27.0,27.0,50.0,2911.21,1607.2400000000002,1303.9699999999998,286.88,0.0,0.0,,0.03911881220579995,0.2028275179811353,-0.0,0.046153846153846156,0.005663912332300024,0.006274746579515867,-0.059152179554415575
1a_broad,307,0.2630016876969951,True,94,20,59.0,40.0,13,16,3.5,8,30,1.5,2.6,1.0,0.015,0.5,8.668250042449944,1.143638984623542,0.663331761860855,10.592254460789166,135.0,46.0,89.0,34.074074074074076,6902.090000000001,6035.200000000001,866.8900000000003,712.81,0.0,2.0,14.831299553100033,1.7526032151991233,2.646203922756564,4.871537290158756,63.0,26.0,37.0,41.26984126984127,3453.7499999999995,1970.6399999999996,1483.11,336.63,0.0,0.0,,0.0444938986593001,0.18815080379978083,-0.0,0.05384615384615385,0.008668250042449945,0.007181949231177098,-0.03933936788186673
1a_broad,308,0.2978516849640537,True,90,20,60.0,38.0,14,16,3.2,9,27,1.5,2.4000000000000004,1.0,0.015,0.5,9.324932900049898,1.1839688436520321,0.6889261221514001,14.524289076889549,117.0,39.0,78.0,33.333333333333336,6001.1,5068.630000000001,932.4699999999993,612.98,0.0,1.0,14.854306707200013,1.8950745980862396,2.923017742091737,4.0006669507813815,53.0,24.0,29.0,45.283018867924525,3144.99,1659.56,1485.4299999999998,285.81,0.0,0.0,,0.044562920121600035,0.2237686495215599,-0.0,0.045299145299145305,0.009324932900049899,0.009198442182601607,-0.03430240506090307
1a_broad,309,0.15475966183363757,True,99,19,77.0,39.0,14,15,3.4000000000000004,9,30,1.4,2.4000000000000004,1.0,0.015,0.5,8.21718214474995,1.1026072602727752,0.5414781655184703,15.234901925259727,176.0,61.0,115.0,34.65909090909091,8830.55,8008.79,821.7599999999993,929.11,0.0,2.0,7.480300097399977,1.2271274027878567,1.1037462358714583,6.520904020850874,81.0,29.0,52.0,35.80246913580247,4041.6300000000006,3293.5699999999997,748.0600000000009,413.82,0.0,0.0,,0.022440900292199927,0.056781850696964176,-0.0,0.06923076923076923,0.00821718214474995,0.005130363013638762,-0.007041403544684468
1a_broad,310,-1.0437480159803987,False,87,20,57.0,39.0,15,19,3.3000000000000003,9,28,1.5,2.3,1.0,0.015,0.5,-0.16185306650000714,0.9938856769051014,0.01021438314041046,8.112189405141057,68.0,24.0,44.0,35.294117647058826,2628.44,2644.6099999999997,-16.169999999999618,346.59,0.0,1.0,7.509282094249975,1.6760262873604603,1.9599281714849939,4.674466038012222,41.0,19.0,22.0,46.34146341463415,1861.73,1110.8000000000004,750.9299999999996,209.84,0.0,0.0,0.2624880958823914,,,,,,,
1a_broad,311,0.2804265588783408,True,91,21,59.0,40.0,14,15,3.5,9,29,1.5,2.2,1.0,0.015,0.5,8.0792271905499,1.1226720875190341,0.6067066893924272,11.160715680864778,154.0,56.0,98.0,36.36363636363637,7394.94,6586.909999999999,808.0300000000007,808.7,0.0,2.0,16.240099227150022,1.8456755729364651,2.9936186333373613,4.000496892219307,66.0,30.0,36.0,45.45454545454545,3544.3799999999997,1920.3700000000001,1624.0099999999995,359.71999999999997,0.0,0.0,,0.048720297681450066,0.21141889323411628,-0.0,0.05641025641025641,0.008079227190549902,0.006133604375951707,-0.0503357200139836
1a_broad,312,0.2490447067828688,True,95,21,59.0,43.0,13,15,3.2,8,28,1.4,2.5,1.0,0.015,0.5,15.088386430199899,1.2760765270087793,1.04187639026812,10.857232949890335,133.0,47.0,86.0,35.338345864661655,6974.09,5465.259999999999,1508.8300000000008,726.35,0.0,0.0,11.73006918805002,1.6064366033346256,2.2098569521894005,5.6306961772328314,61.0,24.0,37.0,39.34426229508197,3107.25,1934.2500000000002,1172.9999999999998,319.7,0.0,0.0,,0.03519020756415006,0.1516091508336564,-0.0,0.052136752136752146,0.015088386430199899,0.013803826350438964,-0.018783616532328663
1a_broad,313,-0.016564097786303567,True,87,20,58.0,38.0,15,16,3.4000000000000004,9,27,1.3,2.3,1.0,0.015,0.5,9.280988888199953,1.1547713551916214,0.7804667628008042,10.44726004410181,148.0,53.0,95.0,35.810810810810814,6924.240000000002,5996.200000000001,928.0400000000009,802.41,0.0,2.0,1.473953473349993,1.0715533980582523,0.3670176439285949,4.403310285914871,62.0,22.0,40.0,35.483870967741936,2207.3999999999996,2060.0,147.39999999999964,310.59,0.0,0.0,,0.004421860420049979,0.017888349514563084,-0.0,0.052991452991453,0.009280988888199953,0.0077385677595810725,-0.10888531736015065
1a_broad,314,0.19918169042399558,True,92,21,75.0,44.0,14,15,3.3000000000000003,8,31,1.5,2.2,1.0,0.015,0.5,6.113213976699772,1.0868912579957355,0.46644989790195085,16.536316169252807,157.0,61.0,96.0,38.853503184713375,7646.28,7035.0,611.2799999999997,803.7,0.0,0.0,14.950826987250021,1.5947426416475392,2.269647898038652,5.111299259956252,68.0,30.0,38.0,44.11764705882353,4008.8800000000006,2513.81,1495.0700000000006,369.71,0.0,0.0,,0.04485248096175006,0.1486856604118848,-0.0,0.05811965811965813,0.006113213976699772,0.004344562899786775,-0.06293388594578396
1a_broad,315,-1.0054242309249168,False,73,21,61.0,41.0,15,16,3.4000000000000004,9,29,1.5,2.1,1.0,0.015,0.5,-3.2545385549501584,0.9543821632660497,-0.16905499931324022,15.240919975047257,168.0,58.0,110.0,34.523809523809526,6809.03,7134.490000000001,-325.46000000000095,828.12,0.0,1.0,9.498842043849981,1.3582001184132624,1.5987799016194173,4.765105099247885,72.0,28.0,44.0,38.888888888888886,3601.5800000000004,2651.73,949.8500000000004,378.01,0.0,1.0,0.032545385549501586,,,,,,,
1a_broad,316,-1.0019422873852502,False,89,20,59.0,39.0,14,18,3.3000000000000003,9,30,1.5,2.3,1.0,0.015,0.5,-1.1653724311500264,0.9734044373857622,-0.06265637296002699,15.11445310556361,104.0,34.0,70.0,32.69230769230769,4265.76,4382.31,-116.55000000000018,520.88,0.0,1.0,15.25235659934995,2.2162946659968266,3.2979583885641883,4.000543850468869,46.0,24.0,22.0,52.17391304347826,2779.3,1254.03,1525.2700000000002,247.03,0.0,0.0,0.011653724311500264,,,,,,,
1a_broad,317,0.12497118879048287,True,97,21,60.0,38.0,15,17,3.2,9,28,1.4,2.4000000000000004,1.0,0.015,0.5,1.5938061843499416,1.0352105675881644,0.17499163977177332,17.506910656096895,108.0,34.0,74.0,31.48148148148148,4686.45,4527.05,159.39999999999964,543.77,0.0,1.0,11.422322463050042,1.6075894828108959,2.2133999439014174,4.5800263630681215,57.0,25.0,32.0,43.85964912280702,3022.22,1879.97,1142.2499999999998,298.41,0.0,0.0,,0.034266967389150124,0.15189737070272397,-0.0,0.04871794871794872,0.0015938061843499417,0.0017605283794082218,-0.1132654325830981
1a_broad,318,0.185987085327286,True,93,21,58.0,43.0,15,15,3.3000000000000003,8,26,1.5,2.5,1.0,0.015,0.5,17.079142843499866,1.329753609169037,1.1724242547651798,7.124189169575554,125.0,46.0,79.0,36.8,6887.0199999999995,5179.169999999999,1707.8500000000004,690.29,0.0,0.0,8.65926760260001,1.5242716683215076,1.847466741252255,4.480417946924343,52.0,21.0,31.0,40.38461538461539,2517.6700000000005,1651.72,865.9500000000005,267.95,0.0,0.0,,0.025977802807800033,0.1310679170803769,-0.0,0.044444444444444446,0.01707914284349987,0.016487680458451847,-0.04906990230728709
1a_broad,319,-1.1725069688743517,False,85,8,59.0,41.0,14,16,3.6,11,27,1.6,2.6,1.0,0.015,0.5,-6.653568169650007,0.6008087498575089,-1.1951929197110231,6.653568169650007,43.0,13.0,30.0,30.232558139534884,1001.4100000000001,1666.77,-665.3599999999999,207.43,0.0,2.0,1.229826938050046,1.2026826615693902,0.5270334108188742,3.270870007976675,22.0,8.0,14.0,36.36363636363637,729.86,606.8599999999999,123.00000000000011,110.63,0.0,0.0,1.0350418132461099,,,,,,,
1a_broad,320,0.2475545675473334,True,89,21,60.0,40.0,15,15,3.4000000000000004,9,29,1.5,2.4000000000000004,1.0,0.015,0.5,5.158464727649843,1.0723272997490292,0.38801492124386244,17.304750813955884,162.0,58.0,104.0,35.80246913580247,7648.16,7132.299999999999,515.8600000000006,822.89,0.0,2.0,18.266452138899986,1.8460252325021307,2.960857276546368,4.000391049806216,66.0,29.0,37.0,43.93939393939394,3985.7900000000004,2159.12,1826.6700000000005,359.92,0.0,0.0,,0.05479935641669995,0.21150630812553267,-0.0,0.05641025641025641,0.005158464727649844,0.0036163649874514595,-0.08393618312025693
1a_broad,321,0.3592770495062653,True,94,20,59.0,43.0,14,14,3.3000000000000003,10,31,1.5,2.2,1.0,0.015,0.5,17.06528481729978,1.3003338666047155,1.27219269837291,10.992394397694945,144.0,59.0,85.0,40.97222222222222,7388.379999999999,5681.91,1706.4699999999993,763.73,0.0,1.0,16.31388289920007,1.904298130861844,3.0936892410839154,4.000496892219307,65.0,30.0,35.0,46.15384615384615,3435.4300000000007,1804.0399999999997,1631.390000000001,354.3,0.0,0.0,,0.04894164869760021,0.22607453271546102,-0.0,0.05555555555555556,0.01706528481729978,0.015016693330235776,-0.0033766656098870302
1a_broad,322,-1.044991307947685,False,95,20,57.0,43.0,15,14,3.2,7,32,1.7000000000000002,2.2,1.0,0.015,0.5,-3.081741290350128,0.8837869635059615,-0.39334420112839025,8.498403467419175,70.0,24.0,46.0,34.285714285714285,2343.75,2651.9400000000005,-308.1900000000005,346.53,0.0,0.0,4.030007807599995,1.3179863494693653,1.1001964228208958,4.0142478660971905,44.0,18.0,26.0,40.90909090909091,1670.3500000000001,1267.35,403.0000000000002,222.53,0.0,0.0,0.2699478476861099,,,,,,,
1a_broad,323,0.029327177483669455,True,99,20,58.0,43.0,14,13,3.3000000000000003,8,33,1.4,2.1,1.0,0.015,0.5,10.537572753599834,1.1889645451627309,0.8940103403172412,6.184081226505668,152.0,59.0,93.0,38.81578947368421,6630.13,5576.389999999999,1053.7400000000007,810.02,0.0,1.0,2.732265555250015,1.1489507858883568,0.6677085347749085,3.999641502351029,61.0,24.0,37.0,39.34426229508197,2107.44,1834.2299999999996,273.2100000000005,308.15999999999997,0.0,1.0,,0.008196796665750045,0.03723769647208919,-0.0,0.052136752136752146,0.010537572753599836,0.009448227258136543,-0.0882298678026583
1a_broad,324,-2.0,False,101,20,60.0,42.0,13,14,1.8,9,32,1.6,2.2,1.0,0.015,0.5,-0.5064453983999919,0.0,-0.8721809098972949,0.5638387359694388,1.0,0.0,1.0,0.0,0.0,50.64,-50.64,4.98,0.0,0.0,,,,,,,,,,,,,,,6.0,,,,,,,
1a_broad,325,0.09966453541503036,True,94,19,59.0,42.0,14,14,3.0,9,31,1.5,2.0,1.0,0.015,0.5,2.1671204916499662,1.0584496140755884,0.2622549361789268,9.127684302764411,98.0,38.0,60.0,38.775510204081634,3924.71,3707.98,216.73000000000002,504.71,0.0,0.0,4.445418361150004,1.394927825893849,1.2036729815230742,3.2420450787525237,40.0,18.0,22.0,45.0,1570.3400000000001,1125.7499999999998,444.5900000000004,205.29,0.0,0.0,,0.01333625508345001,0.09873195647346222,-0.0,0.03418803418803419,0.0021671204916499666,0.002922480703779418,-0.051681311525345455
1a_broad,326,0.24506149030361496,True,91,20,58.0,43.0,15,14,3.3000000000000003,8,31,1.5,2.2,1.0,0.015,0.5,8.545048379049895,1.184841791935899,0.8041275842176503,7.777113369208226,122.0,48.0,74.0,39.34426229508197,5477.179999999999,4622.71,854.4699999999993,633.14,0.0,1.0,9.402483739249947,1.6368981494025523,2.1745990917313502,3.999641502351029,55.0,26.0,29.0,47.27272727272727,2416.52,1476.28,940.24,287.97,0.0,0.0,,0.028207451217749837,0.15922453735063807,-0.0,0.04700854700854701,0.008545048379049895,0.009242089596794945,-0.007166183249164811
1a_broad,327,0.11551728441933978,True,96,20,59.0,44.0,15,17,3.2,10,30,1.4,2.3,1.0,0.015,0.5,1.262879410249898,1.0322318837620625,0.15813553433254676,16.757297886667114,99.0,32.0,67.0,32.323232323232325,4044.46,3918.1699999999996,126.29000000000042,500.96999999999997,0.0,0.0,9.793244218499986,1.621624023307331,2.1709574020303033,3.9999088972647625,51.0,23.0,28.0,45.09803921568628,2554.8200000000006,1575.47,979.3500000000006,265.04,0.0,0.0,,0.029379732655499955,0.15540600582683273,-0.0,0.043589743589743594,0.001262879410249898,0.001611594188103127,-0.11573267125108952
1a_broad,328,-1.006329220216917,False,92,21,80.0,44.0,14,16,3.1,9,27,1.5,2.4000000000000004,1.0,0.015,0.5,-3.7975321301501572,0.9310947300050617,-0.2298463917523001,22.15890649327171,121.0,37.0,84.0,30.578512396694215,5131.979999999999,5511.7699999999995,-379.7900000000009,579.75,0.0,0.0,14.12854088025004,1.726334729969411,2.6651445748226577,4.0006669507813815,56.0,24.0,32.0,42.857142857142854,3357.98,1945.15,1412.83,302.14,0.0,0.0,0.03797532130150157,,,,,,,
1a_broad,329,0.26438339546898443,True,103,21,61.0,42.0,15,16,3.3000000000000003,10,28,1.6,2.3,1.0,0.015,0.5,11.730829535499797,1.238156433541021,0.8853329001517328,10.197157562621033,123.0,45.0,78.0,36.58536585365854,6098.750000000001,4925.67,1173.0800000000008,637.0,0.0,1.0,12.348655127449966,1.6318991720481832,2.3552799136341007,4.213100567660018,58.0,24.0,34.0,41.37931034482759,3189.09,1954.2199999999998,1234.8700000000003,309.46999999999997,0.0,0.0,,0.037045965382349895,0.1579747930120458,-0.0,0.04957264957264958,0.011730829535499797,0.011907821677051046,-0.003848663710611681
1a_broad,330,0.33045141397959293,True,98,20,60.0,41.0,17,14,3.5,8,31,1.5,2.5,1.0,0.015,0.5,19.714235865049957,1.299818563687492,1.3079764961030602,9.96433909886992,153.0,58.0,95.0,37.908496732026144,8546.710000000001,6575.309999999999,1971.4000000000024,832.37,0.0,2.0,17.64405265345007,1.7583510985799264,2.7947628761741647,4.117879278102537,72.0,30.0,42.0,41.666666666666664,4091.0500000000006,2326.6400000000003,1764.4100000000003,392.47,0.0,0.0,,0.05293215796035021,0.1895877746449816,-0.0,0.06153846153846154,0.01971423586504996,0.014990928184374598,-0.008312144213624988
1a_broad,331,0.23027739450573836,True,99,21,61.0,41.0,17,14,3.2,8,31,1.5,2.5,1.0,0.015,0.5,6.011280374099842,1.0957916745017675,0.47473028241263726,15.376990780895259,146.0,54.0,92.0,36.986301369863014,6876.290000000002,6275.18,601.1100000000015,755.04,0.0,1.0,17.086523627550033,1.7212476044946856,2.69757174373995,4.071714047918077,70.0,28.0,42.0,40.0,4077.67,2369.02,1708.65,386.16,0.0,0.0,,0.051259570882650096,0.1803119011236714,-0.0,0.05982905982905983,0.006011280374099842,0.004789583725088376,-0.0719240014288312
1a_broad,332,0.2528365647386888,True,97,19,60.0,41.0,16,13,3.4000000000000004,7,33,1.4,2.6,1.0,0.015,0.5,10.800833304299848,1.1546513825571008,0.7379826430137039,9.638572004753119,171.0,58.0,113.0,33.91812865497076,8064.27,6984.16,1080.1100000000006,874.89,0.0,1.0,13.932817342149976,1.586166855988893,2.352443772272889,3.999641502351029,76.0,28.0,48.0,36.8421052631579,3770.1600000000003,2376.9,1393.2600000000002,406.32,0.0,1.0,,0.041798452026449925,0.14654171399722327,-0.0,0.06495726495726496,0.010800833304299848,0.007732569127855038,-0.018994268674404204
1a_broad,333,-1.086073950204385,False,102,20,60.0,42.0,16,14,2.7,8,32,1.6,2.5,1.0,0.015,0.5,3.8760364213999856,1.17848459172208,0.5577698859482764,4.253575519664145,61.0,19.0,42.0,31.147540983606557,2559.15,2171.56,387.59000000000015,309.73,0.0,0.0,3.618734702250058,1.3250983703756942,0.9812570283093717,5.54999808513798,32.0,12.0,20.0,37.5,1475.0200000000002,1113.1399999999999,361.88000000000034,163.59,0.0,0.0,0.51644370122631,,,,,,,
1a_broad,334,0.2239376605191543,True,89,21,60.0,41.0,17,14,3.3000000000000003,12,30,1.2000000000000002,2.2,1.0,0.015,0.5,11.519095845999873,1.1338197280294626,0.7310607132326598,13.516170139068292,205.0,78.0,127.0,38.048780487804876,9759.41,8607.55,1151.8600000000006,1078.82,0.0,2.0,11.631119981600078,1.378547971866833,1.7401073491924943,6.108055693685439,90.0,35.0,55.0,38.888888888888886,4235.63,3072.5299999999997,1163.1000000000004,468.74,0.0,0.0,,0.03489335994480023,0.09463699296670824,-0.0,0.07692307692307693,0.011519095845999874,0.006690986401473132,-0.0007258515629041024
1a_broad,335,0.3758024361069471,True,96,21,59.0,40.0,17,15,3.3000000000000003,8,31,1.5,2.5,1.0,0.015,0.5,17.35462442829992,1.3284068738302812,1.325145783674774,9.48926974747776,127.0,49.0,78.0,38.58267716535433,7019.82,5284.39,1735.4299999999994,703.27,0.0,1.0,17.063713255700005,1.9496132227725527,3.1148847033677387,4.871537290158756,64.0,28.0,36.0,43.75,3503.2599999999998,1796.8999999999999,1706.36,345.8,0.0,0.0,,0.05119113976710001,0.23740330569313817,-0.0,0.05470085470085471,0.017354624428299922,0.01642034369151406,-0.001267832173959779
1a_broad,336,0.2387134626373796,True,99,20,60.0,40.0,17,15,3.4000000000000004,7,31,1.5,2.6,1.0,0.015,0.5,7.392308184200065,1.130788026121866,0.6067219359277325,12.209233808731558,139.0,49.0,90.0,35.25179856115108,6391.18,5651.969999999998,739.2100000000019,715.22,0.0,1.0,14.78194722545002,1.6960544717399595,2.475893756659865,3.999641502351029,66.0,26.0,40.0,39.39393939393939,3601.86,2123.67,1478.19,358.03,0.0,0.0,,0.04434584167635006,0.17401361793498987,-0.0,0.05641025641025641,0.007392308184200065,0.006539401306093296,-0.0499879628745101
1a_broad,337,0.3383321105965602,True,96,21,59.0,40.0,17,15,3.2,8,32,1.7000000000000002,2.6,1.0,0.015,0.5,10.903552653799816,1.2671851683047493,0.9494348046014466,10.949059258948322,92.0,32.0,60.0,34.78260869565217,5171.37,4080.9900000000007,1090.3799999999992,498.73,0.0,1.0,15.973778444550007,2.046707599158634,3.0571430517339473,4.871537290158756,52.0,22.0,30.0,42.30769230769231,3123.4599999999996,1526.09,1597.3699999999997,279.5,0.0,0.0,,0.04792133533365002,0.25,-0.0,0.044444444444444446,0.010903552653799817,0.013359258415237463,-0.028296480250571562
1a_broad,338,-1.0181159420289856,False,101,21,59.0,40.0,17,15,3.1,8,34,1.7000000000000002,2.6,1.0,0.015,0.5,5.559699059299855,1.1664471281366569,0.5848228033973452,12.07355661951366,82.0,26.0,56.0,31.70731707317073,3896.33,3340.3399999999997,555.9900000000002,424.31,0.0,1.0,11.78385336105006,1.8686319172619177,2.432007608518512,3.999641502351029,44.0,17.0,27.0,38.63636363636363,2534.93,1356.5700000000002,1178.3599999999997,233.63,0.0,0.0,0.10869565217391308,,,,,,,
1a_broad,339,0.3299668851003754,True,97,21,59.0,40.0,17,15,3.2,8,32,1.7000000000000002,2.7,1.0,0.015,0.5,13.012479807949932,1.3154268870611563,1.108264359388981,10.671070341802753,92.0,32.0,60.0,34.78260869565217,5426.57,4125.33,1301.2399999999998,503.95,0.0,1.0,14.151683854549937,1.8857157162795652,2.577735870360274,3.999641502351029,51.0,21.0,30.0,41.1764705882353,3012.9400000000005,1597.7699999999998,1415.1700000000008,275.27,0.0,0.0,,0.04245505156364981,0.2214289290698913,-0.0,0.043589743589743594,0.013012479807949931,0.015771344353057815,-0.006290663283917018
1a_broad,340,-1.0036231884057971,False,95,20,60.0,41.0,17,15,3.2,8,35,1.7000000000000002,2.7,1.0,0.015,0.5,9.329676253649941,1.228171900486903,0.8309951987266533,10.3360647029707,90.0,30.0,60.0,33.333333333333336,5022.13,4089.11,933.02,487.54,0.0,1.0,17.052359999650072,2.0126910034622623,2.847178426092724,4.871537290158756,51.0,21.0,30.0,41.1764705882353,3389.11,1683.8700000000001,1705.24,278.91,0.0,0.0,0.021739130434782594,,,,,,,
1a_broad,341,0.28650167144986854,True,98,21,60.0,40.0,17,15,3.5,7,31,1.5,2.6,1.0,0.015,0.5,8.118584275349967,1.1225388612766753,0.6057106879220554,11.510025765096566,156.0,54.0,102.0,34.61538461538461,7437.369999999999,6625.489999999999,811.8800000000001,807.93,0.0,2.0,19.45637607679997,1.862929371327198,3.0098107644256036,3.999641502351029,70.0,29.0,41.0,41.42857142857143,4200.44,2254.75,1945.6899999999996,386.8,0.0,0.0,,0.05836912823039991,0.21573234283179948,-0.0,0.05982905982905983,0.008118584275349968,0.006126943063833767,-0.061674386780574436
1a_broad,342,0.20648402379371786,True,94,21,61.0,40.0,17,15,3.1,8,32,1.4,2.5,1.0,0.015,0.5,2.6268518530000255,1.0456714181674074,0.23611138755802624,17.082313797075482,134.0,43.0,91.0,32.08955223880597,6016.029999999999,5753.2699999999995,262.7599999999993,674.27,0.0,1.0,16.810857264900005,1.830427845262383,2.9340442024320232,4.871537290158756,62.0,26.0,36.0,41.935483870967744,3705.39,2024.33,1681.06,338.87,0.0,0.0,,0.05043257179470001,0.20760696131559575,-0.0,0.052991452991453,0.002626851853000026,0.0022835709083703693,-0.10945738506940131
1a_broad,343,0.3550472686440866,True,96,20,59.0,41.0,17,16,3.2,8,33,1.5,2.5,1.0,0.015,0.5,12.860521940249928,1.3157487699726007,1.1871015737660888,11.939263668227794,102.0,39.0,63.0,38.23529411764706,5359.150000000001,4073.08,1286.0700000000006,552.6,0.0,1.0,15.835983588150048,2.07121452971218,3.097650162693539,4.871537290158756,52.0,24.0,28.0,46.15384615384615,3061.9800000000005,1478.3499999999997,1583.6300000000008,276.82,0.0,0.0,,0.04750795076445014,0.25,-0.0,0.044444444444444446,0.012860521940249928,0.015787438498630037,-0.015553087003687984
1a_broad,344,-1.116879069070753,False,101,20,58.0,41.0,17,16,3.0,8,35,1.7000000000000002,2.5,1.0,0.015,0.5,-2.0951114536001296,0.8996912028725316,-0.2852398744387895,7.2536028811353,53.0,15.0,38.0,28.30188679245283,1879.2300000000002,2088.75,-209.51999999999975,263.43,0.0,1.0,2.4271576242000084,1.262012976497641,0.7734819243683552,3.501543913372192,29.0,10.0,19.0,34.48275862068966,1168.99,926.29,242.70000000000005,146.15,0.0,0.0,0.7012744144245185,,,,,,,
1a_broad,345,-1.0181159420289856,False,96,19,59.0,42.0,17,16,3.1,8,33,1.5,2.6,1.0,0.015,0.5,6.8251042558999515,1.2127038936916834,0.7752921204505012,10.473171393342083,82.0,29.0,53.0,35.36585365853659,3891.2999999999997,3208.7799999999997,682.52,428.32,0.0,0.0,8.668493809599969,1.7589059805114649,2.045432274222635,3.999641502351029,39.0,17.0,22.0,43.58974358974359,2009.04,1142.2099999999998,866.8300000000002,202.26,0.0,0.0,0.10869565217391308,,,,,,,
1a_broad,346,0.32129790551070475,True,97,20,59.0,41.0,17,16,3.2,7,33,1.5,2.5,1.0,0.015,0.5,9.015539351999886,1.2269136193978196,0.8745015522033478,11.252404287358948,101.0,37.0,64.0,36.633663366336634,4874.8099999999995,3973.2300000000005,901.579999999999,535.18,0.0,1.0,15.727687821949948,2.0855961567663828,3.1381575273285502,3.999641502351029,52.0,24.0,28.0,46.15384615384615,3021.5700000000006,1448.7800000000002,1572.7900000000004,278.13,0.0,0.0,,0.04718306346584984,0.25,-0.0,0.044444444444444446,0.009015539351999885,0.011345680969890982,-0.040690822721480405
1a_broad,347,0.23969537591351525,True,103,20,58.0,43.0,17,16,3.2,8,34,1.4,2.6,1.0,0.015,0.5,12.910922402099986,1.3405051005875959,1.3301618781312505,8.328211874401315,101.0,38.0,63.0,37.62376237623762,5082.819999999999,3791.72,1291.099999999999,546.08,0.0,0.0,9.086653491500037,1.6872981415788644,2.022989922502595,3.4704899018856996,43.0,18.0,25.0,41.86046511627907,2230.76,1322.0899999999997,908.6700000000005,224.22,0.0,0.0,,0.02725996047450011,0.1718245353947161,-0.0,0.03675213675213675,0.012910922402099987,0.017025255029379793,-0.026077434139317474
1a_broad,348,0.3064780638412967,True,94,20,59.0,42.0,17,16,3.3000000000000003,8,32,1.5,2.5,1.0,0.015,0.5,9.211682055599994,1.1963875303277745,0.8156398016029486,12.87782839243247,113.0,41.0,72.0,36.283185840707965,5611.5599999999995,4690.42,921.1399999999994,601.41,0.0,0.0,15.426050229799984,1.9177226485811174,2.961868201635743,4.871537290158756,58.0,25.0,33.0,43.10344827586207,3223.5,1680.8999999999999,1542.6000000000001,309.66,0.0,0.0,,0.04627815068939995,0.22943066214527935,-0.0,0.04957264957264958,0.009211682055599994,0.009819376516388723,-0.03783445713802087
1a_broad,349,0.3229047629292244,True,99,20,59.0,41.0,17,16,3.3000000000000003,8,33,1.5,2.6,1.0,0.015,0.5,19.421055260099912,1.4729533926062297,1.6410608440095475,6.744658499872274,102.0,40.0,62.0,39.21568627450981,6048.58,4106.43,1942.1499999999996,568.55,0.0,1.0,14.187599536150028,1.8510704666382727,2.7043875525565952,3.999641502351029,56.0,23.0,33.0,41.07142857142857,3085.7899999999995,1667.03,1418.7599999999995,299.96,0.0,0.0,,0.04256279860845008,0.21276761665956817,-0.0,0.04786324786324787,0.019421055260099913,0.023647669630311487,-0.023357625092453125
1a_broad,350,-1.00455465549525,False,92,19,58.0,43.0,17,14,3.1,7,31,1.5,2.5,1.0,0.015,0.5,-2.732793297150056,0.9241835395809581,-0.2712306961099332,11.50649055908034,97.0,32.0,65.0,32.98969072164948,3331.58,3604.89,-273.30999999999995,476.88,0.0,0.0,6.578049283749969,1.5259660821799517,1.6384338039536022,3.999641502351029,43.0,19.0,24.0,44.18604651162791,1908.48,1250.6699999999998,657.8100000000002,220.75,0.0,0.0,0.02732793297150056,,,,,,,
1a_broad,351,0.34340462485300627,True,95,20,59.0,42.0,18,15,3.2,8,32,1.5,2.4000000000000004,1.0,0.015,0.5,11.49100053744989,1.2396108310084115,1.0047489768215963,12.098731702398418,119.0,44.0,75.0,36.97478991596638,5945.0,4795.86,1149.1400000000003,641.73,0.0,0.0,18.602557870199963,2.199467416324399,3.6583144401809506,4.000391049806216,58.0,27.0,31.0,46.55172413793103,3411.22,1550.93,1860.2899999999997,320.04,0.0,0.0,,0.055807673610599885,0.25,-0.0,0.04957264957264958,0.011491000537449891,0.011980541550420576,-0.03544724041811369
1a_broad,352,0.37460412943081434,True,95,21,58.0,42.0,18,15,3.2,8,34,1.6,2.4000000000000004,1.0,0.015,0.5,17.574388957099945,1.4709986063464837,1.55715665108127,8.302449957967992,93.0,38.0,55.0,40.86021505376344,5488.59,3731.2000000000003,1757.3899999999999,514.98,0.0,1.0,15.749654031100071,2.1285810510626715,3.3420520793339845,3.999641502351029,52.0,24.0,28.0,46.15384615384615,2970.52,1395.5399999999997,1574.9800000000002,280.86,0.0,0.0,,0.04724896209330021,0.25,-0.0,0.044444444444444446,0.017574388957099948,0.023549930317324188,-0.008213596381354486
1a_broad,353,-1.0144927536231885,False,94,21,59.0,42.0,18,15,3.0,7,36,1.6,2.4000000000000004,1.0,0.015,0.5,2.542446826749856,1.0767364014210556,0.3066879956235716,11.644198399263548,84.0,27.0,57.0,32.142857142857146,3567.26,3313.03,254.23000000000002,431.15,0.0,1.0,18.407631363150013,2.6708208149149955,3.995003984518315,3.2415563507624623,41.0,20.0,21.0,48.78048780487805,2942.47,1101.71,1840.7599999999998,225.53,0.0,0.0,0.08695652173913049,,,,,,,
1a_broad,354,-1.2221321150283329,False,91,11,58.0,42.0,18,15,3.1,8,34,1.7000000000000002,2.4000000000000004,1.0,0.015,0.5,-2.0919780471000555,0.8346116136378013,-0.389593580954289,8.912006719183072,35.0,10.0,25.0,28.571428571428573,1055.5500000000002,1264.72,-209.16999999999985,175.64,0.0,0.0,0.2023475760999645,1.053411522307631,0.1270077645113095,3.472171888780521,12.0,5.0,7.0,41.666666666666664,398.78999999999996,378.57000000000005,20.219999999999914,59.49,0.0,0.0,1.3327926901699974,,,,,,,
1a_broad,355,0.10756384031082807,True,95,20,57.0,42.0,18,16,3.2,8,33,1.1,2.4000000000000004,1.0,0.015,0.5,1.8862925650499347,1.0416430301010282,0.20660831027268195,10.828621142404362,124.0,42.0,82.0,33.87096774193548,4719.07,4530.410000000001,188.65999999999894,644.89,0.0,0.0,8.351925850949955,1.4913606974979259,1.9203682438296146,4.303495814551054,59.0,24.0,35.0,40.67796610169491,2535.0,1699.7900000000004,835.2099999999996,302.98,0.0,0.0,,0.025055777552849864,0.12284017437448147,-0.0,0.05042735042735043,0.001886292565049935,0.002082151505051411,-0.09472790611395504
1a_broad,356,0.18500645725874149,True,92,21,59.0,42.0,12,15,3.2,7,35,1.6,2.5,1.0,0.015,0.5,2.909234877649833,1.0665935565405327,0.30127179030533935,14.173083206846352,105.0,35.0,70.0,33.333333333333336,4658.71,4367.84,290.8699999999999,531.74,0.0,1.0,11.788426076300002,1.7719801448535097,2.4005218513820803,4.871537290158756,48.0,19.0,29.0,39.583333333333336,2705.92,1527.0599999999997,1178.8600000000004,254.73,0.0,0.0,,0.0353652782289,0.19299503621337744,-0.0,0.041025641025641026,0.002909234877649833,0.003329677827026634,-0.09061841091385343
1a_broad,357,0.33922055776929455,True,91,21,58.0,43.0,18,15,3.2,8,33,1.6,2.4000000000000004,1.0,0.015,0.5,15.2191640550999,1.4015746992688518,1.3706573447082802,9.002502501370174,95.0,37.0,58.0,38.94736842105263,5311.869999999999,3789.93,1521.9399999999991,518.75,0.0,0.0,13.051520131300057,1.940974600405183,2.864775990491136,3.999641502351029,48.0,22.0,26.0,45.833333333333336,2692.1900000000005,1387.0299999999997,1305.1600000000008,257.25,0.0,0.0,,0.03915456039390017,0.23524365010129578,-0.0,0.041025641025641026,0.015219164055099902,0.02007873496344259,-0.011501192770084894
1a_broad,358,-1.0332590115198812,False,95,20,58.0,43.0,18,16,3.2,8,33,1.6,2.7,1.0,0.015,0.5,9.68549554254987,1.3272094594594595,1.1350839026141457,6.510379157402209,76.0,28.0,48.0,36.8421052631579,3928.54,2960.0,968.54,403.08,0.0,0.0,8.416420284100004,1.7471062349098136,1.8881055675952725,3.999641502351029,38.0,16.0,22.0,42.10526315789474,1968.22,1126.5600000000002,841.6599999999999,196.52,0.0,0.0,0.19955406911928653,,,,,,,
1a_broad,359,-1.0090579710144927,False,91,21,58.0,44.0,18,15,3.1,7,34,1.6,2.4000000000000004,1.0,0.015,0.5,6.1823543313499245,1.181775946884492,0.6615141579313971,12.437715075292727,87.0,31.0,56.0,35.632183908045974,4019.09,3400.8900000000003,618.1999999999998,455.37,0.0,0.0,11.776143861249984,2.049076639377122,2.832099186084823,3.240797264784925,40.0,19.0,21.0,47.5,2300.15,1122.5299999999997,1177.6200000000003,212.75,0.0,0.0,0.05434782608695654,,,,,,,
1a_broad,360,-1.086073950204385,False,94,21,57.0,43.0,18,16,3.2,8,35,1.7000000000000002,2.5,1.0,0.015,0.5,0.3815463440999156,1.0158649010366012,0.08100881084468506,8.34804577661764,61.0,20.0,41.0,32.78688524590164,2444.11,2405.9399999999996,38.17000000000053,313.66,0.0,0.0,8.225587890450024,1.9073720671130574,2.240806188651316,3.999641502351029,32.0,14.0,18.0,43.75,1729.0900000000001,906.5300000000001,822.5600000000001,162.87,0.0,0.0,0.51644370122631,,,,,,,
1a_broad,361,0.36678734135354535,True,97,20,59.0,43.0,18,16,3.3000000000000003,8,34,1.6,2.4000000000000004,1.0,0.015,0.5,14.555712048499863,1.3838567363804888,1.3493072706281883,9.775848623953003,95.0,38.0,57.0,40.0,5247.819999999999,3792.1700000000005,1455.6499999999983,511.96,0.0,0.0,14.116133577800063,1.9941826069808715,3.024072523641145,3.999641502351029,52.0,24.0,28.0,46.15384615384615,2831.5,1419.88,1411.62,275.89,0.0,0.0,,0.04234840073340019,0.24854565174521787,-0.0,0.044444444444444446,0.014555712048499864,0.01919283681902444,-0.00229970443704147
1a_broad,362,-2.0,False,100,20,59.0,43.0,18,16,1.6,8,34,1.6,2.4000000000000004,1.0,0.015,0.5,,,,,,,,,,,,,,,,,,,,,,,,,,,,,6.0,,,,,,,
1a_broad,363,-1.0806391675956895,False,97,19,58.0,44.0,18,16,3.3000000000000003,8,37,1.7000000000000002,2.4000000000000004,1.0,0.015,0.5,1.3517695376998382,1.0555040147124022,0.20948218085171924,6.474912437752289,64.0,23.0,41.0,35.9375,2571.25,2436.04,135.21000000000004,328.1,0.0,0.0,8.335047218450017,1.9620370049747797,2.297905772143691,3.999641502351029,32.0,14.0,18.0,43.75,1699.85,866.37,833.4799999999999,163.82,0.0,0.0,0.48383500557413606,,,,,,,
1a_broad,364,-1.0090579710144927,False,96,20,59.0,43.0,18,16,3.3000000000000003,7,34,1.7000000000000002,2.4000000000000004,1.0,0.015,0.5,4.953548502499871,1.1385755008070537,0.5244453785274709,10.617706983056353,87.0,30.0,57.0,34.48275862068966,4070.1,3574.7300000000005,495.36999999999944,451.62,0.0,0.0,14.163455677400089,2.2010277370282116,3.1772380376497296,4.000391049806216,43.0,20.0,23.0,46.51162790697674,2595.6499999999996,1179.29,1416.3599999999997,229.13,0.0,0.0,0.05434782608695654,,,,,,,
1a_broad,365,-1.0625325359753728,False,100,20,58.0,44.0,19,16,3.1,8,33,1.6,2.4000000000000004,1.0,0.015,0.5,-0.7859652864500277,0.9703009947523321,-0.07321507553357308,8.79341363194649,70.0,23.0,47.0,32.857142857142854,2568.2799999999997,2646.8899999999994,-78.60999999999967,349.06,0.0,0.0,5.380160966349995,1.5308377650390221,1.5662102612892854,4.4249780009272675,34.0,14.0,20.0,41.1764705882353,1551.55,1013.53,538.02,175.61,0.0,0.0,0.37519521585223714,,,,,,,
1a_broad,366,0.23295043880439803,True,104,20,59.0,43.0,18,15,3.2,8,32,1.6,2.4000000000000004,1.0,0.015,0.5,12.64552150884987,1.3168362476542201,1.1425573585038078,8.774879736105579,105.0,39.0,66.0,37.142857142857146,5255.77,3991.21,1264.5600000000004,560.57,0.0,0.0,9.324536647150017,1.6325511664665457,2.101330673258961,3.4704899018856996,48.0,19.0,29.0,39.583333333333336,2406.56,1474.1100000000001,932.4499999999998,253.54,0.0,0.0,,0.02797360994145005,0.15813779161663644,-0.0,0.041025641025641026,0.01264552150884987,0.01584181238271101,-0.02267393767089036
1a_broad,367,-1.0696302489780751,False,93,19,57.0,43.0,18,16,3.2,8,33,1.6,2.4000000000000004,1.0,0.015,0.5,4.027721806049903,1.175538151087634,0.5858917229584721,5.089140475420759,63.0,22.0,41.0,34.92063492063492,2697.1900000000005,2294.4300000000003,402.7600000000002,326.11,0.0,0.0,9.718412067450007,1.9948001433031373,2.542212307687546,3.999641502351029,35.0,17.0,18.0,48.57142857142857,1948.82,976.95,971.8699999999999,180.63,0.0,0.0,0.4177814938684503,,,,,,,
1a_broad,368,-1.2193612880430609,False,97,10,56.0,39.0,19,15,3.3000000000000003,7,32,1.6,2.3,1.0,0.015,0.5,-6.031488544900058,0.38658761072747067,-1.440142856678508,8.576853481926854,26.0,6.0,20.0,23.076923076923077,380.12,983.2699999999999,-603.1499999999999,123.43,0.0,0.0,1.7585786157000256,1.427380547319302,0.8530491716462753,2.967713556243253,18.0,8.0,10.0,44.44444444444444,587.3100000000001,411.46000000000004,175.85000000000002,90.41,0.0,0.0,1.316167728258365,,,,,,,
1a_broad,369,0.2575095557599362,True,93,20,58.0,42.0,18,16,3.3000000000000003,8,35,1.3,2.5,1.0,0.015,0.5,12.772648768849832,1.269678293861677,1.0438483188072483,9.866801347473595,121.0,44.0,77.0,36.36363636363637,6013.589999999999,4736.3099999999995,1277.2799999999997,654.9399999999999,0.0,0.0,10.218558643649994,1.6912654066267099,2.3260799423488714,3.821867219893038,52.0,22.0,30.0,42.30769230769231,2500.1299999999997,1478.2599999999998,1021.8699999999999,271.01,0.0,0.0,,0.03065567593094998,0.17281635165667747,-0.0,0.044444444444444446,0.012772648768849832,0.013483914693083854,-0.016663479734069345
1a_broad,370,0.2156151609073364,True,90,20,59.0,43.0,18,15,3.2,8,36,1.6,3.7,1.0,0.015,0.5,7.911324217349811,1.1647963636893885,0.6324409181741804,9.522815330835323,98.0,25.0,73.0,25.510204081632654,5591.57,4800.47,791.0999999999995,512.91,0.0,0.0,9.909501611149954,1.5889526798131441,1.5330649166194266,5.4687347708583,46.0,15.0,31.0,32.608695652173914,2673.54,1682.58,990.96,243.29,0.0,0.0,,0.02972850483344986,0.14723816995328604,-0.0,0.039316239316239315,0.00791132421734981,0.008239818184469427,-0.01681889559745806
1a_broad,371,0.267546824742807,True,96,21,59.0,42.0,18,15,3.3000000000000003,6,34,1.6,2.5,1.0,0.015,0.5,3.9720151585499477,1.0871194009554181,0.38868354274490247,11.73304818538935,112.0,39.0,73.0,34.82142857142857,4956.459999999999,4559.259999999999,397.1999999999998,576.14,0.0,1.0,17.351781010599954,2.0754879537861743,3.291689839844068,4.871537290158756,60.0,27.0,33.0,45.0,3348.53,1613.3700000000001,1735.16,324.03,0.0,0.0,,0.05205534303179986,0.25,-0.0,0.05128205128205128,0.003972015158549948,0.004355970047770908,-0.09411855477736501
1a_broad,372,-1.0472408026755853,False,93,20,58.0,44.0,18,16,3.3000000000000003,8,32,1.7000000000000002,2.3,1.0,0.015,0.5,3.731194480399918,1.1321015937313,0.48070436887325646,7.202901251889908,73.0,27.0,46.0,36.986301369863014,3197.27,2824.19,373.0799999999999,379.09,0.0,0.0,5.423735771599931,1.5074142334571379,1.4812590200361777,3.999641502351029,36.0,16.0,20.0,44.44444444444444,1611.26,1068.8899999999999,542.3700000000001,181.81,0.0,0.0,0.2834448160535117,,,,,,,
1a_broad,373,0.37394155280612223,True,99,21,59.0,39.0,19,15,3.2,8,33,1.6,2.4000000000000004,1.0,0.015,0.5,15.418106406699843,1.3678449411180884,1.3064099858268485,8.28764572979229,104.0,40.0,64.0,38.46153846153846,5733.24,4191.44,1541.8000000000002,570.03,0.0,1.0,15.730712064500112,2.053680036438658,3.2462643528316204,3.999641502351029,52.0,23.0,29.0,44.23076923076923,3065.98,1492.9199999999996,1573.0600000000004,283.36,0.0,0.0,,0.047192136193500336,0.25,-0.0,0.044444444444444446,0.015418106406699845,0.01839224705590442,-0.001505381294426798
1a_broad,374,-1.380036526301367,False,102,21,58.0,39.0,19,16,2.0,8,34,1.6,2.4000000000000004,1.0,0.015,0.5,-1.9350624876999973,0.0,-1.7866250476849284,1.991631720600634,3.0,0.0,3.0,0.0,0.0,193.50000000000003,-193.50000000000003,14.81,0.0,0.0,-0.10661303979999502,0.689122193059201,-0.47941517276736956,0.403270236999997,2.0,1.0,1.0,50.0,23.63,34.29,-10.66,9.97,0.0,0.0,2.2802191578082023,,,,,,,
1a_broad,375,-1.0196137249586885,False,99,21,59.0,39.0,19,15,3.1,7,33,1.7000000000000002,2.4000000000000004,1.0,0.015,0.5,-3.072582801300032,0.9128125088680156,-0.2765919232424958,12.982479237376637,84.0,24.0,60.0,28.571428571428573,3216.66,3523.8999999999996,-307.2399999999998,420.32,0.0,1.0,13.127466594099987,2.0515905759078414,2.95443390188938,3.240797264784925,45.0,20.0,25.0,44.44444444444444,2560.98,1248.2900000000002,1312.6899999999998,242.07999999999998,0.0,0.0,0.11768234975213081,,,,,,,
1a_broad,376,-1.0144927536231885,False,104,21,59.0,38.0,19,16,3.2,8,35,1.7000000000000002,2.5,1.0,0.015,0.5,8.456354113649867,1.251044273639772,0.8568037450352163,9.742971885902094,84.0,30.0,54.0,35.714285714285715,4213.98,3368.3700000000003,845.6099999999992,446.75,0.0,1.0,13.359997467850027,2.047661990386048,2.803654072017959,3.4704899018856996,42.0,17.0,25.0,40.476190476190474,2611.2400000000002,1275.23,1336.0100000000002,224.83,0.0,0.0,0.08695652173913049,,,,,,,
1a_broad,377,0.16251535075567491,True,99,21,59.0,39.0,18,15,3.1,11,32,1.6,2.3,1.0,0.015,0.5,2.6879026281998994,1.0654085295370201,0.2891542965181268,12.76022147702773,100.0,33.0,67.0,33.0,4378.03,4109.25,268.77999999999975,519.42,0.0,1.0,9.701238353299996,1.6922006664145617,2.198875416333527,3.240797264784925,46.0,19.0,27.0,41.30434782608695,2371.6700000000005,1401.53,970.1400000000006,242.62,0.0,0.0,,0.029103715059899987,0.17305016660364042,-0.0,0.039316239316239315,0.0026879026281998995,0.0032704264768510074,-0.08491309932915571
1a_broad,378,-1.016304347826087,False,90,21,57.0,40.0,20,15,3.2,8,33,1.6,2.4000000000000004,1.0,0.015,0.5,3.1070438786998786,1.0961628328005224,0.3845492643605905,8.816417259382108,83.0,29.0,54.0,34.93975903614458,3542.0199999999995,3231.2899999999995,310.73,430.04,0.0,1.0,10.085461632000007,1.930223763581694,2.5715295465734234,3.999641502351029,40.0,19.0,21.0,47.5,2092.7100000000005,1084.1799999999998,1008.5300000000007,208.39,0.0,0.0,0.09782608695652173,,,,,,,
1a_broad,379,0.1372996527678297,True,55,21,58.0,38.0,17,16,3.1,8,32,1.6,2.6,1.0,0.015,0.5,13.281384030399876,1.2732963220557312,0.9850332570594628,7.13903780561034,111.0,35.0,76.0,31.53153153153153,6187.9400000000005,4859.78,1328.1600000000008,573.21,0.0,0.0,6.513286458250023,1.4145573044291835,1.4487807373491826,4.345251130699813,45.0,19.0,26.0,42.22222222222222,2222.51,1571.17,651.3400000000001,228.13,0.0,1.0,,0.019539859374750067,0.10363932610729587,-0.0,0.038461538461538464,0.013281384030399877,0.01366481610278656,-0.05128727130894114
1a_broad,380,0.08676581081529117,True,96,21,59.0,40.0,19,15,3.2,8,35,0.7,1.5,1.0,0.015,0.5,1.5667521000997657,1.0190355854159328,0.16531250830458294,6.70394270304488,278.0,115.0,163.0,41.36690647482014,8387.58,8230.9,156.6800000000003,1390.66,0.0,2.0,3.019860742549972,1.0908399059083989,0.6083235509294967,5.13203875735417,126.0,54.0,72.0,42.857142857142854,3626.4099999999994,3324.42,301.9899999999993,651.3,0.0,0.0,,0.009059582227649916,0.022709976477099714,-0.0,0.1,0.0015667521000997657,0.0009517792707966378,-0.04752227926035487
1a_broad,381,-1.0508639910813824,False,101,21,58.0,39.0,18,16,3.0,7,33,1.6,2.7,1.0,0.015,0.5,7.033497654900002,1.2584983258785003,0.8049499335632884,7.258581053321232,71.0,23.0,48.0,32.394366197183096,3424.16,2720.83,703.3299999999999,366.59000000000003,0.0,1.0,7.398879938699975,1.6154178866116589,1.6023451327429732,3.240797264784925,36.0,14.0,22.0,38.888888888888886,1942.1200000000003,1202.2399999999998,739.8800000000006,189.56,0.0,0.0,0.3051839464882943,,,,,,,
1a_broad,382,-1.0014816664977502,False,91,21,69.0,21.0,7,17,3.3000000000000003,8,34,1.7000000000000002,2.4000000000000004,1.0,0.015,0.5,-0.8889998986500358,0.9837156861668441,-0.007069162544475262,11.342853059167219,109.0,36.0,73.0,33.027522935779814,5374.570000000001,5463.540000000001,-88.97000000000025,522.15,0.0,1.0,21.028240056749965,1.8525902229574402,2.735832361692996,7.111312096070163,53.0,24.0,29.0,45.283018867924525,4569.210000000001,2466.39,2102.820000000001,287.7,0.0,0.0,0.008889998986500358,,,,,,,
1a_broad,383,0.28617778880701705,True,88,21,59.0,37.0,17,15,3.4000000000000004,8,32,1.6,2.5,1.0,0.015,0.5,8.834230476799876,1.1630077962817735,0.725976456551135,13.099990967253342,129.0,46.0,83.0,35.65891472868217,6302.630000000001,5419.25,883.380000000001,675.28,0.0,1.0,15.015509954149984,1.8469639281383081,2.865963398424472,4.871537290158756,60.0,26.0,34.0,43.333333333333336,3274.39,1772.8500000000001,1501.5399999999997,321.78,0.0,0.0,,0.04504652986244995,0.21174098203457703,-0.0,0.05128205128205128,0.008834230476799876,0.008150389814088678,-0.03887639466294976
1a_broad,384,0.2322121569958228,True,93,21,60.0,39.0,19,16,3.4000000000000004,7,34,1.6,2.8,1.0,0.015,0.5,7.026808260499983,1.140127782275593,0.5804296264847362,14.22967347198322,114.0,38.0,76.0,33.333333333333336,5717.489999999999,5014.780000000001,702.7099999999982,584.86,0.0,1.0,13.427033104800012,1.704466037755648,2.037730876099234,5.467928573934284,57.0,24.0,33.0,42.10526315789474,3248.6099999999997,1905.94,1342.6699999999996,304.03,0.0,0.0,,0.040281099314400035,0.176116509438912,-0.0,0.04871794871794872,0.007026808260499984,0.007006389113779654,-0.04693659784971759
1a_broad,385,0.17863642332914487,True,96,21,58.0,44.0,10,15,3.3000000000000003,9,31,1.6,2.3,1.0,0.015,0.5,15.447755102849897,1.3268087933197514,1.2870757180392693,9.062418803784867,111.0,42.0,69.0,37.83783783783784,6271.5199999999995,4726.769999999999,1544.750000000001,608.22,0.0,0.0,7.862986695449963,1.5173228242848495,1.8251275268405827,3.999641502351029,50.0,21.0,29.0,42.0,2306.27,1519.96,786.31,258.65,0.0,0.0,,0.023588960086349888,0.1293307060712124,-0.0,0.042735042735042736,0.015447755102849898,0.016340439665987572,-0.04880648033229762
1a_broad,386,0.30436140933259154,True,89,21,59.0,40.0,17,15,3.2,11,33,1.5,2.3,1.0,0.015,0.5,7.2977893382999,1.1423977834795078,0.6321031471459453,15.254253352544344,125.0,44.0,81.0,35.2,5854.96,5125.150000000001,729.8099999999995,652.92,0.0,1.0,18.480168590049924,2.1131007233676047,3.567686166234566,4.000543850468869,58.0,28.0,30.0,48.275862068965516,3508.36,1660.2899999999997,1848.0700000000004,321.24,0.0,0.0,,0.05544050577014977,0.25,-0.0,0.04957264957264958,0.0072977893382999,0.007119889173975391,-0.0650694245224831
1a_broad,387,0.3298292949247022,True,98,20,60.0,39.0,18,16,3.2,9,32,1.4,2.4000000000000004,1.0,0.015,0.5,9.810974975749996,1.205701370937139,0.858967230889054,14.188614257229734,118.0,42.0,76.0,35.59322033898305,5750.87,4769.7300000000005,981.1399999999994,624.82,0.0,1.0,18.745139276200007,2.0796500443492185,3.4395703454385145,3.999641502351029,59.0,28.0,31.0,47.45762711864407,3610.7299999999996,1736.2199999999998,1874.5099999999998,323.34,0.0,0.0,,0.05623541782860002,0.25,-0.0,0.05042735042735043,0.009810974975749997,0.010285068546856947,-0.04692951685385518
1a_broad,388,0.3315630185053171,True,94,21,59.0,38.0,16,16,3.4000000000000004,8,31,1.5,2.5,1.0,0.015,0.5,9.882796931299854,1.1872074676142619,0.8189800519065047,14.78603510772141,126.0,46.0,80.0,36.507936507936506,6267.660000000001,5279.33,988.3300000000008,668.88,0.0,1.0,19.682900232149933,2.115317489998753,3.5007801190724526,4.871537290158756,62.0,28.0,34.0,45.16129032258065,3733.0699999999997,1764.7800000000002,1968.2899999999995,339.96,0.0,0.0,,0.059048700696449796,0.25,-0.0,0.052991452991453,0.009882796931299856,0.009360373380713095,-0.04972030549459864
1a_broad,389,0.07664631216038538,True,44,21,59.0,43.0,18,15,3.3000000000000003,9,36,1.6,2.3,1.0,0.015,0.5,12.819941155199905,1.1850902712106666,0.9345432422013515,9.228350520593533,149.0,52.0,97.0,34.899328859060404,8208.35,6926.35,1282.0,827.18,0.0,1.0,4.861624347399993,1.1838488037481423,0.8613994267804956,8.54487355947525,72.0,26.0,46.0,36.111111111111114,3130.7000000000003,2644.51,486.19000000000005,365.99,0.0,3.0,,0.01458487304219998,0.04596220093703557,-0.0,0.06153846153846154,0.012819941155199905,0.009254513560533329,-0.06751367807304494
1a_broad,390,-1.1095763168585688,False,91,20,58.0,40.0,17,17,3.1,8,32,1.6,2.4000000000000004,1.0,0.015,0.5,-3.845009736100001,0.8253306256331977,-0.6014980014235879,8.725614286981928,61.0,16.0,45.0,26.229508196721312,1816.66,2201.1299999999997,-384.4699999999996,302.94,0.0,1.0,3.733270354700016,1.4192240750098255,1.1670726174105994,4.125403246460127,28.0,12.0,16.0,42.857142857142854,1263.89,890.5500000000001,373.34000000000003,140.77,0.0,0.0,0.6574579011514126,,,,,,,
1a_broad,391,0.17530298876987113,True,105,21,58.0,41.0,17,14,3.4000000000000004,9,31,1.5,2.6,1.0,0.015,0.5,23.916499562199935,1.4355262247376799,1.7016082691617063,8.601197512688044,134.0,54.0,80.0,40.298507462686565,7883.02,5491.38,2391.6400000000003,743.81,0.0,2.0,9.21379232030009,1.4792740588929862,1.7696522070611982,4.553498488696963,57.0,20.0,37.0,35.08771929824562,2843.8599999999997,1922.4700000000003,921.3899999999994,301.98,0.0,0.0,,0.02764137696090027,0.11981851472324656,-0.0,0.04871794871794872,0.023916499562199933,0.021776311236883995,-0.06656766243130834
1a_broad,392,0.261699287011344,True,99,21,60.0,39.0,20,16,3.2,7,33,1.5,2.4000000000000004,1.0,0.015,0.5,5.9475840036498635,1.133274466783354,0.5463810089654977,12.862784953266354,112.0,41.0,71.0,36.607142857142854,5056.750000000001,4462.07,594.6800000000012,578.87,0.0,1.0,15.589725929200068,1.8830202999682817,2.914907430106024,3.999641502351029,57.0,25.0,32.0,43.85964912280702,3324.51,1765.5199999999998,1558.9900000000005,309.94,0.0,0.0,,0.0467691777876002,0.22075507499207042,-0.0,0.04871794871794872,0.005947584003649864,0.006663723339167704,-0.06715422182909292
1a_broad,393,0.2908129982366379,True,95,20,59.0,42.0,16,15,3.3000000000000003,9,34,1.4,2.5,1.0,0.015,0.5,12.185249429549895,1.2227328229763026,0.9265295426287985,10.40580671149454,134.0,46.0,88.0,34.32835820895522,6689.179999999999,5470.68,1218.499999999999,720.35,0.0,0.0,13.612557641249987,1.7210063559322033,2.572348979480702,4.871537290158756,64.0,26.0,38.0,40.625,3249.2599999999998,1888.0,1361.2599999999998,337.83,0.0,0.0,,0.04083767292374996,0.18025158898305083,-0.0,0.05470085470085471,0.012185249429549896,0.01113664114881513,-0.008299008949382595
1a_broad,394,-1.2415458937198067,False,86,21,58.0,43.0,17,15,2.4000000000000004,8,32,1.7000000000000002,2.3,1.0,0.015,0.5,0.23965427375000217,1.032616238723109,0.07616120817379114,2.909221137069585,20.0,5.0,15.0,25.0,758.88,734.91,23.970000000000027,99.16,0.0,0.0,3.6070974396000017,2.2372573231803523,1.677089183311877,2.4479933662586437,13.0,7.0,6.0,53.84615384615385,652.25,291.54,360.71,65.89,0.0,0.0,1.4492753623188408,,,,,,,
1a_broad,395,-1.029635823114084,False,92,20,59.0,38.0,16,16,3.3000000000000003,12,35,1.8,2.5,1.0,0.015,0.5,2.1129797158498516,1.0575691104541058,0.23669394347147857,10.589182759526123,78.0,26.0,52.0,33.333333333333336,3881.12,3669.85,211.26999999999998,408.24,0.0,1.0,14.344577346900007,2.2129237377709003,3.0182408880491964,4.87685574326359,38.0,18.0,20.0,47.36842105263158,2617.07,1182.63,1434.44,201.32,0.0,0.0,0.17781493868450393,,,,,,,
1a_broad,396,0.30791163500992375,True,90,21,60.0,43.0,13,14,3.3000000000000003,9,33,1.5,2.4000000000000004,1.0,0.015,0.5,12.185792717249951,1.1779737754526787,0.8484468333293304,15.44078504192429,160.0,61.0,99.0,38.125,8065.610000000001,6847.02,1218.5900000000001,815.9,0.0,1.0,18.430894391799903,1.8228830888196372,2.8763877344641013,4.218278734485203,66.0,28.0,38.0,42.42424242424242,4082.9299999999994,2239.8199999999997,1843.1099999999997,362.41,0.0,0.0,,0.05529268317539971,0.2057207722049093,-0.0,0.05641025641025641,0.012185792717249951,0.008898688772633934,-0.030596558270525563
1a_broad,397,0.11181668600133661,True,101,20,58.0,40.0,19,15,3.4000000000000004,8,30,1.4,2.3,1.0,0.015,0.5,17.29096594109993,1.3670468754312108,1.5073360127565294,6.105017572219856,132.0,52.0,80.0,39.39393939393939,6439.569999999999,4710.57,1728.999999999999,740.23,0.0,1.0,5.835718747649989,1.3369886586746123,1.3215964433818508,5.002881473147607,57.0,23.0,34.0,40.35087719298246,2315.2899999999995,1731.72,583.5699999999995,291.26,0.0,0.0,,0.01750715624294997,0.08424716466865306,-0.0,0.04871794871794872,0.017290965941099933,0.01835234377156054,-0.07429889334087561
1a_broad,398,0.348156599926969,True,98,21,59.0,44.0,18,16,3.2,9,31,1.6,2.4000000000000004,1.0,0.015,0.5,12.380406789849859,1.3145290980826538,1.1418392471329786,11.683829554584932,99.0,37.0,62.0,37.37373737373738,5174.21,3936.1700000000005,1238.0399999999995,527.52,0.0,0.0,15.409355042200076,2.158952451149987,3.287363717300516,3.999641502351029,47.0,22.0,25.0,46.808510638297875,2870.4999999999995,1329.58,1540.9199999999996,250.7,0.0,0.0,,0.04622806512660023,0.25,-0.0,0.040170940170940174,0.01238040678984986,0.015726454904132693,-0.016349267064553953
1a_broad,399,0.2952337671410893,True,98,21,59.0,44.0,18,14,3.1,9,31,1.6,2.5,1.0,0.015,0.5,18.21302656889993,1.4337288858089299,1.5385407869891239,7.244905571481827,107.0,41.0,66.0,38.3177570093458,6020.5,4199.19,1821.3100000000004,590.46,0.0,0.0,12.276420032349996,1.819906099523819,2.589467954731346,3.5782730950215424,50.0,21.0,29.0,42.0,2725.0,1497.3300000000002,1227.6699999999998,264.88,0.0,0.0,,0.03682926009704999,0.20497652488095475,-0.0,0.042735042735042736,0.01821302656889993,0.021686444290446496,-0.029206531431304632
