stage,trial,score,gated,ema_period,rsi_period,rsi_overbought,rsi_oversold,atr_period,consolidation_candles,consolidation_atr_mult,swing_lookback,volume_sma_period,volume_mult,risk_reward_ratio,leverage,risk_per_trade_pct,max_position_allocation_pct,tr_return_pct,tr_pf,tr_sharpe,tr_max_dd,tr_trades,tr_wins,tr_losses,tr_win_rate,tr_gross_profit,tr_gross_loss,tr_net_pnl,tr_fees,tr_blocked,tr_head_dropped,va_return_pct,va_pf,va_sharpe,va_max_dd,va_trades,va_wins,va_losses,va_win_rate,va_gross_profit,va_gross_loss,va_net_pnl,va_fees,va_blocked,va_head_dropped,c_gate_shortfall,c_va_ret,c_va_pf,c_va_dd,c_va_sample,c_tr_ret,c_tr_pf,c_consistency
1a_broad,0,-1.4946787223816116,False,69,21,74.0,35.0,9,6,1.1,18,34,1.6,1.0,1.0,0.015,0.5,-0.09104491145000793,0.9170993896328687,-0.03793495459218215,1.396339662700624,2.0,1.0,1.0,50.0,100.67,109.77,-9.099999999999994,10.04,0.0,0.0,-1.137957224999991,0.0,-1.0420568136747304,1.7883168033303136,1.0,0.0,1.0,0.0,0.0,113.8,-113.8,4.94,0.0,0.0,2.9680723342896695,,,,,,,
1a_broad,1,0.214983836625758,True,147,19,60.0,24.0,9,9,2.6,11,21,1.4,1.4,1.0,0.015,0.5,5.985737594800012,1.148728995694164,0.6140243189181438,5.208307545004887,131.0,64.0,67.0,48.85496183206107,4623.37,4024.77,598.5999999999999,677.32,0.0,1.0,7.087266906199983,1.6098505382173,1.79649024542232,4.2617534554482095,51.0,27.0,24.0,52.94117647058823,1870.9199999999998,1162.17,708.7499999999998,258.84,0.0,0.0,,0.02126180071859995,0.15246263455432502,-0.0,0.04047619047619048,0.005985737594800013,0.007436449784708199,-0.012638976502865634
1a_broad,2,-1.058123206269616,False,58,12,66.0,40.0,9,12,2.8,4,34,0.7,1.2,1.0,0.015,0.5,1.7244146528000055,1.017375281704827,0.1709652813930018,11.705352703869936,432.0,208.0,224.0,48.148148148148145,10098.64,9926.169999999998,172.47000000000116,2106.34,0.0,1.0,-7.711257666799902,0.764792006002818,-1.678328802485452,10.677274269814113,145.0,66.0,79.0,45.51724137931034,2507.3399999999997,3278.460000000001,-771.1200000000013,707.73,0.0,0.0,0.34873923761769615,,,,,,,
1a_broad,3,-1.3481206636941399,False,144,21,76.0,27.0,8,15,2.3,6,30,0.5,3.8000000000000003,1.0,0.015,0.5,-3.697272380200011,0.7522415664830523,-0.5733382250899275,5.820574393828694,38.0,7.0,31.0,18.42105263157895,1122.5399999999997,1492.2600000000002,-369.7200000000005,182.69,0.0,1.0,-2.581483039600007,0.3906238934919623,-0.873086976068146,4.989118773989163,9.0,1.0,8.0,11.11111111111111,165.48,423.63,-258.15,44.63,0.0,0.0,2.0887239821648387,,,,,,,
1a_broad,4,-1.0659338539399823,False,53,16,63.0,33.0,15,7,4.0,17,48,1.9000000000000001,2.8,1.0,0.015,0.5,16.27988567629991,1.16219641350232,0.7662642690947579,12.103058377236374,147.0,49.0,98.0,33.333333333333336,11665.07,10037.09,1627.9799999999996,787.72,0.0,1.0,-11.593212844200025,0.756345455042212,-1.1361557215578468,17.341414416422644,80.0,20.0,60.0,25.0,3598.79,4758.13,-1159.3400000000001,363.26,0.0,1.0,0.39560312363989364,,,,,,,
1a_broad,5,-1.4848186253195996,False,140,8,60.0,21.0,11,10,1.8,18,24,0.9,2.6,1.0,0.015,0.5,-1.6906616784999824,0.442763439796961,-0.6993420534739866,3.0061098736337373,9.0,3.0,6.0,33.333333333333336,134.32999999999998,303.39,-169.06,44.57,0.0,0.0,-0.765139363599992,0.0,-1.493511994704469,0.8898240698653674,1.0,0.0,1.0,0.0,0.0,76.51,-76.51,4.96,0.0,0.0,2.908911751917598,,,,,,,
1a_broad,6,-2.0,False,38,19,56.0,45.0,18,7,1.0,17,38,1.6,3.3000000000000003,1.0,0.015,0.5,,,,,,,,,,,,,,,,,,,,,,,,,,,,,6.0,,,,,,,
1a_broad,7,-2.0,False,29,12,58.0,42.0,16,9,1.1,9,23,1.6,2.9000000000000004,1.0,0.015,0.5,,,,,,,,,,,,,,,,,,,,,,,,,,,,,6.0,,,,,,,
1a_broad,8,-1.039662136242418,False,136,14,58.0,38.0,18,13,3.3000000000000003,12,31,1.1,1.0,1.0,0.015,0.5,-1.7275308915999994,0.9411892907980136,-0.21922847389351685,6.275513553952881,140.0,79.0,61.0,56.42857142857143,2763.8399999999992,2936.5400000000004,-172.70000000000118,681.1,0.0,0.0,-1.7688278869500025,0.8368403088475411,-0.587154157698164,4.346816581160496,54.0,27.0,27.0,50.0,907.16,1084.03,-176.87,265.46,0.0,0.0,0.2379728174545085,,,,,,,
1a_broad,9,-2.0,False,34,7,71.0,28.0,14,19,1.7000000000000002,10,40,0.8,1.2,1.0,0.015,0.5,,,,,,,,,,,,,,,,,,,,,,,,,,,,,6.0,,,,,,,
1a_broad,10,-1.0196750944378337,False,104,17,80.0,20.0,21,4,3.9000000000000004,14,12,1.2000000000000002,2.0,1.0,0.015,0.5,-11.805056662700153,0.9197291372590617,-0.42996465764371256,16.80508164841,302.0,104.0,198.0,34.437086092715234,13526.529999999999,14707.079999999998,-1180.5499999999993,1389.74,0.0,3.0,4.376110679150024,1.0720005923537006,0.5107646894238936,11.859897500916428,126.0,46.0,80.0,36.507936507936506,6515.029999999999,6077.450000000001,437.5799999999981,617.24,0.0,0.0,0.11805056662700153,,,,,,,
1a_broad,11,-1.0085943026085833,False,106,17,80.0,20.0,21,4,4.0,14,10,1.2000000000000002,1.9,1.0,0.015,0.5,-5.15658156514999,0.9648648851262891,-0.13596738007232578,14.301529158797177,312.0,113.0,199.0,36.217948717948715,14157.529999999999,14673.07,-515.5400000000009,1457.17,0.0,3.0,3.557832287350011,1.0565102681684395,0.4378820788320502,11.147712027182363,130.0,50.0,80.0,38.46153846153846,6651.44,6295.67,355.7699999999995,640.51,0.0,0.0,0.0515658156514999,,,,,,,
1a_broad,12,-1.002040638648167,False,109,18,69.0,25.0,21,4,3.0,14,10,1.3,1.9,1.0,0.015,0.5,-1.2243831889002286,0.9908379197384103,0.02498438832737962,12.262243814891367,279.0,104.0,175.0,37.27598566308244,13235.93,13358.32,-122.38999999999942,1364.79,0.0,3.0,5.872411070899907,1.1105821381222127,0.712551314724673,12.219322995608016,119.0,46.0,73.0,38.65546218487395,5897.279999999999,5310.08,587.1999999999989,591.77,0.0,0.0,0.012243831889002285,,,,,,,
1a_broad,13,-1.0254471031451666,False,115,19,67.0,26.0,12,10,3.0,14,17,1.4,1.8,1.0,0.015,0.5,-15.268261887100016,0.8371939529517639,-0.8987275411643303,19.897586629583664,217.0,79.0,138.0,36.40552995391705,7851.589999999999,9378.46,-1526.87,1013.63,0.0,3.0,7.621735348950061,1.2373471427726208,1.2338033374213349,5.594070692033079,89.0,39.0,50.0,43.82022471910113,3973.53,3211.33,762.2000000000003,459.66,0.0,0.0,0.15268261887100015,,,,,,,
1a_broad,14,-1.2718823849749072,False,86,19,69.0,24.0,7,17,2.5,9,21,2.0,1.6,1.0,0.015,0.5,-4.6260296244000525,0.5646638121676941,-0.9099692418363186,6.710966823960615,22.0,7.0,15.0,31.818181818181817,600.0400000000001,1062.6499999999999,-462.6099999999998,103.37,0.0,0.0,3.011697277500007,2.583938150836226,1.279186521511861,1.370695196515547,8.0,5.0,3.0,62.5,491.31,190.14,301.17,40.65,0.0,0.0,1.6312943098494428,,,,,,,
1a_broad,15,-1.0138594257791331,False,120,15,63.0,32.0,12,6,3.4000000000000004,12,17,1.4,2.3,1.0,0.015,0.5,3.883800800099853,1.042995444506562,0.2846981766756757,13.427398701501044,206.0,71.0,135.0,34.46601941747573,9421.43,9033.050000000001,388.3799999999992,1023.63,0.0,4.0,-1.0172859077499743,0.9733671196228361,-0.08066093671896238,7.897353454100981,90.0,30.0,60.0,33.333333333333336,3718.35,3820.09,-101.74000000000024,448.08,0.0,0.0,0.08315655467479877,,,,,,,
1a_broad,16,-1.0629233034917076,False,88,18,63.0,30.0,18,12,2.2,20,17,1.4,1.5,1.0,0.015,0.5,-6.1213290338000474,0.825490363781503,-0.5997273000464446,14.551565640378625,81.0,33.0,48.0,40.74074074074074,2895.49,3507.6,-612.1100000000001,375.7,0.0,0.0,5.819105288550036,1.5106890862498688,1.5644797685663452,3.1222546875255586,36.0,18.0,18.0,50.0,1721.4,1139.4799999999998,581.9200000000003,186.19,0.0,0.0,0.3775398209502454,,,,,,,
1a_broad,17,-1.0117581962616669,False,128,13,72.0,24.0,19,8,2.8,7,13,1.8,2.2,1.0,0.015,0.5,-7.054917757000166,0.8958522501613007,-0.44032781798383186,16.13962058954766,157.0,54.0,103.0,34.394904458598724,6067.670000000001,6773.070000000001,-705.3999999999996,742.14,0.0,1.0,10.093237934400005,1.4504228306223086,1.9049576969005888,4.442998963888621,64.0,26.0,38.0,40.625,3250.18,2240.85,1009.3299999999999,339.74,0.0,0.0,0.07054917757000166,,,,,,,
1a_broad,18,-1.026687736263417,False,150,21,66.0,23.0,14,4,3.5,12,26,1.0,1.5,1.0,0.015,0.5,-16.01264175805023,0.8845180758517928,-0.7553834640744758,22.718985067224942,319.0,141.0,178.0,44.20062695924765,12264.25,13865.460000000001,-1601.210000000001,1499.13,0.0,0.0,3.444006568950026,1.0683233017374434,0.486593321292907,11.107975425591997,132.0,57.0,75.0,43.18181818181818,5385.14,5040.74,344.40000000000055,645.03,0.0,0.0,0.16012641758050228,,,,,,,
1a_broad,19,-1.4949461928155539,False,87,9,55.0,30.0,11,15,1.9,15,19,1.3,2.4000000000000004,1.0,0.015,0.5,0.2144958201999907,99.0,0.5582153045993956,0.16552236550097107,1.0,1.0,0.0,100.0,21.45,0.0,21.45,5.01,0.0,0.0,-0.36907623355000396,0.0,-0.8256320618650083,0.7340057534916165,1.0,0.0,1.0,0.0,0.0,36.91,-36.91,4.98,0.0,0.0,2.969677156893323,,,,,,,
1a_broad,20,-1.0131612775600005,False,128,15,76.0,26.0,20,11,3.1,10,14,1.7000000000000002,4.0,1.0,0.015,0.5,-7.896766536000251,0.8925222324148201,-0.34420380358851066,21.454698309041305,145.0,32.0,113.0,22.06896551724138,6557.7,7347.379999999999,-789.6799999999994,646.25,0.0,2.0,21.982348900999877,1.7393126317948995,2.288762072961041,5.990679392908999,62.0,19.0,43.0,30.64516129032258,5171.620000000001,2973.3700000000003,2198.2500000000005,340.24,0.0,0.0,0.0789676653600025,,,,,,,
1a_broad,21,-1.0195217202834823,False,105,17,78.0,22.0,21,4,3.7,15,11,1.1,1.9,1.0,0.015,0.5,-10.391295008400101,0.9292303899401223,-0.36449337444982977,15.768432191620082,305.0,112.0,193.0,36.721311475409834,13644.15,14683.28,-1039.130000000001,1383.35,0.0,3.0,2.294125192049978,1.0361217598022623,0.3109218659989497,11.824255545241614,131.0,49.0,82.0,37.404580152671755,6581.29,6351.85,229.4399999999996,640.53,0.0,0.0,0.11713032170089412,,,,,,,
1a_broad,22,-1.0448301664800004,False,103,18,70.0,20.0,16,5,2.6,13,10,1.2000000000000002,1.7000000000000002,1.0,0.015,0.5,-26.89809988800019,0.7848732909170163,-1.3394964531057327,29.357240735631756,307.0,109.0,198.0,35.504885993485345,9813.310000000001,12503.050000000001,-2689.74,1266.7,0.0,3.0,5.62860031634993,1.1033122623085625,0.6789229120092953,11.022862355838939,135.0,56.0,79.0,41.48148148148148,6011.110000000001,5448.239999999998,562.8700000000026,673.99,0.0,0.0,0.2689809988800019,,,,,,,
1a_broad,23,-1.0347240406312421,False,75,20,74.0,24.0,20,6,3.2,11,15,1.5,2.1,1.0,0.015,0.5,-12.985264543450157,0.9031734159951142,-0.5435128677985572,21.99133919515229,280.0,92.0,188.0,32.857142857142854,12111.980000000001,13410.470000000001,-1298.4899999999998,1331.32,0.0,2.0,-1.128968995199957,0.9794379961790006,-0.05053175001719021,12.617067857519471,129.0,46.0,83.0,35.65891472868217,5377.81,5490.71,-112.89999999999964,615.9,0.0,0.0,0.20834424378745298,,,,,,,
1a_broad,24,-1.0250977866951667,False,115,17,61.0,29.0,17,8,3.7,16,10,1.3,1.3,1.0,0.015,0.5,-15.05867201709998,0.8286598548119154,-0.9268661985159452,15.618492508978166,239.0,102.0,137.0,42.67782426778243,7282.76,8788.6,-1505.8400000000001,1065.13,0.0,4.0,3.126104742650059,1.0976709452450286,0.5668900900215605,7.411841597921298,109.0,55.0,54.0,50.45871559633027,3513.0299999999997,3200.4400000000005,312.58999999999924,540.62,0.0,0.0,0.1505867201709998,,,,,,,
1a_broad,25,-1.0117699412885839,False,98,16,80.0,25.0,20,5,2.1,14,20,1.0,1.9,1.0,0.015,0.5,-7.061964773150266,0.9479790457754933,-0.2461581871877035,20.23049884999633,286.0,101.0,185.0,35.31468531468531,12870.009999999998,13576.26,-706.2500000000018,1379.6299999999999,0.0,3.0,5.720098605150033,1.120106335620753,0.7181673693104242,7.79102286771141,117.0,45.0,72.0,38.46153846153846,5334.259999999999,4762.28,571.9799999999996,583.53,0.0,0.0,0.07061964773150266,,,,,,,
1a_broad,26,-1.0503394860196362,False,126,18,67.0,22.0,21,9,2.9000000000000004,8,27,1.2000000000000002,1.4,1.0,0.015,0.5,-15.874040178649992,0.8149055981118457,-1.1601224794176634,17.09343056542107,261.0,112.0,149.0,42.911877394636015,6988.280000000001,8575.57,-1587.289999999999,1209.49,0.0,4.0,-2.2864610462499697,0.9235465009377413,-0.4034080068654663,8.073823023127881,98.0,39.0,59.0,39.795918367346935,2762.54,2991.23,-228.69000000000005,475.2,0.0,0.0,0.30203691611781747,,,,,,,
1a_broad,27,-1.0304886118804526,False,109,20,69.0,22.0,19,5,1.5,13,15,1.4,2.5,1.0,0.015,0.5,-10.315926537300074,0.8065984499379449,-0.7949463226729403,14.018496132762692,118.0,32.0,86.0,27.11864406779661,4302.38,5333.9800000000005,-1031.6000000000004,564.95,0.0,2.0,-0.6588766472499993,0.9731571785909247,-0.05270306746975009,6.096531872657796,59.0,19.0,40.0,32.20338983050848,2388.7699999999995,2454.6600000000003,-65.89000000000078,293.84,0.0,0.0,0.18293167128271537,,,,,,,
1a_broad,28,-1.0153907984908683,False,94,16,77.0,20.0,10,7,2.5,11,22,1.5,1.7000000000000002,1.0,0.015,0.5,-4.221096816050158,0.9491968248466819,-0.1923311961778444,16.04504513514774,192.0,75.0,117.0,39.0625,7887.370000000001,8309.52,-422.14999999999964,935.44,0.0,3.0,-0.07394225864998588,0.9981358797918817,0.047495943365892634,5.875668736767704,103.0,44.0,59.0,42.71844660194175,3973.0099999999998,3980.4300000000003,-7.4200000000005275,508.91,0.0,0.0,0.09234479094520942,,,,,,,
1a_broad,29,-1.0065228601421667,False,78,20,73.0,27.0,13,14,3.6,20,50,1.0,2.1,1.0,0.015,0.5,-3.913716085300057,0.968028105723273,-0.09993321223565126,16.49783593971812,239.0,82.0,157.0,34.30962343096234,11848.18,12239.5,-391.3199999999997,1156.07,0.0,4.0,7.983708392499938,1.163359722048867,0.8743259942544034,8.930221540576216,103.0,40.0,63.0,38.83495145631068,5685.56,4887.189999999999,798.3700000000017,517.63,0.0,0.0,0.03913716085300057,,,,,,,
1a_broad,30,-1.0523259870257413,False,74,20,72.0,32.0,7,20,3.5,18,48,0.7,1.0,1.0,0.015,0.5,7.239415879600037,1.0701344095917724,0.5222399431480215,10.080109366429788,312.0,161.0,151.0,51.6025641025641,11046.12,10322.18,723.9400000000005,1676.41,0.0,2.0,-7.296134979300041,0.7969556990204807,-1.1038360360078074,9.04126614521995,111.0,53.0,58.0,47.747747747747745,2863.9399999999996,3593.6000000000004,-729.6600000000008,525.12,0.0,0.0,0.3139559221544474,,,,,,,
1a_broad,31,-1.054865166238167,False,70,19,74.0,27.0,13,14,3.7,19,40,1.0,2.1,1.0,0.015,0.5,-12.091836154350185,0.9102505958526724,-0.4677570249415567,15.968493347434654,289.0,93.0,196.0,32.17993079584775,12263.160000000002,13472.29,-1209.1299999999992,1327.79,0.0,3.0,-6.410706146099983,0.8986261468542746,-0.5781828861302241,16.645993049264675,130.0,44.0,86.0,33.84615384615385,5682.749999999999,6323.820000000001,-641.0700000000015,587.05,0.0,0.0,0.3291909974290021,,,,,,,
1a_broad,32,0.13332445555372355,True,58,21,74.0,25.0,10,18,3.9000000000000004,20,45,1.1,1.8,1.0,0.015,0.5,5.020245945899915,1.043287747769653,0.3011716867460325,14.708734550356562,260.0,100.0,160.0,38.46153846153846,12100.02,11597.97,502.0500000000011,1264.34,0.0,0.0,10.906295284100143,1.208127077664085,1.2436766839682194,8.302407176626074,122.0,54.0,68.0,44.26229508196721,6330.899999999999,5240.260000000001,1090.6399999999976,625.01,0.0,0.0,,0.03271888585230043,0.05203176941602122,-0.0,0.09682539682539683,0.005020245945899915,0.002164387388482647,-0.0554362298743775
1a_broad,33,0.135858522304375,True,56,21,74.0,28.0,9,17,2.7,20,45,0.8,1.7000000000000002,1.0,0.015,0.5,9.771950030299905,1.2225755239355585,0.8397566075532541,8.185968755183126,114.0,50.0,64.0,43.85964912280702,5367.51,4390.33,977.1800000000003,605.26,0.0,1.0,5.8375632894000224,1.4013282275861592,1.352618844891665,4.1510381341100295,44.0,21.0,23.0,47.72727272727273,2038.3300000000002,1454.5700000000004,583.7599999999998,224.22,0.0,0.0,,0.017512689868200065,0.10033205689653979,-0.0,0.03492063492063492,0.009771950030299906,0.011128776196777924,-0.037807585608077586
1a_broad,34,-1.0051868378366442,False,61,21,75.0,29.0,9,17,2.7,5,43,0.5,1.3,1.0,0.015,0.5,19.305281268699908,1.5451118797204773,2.1464833513746426,3.515654115254823,161.0,89.0,72.0,55.27950310559006,5472.400000000001,3541.75,1930.6500000000005,880.14,0.0,1.0,0.2509139906999735,1.0173229216291417,0.09806360650133265,3.3947733731823644,54.0,23.0,31.0,42.592592592592595,1473.4599999999998,1448.37,25.089999999999918,268.22,0.0,0.0,0.03112102701986506,,,,,,,
1a_broad,35,-1.2023809523809523,False,49,21,78.0,36.0,8,17,2.4000000000000004,19,44,0.7,1.7000000000000002,1.0,0.015,0.5,12.026732723550031,2.2410889352128955,1.9084198020730732,3.446456441519262,42.0,24.0,18.0,57.142857142857146,2171.66,969.02,1202.6399999999999,220.9,0.0,0.0,2.304564644850034,1.8288375773270036,1.205243157576085,1.3569387387778753,15.0,7.0,8.0,46.666666666666664,508.49,278.03999999999996,230.45000000000005,76.01,0.0,0.0,1.2142857142857142,,,,,,,
1a_broad,36,0.05066854174445671,True,21,20,64.0,26.0,9,19,2.9000000000000004,18,35,0.8,2.7,1.0,0.015,0.5,1.697726566099809,1.0202016716326978,0.16358230133355078,13.448318581512424,210.0,66.0,144.0,31.428571428571427,8573.53,8403.76,169.77000000000044,1131.99,0.0,1.0,4.50785138360001,1.2062772266354282,0.7666215967338676,5.242817416162522,64.0,22.0,42.0,34.375,2636.15,2185.3600000000006,450.7899999999995,315.63,0.0,2.0,,0.01352355415080003,0.05156930665885706,-0.0,0.050793650793650794,0.0016977265660998093,0.0010100835816348908,-0.06792578000658588
1a_broad,37,-1.0365332360357105,False,20,21,59.0,34.0,9,18,2.7,18,35,0.6,3.5,1.0,0.015,0.5,15.56847861279979,1.2047382333214982,0.9810526949949915,12.592755253517835,185.0,53.0,132.0,28.64864864864865,9160.950000000003,7604.0999999999985,1556.850000000004,1068.97,0.0,2.0,-3.3610835345000667,0.855131990087275,-0.5235387460686785,10.81276100043885,64.0,16.0,48.0,25.0,1984.12,2320.25,-336.1300000000001,308.34,0.0,3.0,0.2191994162142626,,,,,,,
1a_broad,38,-1.4923512283144664,False,48,20,61.0,31.0,10,20,2.1,20,44,0.8,2.9000000000000004,1.0,0.015,0.5,-0.4672813128999951,0.0,-1.3189874009765716,0.4672813128999951,1.0,0.0,1.0,0.0,0.0,46.73,-46.73,4.98,0.0,0.0,-0.7257686009499957,0.0,-1.657793153710973,0.7324346898544238,2.0,0.0,2.0,0.0,0.0,72.58,-72.58,9.96,0.0,0.0,2.954107369886799,,,,,,,
1a_broad,39,-1.246031746031746,False,62,21,65.0,28.0,8,16,2.3,17,31,0.8,3.2,1.0,0.015,0.5,1.9692958923500192,1.1734210433618657,0.2628897109115952,3.5781245327561044,28.0,9.0,19.0,32.142857142857146,1332.4900000000002,1135.56,196.9300000000003,139.84,0.0,0.0,2.134663392849961,1.722451604169487,0.7472604209828474,3.743645820266189,10.0,4.0,6.0,40.0,508.95000000000005,295.48,213.47000000000003,50.75,0.0,0.0,1.4761904761904763,,,,,,,
1a_broad,40,-2.0,False,21,19,57.0,26.0,10,19,1.4,19,36,0.9,2.7,1.0,0.015,0.5,,,,,,,,,,,,,,,,,,,,,,,,,,,,,6.0,,,,,,,
1a_broad,41,-0.02587658782115377,True,43,18,64.0,25.0,11,19,3.0,17,46,0.9,3.1,1.0,0.015,0.5,15.842728656500057,1.2225532835477038,0.8838388471410508,8.645463804528896,155.0,47.0,108.0,30.322580645161292,8702.77,7118.52,1584.25,830.09,0.0,0.0,1.6338408509500004,1.0758686021565296,0.316968076223508,8.81171832018579,57.0,18.0,39.0,31.57894736842105,2316.84,2153.46,163.3800000000001,282.82,0.0,1.0,,0.004901522552850001,0.018967150539132394,-0.0,0.045238095238095244,0.01584272865650006,0.011127664177385189,-0.12195374898511666
1a_broad,42,0.049372894052540556,True,42,20,65.0,28.0,11,19,3.2,17,46,0.9,3.1,1.0,0.015,0.5,21.263365384700045,1.216217837709767,1.0010312059661546,10.08383858566604,207.0,59.0,148.0,28.502415458937197,11960.419999999998,9834.11,2126.3099999999977,1128.52,0.0,0.0,4.683824828349934,1.1360546786496488,0.6258238215321484,11.121949264882092,82.0,26.0,56.0,31.70731707317073,3911.0499999999997,3442.66,468.3899999999999,413.1,0.0,2.0,,0.014051474485049802,0.034013669662412205,-0.0,0.06507936507936508,0.021263365384700045,0.01081089188548835,-0.09584587244447493
1a_broad,43,-1.0381062447876104,False,29,20,62.0,28.0,9,18,3.3000000000000003,19,41,0.7,3.6,1.0,0.015,0.5,-0.5457196412000667,0.9966666646320361,0.07249638756567166,19.074885561922443,348.0,83.0,265.0,23.850574712643677,16328.380000000001,16382.99,-54.60999999999876,1767.01,0.0,1.0,-6.484311849449914,0.8837459884898794,-0.5713852217479197,13.513441001682777,126.0,32.0,94.0,25.396825396825395,4929.27,5577.7,-648.4299999999994,592.08,0.0,6.0,0.22863746872566232,,,,,,,
1a_broad,44,0.11863903845963372,True,39,21,60.0,29.0,8,18,2.8,18,38,0.6,3.1,1.0,0.015,0.5,17.327966905349932,1.2103347862871265,0.9972797942905242,13.513446169788477,199.0,65.0,134.0,32.663316582914575,9971.21,8238.39,1732.8199999999997,1116.22,0.0,1.0,7.219839450599993,1.339476159127245,1.0896761036105833,8.531281256867587,58.0,24.0,34.0,41.37931034482759,2848.5299999999997,2126.6000000000004,721.9299999999994,286.87,0.0,2.0,,0.02165951835179998,0.08486903978181126,-0.0,0.046031746031746035,0.01732796690534993,0.010516739314356328,-0.06176597192542982
1a_broad,45,-1.0157299931570964,False,31,19,59.0,23.0,8,16,2.8,20,37,0.5,3.4000000000000004,1.0,0.015,0.5,3.019871952499707,1.0219856400099037,0.21162162260516143,17.898087167583427,293.0,73.0,220.0,24.914675767918087,14034.52,13732.599999999999,301.9200000000019,1575.14,0.0,1.0,-1.2709798755000339,0.9642463318030424,-0.07794963362595896,13.489093545563735,89.0,24.0,65.0,26.96629213483146,3427.7799999999997,3554.88,-127.10000000000036,423.24,0.0,3.0,0.09437995894257901,,,,,,,
1a_broad,46,-1.0978788073757906,False,36,21,57.0,45.0,8,18,2.5,4,33,0.6,2.9000000000000004,1.0,0.015,0.5,12.16085389275002,1.4905583502426472,1.123027120821362,6.320600838819912,80.0,31.0,49.0,38.75,3694.96,2478.91,1216.0500000000002,436.59000000000003,0.0,0.0,-0.36094041774998914,0.9550105307760371,-0.08087735104694173,5.644068473306396,29.0,10.0,19.0,34.48275862068966,766.3100000000001,802.4100000000001,-36.10000000000002,141.78,0.0,0.0,0.5872728442547435,,,,,,,
1a_broad,47,-1.1901427330856005,False,54,21,61.0,30.0,10,20,2.7,16,39,0.6,1.1,1.0,0.015,0.5,10.62577848344994,1.7475693320763743,1.683298302242458,4.431457870838625,67.0,41.0,26.0,61.19402985074627,2484.0299999999997,1421.4199999999998,1062.61,353.79,0.0,0.0,-2.7409583910499897,0.6630237018095988,-1.1349298890859376,4.590071578004448,24.0,10.0,14.0,41.666666666666664,539.33,813.44,-274.11,116.67,0.0,0.0,1.140856398513603,,,,,,,
1a_broad,48,-1.1326093495613492,False,23,19,59.0,40.0,7,16,3.9000000000000004,18,42,0.6,2.7,1.0,0.015,0.5,-32.51677156245017,0.8339151070126459,-1.2189816297767064,36.41108184933097,471.0,123.0,348.0,26.11464968152866,16326.44,19578.059999999998,-3251.619999999997,1929.9,0.0,8.0,-17.400760835000074,0.7386951879367281,-1.6595649348847512,24.460416236914952,158.0,43.0,115.0,27.21518987341772,4918.889999999999,6658.89,-1740.000000000001,673.73,0.0,13.0,0.7956560973680947,,,,,,,
1a_broad,49,0.029966861513362045,True,41,20,60.0,27.0,9,18,2.9000000000000004,16,28,0.8,3.8000000000000003,1.0,0.015,0.5,15.79991996100005,1.1876409524974494,0.8327427740217731,11.862273454847355,194.0,54.0,140.0,27.835051546391753,10000.399999999998,8420.39,1580.0099999999984,1064.84,0.0,1.0,3.558816853900007,1.152656955096858,0.5923308617454845,7.63590525035962,64.0,20.0,44.0,31.25,2687.1199999999994,2331.2400000000002,355.8799999999992,316.62,0.0,2.0,,0.01067645056170002,0.03816423877421449,-0.0,0.050793650793650794,0.01579991996100005,0.00938204762487247,-0.09484944620207578
1a_broad,50,-1.2811791383219955,False,56,19,55.0,32.0,8,15,2.3,19,46,1.1,1.5,1.0,0.015,0.5,0.574627874400012,1.090441107018041,0.1522991727013322,4.382701532386099,19.0,10.0,9.0,52.63157894736842,692.6700000000001,635.22,57.450000000000045,96.24,0.0,0.0,0.7927946203499778,2.466518682944876,1.5134556219930406,0.36490961547485806,5.0,3.0,2.0,60.0,133.34,54.06,79.28,25.04,0.0,0.0,1.6870748299319729,,,,,,,
1a_broad,51,-1.0091633246232494,False,44,20,67.0,26.0,11,19,3.2,17,46,0.8,3.1,1.0,0.015,0.5,26.544953525899746,1.2589259499504968,1.2012007046173683,9.170976953144788,220.0,64.0,156.0,29.09090909090909,12906.32,10251.849999999999,2654.470000000001,1215.98,0.0,1.0,-0.20477458930003195,0.9944211880611793,0.04307475106524477,11.980888831151635,87.0,25.0,62.0,28.735632183908045,3655.9,3676.41,-20.509999999999764,424.64,0.0,2.0,0.05497994773949627,,,,,,,
1a_broad,52,-1.0288191808870717,False,27,21,65.0,29.0,12,17,3.1,18,50,0.9,3.1,1.0,0.015,0.5,-11.173192537250197,0.9050352546014566,-0.45474967001186467,23.925540952661397,258.0,65.0,193.0,25.1937984496124,10648.500000000002,11765.84,-1117.3399999999983,1270.82,0.0,0.0,-0.41778630065002287,0.9901444382094002,0.03320062966619041,19.493130797776764,102.0,29.0,73.0,28.431372549019606,4199.46,4241.259999999999,-41.79999999999927,460.33,0.0,4.0,0.17291508532243058,,,,,,,
1a_broad,53,0.037209240587003374,True,35,20,62.0,28.0,9,19,2.9000000000000004,20,48,0.9,3.3000000000000003,1.0,0.015,0.5,13.819562307950001,1.2265494878755685,0.8650564622862816,10.83262625888843,137.0,40.0,97.0,29.197080291970803,7482.049999999999,6100.080000000001,1381.9699999999984,740.36,0.0,0.0,3.737458752450038,1.2082662312694687,0.5936697838421543,7.996573876243253,44.0,12.0,32.0,27.272727272727273,2168.27,1794.5300000000002,373.7399999999998,214.83,0.0,1.0,,0.011212376257350115,0.05206655781736719,-0.0,0.03492063492063492,0.013819562307950001,0.011327474393778425,-0.08613736511007727
1a_broad,54,-1.3135578626390003,False,63,9,64.0,25.0,10,20,2.6,18,32,0.7,3.0,1.0,0.015,0.5,5.283830140450082,1.7005223524420638,0.8174231225339705,3.135263964910399,28.0,12.0,16.0,42.857142857142854,1282.6699999999998,754.28,528.3899999999999,146.41,0.0,0.0,-2.224365961550011,0.5479413079705727,-0.7831214908840198,3.2767258552700844,14.0,4.0,10.0,28.571428571428573,269.62,492.06,-222.44,68.79,0.0,0.0,1.8813471758340021,,,,,,,
1a_broad,55,0.09812587526586082,True,48,21,68.0,23.0,11,18,3.3000000000000003,17,45,1.1,2.5,1.0,0.015,0.5,19.92541321934974,1.2140169680669959,0.9922082050140361,8.449417177308831,193.0,65.0,128.0,33.67875647668394,11303.02,9310.43,1992.5900000000001,1047.44,0.0,0.0,6.951399915749916,1.1714526006328627,0.9432912629651761,10.164081883521172,96.0,35.0,61.0,36.458333333333336,4749.759999999999,4054.59,695.1699999999992,484.71,0.0,0.0,,0.02085419974724975,0.04286315015821568,-0.0,0.0761904761904762,0.01992541321934974,0.010700848403349795,-0.07240821245278034
1a_broad,56,-1.0116991010037006,False,48,21,71.0,23.0,7,12,3.4000000000000004,19,38,1.1,2.5,1.0,0.015,0.5,18.935932675799776,1.132662540651802,0.7881096987509125,12.134837022116253,246.0,86.0,160.0,34.959349593495936,16167.24,14273.66,1893.58,1346.06,0.0,2.0,-0.9135196532999725,0.985887620036335,0.004469739331976297,17.353045761501605,130.0,43.0,87.0,33.07692307692308,6381.689999999999,6473.040000000001,-91.35000000000218,623.1,0.0,1.0,0.07019460602220451,,,,,,,
1a_broad,57,0.1740628881526793,True,141,19,68.0,21.0,12,17,3.9000000000000004,20,24,1.6,2.4000000000000004,1.0,0.015,0.5,10.062320085399897,1.1197427334334658,0.605471639766353,15.936277608249267,154.0,54.0,100.0,35.064935064935064,9408.279999999999,8402.180000000002,1006.0999999999967,815.26,0.0,1.0,10.185842367450078,1.313483868783642,1.2893891674579616,6.943818423941134,63.0,24.0,39.0,38.095238095238095,4267.889999999999,3249.2899999999995,1018.5999999999999,329.73,0.0,0.0,,0.030557527102350233,0.07837096719591052,-0.0,0.05,0.010062320085399897,0.005987136671673288,-0.0009150629026546239
1a_broad,58,0.15611025754755095,True,138,18,68.0,21.0,12,16,4.0,20,24,1.8,2.3,1.0,0.015,0.5,10.498899420099878,1.1360057831250379,0.6316135595799851,14.057165924371537,139.0,54.0,85.0,38.84892086330935,8768.839999999998,7719.01,1049.829999999998,736.95,0.0,1.0,9.170443413600006,1.292071813262586,1.1915528547938288,7.415441743737721,61.0,24.0,37.0,39.34426229508197,4056.86,3139.8100000000004,917.0499999999997,325.3,0.0,0.0,,0.027511330240800016,0.07301795331564648,-0.0,0.048412698412698414,0.010498899420099878,0.0068002891562518935,-0.010130912997945725
1a_broad,59,-1.0054738016925004,False,139,18,73.0,21.0,13,14,3.8000000000000003,20,24,1.8,2.3,1.0,0.015,0.5,-3.284281015500237,0.9599074599715545,-0.13198648131960472,19.47018495752887,146.0,52.0,94.0,35.61643835616438,7862.650000000001,8191.049999999999,-328.3999999999987,704.51,0.0,1.0,4.879437351950001,1.1332954508201198,0.631201169812677,8.75224141787194,66.0,23.0,43.0,34.84848484848485,4148.36,3660.44,487.9199999999996,337.74,0.0,0.0,0.03284281015500237,,,,,,,
1a_broad,60,-1.0053442941730002,False,148,17,76.0,22.0,12,16,3.9000000000000004,20,28,1.7000000000000002,1.8,1.0,0.015,0.5,-3.2065765038001155,0.9589124649061322,-0.1552624206695031,15.772440281776333,152.0,61.0,91.0,40.13157894736842,7483.42,7804.070000000001,-320.65000000000055,750.81,0.0,1.0,7.81434057339995,1.2089415350883057,1.1049862058233058,7.931315941747656,77.0,33.0,44.0,42.857142857142854,4521.26,3739.8500000000004,781.4099999999999,391.13,0.0,0.0,0.032065765038001154,,,,,,,
1a_broad,61,-1.0033854994442502,False,144,19,68.0,21.0,11,17,4.0,19,24,1.9000000000000001,2.4000000000000004,1.0,0.015,0.5,-2.0312996665500944,0.9702117364145577,-0.06713628663982801,16.61557158925945,124.0,42.0,82.0,33.87096774193548,6616.650000000001,6819.8,-203.14999999999964,621.09,0.0,1.0,9.907255261799982,1.3295644306062844,1.2954954374115815,7.43849924809791,57.0,21.0,36.0,36.8421052631579,3996.91,3006.18,990.73,304.03,0.0,0.0,0.020312996665500946,,,,,,,
1a_broad,62,-1.0495996622021262,False,137,18,71.0,24.0,14,15,3.8000000000000003,20,18,1.5,2.3,1.0,0.015,0.5,5.682803390949866,1.0592773557705346,0.3580332060615162,17.462966849060688,175.0,63.0,112.0,36.0,10154.719999999998,9586.46,568.2599999999984,868.85,0.0,2.0,-7.737681686250017,0.8187677858322305,-0.8492375822242094,12.75821337095167,77.0,24.0,53.0,31.16883116883117,3495.77,4269.55,-773.7800000000002,363.51,0.0,0.0,0.29759797321275683,,,,,,,
1a_broad,63,-1.0122480464287502,False,131,19,69.0,21.0,12,18,4.0,7,22,1.6,1.6,1.0,0.015,0.5,-7.34882785725009,0.908731883608003,-0.44687211318952325,13.083535795973287,199.0,83.0,116.0,41.70854271356784,7317.200000000001,8052.099999999999,-734.8999999999987,963.4,0.0,1.0,8.521445138550042,1.2831265657082482,1.421537845276098,5.85343288710795,82.0,37.0,45.0,45.1219512195122,3861.98,3009.82,852.1599999999999,430.82,0.0,0.0,0.0734882785725009,,,,,,,
1a_broad,64,-1.006804813486,False,142,17,70.0,23.0,10,17,3.6,19,25,1.7000000000000002,2.0,1.0,0.015,0.5,-4.08288809159998,0.9405392182558404,-0.22107068091845694,15.2342980119842,135.0,49.0,86.0,36.2962962962963,6459.360000000001,6867.72,-408.3599999999997,672.01,0.0,1.0,9.193345615150045,1.3353432552710294,1.4775254331366063,7.542569639413794,61.0,24.0,37.0,39.34426229508197,3660.71,2741.4,919.31,322.38,0.0,0.0,0.040828880915999795,,,,,,,
1a_broad,65,0.26920726504579273,True,122,18,68.0,24.0,13,16,3.8000000000000003,15,20,2.0,2.5,1.0,0.015,0.5,6.936354978749915,1.1040071371273061,0.4559572923379065,12.8081782240745,122.0,40.0,82.0,32.78688524590164,7363.009999999999,6669.35,693.659999999999,625.64,0.0,2.0,21.265670656300024,1.9128719586531364,2.7604920451860484,3.547400978241634,52.0,23.0,29.0,44.23076923076923,4456.150000000001,2329.56,2126.5900000000006,291.55,0.0,0.0,,0.06379701196890007,0.2282179896632841,-0.0,0.04126984126984127,0.006936354978749915,0.005200356856365307,-0.07621428969134791
1a_broad,66,-1.0159521631683335,False,134,15,75.0,24.0,15,11,3.8000000000000003,15,19,2.0,2.2,1.0,0.015,0.5,-9.571297901000108,0.8761734355917116,-0.5251431226044931,14.79251581781875,139.0,46.0,93.0,33.093525179856115,6772.329999999999,7729.44,-957.1100000000006,644.12,0.0,1.0,14.661410470399987,1.3994719662581534,1.7630693074751398,8.220406878993545,66.0,26.0,40.0,39.39393939393939,5136.37,3670.22,1466.15,362.28,0.0,0.0,0.09571297901000107,,,,,,,
1a_broad,67,-1.0224289142804681,False,121,16,72.0,21.0,14,13,3.9000000000000004,9,20,1.9000000000000001,1.3,1.0,0.015,0.5,-2.611973577250137,0.9606864885208883,-0.13914119760069207,8.24891729644115,168.0,81.0,87.0,48.214285714285715,6381.360000000001,6642.5,-261.1399999999994,821.01,0.0,3.0,-1.561874746899939,0.9525232474366263,-0.21070784724209385,7.335702860177576,80.0,37.0,43.0,46.25,3133.4300000000003,3289.61,-156.17999999999984,398.92,0.0,0.0,0.13457348568280908,,,,,,,
1a_broad,68,0.025349355115314876,True,149,18,66.0,20.0,13,16,3.6,20,22,1.8,2.0,1.0,0.015,0.5,0.6885033516998919,1.0114178835959533,0.09915414986306505,11.041800462654374,116.0,45.0,71.0,38.793103448275865,6099.75,6030.890000000001,68.85999999999876,586.95,0.0,1.0,7.6570959299499375,1.3340473427506956,1.3671752312292533,4.494131970888457,54.0,22.0,32.0,40.74074074074074,3057.93,2292.2200000000003,765.7099999999996,283.27,0.0,0.0,,0.022971287789849814,0.0835118356876739,-0.0,0.04285714285714286,0.0006885033516998919,0.0005708941797976652,-0.12525030875084925
1a_broad,69,0.1310568564271346,True,145,11,78.0,25.0,14,17,4.0,11,29,1.9000000000000001,1.8,1.0,0.015,0.5,5.317066358449974,1.0876842318786086,0.41595082017456436,12.571373410253575,136.0,58.0,78.0,42.64705882352941,6595.38,6063.69,531.6900000000005,690.97,0.0,1.0,8.291787414999963,1.307549367238847,1.3819221104480006,5.775937664570016,66.0,28.0,38.0,42.42424242424242,3525.3099999999995,2696.1199999999994,829.19,344.9,0.0,0.0,,0.024875362244999887,0.07688734180971174,-0.0,0.05238095238095239,0.005317066358449974,0.004384211593930432,-0.032788077960909816
1a_broad,70,-1.0188899409919128,False,145,11,78.0,25.0,15,15,4.0,11,16,1.9000000000000001,1.6,1.0,0.015,0.5,-3.058845845100168,0.9547593024511232,-0.17098757524409705,16.591189175419778,151.0,63.0,88.0,41.72185430463576,6455.5,6761.39,-305.8900000000003,755.76,0.0,1.0,-0.8762364866999451,0.9723117362348511,-0.09541998385447902,7.760984997673398,75.0,31.0,44.0,41.333333333333336,3077.6000000000004,3165.2400000000002,-87.63999999999987,367.78,0.0,0.0,0.11333964595147629,,,,,,,
1a_broad,71,0.07890114472340255,True,132,12,79.0,22.0,15,17,3.8000000000000003,13,30,2.0,1.4,1.0,0.015,0.5,5.795815257799859,1.1184397931221917,0.5185419335856027,7.285504234061792,116.0,57.0,59.0,49.13793103448276,5473.32,4893.709999999999,579.6100000000006,583.88,0.0,1.0,3.875906657149972,1.1825967748773976,0.7895741269652069,5.475833363352065,50.0,22.0,28.0,44.0,2510.31,2122.7099999999996,387.60000000000036,257.03000000000003,0.0,0.0,,0.011627719971449915,0.04564919371934939,-0.0,0.03968253968253968,0.00579581525779986,0.005921989656109583,-0.029776113563845873
1a_broad,72,0.11598822677848673,True,125,14,77.0,24.0,13,16,3.9000000000000004,11,23,1.6,2.2,1.0,0.015,0.5,4.98375905644978,1.0539094668013926,0.3281235818807216,14.659095323879434,184.0,66.0,118.0,35.869565217391305,9741.77,9243.46,498.3100000000013,925.73,0.0,4.0,10.283749100350033,1.2673224089169852,1.3021492681063211,6.6912355533856065,79.0,29.0,50.0,36.70886075949367,4875.44,3847.0400000000004,1028.3999999999992,414.43,0.0,0.0,,0.030851247301050096,0.0668306022292463,-0.0,0.0626984126984127,0.00498375905644978,0.002695473340069632,-0.05207126784674177
1a_broad,73,-1.00600176120975,False,140,7,75.0,27.0,12,15,3.7,10,25,1.9000000000000001,1.8,1.0,0.015,0.5,-3.6010567258499755,0.915245142340714,-0.2666419398025311,10.256788146500137,104.0,42.0,62.0,40.38461538461539,3888.84,4248.96,-360.1199999999999,499.6,0.0,1.0,4.9891782252000665,1.335690401060344,1.1018179543232152,4.748777764284206,42.0,16.0,26.0,38.095238095238095,1985.25,1486.31,498.94000000000005,216.6,0.0,0.0,0.03601056725849976,,,,,,,
1a_broad,74,-1.0068710551103335,False,146,11,70.0,26.0,16,17,4.0,13,27,1.8,2.0,1.0,0.015,0.5,-4.122633066200124,0.9287591331675872,-0.25660664944038314,12.44341970592525,132.0,48.0,84.0,36.36363636363637,5375.63,5787.97,-412.34000000000015,639.04,0.0,1.0,8.59844875985,1.3787061994609162,1.5268846670892804,6.316499063168695,56.0,22.0,34.0,39.285714285714285,3130.3799999999997,2270.52,859.8599999999997,298.7,0.0,0.0,0.04122633066200124,,,,,,,
1a_broad,75,-1.1877850653984288,False,135,8,68.0,25.0,14,18,3.5,12,21,2.0,1.6,1.0,0.015,0.5,-5.528182096200071,0.6968995860632146,-0.8842526413472095,8.42476337610009,49.0,16.0,33.0,32.6530612244898,1271.1100000000001,1823.9499999999998,-552.8399999999997,239.54,0.0,1.0,1.9932995463499537,1.4568370877924695,0.8171946815252864,1.7973902251223246,18.0,8.0,10.0,44.44444444444444,635.72,436.37000000000006,199.34999999999997,91.37,0.0,0.0,1.1267103923905721,,,,,,,
1a_broad,76,0.09466382475988483,True,116,17,77.0,30.0,12,9,3.7,10,20,1.7000000000000002,2.6,1.0,0.015,0.5,3.614603864499768,1.0363685024982845,0.24401370544970466,15.414846407429577,192.0,64.0,128.0,33.333333333333336,10300.279999999999,9938.82,361.4599999999991,946.45,0.0,2.0,5.086112882250036,1.1021267538037989,0.6058946457193387,10.301141000670153,93.0,30.0,63.0,32.25806451612903,5488.469999999999,4979.889999999999,508.5799999999999,475.68,0.0,0.0,,0.015258338646750106,0.02553168845094972,-0.0,0.07380952380952381,0.003614603864499768,0.0018184251249142248,-0.025368755136752796
1a_broad,77,-2.0,False,142,13,73.0,23.0,14,17,1.8,19,29,1.3,1.1,1.0,0.015,0.5,-0.3924558703500043,0.0,-1.5787076354079088,0.3924558703500043,1.0,0.0,1.0,0.0,0.0,39.25,-39.25,4.98,0.0,0.0,,,,,,,,,,,,,,,6.0,,,,,,,
1a_broad,78,-1.0013855698896668,False,82,10,79.0,22.0,13,16,3.9000000000000004,8,26,1.8,1.8,1.0,0.015,0.5,-0.831341933800013,0.9899596744983455,0.012435973432447933,15.392187095863646,183.0,71.0,112.0,38.797814207650276,8199.439999999999,8282.600000000002,-83.16000000000349,887.5699999999999,0.0,2.0,14.812926930350095,1.4493597735773502,1.9375782672073047,5.704724077368673,86.0,39.0,47.0,45.348837209302324,4777.8,3296.4900000000007,1481.3099999999995,456.45,0.0,0.0,0.00831341933800013,,,,,,,
1a_broad,79,-1.1797052154195011,False,150,18,71.0,29.0,8,14,2.6,20,18,1.9000000000000001,2.4000000000000004,1.0,0.015,0.5,3.750398987999979,1.1625210171430551,0.4265685816406459,5.750172503596482,46.0,15.0,31.0,32.608695652173914,2682.6800000000003,2307.6400000000003,375.03999999999996,232.63,0.0,0.0,11.964193145949993,2.7137250408227573,2.4462378618195593,2.934205731114202,19.0,9.0,10.0,47.36842105263158,1894.56,698.1400000000001,1196.4199999999998,100.78,0.0,0.0,1.0782312925170068,,,,,,,
1a_broad,80,0.0877873701142832,True,67,16,57.0,26.0,10,10,3.8000000000000003,12,23,1.5,2.8,1.0,0.015,0.5,2.8294191324500386,1.031145494613879,0.22288842224198407,12.81666180365176,192.0,59.0,133.0,30.729166666666668,9367.399999999998,9084.46,282.9399999999987,997.93,0.0,1.0,3.573936128549958,1.1477789538095162,0.5478893463044746,6.035664334994187,67.0,24.0,43.0,35.82089552238806,2776.11,2418.6799999999994,357.43000000000075,343.46,0.0,0.0,,0.010721808385649874,0.036944738452379056,-0.0,0.05317460317460318,0.0028294191324500385,0.0015572747306939472,-0.01744047376149289
1a_broad,81,0.16187422000919005,True,124,14,77.0,24.0,13,16,4.0,11,23,1.6,2.2,1.0,0.015,0.5,12.858322212399981,1.1359407345381807,0.7209694218432958,12.98986385563889,185.0,71.0,114.0,38.37837837837838,10744.250000000002,9458.460000000001,1285.7900000000009,972.35,0.0,4.0,10.292404430250045,1.2388518993833877,1.2637943874766346,8.73129254677786,86.0,32.0,54.0,37.2093023255814,5338.25,4309.030000000001,1029.2199999999993,454.46,0.0,0.0,,0.030877213290750133,0.05971297484584692,-0.0,0.06825396825396826,0.012858322212399981,0.006797036726909034,-0.016625295320684283
1a_broad,82,0.22368500768672664,True,122,19,79.0,24.0,13,17,4.0,10,25,1.6,2.1,1.0,0.015,0.5,12.340918919449704,1.1395314390384548,0.7222311409594754,9.806924548098761,188.0,73.0,115.0,38.829787234042556,10078.13,8844.1,1234.0299999999988,994.1,0.0,3.0,16.954016173150123,1.445012297653078,2.2061147896383653,6.444368091939924,83.0,36.0,47.0,43.373493975903614,5505.020000000001,3809.67,1695.3500000000013,449.23,0.0,0.0,,0.050862048519450365,0.11125307441326948,-0.0,0.06587301587301587,0.012340918919449705,0.006976571951922739,-0.02362062199038152
1a_broad,83,0.12268063401978849,True,121,14,79.0,24.0,13,16,4.0,10,24,1.6,2.2,1.0,0.015,0.5,13.478153054749836,1.142652725785233,0.7551645084198747,11.800017626803244,185.0,72.0,113.0,38.91891891891892,10796.32,9448.47,1347.8500000000004,995.51,0.0,3.0,8.075140934050031,1.1887707159720435,1.0244674796175874,8.550473303342573,86.0,32.0,54.0,37.2093023255814,5085.68,4278.1,807.5799999999999,450.44,0.0,0.0,,0.024225422802150096,0.047192678993010884,-0.0,0.06825396825396826,0.013478153054749836,0.0071326362892616514,-0.03760222537335224
1a_broad,84,-1.0076010095942505,False,129,19,80.0,24.0,14,15,3.9000000000000004,9,21,1.5,2.1,1.0,0.015,0.5,-4.560605756550303,0.952626221709823,-0.1881814315006755,13.305199111053097,212.0,75.0,137.0,35.37735849056604,9171.790000000003,9627.899999999998,-456.1099999999951,1035.3,0.0,3.0,8.870336137150007,1.2028345246751821,1.20004102193658,6.819497670100461,98.0,36.0,62.0,36.734693877551024,5260.259999999999,4373.219999999999,887.04,499.4,0.0,0.0,0.04560605756550303,,,,,,,
1a_broad,85,0.14516465683524188,True,112,11,76.0,23.0,11,13,3.6,11,26,1.7000000000000002,1.9,1.0,0.015,0.5,5.496584901799688,1.0665583432818113,0.3673258091821274,10.024236609400857,185.0,75.0,110.0,40.54054054054054,8808.94,8259.22,549.7200000000012,915.59,0.0,2.0,12.007605127649967,1.3800064558596419,1.7639689070643823,5.048929376056774,77.0,33.0,44.0,42.857142857142854,4360.71,3159.9200000000005,1200.7899999999995,412.29,0.0,0.0,,0.0360228153829499,0.09500161396491047,-0.0,0.061111111111111116,0.005496584901799688,0.003327917164090566,-0.055795385689619864
1a_broad,86,0.11061753472138205,True,115,13,74.0,22.0,11,11,3.6,12,25,1.7000000000000002,1.9,1.0,0.015,0.5,4.450269138799795,1.0525893495459409,0.30847849509307174,7.181244359387446,188.0,76.0,112.0,40.42553191489362,8907.59,8462.55,445.0400000000009,928.89,0.0,2.0,8.731450686000025,1.2407507485979297,1.2358857945871322,6.052332230881322,83.0,33.0,50.0,39.75903614457831,4499.929999999999,3626.78,873.1499999999992,440.58,0.0,0.0,,0.026194352058000074,0.060187687149482416,-0.0,0.06587301587301587,0.004450269138799795,0.002629467477297043,-0.048717256975213154
1a_broad,87,0.2267197376237308,True,111,15,75.0,20.0,12,13,3.7,8,27,1.6,2.1,1.0,0.015,0.5,12.130406806799947,1.1235057854521202,0.6668818736010885,9.868862541352064,206.0,78.0,128.0,37.86407766990291,11035.129999999997,9822.05,1213.079999999998,1102.97,0.0,3.0,17.994608376300018,1.4456292935646677,2.220735045995633,5.761565445374801,91.0,37.0,54.0,40.65934065934066,5837.4800000000005,4038.020000000001,1799.4599999999996,497.93,0.0,0.0,,0.05398382512890005,0.11140732339116693,-0.0,0.07222222222222223,0.012130406806799948,0.006175289272606011,-0.029199329197964367
1a_broad,88,-1.0064610773440834,False,109,12,76.0,20.0,12,13,3.7,5,26,1.4,2.3,1.0,0.015,0.5,-3.8766464064499995,0.9648087267023804,-0.13127021679439044,12.948587916105142,251.0,81.0,170.0,32.27091633466136,10629.51,11017.220000000001,-387.71000000000095,1235.94,0.0,3.0,16.16067110240003,1.4075857233649762,1.9636614937022963,5.9814725153962325,103.0,39.0,64.0,37.86407766990291,5581.19,3965.08,1616.1099999999997,562.68,0.0,0.0,0.038766464064499996,,,,,,,
1a_broad,89,0.10376430992886021,True,97,15,77.0,21.0,12,12,3.5,10,23,1.6,2.1,1.0,0.015,0.5,4.077247492949683,1.041973735275376,0.2797307980874765,14.875681475510829,205.0,78.0,127.0,38.048780487804876,10121.909999999998,9714.17,407.73999999999796,1036.65,0.0,3.0,6.468897161150035,1.1726039751638972,0.910339848921439,6.314542471342527,87.0,34.0,53.0,39.08045977011494,4394.65,3747.7700000000004,646.8799999999992,439.86,0.0,0.0,,0.019406691483450103,0.04315099379097431,-0.0,0.06904761904761905,0.004077247492949683,0.002098686763768798,-0.034016928649901745
1a_broad,90,-1.021147090507667,False,124,18,75.0,20.0,13,7,3.4000000000000004,8,27,1.6,2.6,1.0,0.015,0.5,-12.688254304600141,0.8757040949673496,-0.5835765846587342,19.1327725087049,201.0,59.0,142.0,29.35323383084577,8939.31,10208.14,-1268.83,909.71,0.0,4.0,9.70346198404999,1.2069959277881002,1.0920297701831803,7.676213689706743,90.0,30.0,60.0,33.333333333333336,5658.24,4687.869999999999,970.3700000000008,472.47,0.0,0.0,0.1268825430460014,,,,,,,
1a_broad,91,-1.0150237496990002,False,114,13,76.0,23.0,11,8,3.8000000000000003,7,21,1.5,2.0,1.0,0.015,0.5,-9.014249819400174,0.9164822050521328,-0.3962052574607205,16.190754283740137,244.0,88.0,156.0,36.0655737704918,9891.29,10792.669999999998,-901.3799999999974,1118.67,0.0,3.0,9.164202363499953,1.1766300000578238,1.1408180439064783,10.056635067338826,119.0,48.0,71.0,40.33613445378151,6104.58,5188.19,916.3900000000003,611.54,0.0,0.0,0.09014249819400173,,,,,,,
1a_broad,92,0.09141599386807733,True,102,16,74.0,21.0,12,16,3.6,9,19,1.7000000000000002,1.9,1.0,0.015,0.5,4.777623228849862,1.0611448778446286,0.33987655111448367,15.818625607929121,175.0,67.0,108.0,38.285714285714285,8291.16,7813.41,477.75,880.92,0.0,2.0,3.788451920050047,1.1359261265592095,0.6873009186001819,5.428418295407638,70.0,27.0,43.0,38.57142857142857,3166.36,2787.4700000000003,378.8899999999999,355.18,0.0,0.0,,0.01136535576015014,0.03398153163980239,-0.0,0.05555555555555556,0.004777623228849862,0.003057243892231432,-0.017321316208512044
1a_broad,93,-1.0074750197493336,False,117,17,72.0,22.0,11,13,3.9000000000000004,6,24,1.7000000000000002,2.4000000000000004,1.0,0.015,0.5,-4.485011849600124,0.950955284463943,-0.17499879040509875,15.734631342947889,194.0,64.0,130.0,32.98969072164948,8696.410000000002,9144.92,-448.5099999999984,895.14,0.0,3.0,10.838476999449995,1.243617523432759,1.30428127193015,10.352226115523194,91.0,33.0,58.0,36.26373626373626,5532.7300000000005,4448.899999999999,1083.8300000000017,498.94,0.0,0.0,0.044850118496001234,,,,,,,
1a_broad,94,0.11707919757183713,True,110,14,76.0,23.0,10,14,3.7,12,22,1.6,1.7000000000000002,1.0,0.015,0.5,4.46516320069979,1.049344449785351,0.30329820434320465,9.287319428598474,200.0,85.0,115.0,42.5,9496.2,9049.65,446.5500000000011,1020.6,0.0,3.0,9.859228438500013,1.2688504562287635,1.4141341997797374,7.246745964885876,88.0,40.0,48.0,45.45454545454545,4652.9,3667.0199999999995,985.8800000000001,450.65,0.0,0.0,,0.02957768531550004,0.06721261405719087,-0.0,0.06984126984126984,0.00446516320069979,0.002467222489267551,-0.056484757332090955
1a_broad,95,-1.0164045309069172,False,119,20,74.0,24.0,13,10,3.8000000000000003,8,26,1.5,2.3,1.0,0.015,0.5,-9.842718544150248,0.9134858037925113,-0.43350863768844783,16.54695784729142,239.0,76.0,163.0,31.799163179916317,10392.389999999998,11376.63,-984.2400000000016,1125.15,0.0,4.0,8.91237498929995,1.1665165776719888,1.0051839004497023,9.98134730975498,102.0,38.0,64.0,37.254901960784316,6243.639999999999,5352.38,891.2599999999993,538.99,0.0,0.0,0.09842718544150247,,,,,,,
1a_broad,96,-2.0,False,112,19,77.0,21.0,12,17,1.0,11,13,1.4,2.2,1.0,0.015,0.5,,,,,,,,,,,,,,,,,,,,,,,,,,,,,6.0,,,,,,,
1a_broad,97,-1.2981939199351995,False,123,15,75.0,27.0,10,18,2.4000000000000004,10,28,1.8,2.5,1.0,0.015,0.5,-2.0456036618000324,0.5659848934906221,-0.618616383509782,4.035565475398942,11.0,2.0,9.0,18.181818181818183,266.76,471.32,-204.56,54.46,0.0,0.0,1.3928696774499987,1.7033277786194012,0.7161857854091603,2.4848282135540725,5.0,2.0,3.0,40.0,337.31,198.03,139.28,25.46,0.0,0.0,1.7891635196111975,,,,,,,
1a_broad,98,0.1402133484489147,True,138,19,66.0,22.0,11,15,4.0,11,23,1.6,1.5,1.0,0.015,0.5,8.115191333099956,1.1070880897393598,0.5697052754736524,11.755693849831886,192.0,91.0,101.0,47.395833333333336,8388.96,7577.5,811.4599999999991,990.02,0.0,2.0,6.4869987089999634,1.200794920925798,1.1041508760930512,6.147779508132109,93.0,42.0,51.0,45.16129032258065,3879.18,3230.51,648.6699999999996,476.02,0.0,0.0,,0.01946099612699989,0.050198730231449495,-0.0,0.07380952380952381,0.008115191333099956,0.00535440448696799,-0.01672549753912644
1a_broad,99,0.14074933680108614,True,128,19,66.0,20.0,13,15,4.0,11,25,1.6,1.4,1.0,0.015,0.5,9.19155248060013,1.1221322214338296,0.656699589645259,10.132082825240817,204.0,99.0,105.0,48.529411764705884,8445.01,7525.859999999999,919.1500000000015,1052.97,0.0,2.0,6.864879666100024,1.2238300342031385,1.1713611830165394,5.252812436867269,89.0,43.0,46.0,48.31460674157304,3753.45,3066.97,686.48,456.98,0.0,0.0,,0.02059463899830007,0.05595750855078463,-0.0,0.07063492063492065,0.009191552480600131,0.006106611071691481,-0.021735894935210807
1a_broad,100,0.17026423821648815,True,128,19,66.0,20.0,13,15,4.0,11,25,1.6,1.5,1.0,0.015,0.5,7.395919459049874,1.0956838441733192,0.5261505938805914,9.699714159288794,203.0,95.0,108.0,46.79802955665025,8468.65,7729.0999999999985,739.5500000000011,1036.0,0.0,2.0,9.85022280860001,1.3169803184573994,1.5980791676231392,5.128315282595893,89.0,43.0,46.0,48.31460674157304,4092.4900000000002,3107.4800000000005,985.0099999999998,463.77,0.0,0.0,,0.02955066842580003,0.07924507961434984,-0.0,0.07063492063492065,0.007395919459049874,0.004784192208665961,-0.021346542126298218
1a_broad,101,-0.02506092153109788,True,128,19,66.0,20.0,13,15,4.0,11,25,1.6,1.2,1.0,0.015,0.5,0.20195680834993254,1.0027976512998573,0.06358870578191318,10.950553527421047,208.0,104.0,104.0,50.0,7254.879999999999,7234.639999999999,20.23999999999978,1034.42,0.0,2.0,3.08326838899995,1.1050809337195433,0.5985634423123143,4.888343838330938,89.0,44.0,45.0,49.438202247191015,3242.8600000000006,2934.5000000000005,308.3600000000001,450.21,0.0,0.0,,0.00924980516699985,0.026270233429885825,-0.0,0.07063492063492065,0.00020195680834993255,0.0001398825649928659,-0.131557720136247
1a_broad,102,-1.0002443522865838,False,137,18,67.0,20.0,13,14,4.0,12,23,1.6,1.4,1.0,0.015,0.5,8.608417429549954,1.1144541870807765,0.6115366569097064,11.762309848115486,192.0,95.0,97.0,49.479166666666664,8382.199999999999,7521.35,860.8499999999985,983.73,0.0,2.0,1.6420411339500425,1.0484605805945222,0.3127457193653919,6.339399025089917,93.0,43.0,50.0,46.236559139784944,3553.17,3388.94,164.23000000000002,464.28,0.0,0.0,0.0014661137195027237,,,,,,,
1a_broad,103,0.1159688141695151,True,131,18,66.0,21.0,12,15,3.9000000000000004,11,27,1.7000000000000002,1.5,1.0,0.015,0.5,9.784913389950034,1.144007241204218,0.7089710146175641,8.388051247505027,176.0,82.0,94.0,46.59090909090909,7772.9,6794.450000000001,978.4499999999989,903.67,0.0,1.0,6.027391218250013,1.215391487688954,1.09073626071209,5.3690464357621,79.0,36.0,43.0,45.56962025316456,3401.03,2798.3,602.73,406.73,0.0,0.0,,0.01808217365475004,0.0538478719222385,-0.0,0.0626984126984127,0.009784913389950035,0.007200362060210897,-0.035644919556047074
1a_broad,104,-1.0460862663359114,False,126,19,67.0,22.0,12,13,3.8000000000000003,9,24,1.5,1.2,1.0,0.015,0.5,-11.707134112200055,0.8610425989009034,-0.7841039546588845,14.100807015056342,237.0,113.0,124.0,47.67932489451477,7254.37,8425.099999999999,-1170.7299999999987,1110.43,0.0,3.0,-3.0604785791999713,0.9147164553434584,-0.45765881189327995,5.413902114311153,99.0,44.0,55.0,44.44444444444444,3282.4600000000005,3588.5,-306.0399999999995,487.99,0.0,0.0,0.27651759801546855,,,,,,,
1a_broad,105,-2.0,False,133,19,68.0,22.0,13,14,1.5,13,29,1.7000000000000002,1.3,1.0,0.015,0.5,,,,,,,,,,,,,,,,,,,,,,,,,,,,,6.0,,,,,,,
1a_broad,106,-1.0226043150863455,False,118,18,65.0,20.0,14,15,3.9000000000000004,10,22,1.4,1.4,1.0,0.015,0.5,-4.206317890150149,0.9520194992426595,-0.2247935292577602,12.523884025197374,237.0,108.0,129.0,45.56962025316456,8346.850000000002,8767.52,-420.66999999999825,1162.49,0.0,5.0,-1.2499281938000422,0.9648833988375001,-0.15922996406454623,8.193029780610832,105.0,46.0,59.0,43.80952380952381,3434.57,3559.57,-125.0,515.5600000000001,0.0,0.0,0.1356258905180733,,,,,,,
1a_broad,107,0.19467179970047524,True,106,17,69.0,23.0,11,16,4.0,12,25,1.6,2.4000000000000004,1.0,0.015,0.5,31.217377480399882,1.3117842696629216,1.4328473344401098,8.386303425819074,194.0,74.0,120.0,38.144329896907216,13134.240000000002,10012.5,3121.7400000000016,1114.5,0.0,2.0,14.907763774850027,1.3548833267470042,1.696764582578868,6.971006730820362,85.0,32.0,53.0,37.64705882352941,5691.35,4200.62,1490.7300000000005,468.89,0.0,0.0,,0.04472329132455008,0.08872083168675104,-0.0,0.06746031746031747,0.031217377480399884,0.015589213483146082,-0.05303923173468932
1a_broad,108,0.16099900205729886,True,106,17,69.0,23.0,13,16,3.7,12,25,1.5,2.6,1.0,0.015,0.5,14.947630086099908,1.1472503960091736,0.7880277033963035,12.776889566917562,191.0,63.0,128.0,32.98429319371728,11646.060000000003,10151.28,1494.7800000000025,1061.92,0.0,3.0,10.210078735399966,1.3071276870965218,1.3419809683179815,6.211817389127283,75.0,23.0,52.0,30.666666666666668,4345.18,3324.2200000000003,1020.96,394.86,0.0,0.0,,0.030630236206199896,0.07678192177413046,-0.0,0.05952380952380953,0.014947630086099908,0.007362519800458678,-0.028247115333399592
1a_broad,109,0.23218905037138107,True,91,17,70.0,23.0,12,16,3.7,13,27,1.5,2.4000000000000004,1.0,0.015,0.5,13.287789262699897,1.1386263600408546,0.6892914654724075,15.240659195404755,189.0,66.0,123.0,34.92063492063492,10913.95,9585.19,1328.7600000000002,969.36,0.0,3.0,17.36413580315002,1.4621602486984848,1.9849635938617594,6.6324455781226765,81.0,32.0,49.0,39.50617283950617,5493.57,3757.1600000000003,1736.4099999999994,443.08,0.0,0.0,,0.052092407409450064,0.1155400621746212,-0.0,0.0642857142857143,0.013287789262699898,0.00693131800204273,-0.019948240763147124
1a_broad,110,-1.0106923279380835,False,92,17,70.0,23.0,12,16,3.5,14,31,1.4,2.6,1.0,0.015,0.5,-6.415396762850105,0.9287791101080086,-0.29512502874559743,21.826615221118736,173.0,53.0,120.0,30.63583815028902,8366.08,9007.61,-641.5300000000007,838.84,0.0,3.0,12.713479379099917,1.4092502518903849,1.5659829466683253,6.02460628005211,70.0,27.0,43.0,38.57142857142857,4377.849999999999,3106.5099999999998,1271.3399999999997,372.57,0.0,0.0,0.06415396762850105,,,,,,,
1a_broad,111,-2.0,False,106,17,69.0,24.0,13,16,1.2,13,26,1.5,2.4000000000000004,1.0,0.015,0.5,,,,,,,,,,,,,,,,,,,,,,,,,,,,,6.0,,,,,,,
1a_broad,112,0.10809257059881967,True,102,17,69.0,23.0,12,16,3.7,12,28,1.3,2.5,1.0,0.015,0.5,11.754852058499745,1.1091976393013774,0.6211762413541038,12.954688484251006,218.0,75.0,143.0,34.403669724770644,11940.08,10764.61,1175.4699999999993,1131.46,0.0,3.0,6.761158560750137,1.1711791542820102,0.8623781118499321,9.016247949143041,86.0,27.0,59.0,31.3953488372093,4625.9,3949.7800000000007,676.119999999999,445.69,0.0,0.0,,0.02028347568225041,0.04279478857050256,-0.0,0.06825396825396826,0.011754852058499746,0.005459881965068869,-0.04045439593147018
1a_broad,113,0.1512115597748498,True,111,18,68.0,25.0,11,16,3.6,12,27,1.5,2.2,1.0,0.015,0.5,17.627508207699886,1.1823926312445743,0.925115906977466,11.957269268190384,189.0,70.0,119.0,37.03703703703704,11427.34,9664.59,1762.75,1075.41,0.0,3.0,9.657284810300007,1.344539224185602,1.3586201222957202,6.359167803543396,67.0,24.0,43.0,35.82089552238806,3768.73,2802.99,965.7400000000002,354.29,0.0,0.0,,0.02897185443090002,0.0861348060464005,-0.0,0.05317460317460318,0.017627508207699885,0.009119631562228715,-0.043816843646982524
1a_broad,114,0.17148022154808254,True,92,16,68.0,25.0,12,16,3.8000000000000003,15,30,1.5,2.3,1.0,0.015,0.5,7.422430907649905,1.0767722990004975,0.4307930824846441,18.924665196479655,191.0,69.0,122.0,36.12565445026178,10410.03,9667.810000000001,742.2199999999993,942.33,0.0,3.0,14.597962916700089,1.3945495676898503,1.7911015919617954,7.876171785750924,84.0,35.0,49.0,41.666666666666664,5159.68,3699.89,1459.7900000000004,459.57,0.0,0.0,,0.04379388875010026,0.09863739192246257,-0.0,0.06666666666666667,0.007422430907649905,0.003838614950024877,-0.04887877164882173
1a_broad,115,0.15652638002183564,True,93,16,70.0,24.0,12,17,3.8000000000000003,16,32,1.5,2.3,1.0,0.015,0.5,5.711505477149931,1.0634039289167339,0.36327081456249094,20.749953029258158,180.0,64.0,116.0,35.55555555555556,9579.77,9008.59,571.1800000000003,885.26,0.0,3.0,15.058843665200019,1.4354478183800292,1.8396958049418928,5.494974827897953,77.0,31.0,46.0,40.25974025974026,4964.08,3458.209999999999,1505.8700000000008,414.52,0.0,0.0,,0.04517653099560006,0.1088619545950073,-0.0,0.061111111111111116,0.005711505477149931,0.0031701964458366928,-0.06750491860286947
1a_broad,116,0.2218747960957915,True,91,16,70.0,25.0,13,17,3.8000000000000003,15,28,1.4,2.4000000000000004,1.0,0.015,0.5,10.700714193700005,1.1039710216181609,0.5656306965682869,15.804796037547028,200.0,68.0,132.0,34.0,11361.86,10291.809999999998,1070.050000000003,1033.54,0.0,3.0,17.948848766749983,1.509517997047803,2.0135046466609707,5.154117598568722,79.0,30.0,49.0,37.9746835443038,5317.7300000000005,3522.8,1794.9300000000003,425.27,0.0,0.0,,0.05384654630024995,0.12737949926195075,-0.0,0.0626984126984127,0.010700714193700006,0.005198551080908043,-0.03794892743942996
1a_broad,117,0.21153222176759198,True,84,15,69.0,25.0,14,17,3.7,15,30,1.4,2.7,1.0,0.015,0.5,9.158853844649984,1.0889738797270625,0.4999611056001045,11.580215531036703,188.0,59.0,129.0,31.382978723404257,11209.810000000001,10293.919999999998,915.890000000003,982.47,0.0,2.0,18.345246032849918,1.5243371937486425,2.106952784456229,5.4553837081580205,78.0,30.0,48.0,38.46153846153846,5333.290000000001,3498.76,1834.5300000000007,433.96,0.0,0.0,,0.05503573809854975,0.13108429843716063,-0.0,0.06190476190476191,0.009158853844649985,0.004448693986353125,-0.050100124503883424
1a_broad,118,0.14007940879737713,True,84,16,71.0,26.0,14,17,3.8000000000000003,15,30,1.4,2.4000000000000004,1.0,0.015,0.5,1.9635807980999196,1.018997741405438,0.1678735318152718,13.626465432245393,197.0,64.0,133.0,32.48730964467005,10530.18,10333.86,196.3199999999997,983.66,0.0,3.0,20.082084696800013,1.5436533396138052,2.2550928097811607,5.4553837081580205,81.0,32.0,49.0,39.50617283950617,5702.24,3693.99,2008.25,438.3,0.0,0.0,,0.060246254090400034,0.1359133349034513,-0.0,0.0642857142857143,0.00196358079809992,0.0009498870702719042,-0.12327936235056033
1a_broad,119,0.1757266145361166,True,80,15,67.0,25.0,15,17,3.9000000000000004,14,30,1.3,2.8,1.0,0.015,0.5,8.0823054455499,1.0669152614218913,0.4306302686169586,10.523512797870016,230.0,68.0,162.0,29.565217391304348,12886.8,12078.56,808.2399999999998,1176.32,0.0,2.0,14.700197779999943,1.3693663360863546,1.5919308339652978,6.381823785840841,90.0,34.0,56.0,37.77777777777778,5449.9,3979.87,1470.0299999999997,471.49,0.0,0.0,,0.04410059333999983,0.09234158402158865,-0.0,0.07142857142857144,0.0080823054455499,0.0033457630710945654,-0.04357220277068778
1a_broad,120,0.14279696431548938,True,79,15,67.0,25.0,15,17,3.9000000000000004,14,31,1.3,2.8,1.0,0.015,0.5,5.455833047999968,1.045118819700873,0.318391738001901,9.939626602368184,231.0,67.0,164.0,29.004329004329005,12637.42,12091.849999999999,545.5700000000015,1173.82,0.0,2.0,13.845106945849983,1.3461043295227,1.5090242716145035,6.37946848185329,91.0,33.0,58.0,36.26373626373626,5384.700000000001,4000.2100000000005,1384.4900000000002,473.79,0.0,0.0,,0.04153532083754995,0.086526082380675,-0.0,0.07222222222222223,0.005455833047999968,0.0022559409850436475,-0.0651984351580014
1a_broad,121,0.25898823997392667,True,89,14,70.0,25.0,16,17,3.7,15,29,1.3,2.8,1.0,0.015,0.5,15.78941816834993,1.1457624990652873,0.7804451822423677,11.482235531899368,198.0,62.0,136.0,31.31313131313131,12411.139999999996,10832.210000000001,1578.9299999999948,1081.57,0.0,2.0,15.737556776099918,1.511334652487385,1.8929201186030027,5.174507735744363,77.0,29.0,48.0,37.66233766233766,4651.48,3077.73,1573.7499999999995,421.84,0.0,0.0,,0.047212670328299754,0.12783366312184624,-0.0,0.061111111111111116,0.01578941816834993,0.007288124953264363,-0.0002467477089447613
1a_broad,122,0.24342712368566732,True,89,15,69.0,25.0,16,18,3.7,15,33,1.3,2.7,1.0,0.015,0.5,10.148174901849998,1.1032937682137474,0.559442280929963,9.398163518389621,188.0,59.0,129.0,31.382978723404257,10839.1,9824.31,1014.7900000000009,979.05,0.0,2.0,18.956047824249907,1.6411669203450028,2.3280081512070416,5.987312579805584,71.0,28.0,43.0,39.436619718309856,4852.110000000001,2956.5,1895.6100000000006,404.05,0.0,0.0,,0.056868143472749724,0.1602917300862507,-0.0,0.05634920634920635,0.01014817490185,0.005164688410687368,-0.045394819535076805
1a_broad,123,0.1838471381733065,True,89,15,69.0,26.0,17,18,3.7,15,29,1.2000000000000002,2.8,1.0,0.015,0.5,9.524643088049707,1.0861753220196666,0.5125548395533858,12.983749825873717,210.0,64.0,146.0,30.476190476190474,12004.54,11052.120000000003,952.4199999999983,1120.75,0.0,2.0,11.64493910924999,1.3369181849482525,1.3967920964255107,6.235305400336063,83.0,28.0,55.0,33.734939759036145,4620.67,3456.21,1164.46,445.14,0.0,0.0,,0.034934817327749966,0.08422954623706314,-0.0,0.06587301587301587,0.009524643088049707,0.0043087661009833305,-0.015023650453555514
1a_broad,124,0.16378056730592316,True,89,15,69.0,26.0,17,18,3.7,15,33,1.2000000000000002,2.8,1.0,0.015,0.5,7.779436821999789,1.073774650906273,0.44006105926149897,13.208796812487078,199.0,60.0,139.0,30.150753768844222,11321.589999999998,10543.73,777.8599999999988,1044.94,0.0,2.0,10.77668860825006,1.3228752217055753,1.3197994381150766,6.419909553486533,80.0,27.0,53.0,33.75,4415.4400000000005,3337.7599999999998,1077.6800000000007,429.15,0.0,0.0,,0.032330065824750176,0.08071880542639381,-0.0,0.06349206349206349,0.007779436821999788,0.0036887325453136555,-0.024228536804597748
1a_broad,125,0.13378247170728944,True,89,14,70.0,26.0,16,18,3.4000000000000004,14,34,1.2000000000000002,2.9000000000000004,1.0,0.015,0.5,1.8340878127998803,1.021736476628547,0.1653478695546455,15.184062548099714,168.0,48.0,120.0,28.571428571428573,8620.83,8437.429999999998,183.40000000000146,859.3,0.0,1.0,14.698313897849857,1.6075904889462107,1.8610902024371443,6.731906845959575,65.0,24.0,41.0,36.92307692307692,3888.89,2419.0800000000004,1469.8099999999995,347.59,0.0,0.0,,0.04409494169354957,0.15189762223655268,-0.0,0.0515873015873016,0.0018340878127998804,0.0010868238314273527,-0.11671830545434166
1a_broad,126,0.2683005678581168,True,96,15,70.0,25.0,17,19,3.6,16,29,1.3,2.7,1.0,0.015,0.5,14.500902906149948,1.167015450530086,0.8002258596048802,11.597370513345501,163.0,53.0,110.0,32.515337423312886,10132.67,8682.550000000001,1450.119999999999,879.95,0.0,1.0,16.177639319650005,1.6045838954516065,2.1465810178032423,6.274478836273029,68.0,27.0,41.0,39.705882352941174,4293.69,2675.8900000000003,1617.7999999999993,378.23,0.0,0.0,,0.04853291795895002,0.15114597386290163,-0.0,0.05396825396825397,0.01450090290614995,0.008350772526504303,-0.008198253364643058
1a_broad,127,0.26560755570391814,True,97,15,70.0,25.0,17,19,3.6,16,29,1.3,2.7,1.0,0.015,0.5,14.106016786349937,1.1623097016213477,0.782619277841581,11.46650906750036,162.0,53.0,109.0,32.71604938271605,10100.82,8690.300000000001,1410.5199999999986,874.29,0.0,1.0,16.177639319650005,1.6045838954516065,2.1465810178032423,6.274478836273029,68.0,27.0,41.0,39.705882352941174,4293.69,2675.8900000000003,1617.7999999999993,378.23,0.0,0.0,,0.04853291795895002,0.15114597386290163,-0.0,0.05396825396825397,0.014106016786349937,0.008115485081067386,-0.01026109195360478
1a_broad,128,-1.003498390100917,False,96,15,70.0,27.0,17,19,3.5,16,29,1.2000000000000002,2.7,1.0,0.015,0.5,-2.0990340605501845,0.9763708901430957,-0.052866809632958124,20.574113069267526,171.0,50.0,121.0,29.239766081871345,8675.689999999999,8885.65,-209.96000000000095,883.92,0.0,1.0,11.694612756749994,1.4293718309755736,1.609473367336393,4.867127177704403,71.0,26.0,45.0,36.61971830985915,3893.080000000001,2723.6299999999997,1169.4500000000012,381.15,0.0,0.0,0.020990340605501846,,,,,,,
1a_broad,129,0.19763193205285712,True,100,16,72.0,25.0,18,19,3.6,15,32,1.3,3.0,1.0,0.015,0.5,33.81609477039992,1.3899973473883311,1.5927815485903132,9.768513678162064,154.0,52.0,102.0,33.76623376623377,12052.249999999998,8670.699999999997,3381.550000000001,912.09,0.0,1.0,13.347914873850131,1.4743015727494335,1.6295587632034292,6.645165061726114,64.0,23.0,41.0,35.9375,4148.950000000001,2814.18,1334.770000000001,339.88,0.0,0.0,,0.040043744621550394,0.11857539318735838,-0.0,0.050793650793650794,0.03381609477039992,0.019499867369416557,-0.06509681868951894
1a_broad,130,0.16909598273489204,True,86,14,72.0,25.0,18,19,3.4000000000000004,16,32,1.3,3.0,1.0,0.015,0.5,9.461001005749822,1.1196186102615133,0.5853505928957516,14.328925713956728,146.0,42.0,104.0,28.767123287671232,8855.03,7908.969999999999,946.0600000000013,775.98,0.0,1.0,8.845763325850003,1.338155128254138,1.1748447658342471,7.334711367978551,60.0,20.0,40.0,33.333333333333336,3500.4799999999996,2615.9,884.5799999999995,313.78,0.0,0.0,,0.02653728997755001,0.08453878206353449,-0.0,0.047619047619047616,0.009461001005749821,0.005980930513075667,-0.00504106844406556
1a_broad,131,0.297746319276427,True,101,15,71.0,27.0,17,20,3.6,15,33,1.3,2.7,1.0,0.015,0.5,20.266723825549942,1.2726280941484762,1.1210417531189225,9.06235206862402,148.0,51.0,97.0,34.45945945945946,9460.45,7433.79,2026.6600000000008,813.15,0.0,1.0,16.22932425244995,1.7524130960880488,2.1725979010937033,4.518027645759389,55.0,22.0,33.0,40.0,3779.9199999999996,2156.98,1622.9399999999996,300.58,0.0,0.0,,0.04868797275734985,0.1881032740220122,-0.0,0.043650793650793655,0.020266723825549945,0.013631404707423812,-0.01659384968670253
1a_broad,132,0.2694397506646919,True,98,16,71.0,27.0,19,20,3.6,16,33,1.3,2.7,1.0,0.015,0.5,17.33731516989992,1.22729852998436,0.9673143145472105,9.686851722536245,147.0,49.0,98.0,33.333333333333336,9361.6,7627.81,1733.79,807.61,0.0,1.0,15.37281079925002,1.6176857026908662,2.042297890939708,4.482989209003335,62.0,24.0,38.0,38.70967741935484,4026.08,2488.7899999999995,1537.2900000000004,334.4,0.0,0.0,,0.046118432397750056,0.15442142567271655,-0.0,0.049206349206349205,0.01733731516989992,0.011364926499217998,-0.009008698281241834
1a_broad,133,0.31569088021436514,True,100,16,71.0,27.0,19,20,3.6,16,35,1.4,2.7,1.0,0.015,0.5,16.95140008219989,1.2564306590101837,1.0352623713188003,8.646648153590483,129.0,44.0,85.0,34.10852713178294,8305.66,6610.52,1695.1399999999994,709.94,0.0,1.0,17.298112063900025,1.7580413328892701,2.284555816334903,3.5730796713551736,58.0,24.0,34.0,41.37931034482759,4011.7799999999997,2281.9600000000005,1729.8199999999993,315.04,0.0,0.0,,0.05189433619170008,0.18951033322231753,-0.0,0.046031746031746035,0.016951400082199888,0.012821532950509185,-0.0015184682641075943
1a_broad,134,0.2894789267512912,True,97,16,71.0,28.0,19,20,3.5,16,36,1.4,2.7,1.0,0.015,0.5,12.902662519199911,1.2232806924644997,0.8654876108378489,11.723490351088927,116.0,40.0,76.0,34.48275862068966,7069.07,5778.779999999999,1290.2900000000009,622.78,0.0,1.0,17.255382887799968,1.7475317226171758,2.4261683785309627,3.546692856459425,61.0,26.0,35.0,42.622950819672134,4033.81,2308.2899999999995,1725.5200000000004,329.54,0.0,0.0,,0.051766148663399895,0.18688293065429396,-0.0,0.048412698412698414,0.012902662519199913,0.011164034623224984,-0.02164954812152595
1a_broad,135,0.19931806436568442,True,98,16,71.0,28.0,19,20,3.5,16,36,1.3,2.7,1.0,0.015,0.5,3.996783776949924,1.0610116139905232,0.3078438616461029,14.544152264441006,132.0,41.0,91.0,31.060606060606062,6950.39,6550.72,399.6700000000001,687.19,0.0,1.0,17.199077916999958,1.745940460081191,2.417213341753737,3.546908797768203,60.0,25.0,35.0,41.666666666666664,4025.58,2305.68,1719.9,323.73,0.0,0.0,,0.05159723375099987,0.18648511502029774,-0.0,0.047619047619047616,0.003996783776949924,0.003050580699526162,-0.0934306965011369
1a_broad,136,-1.0012653491074168,False,95,16,71.0,27.0,20,20,3.3000000000000003,17,34,1.4,2.6,1.0,0.015,0.5,-0.759209464450123,0.9848563718715037,-0.010095439359942986,12.611722648199969,103.0,31.0,72.0,30.097087378640776,4938.06,5013.99,-75.92999999999938,517.8100000000001,0.0,1.0,7.444033121150041,1.4226201289853753,1.3539573569723322,5.653592795270767,49.0,20.0,29.0,40.816326530612244,2505.8599999999997,1761.44,744.4199999999996,252.32,0.0,0.0,0.007592094644501231,,,,,,,
1a_broad,137,0.3361377234360144,True,100,14,73.0,27.0,19,20,3.6,16,36,1.3,2.9000000000000004,1.0,0.015,0.5,18.3925323577999,1.2390749644812045,1.018330342343489,9.606951328097448,142.0,45.0,97.0,31.690140845070424,9532.34,7693.110000000001,1839.2299999999996,789.21,0.0,1.0,18.194812042999967,1.8302926869335863,2.2729671960870164,4.846194778374989,56.0,23.0,33.0,41.07142857142857,4010.9399999999996,2191.42,1819.5199999999995,305.13,0.0,0.0,,0.0545844361289999,0.20757317173339657,-0.0,0.044444444444444446,0.0183925323577999,0.011953748224060224,-0.0008106094526866433
1a_broad,138,0.3361377234360144,True,100,14,73.0,27.0,19,20,3.6,16,36,1.3,2.9000000000000004,1.0,0.015,0.5,18.3925323577999,1.2390749644812045,1.018330342343489,9.606951328097448,142.0,45.0,97.0,31.690140845070424,9532.34,7693.110000000001,1839.2299999999996,789.21,0.0,1.0,18.194812042999967,1.8302926869335863,2.2729671960870164,4.846194778374989,56.0,23.0,33.0,41.07142857142857,4010.9399999999996,2191.42,1819.5199999999995,305.13,0.0,0.0,,0.0545844361289999,0.20757317173339657,-0.0,0.044444444444444446,0.0183925323577999,0.011953748224060224,-0.0008106094526866433
1a_broad,139,0.29271284240355744,True,99,14,73.0,27.0,19,20,3.6,16,36,1.3,2.9000000000000004,1.0,0.015,0.5,14.720412780999851,1.1932880583217782,0.8373830951398926,10.200803936116158,141.0,43.0,98.0,30.49645390070922,9087.699999999999,7615.679999999999,1472.0199999999995,768.34,0.0,1.0,16.801731203400013,1.7271806590667118,2.1119221696486408,4.846007294835082,58.0,23.0,35.0,39.6551724137931,3990.7199999999993,2310.5399999999995,1680.1799999999998,314.39,0.0,0.0,,0.05040519361020004,0.18179516476667795,-0.0,0.046031746031746035,0.01472041278099985,0.00966440291608891,-0.009904077702155326
1a_broad,140,0.2629752861142307,True,100,14,72.0,28.0,19,20,3.6,17,36,1.3,2.9000000000000004,1.0,0.015,0.5,18.42555481049976,1.2367029612920133,1.0169574436286255,9.67879605500975,141.0,45.0,96.0,31.914893617021278,9627.04,7784.4400000000005,1842.6000000000004,786.14,0.0,1.0,14.395752545950016,1.6539995638821752,1.905271700100214,4.846043309616073,56.0,22.0,34.0,39.285714285714285,3640.85,2201.2400000000002,1439.6099999999997,303.21,0.0,0.0,,0.04318725763785005,0.1634998909705438,-0.0,0.044444444444444446,0.01842555481049976,0.011835148064600665,-0.01841700981370799
1a_broad,141,0.35468606814335923,True,100,14,73.0,28.0,19,20,3.6,17,37,1.3,2.9000000000000004,1.0,0.015,0.5,18.53157574319992,1.2386008101169335,1.022848219825656,9.676686804034786,142.0,45.0,97.0,31.690140845070424,9619.939999999997,7766.78,1853.1599999999971,790.65,0.0,1.0,19.12372484355003,1.90224524554277,2.3785625124136627,4.846043309616073,55.0,23.0,32.0,41.81818181818182,4031.9800000000005,2119.59,1912.3900000000003,301.08,0.0,0.0,,0.05737117453065009,0.22556131138569252,-0.0,0.043650793650793655,0.01853157574319992,0.011930040505846673,-0.0023588276728235976
1a_broad,142,0.2696497220163678,True,99,14,73.0,28.0,19,20,3.5,17,35,1.3,2.9000000000000004,1.0,0.015,0.5,9.86894107649985,1.1485490668272127,0.643589405962542,13.949047061304142,128.0,41.0,87.0,32.03125,7630.96,6643.999999999999,986.960000000001,686.65,0.0,1.0,17.251368222250093,1.784770682266884,2.1846848057870623,4.84585530930978,57.0,23.0,34.0,40.35087719298246,3923.3900000000003,2198.2599999999998,1725.1300000000006,309.25,0.0,0.0,,0.05175410466675028,0.19619267056672102,-0.0,0.045238095238095244,0.00986894107649985,0.007427453341360635,-0.040831542873059276
1a_broad,143,0.32044494655692846,True,100,14,73.0,28.0,19,20,3.5,17,37,1.3,2.9000000000000004,1.0,0.015,0.5,11.833393469299917,1.1792607314520127,0.7614062581559159,13.787611277645892,128.0,41.0,87.0,32.03125,7784.76,6601.3899999999985,1183.3700000000017,693.33,0.0,1.0,19.096729802800034,1.9389030373946647,2.3986719615595913,4.846043309616073,54.0,23.0,31.0,42.592592592592595,3943.6899999999996,2033.9799999999998,1909.7099999999998,294.15,0.0,0.0,,0.0572901894084001,0.23472575934866619,-0.0,0.04285714285714286,0.011833393469299918,0.008963036572600636,-0.03522457509918122
1a_broad,144,0.11340068710571283,True,100,13,73.0,28.0,19,20,3.4000000000000004,17,37,1.2000000000000002,3.0,1.0,0.015,0.5,9.574861721199904,1.1423288170109032,0.6259118949973806,14.527436437352941,129.0,40.0,89.0,31.007751937984494,7684.959999999999,6727.449999999999,957.5100000000002,700.18,0.0,1.0,6.001073292300043,1.2747126489396274,1.0206850242323602,5.242644121694535,56.0,19.0,37.0,33.92857142857143,2784.7499999999995,2184.61,600.1399999999994,288.41,0.0,0.0,,0.01800321987690013,0.06867816223490686,-0.0,0.044444444444444446,0.009574861721199904,0.0071164408505451585,-0.034416442022283666
1a_broad,145,0.3200828159865677,True,100,14,73.0,29.0,19,20,3.5,16,36,1.3,2.9000000000000004,1.0,0.015,0.5,11.706399441499798,1.1792382489248303,0.7560970649714392,13.72140734529237,128.0,41.0,87.0,32.03125,7702.2300000000005,6531.5300000000025,1170.699999999998,691.82,0.0,1.0,19.093883412500016,1.9410135478116022,2.398853041725664,4.846194778374989,54.0,23.0,31.0,42.592592592592595,3938.5299999999997,2029.11,1909.4199999999998,294.17,0.0,0.0,,0.057281650237500044,0.23525338695290055,-0.0,0.04285714285714286,0.0117063994414998,0.008961912446241517,-0.0359776759487171
1a_broad,146,0.1447824203168882,True,100,14,73.0,29.0,19,20,3.3000000000000003,17,36,1.2000000000000002,2.9000000000000004,1.0,0.015,0.5,6.693686006600037,1.1165876248978959,0.5081601530881908,11.786097180200116,120.0,38.0,82.0,31.666666666666668,6411.1,5741.6900000000005,669.4099999999999,622.71,0.0,0.0,6.048951833300052,1.3312523958162203,1.1004555477127795,4.825848956325537,49.0,18.0,31.0,36.734693877551024,2431.0,1826.1000000000001,604.8999999999999,254.93,0.0,0.0,,0.018146855499900152,0.08281309895405509,-0.0,0.03888888888888889,0.006693686006600037,0.0058293812448947935,-0.007589490277450757
1a_broad,147,0.10567187816208337,True,104,13,72.0,28.0,20,20,3.5,16,39,1.3,2.9000000000000004,1.0,0.015,0.5,9.86279666994993,1.1552006571338207,0.6809600793421361,15.160618679617446,125.0,39.0,86.0,31.2,7341.1500000000015,6354.869999999999,986.2800000000025,662.75,0.0,1.0,5.7367224903999885,1.280150815124491,0.881670583073019,6.911461375226713,51.0,17.0,34.0,33.333333333333336,2621.16,2047.54,573.6199999999999,263.23,0.0,0.0,,0.017210167471199963,0.07003770378112273,-0.0,0.04047619047619048,0.00986279666994993,0.007760032856691035,-0.03967501309307076
1a_broad,148,0.2683879098266203,True,99,14,73.0,29.0,18,20,3.6,16,35,1.3,3.2,1.0,0.015,0.5,12.53575242739982,1.168288360853806,0.6988859558288895,9.679427317845759,136.0,40.0,96.0,29.41176470588235,8702.58,7449.0,1253.58,719.35,0.0,1.0,16.1607937103501,1.6906630084532082,1.8913133048862758,5.148305868448833,57.0,20.0,37.0,35.08771929824562,3956.05,2339.94,1616.1100000000001,306.34,0.0,0.0,,0.048482381131050294,0.17266575211330204,-0.0,0.045238095238095244,0.012535752427399821,0.008414418042690297,-0.01894848912591741
1a_broad,149,-1.0023451645285837,False,97,14,73.0,31.0,18,19,3.4000000000000004,16,35,1.3,3.2,1.0,0.015,0.5,-1.4070987171501839,0.9792094630342836,-0.020344771248497904,15.11894094950006,126.0,35.0,91.0,27.77777777777778,6625.86,6766.539999999998,-140.67999999999847,628.16,0.0,1.0,14.44583736125005,1.6046713128649461,1.766477922909943,6.8388282829706935,59.0,21.0,38.0,35.59322033898305,3833.64,2389.05,1444.5899999999997,312.64,0.0,0.0,0.014070987171501839,,,,,,,
1a_broad,150,-1.0089522559999167,False,103,13,73.0,29.0,18,20,3.5,16,37,1.2000000000000002,3.2,1.0,0.015,0.5,-5.37135359994998,0.9167780992062077,-0.2579930412632852,18.170980089001393,132.0,36.0,96.0,27.272727272727273,5916.73,6453.83,-537.1000000000004,623.16,0.0,1.0,10.354509121750016,1.4836002409874882,1.4802608239707424,5.83981187311517,54.0,17.0,37.0,31.48148148148148,3176.67,2141.19,1035.48,285.39,0.0,0.0,0.0537135359994998,,,,,,,
1a_broad,151,0.20969850783769092,True,99,14,72.0,27.0,19,20,3.6,17,38,1.3,3.0,1.0,0.015,0.5,19.17734791555005,1.2514366704645727,1.0527617999839316,9.92861955485167,135.0,41.0,94.0,30.37037037037037,9544.720000000001,7627.01,1917.710000000001,759.56,0.0,1.0,11.993152318450084,1.525215456838565,1.5880411296543442,5.257436766480782,57.0,21.0,36.0,36.8421052631579,3482.8599999999997,2283.52,1199.3399999999997,303.54,0.0,0.0,,0.03597945695535025,0.13130386420964124,-0.0,0.045238095238095244,0.01917734791555005,0.012571833523228639,-0.0345720900041745
1a_broad,152,0.27108636415788717,True,95,14,73.0,30.0,19,20,3.6,17,35,1.3,2.9000000000000004,1.0,0.015,0.5,13.914874262749983,1.1797918456737884,0.7921897589449416,9.746232443418759,142.0,44.0,98.0,30.985915492957748,9130.94,7739.45,1391.4900000000007,763.99,0.0,1.0,15.533709690850065,1.6488298365572176,1.9671273099887177,4.845675844061182,60.0,23.0,37.0,38.333333333333336,3947.4799999999996,2394.1099999999997,1553.37,322.99,0.0,0.0,,0.04660112907255019,0.1622074591393044,-0.0,0.047619047619047616,0.013914874262749982,0.008989592283689419,-0.00824573821945443
1a_broad,153,0.29206781883448196,True,95,14,73.0,30.0,20,19,3.6,16,35,1.4,2.9000000000000004,1.0,0.015,0.5,16.227358882149893,1.2182668743426062,0.9091313086596976,8.939541872928551,136.0,43.0,93.0,31.61764705882353,9057.4,7434.66,1622.7399999999998,738.23,0.0,1.0,17.558279621199997,1.6694703610360202,2.1365049553277813,4.845208476327909,64.0,25.0,39.0,39.0625,4378.57,2622.729999999999,1755.8400000000006,347.99,0.0,0.0,,0.052674838863599985,0.16736759025900505,-0.0,0.050793650793650794,0.016227358882149892,0.010913343717130309,-0.005908963681054042
1a_broad,154,0.2654825374698092,True,94,14,73.0,30.0,20,20,3.5,16,37,1.4,2.9000000000000004,1.0,0.015,0.5,20.369900244649887,1.3522381246336368,1.242310786083957,8.842858270467676,113.0,39.0,74.0,34.51327433628319,7820.250000000001,5783.19,2037.0600000000013,623.45,0.0,1.0,14.961639617550082,1.6350047110952657,1.9580541793772654,4.827704179883111,59.0,23.0,36.0,38.983050847457626,3852.2999999999997,2356.1400000000003,1496.1599999999994,316.45,0.0,0.0,,0.044884918852650245,0.15875117777381642,-0.0,0.046825396825396826,0.02036990024464989,0.01761190623168184,-0.022960762458386037
1a_broad,155,0.1394050881601884,True,103,13,73.0,31.0,19,20,3.4000000000000004,16,35,1.2000000000000002,3.0,1.0,0.015,0.5,6.775198538899894,1.098777257306642,0.4659671655677561,15.547279688840726,134.0,40.0,94.0,29.850746268656717,7536.699999999999,6859.169999999999,677.5299999999997,709.09,0.0,1.0,6.232001071850009,1.280084488686156,1.0557828164240948,4.852035338519352,57.0,19.0,38.0,33.333333333333336,2848.38,2225.15,623.23,294.29,0.0,0.0,,0.018696003215550025,0.070021122171539,-0.0,0.045238095238095244,0.006775198538899895,0.004938862865332106,-0.006264193869227876
1a_broad,156,0.11583180114767608,True,95,14,74.0,29.0,20,19,3.5,17,35,1.3,3.1,1.0,0.015,0.5,3.8814214432500016,1.0533977510654515,0.27801023483160237,13.187774052434326,139.0,39.0,100.0,28.057553956834532,7657.38,7269.219999999999,388.16000000000076,692.64,0.0,1.0,10.504458016549997,1.3872991995634654,1.3127188114110675,6.662471866415827,63.0,21.0,42.0,33.333333333333336,3762.7299999999996,2712.2699999999995,1050.46,326.84,0.0,0.0,,0.03151337404964999,0.09682479989086634,-0.0,0.05,0.0038814214432500017,0.0026698875532725763,-0.06905768178936283
1a_broad,157,0.1306383821680331,True,108,14,71.0,30.0,19,20,3.6,16,39,1.4,2.8,1.0,0.015,0.5,14.40004257419998,1.221830931672043,0.9292166781002625,11.113917227729488,125.0,41.0,84.0,32.8,7931.32,6491.34,1439.9799999999996,673.14,0.0,1.0,7.159975809550015,1.3869470293872874,1.062961071350235,5.720567209124944,47.0,16.0,31.0,34.04255319148936,2566.49,1850.46,716.0299999999997,245.48,0.0,0.0,,0.021479927428650045,0.09673675734682186,-0.0,0.0373015873015873,0.01440004257419998,0.011091546583602153,-0.05037147906682823
1a_broad,158,0.15058267480728002,True,101,13,74.0,28.0,20,20,3.3000000000000003,17,34,1.3,3.0,1.0,0.015,0.5,13.784154092799927,1.2485081649798264,0.9610287437404932,11.775999371616813,111.0,37.0,74.0,33.333333333333336,6925.299999999998,5546.859999999999,1378.4399999999996,592.94,0.0,1.0,7.754772759350017,1.4168373298071912,1.3142605885974648,8.32476604627556,49.0,18.0,31.0,36.734693877551024,2635.8700000000003,1860.3899999999999,775.4800000000005,251.72,0.0,0.0,,0.023264318278050047,0.10420933245179781,-0.0,0.03888888888888889,0.013784154092799927,0.012425408248991321,-0.04198942715324797
1a_broad,159,0.0577744266007792,True,95,14,72.0,27.0,18,19,3.5,18,36,1.2000000000000002,2.9000000000000004,1.0,0.015,0.5,0.894058428899807,1.0109616605353262,0.11418315768143729,18.18368004722297,152.0,43.0,109.0,28.289473684210527,8249.710000000001,8160.259999999999,89.45000000000164,792.88,0.0,1.0,10.779250114600018,1.3913717545139987,1.4162334583699656,5.987336602915807,67.0,24.0,43.0,35.82089552238806,3832.1299999999997,2754.2099999999996,1077.92,356.6,0.0,0.0,,0.032337750343800056,0.09784293862849969,-0.0,0.05317460317460318,0.000894058428899807,0.0005480830267663106,-0.12702300700178984
1a_broad,160,0.28884581248178515,True,98,13,73.0,29.0,19,20,3.6,16,33,1.4,2.6,1.0,0.015,0.5,13.902744125549926,1.201658255959176,0.838020973278191,9.831151622352243,133.0,43.0,90.0,32.330827067669176,8284.22,6893.99,1390.2299999999996,725.13,0.0,1.0,16.065946746950015,1.7194823223841829,2.2971806372508525,3.9953023515112944,60.0,24.0,36.0,40.0,3839.69,2233.05,1606.6399999999999,328.58,0.0,0.0,,0.04819784024085005,0.17987058059604571,-0.0,0.047619047619047616,0.013902744125549926,0.0100829127979588,-0.01082731289766698
1a_broad,161,0.19453893352058985,True,104,13,73.0,29.0,19,20,3.6,16,33,1.4,2.6,1.0,0.015,0.5,6.605660226299934,1.0980353159271952,0.4663610481495906,11.989955453498702,136.0,43.0,93.0,31.61764705882353,7397.9800000000005,6737.47,660.5100000000002,708.27,0.0,1.0,12.628612732199981,1.5938613898633462,1.86290837418926,4.154314533232928,55.0,20.0,35.0,36.36363636363637,3389.4100000000003,2126.54,1262.8700000000003,296.43,0.0,0.0,,0.03788583819659994,0.14846534746583656,-0.0,0.043650793650793655,0.006605660226299934,0.004901765796359758,-0.046970471815299994
1a_broad,162,0.16465958347629706,True,97,14,74.0,30.0,18,20,3.4000000000000004,17,35,1.3,2.7,1.0,0.015,0.5,6.143559355949855,1.093921663657337,0.4382089394979059,14.336603274588533,125.0,40.0,85.0,32.0,7155.09,6540.77,614.3199999999997,661.34,0.0,1.0,10.032013290649957,1.4677013305485365,1.6520754148082297,4.001479091197492,54.0,23.0,31.0,42.592592592592595,3148.1899999999996,2144.98,1003.2099999999996,281.23,0.0,0.0,,0.030096039871949868,0.11692533263713412,-0.0,0.04285714285714286,0.006143559355949855,0.00469608318286685,-0.03605857442874649
1a_broad,163,0.08519664239134396,True,106,13,72.0,28.0,19,19,3.6,16,37,1.4,2.8,1.0,0.015,0.5,24.80549074889992,1.3204490904252433,1.3732279744941143,9.658361670275031,144.0,49.0,95.0,34.02777777777778,10221.57,7740.9800000000005,2480.5899999999992,820.76,0.0,1.0,6.403490017299973,1.273463322145072,0.9211847912453419,6.585954343803563,57.0,19.0,38.0,33.333333333333336,2982.12,2341.7399999999993,640.3800000000006,296.19,0.0,0.0,,0.01921047005189992,0.06836583053626799,-0.0,0.045238095238095244,0.02480549074889992,0.016022454521262164,-0.08844569870508127
1a_broad,164,0.16590949108213185,True,99,12,71.0,31.0,20,20,3.5,16,34,1.3,3.3000000000000003,1.0,0.015,0.5,7.153150349349907,1.1141783123299043,0.4641635606710056,10.543962012561604,123.0,36.0,87.0,29.26829268292683,6980.16,6264.849999999999,715.3100000000004,632.53,0.0,1.0,8.257691057349966,1.3878472189604805,1.1841534286089015,4.772083757700321,53.0,17.0,36.0,32.075471698113205,2954.8100000000004,2129.06,825.7500000000005,274.89,0.0,0.0,,0.024773073172049895,0.09696180474012012,-0.0,0.04206349206349207,0.007153150349349907,0.005708915616495214,-0.01075094485937535
1a_broad,165,0.3314305134335134,True,93,14,73.0,29.0,21,19,3.6,17,38,1.4,2.9000000000000004,1.0,0.015,0.5,27.25244937404996,1.3639007545824424,1.4419941417957287,7.83369700015469,136.0,46.0,90.0,33.8235294117647,10214.13,7488.910000000001,2725.2199999999984,782.81,0.0,1.0,19.2805928621,1.8375768370294752,2.165546797587547,5.374074078592081,56.0,24.0,32.0,42.857142857142854,4230.01,2301.95,1928.0600000000004,309.05,0.0,0.0,,0.057841778586300005,0.2093942092573688,-0.0,0.044444444444444446,0.02725244937404996,0.01819503772912212,-0.025697405957771948
1a_broad,166,0.28949927996383124,True,93,14,73.0,27.0,21,20,3.5,17,38,1.4,2.9000000000000004,1.0,0.015,0.5,20.891705641899915,1.3652063401049925,1.300263578245182,9.797064479191665,110.0,38.0,72.0,34.54545454545455,7809.54,5720.41,2089.13,608.94,0.0,1.0,16.048835285450007,1.7065100635686488,2.088599097632501,4.827764328136003,57.0,23.0,34.0,40.35087719298246,3876.4399999999996,2271.56,1604.8799999999997,307.34,0.0,0.0,,0.048146505856350025,0.1766275158921622,-0.0,0.045238095238095244,0.02089170564189992,0.01826031700524963,-0.019664859669925778
1a_broad,167,0.28459985759343837,True,93,14,73.0,27.0,21,20,3.5,17,40,1.4,2.9000000000000004,1.0,0.015,0.5,13.930898363749982,1.2333817486124583,0.8984985930850351,11.19211537916152,113.0,37.0,76.0,32.743362831858406,7362.29,5969.1900000000005,1393.0999999999995,608.73,0.0,1.0,15.85050918199997,1.709864213675367,2.0701714381997505,4.828003481867634,55.0,22.0,33.0,40.0,3817.9900000000007,2232.92,1585.0700000000006,297.72,0.0,0.0,,0.04755152754599991,0.17746605341884175,-0.0,0.043650793650793655,0.013930898363749984,0.011669087430622916,-0.009668502816569854
1a_broad,168,0.3217670304154518,True,94,14,73.0,27.0,21,20,3.4000000000000004,18,41,1.4,2.9000000000000004,1.0,0.015,0.5,19.055944517199876,1.3480929416922403,1.2014540118936516,13.61762653445634,105.0,36.0,69.0,34.285714285714285,7380.0,5474.4,1905.6000000000004,590.03,0.0,1.0,15.712021144849968,1.8548329180313599,2.4799074355157456,4.827847972448959,49.0,20.0,29.0,40.816326530612244,3409.2200000000003,1838.0200000000002,1571.2,264.42,0.0,0.0,,0.04713606343454991,0.21370822950783996,-0.0,0.03888888888888889,0.01905594451719988,0.017404647084612014,-0.014426743017638884
1a_broad,169,0.28057329616749926,True,93,14,73.0,27.0,21,19,3.2,18,41,1.4,2.9000000000000004,1.0,0.015,0.5,16.072398873449913,1.311308676409348,1.0518207969386009,13.549954622501845,100.0,32.0,68.0,32.0,6770.09,5162.8499999999985,1607.2400000000016,541.14,0.0,1.0,13.230674027399983,1.7427790284459963,1.905250801699841,6.418761269542841,48.0,20.0,28.0,41.666666666666664,3104.3599999999997,1781.27,1323.0899999999997,257.29,0.0,0.0,,0.03969202208219995,0.18569475711149908,-0.0,0.0380952380952381,0.016072398873449915,0.0155654338204674,-0.014546553815355193
1a_broad,170,0.14675839598510404,True,93,14,74.0,27.0,21,19,3.2,18,41,1.4,3.0,1.0,0.015,0.5,21.82360645445,1.4095406095180905,1.344959632123744,13.512433509882413,100.0,32.0,68.0,32.0,7511.160000000001,5328.8,2182.3600000000006,558.6,0.0,1.0,8.367326381900094,1.4292911672960105,1.2197284873918888,6.876422794441263,49.0,18.0,31.0,36.734693877551024,2785.8599999999997,1949.12,836.7399999999998,256.07,0.0,0.0,,0.025101979145700278,0.10732279182400262,-0.0,0.03888888888888889,0.02182360645445,0.020477030475904524,-0.06685590080384227
1a_broad,171,0.24590596917483953,True,92,14,73.0,28.0,21,20,3.4000000000000004,18,40,1.4,3.1,1.0,0.015,0.5,9.396008171749891,1.1717651790039394,0.634920805056713,12.99407726442468,103.0,32.0,71.0,31.067961165048544,6410.2,5470.549999999999,939.6500000000005,539.56,0.0,1.0,13.66411061150002,1.7032134549272293,2.0707051756893033,4.881499912664789,49.0,18.0,31.0,36.734693877551024,3309.4800000000005,1943.08,1366.4000000000005,261.05,0.0,0.0,,0.04099233183450005,0.17580336373180733,-0.0,0.03888888888888889,0.009396008171749891,0.00858825895019697,-0.027762882402303582
1a_broad,172,-1.0510204081632653,False,102,14,74.0,28.0,21,20,3.1,18,42,1.4,2.9000000000000004,1.0,0.015,0.5,3.669930403849903,1.0944909461195633,0.3380881827976655,11.244932680418989,75.0,23.0,52.0,30.666666666666668,4250.97,3883.9700000000003,367.0,385.08,0.0,0.0,10.314664244450015,1.7743030011860617,1.9607469586351103,4.057267800320206,39.0,17.0,22.0,43.58974358974359,2363.62,1332.1399999999999,1031.48,210.28,0.0,0.0,0.30612244897959184,,,,,,,
1a_broad,173,0.1707338046874547,True,95,13,73.0,27.0,21,19,3.3000000000000003,17,38,1.4,2.9000000000000004,1.0,0.015,0.5,13.338685304149802,1.2456641171042917,0.9230484799200905,12.979530947973311,108.0,34.0,74.0,31.48148148148148,6763.570000000001,5429.69,1333.880000000001,570.58,0.0,1.0,8.658324623400002,1.4359573418193174,1.3113471992567791,6.911264256075167,53.0,20.0,33.0,37.735849056603776,2851.8400000000006,1986.02,865.8200000000006,276.92,0.0,0.0,,0.025974973870200004,0.10898933545482936,-0.0,0.04206349206349207,0.013338685304149804,0.012283205855214585,-0.03191588786043113
1a_broad,174,0.24354117205018255,True,92,14,72.0,27.0,21,19,3.2,17,40,1.4,2.8,1.0,0.015,0.5,8.316577061199858,1.1640474438660477,0.630119735226999,14.98477879629155,102.0,32.0,70.0,31.372549019607842,5901.22,5069.570000000001,831.6499999999996,521.23,0.0,1.0,12.341833031300084,1.7213403158497667,1.9577999608949215,6.418586216989068,49.0,21.0,28.0,42.857142857142854,2945.1099999999997,1710.94,1234.1699999999996,262.85,0.0,0.0,,0.03702549909390025,0.18033507896244166,-0.0,0.03888888888888889,0.008316577061199858,0.008202372193302387,-0.029227244149550493
1a_broad,175,0.3123958519104372,True,87,13,74.0,29.0,21,20,3.5,17,38,1.4,2.9000000000000004,1.0,0.015,0.5,8.515376637799964,1.1394418526966639,0.5868525093958313,10.406960177637496,117.0,35.0,82.0,29.914529914529915,6958.5599999999995,6106.99,851.5699999999997,603.28,0.0,1.0,25.585968460449966,2.1631110242341314,2.993749911645002,4.751563881685376,57.0,25.0,32.0,43.85964912280702,4758.389999999999,2199.79,2558.5999999999995,323.36,0.0,0.0,,0.0767579053813499,0.25,-0.0,0.045238095238095244,0.008515376637799964,0.006972092634833194,-0.07508761798164111
1a_broad,176,0.3410198459911831,True,86,13,74.0,30.0,21,20,3.5,18,39,1.4,3.0,1.0,0.015,0.5,13.041911780949977,1.2076015944372986,0.8091021447209503,10.31924413418095,114.0,34.0,80.0,29.82456140350877,7585.96,6281.84,1304.12,610.88,0.0,1.0,22.836067174650037,1.9855465260304948,2.6152788297980654,5.805070762348879,55.0,22.0,33.0,40.0,4600.69,2317.09,2283.5999999999995,303.97,0.0,0.0,,0.06850820152395011,0.2463866315076237,-0.0,0.043650793650793655,0.013041911780949978,0.010380079721864933,-0.04094777219399926
1a_broad,177,0.33422527856825457,True,84,13,75.0,29.0,21,19,3.4000000000000004,18,41,1.4,3.0,1.0,0.015,0.5,25.333449707499767,1.3570078733499713,1.3792697635093591,13.047356937831015,123.0,39.0,84.0,31.70731707317073,9629.449999999999,7096.090000000001,2533.359999999998,720.27,0.0,1.0,19.71390825525006,1.8183203065006868,2.3316952686666363,5.163506922458925,58.0,22.0,36.0,37.93103448275862,4380.57,2409.13,1971.4399999999996,317.23,0.0,0.0,,0.059141724765750185,0.2045800766251717,-0.0,0.046031746031746035,0.025333449707499768,0.017850393667498566,-0.018712112229411663
1a_broad,178,0.3683974693174059,True,84,13,74.0,29.0,21,20,3.4000000000000004,18,39,1.4,3.0,1.0,0.015,0.5,17.027042661399953,1.2878297647906038,1.0885059675037523,9.798705746539751,109.0,34.0,75.0,31.192660550458715,7618.26,5915.58,1702.6800000000003,596.64,0.0,1.0,24.345210585500027,2.2076481588959824,3.0516337869923422,4.938698544741876,51.0,21.0,30.0,41.1764705882353,4450.420000000001,2015.9100000000003,2434.5100000000007,288.12,0.0,0.0,,0.07303563175650007,0.25,-0.0,0.04047619047619048,0.01702704266139995,0.014391488239530193,-0.02653288381621476
1a_broad,179,0.3671828971018379,True,84,12,75.0,29.0,20,19,3.4000000000000004,18,38,1.4,3.1,1.0,0.015,0.5,17.185499621949983,1.2632206107817263,0.9638518055500898,11.213250905176332,116.0,35.0,81.0,30.17241379310345,8247.58,6529.01,1718.5699999999997,631.59,0.0,1.0,22.81407893910007,1.9738791156721038,2.683135499645838,5.109006325050608,58.0,22.0,36.0,37.93103448275862,4623.950000000001,2342.57,2281.3800000000006,320.42,0.0,0.0,,0.06844223681730022,0.24346977891802596,-0.0,0.046031746031746035,0.017185499621949984,0.013161030539086316,-0.02110739482627062
1a_broad,180,0.3627090779570072,True,75,12,75.0,30.0,20,19,3.4000000000000004,18,39,1.4,3.0,1.0,0.015,0.5,15.511976042500045,1.211891518274259,0.9013824258843366,14.501952810420182,133.0,39.0,94.0,29.32330827067669,8871.870000000003,7320.68,1551.1900000000023,741.49,0.0,0.0,23.72945609415001,2.039704516377785,2.8655734043315007,4.68014085033494,59.0,24.0,35.0,40.67796610169491,4655.34,2282.3599999999997,2372.9800000000005,331.53,0.0,0.0,,0.07118836828245002,0.25,-0.0,0.046825396825396826,0.015511976042500045,0.010594575913712946,-0.031411239107052645
1a_broad,181,0.20595144353310915,True,76,12,75.0,30.0,20,19,3.3000000000000003,18,39,1.4,3.1,1.0,0.015,0.5,4.997462601749958,1.0817853233436034,0.36008100728469666,13.333753671841633,123.0,33.0,90.0,26.829268292682926,6611.45,6111.61,499.84000000000015,613.85,0.0,0.0,15.976038098299941,1.738387731898727,2.0473662099647942,6.703415467396587,54.0,20.0,34.0,37.03703703703704,3761.28,2163.6600000000003,1597.62,292.45,0.0,0.0,,0.04792811429489982,0.18459693297468177,-0.0,0.04285714285714286,0.004997462601749958,0.004089266167180173,-0.07851747536254543
1a_broad,182,0.36286604902153446,True,82,12,75.0,29.0,20,19,3.4000000000000004,18,38,1.4,3.0,1.0,0.015,0.5,26.18131353259991,1.3740050284277592,1.4066879105129875,12.562509238428582,124.0,39.0,85.0,31.451612903225808,9618.31,7000.2,2618.1099999999997,715.91,0.0,1.0,21.21216939840004,1.8929995242926483,2.5326302706772683,5.163506922458925,59.0,23.0,36.0,38.983050847457626,4496.65,2375.41,2121.24,325.55,0.0,0.0,,0.06363650819520011,0.22324988107316207,-0.0,0.046825396825396826,0.02618131353259991,0.01870025142138796,-0.01572730202621244
1a_broad,183,0.3327529713866267,True,83,12,75.0,29.0,20,19,3.4000000000000004,18,38,1.5,3.0,1.0,0.015,0.5,25.95389034165002,1.400061348463899,1.4263295453604263,11.544816147833133,117.0,38.0,79.0,32.47863247863248,9082.94,6487.530000000001,2595.41,681.19,0.0,1.0,19.338249108150066,1.8249868820149224,2.347447225122461,5.163506922458925,56.0,21.0,35.0,37.5,4277.969999999999,2344.1099999999997,1933.8599999999997,306.07,0.0,0.0,,0.058014747324450194,0.2062467205037306,-0.0,0.044444444444444446,0.02595389034165002,0.020003067423194954,-0.021909898650843553
1a_broad,184,0.33884913275829515,True,82,12,75.0,31.0,20,19,3.4000000000000004,18,39,1.5,3.1,1.0,0.015,0.5,18.38879810294997,1.2901136209458839,1.0277612343142444,11.87093763065552,115.0,36.0,79.0,31.304347826086957,8177.539999999999,6338.62,1838.9199999999992,636.01,0.0,1.0,19.640577212299995,1.8332781794114652,2.3663225996093624,4.772143944451416,55.0,19.0,36.0,34.54545454545455,4321.11,2357.04,1964.0699999999997,301.54,0.0,0.0,,0.05892173163689998,0.2083195448528663,-0.0,0.043650793650793655,0.01838879810294997,0.014505681047294196,-0.004937416532508971
1a_broad,185,0.35375525227106824,True,74,12,75.0,31.0,20,19,3.4000000000000004,19,39,1.5,3.1,1.0,0.015,0.5,15.17384167350001,1.243195032983095,0.8736301690120075,11.871995821157725,117.0,36.0,81.0,30.76923076923077,7756.99,6239.5599999999995,1517.4300000000003,641.73,0.0,0.0,22.39300859179999,1.9744938813166921,2.632846789673324,4.680376727049612,56.0,21.0,35.0,37.5,4537.150000000001,2297.88,2239.2700000000004,311.85,0.0,0.0,,0.06717902577539997,0.24362347032917303,-0.0,0.044444444444444446,0.015173841673500011,0.012159751649154749,-0.028825281600603977
1a_broad,186,0.3488654723733221,True,74,12,75.0,33.0,20,19,3.4000000000000004,19,39,1.5,3.1,1.0,0.015,0.5,15.17384167350001,1.243195032983095,0.8736301690120075,11.871995821157725,117.0,36.0,81.0,30.76923076923077,7756.99,6239.5599999999995,1517.4300000000003,641.73,0.0,0.0,22.116539934949998,1.9514842540010326,2.603766491274914,4.680376727049612,57.0,21.0,36.0,36.8421052631579,4536.030000000001,2324.4,2211.6300000000006,317.78,0.0,0.0,,0.06634961980484999,0.23787106350025816,-0.0,0.045238095238095244,0.015173841673500011,0.012159751649154749,-0.027926899492536048
1a_broad,187,0.2987744488284512,True,71,12,75.0,33.0,20,19,3.4000000000000004,19,39,1.5,3.1,1.0,0.015,0.5,9.487500401849939,1.1456196386061797,0.5789532536822117,13.532249340697764,123.0,36.0,87.0,29.26829268292683,7464.090000000001,6515.33,948.7600000000011,656.18,0.0,0.0,22.136523883999924,1.9182474727152803,2.594350474583163,5.089210410109781,58.0,21.0,37.0,36.206896551724135,4624.3,2410.6900000000005,2213.6099999999997,324.79,0.0,0.0,,0.06640957165199977,0.22956186817882007,-0.0,0.046031746031746035,0.00948750040184994,0.007280981930308983,-0.059997219366273585
1a_broad,188,0.20775783464106581,True,81,12,75.0,31.0,20,19,3.3000000000000003,19,42,1.5,3.2,1.0,0.015,0.5,7.826000618449816,1.1410097246221955,0.5017344277770984,11.666788812487939,104.0,30.0,74.0,28.846153846153847,6332.41,5549.83,782.5799999999999,526.48,0.0,0.0,12.945126712350067,1.6085006768953067,1.6904946017104574,7.393890250786346,49.0,16.0,33.0,32.6530612244898,3421.86,2127.36,1294.5,259.15,0.0,0.0,,0.0388353801370502,0.15212516922382668,-0.0,0.03888888888888889,0.007826000618449817,0.007050486231109776,-0.03696809045825956
1a_broad,189,0.3525658986474028,True,73,12,76.0,34.0,21,19,3.4000000000000004,18,38,1.5,3.1,1.0,0.015,0.5,14.034106745150021,1.2129744708037231,0.8050152066710782,14.285303503125432,121.0,36.0,85.0,29.75206611570248,7993.150000000001,6589.709999999999,1403.4400000000014,675.68,0.0,0.0,23.496923479699962,1.987198285822322,2.7958859289883673,4.724890149233153,61.0,24.0,37.0,39.34426229508197,4729.83,2380.15,2349.68,339.83,0.0,0.0,,0.07049077043909989,0.2467995714555805,-0.0,0.048412698412698414,0.014034106745150023,0.010648723540186157,-0.03781997194531222
1a_broad,190,0.291920551788135,True,74,11,76.0,35.0,20,19,3.4000000000000004,19,39,1.5,3.0,1.0,0.015,0.5,15.627570162449956,1.2531240433503028,0.9041846099727721,12.052962995538131,117.0,37.0,80.0,31.623931623931625,7736.65,6173.889999999999,1562.7600000000002,643.71,0.0,0.0,16.118460173299972,1.689451036417921,2.11258274610791,6.034053595926019,57.0,20.0,37.0,35.08771929824562,3949.7000000000003,2337.8599999999997,1611.8400000000006,312.65,0.0,0.0,,0.04835538051989992,0.17236275910448023,-0.0,0.045238095238095244,0.015627570162449957,0.01265620216751514,-0.002319455404305529
1a_broad,191,0.29475302970653716,True,84,12,76.0,34.0,21,19,3.3000000000000003,18,38,1.5,3.3000000000000003,1.0,0.015,0.5,14.423328412849987,1.2620611465107026,0.8733303000676216,8.807021355976223,102.0,31.0,71.0,30.392156862745097,6946.17,5503.83,1442.3400000000001,541.42,0.0,0.0,16.188519262699973,1.74416316924166,2.0375844313861253,7.274598968740034,52.0,18.0,34.0,34.61538461538461,3794.27,2175.4100000000003,1618.8599999999997,279.51,0.0,0.0,,0.04856555778809992,0.18604079231041498,-0.0,0.04126984126984127,0.014423328412849988,0.013103057325535128,-0.008649547400204129
1a_broad,192,0.36500095126716897,True,77,12,75.0,32.0,21,18,3.4000000000000004,18,41,1.5,3.1,1.0,0.015,0.5,15.614821605049963,1.2244666781668678,0.8820538755432429,11.696298644776377,128.0,38.0,90.0,29.6875,8517.88,6956.4,1561.4799999999996,706.26,0.0,0.0,25.92053942049999,2.05467713716076,2.9733290653260736,4.902069998141225,60.0,23.0,37.0,38.333333333333336,5049.780000000001,2457.7000000000003,2592.0800000000004,338.94,0.0,0.0,,0.07776161826149997,0.25,-0.0,0.047619047619047616,0.015614821605049964,0.011223333908343392,-0.037217870126771954
1a_broad,193,0.35663113836798194,True,77,12,75.0,32.0,20,18,3.4000000000000004,18,40,1.5,3.1,1.0,0.015,0.5,14.10363139985002,1.200367080389753,0.8008400304364758,11.697062951787741,129.0,38.0,91.0,29.45736434108527,8449.78,7039.330000000001,1410.4499999999998,702.79,0.0,0.0,27.30974945854996,2.113005310369281,3.092627799437915,4.770750098586652,61.0,24.0,37.0,39.34426229508197,5184.66,2453.689999999999,2730.9700000000007,346.94,0.0,0.0,,0.08192924837564987,0.25,-0.0,0.048412698412698414,0.01410363139985002,0.010018354019487653,-0.04783279383970402
1a_broad,194,0.35982522101953945,True,77,12,75.0,33.0,20,18,3.4000000000000004,18,41,1.5,3.1,1.0,0.015,0.5,14.71177531374993,1.2096407140404104,0.8304706102344761,11.696630123678812,128.0,38.0,90.0,29.6875,8488.69,7017.53,1471.1600000000008,699.79,0.0,0.0,25.35215265749994,2.0137311117242267,2.9157794867017053,4.902069998141225,61.0,23.0,38.0,37.704918032786885,5036.12,2500.8899999999994,2535.2300000000005,343.53,0.0,0.0,,0.07605645797249981,0.25,-0.0,0.048412698412698414,0.014711775313749932,0.01048203570202052,-0.03983774638142924
1a_broad,195,0.35982522101953945,True,77,12,75.0,33.0,20,18,3.4000000000000004,18,41,1.5,3.1,1.0,0.015,0.5,14.71177531374993,1.2096407140404104,0.8304706102344761,11.696630123678812,128.0,38.0,90.0,29.6875,8488.69,7017.53,1471.1600000000008,699.79,0.0,0.0,25.35215265749994,2.0137311117242267,2.9157794867017053,4.902069998141225,61.0,23.0,38.0,37.704918032786885,5036.12,2500.8899999999994,2535.2300000000005,343.53,0.0,0.0,,0.07605645797249981,0.25,-0.0,0.048412698412698414,0.014711775313749932,0.01048203570202052,-0.03983774638142924
1a_broad,196,0.32858298207818865,True,77,12,75.0,33.0,20,18,3.4000000000000004,18,43,1.5,3.2,1.0,0.015,0.5,10.583135505549981,1.1519942895141635,0.6201705788080412,11.585825928811099,126.0,37.0,89.0,29.365079365079364,8020.91,6962.63,1058.2799999999997,675.53,0.0,0.0,27.606501657649936,2.1789522682917455,3.1236669299471167,4.771691535812745,56.0,22.0,34.0,39.285714285714285,5102.3,2341.63,2760.67,319.09,0.0,0.0,,0.0828195049729498,0.25,-0.0,0.044444444444444446,0.010583135505549983,0.007599714475708175,-0.06686381732046374
1a_broad,197,0.3210668354189529,True,77,12,75.0,34.0,20,18,3.3000000000000003,18,43,1.5,3.2,1.0,0.015,0.5,10.269903017049892,1.1601809926520479,0.637871100025989,12.371598091571547,122.0,36.0,86.0,29.508196721311474,7438.280000000001,6411.3099999999995,1026.9700000000012,646.35,0.0,0.0,22.497945790550002,2.0445049026890505,2.685386990863963,6.918586254076262,52.0,20.0,32.0,38.46153846153846,4403.7,2153.92,2249.7799999999997,290.75,0.0,0.0,,0.06749383737165,0.25,-0.0,0.04126984126984127,0.010269903017049893,0.008009049632602395,-0.05597579587219063
1a_broad,198,0.34200508972711613,True,73,11,75.0,33.0,20,18,3.4000000000000004,18,40,1.5,3.1,1.0,0.015,0.5,11.977388824299906,1.1762366477356325,0.6952378806299415,10.547181588187335,129.0,38.0,91.0,29.45736434108527,7994.41,6796.6,1197.8099999999995,683.7,0.0,0.0,24.513989679299993,2.005578777673404,2.9587105702506276,6.022392650798074,62.0,24.0,38.0,38.70967741935484,4889.22,2437.8099999999995,2451.4100000000008,352.07,0.0,0.0,,0.07354196903789997,0.25,-0.0,0.049206349206349205,0.011977388824299906,0.008811832386781626,-0.05153244972821461
1a_broad,199,0.10562053919256663,True,72,11,76.0,32.0,20,18,3.2,19,40,1.5,3.1,1.0,0.015,0.5,0.10618608534989106,1.0017477434562285,0.06749561480548068,12.443855231447467,117.0,31.0,86.0,26.495726495726494,6098.490000000001,6087.849999999999,10.640000000001237,583.6800000000001,0.0,0.0,14.057293311549984,1.6789443687754173,1.841454168148258,6.814007412191748,52.0,19.0,33.0,36.53846153846154,3476.1199999999994,2070.42,1405.6999999999994,280.03000000000003,0.0,0.0,,0.04217187993464995,0.16973609219385433,-0.0,0.04126984126984127,0.00010618608534989107,8.738717281142616e-05,-0.14775084746394024
1a_broad,200,0.2721261391824424,True,67,11,75.0,32.0,20,18,3.3000000000000003,19,41,1.5,3.1,1.0,0.015,0.5,7.027245621700004,1.102169703243215,0.4380919001596533,11.764837807260763,132.0,37.0,95.0,28.03030303030303,7581.120000000001,6878.360000000001,702.7600000000002,682.15,0.0,0.0,18.888677972049972,1.922831514251375,2.3934684195882796,5.436985954014912,52.0,20.0,32.0,38.46153846153846,3935.6899999999996,2046.8200000000002,1888.8699999999994,287.52,0.0,0.0,,0.05666603391614991,0.23070787856284375,-0.0,0.04126984126984127,0.0070272456217000045,0.005108485162160748,-0.06865334535025332
1a_broad,201,0.3531745924713807,True,73,12,75.0,33.0,20,18,3.4000000000000004,18,40,1.5,3.3000000000000003,1.0,0.015,0.5,13.367488062050034,1.1955757132406732,0.7484818909750061,10.387746415720866,127.0,36.0,91.0,28.346456692913385,8171.76,6834.999999999999,1336.7600000000011,676.23,0.0,0.0,28.949894011149937,2.2083982051549618,3.177447139889241,4.355036464299092,61.0,24.0,37.0,39.34426229508197,5290.7699999999995,2395.75,2895.0199999999995,348.53000000000003,0.0,0.0,,0.0868496820334498,0.25,-0.0,0.048412698412698414,0.013367488062050036,0.009778785662033662,-0.05523406169885116
1a_broad,202,0.3531745924713807,True,73,12,75.0,32.0,20,18,3.4000000000000004,18,40,1.5,3.3000000000000003,1.0,0.015,0.5,13.367488062050034,1.1955757132406732,0.7484818909750061,10.387746415720866,127.0,36.0,91.0,28.346456692913385,8171.76,6834.999999999999,1336.7600000000011,676.23,0.0,0.0,28.949894011149937,2.2083982051549618,3.177447139889241,4.355036464299092,61.0,24.0,37.0,39.34426229508197,5290.7699999999995,2395.75,2895.0199999999995,348.53000000000003,0.0,0.0,,0.0868496820334498,0.25,-0.0,0.048412698412698414,0.013367488062050036,0.009778785662033662,-0.05523406169885116
1a_broad,203,0.36834022131006977,True,74,12,75.0,32.0,20,18,3.4000000000000004,18,40,1.5,3.3000000000000003,1.0,0.015,0.5,15.756691054800049,1.2317424364989482,0.8588809407942394,10.388663845393278,124.0,36.0,88.0,29.032258064516128,8374.74,6799.1,1575.6399999999994,672.51,0.0,0.0,28.949894011149937,2.2083982051549618,3.177447139889241,4.355036464299092,61.0,24.0,37.0,39.34426229508197,5290.7699999999995,2395.75,2895.0199999999995,348.53000000000003,0.0,0.0,,0.0868496820334498,0.25,-0.0,0.048412698412698414,0.01575669105480005,0.011587121824947411,-0.04426597201582592
1a_broad,204,0.3674496447697633,True,73,12,76.0,32.0,20,18,3.4000000000000004,18,40,1.5,3.5,1.0,0.015,0.5,15.989813895949972,1.2242722191442656,0.8401463114480711,10.31303898750719,124.0,34.0,90.0,27.419354838709676,8728.51,7129.550000000001,1598.9599999999991,689.94,0.0,0.0,30.9068979563,2.321726858682404,3.161875611776292,4.605734283445787,57.0,23.0,34.0,40.35087719298246,5429.01,2338.3500000000004,3090.66,327.7,0.0,0.0,,0.0927206938689,0.25,-0.0,0.045238095238095244,0.015989813895949972,0.011213610957213283,-0.04771256919039522
1a_broad,205,0.34358943508500284,True,73,12,76.0,32.0,20,18,3.3000000000000003,19,40,1.5,3.5,1.0,0.015,0.5,13.668926208149895,1.2045576311213144,0.7704390161356742,10.306835271059564,121.0,33.0,88.0,27.272727272727273,8048.83,6681.98,1366.8500000000004,657.23,0.0,0.0,21.65081382529999,1.9894750311910168,2.4127403378950842,6.814262852904291,52.0,19.0,33.0,36.53846153846154,4353.23,2188.13,2165.0999999999995,289.2,0.0,0.0,,0.06495244147589997,0.2473687577977542,-0.0,0.04126984126984127,0.013668926208149896,0.010227881556065722,-0.033898413222708215
1a_broad,206,0.34833941121714257,True,73,12,76.0,32.0,20,18,3.1,19,40,1.5,3.5,1.0,0.015,0.5,14.176603850999928,1.2563116520582025,0.8199228967425565,11.08750744108352,103.0,28.0,75.0,27.184466019417474,6948.709999999999,5531.039999999999,1417.67,551.79,0.0,0.0,20.69604483910003,2.043797755642416,2.3637821909743475,6.156652693928736,47.0,17.0,30.0,36.170212765957444,4052.3399999999997,1982.7499999999998,2069.59,260.74,0.0,0.0,,0.06208813451730008,0.25,-0.0,0.0373015873015873,0.014176603850999928,0.012815582602910125,-0.028042497055654883
1a_broad,207,0.35738840315732345,True,68,12,76.0,32.0,20,18,3.1,19,40,1.5,3.5,1.0,0.015,0.5,16.020317691450018,1.2664599847649716,0.8666338127719867,11.0969177544158,110.0,30.0,80.0,27.272727272727273,7614.54,6012.459999999999,1602.0800000000008,600.38,0.0,0.0,25.832675639900042,2.3781241831111397,2.842479775729739,5.6142989979762925,45.0,18.0,27.0,40.0,4457.77,1874.49,2583.2800000000007,253.08,0.0,0.0,,0.07749802691970013,0.25,-0.0,0.03571428571428572,0.016020317691450018,0.01332299923824858,-0.035167226406360975
1a_broad,208,0.3605636392846544,True,68,12,77.0,32.0,20,18,3.1,19,40,1.5,3.6,1.0,0.015,0.5,16.35112145464995,1.2761010303638187,0.8702994644886477,11.096807955362179,108.0,29.0,79.0,26.85185185185185,7557.3,5922.18,1635.12,587.18,0.0,0.0,26.2628163089,2.3288587547752173,2.8690863436123935,5.61458835392532,46.0,18.0,28.0,39.130434782608695,4602.64,1976.3499999999997,2626.290000000001,259.91,0.0,0.0,,0.07878844892669999,0.25,-0.0,0.03650793650793651,0.01635112145464995,0.013805051518190937,-0.03488891912282301
1a_broad,209,0.3587498966705145,True,68,12,77.0,33.0,20,18,3.1,19,40,1.5,3.5,1.0,0.015,0.5,16.020317691450018,1.2664599847649716,0.8666338127719867,11.0969177544158,110.0,30.0,80.0,27.272727272727273,7614.54,6012.459999999999,1602.0800000000008,600.38,0.0,0.0,24.433488512300062,2.224659291968864,2.697225624382928,5.6142989979762925,47.0,18.0,29.0,38.297872340425535,4438.4400000000005,1995.11,2443.330000000001,263.3,0.0,0.0,,0.07330046553690019,0.25,-0.0,0.0373015873015873,0.016020317691450018,0.01332299923824858,-0.031195473097671615
1a_broad,210,-1.0147392290249433,False,74,12,77.0,32.0,20,18,3.0,19,42,1.5,3.6,1.0,0.015,0.5,11.864829309349897,1.2272500052669784,0.6948000062098126,10.616714090780903,94.0,24.0,70.0,25.53191489361702,6407.73,5221.21,1186.5199999999995,495.76,0.0,0.0,11.641928612700031,1.6353495276505865,1.61732942424598,6.681149473889482,40.0,13.0,27.0,32.5,2996.4999999999995,1832.3300000000002,1164.1699999999994,211.25,0.0,0.0,0.08843537414965996,,,,,,,
1a_broad,211,0.33492839700249083,True,68,12,76.0,33.0,20,18,3.0,19,40,1.5,3.5,1.0,0.015,0.5,17.2756897993999,1.2977210923040337,0.9274686834196452,10.586237889657442,106.0,30.0,76.0,28.30188679245283,7530.39,5802.78,1727.6100000000006,582.23,0.0,0.0,16.097537231449987,1.9025696231630531,2.134406883254353,6.142544642403038,43.0,16.0,27.0,37.2093023255814,3393.29,1783.53,1609.76,231.51,0.0,0.0,,0.04829261169434996,0.22564240579076328,-0.0,0.03412698412698413,0.0172756897993999,0.014886054615201684,-0.0052953490242081125
1a_broad,212,0.34373120007627855,True,70,12,76.0,33.0,20,18,3.1,19,40,1.5,3.5,1.0,0.015,0.5,13.880558923649932,1.2434319908521403,0.7977480114945236,11.095502485656944,107.0,29.0,78.0,27.102803738317757,7089.9,5701.879999999998,1388.0200000000013,572.49,0.0,0.0,22.476981390100047,2.178874879368942,2.5327306643271768,6.156652693928736,45.0,17.0,28.0,37.77777777777778,4154.33,1906.64,2247.6899999999996,249.57,0.0,0.0,,0.06743094417030014,0.25,-0.0,0.03571428571428572,0.013880558923649934,0.012171599542607015,-0.03546618827456427
1a_broad,213,0.2147954833923542,True,65,12,77.0,32.0,20,18,3.2,19,40,1.5,3.5,1.0,0.015,0.5,20.39107265814995,1.3011187770243131,1.0678324229768559,11.097135816909326,123.0,32.0,91.0,26.016260162601625,8810.76,6771.679999999999,2039.0800000000008,687.68,0.0,0.0,12.668127716949948,1.543637323354347,1.4878027946101586,5.879503545456537,51.0,16.0,35.0,31.372549019607842,3597.03,2330.23,1266.8000000000002,270.87,0.0,0.0,,0.03800438315084984,0.13590933083858675,-0.0,0.04047619047619048,0.020391072658149954,0.015055938851215657,-0.0350414325826385
1a_broad,214,0.33150568694938587,True,70,12,76.0,33.0,20,18,3.1,19,41,1.5,3.6,1.0,0.015,0.5,12.24182465649992,1.218663313369546,0.7070439587740434,11.095927234368911,104.0,27.0,77.0,25.96153846153846,6822.6500000000015,5598.47,1224.1800000000012,551.25,0.0,0.0,24.329730131050074,2.3047218125754125,2.734171782933541,6.156357708019045,44.0,17.0,27.0,38.63636363636363,4297.7300000000005,1864.75,2432.9800000000005,244.85999999999999,0.0,0.0,,0.07298919039315022,0.25,-0.0,0.03492063492063492,0.012241824656499922,0.010933165668477296,-0.049579128689376466
1a_broad,215,-1.007936507936508,False,70,12,76.0,32.0,20,18,3.1,19,42,1.5,3.4000000000000004,1.0,0.015,0.5,13.111354198149966,1.2370937524864918,0.7588347152737083,11.097032123174687,105.0,29.0,76.0,27.61904761904762,6840.9800000000005,5529.879999999999,1311.1000000000013,552.79,0.0,0.0,21.27161685315008,2.2339530701627175,2.461800184564395,6.15646843987417,40.0,16.0,24.0,40.0,3851.0000000000005,1723.85,2127.1500000000005,219.94,0.0,0.0,0.04761904761904767,,,,,,,
1a_broad,216,0.296593400504056,True,64,12,78.0,34.0,20,18,3.1,19,40,1.5,3.4000000000000004,1.0,0.015,0.5,20.755984390799913,1.3363992486211482,1.103708415673493,11.096190455121116,113.0,31.0,82.0,27.43362831858407,8245.57,6169.990000000001,2075.579999999999,626.05,0.0,0.0,15.622190938349922,1.7872455150171338,1.88382428036467,4.747883277622973,46.0,16.0,30.0,34.78260869565217,3546.6099999999997,1984.3999999999996,1562.21,248.8,0.0,0.0,,0.046866572815049766,0.19681137875428345,-0.0,0.03650793650793651,0.020755984390799915,0.016819962431057413,-0.021168434395071
1a_broad,217,-1.0136054421768708,False,79,11,76.0,33.0,20,18,3.0,19,41,1.5,3.6,1.0,0.015,0.5,14.154914911349897,1.2849080263351227,0.8403054411602315,12.365692737731434,90.0,24.0,66.0,26.666666666666668,6383.77,4968.27,1415.5,473.68,0.0,0.0,9.889222253000097,1.548576056447408,1.4747064213385197,6.687493708694029,42.0,14.0,28.0,33.333333333333336,2791.6800000000003,1802.74,988.9400000000003,221.9,0.0,0.0,0.08163265306122447,,,,,,,
1a_broad,218,0.25634343410841026,True,75,12,77.0,32.0,20,18,3.2,20,39,1.6,3.7,1.0,0.015,0.5,7.65689962294984,1.132805657828333,0.4879898399057674,12.036246980486604,102.0,25.0,77.0,24.50980392156863,6531.949999999999,5766.17,765.7799999999988,533.27,0.0,0.0,17.621298363500063,1.856735154267267,2.0072187102534653,6.616027598880914,43.0,14.0,29.0,32.55813953488372,3818.9700000000003,2056.82,1762.15,232.28,0.0,0.0,,0.052863895090500185,0.21418378856681675,-0.0,0.03412698412698413,0.007656899622949841,0.00664028289141665,-0.05912841619025727
1a_broad,219,0.28590830508285586,True,72,12,76.0,34.0,20,18,3.0,18,40,1.5,3.4000000000000004,1.0,0.015,0.5,12.288985283899983,1.2252617532334225,0.7162267965443779,11.724955306412605,102.0,29.0,73.0,28.431372549019606,6684.440000000001,5455.52,1228.920000000001,543.71,0.0,0.0,14.24814735334994,1.776711731356302,1.9470171282492323,6.983483715664394,46.0,17.0,29.0,36.95652173913044,3259.2,1834.3999999999999,1424.8,244.54,0.0,0.0,,0.04274444206004982,0.19417793283907547,-0.0,0.03650793650793651,0.012288985283899984,0.011263087661671124,-0.01107407926977706
1a_broad,220,0.33185746914783826,True,68,12,76.0,33.0,20,18,3.1,18,42,1.5,3.7,1.0,0.015,0.5,12.430823151249806,1.2044591811895975,0.6835003039992634,12.967064256553234,107.0,26.0,81.0,24.299065420560748,7323.16,6080.04,1243.12,584.33,0.0,0.0,27.466115029100035,2.565411665469799,2.98531575399232,5.543083541378215,42.0,17.0,25.0,40.476190476190474,4501.22,1754.5800000000002,2746.6400000000003,236.62,0.0,0.0,,0.08239834508730011,0.25,-0.0,0.03333333333333333,0.012430823151249807,0.010222959059479876,-0.05652799148352487
1a_broad,221,0.25829981562717835,True,72,11,75.0,33.0,20,18,3.3000000000000003,18,40,1.6,3.5,1.0,0.015,0.5,9.41032442104999,1.1500605963961092,0.5974202542610045,10.76721447493518,116.0,32.0,84.0,27.586206896551722,7212.03,6270.999999999999,941.0300000000007,612.39,0.0,0.0,15.772367164800036,1.781827014112293,1.855546562946601,6.821916837706586,46.0,15.0,31.0,32.608695652173914,3594.6399999999994,2017.3900000000003,1577.249999999999,248.38,0.0,0.0,,0.047317101494400104,0.19545675352807323,-0.0,0.03650793650793651,0.009410324421049991,0.007503029819805463,-0.037895330144086935
1a_broad,222,0.22922510306345298,True,74,11,76.0,32.0,20,18,3.2,18,39,1.5,3.4000000000000004,1.0,0.015,0.5,6.63955412774998,1.1128261250070095,0.4389806432616539,11.339068063697761,114.0,30.0,84.0,26.31578947368421,6548.569999999999,5884.63,663.9399999999987,577.14,0.0,0.0,15.381482117149952,1.7626574903683578,1.8665880935249752,6.743527653949859,50.0,18.0,32.0,36.0,3554.9100000000003,2016.79,1538.1200000000003,269.96,0.0,0.0,,0.046144446351449854,0.19066437259208946,-0.0,0.03968253968253968,0.0066395541277499805,0.005641306250350475,-0.05954711594072646
1a_broad,223,0.2591987812527477,True,60,12,77.0,33.0,20,18,3.3000000000000003,19,41,1.5,3.3000000000000003,1.0,0.015,0.5,28.557664554100082,1.396606172716062,1.4207096772334993,8.152777982941812,126.0,38.0,88.0,30.158730158730158,10056.57,7200.719999999999,2855.8500000000004,727.94,0.0,0.0,15.267051589900001,1.673745156706472,1.8514204979874516,5.899856825009377,53.0,18.0,35.0,33.9622641509434,3792.74,2266.02,1526.7199999999998,280.98,0.0,0.0,,0.0458011547697,0.16843628917661801,-0.0,0.04206349206349207,0.028557664554100082,0.019830308635803096,-0.04549012794696558
1a_broad,224,0.2898964213461942,True,78,11,75.0,35.0,20,18,3.3000000000000003,18,40,1.6,3.5,1.0,0.015,0.5,16.311488701549933,1.2660803975015866,0.950743702049577,10.092944252406832,110.0,32.0,78.0,29.09090909090909,7761.4400000000005,6130.289999999999,1631.1500000000015,602.32,0.0,0.0,15.118263842650048,1.736451630188569,1.7932526546678615,6.918942841496167,46.0,15.0,31.0,32.608695652173914,3564.6400000000003,2052.83,1511.8100000000004,248.68,0.0,0.0,,0.04535479152795014,0.18411290754714227,-0.0,0.03650793650793651,0.016311488701549935,0.013304019875079332,-0.0056947228134639665
1a_broad,225,-1.02437641723356,False,73,10,75.0,32.0,21,18,2.9000000000000004,19,39,1.5,3.3000000000000003,1.0,0.015,0.5,2.2806087226499403,1.0516976025712805,0.20261603957478388,10.92051466199309,86.0,23.0,63.0,26.74418604651163,4639.89,4411.8099999999995,228.08000000000084,424.79,0.0,0.0,1.9707859373999599,1.118234609524038,0.4066123344352468,6.611960232833357,41.0,13.0,28.0,31.70731707317073,1864.03,1666.94,197.08999999999992,206.29,0.0,0.0,0.1462585034013606,,,,,,,
1a_broad,226,0.30104583995742173,True,77,12,76.0,31.0,20,18,3.2,19,43,1.5,3.7,1.0,0.015,0.5,8.747509426749966,1.1390829142332897,0.5319556574752221,13.794669029093,111.0,26.0,85.0,23.423423423423422,7164.000000000001,6289.2699999999995,874.7300000000014,591.74,0.0,0.0,20.989100836700036,2.0564229557374243,2.3217630905175914,6.990053146128003,43.0,16.0,27.0,37.2093023255814,4085.66,1986.7800000000002,2098.8799999999997,234.66,0.0,0.0,,0.0629673025101001,0.25,-0.0,0.03412698412698413,0.008747509426749967,0.0069541457116644835,-0.06175010181807697
1a_broad,227,0.2853072334744444,True,66,12,77.0,34.0,21,17,3.4000000000000004,18,41,1.6,3.6,1.0,0.015,0.5,12.762127351449909,1.1726870351100578,0.7044664426005401,10.623984015964515,128.0,34.0,94.0,26.5625,8666.38,7390.190000000001,1276.1899999999978,690.66,0.0,0.0,17.155023806250046,1.7886776145203112,1.893243565124916,6.161287391408026,47.0,16.0,31.0,34.04255319148936,3890.66,2175.16,1715.5,253.18,0.0,0.0,,0.05146507141875014,0.1971694036300778,-0.0,0.0373015873015873,0.012762127351449909,0.00863435175550289,-0.02202530798292359
1a_broad,228,0.34203133968420213,True,70,12,78.0,33.0,20,18,3.3000000000000003,18,39,1.5,3.5,1.0,0.015,0.5,13.358287888599971,1.1951872400053187,0.7624917274412693,10.619144192798332,126.0,35.0,91.0,27.77777777777778,8179.7300000000005,6843.89,1335.8400000000001,676.98,0.0,0.0,22.809334682450043,2.0577740883816484,2.4819029755297497,6.744321522540507,50.0,19.0,31.0,38.0,4437.24,2156.33,2280.91,277.23,0.0,0.0,,0.06842800404735012,0.25,-0.0,0.03968253968253968,0.013358287888599971,0.009759362000265937,-0.03919685393455358
1a_broad,229,0.3163470854888176,True,69,12,78.0,32.0,20,18,3.1,19,38,1.5,3.5,1.0,0.015,0.5,10.157387910399976,1.1785811610280787,0.625683684162655,11.096314856848622,107.0,28.0,79.0,26.16822429906542,6703.639999999999,5687.89,1015.7499999999991,564.17,0.0,0.0,21.614374093650056,2.085054366924027,2.4242856996715254,6.155967615181957,46.0,17.0,29.0,36.95652173913044,4153.47,1992.02,2161.4500000000003,254.35,0.0,0.0,,0.06484312228095017,0.25,-0.0,0.03650793650793651,0.010157387910399976,0.008929058051403939,-0.05409041926187298
1a_broad,230,0.30632364423369385,True,75,12,77.0,31.0,21,17,3.3000000000000003,18,39,1.5,3.5,1.0,0.015,0.5,8.560869230899934,1.1264166517772103,0.5284299242764805,14.22225389820736,125.0,33.0,92.0,26.4,7628.24,6772.13,856.1099999999997,649.35,0.0,0.0,22.46215760599995,2.0168445736118277,2.453409620189799,6.363235393333453,52.0,20.0,32.0,38.46153846153846,4455.25,2209.02,2246.23,287.94,0.0,0.0,,0.06738647281799985,0.25,-0.0,0.04126984126984127,0.008560869230899935,0.006320832588860514,-0.0672143716739077
1a_broad,231,0.32399288253052716,True,70,12,75.0,33.0,20,18,3.4000000000000004,18,40,1.5,3.4000000000000004,1.0,0.015,0.5,9.596090438999926,1.1343332054796058,0.5495474482282838,10.745192515700637,131.0,36.0,95.0,27.480916030534353,8103.2,7143.579999999998,959.6200000000017,688.6,0.0,0.0,30.44820934965004,2.3222954222706695,3.1565922851438,4.9746375329931025,56.0,23.0,33.0,41.07142857142857,5347.480000000001,2302.6699999999996,3044.8100000000018,320.86,0.0,0.0,,0.09134462804895012,0.25,-0.0,0.044444444444444446,0.009596090438999928,0.006716660273980291,-0.0781089406758476
1a_broad,232,0.26946664314123137,True,80,11,75.0,33.0,20,18,3.4000000000000004,19,40,1.5,3.2,1.0,0.015,0.5,17.82921734744996,1.2486077142530463,0.9320355229603766,11.967148236955621,126.0,39.0,87.0,30.952380952380953,8954.59,7171.659999999999,1782.9300000000012,704.69,0.0,0.0,15.263438953849981,1.636059807974397,1.8768583819402858,6.088383988765285,58.0,20.0,38.0,34.48275862068966,3926.02,2399.6799999999994,1526.3400000000006,312.67,0.0,0.0,,0.04579031686154994,0.15901495199359927,-0.0,0.046031746031746035,0.01782921734744996,0.012430385712652314,-0.011629974805766146
1a_broad,233,0.284734825758154,True,72,12,74.0,32.0,20,18,3.3000000000000003,18,39,1.5,3.6,1.0,0.015,0.5,7.997537725999809,1.1171321066437792,0.49974089183036424,11.3607418295815,126.0,33.0,93.0,26.19047619047619,7627.32,6827.59,799.7299999999996,660.42,0.0,0.0,19.718159933250007,1.9355579489758636,2.2862501606278443,6.74423441743132,52.0,19.0,33.0,36.53846153846154,4079.4399999999996,2107.63,1971.8099999999995,287.8,0.0,0.0,,0.05915447979975002,0.2338894872439659,-0.0,0.04126984126984127,0.00799753772599981,0.005856605332188958,-0.06343312561359193
1a_broad,234,0.2178661732073431,True,76,12,76.0,33.0,20,18,3.4000000000000004,18,41,1.6,3.3000000000000003,1.0,0.015,0.5,4.399328045499897,1.0704134728808974,0.30851590364217657,11.334605168730292,116.0,30.0,86.0,25.862068965517242,6687.74,6247.81,439.9299999999994,590.12,0.0,0.0,18.810732502200008,1.8183491107785472,2.1877320997568286,5.17548358873565,53.0,18.0,35.0,33.9622641509434,4179.73,2298.64,1881.0899999999997,287.81,0.0,0.0,,0.05643219750660002,0.2045872776946368,-0.0,0.04206349206349207,0.004399328045499897,0.0035206736440448697,-0.09313679574693054
1a_broad,235,0.22531255774364553,True,74,12,75.0,34.0,21,17,3.2,18,42,1.5,3.4000000000000004,1.0,0.015,0.5,2.4546281624998847,1.0388517043331793,0.19929470518411088,11.19374566231455,121.0,31.0,90.0,25.619834710743802,6562.26,6316.84,245.42000000000007,596.25,0.0,0.0,18.435483943200087,1.9785761301144449,2.1496916666706323,6.363363843231501,45.0,17.0,28.0,37.77777777777778,3727.4,1883.8799999999999,1843.5200000000002,244.96,0.0,0.0,,0.05530645182960026,0.24464403252861122,-0.0,0.03571428571428572,0.002454628162499885,0.0019425852166589652,-0.11474942570801053
1a_broad,236,0.19428474908646598,True,79,11,74.0,32.0,20,19,3.4000000000000004,20,39,1.5,3.1,1.0,0.015,0.5,17.681506321200015,1.2799576930019285,0.9877016067524319,10.703816380005478,115.0,36.0,79.0,31.304347826086957,8083.879999999999,6315.739999999999,1768.1400000000003,632.11,0.0,0.0,11.06959891219998,1.487314605702815,1.4385502776665817,5.363658330102268,53.0,17.0,36.0,32.075471698113205,3378.4500000000003,2271.5099999999993,1106.940000000001,280.71,0.0,0.0,,0.03320879673659994,0.12182865142570376,-0.0,0.04206349206349207,0.017681506321200014,0.013997884650096427,-0.034495582110626234
1a_broad,237,0.2679200675224692,True,63,12,78.0,31.0,20,18,3.3000000000000003,19,40,1.5,3.2,1.0,0.015,0.5,15.925944380899981,1.2144437338001146,0.8622758812251211,11.029234109312736,131.0,38.0,93.0,29.00763358778626,9019.37,7426.75,1592.6200000000008,720.31,0.0,0.0,14.98653784459999,1.6225304487978327,1.8185185371647206,5.878827929358222,57.0,20.0,37.0,35.08771929824562,3905.95,2407.3200000000006,1498.6299999999992,303.69,0.0,0.0,,0.044959613533799965,0.15563261219945818,-0.0,0.045238095238095244,0.015925944380899983,0.010722186690005731,-0.004558384519789872
1a_broad,238,0.27981588652574063,True,70,12,76.0,34.0,21,19,3.1,18,38,1.5,3.2,1.0,0.015,0.5,13.95894070399996,1.273520853540252,0.8389383930001983,10.174682612776648,100.0,31.0,69.0,31.0,6499.349999999999,5103.45,1395.8999999999996,538.69,0.0,0.0,13.298402202250074,1.7113018827556696,2.022412037015154,6.7572938848910855,48.0,19.0,29.0,39.583333333333336,3199.4499999999994,1869.5999999999997,1329.8499999999997,255.94,0.0,0.0,,0.039895206606750215,0.1778254706889174,-0.0,0.0380952380952381,0.013958940703999962,0.013676042677012602,-0.0036350122461776737
1a_broad,239,-1.0328798185941044,False,76,12,75.0,32.0,20,18,3.0,19,41,1.6,3.5,1.0,0.015,0.5,9.970581548749923,1.215659471384695,0.6654971375117316,12.61128205173743,88.0,23.0,65.0,26.136363636363637,5620.480000000001,4623.4000000000015,997.0799999999999,444.71999999999997,0.0,0.0,9.17519942005003,1.5479170647811962,1.3638413065762578,6.320578767519491,38.0,12.0,26.0,31.57894736842105,2592.08,1674.56,917.52,198.64,0.0,0.0,0.19727891156462585,,,,,,,
1a_broad,240,0.2081699649057576,True,67,11,76.0,33.0,20,19,3.2,18,40,1.5,3.1,1.0,0.015,0.5,10.433003523199968,1.1923833689540775,0.6495281939012681,10.821018973026453,108.0,31.0,77.0,28.703703703703702,6466.139999999999,5422.870000000001,1043.2699999999986,555.45,0.0,0.0,9.640306596050067,1.5017513909635514,1.4640325968032852,5.874895400301493,50.0,18.0,32.0,36.0,2885.36,1921.33,964.0300000000002,263.78,0.0,0.0,,0.0289209197881502,0.12543784774088784,-0.0,0.03968253968253968,0.01043300352319997,0.009619168447703875,-0.005923514276723963
1a_broad,241,0.3715304187464405,True,73,13,74.0,32.0,21,18,3.4000000000000004,18,39,1.5,3.1,1.0,0.015,0.5,16.168877953099837,1.2430786068215711,0.8951793936511031,10.46755866853192,126.0,38.0,88.0,30.158730158730158,8268.76,6651.84,1616.92,696.48,0.0,0.0,29.619280054299963,2.2405126379494487,3.3603655250677598,4.637510768260706,61.0,25.0,36.0,40.98360655737705,5349.56,2387.6499999999996,2961.9100000000008,349.94,0.0,0.0,,0.08885784016289988,0.25,-0.0,0.048412698412698414,0.016168877953099837,0.012153930341078556,-0.04406292812333621
1a_broad,242,0.3442666983148009,True,73,12,74.0,33.0,21,18,3.4000000000000004,18,39,1.5,3.1,1.0,0.015,0.5,12.243916442699865,1.18631071669322,0.720032898294816,10.468687336518604,128.0,38.0,90.0,29.6875,7796.090000000001,6571.71,1224.380000000001,684.58,0.0,0.0,24.618059598699947,2.013903932720781,2.9685964895370778,5.943784626449649,62.0,24.0,38.0,38.70967741935484,4889.9400000000005,2428.0899999999997,2461.850000000001,352.15,0.0,0.0,,0.07385417879609985,0.25,-0.0,0.049206349206349205,0.012243916442699865,0.009315535834661005,-0.05035328196500904
1a_broad,243,0.2608835538371038,True,71,12,74.0,31.0,21,18,3.3000000000000003,19,38,1.5,3.6,1.0,0.015,0.5,8.90211741420002,1.1312878079569617,0.5423123090788937,12.65493705321106,123.0,32.0,91.0,26.016260162601625,7671.24,6780.980000000001,890.2599999999984,651.42,0.0,0.0,18.510217974650004,1.79841868249422,2.1538112708653214,7.213899169852772,54.0,19.0,35.0,35.18518518518518,4169.31,2318.32,1850.9900000000002,297.76,0.0,0.0,,0.055530653923950006,0.19960467062355502,-0.0,0.04285714285714286,0.00890211741420002,0.006564390397848086,-0.052575421379592195
1a_broad,244,0.3006245608896337,True,78,12,74.0,32.0,21,18,3.4000000000000004,18,37,1.5,3.3000000000000003,1.0,0.015,0.5,8.087855442200016,1.114094783440407,0.50401842073622,13.553624026317273,131.0,36.0,95.0,27.480916030534353,7897.35,7088.580000000001,808.7699999999995,689.4,0.0,0.0,23.44924444819993,1.9708890213808978,2.6642568411802308,5.260615939227928,59.0,22.0,37.0,37.28813559322034,4760.17,2415.2400000000002,2344.93,332.12,0.0,0.0,,0.07034773334459979,0.24272225534522446,-0.0,0.046825396825396826,0.008087855442200016,0.005704739172020346,-0.07306341923980778
1a_broad,245,0.38319719957890697,True,75,12,75.0,33.0,21,17,3.4000000000000004,18,39,1.5,3.4000000000000004,1.0,0.015,0.5,18.42481207999999,1.2533596615105793,0.9909532176328395,13.698793399488684,131.0,37.0,94.0,28.244274809160306,9114.82,7272.3099999999995,1842.5100000000002,732.64,0.0,0.0,33.410602078249994,2.4834892570276663,3.301699589523925,4.499068713848384,57.0,25.0,32.0,43.85964912280702,5593.24,2252.17,3341.0699999999997,323.09,0.0,0.0,,0.10023180623474999,0.25,-0.0,0.045238095238095244,0.01842481207999999,0.012667983075528966,-0.043365497049467204
1a_broad,246,0.34882684941302805,True,75,13,75.0,32.0,21,17,3.4000000000000004,19,39,1.6,3.4000000000000004,1.0,0.015,0.5,14.402525863449899,1.2067205975650712,0.8192882659064361,12.482672364536661,123.0,35.0,88.0,28.45528455284553,8407.149999999998,6966.9400000000005,1440.2099999999973,675.47,0.0,0.0,26.649785169049956,2.1832155288768917,2.6962344628757484,6.343879073487312,49.0,19.0,30.0,38.775510204081634,4917.3,2252.3199999999997,2664.9800000000005,268.45,0.0,0.0,,0.07994935550714986,0.25,-0.0,0.03888888888888889,0.014402525863449901,0.010336029878253562,-0.04474995072471417
1a_broad,247,0.3769772001544771,True,81,13,75.0,33.0,21,17,3.4000000000000004,18,39,1.6,3.4000000000000004,1.0,0.015,0.5,19.752135805099897,1.293110049266932,1.0539413566627374,12.434254344474471,116.0,36.0,80.0,31.03448275862069,8714.010000000002,6738.8,1975.2100000000019,645.6,0.0,0.0,23.514057458349964,1.9847229783491769,2.3802765879881402,6.224234435384577,49.0,18.0,31.0,36.734693877551024,4739.32,2387.9,2351.4199999999996,268.6,0.0,0.0,,0.07054217237504988,0.24618074458729422,-0.0,0.03888888888888889,0.019752135805099897,0.014655502463346605,-0.013042243965202404
1a_broad,248,0.3974235574309154,True,81,13,74.0,44.0,21,17,3.4000000000000004,18,38,1.6,3.3000000000000003,1.0,0.015,0.5,22.342814114949924,1.3286117063600034,1.1695243461319917,12.603509251442723,116.0,37.0,79.0,31.896551724137932,9033.51,6799.210000000001,2234.2999999999993,662.09,0.0,0.0,25.233635886849985,2.057542318540529,2.6517703856574255,6.224261792780867,53.0,20.0,33.0,37.735849056603776,4909.44,2386.07,2523.3699999999994,292.7,0.0,0.0,,0.07570090766054996,0.25,-0.0,0.04206349206349207,0.022342814114949927,0.01643058531800017,-0.009114241726076751
1a_broad,249,0.4001765480582297,True,81,13,75.0,44.0,21,17,3.4000000000000004,18,38,1.6,3.4000000000000004,1.0,0.015,0.5,23.705376904899893,1.3414372773743972,1.2241287578281503,12.434444160000615,117.0,37.0,80.0,31.623931623931625,9313.210000000001,6942.71,2370.500000000001,668.33,0.0,0.0,24.04356305495001,1.9914192643905655,2.424480518268097,6.224234435384577,51.0,19.0,32.0,37.254901960784316,4829.589999999999,2425.2,2404.3899999999994,280.72,0.0,0.0,,0.07213068916485002,0.24785481609764137,-0.0,0.04047619047619048,0.023705376904899895,0.017071863868719863,-0.001062388454071912
1a_broad,250,0.2470546013479132,True,80,13,75.0,44.0,21,17,3.5,18,37,1.6,3.3000000000000003,1.0,0.015,0.5,13.939358118049878,1.1776383949108544,0.7456820660155417,15.59436936865502,133.0,39.0,94.0,29.32330827067669,9241.27,7847.290000000001,1393.9799999999996,725.54,0.0,0.0,16.680584667850034,1.5568300173587928,1.7861496993152175,7.08881499629747,61.0,20.0,41.0,32.78688524590164,4663.639999999999,2995.6,1668.0399999999995,319.77,0.0,0.0,,0.050041754003550105,0.1392075043396982,-0.0,0.048412698412698414,0.013939358118049878,0.008881919745542722,-0.013428633271626111
1a_broad,251,0.4136092666231079,True,82,13,74.0,44.0,21,17,3.4000000000000004,18,38,1.6,3.4000000000000004,1.0,0.015,0.5,29.654643570500085,1.4155790647908484,1.4685912365616107,10.387619725911106,119.0,39.0,80.0,32.773109243697476,10101.19,7135.73,2965.460000000001,705.48,0.0,0.0,27.054648885399985,2.2312736937437134,2.7293311736270294,4.771332093147575,49.0,19.0,30.0,38.775510204081634,4902.799999999999,2197.31,2705.4899999999993,276.1,0.0,0.0,,0.08116394665619996,0.25,-0.0,0.03888888888888889,0.029654643570500086,0.02077895323954242,-0.006877165732023504
1a_broad,252,0.3974235574309154,True,81,13,74.0,44.0,21,17,3.4000000000000004,18,38,1.6,3.3000000000000003,1.0,0.015,0.5,22.342814114949924,1.3286117063600034,1.1695243461319917,12.603509251442723,116.0,37.0,79.0,31.896551724137932,9033.51,6799.210000000001,2234.2999999999993,662.09,0.0,0.0,25.233635886849985,2.057542318540529,2.6517703856574255,6.224261792780867,53.0,20.0,33.0,37.735849056603776,4909.44,2386.07,2523.3699999999994,292.7,0.0,0.0,,0.07570090766054996,0.25,-0.0,0.04206349206349207,0.022342814114949927,0.01643058531800017,-0.009114241726076751
1a_broad,253,0.2976179633908559,True,82,13,74.0,44.0,21,17,3.5,18,38,1.6,3.3000000000000003,1.0,0.015,0.5,22.05584046704984,1.2824662309703017,1.0956488600730168,13.51059347785295,131.0,41.0,90.0,31.297709923664122,10013.74,7808.19,2205.55,742.16,0.0,0.0,19.143278027150025,1.6743257904525728,2.0321837872727433,7.087940209798014,58.0,20.0,38.0,34.48275862068966,4753.21,2838.88,1914.33,310.84,0.0,0.0,,0.05742983408145007,0.1685814476131432,-0.0,0.046031746031746035,0.02205584046704984,0.014123311548515084,-0.010604216351048341
1a_broad,254,0.3839314451500497,True,81,13,74.0,44.0,21,17,3.4000000000000004,18,37,1.6,3.3000000000000003,1.0,0.015,0.5,19.86840238859995,1.2829746081844027,1.0559734367622404,12.604601058187873,119.0,37.0,82.0,31.092436974789916,9007.970000000001,7021.160000000001,1986.8100000000004,677.98,0.0,0.0,25.131801524549992,2.0504056273745186,2.642910314070427,6.223451805590323,53.0,20.0,33.0,37.735849056603776,4905.779999999999,2392.5899999999997,2513.189999999999,292.49,0.0,0.0,,0.07539540457364997,0.25,-0.0,0.04206349206349207,0.01986840238859995,0.014148730409220135,-0.01754458428491245
1a_broad,255,0.3966210753340339,True,81,13,74.0,44.0,21,17,3.4000000000000004,18,37,1.6,3.4000000000000004,1.0,0.015,0.5,22.805946490199894,1.320304490105476,1.183816519197503,12.434772516969659,119.0,37.0,82.0,31.092436974789916,9400.699999999999,7120.1,2280.5999999999985,687.68,0.0,0.0,25.117902275600006,2.078409232394094,2.5378725821641726,6.224234435384577,50.0,19.0,31.0,38.0,4841.01,2329.19,2511.82,275.52,0.0,0.0,,0.07535370682680002,0.25,-0.0,0.03968253968253968,0.022805946490199895,0.016015224505273797,-0.007236342170779497
1a_broad,256,0.3185786171816855,True,81,13,74.0,44.0,21,17,3.5,18,37,1.6,3.4000000000000004,1.0,0.015,0.5,19.972057986599882,1.2556441022043936,1.0111436193064738,15.379662828282084,129.0,39.0,90.0,30.232558139534884,9809.820000000002,7812.580000000001,1997.2400000000007,726.96,0.0,0.0,19.839621335549964,1.7326147324264045,2.030255148066963,7.036402927548173,55.0,19.0,36.0,34.54545454545455,4691.990000000001,2708.04,1983.9500000000007,294.35,0.0,0.0,,0.059518864006649894,0.18315368310660113,-0.0,0.043650793650793655,0.019972057986599883,0.01278220511021968,-0.0004989866791787216
1a_broad,257,0.34141092754377245,True,83,13,74.0,43.0,21,17,3.3000000000000003,18,37,1.6,3.4000000000000004,1.0,0.015,0.5,23.712841901049924,1.3720551478721754,1.241163850230116,9.679214303367809,109.0,35.0,74.0,32.11009174311926,8744.67,6373.409999999999,2371.260000000001,615.88,0.0,0.0,19.029814421149986,1.8813805816339286,2.124220005798535,6.642248457935135,48.0,17.0,31.0,35.416666666666664,4062.07,2159.0900000000006,1902.9799999999996,261.53,0.0,0.0,,0.05708944326344995,0.22034514540848216,-0.0,0.0380952380952381,0.023712841901049928,0.01860275739360877,-0.01643449851805645
1a_broad,258,0.33490469826035635,True,79,13,74.0,43.0,21,17,3.4000000000000004,18,38,1.7000000000000002,3.2,1.0,0.015,0.5,11.55073173099996,1.1849889568154623,0.6774042611318329,13.488971522160762,112.0,34.0,78.0,30.357142857142858,7398.679999999999,6243.670000000001,1155.0099999999984,602.35,0.0,0.0,27.515129805449963,2.1359783663274365,2.954862685230734,6.223678079753774,54.0,21.0,33.0,38.888888888888886,5173.66,2422.1499999999996,2751.51,301.2,0.0,0.0,,0.08254538941634988,0.25,-0.0,0.04285714285714286,0.01155073173099996,0.009249447840773117,-0.06129801358490948
1a_broad,259,0.31688711317618085,True,85,13,74.0,43.0,21,17,3.5,18,37,1.6,3.4000000000000004,1.0,0.015,0.5,14.555384103449942,1.2024856679015246,0.8009575329106263,14.514861588249797,124.0,37.0,87.0,29.838709677419356,8643.960000000001,7188.410000000002,1455.5499999999993,665.13,0.0,0.0,21.86819423420002,1.8554456762402503,2.228885011949796,5.86224856553467,54.0,19.0,35.0,35.18518518518518,4743.15,2556.3399999999992,2186.8100000000004,293.85,0.0,0.0,,0.06560458270260006,0.21386141906006256,-0.0,0.04285714285714286,0.014555384103449942,0.010124283395076228,-0.030115698942150795
1a_broad,260,0.3373342620675425,True,80,13,74.0,45.0,21,17,3.4000000000000004,17,38,1.6,3.3000000000000003,1.0,0.015,0.5,12.202899463550002,1.1798477602481818,0.71938020575045,16.931769352126008,120.0,36.0,84.0,30.0,8005.679999999999,6785.349999999999,1220.33,643.0,0.0,0.0,24.631755442250032,2.0233996850681595,2.6011516020133745,6.224502489375533,54.0,20.0,34.0,37.03703703703704,4870.06,2406.87,2463.1900000000005,297.02,0.0,0.0,,0.0738952663267501,0.25,-0.0,0.04285714285714286,0.012202899463550004,0.008992388012409092,-0.050613434592309554
1a_broad,261,0.31785788013569866,True,82,13,75.0,39.0,21,17,3.3000000000000003,18,37,1.6,3.4000000000000004,1.0,0.015,0.5,21.3299747149,1.323416049805769,1.130092383271881,9.680145360374057,114.0,36.0,78.0,31.57894736842105,8728.220000000001,6595.219999999998,2133.0000000000027,635.54,0.0,0.0,18.009579433500004,1.8003999911113084,2.005150230149977,6.642248457935135,49.0,17.0,32.0,34.69387755102041,4050.99,2250.05,1800.9399999999996,266.44,0.0,0.0,,0.05402873830050001,0.2000999977778271,-0.0,0.03888888888888889,0.021329974714900002,0.01617080249028845,-0.012660522036705804
1a_broad,262,0.28418817142610125,True,79,13,74.0,44.0,21,17,3.5,18,38,1.6,3.2,1.0,0.015,0.5,14.803065687199831,1.1955914529733842,0.7914048233436599,16.00505870843501,133.0,40.0,93.0,30.075187969924812,9048.810000000001,7568.480000000001,1480.33,727.17,0.0,0.0,20.44861250100008,1.6954778278880884,2.213537454736164,7.141733039574828,61.0,21.0,40.0,34.42622950819672,4985.01,2940.1800000000003,2044.83,328.95,0.0,0.0,,0.061345837503000246,0.1738694569720221,-0.0,0.048412698412698414,0.014803065687199832,0.00977957264866921,-0.02402245979748858
1a_broad,263,-1.0012630409485002,False,77,13,75.0,45.0,21,17,3.4000000000000004,17,39,1.7000000000000002,3.3000000000000003,1.0,0.015,0.5,-0.7578245691000666,0.9879018678686058,0.015677570811821882,15.16509964351215,114.0,30.0,84.0,26.31578947368421,6189.629999999999,6265.43,-75.80000000000109,563.78,0.0,0.0,23.633177269850002,1.9731926668972677,2.4938204904910424,6.222854495131274,52.0,19.0,33.0,36.53846153846154,4791.780000000001,2428.44,2363.3400000000006,285.95,0.0,0.0,0.0075782456910006655,,,,,,,
1a_broad,264,0.2840066251734819,True,85,13,74.0,37.0,21,17,3.5,18,38,1.6,3.3000000000000003,1.0,0.015,0.5,11.924709223049922,1.1678899327989731,0.6766355969426988,15.380669293570893,123.0,37.0,86.0,30.08130081300813,8295.02,7102.569999999999,1192.4500000000016,651.92,0.0,0.0,21.157792699099993,1.7873593801749774,2.23807977658456,5.91655061061838,57.0,20.0,37.0,35.08771929824562,4803.01,2687.2099999999996,2115.8000000000006,310.44,0.0,0.0,,0.06347337809729997,0.19683984504374435,-0.0,0.045238095238095244,0.011924709223049923,0.008394496639948656,-0.04186389906865625
1a_broad,265,0.3250715245990499,True,81,13,75.0,44.0,21,17,3.4000000000000004,18,41,1.6,3.4000000000000004,1.0,0.015,0.5,16.37018088134997,1.244321234553161,0.8963931676868478,12.719455530619664,116.0,34.0,82.0,29.310344827586206,8337.45,6700.400000000001,1637.0500000000002,631.2,0.0,0.0,20.766230436400036,1.8490416380466421,2.1386561327405778,6.223402893922684,50.0,17.0,33.0,34.0,4522.46,2445.8400000000006,2076.6199999999994,269.96,0.0,0.0,,0.0622986913092001,0.21226040951166053,-0.0,0.03968253968253968,0.016370180881349974,0.012216061727658045,-0.01775635851335841
1a_broad,266,0.2688744461868217,True,77,13,75.0,43.0,21,17,3.3000000000000003,18,37,1.6,3.2,1.0,0.015,0.5,7.885658416399874,1.118086087716986,0.49370805792765804,12.885987221969511,121.0,35.0,86.0,28.925619834710744,7466.4,6677.840000000002,788.5599999999977,641.7,0.0,0.0,20.55154336084999,1.8695298980761828,2.4369552168679864,6.641116353366286,54.0,19.0,35.0,35.18518518518518,4418.69,2363.5299999999997,2055.16,298.3,0.0,0.0,,0.06165463008254997,0.2173824745190457,-0.0,0.04285714285714286,0.007885658416399875,0.005904304385849302,-0.066809764074166
1a_broad,267,0.3383338591394053,True,82,13,74.0,42.0,21,17,3.4000000000000004,17,38,1.7000000000000002,3.4000000000000004,1.0,0.015,0.5,12.833645380599974,1.2023841815750298,0.7561454803670715,13.422737955220532,110.0,34.0,76.0,30.90909090909091,7624.27,6340.96,1283.3100000000004,586.4,0.0,0.0,27.691292037349996,2.3008700309114656,2.7990947801996233,4.771630457805073,47.0,19.0,28.0,40.42553191489362,4897.7699999999995,2128.66,2769.1099999999997,265.98,0.0,0.0,,0.08307387611204999,0.25,-0.0,0.0373015873015873,0.012833645380599973,0.01011920907875149,-0.05499445873358349
1a_broad,268,0.2462108836043525,True,87,13,75.0,45.0,21,17,3.5,18,39,1.6,3.0,1.0,0.015,0.5,6.355687399349991,1.0892176557044975,0.4237431956225113,14.362051339190621,130.0,38.0,92.0,29.23076923076923,7759.14,7123.589999999999,635.5500000000011,684.0,0.0,0.0,21.274827524499997,1.8324724922133007,2.3736858165809336,7.383540376541589,56.0,21.0,35.0,37.5,4683.14,2555.6400000000003,2127.5,306.03,0.0,0.0,,0.06382448257349999,0.20811812305332517,-0.0,0.044444444444444446,0.006355687399349991,0.004460882785224873,-0.08099273665149197
1a_broad,269,0.266425536712101,True,77,13,74.0,44.0,21,17,3.3000000000000003,18,41,1.6,3.2,1.0,0.015,0.5,8.608162995849963,1.1345831561569826,0.5327391842501886,13.170545819709039,117.0,33.0,84.0,28.205128205128204,7257.52,6396.639999999999,860.880000000001,617.43,0.0,0.0,19.19239186520006,1.8342222280177871,2.3231346389044845,6.919154313506398,53.0,18.0,35.0,33.9622641509434,4219.83,2300.609999999999,1919.2200000000007,288.9,0.0,0.0,,0.05757717559560018,0.20855555700444678,-0.0,0.04206349206349207,0.008608162995849962,0.006729157807849129,-0.05710800875513713
1a_broad,270,0.36759168983968654,True,84,13,75.0,42.0,21,17,3.4000000000000004,17,37,1.6,3.0,1.0,0.015,0.5,16.594511423799904,1.2463449066205101,1.028600619675361,12.949854764519545,122.0,39.0,83.0,31.9672131147541,8395.99,6736.49,1659.5,676.99,0.0,0.0,28.36143424615,2.274377558402344,3.0904134814473245,4.987539630345579,54.0,22.0,32.0,40.74074074074074,5061.650000000001,2225.51,2836.1400000000003,302.59,0.0,0.0,,0.08508430273845001,0.25,-0.0,0.04285714285714286,0.016594511423799904,0.012317245331025507,-0.03926151251073174
1a_broad,271,0.265945175709053,True,85,13,74.0,43.0,21,16,3.5,17,37,1.7000000000000002,3.0,1.0,0.015,0.5,5.987578850149912,1.0834576237165565,0.3973361542933224,12.269331038606488,125.0,37.0,88.0,29.6,7772.79,7174.06,598.7299999999996,652.28,0.0,0.0,25.2390383456,1.9028736187277087,2.5977101077757268,6.506703774110954,59.0,22.0,37.0,37.28813559322034,5319.349999999999,2795.4300000000003,2523.919999999999,326.29,0.0,0.0,,0.0757171150368,0.22571840468192717,-0.0,0.046825396825396826,0.005987578850149913,0.004172881185827826,-0.09247620087104873
1a_broad,272,0.30677336087049106,True,82,13,75.0,42.0,21,17,3.3000000000000003,17,38,1.6,3.0,1.0,0.015,0.5,16.21941040279995,1.2513427987862895,1.0031475614197263,11.491036257447568,118.0,38.0,80.0,32.20338983050848,8074.839999999999,6452.9400000000005,1621.8999999999987,642.09,0.0,0.0,17.673406420100036,1.7541776905351198,2.1651385687402667,6.642145632581794,54.0,20.0,34.0,37.03703703703704,4110.74,2343.4,1767.3399999999997,295.14,0.0,0.0,,0.0530202192603001,0.18854442263377996,-0.0,0.04285714285714286,0.016219410402799953,0.012567139939314477,-0.0064349742228462965
1a_broad,273,0.2149767997315685,True,79,13,75.0,44.0,21,17,3.2,17,39,1.6,3.1,1.0,0.015,0.5,7.076249728799958,1.1248758053899137,0.48252198955469416,15.437125119991189,109.0,33.0,76.0,30.275229357798164,6374.12,5666.51,707.6099999999997,545.18,0.0,0.0,15.06520070555005,1.6899522319976918,1.9091343535943481,6.6416224056215505,48.0,16.0,32.0,33.333333333333336,3689.9600000000005,2183.4700000000003,1506.4900000000002,258.46,0.0,0.0,,0.04519560211665015,0.17248805799942296,-0.0,0.0380952380952381,0.007076249728799958,0.006243790269495686,-0.054122138478038366
1a_broad,274,0.3441633174981613,True,87,13,74.0,44.0,21,17,3.4000000000000004,18,37,1.6,3.0,1.0,0.015,0.5,13.171199491049993,1.1987340435163112,0.8277801942615025,11.725774777629264,121.0,37.0,84.0,30.578512396694215,7944.490000000001,6627.4,1317.090000000001,670.16,0.0,0.0,28.845658812599993,2.4377295858607506,3.2170191925979728,4.771221830092198,51.0,21.0,30.0,41.1764705882353,4890.889999999999,2006.3299999999997,2884.5599999999995,289.92,0.0,0.0,,0.08653697643779998,0.25,-0.0,0.04047619047619048,0.013171199491049994,0.00993670217581556,-0.055957751082694705
1a_broad,275,0.2207331129312382,True,84,12,75.0,31.0,21,16,3.3000000000000003,18,38,1.7000000000000002,3.2,1.0,0.015,0.5,4.195201381499974,1.06945504326249,0.29693018893777645,10.205041177049132,105.0,31.0,74.0,29.523809523809526,6460.610000000001,6041.030000000001,419.5799999999999,533.12,0.0,1.0,20.084810363499926,1.8356479555326264,2.3676182669116175,6.904556321299152,53.0,19.0,34.0,35.84905660377358,4412.09,2403.5600000000004,2008.5299999999997,291.8,0.0,0.0,,0.06025443109049978,0.2089119888831566,-0.0,0.04206349206349207,0.004195201381499974,0.0034727521631245043,-0.0981647526505347
1a_broad,276,-1.0972442532553788,False,78,13,76.0,41.0,21,17,2.8,17,42,1.6,3.1,1.0,0.015,0.5,11.01285501554994,1.2963063610876433,0.8806455853303661,9.846392190485481,71.0,22.0,49.0,30.985915492957748,4817.93,3716.66,1101.2700000000004,371.67,0.0,0.0,-0.29471983630000975,0.9797414770579786,-0.014607007757229019,9.0221052019338,32.0,9.0,23.0,28.125,1425.71,1455.19,-29.480000000000018,161.65,0.0,0.0,0.5834655195322721,,,,,,,
1a_broad,277,0.2327651406411452,True,82,12,74.0,45.0,21,17,3.5,19,36,1.6,3.5,1.0,0.015,0.5,25.55722491935001,1.3282004656436883,1.2728340407815388,12.353413593895707,128.0,40.0,88.0,31.25,10342.789999999997,7787.070000000001,2555.7199999999966,740.49,0.0,0.0,15.47645713539998,1.5470986443254326,1.670443635031986,7.1817242619404364,56.0,18.0,38.0,32.142857142857146,4376.51,2828.85,1547.6600000000003,298.12,0.0,0.0,,0.04642937140619994,0.13677466108135816,-0.0,0.044444444444444446,0.02555722491935001,0.016410023282184417,-0.03685058449239177
1a_broad,278,0.33907622423542794,True,76,13,75.0,45.0,21,17,3.4000000000000004,18,39,1.4,4.0,1.0,0.015,0.5,12.409059598499953,1.142270303487509,0.6308906310676009,16.205447806395263,138.0,31.0,107.0,22.463768115942027,9963.189999999999,8722.270000000002,1240.9199999999964,775.19,0.0,0.0,27.682432602400002,2.067701101545867,2.53369484789918,5.464440252901957,55.0,19.0,36.0,34.54545454545455,5360.969999999999,2592.72,2768.2499999999995,309.88,0.0,0.0,,0.08304729780720001,0.25,-0.0,0.043650793650793655,0.012409059598499953,0.0071135151743754515,-0.057144441995441116
1a_broad,279,0.26498412437364416,True,80,12,77.0,43.0,21,19,3.4000000000000004,18,37,1.6,3.0,1.0,0.015,0.5,21.285208079299956,1.330541730400416,1.2356884055333377,12.3358457823821,116.0,38.0,78.0,32.758620689655174,8568.089999999998,6439.55,2128.539999999998,671.83,0.0,0.0,15.971826415500054,1.6248161362000433,1.9497441157015993,6.239163503582514,56.0,19.0,37.0,33.92857142857143,4153.419999999999,2556.2400000000002,1597.179999999999,301.18,0.0,0.0,,0.04791547924650016,0.15620403405001082,-0.0,0.044444444444444446,0.021285208079299955,0.016527086520020797,-0.02139212796663202
1a_broad,280,0.27676899339532296,True,66,12,75.0,31.0,21,17,3.3000000000000003,17,39,1.6,3.4000000000000004,1.0,0.015,0.5,6.281498955399948,1.0965289058069791,0.40565132686638644,9.25565091105087,119.0,32.0,87.0,26.89075630252101,7135.3,6507.17,628.1300000000001,609.58,0.0,0.0,18.875230556700025,2.0209541324102123,2.1928953233366175,5.141541833751478,43.0,16.0,27.0,37.2093023255814,3736.34,1848.7999999999997,1887.5400000000004,235.87,0.0,0.0,,0.05662569167010008,0.25,-0.0,0.03412698412698413,0.0062814989553999475,0.004826445290348958,-0.07509162664751017
1a_broad,281,0.271875712138509,True,77,13,76.0,44.0,21,16,3.5,18,38,1.4,3.6,1.0,0.015,0.5,18.5000862766498,1.1760274181148331,0.8439067476765891,15.80148085379039,161.0,42.0,119.0,26.08695652173913,12359.859999999999,10509.84,1850.0199999999986,922.58,0.0,0.0,18.456924038749985,1.5638638800717324,1.6855864237765605,7.191631203741814,61.0,20.0,41.0,32.78688524590164,5118.9800000000005,3273.2899999999995,1845.690000000001,324.27,0.0,0.0,,0.05537077211624996,0.1409659700179331,-0.0,0.048412698412698414,0.0185000862766498,0.008801370905741656,-0.0001751855907639345
1a_broad,282,-1.0034013605442178,False,85,12,74.0,30.0,20,18,3.4000000000000004,19,41,1.7000000000000002,3.1,1.0,0.015,0.5,7.261529965949958,1.132680615033836,0.49126707587009344,11.789004068383761,96.0,30.0,66.0,31.25,6199.750000000001,5473.5199999999995,726.2300000000014,498.99,0.0,1.0,19.590345540650034,1.957801017938601,2.3762805136587404,5.5107864985065635,45.0,17.0,28.0,37.77777777777778,4004.31,2045.31,1959.0,248.76,0.0,0.0,0.020408163265306145,,,,,,,
1a_broad,283,0.28406351193297696,True,80,13,75.0,31.0,20,18,3.3000000000000003,18,44,1.4,3.4000000000000004,1.0,0.015,0.5,12.802559030999838,1.1782678139007676,0.7094334804924283,13.563258068292877,124.0,35.0,89.0,28.225806451612904,8461.529999999999,7181.33,1280.199999999999,676.94,0.0,0.0,17.640412158249983,1.764800499455888,1.9624347335056265,7.318041651738887,53.0,18.0,35.0,33.9622641509434,4070.53,2306.51,1764.02,287.68,0.0,0.0,,0.052921236474749944,0.19120012486397198,-0.0,0.04206349206349207,0.01280255903099984,0.008913390695038381,-0.023837291195275216
1a_broad,284,-1.0009211733555001,False,88,12,76.0,44.0,21,17,3.4000000000000004,17,39,1.6,3.3000000000000003,1.0,0.015,0.5,-0.5527040133001174,0.9908827172405377,0.02413499406037108,16.643492498463804,114.0,32.0,82.0,28.07017543859649,6007.93,6063.21,-55.279999999999745,560.97,0.0,0.0,28.264646931149983,2.4205979031171783,3.0423295767477034,4.771543490771525,48.0,18.0,30.0,37.5,4816.07,1989.62,2826.45,271.85,0.0,0.0,0.005527040133001174,,,,,,,
1a_broad,285,0.2325153132029345,True,76,11,77.0,43.0,20,19,3.5,19,40,1.6,3.2,1.0,0.015,0.5,7.060522799949977,1.1117226231863648,0.4667665235486206,11.34809378079657,119.0,34.0,85.0,28.571428571428573,7025.52,6319.49,706.0300000000007,619.05,0.0,0.0,17.36405699840001,1.7654864135705595,2.026180679027171,5.300602982716992,50.0,18.0,32.0,36.0,4004.9,2268.44,1736.46,265.41,0.0,0.0,,0.05209217099520003,0.19137160339263987,-0.0,0.03968253968253968,0.007060522799949977,0.005586131159318242,-0.06327765482671328
1a_broad,286,0.16688271030000407,True,61,13,74.0,45.0,21,18,3.2,18,36,1.5,3.0,1.0,0.015,0.5,37.28951280580001,1.5835232038458167,1.8666786368358992,6.994986544816584,126.0,43.0,83.0,34.12698412698413,10119.22,6390.32,3728.8999999999996,729.36,0.0,0.0,9.886891421850088,1.463284116414959,1.3616876935324829,5.806802661885999,53.0,19.0,34.0,35.84905660377358,3122.78,2134.09,988.69,271.86,0.0,0.0,,0.02966067426555026,0.11582102910373976,-0.0,0.04206349206349207,0.03728951280580001,0.029176160192290836,-0.08712815813086887
1a_broad,287,0.40041054685807753,True,84,12,75.0,31.0,20,17,3.4000000000000004,18,42,1.4,3.5,1.0,0.015,0.5,22.928487505699795,1.2800734865687904,1.1170861741839764,11.613678217917665,130.0,39.0,91.0,30.0,10479.359999999999,8186.53,2292.829999999999,758.01,0.0,1.0,27.91588773710002,2.163491474703354,2.7582008566795873,5.157324130990559,56.0,21.0,35.0,37.5,5190.9299999999985,2399.33,2791.5999999999985,314.44,0.0,0.0,,0.08374766321130006,0.25,-0.0,0.044444444444444446,0.0229284875056998,0.01400367432843952,-0.014713722631806266
1a_broad,288,0.33302732944163105,True,83,12,76.0,30.0,21,17,3.3000000000000003,18,41,1.4,3.7,1.0,0.015,0.5,13.903585246699823,1.1825501240792533,0.735940359599688,11.564247934066994,122.0,32.0,90.0,26.229508196721312,9006.42,7616.099999999999,1390.3200000000006,688.07,0.0,1.0,21.86537418939999,1.9460746984198414,2.345654990421172,7.317507251218121,52.0,18.0,34.0,34.61538461538461,4497.6900000000005,2311.16,2186.5300000000007,286.05,0.0,0.0,,0.06559612256819997,0.23651867460496034,-0.0,0.04126984126984127,0.013903585246699823,0.009127506203962665,-0.033388400452033
1a_broad,289,0.2895132216115672,True,83,13,74.0,42.0,20,16,3.5,17,43,1.4,3.4000000000000004,1.0,0.015,0.5,22.398103377700025,1.2342930663863305,1.0118278624522228,12.222241629647982,151.0,45.0,106.0,29.801324503311257,11799.779999999999,9559.949999999999,2239.83,857.56,0.0,0.0,19.351372179899972,1.6585681274439408,1.7969906356220309,7.249851452434733,55.0,18.0,37.0,32.72727272727273,4873.52,2938.3899999999994,1935.130000000001,301.46999999999997,0.0,0.0,,0.05805411653969991,0.1646420318609852,-0.0,0.043650793650793655,0.022398103377700027,0.011714653319316527,-0.010946477136928126
1a_broad,290,0.37134241313441424,True,86,12,75.0,32.0,21,17,3.4000000000000004,18,42,1.4,3.6,1.0,0.015,0.5,17.144924921299918,1.214648968615255,0.8933519258196317,13.113776174688056,129.0,37.0,92.0,28.68217054263566,9701.789999999999,7987.320000000001,1714.4699999999984,739.26,0.0,1.0,31.94067288880002,2.42504171537178,3.109970755739111,5.103439640930804,54.0,21.0,33.0,38.888888888888886,5435.4400000000005,2241.38,3194.0600000000004,308.79,0.0,0.0,,0.09582201866640006,0.25,-0.0,0.04285714285714286,0.017144924921299917,0.010732448430762754,-0.04521412174119137
1a_broad,291,0.3539087340762038,True,86,12,75.0,32.0,21,17,3.4000000000000004,18,42,1.4,3.5,1.0,0.015,0.5,14.407608524099905,1.1829537748859038,0.7726634489162668,13.250594632821953,129.0,37.0,92.0,28.68217054263566,9315.69,7874.9400000000005,1440.75,728.71,0.0,1.0,30.200795873749975,2.3560398902613695,2.971427662717757,5.158469128207065,54.0,21.0,33.0,38.888888888888886,5247.159999999999,2227.11,3020.049999999999,306.67,0.0,0.0,,0.09060238762124992,0.25,-0.0,0.04285714285714286,0.014407608524099905,0.00914768874429519,-0.053106093670584074
1a_broad,292,0.394521907390459,True,81,12,76.0,32.0,21,17,3.4000000000000004,18,42,1.4,3.5,1.0,0.015,0.5,21.86944591415011,1.2605119396193332,1.0608649039508333,14.652497232523611,132.0,38.0,94.0,28.78787878787879,10581.67,8394.74,2186.9300000000003,779.17,0.0,0.0,26.70418484615002,2.079392410793682,2.63273454303943,6.339494182096768,56.0,21.0,35.0,37.5,5144.5,2474.0399999999995,2670.4600000000005,309.33,0.0,0.0,,0.08011255453845005,0.25,-0.0,0.044444444444444446,0.02186944591415011,0.013025596980966659,-0.014930134487552267
1a_broad,293,0.3310653483878192,True,88,12,77.0,31.0,21,16,3.3000000000000003,18,44,1.4,3.6,1.0,0.015,0.5,15.059361891999886,1.1877649546646982,0.8100223741186808,14.096412921635329,134.0,39.0,95.0,29.104477611940297,9526.16,8020.24,1505.92,737.01,0.0,1.0,20.75292851405,1.914095810282251,2.2329001826783257,7.212090359925282,50.0,18.0,32.0,36.0,4345.61,2270.3199999999997,2075.29,274.41,0.0,0.0,,0.06225878554215,0.22852395257056274,-0.0,0.03968253968253968,0.015059361891999887,0.009388247733234913,-0.023847539032668022
1a_broad,294,0.39723580500305106,True,82,13,76.0,32.0,21,17,3.4000000000000004,18,43,1.4,3.5,1.0,0.015,0.5,24.307533411049935,1.2834264193183536,1.1525538883717232,12.275756431340437,134.0,39.0,95.0,29.104477611940297,11007.05,8576.300000000003,2430.7499999999964,794.79,0.0,1.0,24.59638061165002,1.9688119143371448,2.4614995979212,6.355414213051145,55.0,20.0,35.0,36.36363636363637,4998.4,2538.79,2459.6099999999997,304.29,0.0,0.0,,0.07378914183495006,0.2422029785842862,-0.0,0.043650793650793655,0.024307533411049936,0.014171320965917679,-0.0008859634439464573
1a_broad,295,0.2558818255100616,True,84,13,76.0,32.0,21,16,3.5,18,44,1.4,3.7,1.0,0.015,0.5,25.462093727849844,1.2462428047535046,1.0927704719767564,11.865632193649803,152.0,42.0,110.0,27.63157894736842,12886.349999999999,10340.16,2546.1899999999987,909.3100000000001,0.0,2.0,18.55869302365001,1.5501680866580105,1.7507733418320177,7.565617909619254,61.0,18.0,43.0,29.508196721311474,5229.12,3373.2599999999998,1855.8600000000001,323.94,0.0,0.0,,0.055676079070950034,0.13754202166450263,-0.0,0.048412698412698414,0.025462093727849845,0.01231214023767523,-0.02352320760361452
1a_broad,296,0.3868215781129683,True,80,13,75.0,44.0,21,17,3.4000000000000004,18,43,1.4,3.6,1.0,0.015,0.5,20.46409361374992,1.235998634519441,0.9950789229634005,14.546659038240337,137.0,38.0,99.0,27.73722627737226,10717.270000000002,8670.94,2046.3300000000017,799.21,0.0,0.0,25.897851870999965,2.0055406071759987,2.553419218426309,6.286889985471493,56.0,20.0,36.0,35.714285714285715,5165.33,2575.53,2589.7999999999997,309.2,0.0,0.0,,0.0776935556129999,0.25,-0.0,0.044444444444444446,0.02046409361374992,0.011799931725972046,-0.017580447284197998
1a_broad,297,0.38690333115340575,True,81,13,75.0,45.0,21,17,3.4000000000000004,18,43,1.4,3.6,1.0,0.015,0.5,20.586507433649874,1.2411013773072235,1.0020124695402095,14.546659038240337,133.0,37.0,96.0,27.81954887218045,10597.019999999999,8538.400000000001,2058.619999999997,777.06,0.0,0.0,26.24474788604999,2.027857738717674,2.583498050541552,6.287051126800113,55.0,20.0,35.0,36.36363636363637,5177.789999999999,2553.33,2624.459999999999,304.81,0.0,0.0,,0.07873424365814997,0.25,-0.0,0.043650793650793655,0.020586507433649877,0.012055068865361174,-0.018123282454548917
1a_broad,298,0.3680329662962459,True,81,13,75.0,45.0,21,17,3.4000000000000004,18,45,1.4,3.8000000000000003,1.0,0.015,0.5,17.447791119399973,1.207933169275504,0.8500974177833789,14.032929222981466,125.0,33.0,92.0,26.4,10136.19,8391.35,1744.8400000000001,729.75,0.0,0.0,27.413291121700023,2.0986101760123113,2.620155149387756,6.223776577640201,52.0,18.0,34.0,34.61538461538461,5236.62,2495.2799999999997,2741.34,287.85,0.0,0.0,,0.08223987336510007,0.25,-0.0,0.04126984126984127,0.017447791119399973,0.0103966584637752,-0.03332119792187061
1a_broad,299,0.24948612965185152,True,81,13,74.0,45.0,21,16,3.5,18,47,1.4,3.6,1.0,0.015,0.5,27.09964229229987,1.263933811534285,1.1797778200470082,12.742931089396247,148.0,42.0,106.0,28.37837837837838,12977.630000000001,10267.65,2709.9800000000014,898.07,0.0,0.0,18.064049407500043,1.5432031200666356,1.744443636761465,7.603219163517185,62.0,18.0,44.0,29.032258064516128,5132.030000000001,3325.5699999999997,1806.460000000001,328.79,0.0,0.0,,0.05419214822250013,0.1358007800166589,-0.0,0.049206349206349205,0.027099642292299872,0.013196690576714255,-0.030009480662670857
1a_broad,300,0.36971643144575084,True,86,13,75.0,45.0,21,17,3.4000000000000004,18,45,1.4,3.8000000000000003,1.0,0.015,0.5,17.560865016749958,1.2244003174282692,0.8899252081778751,14.203238946617716,123.0,33.0,90.0,26.829268292682926,9581.410000000002,7825.389999999999,1756.0200000000023,707.14,0.0,0.0,30.687615878150044,2.351617520755797,2.9118719459218245,4.99555554205468,50.0,18.0,32.0,36.0,5339.23,2270.45,3068.7799999999997,284.38,0.0,0.0,,0.09206284763445012,0.25,-0.0,0.03968253968253968,0.017560865016749957,0.011220015871413459,-0.04080983675940237
1a_broad,301,0.3836893212525395,True,86,13,75.0,45.0,21,17,3.4000000000000004,18,45,1.4,3.9000000000000004,1.0,0.015,0.5,20.59924397314988,1.2604327734545384,1.0160372704097342,14.073653685114204,122.0,33.0,89.0,27.049180327868854,9969.33,7909.450000000001,2059.879999999999,712.63,0.0,0.0,29.723346089600017,2.3453017294053216,2.729223524026665,4.941092398861414,48.0,17.0,31.0,35.416666666666664,5181.780000000001,2209.4300000000003,2972.3500000000004,272.9,0.0,0.0,,0.08917003826880004,0.25,-0.0,0.0380952380952381,0.02059924397314988,0.013021638672726921,-0.02719683775737541
1a_broad,302,0.24559460000792635,True,89,13,75.0,45.0,21,17,3.3000000000000003,17,46,1.4,3.9000000000000004,1.0,0.015,0.5,3.434348550199902,1.053235387124176,0.25699940644250563,14.225317593533926,112.0,27.0,85.0,24.107142857142858,6794.59,6451.160000000001,343.4299999999994,572.68,0.0,0.0,21.159671922250002,2.06334991708126,2.148413928308087,7.211567492626994,43.0,14.0,29.0,32.55813953488372,4105.86,1989.9000000000003,2115.959999999999,235.41,0.0,0.0,,0.06347901576675,0.25,-0.0,0.03412698412698413,0.003434348550199902,0.0026617693562087986,-0.10810751779221649
1a_broad,303,0.36981594393458533,True,86,13,74.0,45.0,21,17,3.4000000000000004,18,45,1.4,3.8000000000000003,1.0,0.015,0.5,17.560865016749958,1.2244003174282692,0.8899252081778751,14.203238946617716,123.0,33.0,90.0,26.829268292682926,9581.410000000002,7825.389999999999,1756.0200000000023,707.14,0.0,0.0,31.819904964650046,2.4659516536978425,3.02520027571344,4.99555554205468,49.0,18.0,31.0,36.734693877551024,5352.57,2170.5899999999997,3181.98,278.9,0.0,0.0,,0.09545971489395014,0.25,-0.0,0.03888888888888889,0.017560865016749957,0.011220015871413459,-0.043313540736417126
1a_broad,304,0.38861530803442423,True,87,13,74.0,44.0,21,17,3.4000000000000004,18,44,1.4,3.9000000000000004,1.0,0.015,0.5,20.943524472449734,1.2568266542404474,1.0067170572006687,13.611810523290972,126.0,34.0,92.0,26.984126984126984,10249.17,8154.8,2094.37,739.73,0.0,0.0,34.407263985600004,2.70596168339217,3.1501345345590455,4.941732362401616,48.0,18.0,30.0,37.5,5457.599999999999,2016.88,3440.7199999999993,278.28,0.0,0.0,,0.10322179195680002,0.25,-0.0,0.0380952380952381,0.020943524472449737,0.012841332712022369,-0.03648657920208602
1a_broad,305,0.38619989503463203,True,87,13,74.0,45.0,21,17,3.4000000000000004,18,45,1.4,3.9000000000000004,1.0,0.015,0.5,20.895028402699865,1.2654157266833324,1.0282513891548197,13.610482494004215,122.0,33.0,89.0,27.049180327868854,9961.96,7872.48,2089.4799999999996,711.64,0.0,0.0,32.290276225950024,2.6236530483972342,2.9920009140364394,4.941092398861414,47.0,17.0,30.0,36.170212765957444,5217.79,1988.7500000000002,3229.04,269.16,0.0,0.0,,0.09687082867785006,0.25,-0.0,0.0373015873015873,0.020895028402699866,0.013270786334166618,-0.03213833568167181
1a_broad,306,0.3700406859884096,True,90,13,74.0,45.0,21,16,3.5,18,46,1.4,3.9000000000000004,1.0,0.015,0.5,23.39406545179978,1.2397563245343979,1.0203485330306916,10.62701577337823,145.0,39.0,106.0,26.896551724137932,12096.600000000006,9757.239999999998,2339.360000000008,843.07,0.0,0.0,23.193561308550034,1.8914661941678161,2.169579549567584,7.098375908555734,54.0,16.0,38.0,29.62962962962963,4921.16,2601.7700000000004,2319.3899999999994,298.31,0.0,0.0,,0.0695806839256501,0.22286654854195403,-0.0,0.04285714285714286,0.02339406545179978,0.011987816226719895,-0.000645571014857077
1a_broad,307,0.39716360110984034,True,89,13,74.0,45.0,21,16,3.5,18,45,1.4,3.9000000000000004,1.0,0.015,0.5,24.76839969894996,1.2527228202642722,1.0678224205164244,10.427778120983278,145.0,40.0,105.0,27.586206896551722,12277.31,9800.5,2476.8099999999995,849.63,0.0,0.0,26.053160909649996,1.9606138371458488,2.38628715813823,7.097699588064817,57.0,18.0,39.0,31.57894736842105,5317.42,2712.1200000000003,2605.2999999999997,321.13,0.0,0.0,,0.07815948272894999,0.2401534592864622,-0.0,0.045238095238095244,0.024768399698949964,0.012636141013213609,-0.0037919768558306467
1a_broad,308,0.39716360110984034,True,89,13,74.0,45.0,21,16,3.5,18,45,1.4,3.9000000000000004,1.0,0.015,0.5,24.76839969894996,1.2527228202642722,1.0678224205164244,10.427778120983278,145.0,40.0,105.0,27.586206896551722,12277.31,9800.5,2476.8099999999995,849.63,0.0,0.0,26.053160909649996,1.9606138371458488,2.38628715813823,7.097699588064817,57.0,18.0,39.0,31.57894736842105,5317.42,2712.1200000000003,2605.2999999999997,321.13,0.0,0.0,,0.07815948272894999,0.2401534592864622,-0.0,0.045238095238095244,0.024768399698949964,0.012636141013213609,-0.0037919768558306467
1a_broad,309,0.39716360110984034,True,89,13,74.0,45.0,21,16,3.5,18,45,1.4,3.9000000000000004,1.0,0.015,0.5,24.76839969894996,1.2527228202642722,1.0678224205164244,10.427778120983278,145.0,40.0,105.0,27.586206896551722,12277.31,9800.5,2476.8099999999995,849.63,0.0,0.0,26.053160909649996,1.9606138371458488,2.38628715813823,7.097699588064817,57.0,18.0,39.0,31.57894736842105,5317.42,2712.1200000000003,2605.2999999999997,321.13,0.0,0.0,,0.07815948272894999,0.2401534592864622,-0.0,0.045238095238095244,0.024768399698949964,0.012636141013213609,-0.0037919768558306467
1a_broad,310,0.3651695206231603,True,90,13,74.0,45.0,21,16,3.5,18,45,1.4,3.9000000000000004,1.0,0.015,0.5,24.76839969894996,1.2527228202642722,1.0678224205164244,10.427778120983278,145.0,40.0,105.0,27.586206896551722,12277.31,9800.5,2476.8099999999995,849.63,0.0,0.0,23.222720839199972,1.873934052369734,2.1699594042233534,7.09734916486969,56.0,17.0,39.0,30.357142857142858,4979.53,2657.26,2322.2699999999995,309.34,0.0,0.0,,0.06966816251759991,0.21848351309243352,-0.0,0.044444444444444446,0.024768399698949964,0.012636141013213609,-0.004831140143481134
1a_broad,311,0.36528417165998645,True,90,13,74.0,45.0,21,16,3.5,18,45,1.4,3.8000000000000003,1.0,0.015,0.5,23.904251357149988,1.2464175524210965,1.0427949963458412,10.43707638502499,146.0,41.0,105.0,28.08219178082192,12091.210000000001,9700.77,2390.4400000000005,849.92,0.0,0.0,23.58854175170003,1.8530352015391176,2.2772211647924814,7.09784604706547,58.0,18.0,40.0,31.03448275862069,5124.049999999999,2765.2200000000003,2358.829999999999,319.96999999999997,0.0,0.0,,0.07076562525510009,0.2132588003847794,-0.0,0.046031746031746035,0.02390425135714999,0.012320877621054827,-0.000997128989843912
1a_broad,312,0.3752869056610641,True,87,13,74.0,44.0,21,16,3.5,18,46,1.4,3.9000000000000004,1.0,0.015,0.5,18.70671036464999,1.1908530047023556,0.8468230521391726,11.250698219227013,146.0,38.0,108.0,26.027397260273972,11672.109999999999,9801.470000000001,1870.6399999999976,832.21,0.0,0.0,26.767746955049954,1.9955185302266765,2.442984782813415,7.249561425984366,56.0,18.0,38.0,32.142857142857146,5365.65,2688.8500000000004,2676.7999999999993,316.75,0.0,0.0,,0.08030324086514985,0.24887963255666912,-0.0,0.044444444444444446,0.01870671036464999,0.00954265023511778,-0.0265897728049671
1a_broad,313,0.3811494155198842,True,87,13,74.0,44.0,21,16,3.5,18,48,1.4,3.9000000000000004,1.0,0.015,0.5,19.584872879199956,1.2008604598691361,0.8784154311809392,11.252492171730946,143.0,38.0,105.0,26.573426573426573,11709.109999999999,9750.6,1958.5099999999984,824.51,0.0,0.0,26.83482479805001,2.0125574954437577,2.4521060362550093,6.814277059456596,56.0,18.0,38.0,32.142857142857146,5333.7,2650.2099999999996,2683.4900000000002,312.79,0.0,0.0,,0.08050447439415002,0.25,-0.0,0.044444444444444446,0.019584872879199956,0.010043022993456809,-0.023427399191367035
1a_broad,314,0.38578935243880036,True,88,13,74.0,44.0,21,16,3.5,18,48,1.4,3.9000000000000004,1.0,0.015,0.5,20.81001807685001,1.2149677235412062,0.9228877945489491,10.62370907659946,143.0,38.0,105.0,26.573426573426573,11761.41,9680.43,2080.9799999999996,823.55,0.0,0.0,26.091913124699968,1.9967870964291299,2.3951366115240322,6.661962842192369,55.0,17.0,38.0,30.90909090909091,5226.729999999999,2617.5700000000006,2609.159999999998,306.07,0.0,0.0,,0.0782757393740999,0.24919677410728247,-0.0,0.043650793650793655,0.020810018076850012,0.01074838617706031,-0.016892358947285965
1a_broad,315,0.3257364083350836,True,90,13,73.0,44.0,21,16,3.5,18,47,1.4,4.0,1.0,0.015,0.5,18.401591140049806,1.2000373948405991,0.8220235710949287,12.72531703562268,137.0,36.0,101.0,26.277372262773724,11039.300000000001,9199.130000000001,1840.17,777.58,0.0,0.0,21.96105022480002,1.794584385605638,2.1843822910630033,7.011050403100218,58.0,17.0,41.0,29.310344827586206,4959.98,2763.8600000000006,2196.119999999999,319.1,0.0,0.0,,0.06588315067440005,0.1986460964014095,-0.0,0.046031746031746035,0.018401591140049807,0.010001869742029957,-0.013228045654551737
1a_broad,316,0.37301422233719395,True,88,13,74.0,44.0,21,16,3.5,17,49,1.4,3.9000000000000004,1.0,0.015,0.5,18.31188888809991,1.1957690963146366,0.8632297135366874,10.558086994510276,145.0,39.0,106.0,26.896551724137932,11185.26,9354.03,1831.2299999999996,808.18,0.0,0.0,26.363295374200007,2.0221663894414004,2.4193346097918496,6.661888221491259,54.0,17.0,37.0,31.48148148148148,5215.429999999999,2579.13,2636.2999999999993,301.59000000000003,0.0,0.0,,0.07908988612260003,0.25,-0.0,0.04285714285714286,0.01831188888809991,0.00978845481573183,-0.02703315034638069
1a_broad,317,0.3367031150669436,True,88,13,74.0,44.0,21,15,3.5,17,48,1.4,3.9000000000000004,1.0,0.015,0.5,18.955445295049795,1.1934802269344862,0.8701138531758748,10.869683102393742,152.0,41.0,111.0,26.973684210526315,11692.12,9796.659999999998,1895.4600000000028,844.11,0.0,0.0,23.37526270374998,1.833486066786714,2.163792212615708,6.629959763075208,57.0,17.0,40.0,29.82456140350877,5141.92,2804.45,2337.4700000000003,313.3,0.0,0.0,,0.07012578811124993,0.20837151669667853,-0.0,0.045238095238095244,0.018955445295049795,0.00967401134672431,-0.015661741620854184
1a_broad,318,0.2582741838284511,True,86,13,73.0,44.0,21,16,3.6,17,47,1.4,4.0,1.0,0.015,0.5,13.023524453949758,1.1432911297696318,0.6218524491015786,11.326077762921658,139.0,36.0,103.0,25.899280575539567,10390.789999999999,9088.489999999998,1302.300000000001,759.41,0.0,0.0,20.985590958599932,1.6409867161083604,2.0181312678507646,8.398722088187968,63.0,19.0,44.0,30.158730158730158,5372.41,3273.89,2098.52,351.2,0.0,0.0,,0.06295677287579979,0.1602466790270901,-0.0,0.05,0.01302352445394976,0.007164556488481588,-0.03511734901687017
1a_broad,319,0.3697875199790622,True,87,13,74.0,44.0,21,16,3.5,17,44,1.4,3.9000000000000004,1.0,0.015,0.5,17.146243261449946,1.1740756195448125,0.8014353275598806,10.993784474584293,154.0,41.0,113.0,26.623376623376622,11564.14,9849.57,1714.5699999999997,859.6,0.0,0.0,27.931719630399986,2.008513864818025,2.530597913359754,7.249666965739003,58.0,19.0,39.0,32.758620689655174,5562.780000000002,2769.6,2793.1800000000017,330.97,0.0,0.0,,0.08379515889119996,0.25,-0.0,0.046031746031746035,0.017146243261449947,0.008703780977240628,-0.03588940918257437
1a_broad,320,0.3724857911624493,True,88,13,74.0,44.0,21,16,3.5,18,43,1.4,3.9000000000000004,1.0,0.015,0.5,18.612730394799872,1.186125489003912,0.8209529642146621,10.427556143882796,150.0,39.0,111.0,26.0,11861.159999999998,9999.92,1861.239999999998,851.0,0.0,0.0,28.64272029595002,2.1532032080394243,2.4765746708022163,7.09813390378283,51.0,18.0,33.0,35.294117647058826,5348.04,2483.7599999999998,2864.28,294.58,0.0,0.0,,0.08592816088785006,0.25,-0.0,0.04047619047619048,0.018612730394799874,0.009306274450195596,-0.03183756504658675
1a_broad,321,0.21614532149922122,True,90,13,74.0,44.0,21,15,3.6,18,46,1.4,3.9000000000000004,1.0,0.015,0.5,20.599671405949955,1.2018003949936127,0.8805762998710644,10.642056030858384,150.0,40.0,110.0,26.666666666666668,12267.689999999999,10207.759999999998,2059.9300000000003,856.74,0.0,0.0,15.079214809899948,1.4537076318996252,1.4475843704391582,7.996747444306451,63.0,16.0,47.0,25.396825396825395,4831.469999999999,3323.55,1507.9199999999992,341.47,0.0,0.0,,0.045237644429699846,0.11342690797490629,-0.0,0.05,0.020599671405949954,0.010090019749680636,-0.023208922061015515
1a_broad,322,0.34422350805644175,True,88,13,73.0,43.0,21,16,3.5,18,49,1.4,4.0,1.0,0.015,0.5,14.888672688649859,1.1634731834147483,0.6897540362551338,12.723318097810504,137.0,35.0,102.0,25.547445255474454,10596.460000000001,9107.610000000004,1488.8499999999967,759.97,0.0,0.0,26.017004288099997,1.9547174242507643,2.5238434823083646,6.574736463945458,57.0,18.0,39.0,31.57894736842105,5326.820000000001,2725.11,2601.7100000000005,321.11,0.0,0.0,,0.0780510128643,0.23867935606269108,-0.0,0.045238095238095244,0.01488867268864986,0.008173659170737414,-0.04080728796803182
1a_broad,323,0.37634058496315065,True,88,13,74.0,44.0,21,16,3.5,17,44,1.4,3.9000000000000004,1.0,0.015,0.5,18.32876775024979,1.187582768240739,0.8450615789232208,10.362983363091617,153.0,41.0,112.0,26.797385620915033,11604.18,9771.259999999998,1832.920000000002,854.42,0.0,0.0,27.798009230799998,2.012154004121729,2.52018644199891,7.098130447839749,58.0,19.0,39.0,32.758620689655174,5526.219999999999,2746.4200000000005,2779.799999999999,330.5,0.0,0.0,,0.0833940276924,0.25,-0.0,0.046031746031746035,0.01832876775024979,0.009379138412036948,-0.030793094923282135
1a_broad,324,0.34897950972894304,True,91,13,73.0,44.0,21,16,3.5,17,50,1.4,3.9000000000000004,1.0,0.015,0.5,25.51467613239987,1.2789505734848925,1.1488927344783675,10.76404239490275,138.0,39.0,99.0,28.26086956521739,11698.19,9146.71,2551.4800000000014,808.75,0.0,0.0,22.072321784199993,1.8420010604979764,2.2069761986756418,6.57461877394894,55.0,17.0,38.0,30.90909090909091,4828.64,2621.41,2207.2300000000005,303.7,0.0,0.0,,0.06621696535259997,0.2105002651244941,-0.0,0.043650793650793655,0.025514676132399872,0.013947528674244626,-0.010850719205589164
1a_broad,325,0.31283216329023206,True,88,13,74.0,43.0,21,16,3.6,17,49,1.4,3.8000000000000003,1.0,0.015,0.5,16.561475589049895,1.176958812895064,0.78647932375299,9.543594371624602,148.0,40.0,108.0,27.027027027027028,11015.439999999999,9359.24,1656.199999999999,809.01,0.0,0.0,23.562353357949906,1.7843302387047166,2.2270498586267764,6.661924372654313,59.0,18.0,41.0,30.508474576271187,5360.36,3004.1299999999997,2356.23,328.07,0.0,0.0,,0.07068706007384971,0.19608255967617916,-0.0,0.046825396825396826,0.016561475589049895,0.008847940644753206,-0.026172269518996732
1a_broad,326,0.33775816910415984,True,86,13,73.0,44.0,21,16,3.5,17,43,1.4,3.9000000000000004,1.0,0.015,0.5,16.069959079149903,1.1645848226813793,0.7543864128517077,10.99384521253221,153.0,40.0,113.0,26.143790849673202,11370.75,9763.780000000002,1606.9699999999975,849.65,0.0,0.0,25.059258099199962,1.9128336265713737,2.294658095067759,7.162763711342314,54.0,19.0,35.0,35.18518518518518,5251.13,2745.2099999999996,2505.9200000000005,309.85,0.0,0.0,,0.07517777429759988,0.22820840664284342,-0.0,0.04285714285714286,0.016069959079149904,0.008229241134068966,-0.032784354906645156
1a_broad,327,0.233957476363189,True,84,13,74.0,45.0,21,15,3.6,17,44,1.4,4.0,1.0,0.015,0.5,14.64321165554984,1.1496583413561283,0.6613245134701617,11.210958874241397,151.0,39.0,112.0,25.827814569536425,11248.97,9784.619999999999,1464.3500000000004,822.62,0.0,0.0,17.98885032604996,1.470752635834792,1.6408778121162493,7.675338234222856,70.0,20.0,50.0,28.571428571428573,5620.289999999999,3821.37,1798.9199999999992,384.74,0.0,0.0,,0.053966550978149876,0.117688158958698,-0.0,0.05555555555555556,0.01464321165554984,0.007482917067806416,-0.015378917852570678
1a_broad,328,-1.3212559772608967,False,91,13,74.0,44.0,21,16,2.0,18,49,1.3,3.8000000000000003,1.0,0.015,0.5,-4.65834826129998,0.0,-0.9537426604975711,7.30960458356286,7.0,0.0,7.0,0.0,0.0,465.84000000000003,-465.84000000000003,33.97,0.0,0.0,3.3449891271000163,5.728583545377439,1.0001168633426347,2.790941626524684,2.0,1.0,1.0,50.0,405.24,70.74,334.5,10.370000000000001,0.0,0.0,1.9275358635653808,,,,,,,
1a_broad,329,0.3557377860488919,True,87,13,73.0,43.0,21,16,3.5,18,48,1.4,3.9000000000000004,1.0,0.015,0.5,19.584872879199956,1.2008604598691361,0.8784154311809392,11.252492171730946,143.0,38.0,105.0,26.573426573426573,11709.109999999999,9750.6,1958.5099999999984,824.51,0.0,0.0,24.72279770474999,1.8900405004050038,2.418734648373345,6.727007797915181,59.0,19.0,40.0,32.20338983050848,5250.0599999999995,2777.75,2472.3099999999995,329.95,0.0,0.0,,0.07416839311424997,0.22251012510125096,-0.0,0.046825396825396826,0.019584872879199956,0.010043022993456809,-0.0173940248646626
1a_broad,330,0.34191975713762346,True,83,13,74.0,44.0,21,16,3.5,18,44,1.4,4.0,1.0,0.015,0.5,25.515519185699816,1.2545737714895175,1.0302715753731773,12.826737375714083,140.0,37.0,103.0,26.428571428571427,12574.480000000003,10022.910000000002,2551.5700000000015,845.75,0.0,0.0,23.850126059300038,1.7614406211489468,2.1587194948297928,7.249726525450191,59.0,18.0,41.0,30.508474576271187,5517.29,3132.2599999999998,2385.03,329.58,0.0,0.0,,0.07155037817790011,0.1903601552872367,-0.0,0.046825396825396826,0.025515519185699817,0.012728688574475878,-0.005060380913085894
1a_broad,331,0.24874193390473373,True,89,13,74.0,45.0,21,15,3.6,17,47,1.3,3.8000000000000003,1.0,0.015,0.5,18.392185524699926,1.1755078748272731,0.8083536206098547,10.808327062418442,160.0,44.0,116.0,27.5,12318.100000000002,10478.96,1839.140000000003,904.58,0.0,0.0,17.312270640999962,1.4903485292659786,1.597772324783392,8.114301011672776,65.0,18.0,47.0,27.692307692307693,5261.75,3530.5499999999993,1731.2000000000007,361.42,0.0,0.0,,0.05193681192299989,0.12258713231649465,-0.0,0.0515873015873016,0.018392185524699924,0.008775393741363657,-0.004536891188125991
1a_broad,332,0.30120463209013276,True,85,13,73.0,44.0,21,16,3.5,18,46,1.4,3.9000000000000004,1.0,0.015,0.5,20.37821665059986,1.2103404638334587,0.9076207008468576,12.575559614379978,144.0,37.0,107.0,25.694444444444443,11725.729999999998,9687.960000000003,2037.769999999995,821.05,0.0,0.0,20.234256101749963,1.6469025445268217,1.975528877903131,7.375610907853149,61.0,19.0,42.0,31.147540983606557,5151.33,3127.89,2023.44,335.31,0.0,0.0,,0.06070276830524989,0.16172563613170543,-0.0,0.048412698412698414,0.02037821665059986,0.010517023191672937,-0.0005317106017937585
1a_broad,333,0.31984977589603,True,82,13,74.0,43.0,21,16,3.5,18,43,1.4,4.0,1.0,0.015,0.5,19.624384869149942,1.193949546611321,0.8238250862999733,13.594204254957077,145.0,36.0,109.0,24.82758620689655,12080.679999999998,10118.25,1962.4299999999985,848.71,0.0,0.0,22.66583749855006,1.7650187829714556,1.9773007695724447,7.28970468347234,53.0,17.0,36.0,32.075471698113205,5229.379999999999,2962.79,2266.5899999999992,291.34,0.0,0.0,,0.06799751249565018,0.1912546957428639,-0.0,0.04206349206349207,0.01962438486914994,0.009697477330566051,-0.01078778660569218
1a_broad,334,0.3524321658857897,True,88,13,74.0,45.0,21,16,3.6,18,44,1.4,3.9000000000000004,1.0,0.015,0.5,23.700533272499907,1.2314066693940755,0.9976212504746609,10.091854577300516,152.0,41.0,111.0,26.973684210526315,12611.71,10241.710000000001,2369.999999999998,879.46,0.0,0.0,24.423919378999962,1.7909263127216204,2.212931402776365,7.098338502403929,61.0,19.0,42.0,31.147540983606557,5530.47,3088.05,2442.42,345.86,0.0,0.0,,0.07327175813699988,0.1977315781804051,-0.0,0.048412698412698414,0.023700533272499907,0.011570333469703776,-0.0022547355865173957
1a_broad,335,0.25016985686372567,True,91,13,73.0,44.0,21,15,3.5,17,45,1.3,3.9000000000000004,1.0,0.015,0.5,26.212417297599877,1.2498667818205564,1.1031161917117411,10.367724974695088,157.0,44.0,113.0,28.02547770700637,13111.490000000002,10490.31,2621.180000000002,932.75,0.0,0.0,17.388964943949993,1.568132438993312,1.6735030591251707,7.92468874056712,60.0,18.0,42.0,30.0,4799.63,3060.73,1738.9,331.56,0.0,0.0,,0.05216689483184998,0.142033109748328,-0.0,0.047619047619047616,0.026212417297599877,0.012493339091027823,-0.03035495172412764
1a_broad,336,0.34139182589617173,True,84,13,74.0,44.0,21,16,3.5,18,44,1.4,3.8000000000000003,1.0,0.015,0.5,23.45360168749985,1.2310603149832815,0.9985341303390204,12.717804370085375,150.0,40.0,110.0,26.666666666666668,12495.73,10150.38,2345.3500000000004,880.47,0.0,0.0,23.893928380699965,1.7475682288195777,2.230160028969623,7.249314296278346,62.0,20.0,42.0,32.25806451612903,5585.629999999999,3196.23,2389.399999999999,343.36,0.0,0.0,,0.07168178514209989,0.18689205720489444,-0.0,0.049206349206349205,0.023453601687499853,0.011553015749164076,-0.0013949830938357157
1a_broad,337,0.2931496588894726,True,81,14,74.0,45.0,21,17,3.3000000000000003,19,48,1.4,4.0,1.0,0.015,0.5,10.429926188249846,1.145926842099372,0.5676322816883274,15.093172531111824,111.0,27.0,84.0,24.324324324324323,8190.26,7147.280000000001,1042.9799999999996,606.79,0.0,0.0,20.404562578250044,1.8985516181450677,2.0740508288735984,7.388383575175395,48.0,15.0,33.0,31.25,4311.25,2270.8099999999995,2040.4400000000005,261.42,0.0,0.0,,0.061213687734750125,0.22463790453626692,-0.0,0.0380952380952381,0.010429926188249845,0.007296342104968601,-0.048523439770000995
1a_broad,338,0.2703089871548652,True,88,13,74.0,43.0,21,16,3.6,17,43,1.3,3.8000000000000003,1.0,0.015,0.5,9.371411387799872,1.0964247276977626,0.47479320458604074,11.668859439662793,159.0,41.0,118.0,25.78616352201258,10656.130000000001,9718.980000000001,937.1499999999996,839.96,0.0,0.0,24.035415728349964,1.8121101748173782,2.15890048228584,7.098194275870238,59.0,20.0,39.0,33.898305084745765,5363.2300000000005,2959.6599999999994,2403.570000000001,331.33,0.0,0.0,,0.07210624718504989,0.20302754370434456,-0.0,0.046825396825396826,0.009371411387799872,0.004821236384888128,-0.0658428483326141
1a_broad,339,0.2880963530056729,True,86,13,73.0,45.0,21,17,3.3000000000000003,18,46,1.4,3.9000000000000004,1.0,0.015,0.5,7.436575426649851,1.108186747399861,0.45211447023831797,15.217649823421855,115.0,28.0,87.0,24.347826086956523,7617.310000000001,6873.669999999999,743.6400000000021,610.46,0.0,0.0,20.548507377749992,1.9831584588075999,2.24693303747898,7.578231014071636,48.0,16.0,32.0,33.333333333333336,4144.9400000000005,2090.07,2054.8700000000003,263.58,0.0,0.0,,0.061645522133249975,0.24578961470189997,-0.0,0.0380952380952381,0.007436575426649852,0.00540933736999305,-0.07027993472135806
1a_broad,340,0.2146835043144262,True,92,14,74.0,44.0,21,16,3.4000000000000004,18,45,1.4,3.7,1.0,0.015,0.5,26.821365925299904,1.3075544414923808,1.253304968996064,12.62847756830247,128.0,39.0,89.0,30.46875,11402.96,8720.83,2682.129999999999,777.06,0.0,0.0,14.387863695499965,1.5173607864853398,1.5568437738694534,6.51263530467532,57.0,17.0,40.0,29.82456140350877,4219.75,2780.98,1438.77,295.91,0.0,0.0,,0.04316359108649989,0.12934019662133495,-0.0,0.045238095238095244,0.026821365925299906,0.015377722074619038,-0.04525746663142282
1a_broad,341,0.3265598834040025,True,83,13,73.0,44.0,21,17,3.5,18,43,1.4,3.9000000000000004,1.0,0.015,0.5,19.770645651099876,1.2120847399264336,0.8991794748258545,13.927978024360794,142.0,37.0,105.0,26.056338028169016,11299.26,9322.169999999998,1977.090000000002,812.14,0.0,0.0,21.752999533599997,1.7713958453016732,2.178701534401187,6.0123019791523316,57.0,18.0,39.0,31.57894736842105,4995.23,2819.9399999999996,2175.29,316.02,0.0,0.0,,0.06525899860079999,0.1928489613254183,-0.0,0.045238095238095244,0.01977064565109988,0.010604236996321681,-0.007161054407732565
1a_broad,342,0.3417213453909587,True,80,13,74.0,45.0,21,16,3.4000000000000004,19,47,1.7000000000000002,4.0,1.0,0.015,0.5,13.373732568249835,1.1994669466663286,0.7022521924101887,15.562028970694817,109.0,28.0,81.0,25.68807339449541,8042.15,6704.7699999999995,1337.38,583.4,0.0,0.0,29.23426073460001,2.2510837887457145,2.694273661815443,5.878094834327972,46.0,16.0,30.0,34.78260869565217,5260.129999999999,2336.7100000000005,2923.4199999999987,261.62,0.0,0.0,,0.08770278220380003,0.25,-0.0,0.03650793650793651,0.013373732568249835,0.00997334733331643,-0.055836453222344096
1a_broad,343,0.22003021721589933,True,88,14,75.0,43.0,21,17,3.5,17,49,1.4,3.8000000000000003,1.0,0.015,0.5,6.275597455149873,1.0764665170357481,0.37640196622117633,12.09092787471475,135.0,34.0,101.0,25.185185185185187,8834.41,8206.86,627.5499999999993,707.82,0.0,0.0,20.811349182850044,1.7341910584450169,2.063862351772565,7.467010671529577,56.0,17.0,39.0,30.357142857142858,4915.79,2834.630000000001,2081.159999999999,298.34,0.0,0.0,,0.06243404754855013,0.18354776461125422,-0.0,0.044444444444444446,0.0062755974551498735,0.003823325851787407,-0.08049496269528673
1a_broad,344,0.2885547526066653,True,85,13,74.0,45.0,21,16,3.3000000000000003,18,45,1.3,3.8000000000000003,1.0,0.015,0.5,6.815397000699905,1.0845881855042392,0.4001280378802726,15.468927682690333,134.0,33.0,101.0,24.62686567164179,8738.95,8057.389999999999,681.5600000000013,711.55,0.0,0.0,24.31148583140006,2.0536279243124236,2.328443002389253,5.95251062925565,49.0,18.0,31.0,36.734693877551024,4738.5,2307.38,2431.12,275.06,0.0,0.0,,0.07293445749420017,0.25,-0.0,0.03888888888888889,0.006815397000699905,0.00422940927521196,-0.08431340005233565
1a_broad,345,0.2777990183909645,True,82,13,73.0,44.0,21,17,3.6,18,44,1.4,4.0,1.0,0.015,0.5,24.603315183449816,1.2553041355965973,1.0181830430318826,11.369135705486455,143.0,37.0,106.0,25.874125874125873,12097.14,9636.82,2460.3199999999997,842.47,0.0,0.0,19.296547184750143,1.6122173151602832,1.9311212473498085,7.392114518858412,60.0,18.0,42.0,30.0,5081.58,3151.92,1929.6599999999999,327.9,0.0,0.0,,0.05788964155425043,0.1530543287900708,-0.0,0.047619047619047616,0.024603315183449815,0.012765206779829863,-0.018132521535684034
1a_broad,346,0.14936062765437172,True,86,13,75.0,45.0,21,17,3.5,17,46,1.3,3.7,1.0,0.015,0.5,1.6576935867998146,1.0187814539230822,0.15357841706835865,13.76600069855968,148.0,36.0,112.0,24.324324324324323,8994.199999999999,8828.39,165.8099999999995,771.95,0.0,0.0,20.254384882050037,1.6532203706869026,2.0211914359242154,7.033658547486213,63.0,20.0,43.0,31.746031746031747,5126.19,3100.73,2025.4599999999996,339.97,0.0,0.0,,0.060763154646150105,0.16330509267172566,-0.0,0.05,0.0016576935867998147,0.0009390726961541085,-0.12730438594645796
1a_broad,347,0.3853968791085384,True,91,13,74.0,44.0,21,15,3.4000000000000004,18,50,1.4,3.9000000000000004,1.0,0.015,0.5,21.2031496125999,1.2362278941615965,0.9816256478148192,13.272343512499132,132.0,36.0,96.0,27.272727272727273,11095.85,8975.57,2120.2800000000007,779.67,0.0,0.0,25.503704435650032,2.0540073646406327,2.372177736764009,6.35441050420291,50.0,16.0,34.0,32.0,4970.02,2419.67,2550.3500000000004,277.73,0.0,0.0,,0.0765111133069501,0.25,-0.0,0.03968253968253968,0.021203149612599902,0.011811394708079827,-0.01381131820163106
1a_broad,348,0.21608988421801403,True,92,14,75.0,43.0,21,15,3.4000000000000004,19,50,1.4,3.9000000000000004,1.0,0.015,0.5,15.637453871699892,1.176378696996835,0.7593973047397777,13.682371001415493,130.0,35.0,95.0,26.923076923076923,10429.75,8865.98,1563.7700000000004,739.52,0.0,0.0,13.442164342500055,1.4790948652241624,1.3933578420306452,6.3585971379255675,54.0,15.0,39.0,27.77777777777778,4149.999999999999,2805.7700000000004,1344.2299999999987,279.76,0.0,0.0,,0.04032649302750016,0.11977371630604061,-0.0,0.04285714285714286,0.015637453871699892,0.008818934849841753,-0.011323856694211251
1a_broad,349,0.3128797051358734,True,80,13,74.0,45.0,21,17,3.3000000000000003,18,49,1.4,4.0,1.0,0.015,0.5,9.755155907749831,1.1366894076007683,0.5403341030337939,14.9937338504565,115.0,28.0,87.0,24.347826086956523,8112.450000000001,7136.910000000001,975.54,622.88,0.0,0.0,22.284155727250017,2.0203533096450417,2.2397445641490608,6.919237130848065,48.0,16.0,32.0,33.333333333333336,4412.29,2183.92,2228.37,264.18,0.0,0.0,,0.06685246718175004,0.25,-0.0,0.0380952380952381,0.009755155907749832,0.006834470380038416,-0.058657626428903036
1a_broad,350,0.3172875930070313,True,90,13,74.0,44.0,21,15,3.4000000000000004,17,50,1.4,3.8000000000000003,1.0,0.015,0.5,12.074968458200074,1.1385644059705877,0.6360245491007108,13.153922589044628,139.0,38.0,101.0,27.33812949640288,9922.269999999999,8714.72,1207.5499999999993,756.41,0.0,0.0,24.59000553865004,1.9346045525204576,2.3663627948951205,6.354040810733555,53.0,17.0,36.0,32.075471698113205,5090.080000000001,2631.07,2459.0100000000007,294.27,0.0,0.0,,0.07377001661595012,0.2336511381301144,-0.0,0.04206349206349207,0.012074968458200074,0.006928220298529387,-0.05120024255925477
1a_broad,351,-1.0107709750566893,False,83,13,75.0,44.0,21,17,3.3000000000000003,18,45,1.7000000000000002,3.9000000000000004,1.0,0.015,0.5,15.420212735049917,1.2648266552631984,0.8350843461134391,10.441536932849381,94.0,25.0,69.0,26.595744680851062,7364.82,5822.790000000001,1542.0299999999988,507.31,0.0,0.0,21.434254649000067,2.0536190920932973,2.166390280770532,6.641980552154972,41.0,14.0,27.0,34.146341463414636,4177.78,2034.3500000000001,2143.4299999999994,226.42,0.0,0.0,0.06462585034013613,,,,,,,
1a_broad,352,0.3529023221656888,True,80,14,73.0,45.0,21,17,3.4000000000000004,19,48,1.3,3.7,1.0,0.015,0.5,17.64142799114992,1.197805660208109,0.8468598341110714,15.452332190264348,135.0,37.0,98.0,27.40740740740741,10682.51,8918.4,1764.1100000000006,800.81,0.0,0.0,24.571197145550013,1.9241737534368166,2.455154291687071,6.355336594452502,57.0,19.0,38.0,33.333333333333336,5115.82,2658.7100000000005,2457.109999999999,312.69,0.0,0.0,,0.07371359143665004,0.23104343835920416,-0.0,0.045238095238095244,0.017641427991149924,0.009890283010405454,-0.02462451386981606
1a_broad,353,0.24937938878660543,True,85,13,75.0,43.0,21,15,3.4000000000000004,18,48,1.4,3.8000000000000003,1.0,0.015,0.5,10.131813209299963,1.111898314219575,0.527803727900617,16.45410277491052,139.0,35.0,104.0,25.179856115107913,10067.749999999998,9054.560000000001,1013.1899999999969,762.38,0.0,0.0,21.99675282470003,1.7017508039405846,2.082420667791433,5.205161383246402,60.0,19.0,41.0,31.666666666666668,5334.24,3134.5600000000004,2199.6799999999994,325.95,0.0,0.0,,0.06599025847410009,0.17543770098514616,-0.0,0.047619047619047616,0.010131813209299963,0.005594915710978754,-0.055394347211967156
1a_broad,354,0.3473507637441204,True,91,13,72.0,44.0,21,17,3.3000000000000003,18,44,1.4,4.0,1.0,0.015,0.5,14.424440124399734,1.211994503192998,0.765086680123601,12.995580698203318,112.0,29.0,83.0,25.892857142857142,8246.349999999999,6803.950000000001,1442.3999999999978,618.74,0.0,0.0,21.315016467000042,2.0560661537013276,2.33310604830599,7.21228874398404,47.0,16.0,31.0,34.04255319148936,4149.820000000001,2018.3300000000002,2131.4900000000007,257.7,0.0,0.0,,0.06394504940100013,0.25,-0.0,0.0373015873015873,0.014424440124399735,0.010599725159649898,-0.028920038242516675
1a_broad,355,0.3353475108938489,True,83,13,74.0,45.0,21,17,3.5,17,43,1.4,3.9000000000000004,1.0,0.015,0.5,16.243765847799768,1.1762598827632456,0.7748080302328294,12.331839139187903,142.0,37.0,105.0,26.056338028169016,10839.87,9215.54,1624.33,793.96,0.0,0.0,24.50901099599998,1.8941402658806024,2.278420288825108,5.939456637528229,55.0,18.0,37.0,32.72727272727273,5191.990000000001,2741.0799999999995,2450.910000000001,305.18,0.0,0.0,,0.07352703298799994,0.2235350664701506,-0.0,0.043650793650793655,0.016243765847799768,0.008812994138162278,-0.030422142201057312
1a_broad,356,0.34719940546137235,True,87,13,73.0,44.0,21,16,3.4000000000000004,18,47,1.4,3.4000000000000004,1.0,0.015,0.5,17.672440901399842,1.2080973385678049,0.906320632053938,13.18893860759216,136.0,41.0,95.0,30.147058823529413,10259.67,8492.420000000002,1767.2499999999982,770.72,0.0,0.0,21.71758042604997,1.8965417593804315,2.297083176063261,5.832875962398584,57.0,20.0,37.0,35.08771929824562,4594.05,2422.33,2171.7200000000003,316.83,0.0,0.0,,0.0651527412781499,0.22413543984510786,-0.0,0.045238095238095244,0.01767244090139984,0.010404866928390245,-0.015404178729770766
1a_broad,357,0.20778181706378201,True,79,14,75.0,43.0,21,17,3.3000000000000003,19,46,1.3,3.9000000000000004,1.0,0.015,0.5,4.173743257499845,1.0528357105605597,0.27276050813137487,17.413992300963375,128.0,29.0,99.0,22.65625,8317.36,7899.960000000001,417.39999999999964,684.99,0.0,0.0,19.322016982250027,1.7905812074221068,1.9655263028420624,7.147183741746613,53.0,16.0,37.0,30.18867924528302,4376.27,2444.05,1932.2200000000003,289.2,0.0,0.0,,0.05796605094675007,0.1976453018555267,-0.0,0.04206349206349207,0.004173743257499846,0.002641785528027985,-0.09670855658751465
1a_broad,358,0.18900854310619042,True,93,13,74.0,45.0,21,14,3.4000000000000004,17,45,1.4,3.8000000000000003,1.0,0.015,0.5,13.700953459249812,1.1489709177854153,0.6999169474538783,12.463813940038449,146.0,40.0,106.0,27.397260273972602,10567.119999999999,9197.03,1370.0899999999983,787.86,0.0,0.0,11.814538904850052,1.374020982784493,1.2771821218092296,6.629315590857241,63.0,17.0,46.0,26.984126984126984,4340.2300000000005,3158.78,1181.4500000000003,332.52,0.0,0.0,,0.03544361671455015,0.09350524569612323,-0.0,0.05,0.013700953459249814,0.007448545889270764,-0.01108981865300354
1a_broad,359,0.25188710817309184,True,85,13,74.0,44.0,21,17,3.5,18,46,1.7000000000000002,4.0,1.0,0.015,0.5,2.8306235529998776,1.0463052946046143,0.2143520727278817,13.79476539944833,103.0,25.0,78.0,24.271844660194176,6395.290000000001,6112.260000000001,283.02999999999975,498.63,0.0,0.0,27.372458609650018,2.134728428942154,2.5199076511628102,6.000055150616865,46.0,16.0,30.0,34.78260869565217,5149.52,2412.2599999999998,2737.2600000000007,254.86,0.0,0.0,,0.08211737582895005,0.25,-0.0,0.03650793650793651,0.0028306235529998777,0.002315264730230715,-0.1218840924470253
1a_broad,360,0.17899788609091058,True,90,14,75.0,45.0,21,16,3.6,19,50,1.4,3.7,1.0,0.015,0.5,27.203377846099887,1.2787351875854924,1.178380209204864,9.260781880047361,144.0,42.0,102.0,29.166666666666668,12479.88,9759.550000000005,2720.3299999999945,854.19,0.0,0.0,13.426303215450044,1.4064671209777275,1.3292158934214353,8.05114588576486,59.0,15.0,44.0,25.423728813559322,4645.8,3303.17,1342.63,303.25,0.0,0.0,,0.040278909646350135,0.10161678024443188,-0.0,0.046825396825396826,0.027203377846099885,0.013936759379274622,-0.050863337850642766
1a_broad,361,0.23648908073641153,True,82,13,76.0,43.0,21,16,3.4000000000000004,18,49,1.3,3.4000000000000004,1.0,0.015,0.5,24.238429654350075,1.2578439726270751,1.1040577554454327,12.919178714209881,144.0,44.0,100.0,30.555555555555557,11824.399999999998,9400.529999999999,2423.869999999999,857.1899999999999,0.0,0.0,16.091446389650063,1.5318908412994328,1.6539796860218472,6.410205906165037,61.0,19.0,42.0,31.147540983606557,4634.46,3025.32,1609.1399999999999,323.71,0.0,0.0,,0.04827433916895019,0.1329727103248582,-0.0,0.048412698412698414,0.024238429654350076,0.012892198631353758,-0.030301295455799085
1a_broad,362,-2.0,False,88,13,73.0,37.0,21,17,1.6,18,44,1.4,3.5,1.0,0.015,0.5,,,,,,,,,,,,,,,-0.6798349296999913,0.0,-0.9816877423305091,1.3193099860976487,1.0,0.0,1.0,0.0,0.0,67.98,-67.98,4.97,0.0,0.0,6.0,,,,,,,
1a_broad,363,-1.1126064991115092,False,79,13,56.0,44.0,21,16,3.5,17,47,1.4,3.9000000000000004,1.0,0.015,0.5,-4.9788654533001315,0.8245144099786061,-0.5987130852470447,12.081601042796612,67.0,13.0,54.0,19.402985074626866,2339.37,2837.27,-497.9000000000001,337.97,0.0,0.0,0.5040848819000531,1.0600479238939953,0.16125040747740885,5.494469627548553,29.0,6.0,23.0,20.689655172413794,889.2,838.8299999999999,50.37000000000012,141.64,0.0,0.0,0.6756389946690557,,,,,,,
1a_broad,364,0.2530015349446823,True,85,13,74.0,45.0,21,15,3.3000000000000003,18,43,1.3,3.8000000000000003,1.0,0.015,0.5,10.989260597049924,1.120067081464648,0.5550616256428855,16.666296554237885,139.0,34.0,105.0,24.46043165467626,10252.029999999999,9153.050000000001,1098.9799999999977,773.78,0.0,0.0,19.691398357050037,1.6969680881186995,1.8927467878417163,5.95251062925565,57.0,19.0,38.0,33.333333333333336,4794.41,2825.28,1969.1299999999997,315.57,0.0,0.0,,0.05907419507115011,0.17424202202967487,-0.0,0.045238095238095244,0.010989260597049924,0.0060033540732324035,-0.04254539206452026
1a_broad,365,-2.0,False,82,8,75.0,44.0,21,17,1.2,18,45,1.4,4.0,1.0,0.015,0.5,,,,,,,,,,,,,,,,,,,,,,,,,,,,,6.0,,,,,,,
1a_broad,366,-1.0191157797925834,False,90,13,76.0,42.0,21,6,3.4000000000000004,19,44,1.6,3.4000000000000004,1.0,0.015,0.5,-11.469467875550071,0.888063219349946,-0.39535313818418777,21.725212184537465,143.0,36.0,107.0,25.174825174825173,9099.3,10246.230000000001,-1146.930000000002,687.77,0.0,1.0,9.912113201650028,1.2076436109819295,0.9173683375005743,10.765836752707571,72.0,20.0,52.0,27.77777777777778,5764.88,4773.660000000002,991.2199999999984,372.26,0.0,0.0,0.11469467875550071,,,,,,,
1a_broad,367,0.2275705833846908,True,86,14,75.0,45.0,21,17,3.6,17,45,1.4,3.9000000000000004,1.0,0.015,0.5,20.641828265199837,1.2260575881656568,0.9559911398883785,8.787093130029076,144.0,39.0,105.0,27.083333333333332,11195.609999999999,9131.390000000001,2064.2199999999975,810.8,0.0,0.0,15.728179115149995,1.4843501718340046,1.5235200078709374,7.810759850147166,60.0,17.0,43.0,28.333333333333332,4820.16,3247.32,1572.8399999999997,318.86,0.0,0.0,,0.04718453734544999,0.12108754295850116,-0.0,0.047619047619047616,0.02064182826519984,0.01130287940828284,-0.020265252211790638
1a_broad,368,0.19585152332212344,True,94,13,73.0,43.0,21,16,3.4000000000000004,18,48,1.4,3.5,1.0,0.015,0.5,31.52659661904987,1.3926798737007309,1.471789596558138,13.008642740039654,122.0,41.0,81.0,33.60655737704918,11181.200000000003,8028.55,3152.6500000000024,742.28,0.0,0.0,12.366787935950015,1.5398860585423355,1.3495952505958737,6.286632713555244,48.0,15.0,33.0,31.25,3527.34,2290.6499999999996,1236.6900000000005,254.87,0.0,0.0,,0.03710036380785004,0.13497151463558388,-0.0,0.0380952380952381,0.03152659661904987,0.019633993685036544,-0.06547618352063499
1a_broad,369,0.14299929257966806,True,80,13,74.0,44.0,21,17,3.7,18,43,1.3,3.3000000000000003,1.0,0.015,0.5,29.6731616014998,1.2664859738552234,1.221100477368604,10.910337814044947,169.0,50.0,119.0,29.585798816568047,14102.220000000001,11134.919999999998,2967.300000000003,1010.28,0.0,0.0,10.99464548834998,1.315077090617298,1.1381752298379544,8.484942127427066,72.0,22.0,50.0,30.555555555555557,4588.83,3489.4,1099.4299999999998,376.96,0.0,0.0,,0.03298393646504994,0.07876927265432448,-0.0,0.05714285714285714,0.029673161601499798,0.013324298692761173,-0.06889423397682448
1a_broad,370,0.16193927676136413,True,83,13,72.0,44.0,21,16,3.5,17,46,1.4,3.9000000000000004,1.0,0.015,0.5,21.36142570244989,1.2199377498731008,0.9640747844526415,12.175159438870972,147.0,39.0,108.0,26.53061224489796,11848.56,9712.43,2136.129999999999,837.2,0.0,0.0,11.456230789399942,1.3778172056485922,1.2186015944197015,8.868867177285136,58.0,16.0,42.0,27.586206896551722,4177.9,3032.2599999999998,1145.6399999999999,306.92,0.0,0.0,,0.034368692368199824,0.09445430141214806,-0.0,0.046031746031746035,0.02136142570244989,0.010996887493655039,-0.045273776246834714
1a_broad,371,0.22041504877536885,True,88,14,75.0,39.0,21,17,3.5,18,44,1.6,3.8000000000000003,1.0,0.015,0.5,1.736240112449941,1.0255424572367597,0.1583142571577477,17.614612904886027,114.0,28.0,86.0,24.56140350877193,6970.929999999999,6797.3099999999995,173.6199999999999,573.75,0.0,0.0,24.065127939700087,1.9445185801529112,2.3773266749649102,7.474904163149194,49.0,16.0,33.0,32.6530612244898,4954.4,2547.88,2406.5199999999995,263.79,0.0,0.0,,0.07219538381910026,0.2361296450382278,-0.0,0.03888888888888889,0.001736240112449941,0.0012771228618379872,-0.12981223194513603
1a_broad,372,0.369866675670238,True,85,13,74.0,45.0,21,17,3.4000000000000004,19,47,1.4,3.7,1.0,0.015,0.5,17.441710140649846,1.2272535977433077,0.9006546252930135,11.624162541745903,121.0,32.0,89.0,26.446280991735538,9419.11,7674.950000000001,1744.1599999999999,690.07,0.0,0.0,29.212043300749958,2.2739864629125677,2.893998664923207,5.171263442754809,52.0,19.0,33.0,36.53846153846154,5214.16,2292.9599999999996,2921.2000000000003,291.13,0.0,0.0,,0.08763612990224987,0.25,-0.0,0.04126984126984127,0.01744171014064985,0.011362679887165383,-0.03784368552966835
1a_broad,373,0.23777786741242873,True,79,13,75.0,44.0,21,16,3.3000000000000003,18,50,1.7000000000000002,3.4000000000000004,1.0,0.015,0.5,14.835555923699975,1.2352502767109297,0.8411748702531872,16.766710586313227,109.0,31.0,78.0,28.440366972477065,7789.759999999999,6306.22,1483.539999999999,582.92,0.0,0.0,12.787807692499992,1.599236176194939,1.5671390336973665,6.643117599897347,43.0,13.0,30.0,30.232558139534884,3412.7700000000004,2134.0000000000005,1278.77,227.46,0.0,0.0,,0.03836342307749997,0.14980904404873474,-0.0,0.03412698412698413,0.014835555923699976,0.011762513835546485,-0.011119653600036574
1a_broad,374,0.41453855076537593,True,89,13,74.0,45.0,21,17,3.4000000000000004,19,43,1.4,4.0,1.0,0.015,0.5,26.25208283969978,1.3298023628021969,1.2131287668196669,12.877378627827909,121.0,34.0,87.0,28.09917355371901,10585.279999999999,7960.039999999999,2625.24,727.39,0.0,0.0,35.98235435025002,2.7710826175768464,3.267035688498783,5.00939407067774,47.0,18.0,29.0,38.297872340425535,5629.87,2031.6499999999999,3598.2200000000003,273.37,0.0,0.0,,0.10794706305075005,0.25,-0.0,0.0373015873015873,0.02625208283969978,0.016490118140109845,-0.023452300566771028
1a_broad,375,0.2640556610896481,True,93,14,73.0,45.0,21,17,3.3000000000000003,19,42,1.3,4.0,1.0,0.015,0.5,13.135930743949832,1.1784108210744197,0.69709810429058,14.680981686402594,119.0,30.0,89.0,25.210084033613445,8676.249999999998,7362.67,1313.579999999998,665.5600000000001,0.0,0.0,14.677249621250029,1.6663897136941892,1.625558574284634,7.331471011876584,50.0,16.0,34.0,32.0,3670.29,2202.5400000000004,1467.7499999999995,266.81,0.0,0.0,,0.04403174886375009,0.1665974284235473,-0.0,0.03968253968253968,0.013135930743949831,0.008920541053720988,-0.008312527677859763
1a_broad,376,0.3883626002121043,True,82,13,76.0,45.0,21,17,3.4000000000000004,19,43,1.6,4.0,1.0,0.015,0.5,21.75037131739993,1.3063191842942852,1.0652012580505923,10.330158903750872,109.0,29.0,80.0,26.605504587155963,9275.650000000001,7100.6,2175.050000000001,631.31,0.0,0.0,29.01989293990007,2.247399460119324,2.688789499895728,6.359492284177276,45.0,16.0,29.0,35.55555555555556,5228.4400000000005,2326.44,2902.0000000000005,253.42,0.0,0.0,,0.08705967881970021,0.25,-0.0,0.03571428571428572,0.02175037131739993,0.015315959214714259,-0.021477694853995838
1a_broad,377,-1.0136054421768708,False,81,13,76.0,45.0,21,17,3.2,20,43,1.6,4.0,1.0,0.015,0.5,19.675262456199963,1.320191705249111,1.014265944677976,11.752094271160116,97.0,26.0,71.0,26.804123711340207,8112.38,6144.85,1967.5299999999997,534.96,0.0,0.0,16.84340928815003,1.8531774574262243,1.7973493221286505,6.9891812932930675,39.0,12.0,27.0,30.76923076923077,3658.5800000000004,1974.22,1684.3600000000004,209.88,0.0,0.0,0.08163265306122447,,,,,,,
1a_broad,378,0.37775113482608,True,83,13,75.0,45.0,21,17,3.3000000000000003,19,42,1.6,4.0,1.0,0.015,0.5,28.111372884949926,1.4288876785226614,1.3512296540520468,9.622066245778827,101.0,29.0,72.0,28.712871287128714,9365.63,6554.49,2811.1399999999994,591.41,0.0,0.0,21.431253895749997,2.0017809480626934,2.176471824715802,6.989637477512059,43.0,14.0,29.0,32.55813953488372,4282.43,2139.31,2143.1200000000003,236.72,0.0,0.0,,0.06429376168724998,0.25,-0.0,0.03412698412698413,0.02811137288494993,0.02144438392613307,-0.02022536779923709
1a_broad,379,0.3742212133231664,True,79,13,76.0,45.0,21,17,3.3000000000000003,19,42,1.6,4.0,1.0,0.015,0.5,19.245859772499863,1.2922683488711482,0.9836553928574853,12.088883756428485,106.0,28.0,78.0,26.41509433962264,8509.6,6585.010000000001,1924.5899999999992,589.31,0.0,0.0,21.431253895749997,2.0017809480626934,2.176471824715802,6.989637477512059,43.0,14.0,29.0,32.55813953488372,4282.43,2139.31,2143.1200000000003,236.72,0.0,0.0,,0.06429376168724998,0.25,-0.0,0.03412698412698413,0.019245859772499863,0.01461341744355741,-0.008058809707125027
1a_broad,380,-1.0187074829931972,False,83,14,76.0,45.0,21,17,3.2,20,43,1.6,4.0,1.0,0.015,0.5,21.943017477899865,1.361061428522066,1.1229923965950568,11.274166732985858,94.0,26.0,68.0,27.659574468085108,8271.81,6077.469999999999,2194.34,529.74,0.0,0.0,16.84340928815003,1.8531774574262243,1.7973493221286505,6.9891812932930675,39.0,12.0,27.0,30.76923076923077,3658.5800000000004,1974.22,1684.3600000000004,209.88,0.0,0.0,0.11224489795918369,,,,,,,
1a_broad,381,0.2961703514962051,True,81,13,76.0,45.0,21,17,3.3000000000000003,19,42,1.6,3.3000000000000003,1.0,0.015,0.5,16.821570043899776,1.2688146611651074,0.9284036970734858,13.2684543036231,108.0,33.0,75.0,30.555555555555557,7939.76,6257.620000000001,1682.1399999999994,583.54,0.0,0.0,16.274488914700015,1.722700830409876,1.9417555732334695,6.9896675136289375,49.0,16.0,33.0,32.6530612244898,3879.3499999999995,2251.8999999999996,1627.4499999999998,263.94,0.0,0.0,,0.04882346674410004,0.18067520760246902,-0.0,0.03888888888888889,0.016821570043899777,0.013440733058255373,-0.0024795148414080517
1a_broad,382,0.21143497855959628,True,83,13,75.0,45.0,21,14,3.2,19,43,1.7000000000000002,3.5,1.0,0.015,0.5,16.41512968874995,1.2293327670726886,0.8860886909536176,16.401499136261805,111.0,32.0,79.0,28.82882882882883,8799.65,7158.07,1641.58,630.25,0.0,0.0,13.343012060499968,1.4614352458647892,1.426161581428434,7.204651222321523,55.0,18.0,37.0,32.72727272727273,4225.93,2891.6299999999997,1334.3000000000006,286.91,0.0,0.0,,0.0400290361814999,0.11535881146619731,-0.0,0.043650793650793655,0.01641512968874995,0.011466638353634429,-0.015485430781278967
1a_broad,383,0.29100171165448113,True,78,10,76.0,45.0,21,17,3.4000000000000004,19,42,1.6,3.6,1.0,0.015,0.5,13.551622697999901,1.202724008975318,0.7985145967401808,12.076302882509365,117.0,32.0,85.0,27.35042735042735,8040.21,6685.0,1355.21,639.99,0.0,0.0,16.889295253350063,1.7863388334326582,1.8874509768946146,6.52982015411389,46.0,16.0,30.0,34.78260869565217,3836.77,2147.8399999999997,1688.9300000000003,244.4,0.0,0.0,,0.05066788576005019,0.19658470835816455,-0.0,0.03650793650793651,0.013551622697999902,0.010136200448765897,-0.016446642118435915
1a_broad,384,-1.065991629314015,False,84,13,75.0,45.0,21,5,3.3000000000000003,19,43,1.6,4.0,1.0,0.015,0.5,-27.641314707100133,0.6954069663012971,-1.099132212817913,28.222124496305632,134.0,24.0,110.0,17.91044776119403,6310.7,9074.83,-2764.13,547.19,0.0,1.0,-2.420846803999957,0.9499054311882561,-0.10886013753874792,16.85452474209399,73.0,16.0,57.0,21.91780821917808,4590.38,4832.46,-242.07999999999993,349.5,0.0,0.0,0.39594977588409036,,,,,,,
1a_broad,385,0.37239497730258775,True,81,13,75.0,45.0,21,17,3.4000000000000004,19,44,1.7000000000000002,3.4000000000000004,1.0,0.015,0.5,18.485544651999973,1.3136201689796752,1.017300661472412,14.0166116073393,99.0,31.0,68.0,31.31313131313131,7742.740000000001,5894.2,1848.5400000000009,539.64,0.0,0.0,24.67277176190006,2.142763849584779,2.531730271562858,5.5543902937170895,45.0,17.0,28.0,37.77777777777778,4626.42,2159.0899999999997,2467.3300000000004,251.05,0.0,0.0,,0.07401831528570017,0.25,-0.0,0.03571428571428572,0.018485544651999974,0.01568100844898376,-0.021504176798381878
1a_broad,386,0.2985108787684332,True,78,14,75.0,44.0,21,17,3.3000000000000003,20,42,1.6,3.5,1.0,0.015,0.5,15.314229408799873,1.2298350484829292,0.8645340969047726,13.356101915838241,112.0,31.0,81.0,27.678571428571427,8194.6,6663.17,1531.4300000000003,615.66,0.0,0.0,16.990603632200056,1.7680360177919217,1.914726646568407,6.990076367502415,46.0,15.0,31.0,32.608695652173914,3911.32,2212.24,1699.0800000000004,247.74,0.0,0.0,,0.05097181089660016,0.1920090044479804,-0.0,0.03650793650793651,0.015314229408799875,0.011491752424146462,-0.007783854917030214
1a_broad,387,-1.0036874817057502,False,84,13,75.0,45.0,21,17,3.4000000000000004,4,44,1.6,4.0,1.0,0.015,0.5,-2.2124890234501073,0.9597020226397227,-0.0816541663953895,17.21697705007505,113.0,26.0,87.0,23.008849557522122,5269.1,5490.3499999999985,-221.24999999999818,539.99,0.0,0.0,31.588474657650025,2.59822815423457,3.182918634359411,5.518514336169505,48.0,18.0,30.0,37.5,5135.320000000001,1976.47,3158.8500000000004,275.09,0.0,0.0,0.022124890234501073,,,,,,,
1a_broad,388,0.3295544939523684,True,81,13,76.0,43.0,21,17,3.4000000000000004,19,43,1.6,3.4000000000000004,1.0,0.015,0.5,19.326522634399954,1.2840893723357343,1.0360633278360283,13.219296994961624,113.0,34.0,79.0,30.088495575221238,8735.66,6802.999999999999,1932.6600000000008,635.21,0.0,0.0,19.930898885800016,1.7986047946660042,2.0765107758587207,7.787027731338138,49.0,17.0,32.0,34.69387755102041,4488.76,2495.69,1993.0700000000002,261.47,0.0,0.0,,0.059792696657400043,0.19965119866650105,-0.0,0.03888888888888889,0.019326522634399955,0.014204468616786715,-0.0023092815116082413
1a_broad,389,0.27342748508237885,True,86,13,76.0,44.0,21,17,3.4000000000000004,19,45,1.6,3.3000000000000003,1.0,0.015,0.5,5.199181419749984,1.0827146018508647,0.3567128617929799,14.686497829048506,109.0,31.0,78.0,28.440366972477065,6805.629999999999,6285.71,519.9199999999992,568.38,0.0,0.0,23.815294558450002,2.0445719348570774,2.5539820061409486,6.4440438674664176,49.0,18.0,31.0,36.734693877551024,4661.4400000000005,2279.9100000000003,2381.53,269.83,0.0,0.0,,0.07144588367535001,0.25,-0.0,0.03888888888888889,0.005199181419749985,0.004135730092543233,-0.09624219899415326
1a_broad,390,-1.030045351473923,False,91,14,75.0,45.0,21,17,3.3000000000000003,18,42,1.7000000000000002,3.6,1.0,0.015,0.5,13.967195433699873,1.2688838793264428,0.8488194801589274,11.616170222117647,85.0,26.0,59.0,30.58823529411765,6591.23,5194.509999999999,1396.7200000000003,464.12,0.0,0.0,18.520676101100054,1.9820095440084835,2.083994303757896,6.535742679296194,40.0,13.0,27.0,32.5,3738.0699999999997,1886.0,1852.0699999999997,216.2,0.0,0.0,0.1802721088435375,,,,,,,
1a_broad,391,0.32004050596314826,True,78,13,74.0,44.0,21,17,3.4000000000000004,18,45,1.6,3.5,1.0,0.015,0.5,10.322922279949816,1.1541517970464825,0.6111543860460066,14.911152306966965,116.0,30.0,86.0,25.862068965517242,7729.469999999999,6697.100000000001,1032.369999999998,623.32,0.0,0.0,26.9217292677001,2.2035379635921464,2.6817003723839443,6.223647180964535,48.0,19.0,29.0,39.583333333333336,4929.05,2236.88,2692.17,265.5,0.0,0.0,,0.0807651878031003,0.25,-0.0,0.0380952380952381,0.010322922279949817,0.007707589852324126,-0.0668504320674641
1a_broad,392,-1.001700680272109,False,83,13,75.0,45.0,21,17,3.3000000000000003,19,44,1.6,4.0,1.0,0.015,0.5,19.461505331599895,1.3075492272195706,0.988005789693827,9.843880960721666,97.0,26.0,71.0,26.804123711340207,8273.91,6327.800000000001,1946.1099999999988,547.95,0.0,0.0,22.03052667009997,2.0556268987129482,2.230573131416039,6.989637477512059,42.0,14.0,28.0,33.333333333333336,4289.969999999999,2086.9399999999996,2203.0299999999997,231.43,0.0,0.0,0.010204081632653073,,,,,,,
1a_broad,393,-1.0413832199546484,False,85,13,73.0,43.0,21,17,3.2,18,42,1.7000000000000002,3.9000000000000004,1.0,0.015,0.5,7.769460294899982,1.1540325090749048,0.4917649342038975,14.736829979805943,83.0,22.0,61.0,26.50602409638554,5821.09,5044.13,776.96,422.29,0.0,0.0,15.541624676150024,1.856994761510891,1.8065860633694002,6.904928147919631,38.0,12.0,26.0,31.57894736842105,3367.6600000000008,1813.5,1554.1600000000008,204.15,0.0,0.0,0.2482993197278911,,,,,,,
1a_broad,394,-1.0051020408163265,False,90,13,74.0,44.0,21,17,3.3000000000000003,18,43,1.6,3.3000000000000003,1.0,0.015,0.5,10.031272078399997,1.181997637713844,0.6351965844796962,11.747790578272333,95.0,29.0,66.0,30.526315789473685,6514.71,5511.610000000001,1003.0999999999995,505.32,0.0,0.0,16.828343575250074,1.8798632206925763,2.033535115685774,6.812269850569363,44.0,14.0,30.0,31.818181818181817,3595.3700000000003,1912.57,1682.8000000000004,235.82,0.0,0.0,0.030612244897959218,,,,,,,
1a_broad,395,0.0494987450002514,True,80,13,76.0,45.0,21,17,3.4000000000000004,19,44,0.5,3.4000000000000004,1.0,0.015,0.5,19.303296443849742,1.1217224721077892,0.7582503425665189,16.92717057165139,246.0,68.0,178.0,27.642276422764226,17788.69,15858.369999999999,1930.3199999999997,1459.65,0.0,0.0,4.96780477790011,1.1118427717556476,0.5474428200802972,10.911378523000522,88.0,23.0,65.0,26.136363636363637,4938.749999999999,4441.95,496.7999999999993,446.57,0.0,0.0,,0.014903414333700328,0.027960692938911902,-0.0,0.06984126984126984,0.019303296443849746,0.00608612360538946,-0.08859605216286988
1a_broad,396,0.3184480937807868,True,86,14,74.0,44.0,21,17,3.4000000000000004,19,45,1.6,3.8000000000000003,1.0,0.015,0.5,9.925568911999944,1.1545879047280836,0.5817054927851348,13.396098442220882,105.0,28.0,77.0,26.666666666666668,7412.87,6420.3600000000015,992.5099999999984,566.64,0.0,0.0,30.43253993545002,2.368955884535971,2.924862359921508,6.359944415342017,45.0,17.0,28.0,37.77777777777778,5266.259999999999,2223.03,3043.229999999999,253.43,0.0,0.0,,0.09129761980635005,0.25,-0.0,0.03571428571428572,0.009925568911999944,0.00772939523640418,-0.07621877588825306
1a_broad,397,0.31384142573944657,True,82,13,75.0,45.0,20,17,3.5,18,43,1.4,4.0,1.0,0.015,0.5,17.30669674624989,1.1917249920792645,0.7816506110839707,14.200290163496629,135.0,34.0,101.0,25.185185185185187,10757.63,9026.940000000002,1730.6899999999969,770.08,0.0,0.0,23.15042871180007,1.782051152121992,2.1326375803499404,7.391847937944684,55.0,18.0,37.0,32.72727272727273,5275.21,2960.1900000000005,2315.0199999999995,297.31,0.0,0.0,,0.06945128613540022,0.19551278803049799,-0.0,0.043650793650793655,0.01730669674624989,0.009586249603963226,-0.02166638842745842
1a_broad,398,-1.003968253968254,False,89,13,74.0,43.0,21,16,3.2,18,36,1.6,3.9000000000000004,1.0,0.015,0.5,9.417730197349902,1.146053929322441,0.5504406490944462,15.576802142091855,108.0,29.0,79.0,26.85185185185185,7390.260000000001,6448.44,941.8200000000015,566.25,0.0,0.0,19.220838766600025,2.002064521510646,2.001377376750678,6.536142572914273,41.0,14.0,27.0,34.146341463414636,3840.2000000000007,1918.1200000000003,1922.0800000000004,223.15,0.0,0.0,0.023809523809523836,,,,,,,
1a_broad,399,0.24330853138128916,True,78,13,75.0,44.0,21,17,3.3000000000000003,18,44,1.4,3.5,1.0,0.015,0.5,6.2553423345498045,1.0829184362755233,0.3905221972419133,15.530103302480144,132.0,34.0,98.0,25.757575757575758,8169.58,7544.040000000001,625.539999999999,699.6,0.0,0.0,19.58390987734996,1.8346893979754926,2.1340902472834933,7.317089628303481,54.0,19.0,35.0,35.18518518518518,4304.639999999999,2346.25,1958.3899999999994,295.31,0.0,0.0,,0.05875172963204987,0.20867234949387314,-0.0,0.04285714285714286,0.006255342334549805,0.004145921813776166,-0.07737395475010268
