stage,trial,score,gated,ema_period,rsi_period,rsi_overbought,rsi_oversold,atr_period,consolidation_candles,consolidation_atr_mult,swing_lookback,volume_sma_period,volume_mult,risk_reward_ratio,leverage,risk_per_trade_pct,max_position_allocation_pct,tr_return_pct,tr_pf,tr_sharpe,tr_max_dd,tr_trades,tr_wins,tr_losses,tr_win_rate,tr_gross_profit,tr_gross_loss,tr_net_pnl,tr_fees,tr_blocked,tr_head_dropped,va_return_pct,va_pf,va_sharpe,va_max_dd,va_trades,va_wins,va_losses,va_win_rate,va_gross_profit,va_gross_loss,va_net_pnl,va_fees,va_blocked,va_head_dropped,c_va_ret,c_va_pf,c_va_dd,c_va_sample,c_tr_ret,c_tr_pf,c_consistency,c_gate_shortfall
1b_narrow,0,0.17357747958246686,True,79,14,76.0,38.0,19,15,3.2,20,45,1.7000000000000002,2.9,1.0,0.015,0.5,4.888925862749838,1.0736341863862988,0.33423425172553156,14.858764556696908,117,33,84,28.205128205128204,7127.749999999999,6638.9,488.84999999999945,598.6899999999999,0,0,15.15203147780001,1.6330859802618938,1.8875729253466766,6.2549895384303795,48,18,30,37.5,3908.53,2393.3399999999997,1515.1900000000005,260.34,0,0,0.04545609443340003,0.15827149506547344,-0.0,0.0380952380952381,0.004888925862749839,0.003681709319314941,-0.07681598319370948,
1b_narrow,1,0.13229417832711993,True,92,14,74.0,31.0,19,16,3.4000000000000004,18,40,1.6,3.0,1.0,0.015,0.5,12.316406633149928,1.1820406896398827,0.7530185935225583,12.478294528884382,118,38,80,32.20338983050848,7997.510000000001,6765.85,1231.6600000000008,638.42,0,1,8.0635144086501,1.3036951109738506,1.0298463202344768,7.894492759697839,53,16,37,30.18867924528302,3461.48,2655.13,806.3499999999999,270.4,0,0,0.024190543225950302,0.07592377774346265,-0.0,0.04206349206349207,0.012316406633149929,0.009102034481994137,-0.031302075820929164,
1b_narrow,2,0.29592389049163326,True,78,12,75.0,42.0,19,17,3.4000000000000004,16,45,1.4000000000000001,2.9,1.0,0.015,0.5,6.4401546491498625,1.0823717055027025,0.42359079199364963,14.991092840402608,145,44,101,30.344827586206897,8462.35,7818.340000000001,644.0099999999993,769.78,0,0,28.020697501300003,2.244242946332626,3.106792623263341,6.289048987390383,57,25,32,43.85964912280702,5054.08,2252.02,2802.06,319.13,0,0,0.0840620925039,0.25,-0.0,0.045238095238095244,0.006440154649149862,0.004118585275135123,-0.09393503717464695,
1b_narrow,3,0.3161696967864986,True,91,14,77.0,33.0,19,18,3.4000000000000004,16,43,1.3,3.9,1.0,0.015,0.5,12.764933262799913,1.1734203940557415,0.703155768821659,13.01217785570436,125,32,93,25.6,8636.82,7360.380000000001,1276.4399999999987,691.19,0,1,21.918457578549933,1.9155333155115952,2.1537911822472036,8.183709568875791,50,17,33,34.0,4585.94,2394.08,2191.8599999999997,270.24,0,0,0.0657553727356498,0.2288833288778988,-0.0,0.03968253968253968,0.012764933262799913,0.008671019702787075,-0.039587497475176675,
1b_narrow,4,0.1522699123379848,True,77,13,74.0,37.0,20,15,3.6,19,50,1.8,3.6,1.0,0.015,0.5,19.622789200449915,1.2607858381675738,0.9961141640800406,14.801643915636898,113,32,81,28.31858407079646,9486.720000000001,7524.450000000001,1962.2700000000004,629.54,0,0,10.994219705449995,1.3441657640510642,1.203784739348385,8.225245634884413,54,14,40,25.925925925925927,4293.830000000001,3194.42,1099.4100000000008,280.88,0,0,0.03298265911634998,0.08604144101276606,-0.0,0.04285714285714286,0.01962278920044992,0.013039291908378693,-0.042273411757102725,
1b_narrow,5,0.2953981483164533,True,91,11,73.0,28.0,19,16,3.3000000000000003,20,41,1.4000000000000001,3.5,1.0,0.015,0.5,15.333991857299841,1.2104527063008856,0.8201513476413574,13.819571370731234,122,36,86,29.508196721311474,8819.310000000001,7285.96,1533.3500000000013,669.2,0,1,15.690418481249981,1.7380440560131332,1.7737194781906416,7.043453833053468,50,18,32,36.0,3694.96,2125.93,1569.0300000000002,267.76,0,0,0.047071255443749946,0.1845110140032833,-0.0,0.03968253968253968,0.015333991857299842,0.010522635315044283,-0.0017232879854637757,
1b_narrow,6,0.09864917214071012,True,74,14,73.0,45.0,21,15,3.2,20,46,1.7000000000000002,3.8,1.0,0.015,0.5,0.18885033439995821,1.0029066285872221,0.07661930242851413,15.454401789389257,111,25,86,22.52252252252252,6531.629999999999,6512.699999999998,18.9300000000012,548.16,0,0,15.378708737400029,1.6576502989300097,1.6478551946551099,6.892986329037126,43,13,30,30.232558139534884,3876.1499999999996,2338.3400000000006,1537.809999999999,230.54,0,0,0.04613612621220008,0.16441257473250243,-0.0,0.03412698412698413,0.00018885033439995823,0.00014533142936110633,-0.1463606946947376,
1b_narrow,7,-1.0199634017105081,False,73,12,73.0,43.0,20,16,3.2,17,40,1.7000000000000002,3.6,1.0,0.015,0.5,-7.216136264400121,0.8763201102362747,-0.39253709430645334,13.257415264124786,111,26,85,23.423423423423422,5113.1,5834.739999999999,-721.6399999999985,523.77,0,0,9.529813458350016,1.4838617958416898,1.1942493285155995,6.70058061955446,40,11,29,27.5,2922.54,1969.55,952.99,209.72,0,0,,,,,,,,0.11978041026304888
1b_narrow,8,0.33324826860662793,True,90,12,73.0,40.0,21,17,3.5,18,43,1.5,2.9,1.0,0.015,0.5,15.333203642899898,1.206198099823161,0.8682207891858765,12.567207437843217,133,43,90,32.330827067669176,8969.47,7436.150000000001,1533.3199999999988,728.28,0,0,18.06941423474995,1.8944833321782524,2.2756421003764915,4.8182123551390355,53,21,32,39.62264150943396,3826.9700000000003,2020.06,1806.9100000000003,286.98,0,0,0.05420824270424985,0.2236208330445631,-0.0,0.04206349206349207,0.015333203642899898,0.010309904991158048,-0.012287407839735016,
1b_narrow,9,-1.004883672263359,False,74,11,76.0,33.0,20,20,3.3000000000000003,18,47,1.4000000000000001,2.9,1.0,0.015,0.5,-1.9097951947500407,0.9619316607634397,-0.08914464104483295,12.814169337439326,97,26,71,26.804123711340207,4826.04,5017.03,-190.98999999999978,485.58,0,0,7.939168381650051,1.4623843165576567,1.3868679470471168,9.002430122553632,44,16,28,36.36363636363637,2510.87,1716.97,793.8999999999999,228.77,0,0,,,,,,,,0.02930203358015348
1b_narrow,10,0.16978408410560145,True,85,12,77.0,38.0,21,20,3.6,18,37,1.5,3.2,1.0,0.015,0.5,3.334999484550008,1.0534180812227787,0.25241568633571243,12.605512612688916,119,33,86,27.73109243697479,6576.31,6242.830000000001,333.47999999999956,581.92,0,0,17.85947905474999,1.671023858726282,2.0030441549519726,6.2388635695949795,57,20,37,35.08771929824562,4447.43,2661.5000000000005,1785.9299999999998,308.34,0,0,0.053578437164249974,0.1677559646815705,-0.0,0.045238095238095244,0.003334999484550008,0.0026709040611389346,-0.10279431652400321,
1b_narrow,11,0.20909360692110102,True,87,13,77.0,34.0,21,18,3.5,16,43,1.3,4.0,1.0,0.015,0.5,1.7325937246498324,1.0217771743229993,0.1574833473356533,12.934458877417635,137,32,105,23.357664233576642,8127.42,7954.2,173.22000000000025,699.31,0,1,24.685824451949976,1.8692069885847484,2.3304586516825174,6.23792843390139,57,19,38,33.333333333333336,5308.66,2840.0599999999995,2468.6000000000004,314.05,0,0,0.07405747335584992,0.2173017471461871,-0.0,0.045238095238095244,0.0017325937246498325,0.0010888587161499653,-0.13032516125983104,
1b_narrow,12,0.22340092752528373,True,88,13,75.0,40.0,20,18,3.5,17,42,1.3,3.3,1.0,0.015,0.5,2.0862183487499535,1.0272273479638885,0.17776220744186852,13.868317333087207,143,39,104,27.272727272727273,7869.260000000001,7660.68,208.58000000000084,710.66,0,0,24.061144525599993,1.9016844984916332,2.57928490634108,5.70599403042101,61,23,38,37.704918032786885,5074.549999999999,2668.4500000000003,2406.099999999999,338.35,0,0,0.07218343357679997,0.2254211246229083,-0.0,0.048412698412698414,0.0020862183487499533,0.001361367398194424,-0.12606391483406734,
1b_narrow,13,0.36644523289574804,True,83,13,76.0,35.0,21,18,3.5,17,38,1.5,4.0,1.0,0.015,0.5,26.810552476499943,1.3535926102260905,1.2511532637255882,10.266700027233327,119,34,85,28.571428571428573,10263.44,7582.37,2681.0700000000006,693.52,0,1,24.870312380200012,1.8341243036386867,2.3014028794857895,6.238252054799861,56,19,37,33.92857142857143,5468.57,2981.57,2486.9999999999995,308.24,0,0,0.07461093714060003,0.20853107590967168,-0.0,0.044444444444444446,0.026810552476499945,0.017679630511304525,-0.005631407586772601,
1b_narrow,14,0.26995712334820177,True,83,12,75.0,36.0,21,19,3.5,17,36,1.5,3.2,1.0,0.015,0.5,5.44289745189999,1.0842626534074722,0.3800564325538299,14.401051010272292,121,35,86,28.925619834710744,7004.249999999999,6459.920000000001,544.3299999999981,611.36,0,0,25.251451281499993,1.9222214918047158,2.778125680750731,5.33218789767533,64,24,40,37.5,5263.35,2738.16,2525.1900000000005,360.18,0,0,0.07575435384449998,0.23055537295117895,-0.0,0.050793650793650794,0.00544289745189999,0.0042131326703736096,-0.09680228436340156,
1b_narrow,15,0.2519595049048254,True,81,13,74.0,40.0,21,17,3.5,19,38,1.5,3.4,1.0,0.015,0.5,28.21103593214984,1.3331860972962501,1.3067026109443944,14.725472421396926,137,42,95,30.656934306569344,11288.26,8467.130000000001,2821.129999999999,812.12,0,0,17.149282769649982,1.5784075309545573,1.7705155926543268,7.907374909184282,60,20,40,33.333333333333336,4679.71,2964.83,1714.88,318.05,0,0,0.051447848308949946,0.14460188273863933,-0.0,0.047619047619047616,0.028211035932149842,0.01665930486481251,-0.03657961455877385,
1b_narrow,16,0.3244553482734465,True,87,12,76.0,30.0,21,19,3.6,17,39,1.6,3.7,1.0,0.015,0.5,11.156126407899865,1.15978406900167,0.6459062859991129,13.16294558624311,121,34,87,28.09917355371901,8097.450000000001,6981.860000000001,1115.5900000000001,630.93,0,1,25.882829882799978,2.0744875169167156,2.593638698715535,6.13355379251459,47,17,30,36.170212765957444,4997.15,2408.86,2588.2899999999995,266.55,0,0,0.07764848964839993,0.25,-0.0,0.0373015873015873,0.011156126407899866,0.007989203450083504,-0.05964005853452406,
1b_narrow,17,0.2157056808315114,True,83,13,74.0,35.0,21,14,3.5,19,49,1.6,3.1,1.0,0.015,0.5,12.80900280819993,1.1389493347102686,0.6470755093428082,14.295793111082663,151,45,106,29.801324503311257,10499.45,9218.54,1280.9099999999999,792.12,0,2,15.41506363490007,1.4415184913615329,1.5901637839471239,6.49283579893527,67,21,46,31.34328358208955,5032.860000000001,3491.3599999999997,1541.500000000001,353.63,0,0,0.04624519090470021,0.11037962284038322,-0.0,0.05317460317460318,0.01280900280819993,0.006947466735513431,-0.013850205631888579,
1b_narrow,18,0.4137137786803051,True,89,11,75.0,40.0,20,17,3.4000000000000004,18,38,1.5,4.0,1.0,0.015,0.5,27.681764726599866,1.3894067105181718,1.3027678709773765,11.210114384045523,113,32,81,28.31858407079646,9877.07,7108.84,2768.2299999999996,673.3,0,0,26.61176437150003,2.2821530782350616,2.730354210991283,5.094258921131538,50,18,32,36.0,4736.7,2075.54,2661.16,283.05,0,0,0.07983529311450009,0.25,-0.0,0.03968253968253968,0.027681764726599868,0.01947033552590859,-0.0029561543692431004,
1b_narrow,19,0.24697792244869662,True,84,11,76.0,45.0,20,19,3.3000000000000003,17,36,1.4000000000000001,4.0,1.0,0.015,0.5,6.577309965749956,1.1153225749893048,0.4258988054297223,11.60156469267361,104,25,79,24.03846153846154,6361.22,5703.4800000000005,657.7399999999998,518.15,0,0,18.652792338850013,1.839968117012366,2.162743939961003,7.274457263698493,51,17,34,33.333333333333336,4085.87,2220.62,1865.25,279.94,0,0,0.055958377016550036,0.20999202925309152,-0.0,0.04047619047619048,0.006577309965749956,0.005766128749465239,-0.07179211301235061,
1b_narrow,20,0.3527297850463161,True,81,11,75.0,31.0,20,18,3.4000000000000004,18,38,1.6,3.8,1.0,0.015,0.5,15.736778433999898,1.245333083890682,0.8450635059259076,10.315257604391679,107,31,76,28.97196261682243,7987.940000000001,6414.3,1573.6400000000012,588.65,0,0,21.791169736300017,1.9786539359752808,2.3592456469675844,4.771844457522938,49,17,32,34.69387755102041,4405.749999999999,2226.64,2179.109999999999,273.22,0,0,0.06537350920890005,0.2446634839938202,-0.0,0.03888888888888889,0.0157367784339999,0.012266654194534099,-0.024199529673827085,
1b_narrow,21,0.3375021163543176,True,80,11,75.0,30.0,20,18,3.4000000000000004,18,38,1.6,3.8,1.0,0.015,0.5,14.260863682899908,1.2184457022065296,0.7760243888803622,10.315257604391679,110,31,79,28.181818181818183,7954.44,6528.350000000002,1426.0899999999974,602.78,0,0,21.462230407549978,1.953952076379104,2.3271428123970894,4.771817401977675,50,17,33,34.0,4396.06,2249.8300000000004,2146.23,277.78000000000003,0,0,0.06438669122264994,0.23848801909477602,-0.0,0.03968253968253968,0.014260863682899909,0.010922285110326481,-0.030238282438874452,
1b_narrow,22,0.3312896814885169,True,82,11,75.0,32.0,20,17,3.4000000000000004,19,38,1.5,3.9,1.0,0.015,0.5,33.39367779774995,1.429162966494756,1.4833490057490566,10.339677234673166,119,35,84,29.41176470588235,11120.56,7781.169999999999,3339.3900000000003,735.92,0,1,20.315030016499968,1.8461727500301977,2.1186929447566043,5.32790422458863,51,17,34,33.333333333333336,4432.3099999999995,2400.8100000000004,2031.499999999999,281.90999999999997,0,0,0.060945090049499905,0.2115431875075494,-0.0,0.04047619047619048,0.03339367779774995,0.021458148324737802,-0.03652661266721066,
1b_narrow,23,-1.0192743764172336,False,85,11,76.0,28.0,20,19,3.3000000000000003,18,39,1.6,3.9,1.0,0.015,0.5,17.457600275449877,1.3331132638906118,0.9817481200749635,8.501073012465808,89,26,63,29.213483146067414,6986.54,5240.769999999999,1745.7700000000013,475.71999999999997,0,1,18.000505688850044,1.929389411509588,2.12323678214421,6.599061883090742,41,14,27,34.146341463414636,3736.8799999999997,1936.8199999999997,1800.06,224.03,0,0,,,,,,,,0.11564625850340138
1b_narrow,24,0.2765908726817101,True,76,11,75.0,35.0,20,18,3.4000000000000004,17,37,1.5,4.0,1.0,0.015,0.5,3.955692037999888,1.0551072066913805,0.27287779588697686,13.001981519893086,126,29,97,23.015873015873016,7573.760000000001,7178.1900000000005,395.5700000000006,646.91,0,0,31.036342486350005,2.3086195919365515,3.1042085095252037,4.7711232622711,54,20,34,37.03703703703704,5475.33,2371.69,3103.64,313.5,0,0,0.09310902745905002,0.25,-0.0,0.04285714285714286,0.003955692037999888,0.0027553603345690236,-0.11608635000705168,
1b_narrow,25,-1.036281179138322,False,88,12,76.0,30.0,20,17,3.4000000000000004,18,40,1.8,3.8,1.0,0.015,0.5,2.6472759683498954,1.0501471797183697,0.2114581768646255,12.003293582544265,86,22,64,25.58139534883721,5544.0,5279.26,264.7399999999998,439.88,0,1,36.126284832900076,3.1089867831122735,3.4761137252175893,4.771118325121513,38,16,22,42.10526315789474,5325.57,1712.9599999999998,3612.6099999999997,222.71,0,0,,,,,,,,0.217687074829932
1b_narrow,26,-1.001700680272109,False,80,11,75.0,42.0,20,18,3.3000000000000003,19,37,1.7000000000000002,3.7,1.0,0.015,0.5,9.472113282799928,1.1650398316129889,0.5859141588758989,11.699530372635987,97,26,71,26.804123711340207,6686.35,5739.16,947.1900000000005,521.12,0,0,18.985550633550027,1.8967592308309993,2.1955161084022397,6.7132401604755145,46,16,30,34.78260869565217,4015.6099999999997,2117.0899999999997,1898.52,253.14,0,0,,,,,,,,0.010204081632653073
1b_narrow,27,0.2238857156423823,True,86,11,74.0,38.0,19,16,3.5,17,39,1.6,3.9,1.0,0.015,0.5,8.217509908649937,1.114257627835063,0.4740472990717606,10.246583822433376,122,33,89,27.049180327868854,8013.830000000001,7192.080000000001,821.75,628.86,0,1,18.942628961649934,1.6780119048045157,1.9137095110149889,6.98045196830498,54,18,36,33.333333333333336,4688.08,2793.83,1894.25,298.2,0,0,0.0568278868849498,0.16950297620112892,-0.0,0.04285714285714286,0.008217509908649938,0.0057128813917531555,-0.059232681601242385,
1b_narrow,28,0.42285019874848473,True,82,12,76.0,32.0,21,19,3.4000000000000004,18,36,1.4000000000000001,3.7,1.0,0.015,0.5,26.914611682249944,1.3570794587502009,1.280643405234752,11.603206165304796,119,34,85,28.571428571428573,10228.81,7537.369999999999,2691.4400000000005,728.49,0,1,28.62654645734992,2.102809967023145,2.8826064162489806,4.781265335328848,59,21,38,35.59322033898305,5458.389999999999,2595.7600000000007,2862.6299999999987,337.52,0,0,0.08587963937204976,0.25,-0.0,0.046825396825396826,0.026914611682249946,0.017853972937510044,-0.004623422068721854,
1b_narrow,29,0.33359399016009794,True,79,13,77.0,37.0,21,20,3.6,16,36,1.4000000000000001,3.7,1.0,0.015,0.5,11.76191141964986,1.1568200272259765,0.6489131942680824,12.262166312052491,129,34,95,26.356589147286822,8676.369999999999,7500.190000000001,1176.1799999999976,685.52,0,0,25.360632077499908,2.008590211136254,2.3440509923049984,5.622010464968049,54,20,34,37.03703703703704,5050.579999999999,2514.49,2536.0899999999992,306.55,0,0,0.07608189623249971,0.25,-0.0,0.04285714285714286,0.01176191141964986,0.007841001361298828,-0.0549479617104933,
1b_narrow,30,0.2938248289103735,True,89,12,76.0,34.0,21,19,3.5,17,41,1.4000000000000001,3.5,1.0,0.015,0.5,6.794408529849898,1.0980028732316356,0.43141649328688264,12.420769909561315,123,34,89,27.642276422764226,7612.410000000001,6932.96,679.4500000000007,639.2,0,0,25.164653460350017,2.062088758520269,2.6056598514358136,4.891177508824961,54,20,34,37.03703703703704,4885.8099999999995,2369.35,2516.4599999999996,301.54,0,0,0.07549396038105005,0.25,-0.0,0.04285714285714286,0.006794408529849898,0.00490014366158178,-0.08622082651925109,
1b_narrow,31,0.3998120083383755,True,82,12,76.0,32.0,21,19,3.4000000000000004,18,37,1.5,4.0,1.0,0.015,0.5,23.12521341804986,1.3333419819819818,1.1480379718575677,11.933144784581467,111,31,80,27.92792792792793,9250.06,6937.5,2312.5599999999995,647.84,0,1,29.515122491050004,2.253391993409235,2.7946074775316947,4.7723165348191365,50,17,33,34.0,5306.31,2354.81,2951.5000000000005,287.37,0,0,0.08854536747315002,0.25,-0.0,0.03968253968253968,0.023125213418049864,0.01666709909909909,-0.018208211334463185,
1b_narrow,32,0.3967477977649933,True,83,14,76.0,32.0,21,19,3.4000000000000004,18,37,1.5,4.0,1.0,0.015,0.5,22.54625874944995,1.3251207304534909,1.1215621758226273,11.425965878685314,111,31,80,27.92792792792793,9189.54,6934.870000000001,2254.67,642.84,0,1,26.798186117300027,2.0496627523481994,2.549677126514739,6.239500914396009,51,17,34,33.333333333333336,5232.83,2553.02,2679.81,287.95,0,0,0.08039455835190008,0.25,-0.0,0.04047619047619048,0.022546258749449953,0.016256036522674544,-0.012925246335221739,
1b_narrow,33,0.3261219247692309,True,85,14,76.0,32.0,21,20,3.4000000000000004,18,36,1.4000000000000001,4.0,1.0,0.015,0.5,9.870343508400001,1.1689647793897378,0.5890396756949092,9.762402611677686,101,25,76,24.752475247524753,6828.8,5841.75,987.0500000000002,529.25,0,1,33.03573139275002,2.399071670273543,3.189221574872354,5.231532728537067,50,19,31,38.0,5664.759999999998,2361.23,3303.5299999999984,292.89,0,0,0.09910719417825006,0.25,-0.0,0.03968253968253968,0.009870343508400001,0.008448238969486889,-0.08098639156944573,
1b_narrow,34,0.3444137649667166,True,78,14,77.0,29.0,21,19,3.4000000000000004,19,37,1.5,3.9,1.0,0.015,0.5,13.613437551799814,1.1874972455432888,0.7355271242914366,13.90273026258495,118,30,88,25.423728813559322,8622.369999999999,7260.96,1361.409999999999,661.8,0,0,25.601468085749985,2.010379421120346,2.469047100854912,6.359291977901305,51,17,34,33.333333333333336,5094.02,2533.86,2560.1600000000003,286.18,0,0,0.07680440425724995,0.25,-0.0,0.04047619047619048,0.013613437551799815,0.009374862277164442,-0.04585512959568809,
1b_narrow,35,-1.0147326018937042,False,92,12,76.0,32.0,21,20,3.3000000000000003,18,37,1.4000000000000001,3.9,1.0,0.015,0.5,-0.6762958301001163,0.9863240846155557,0.01679872784868268,13.15680396427048,90,21,69,23.333333333333332,4877.5599999999995,4945.19,-67.63000000000011,444.11,0,1,10.605664284300037,1.5748509485094853,1.4501939464046136,6.735912572788158,44,15,29,34.09090909090909,2905.6000000000004,1845.0,1060.6000000000004,228.46,0,0,,,,,,,,0.08839561136222564
1b_narrow,36,0.32030470874023637,True,82,14,77.0,33.0,19,19,3.4000000000000004,18,39,1.3,3.6,1.0,0.015,0.5,18.218041861999936,1.2386676116601012,0.9218629971827947,12.813663090688868,125,34,91,27.2,9455.010000000002,7633.210000000001,1821.800000000001,707.56,0,1,21.136326962049935,1.7673426563271473,2.202317180640565,8.182778854415488,58,20,38,34.48275862068966,4868.110000000001,2754.48,2113.6300000000006,316.32,0,0,0.0634089808861498,0.19183566408178682,-0.0,0.046031746031746035,0.018218041861999937,0.011933380583005061,-0.01112310470445128,
1b_narrow,37,-1.0098010659612504,False,76,12,76.0,31.0,21,14,3.3000000000000003,19,36,1.5,4.0,1.0,0.015,0.5,-5.8806395767502,0.9296031603519483,-0.19535150871562557,21.275366458763997,142,30,112,21.12676056338028,7765.4400000000005,8353.5,-588.0599999999995,686.32,0,0,14.471846476749977,1.4415264269065082,1.3928938376528146,8.8576350813331,62,18,44,29.032258064516128,4724.92,3277.72,1447.2000000000003,321.82,0,0,,,,,,,,0.058806395767502
1b_narrow,38,0.23520544363778503,True,79,13,75.0,29.0,21,15,3.4000000000000004,18,41,1.4000000000000001,3.8,1.0,0.015,0.5,8.135935352999914,1.08188236951894,0.42332185632015007,20.648253139163348,150,36,114,24.0,10748.880000000001,9935.35,813.5300000000007,830.91,0,0,22.3263204554,1.7225343361250989,1.9981260548505528,5.9687964447138375,57,19,38,33.333333333333336,5322.7,3090.0399999999995,2232.6600000000003,312.18,0,0,0.0669789613662,0.18063358403127472,-0.0,0.045238095238095244,0.008135935352999914,0.004094118475946995,-0.06987525082673184,
1b_narrow,39,0.33217262127497615,True,84,14,77.0,43.0,19,19,3.4000000000000004,19,40,1.5,3.7,1.0,0.015,0.5,21.669231919649956,1.3181708728056525,1.1001619488461993,10.62111587379246,110,31,79,28.181818181818183,8977.640000000001,6810.68,2166.960000000001,631.45,0,0,20.55824540705,1.7823868112296355,2.1752575552225895,7.9080909780413045,52,17,35,32.69230769230769,4683.56,2627.6899999999996,2055.870000000001,281.15,0,0,0.061674736221149995,0.19559670280740887,-0.0,0.04126984126984127,0.021669231919649957,0.015908543640282626,-0.003946434583356558,
1b_narrow,40,0.2215753883534892,True,81,12,76.0,34.0,21,16,3.4000000000000004,20,37,1.3,3.5,1.0,0.015,0.5,10.279607733199791,1.103403495536276,0.5253109113731276,21.04156720510074,154,41,113,26.623376623376622,10969.210000000001,9941.249999999998,1027.9600000000028,854.07,0,0,17.58496241720006,1.593009256917396,1.674644841850687,6.374251373846189,56,19,37,33.92857142857143,4723.830000000001,2965.3500000000004,1758.4800000000005,300.19,0,0,0.05275488725160018,0.14825231422934898,-0.0,0.044444444444444446,0.010279607733199792,0.005170174776813797,-0.039326040081918,
1b_narrow,41,0.4227867228215301,True,83,13,76.0,32.0,21,18,3.4000000000000004,18,38,1.5,4.0,1.0,0.015,0.5,39.28195027624986,1.5522112149979403,1.7042447898589796,10.330553008478118,110,33,77,30.0,11041.67,7113.510000000001,3928.159999999999,694.43,0,1,28.751514840950005,2.0822746453159873,2.687590198567973,6.239500914396009,54,18,36,33.333333333333336,5531.75,2656.5900000000006,2875.1599999999994,307.68,0,0,0.08625454452285002,0.25,-0.0,0.04285714285714286,0.039281950276249866,0.02761056074989702,-0.02321747558460962,
1b_narrow,42,0.41207624356518946,True,82,13,76.0,32.0,21,17,3.4000000000000004,18,38,1.5,3.9,1.0,0.015,0.5,39.53023883074993,1.4830613379606152,1.6862870708289972,10.340459915538325,122,36,86,29.508196721311474,12136.409999999998,8183.3499999999985,3953.0599999999995,785.78,0,1,27.774366480199937,2.093941888448192,2.547479228884079,6.238449559359434,52,18,34,34.61538461538461,5316.33,2538.9100000000003,2777.4199999999996,293.4,0,0,0.0833230994405998,0.25,-0.0,0.04126984126984127,0.039530238830749936,0.02415306689803076,-0.02620000287403234,
1b_narrow,43,0.4075543625178547,True,82,13,76.0,33.0,21,17,3.4000000000000004,18,39,1.5,3.9,1.0,0.015,0.5,39.53023883074993,1.4830613379606152,1.6862870708289972,10.340459915538325,122,36,86,29.508196721311474,12136.409999999998,8183.3499999999985,3953.0599999999995,785.78,0,1,27.253898809949934,2.091833791373882,2.510936564649634,6.238449559359434,50,17,33,34.0,5221.510000000001,2496.14,2725.3700000000013,282.32,0,0,0.0817616964298498,0.25,-0.0,0.03968253968253968,0.039530238830749936,0.02415306689803076,-0.02757317932331546,
1b_narrow,44,0.24791124853519503,True,78,13,76.0,33.0,21,17,3.3000000000000003,18,39,1.4000000000000001,3.8,1.0,0.015,0.5,5.010255954399854,1.0646177696609505,0.3161029355619054,16.701569616972698,132,30,102,22.727272727272727,8254.45,7753.4400000000005,501.0100000000002,698.07,0,0,21.701444538950074,1.9017531029381824,2.25583617683436,6.607198964292671,54,18,36,33.333333333333336,4576.74,2406.5899999999997,2170.15,299.61,0,0,0.06510433361685022,0.2254382757345456,-0.0,0.04285714285714286,0.005010255954399854,0.003230888483047523,-0.09372964811079104,
1b_narrow,45,0.36507882331704655,True,80,13,77.0,31.0,21,17,3.4000000000000004,18,40,1.6,3.9,1.0,0.015,0.5,17.539001519499905,1.2411455755375902,0.896898341168308,12.28226112519371,117,32,85,27.35042735042735,9027.1,7273.2,1753.9000000000005,661.83,0,0,24.78699309290007,1.9948505536758538,2.318509463677112,7.668746291981822,48,16,32,33.333333333333336,4970.23,2491.5299999999997,2478.7,260.4,0,0,0.07436097927870021,0.24871263841896346,-0.0,0.0380952380952381,0.017539001519499907,0.01205727877687951,-0.025686312772234654,
1b_narrow,46,-1.003968253968254,False,90,13,75.0,39.0,21,16,3.3000000000000003,18,41,1.4000000000000001,3.9,1.0,0.015,0.5,6.572789229899881,1.0826595941342245,0.3877901179726761,15.793328522250615,130,32,98,24.615384615384617,8609.189999999999,7951.889999999999,657.2999999999993,694.81,0,0,22.493374100550064,2.168508272942154,2.1208266835564626,5.579685571418973,41,15,26,36.58536585365854,4174.2699999999995,1924.95,2249.3199999999997,229.4,0,0,,,,,,,,0.023809523809523836
1b_narrow,47,0.326433196965404,True,84,13,75.0,36.0,21,17,3.2,19,38,1.5,3.6,1.0,0.015,0.5,22.40511958044999,1.3639318485646383,1.2320166805317911,11.9645599586011,109,33,76,30.275229357798164,8396.759999999998,6156.290000000001,2240.4699999999975,602.13,0,0,18.485150128000022,1.8202933280081657,2.042706298746302,7.251423981555676,50,17,33,34.0,4101.9400000000005,2253.45,1848.4900000000007,271.18,0,0,0.055455450384000064,0.20507333200204142,-0.0,0.03968253968253968,0.022405119580449995,0.018196592428231916,-0.014379837111859048,
1b_narrow,48,0.35449617092377894,True,86,13,76.0,29.0,21,17,3.4000000000000004,18,42,1.5,3.7,1.0,0.015,0.5,15.331272418049993,1.2105733733271802,0.8127787220299137,12.47794001901247,117,32,85,27.35042735042735,8814.329999999998,7281.12,1533.2099999999982,659.93,0,1,27.213460038500013,2.1519162553652618,2.6890209148622017,6.249243775207869,49,18,31,36.734693877551024,5083.7300000000005,2362.4199999999996,2721.310000000001,273.08,0,0,0.08164038011550004,0.25,-0.0,0.03888888888888889,0.015331272418049994,0.01052866866635901,-0.041893039165018964,
1b_narrow,49,0.24202077613553735,True,82,13,77.0,44.0,21,18,3.5,17,39,1.4000000000000001,3.8,1.0,0.015,0.5,12.00603685785005,1.1438780548604515,0.6226153751799172,11.809681473617363,136,35,101,25.735294117647058,9544.609999999999,8344.080000000002,1200.529999999997,735.22,0,0,19.253595773499892,1.608874257632393,1.9072048604150313,7.666657655795038,60,19,41,31.666666666666668,5087.55,3162.18,1925.3700000000003,317.47,0,0,0.057760787320499676,0.15221856440809822,-0.0,0.047619047619047616,0.01200603685785005,0.0071939027430225734,-0.03477756281298078,
1b_narrow,50,0.3280161489315167,True,86,13,76.0,34.0,19,16,3.4000000000000004,18,38,1.6,4.0,1.0,0.015,0.5,15.044130027549855,1.2186590700986875,0.7715766236817961,11.513413489518062,113,32,81,28.31858407079646,8384.74,6880.3,1504.4399999999996,607.8,0,1,24.30706724174999,1.902150797038247,2.230539698996041,7.773716854914446,49,17,32,34.69387755102041,5125.06,2694.35,2430.7100000000005,269.05,0,0,0.07292120172524998,0.22553769925956174,-0.0,0.03888888888888889,0.015044130027549854,0.010932953504934374,-0.03530872447466811,
1b_narrow,51,0.39427437319472214,True,82,12,76.0,33.0,21,18,3.4000000000000004,18,36,1.5,3.9,1.0,0.015,0.5,21.452506390949967,1.3021376441128167,1.0724613035572965,10.340032815285102,115,32,83,27.82608695652174,9245.619999999999,7100.340000000001,2145.279999999998,664.94,0,1,30.931195715200012,2.2853118026669543,2.901607234108904,4.771743560462518,53,19,34,35.84905660377358,5499.580000000001,2406.4900000000007,3093.09,307.32,0,0,0.09279358714560003,0.25,-0.0,0.04206349206349207,0.021452506390949967,0.015106882205640838,-0.02714209461096075,
1b_narrow,52,0.4278393457799083,True,81,12,76.0,31.0,21,17,3.4000000000000004,18,38,1.5,4.0,1.0,0.015,0.5,36.507022369199916,1.4599884583302882,1.5799263268223533,12.602307623920353,118,34,84,28.8135593220339,11587.14,7936.46,3650.6799999999994,751.56,0,0,30.46394827035005,2.24222184163955,2.756527754614646,6.224497488229605,51,18,33,35.294117647058826,5498.780000000001,2452.3800000000006,3046.4,288.1,0,0,0.09139184481105014,0.25,-0.0,0.04047619047619048,0.036507022369199914,0.02299942291651441,-0.013535134793046676,
1b_narrow,53,0.3393090255738921,True,72,13,76.0,30.0,21,17,3.4000000000000004,18,40,1.5,4.0,1.0,0.015,0.5,12.440930309849918,1.1553853032941064,0.6330346132909603,12.73743737906996,128,31,97,24.21875,9250.5,8006.420000000001,1244.079999999999,719.97,0,0,28.96692064815008,2.110855026000522,2.657194802910613,5.969194167264188,53,19,34,35.84905660377358,5504.35,2607.6399999999994,2896.710000000001,297.5,0,0,0.08690076194445023,0.25,-0.0,0.04206349206349207,0.01244093030984992,0.00776926516470532,-0.05986542390860545,
1b_narrow,54,0.3999829131145142,True,80,12,76.0,31.0,21,17,3.4000000000000004,18,38,1.6,3.8,1.0,0.015,0.5,23.007848651099994,1.3163772974667705,1.127975648438428,11.756783576658032,115,33,82,28.695652173913043,9572.88,7272.139999999999,2300.74,678.21,0,0,31.991941917750083,2.356451134195463,3.016841804526501,6.223915060964762,50,19,31,38.0,5557.69,2358.5,3199.1899999999996,282.21,0,0,0.09597582575325024,0.25,-0.0,0.03968253968253968,0.023007848651099994,0.015818864873338525,-0.02450216584571422,
1b_narrow,55,0.2816152953338448,True,81,13,75.0,41.0,21,16,3.5,17,39,1.5,3.9,1.0,0.015,0.5,27.226888639900043,1.2963174580371752,1.1711347221751265,13.907286136293228,140,39,101,27.857142857142858,11911.200000000003,9188.489999999998,2722.7100000000046,814.07,0,1,20.210434951250008,1.6140347146055947,1.8436348190025011,7.0796611380020815,60,19,41,31.666666666666668,5312.45,3291.41,2021.04,321.57,0,0,0.060631304853750026,0.15350867865139867,-0.0,0.047619047619047616,0.027226888639900044,0.014815872901858762,-0.02218649733211034,
1b_narrow,56,0.34754710004410855,True,79,12,76.0,28.0,21,18,3.3000000000000003,18,45,1.5,4.0,1.0,0.015,0.5,14.825421770099984,1.2250841837741657,0.7799732009256997,12.041511257541837,106,26,80,24.528301886792452,8069.36,6586.78,1482.58,588.22,0,0,23.743858058200022,2.1522984043172735,2.369629126005536,6.918601969290269,44,16,28,36.36363636363637,4434.9400000000005,2060.56,2374.3800000000006,242.62,0,0,0.07123157417460006,0.25,-0.0,0.03492063492063492,0.014825421770099984,0.011254209188708286,-0.034684740009934725,
1b_narrow,57,0.43193976821328833,True,83,13,74.0,36.0,21,17,3.4000000000000004,19,38,1.4000000000000001,3.9,1.0,0.015,0.5,31.07142566164981,1.3763573839871994,1.3488997613038989,10.861071148506625,121,34,87,28.09917355371901,11362.89,8255.769999999999,3107.120000000001,754.92,0,0,30.623349866799998,2.3100009838856637,2.812892283324096,4.893793556951156,52,19,33,36.53846153846154,5400.019999999999,2337.6699999999996,3062.349999999999,298.08,0,0,0.09187004960039999,0.25,-0.0,0.04126984126984127,0.03107142566164981,0.018817869199359974,-0.0010894175179627292,
1b_narrow,58,0.37806970027183756,True,84,13,74.0,39.0,20,17,3.4000000000000004,20,38,1.3,3.8,1.0,0.015,0.5,18.810349653399953,1.215374416351991,0.8864906236933026,13.54465402544541,135,35,100,25.925925925925927,10614.91,8733.859999999999,1881.050000000001,772.8100000000001,0,0,30.032562718800015,2.1944138432964926,2.838072700151042,5.116941560370463,54,20,34,37.03703703703704,5517.7,2514.43,3003.27,306.66,0,0,0.09009768815640004,0.25,-0.0,0.04285714285714286,0.018810349653399953,0.010768720817599553,-0.03446420121270482,
1b_narrow,59,0.30964739861806345,True,83,12,73.0,36.0,21,18,3.5,19,48,1.4000000000000001,4.0,1.0,0.015,0.5,19.39159162709993,1.242320639990403,0.9084328672302112,12.838155123918272,119,31,88,26.050420168067227,9941.82,8002.620000000001,1939.199999999999,681.99,0,0,18.468263543450032,1.743668006217233,1.9709111379661883,5.332792035428903,51,16,35,31.372549019607842,4330.26,2483.4199999999996,1846.8400000000006,276.05,0,0,0.055404790630350094,0.18591700155430824,-0.0,0.04047619047619048,0.01939159162709993,0.01211603199952015,-0.0036582076694054344,
1b_narrow,60,0.2916329930255768,True,87,11,74.0,37.0,21,15,3.4000000000000004,19,38,1.4000000000000001,3.9,1.0,0.015,0.5,9.848326126850061,1.1082814102838976,0.5117311503950142,11.869794070902582,144,36,108,25.0,10080.030000000002,9095.19,984.840000000002,781.16,0,0,21.840868613800012,1.9053781805218173,2.10991585493424,5.9023496236911654,52,19,33,36.53846153846154,4596.42,2412.3399999999997,2184.0800000000004,291.73,0,0,0.06552260584140003,0.22634454513045432,-0.0,0.04126984126984127,0.009848326126850063,0.00541407051419488,-0.05676639585716371,
1b_narrow,61,0.40883348788569646,True,81,13,74.0,32.0,21,17,3.4000000000000004,18,40,1.5,3.9,1.0,0.015,0.5,25.767862026849908,1.3262742446458553,1.1747114594951962,12.71041882381819,120,33,87,27.5,10474.41,7897.62,2576.79,725.49,0,0,28.265852884299946,2.1753134160793364,2.595192352797454,6.222955118110015,49,17,32,34.69387755102041,5231.5199999999995,2404.95,2826.5699999999997,275.09,0,0,0.08479755865289984,0.25,-0.0,0.03888888888888889,0.02576786202684991,0.016313712232292766,-0.0069345339152349595,
1b_narrow,62,0.41426284901187505,True,81,13,74.0,31.0,21,17,3.4000000000000004,18,40,1.5,4.0,1.0,0.015,0.5,26.91621239239994,1.3456681041678975,1.2104408380906189,12.602060595148071,118,32,86,27.11864406779661,10478.26,7786.66,2691.6000000000004,713.41,0,0,30.184653680700013,2.2656502888961567,2.741228771855522,6.224497488229605,48,17,31,35.416666666666664,5403.44,2384.94,3018.4999999999995,270.9,0,0,0.09055396104210003,0.25,-0.0,0.0380952380952381,0.02691621239239994,0.017283405208394876,-0.008585967726257897,
1b_narrow,63,0.35145182024093485,True,84,13,73.0,30.0,21,16,3.4000000000000004,17,44,1.4000000000000001,3.0,1.0,0.015,0.5,19.98083431339981,1.2340242615477777,1.0732423379586655,11.596992498000676,145,46,99,31.724137931034484,10535.84,8537.789999999999,1998.050000000001,824.14,0,1,22.376376912550004,1.8476706039231134,2.4912104070509598,6.760468808257418,62,24,38,38.70967741935484,4877.370000000001,2639.7400000000007,2237.63,345.39,0,0,0.06712913073765,0.21191765098077836,-0.0,0.049206349206349205,0.019980834313399812,0.011701213077388884,-0.008483358074631396,
1b_narrow,64,0.4248155619215985,True,83,13,74.0,31.0,21,17,3.4000000000000004,19,37,1.5,4.0,1.0,0.015,0.5,28.80202138374989,1.3773185963248307,1.3250462191094015,10.330648113106353,117,33,84,28.205128205128204,10513.609999999999,7633.389999999999,2880.2199999999993,703.84,0,1,33.32196557310002,2.4677334813307428,3.0123370634310183,4.894276315205729,48,18,30,37.5,5602.5199999999995,2270.3100000000004,3332.209999999999,277.88,0,0,0.09996589671930006,0.25,-0.0,0.0380952380952381,0.02880202138374989,0.018865929816241536,-0.01091352409293112,
1b_narrow,65,0.36451073313002597,True,91,13,74.0,31.0,20,18,3.5,20,36,1.6,4.0,1.0,0.015,0.5,16.848109030499856,1.2550269740068662,0.8705088636634544,11.980975378382965,109,30,79,27.522935779816514,8291.16,6606.359999999999,1684.800000000001,601.91,0,1,30.702477102400007,2.3506143295164104,2.8821128093906125,4.893432360270779,46,17,29,36.95652173913044,5343.44,2273.21,3070.2299999999996,263.7,0,0,0.09210743130720002,0.25,-0.0,0.03650793650793651,0.016848109030499856,0.012751348700343314,-0.04370409241595371,
1b_narrow,66,0.26525902681911245,True,77,11,74.0,29.0,21,16,3.3000000000000003,19,37,1.4000000000000001,4.0,1.0,0.015,0.5,5.771192743049942,1.0720273462801346,0.3463905160173991,15.341357508431273,135,30,105,22.22222222222222,8589.93,8012.79,577.1400000000003,709.17,0,0,22.176875458299982,1.9508967811922493,2.186806900522056,5.9031457911433245,50,18,32,36.0,4549.94,2332.23,2217.7099999999996,282.29,0,0,0.06653062637489994,0.23772419529806232,-0.0,0.03968253968253968,0.005771192743049942,0.0036013673140067315,-0.08805089459344614,
1b_narrow,67,-1.0068027210884354,False,85,13,74.0,30.0,21,17,3.4000000000000004,19,37,1.7000000000000002,4.0,1.0,0.015,0.5,13.765064575499911,1.2335985799210198,0.7618694506192992,11.576915381132096,94,26,68,27.659574468085108,7269.14,5892.630000000001,1376.5099999999993,507.07,0,1,36.48483828080005,2.7915893265765104,3.2864787856138844,4.894075416055807,43,18,25,41.86046511627907,5684.96,2036.46,3648.5,250.53,0,0,,,,,,,,0.04081632653061229
1b_narrow,68,0.3213903829088799,True,83,12,74.0,31.0,20,18,3.4000000000000004,19,42,1.5,3.4,1.0,0.015,0.5,27.833945533749922,1.3923787961875653,1.3446485864780786,10.388567469685924,116,37,79,31.896551724137932,9877.019999999999,7093.63,2783.3899999999985,673.22,0,1,18.942029553600005,1.8237729514399281,2.152444018093183,5.697604524091236,50,17,33,34.0,4193.62,2299.42,1894.1999999999998,273.69,0,0,0.05682608866080001,0.20594323785998203,-0.0,0.03968253968253968,0.02783394553374992,0.019618939809378268,-0.028514368637570026,
1b_narrow,69,0.37290998473356973,True,80,14,73.0,35.0,21,17,3.4000000000000004,19,37,1.5,4.0,1.0,0.015,0.5,18.021294606349876,1.2301880671135454,0.8951500679749274,13.378579453289987,123,32,91,26.016260162601625,9631.29,7829.12,1802.170000000001,704.35,0,0,30.47165354979996,2.2353995288928172,2.759594120094812,6.344435350203994,51,18,33,35.294117647058826,5513.679999999999,2466.5299999999997,3047.1499999999996,287.73,0,0,0.09141496064939987,0.25,-0.0,0.04047619047619048,0.018021294606349877,0.011509403355677274,-0.038511864354047756,
1b_narrow,70,-1.001700680272109,False,83,13,74.0,33.0,21,18,3.5,20,36,1.8,4.0,1.0,0.015,0.5,12.038496451499904,1.1825969834124086,0.6556247635395808,12.92721173185278,97,26,71,26.804123711340207,7796.720000000001,6592.880000000001,1203.8400000000001,541.07,0,1,29.292273573700022,2.2278170622828224,2.740767755332916,6.187017617819756,46,17,29,36.95652173913044,5314.969999999999,2385.7300000000005,2929.239999999999,262.52,0,0,,,,,,,,0.010204081632653073
1b_narrow,71,0.4195551857838386,True,81,13,74.0,32.0,21,17,3.4000000000000004,18,38,1.5,3.9,1.0,0.015,0.5,35.09619570384999,1.4363587082881073,1.5402803319867941,12.710808432746381,120,35,85,29.166666666666668,11552.589999999998,8042.97,3509.619999999998,763.21,0,0,28.89785693329997,2.185457603478689,2.6394383286661984,6.222955118110015,51,18,33,35.294117647058826,5327.490000000001,2437.7000000000003,2889.7900000000004,286.21,0,0,0.08669357079989991,0.25,-0.0,0.04047619047619048,0.035096195703849996,0.021817935414405368,-0.014528706610507156,
1b_narrow,72,0.4195551857838386,True,81,13,74.0,34.0,21,17,3.4000000000000004,18,38,1.5,3.9,1.0,0.015,0.5,35.09619570384999,1.4363587082881073,1.5402803319867941,12.710808432746381,120,35,85,29.166666666666668,11552.589999999998,8042.97,3509.619999999998,763.21,0,0,28.89785693329997,2.185457603478689,2.6394383286661984,6.222955118110015,51,18,33,35.294117647058826,5327.490000000001,2437.7000000000003,2889.7900000000004,286.21,0,0,0.08669357079989991,0.25,-0.0,0.04047619047619048,0.035096195703849996,0.021817935414405368,-0.014528706610507156,
1b_narrow,73,0.39390182940710766,True,81,13,74.0,34.0,21,17,3.4000000000000004,18,39,1.6,3.9,1.0,0.015,0.5,22.621478300449834,1.3233981415296638,1.117582122356527,11.587455416133583,111,32,79,28.82882882882883,9257.17,6995.000000000001,2262.169999999999,645.92,0,0,30.735875540299983,2.376285682301579,2.807106454985071,6.222955118110015,45,17,28,37.77777777777778,5306.84,2233.2499999999995,3073.5900000000006,253.06,0,0,0.09220762662089994,0.25,-0.0,0.03571428571428572,0.022621478300449836,0.016169907076483192,-0.022811468305011014,
1b_narrow,74,0.4245442112071001,True,79,13,74.0,31.0,21,17,3.4000000000000004,19,38,1.5,3.8,1.0,0.015,0.5,28.16862156219997,1.3588642073453499,1.285387542413932,12.862657959923366,121,34,87,28.09917355371901,10666.16,7849.319999999999,2816.840000000001,746.92,0,0,30.56564622159998,2.2139169320952843,2.8846909848115754,6.344016876165419,54,20,34,37.03703703703704,5574.51,2517.94,3056.57,302.58,0,0,0.09169693866479993,0.25,-0.0,0.04285714285714286,0.028168621562199972,0.017943210367267492,-0.006121702244310151,
1b_narrow,75,0.3599616077801031,True,78,13,74.0,33.0,21,16,3.4000000000000004,19,38,1.5,3.8,1.0,0.015,0.5,17.93360692204995,1.2102948729675154,0.8505361251185027,16.330161821031915,130,34,96,26.153846153846153,10321.08,8527.74,1793.3400000000001,759.82,0,0,27.809960329399964,1.9345760786646369,2.574696820176985,6.34387864231133,59,20,39,33.898305084745765,5756.66,2975.67,2780.99,331.63,0,0,0.08342988098819988,0.23364401966615922,-0.0,0.046825396825396826,0.01793360692204995,0.01051474364837577,-0.03238604027007851,
1b_narrow,76,0.3553044834216185,True,80,13,73.0,35.0,21,17,3.4000000000000004,19,37,1.4000000000000001,3.7,1.0,0.015,0.5,18.233663516299785,1.217010965102813,0.9047616142899338,14.346441478033062,134,36,98,26.865671641791046,10225.46,8402.110000000002,1823.3499999999967,786.42,0,0,24.035040549399962,1.9083343726261606,2.4478564674166035,5.526712852685631,60,22,38,36.666666666666664,5049.51,2646.03,2403.48,333.73,0,0,0.07210512164819989,0.22708359315654014,-0.0,0.047619047619047616,0.01823366351629979,0.010850548255140646,-0.020587490773609562,
1b_narrow,77,0.38386020505118307,True,79,13,74.0,32.0,21,18,3.4000000000000004,19,36,1.6,3.8,1.0,0.015,0.5,19.334497651799957,1.2838379419484784,0.9833004347777042,10.834646666644437,110,31,79,28.181818181818183,8745.35,6811.879999999999,1933.4700000000012,638.72,0,0,32.09057616605001,2.3158004797343006,3.133641413584381,4.8942739702820015,52,19,33,36.53846153846154,5647.89,2438.8500000000004,3209.04,299.93,0,0,0.09627172849815004,0.25,-0.0,0.04126984126984127,0.019334497651799957,0.014191897097423923,-0.03720775946603213,
1b_narrow,78,0.27870384547808497,True,83,12,74.0,36.0,21,17,3.3000000000000003,19,38,1.5,3.7,1.0,0.015,0.5,22.27171036679991,1.320987956808237,1.152803599432996,9.649762132127702,114,33,81,28.94736842105263,9165.49,6938.360000000001,2227.129999999999,656.15,0,0,16.338489066099974,1.6894169869996158,1.886618286995597,7.387561886325038,53,17,36,32.075471698113205,4003.8,2369.9300000000003,1633.87,288.32,0,0,0.04901546719829992,0.17235424674990396,-0.0,0.04206349206349207,0.02227171036679991,0.01604939784041185,-0.023050468740822724,
1b_narrow,79,0.28370045858053067,True,81,13,73.0,32.0,21,18,3.4000000000000004,19,37,1.3,3.9,1.0,0.015,0.5,5.720973355549741,1.0677201757926469,0.33805067148171764,16.600031705621713,137,32,105,23.357664233576642,9020.73,8448.59,572.1399999999994,739.39,0,0,25.8645075236499,1.9896954159332672,2.650583783681648,4.893793556951156,57,19,38,33.333333333333336,5199.87,2613.3999999999996,2586.4700000000003,326.69,0,0,0.07759352257094969,0.2474238539833168,-0.0,0.045238095238095244,0.0057209733555497405,0.0033860087896323446,-0.09566199535701314,
1b_narrow,80,0.3349636418674169,True,82,14,74.0,34.0,21,16,3.4000000000000004,20,39,1.4000000000000001,3.6,1.0,0.015,0.5,28.74930524689986,1.3095191442265872,1.2717219229952306,14.74667446364952,138,40,98,28.985507246376812,12163.39,9288.439999999999,2874.9500000000007,828.62,0,1,22.101879814999993,1.8015616556596419,2.072709642339313,5.871737970989241,55,19,36,34.54545454545455,4967.5,2757.33,2210.17,304.4,0,0,0.06630563944499997,0.20039041391491047,-0.0,0.043650793650793655,0.02874930524689986,0.015475957211329362,-0.01960846760151643,
1b_narrow,81,0.4261787165744679,True,79,13,74.0,31.0,21,17,3.4000000000000004,18,38,1.5,3.9,1.0,0.015,0.5,33.087230455499885,1.404142375373912,1.465840725944409,12.71107944824995,124,35,89,28.225806451612904,11495.84,8187.09,3308.75,784.5,0,0,29.810037240449965,2.2254047988029715,2.7070332938220063,6.223518167946436,52,19,33,36.53846153846154,5413.719999999999,2432.6899999999996,2981.0299999999997,291.46999999999997,0,0,0.08943011172134989,0.25,-0.0,0.04126984126984127,0.03308723045549988,0.0202071187686956,-0.007815585640918743,
1b_narrow,82,0.3972012607351445,True,77,13,74.0,31.0,21,17,3.4000000000000004,18,38,1.5,3.8,1.0,0.015,0.5,22.237351534349873,1.271277043470835,1.0635046560137826,14.436591272435006,126,33,93,26.19047619047619,10421.23,8197.450000000003,2223.779999999997,765.17,0,0,31.35110538045003,2.279261928175916,2.9364576238595124,6.2233080433861225,54,21,33,38.888888888888886,5585.8099999999995,2450.71,3135.0999999999995,305.05,0,0,0.09405331614135008,0.25,-0.0,0.04285714285714286,0.022237351534349872,0.013563852173541746,-0.02551040197124004,
1b_narrow,83,0.3904428368466653,True,80,13,74.0,30.0,21,17,3.4000000000000004,18,37,1.5,3.9,1.0,0.015,0.5,21.440030651149865,1.2654404673027948,1.048458994726904,13.44762842609106,126,34,92,26.984126984126984,10220.95,8076.99,2143.960000000001,745.79,0,0,30.367632221949936,2.2679106004367267,2.750693432572801,6.223518167946436,51,19,32,37.254901960784316,5431.85,2395.09,3036.76,287.17,0,0,0.09110289666584981,0.25,-0.0,0.04047619047619048,0.02144003065114987,0.01327202336513974,-0.025848304311664582,
1b_narrow,84,0.42803509409859636,True,78,13,74.0,30.0,21,17,3.4000000000000004,18,39,1.5,3.8,1.0,0.015,0.5,29.20837539745,1.3677228560421602,1.3370571975487524,12.816256671859216,126,35,91,27.77777777777778,10863.85,7943.02,2920.83,777.62,0,0,32.01815533495,2.322918517355501,2.988802157224739,6.2233080433861225,52,20,32,38.46153846153846,5622.089999999999,2420.27,3201.8199999999993,295.51,0,0,0.09605446600485001,0.25,-0.0,0.04126984126984127,0.029208375397449998,0.01838614280210801,-0.006883731375652935,
1b_narrow,85,0.3952774464138569,True,76,13,74.0,30.0,21,17,3.4000000000000004,18,39,1.5,3.8,1.0,0.015,0.5,22.03777693909993,1.287356636572734,1.07427813177527,13.269245347047773,125,33,92,26.4,9873.15,7669.319999999999,2203.830000000001,739.37,0,0,30.920632176149994,2.288159742039769,2.9077069306836982,6.2233080433861225,52,20,32,38.46153846153846,5492.43,2400.37,3092.0600000000004,293.92,0,0,0.09276189652844997,0.25,-0.0,0.04126984126984127,0.022037776939099932,0.014367831828636702,-0.025159900152170976,
1b_narrow,86,0.37896987547903566,True,75,13,74.0,29.0,21,16,3.4000000000000004,18,39,1.5,3.7,1.0,0.015,0.5,20.114628009899988,1.2350433592713816,0.9830814505417259,15.954444534323677,137,36,101,26.277372262773724,10568.97,8557.570000000002,2011.3999999999978,803.71,0,0,27.686327456300003,1.9575659476154406,2.671815125680676,6.963638641470417,61,23,38,37.704918032786885,5659.929999999999,2891.31,2768.6199999999994,347.44,0,0,0.08305898236890001,0.23939148690386014,-0.0,0.048412698412698414,0.02011462800989999,0.011752167963569083,-0.023760088179891992,
1b_narrow,87,0.3388033293135845,True,78,13,75.0,29.0,21,18,3.4000000000000004,17,37,1.4000000000000001,3.8,1.0,0.015,0.5,11.014990173050009,1.1422705844365517,0.6052946602197496,12.728433456089702,131,32,99,24.427480916030536,8844.03,7742.499999999999,1101.5300000000016,722.6,0,0,32.82351227329998,2.277091042087365,3.1511086485062165,4.7344067199501785,59,23,36,38.983050847457626,5852.419999999999,2570.1299999999997,3282.2899999999995,341.96,0,0,0.09847053681989994,0.25,-0.0,0.046825396825396826,0.011014990173050009,0.007113529221827586,-0.07462112372658988,
1b_narrow,88,0.3306360260274141,True,78,12,74.0,31.0,21,17,3.4000000000000004,16,38,1.5,3.7,1.0,0.015,0.5,10.978878059849885,1.141501080706964,0.6372436860225924,13.91697180141342,131,34,97,25.954198473282442,8856.689999999999,7758.8099999999995,1097.8799999999992,727.76,0,0,26.443953702249928,2.066626599816876,2.67493085568479,6.234906813152541,57,22,35,38.59649122807018,5123.560000000001,2479.19,2644.3700000000013,319.18,0,0,0.07933186110674978,0.25,-0.0,0.045238095238095244,0.010978878059849886,0.007075054035348205,-0.06198786241262902,
1b_narrow,89,0.36627041448316777,True,79,13,75.0,32.0,21,17,3.4000000000000004,18,36,1.5,3.9,1.0,0.015,0.5,16.71583025479993,1.2103712522700643,0.852398266676919,12.553382356093584,126,33,93,26.19047619047619,9617.380000000001,7945.810000000001,1671.5699999999997,724.92,0,0,28.064194383649955,2.0973668981481475,2.5646462546500075,6.223518167946436,54,19,35,35.18518518518518,5363.889999999999,2557.4400000000005,2806.449999999999,303.91,0,0,0.08419258315094987,0.25,-0.0,0.04285714285714286,0.01671583025479993,0.010518562613503214,-0.03801370439322808,
1b_narrow,90,-1.0085034013605443,False,80,13,74.0,30.0,21,19,3.3000000000000003,18,39,1.6,3.8,1.0,0.015,0.5,18.265520383850017,1.3305506039904085,0.9818531432847484,9.053847250068662,93,27,66,29.032258064516128,7352.289999999999,5525.75,1826.539999999999,514.95,0,0,20.836761412950036,2.0227658718082124,2.342016114911334,6.598404764981121,44,15,29,34.09090909090909,4120.9,2037.2600000000002,2083.6399999999994,241.41,0,0,,,,,,,,0.05102040816326525
1b_narrow,91,0.4261787165744679,True,79,13,74.0,31.0,21,17,3.4000000000000004,18,38,1.5,3.9,1.0,0.015,0.5,33.087230455499885,1.404142375373912,1.465840725944409,12.71107944824995,124,35,89,28.225806451612904,11495.84,8187.09,3308.75,784.5,0,0,29.810037240449965,2.2254047988029715,2.7070332938220063,6.223518167946436,52,19,33,36.53846153846154,5413.719999999999,2432.6899999999996,2981.0299999999997,291.46999999999997,0,0,0.08943011172134989,0.25,-0.0,0.04126984126984127,0.03308723045549988,0.0202071187686956,-0.007815585640918743,
1b_narrow,92,0.4261787165744679,True,79,13,74.0,31.0,21,17,3.4000000000000004,18,38,1.5,3.9,1.0,0.015,0.5,33.087230455499885,1.404142375373912,1.465840725944409,12.71107944824995,124,35,89,28.225806451612904,11495.84,8187.09,3308.75,784.5,0,0,29.810037240449965,2.2254047988029715,2.7070332938220063,6.223518167946436,52,19,33,36.53846153846154,5413.719999999999,2432.6899999999996,2981.0299999999997,291.46999999999997,0,0,0.08943011172134989,0.25,-0.0,0.04126984126984127,0.03308723045549988,0.0202071187686956,-0.007815585640918743,
1b_narrow,93,0.38908554820470725,True,79,13,74.0,31.0,21,17,3.4000000000000004,18,37,1.5,3.9,1.0,0.015,0.5,21.17430039359999,1.2617414156697246,1.0373404077511077,13.642812984311533,127,34,93,26.771653543307085,10207.16,8089.740000000001,2117.419999999999,750.7,0,0,30.367632221949936,2.2679106004367267,2.750693432572801,6.223518167946436,51,19,32,37.254901960784316,5431.85,2395.09,3036.76,287.17,0,0,0.09110289666584981,0.25,-0.0,0.04047619047619048,0.02117430039359999,0.013087070783486233,-0.02675491011441925,
1b_narrow,94,0.43512438319372343,True,77,13,74.0,28.0,21,17,3.4000000000000004,18,39,1.5,4.0,1.0,0.015,0.5,31.417077068449856,1.3943849562521187,1.4072259082999472,13.056630793022794,123,33,90,26.829268292682926,11107.810000000001,7966.099999999999,3141.710000000002,768.25,0,0,31.50519080404998,2.3353678178458193,2.8412129510101103,6.224081454457023,50,19,31,38.0,5509.88,2359.3200000000006,3150.5599999999995,283.93,0,0,0.09451557241214995,0.25,-0.0,0.03968253968253968,0.03141707706844986,0.019719247812605936,-0.00021005378202197984,
1b_narrow,95,0.40979365917903754,True,77,13,74.0,28.0,21,17,3.4000000000000004,19,39,1.5,3.8,1.0,0.015,0.5,25.414292241649967,1.3281733226414194,1.1891538722305335,13.314560707319561,122,33,89,27.049180327868854,10285.6,7744.17,2541.4300000000003,743.09,0,0,29.818221831099983,2.2345138239117652,2.834457680958071,6.342888040079275,51,19,32,37.254901960784316,5397.2,2415.38,2981.8199999999997,286.24,0,0,0.08945466549329995,0.25,-0.0,0.04047619047619048,0.02541429224164997,0.01640866613207097,-0.0119601551641738,
1b_narrow,96,0.35624298993791575,True,77,13,74.0,30.0,21,16,3.4000000000000004,18,40,1.4000000000000001,3.9,1.0,0.015,0.5,16.27952463069978,1.1642071371075928,0.7522729615582484,19.043118665738138,145,35,110,24.137931034482758,11541.74,9913.820000000003,1627.9199999999964,852.48,0,0,25.81359745964999,1.9848950205838254,2.2438825880109,5.868614766642753,53,19,34,35.84905660377358,5202.39,2620.99,2581.4000000000005,297.97,0,0,0.07744079237894996,0.24622375514595635,-0.0,0.04206349206349207,0.01627952463069978,0.008210356855379642,-0.03397493113656204,
1b_narrow,97,0.24213533759035194,True,76,12,74.0,28.0,21,15,3.4000000000000004,18,39,1.5,4.0,1.0,0.015,0.5,7.0963483776998695,1.0858279449721933,0.39531752705674744,18.915455984272437,139,32,107,23.02158273381295,8977.43,8267.820000000002,709.6099999999988,731.71,0,0,24.193613501250038,1.7668644567429308,2.2948807358179564,7.559136668799359,61,21,40,34.42622950819672,5574.210000000002,3154.8599999999997,2419.350000000002,344.74,0,0,0.07258084050375012,0.1917161141857327,-0.0,0.048412698412698414,0.00709634837769987,0.004291397248609663,-0.08196206113813882,
1b_narrow,98,0.25388146725016275,True,79,13,74.0,29.0,21,14,3.4000000000000004,18,38,1.4000000000000001,3.6,1.0,0.015,0.5,13.334183139649758,1.125679902959198,0.6474055724562601,18.70587586856642,165,44,121,26.666666666666668,11943.43,10609.97,1333.460000000001,925.53,0,1,21.020081173799955,1.6095232019671584,1.900411696972195,7.2900838795234,66,23,43,34.84848484848485,5550.650000000001,3448.6299999999997,2102.020000000001,354.42,0,0,0.06306024352139986,0.1523808004917896,-0.0,0.05238095238095239,0.013334183139649758,0.006283995147959898,-0.033558707431588765,
1b_narrow,99,0.24592594834126566,True,75,13,73.0,30.0,21,17,3.5,18,37,1.5,3.8,1.0,0.015,0.5,7.099288868499971,1.0840295055500446,0.4153547980760482,17.451871595727532,144,35,109,24.305555555555557,9158.509999999998,8448.580000000002,709.9299999999967,761.26,0,0,22.628656552949977,1.7930849572409933,2.261417946974076,5.674095228260652,59,21,38,35.59322033898305,5116.030000000001,2853.1999999999994,2262.8300000000013,327.13,0,0,0.06788596965884992,0.19827123931024832,-0.0,0.046825396825396826,0.007099288868499972,0.004201475277502232,-0.07835742159923162,
1b_narrow,100,0.3789231163642185,True,78,12,75.0,29.0,21,17,3.4000000000000004,19,40,1.5,3.9,1.0,0.015,0.5,19.343912225899896,1.2480228944210237,0.9383434028482636,12.753110918476892,124,32,92,25.806451612903224,9733.68,7799.28,1934.4000000000005,724.3,0,0,29.81708851195004,2.2486442573042607,2.737786956296958,6.34368715185611,50,18,32,36.0,5369.740000000001,2387.99,2981.750000000001,282.17,0,0,0.08945126553585012,0.25,-0.0,0.03968253968253968,0.019343912225899897,0.012401144721051183,-0.031955745801122364,
1b_narrow,101,0.4148016279955324,True,77,13,74.0,31.0,21,17,3.4000000000000004,18,38,1.5,4.0,1.0,0.015,0.5,26.262238048299896,1.3198898863539472,1.2103714277209883,14.227374341000226,124,32,92,25.806451612903224,10835.900000000001,8209.7,2626.2000000000007,764.46,0,0,32.06938613360002,2.3345901270943092,2.8788312634439492,6.224081454457023,52,20,32,38.46153846153846,5609.879999999999,2402.94,3206.939999999999,295.26,0,0,0.09620815840080006,0.25,-0.0,0.04126984126984127,0.0262622380482999,0.015994494317697363,-0.014933104041106215,
1b_narrow,102,0.4377019163619934,True,83,13,74.0,31.0,21,17,3.4000000000000004,18,38,1.5,4.0,1.0,0.015,0.5,45.029285525499816,1.5710128129692003,1.863577190103531,10.331100851553497,116,35,81,30.17241379310345,12388.630000000001,7885.76,4502.870000000001,762.3100000000001,0,1,32.876998653799966,2.438673032237737,2.962059038793728,4.7723165348191365,49,18,31,36.734693877551024,5572.88,2285.2100000000005,3287.6699999999996,282.83,0,0,0.09863099596139989,0.25,-0.0,0.03888888888888889,0.04502928552549982,0.028550640648460014,-0.023397894662255236,
1b_narrow,103,0.4406510646519147,True,78,13,74.0,31.0,21,17,3.4000000000000004,18,39,1.5,4.0,1.0,0.015,0.5,33.650739951699904,1.4231369417741255,1.48736500326987,12.603723158505971,124,34,90,27.419354838709676,11317.71,7952.65,3365.0599999999995,777.46,0,0,32.73973902680004,2.380110105974893,2.9305272369978828,6.224081454457023,50,19,31,38.0,5646.24,2372.26,3273.9799999999996,285.59,0,0,0.0982192170804001,0.25,-0.0,0.03968253968253968,0.033650739951699905,0.021156847088706278,-0.002058279151431233,
1b_narrow,104,0.4406510646519147,True,78,13,74.0,31.0,21,17,3.4000000000000004,18,39,1.5,4.0,1.0,0.015,0.5,33.650739951699904,1.4231369417741255,1.48736500326987,12.603723158505971,124,34,90,27.419354838709676,11317.71,7952.65,3365.0599999999995,777.46,0,0,32.73973902680004,2.380110105974893,2.9305272369978828,6.224081454457023,50,19,31,38.0,5646.24,2372.26,3273.9799999999996,285.59,0,0,0.0982192170804001,0.25,-0.0,0.03968253968253968,0.033650739951699905,0.021156847088706278,-0.002058279151431233,
1b_narrow,105,0.4406510646519147,True,78,13,74.0,28.0,21,17,3.4000000000000004,18,39,1.5,4.0,1.0,0.015,0.5,33.650739951699904,1.4231369417741255,1.48736500326987,12.603723158505971,124,34,90,27.419354838709676,11317.71,7952.65,3365.0599999999995,777.46,0,0,32.73973902680004,2.380110105974893,2.9305272369978828,6.224081454457023,50,19,31,38.0,5646.24,2372.26,3273.9799999999996,285.59,0,0,0.0982192170804001,0.25,-0.0,0.03968253968253968,0.033650739951699905,0.021156847088706278,-0.002058279151431233,
1b_narrow,106,0.40152986799854046,True,78,13,74.0,28.0,21,17,3.4000000000000004,18,41,1.5,4.0,1.0,0.015,0.5,23.513585448299928,1.2970553827572875,1.08737745225658,12.600592613229772,124,32,92,25.806451612903224,10266.79,7915.460000000001,2351.33,741.49,0,0,32.56084897340003,2.3736152476734476,2.9333093868149116,6.224081454457023,50,19,31,38.0,5626.5599999999995,2370.4599999999996,3256.1,283.31,0,0,0.09768254692020008,0.25,-0.0,0.03968253968253968,0.02351358544829993,0.014852769137864374,-0.02420157319036359,
1b_narrow,107,0.3172820676988761,True,75,13,74.0,28.0,21,17,3.4000000000000004,18,50,1.6,4.0,1.0,0.015,0.5,10.208157821299956,1.1529522810697435,0.5690776000770749,15.11503540669929,112,26,86,23.214285714285715,7695.380000000001,6674.499999999999,1020.8800000000019,595.21,0,0,26.488262585949997,2.244097298871359,2.4979229517381656,6.224153565858727,46,18,28,39.130434782608695,4777.929999999999,2129.11,2648.8199999999993,253.1,0,0,0.07946478775784999,0.25,-0.0,0.03650793650793651,0.010208157821299956,0.0076476140534871735,-0.06654642844169747,
1b_narrow,108,0.41230947684996605,True,76,13,74.0,29.0,21,17,3.4000000000000004,18,39,1.5,4.0,1.0,0.015,0.5,25.879057737899892,1.3377917472135457,1.214348721474116,13.054573587711756,123,32,91,26.016260162601625,10249.05,7661.169999999999,2587.88,737.21,0,0,31.58140686249997,2.3426908491063383,2.847146284053924,6.224081454457023,50,19,31,38.0,5510.29,2352.12,3158.17,283.96,0,0,0.09474422058749991,0.25,-0.0,0.03968253968253968,0.02587905773789989,0.016889587360677284,-0.01488592851865071,
1b_narrow,109,0.4406510646519147,True,78,13,74.0,30.0,21,17,3.4000000000000004,18,39,1.5,4.0,1.0,0.015,0.5,33.650739951699904,1.4231369417741255,1.48736500326987,12.603723158505971,124,34,90,27.419354838709676,11317.71,7952.65,3365.0599999999995,777.46,0,0,32.73973902680004,2.380110105974893,2.9305272369978828,6.224081454457023,50,19,31,38.0,5646.24,2372.26,3273.9799999999996,285.59,0,0,0.0982192170804001,0.25,-0.0,0.03968253968253968,0.033650739951699905,0.021156847088706278,-0.002058279151431233,
1b_narrow,110,0.3232459781207971,True,78,13,74.0,28.0,21,16,3.4000000000000004,17,40,1.5,4.0,1.0,0.015,0.5,9.220970624099792,1.1160473814833647,0.49083590235651026,14.72470058480129,130,32,98,24.615384615384617,8867.8,7945.719999999999,922.0799999999999,699.14,0,0,31.90917081244994,2.1504584311307733,2.79461585980019,6.223188986184405,57,21,36,36.8421052631579,5964.490000000001,2773.5899999999997,3190.900000000001,325.02,0,0,0.09572751243734981,0.25,-0.0,0.045238095238095244,0.009220970624099793,0.005802369074168235,-0.08274296925291602,
1b_narrow,111,0.43512438319372343,True,77,13,74.0,30.0,21,17,3.4000000000000004,18,39,1.5,4.0,1.0,0.015,0.5,31.417077068449856,1.3943849562521187,1.4072259082999472,13.056630793022794,123,33,90,26.829268292682926,11107.810000000001,7966.099999999999,3141.710000000002,768.25,0,0,31.50519080404998,2.3353678178458193,2.8412129510101103,6.224081454457023,50,19,31,38.0,5509.88,2359.3200000000006,3150.5599999999995,283.93,0,0,0.09451557241214995,0.25,-0.0,0.03968253968253968,0.03141707706844986,0.019719247812605936,-0.00021005378202197984,
1b_narrow,112,0.43512438319372343,True,77,13,74.0,30.0,21,17,3.4000000000000004,18,39,1.5,4.0,1.0,0.015,0.5,31.417077068449856,1.3943849562521187,1.4072259082999472,13.056630793022794,123,33,90,26.829268292682926,11107.810000000001,7966.099999999999,3141.710000000002,768.25,0,0,31.50519080404998,2.3353678178458193,2.8412129510101103,6.224081454457023,50,19,31,38.0,5509.88,2359.3200000000006,3150.5599999999995,283.93,0,0,0.09451557241214995,0.25,-0.0,0.03968253968253968,0.03141707706844986,0.019719247812605936,-0.00021005378202197984,
1b_narrow,113,0.43512438319372343,True,77,13,74.0,30.0,21,17,3.4000000000000004,18,39,1.5,4.0,1.0,0.015,0.5,31.417077068449856,1.3943849562521187,1.4072259082999472,13.056630793022794,123,33,90,26.829268292682926,11107.810000000001,7966.099999999999,3141.710000000002,768.25,0,0,31.50519080404998,2.3353678178458193,2.8412129510101103,6.224081454457023,50,19,31,38.0,5509.88,2359.3200000000006,3150.5599999999995,283.93,0,0,0.09451557241214995,0.25,-0.0,0.03968253968253968,0.03141707706844986,0.019719247812605936,-0.00021005378202197984,
1b_narrow,114,0.43512438319372343,True,77,13,74.0,30.0,21,17,3.4000000000000004,18,39,1.5,4.0,1.0,0.015,0.5,31.417077068449856,1.3943849562521187,1.4072259082999472,13.056630793022794,123,33,90,26.829268292682926,11107.810000000001,7966.099999999999,3141.710000000002,768.25,0,0,31.50519080404998,2.3353678178458193,2.8412129510101103,6.224081454457023,50,19,31,38.0,5509.88,2359.3200000000006,3150.5599999999995,283.93,0,0,0.09451557241214995,0.25,-0.0,0.03968253968253968,0.03141707706844986,0.019719247812605936,-0.00021005378202197984,
1b_narrow,115,0.36102897310300386,True,76,13,74.0,29.0,21,17,3.4000000000000004,18,40,1.5,4.0,1.0,0.015,0.5,15.857567598099887,1.2074934477475037,0.7915778346504545,13.05320077181354,124,30,94,24.193548387096776,9228.16,7642.41,1585.75,706.23,0,0,30.74972018200004,2.270529903935544,2.7816729168769636,6.224081454457023,51,19,32,37.254901960784316,5495.25,2420.25,3075.0,288.94,0,0,0.09224916054600012,0.25,-0.0,0.04047619047619048,0.01585756759809989,0.010374672387375184,-0.04792861790466182,
1b_narrow,116,0.43512438319372343,True,77,13,74.0,30.0,21,17,3.4000000000000004,18,39,1.5,4.0,1.0,0.015,0.5,31.417077068449856,1.3943849562521187,1.4072259082999472,13.056630793022794,123,33,90,26.829268292682926,11107.810000000001,7966.099999999999,3141.710000000002,768.25,0,0,31.50519080404998,2.3353678178458193,2.8412129510101103,6.224081454457023,50,19,31,38.0,5509.88,2359.3200000000006,3150.5599999999995,283.93,0,0,0.09451557241214995,0.25,-0.0,0.03968253968253968,0.03141707706844986,0.019719247812605936,-0.00021005378202197984,
1b_narrow,117,0.3884177435090559,True,77,13,74.0,30.0,21,17,3.4000000000000004,18,40,1.5,4.0,1.0,0.015,0.5,20.95872741284995,1.263693860424973,0.9884257468598309,13.05538871260421,124,31,93,25.0,10044.18,7948.27,2095.91,736.11,0,0,30.674472052300022,2.2636593956621147,2.7757759182739337,6.224081454457023,51,19,32,37.254901960784316,5494.92,2427.45,3067.4700000000003,288.9,0,0,0.09202341615690006,0.25,-0.0,0.04047619047619048,0.020958727412849952,0.013184693021248651,-0.028225283558133227,
1b_narrow,118,0.43512438319372343,True,77,13,74.0,29.0,21,17,3.4000000000000004,18,39,1.5,4.0,1.0,0.015,0.5,31.417077068449856,1.3943849562521187,1.4072259082999472,13.056630793022794,123,33,90,26.829268292682926,11107.810000000001,7966.099999999999,3141.710000000002,768.25,0,0,31.50519080404998,2.3353678178458193,2.8412129510101103,6.224081454457023,50,19,31,38.0,5509.88,2359.3200000000006,3150.5599999999995,283.93,0,0,0.09451557241214995,0.25,-0.0,0.03968253968253968,0.03141707706844986,0.019719247812605936,-0.00021005378202197984,
1b_narrow,119,0.43146761079231843,True,74,13,74.0,29.0,21,17,3.4000000000000004,18,39,1.5,4.0,1.0,0.015,0.5,29.745995323799836,1.3868130753495822,1.343046280448175,10.107759049802334,121,33,88,27.272727272727273,10664.44,7689.890000000001,2974.5499999999993,740.06,0,0,33.89356422320006,2.468499382595698,3.0605136599638727,4.637023954066205,51,20,31,39.21568627450981,5697.419999999999,2308.0499999999997,3389.3699999999994,292.52,0,0,0.10168069266960017,0.25,-0.0,0.04047619047619048,0.029745995323799835,0.01934065376747911,-0.009775921444751142,
1b_narrow,120,0.3884177435090559,True,77,13,74.0,28.0,21,17,3.4000000000000004,18,40,1.5,4.0,1.0,0.015,0.5,20.95872741284995,1.263693860424973,0.9884257468598309,13.05538871260421,124,31,93,25.0,10044.18,7948.27,2095.91,736.11,0,0,30.674472052300022,2.2636593956621147,2.7757759182739337,6.224081454457023,51,19,32,37.254901960784316,5494.92,2427.45,3067.4700000000003,288.9,0,0,0.09202341615690006,0.25,-0.0,0.04047619047619048,0.020958727412849952,0.013184693021248651,-0.028225283558133227,
1b_narrow,121,0.41230947684996605,True,76,13,74.0,30.0,21,17,3.4000000000000004,18,39,1.5,4.0,1.0,0.015,0.5,25.879057737899892,1.3377917472135457,1.214348721474116,13.054573587711756,123,32,91,26.016260162601625,10249.05,7661.169999999999,2587.88,737.21,0,0,31.58140686249997,2.3426908491063383,2.847146284053924,6.224081454457023,50,19,31,38.0,5510.29,2352.12,3158.17,283.96,0,0,0.09474422058749991,0.25,-0.0,0.03968253968253968,0.02587905773789989,0.016889587360677284,-0.01488592851865071,
1b_narrow,122,0.43512438319372343,True,77,13,74.0,29.0,21,17,3.4000000000000004,18,39,1.5,4.0,1.0,0.015,0.5,31.417077068449856,1.3943849562521187,1.4072259082999472,13.056630793022794,123,33,90,26.829268292682926,11107.810000000001,7966.099999999999,3141.710000000002,768.25,0,0,31.50519080404998,2.3353678178458193,2.8412129510101103,6.224081454457023,50,19,31,38.0,5509.88,2359.3200000000006,3150.5599999999995,283.93,0,0,0.09451557241214995,0.25,-0.0,0.03968253968253968,0.03141707706844986,0.019719247812605936,-0.00021005378202197984,
1b_narrow,123,0.43512438319372343,True,77,13,74.0,29.0,21,17,3.4000000000000004,18,39,1.5,4.0,1.0,0.015,0.5,31.417077068449856,1.3943849562521187,1.4072259082999472,13.056630793022794,123,33,90,26.829268292682926,11107.810000000001,7966.099999999999,3141.710000000002,768.25,0,0,31.50519080404998,2.3353678178458193,2.8412129510101103,6.224081454457023,50,19,31,38.0,5509.88,2359.3200000000006,3150.5599999999995,283.93,0,0,0.09451557241214995,0.25,-0.0,0.03968253968253968,0.03141707706844986,0.019719247812605936,-0.00021005378202197984,
1b_narrow,124,0.4197248319861005,True,75,13,74.0,29.0,21,17,3.4000000000000004,18,39,1.5,4.0,1.0,0.015,0.5,26.525697444299894,1.3487787431889424,1.2400241119737938,13.054573587711756,122,32,90,26.229508196721312,10257.84,7605.28,2652.5600000000004,731.72,0,0,36.01345972799998,2.569133037636049,3.218115102264252,4.637244078498921,51,21,30,41.1764705882353,5896.5199999999995,2295.1399999999994,3601.38,296.29,0,0,0.10804037918399993,0.25,-0.0,0.04047619047619048,0.026525697444299896,0.01743893715944712,-0.022756372277836952,
1b_narrow,125,0.28235731611778214,True,76,13,74.0,30.0,21,17,3.2,18,40,1.5,4.0,1.0,0.015,0.5,6.487987315149948,1.0976819397268194,0.3984256184911484,13.391572924669331,118,27,91,22.88135593220339,7290.54,6641.76,648.7799999999997,610.75,0,0,23.33620992255004,2.135973986146065,2.3317331615932866,6.918487438882972,45,16,29,35.55555555555556,4387.91,2054.29,2333.62,251.33,0,0,0.07000862976765013,0.25,-0.0,0.03571428571428572,0.006487987315149948,0.004884096986340969,-0.08473768366564463,
1b_narrow,126,0.3884177435090559,True,77,13,74.0,28.0,21,17,3.4000000000000004,18,40,1.5,4.0,1.0,0.015,0.5,20.95872741284995,1.263693860424973,0.9884257468598309,13.05538871260421,124,31,93,25.0,10044.18,7948.27,2095.91,736.11,0,0,30.674472052300022,2.2636593956621147,2.7757759182739337,6.224081454457023,51,19,32,37.254901960784316,5494.92,2427.45,3067.4700000000003,288.9,0,0,0.09202341615690006,0.25,-0.0,0.04047619047619048,0.020958727412849952,0.013184693021248651,-0.028225283558133227,
1b_narrow,127,0.39088648060429343,True,77,13,74.0,30.0,21,17,3.4000000000000004,18,41,1.5,4.0,1.0,0.015,0.5,21.449063916599826,1.2705419668624247,1.007897816972455,13.053631744925434,123,31,92,25.203252032520325,10073.060000000001,7928.160000000001,2144.9000000000005,732.7,0,0,30.609877752700015,2.266962744667905,2.785617611211506,6.224081454457023,51,19,32,37.254901960784316,5477.049999999999,2416.03,3061.019999999999,286.8,0,0,0.09182963325810005,0.25,-0.0,0.04047619047619048,0.021449063916599828,0.013527098343121236,-0.02639550538971818,
1b_narrow,128,0.4293539710103986,True,78,13,74.0,29.0,21,16,3.4000000000000004,18,39,1.5,4.0,1.0,0.015,0.5,29.138105020550007,1.3494101310207052,1.2571248803717967,14.883499964855574,128,35,93,27.34375,11252.92,8339.139999999998,2913.7800000000025,778.61,0,0,30.90496750035001,2.1016372171941664,2.712040606016827,6.224486117038708,56,20,36,35.714285714285715,5895.869999999999,2805.3700000000003,3090.4999999999986,320.3,0,0,0.09271490250105004,0.25,-0.0,0.044444444444444446,0.02913810502055001,0.01747050655103526,-0.0044139875066811106,
1b_narrow,129,0.4406510646519147,True,78,13,74.0,29.0,21,17,3.4000000000000004,18,39,1.5,4.0,1.0,0.015,0.5,33.650739951699904,1.4231369417741255,1.48736500326987,12.603723158505971,124,34,90,27.419354838709676,11317.71,7952.65,3365.0599999999995,777.46,0,0,32.73973902680004,2.380110105974893,2.9305272369978828,6.224081454457023,50,19,31,38.0,5646.24,2372.26,3273.9799999999996,285.59,0,0,0.0982192170804001,0.25,-0.0,0.03968253968253968,0.033650739951699905,0.021156847088706278,-0.002058279151431233,
1b_narrow,130,0.39914326118412147,True,78,13,74.0,30.0,21,17,3.4000000000000004,18,40,1.5,4.0,1.0,0.015,0.5,23.009885180449803,1.289943572308848,1.0677532212006764,12.602945869454004,125,32,93,25.6,10236.76,7935.819999999999,2300.9400000000014,744.89,0,0,32.628182419300025,2.3695616586704946,2.922711580784958,6.224081454457023,50,19,31,38.0,5645.22,2382.3900000000003,3262.83,285.55,0,0,0.09788454725790006,0.25,-0.0,0.03968253968253968,0.023009885180449805,0.014497178615442398,-0.02593088955221048,
1b_narrow,131,0.43512438319372343,True,77,13,74.0,29.0,21,17,3.4000000000000004,18,39,1.5,4.0,1.0,0.015,0.5,31.417077068449856,1.3943849562521187,1.4072259082999472,13.056630793022794,123,33,90,26.829268292682926,11107.810000000001,7966.099999999999,3141.710000000002,768.25,0,0,31.50519080404998,2.3353678178458193,2.8412129510101103,6.224081454457023,50,19,31,38.0,5509.88,2359.3200000000006,3150.5599999999995,283.93,0,0,0.09451557241214995,0.25,-0.0,0.03968253968253968,0.03141707706844986,0.019719247812605936,-0.00021005378202197984,
1b_narrow,132,0.41230947684996605,True,76,13,74.0,28.0,21,17,3.4000000000000004,18,39,1.5,4.0,1.0,0.015,0.5,25.879057737899892,1.3377917472135457,1.214348721474116,13.054573587711756,123,32,91,26.016260162601625,10249.05,7661.169999999999,2587.88,737.21,0,0,31.58140686249997,2.3426908491063383,2.847146284053924,6.224081454457023,50,19,31,38.0,5510.29,2352.12,3158.17,283.96,0,0,0.09474422058749991,0.25,-0.0,0.03968253968253968,0.02587905773789989,0.016889587360677284,-0.01488592851865071,
1b_narrow,133,0.4406510646519147,True,78,13,74.0,29.0,21,17,3.4000000000000004,18,39,1.5,4.0,1.0,0.015,0.5,33.650739951699904,1.4231369417741255,1.48736500326987,12.603723158505971,124,34,90,27.419354838709676,11317.71,7952.65,3365.0599999999995,777.46,0,0,32.73973902680004,2.380110105974893,2.9305272369978828,6.224081454457023,50,19,31,38.0,5646.24,2372.26,3273.9799999999996,285.59,0,0,0.0982192170804001,0.25,-0.0,0.03968253968253968,0.033650739951699905,0.021156847088706278,-0.002058279151431233,
1b_narrow,134,0.4406510646519147,True,78,13,74.0,30.0,21,17,3.4000000000000004,18,39,1.5,4.0,1.0,0.015,0.5,33.650739951699904,1.4231369417741255,1.48736500326987,12.603723158505971,124,34,90,27.419354838709676,11317.71,7952.65,3365.0599999999995,777.46,0,0,32.73973902680004,2.380110105974893,2.9305272369978828,6.224081454457023,50,19,31,38.0,5646.24,2372.26,3273.9799999999996,285.59,0,0,0.0982192170804001,0.25,-0.0,0.03968253968253968,0.033650739951699905,0.021156847088706278,-0.002058279151431233,
1b_narrow,135,0.4406510646519147,True,78,13,74.0,30.0,21,17,3.4000000000000004,18,39,1.5,4.0,1.0,0.015,0.5,33.650739951699904,1.4231369417741255,1.48736500326987,12.603723158505971,124,34,90,27.419354838709676,11317.71,7952.65,3365.0599999999995,777.46,0,0,32.73973902680004,2.380110105974893,2.9305272369978828,6.224081454457023,50,19,31,38.0,5646.24,2372.26,3273.9799999999996,285.59,0,0,0.0982192170804001,0.25,-0.0,0.03968253968253968,0.033650739951699905,0.021156847088706278,-0.002058279151431233,
1b_narrow,136,0.39914326118412147,True,78,13,74.0,30.0,21,17,3.4000000000000004,18,40,1.5,4.0,1.0,0.015,0.5,23.009885180449803,1.289943572308848,1.0677532212006764,12.602945869454004,125,32,93,25.6,10236.76,7935.819999999999,2300.9400000000014,744.89,0,0,32.628182419300025,2.3695616586704946,2.922711580784958,6.224081454457023,50,19,31,38.0,5645.22,2382.3900000000003,3262.83,285.55,0,0,0.09788454725790006,0.25,-0.0,0.03968253968253968,0.023009885180449805,0.014497178615442398,-0.02593088955221048,
1b_narrow,137,0.4406510646519147,True,78,13,74.0,30.0,21,17,3.4000000000000004,18,39,1.5,4.0,1.0,0.015,0.5,33.650739951699904,1.4231369417741255,1.48736500326987,12.603723158505971,124,34,90,27.419354838709676,11317.71,7952.65,3365.0599999999995,777.46,0,0,32.73973902680004,2.380110105974893,2.9305272369978828,6.224081454457023,50,19,31,38.0,5646.24,2372.26,3273.9799999999996,285.59,0,0,0.0982192170804001,0.25,-0.0,0.03968253968253968,0.033650739951699905,0.021156847088706278,-0.002058279151431233,
1b_narrow,138,0.4406510646519147,True,78,13,74.0,31.0,21,17,3.4000000000000004,18,39,1.5,4.0,1.0,0.015,0.5,33.650739951699904,1.4231369417741255,1.48736500326987,12.603723158505971,124,34,90,27.419354838709676,11317.71,7952.65,3365.0599999999995,777.46,0,0,32.73973902680004,2.380110105974893,2.9305272369978828,6.224081454457023,50,19,31,38.0,5646.24,2372.26,3273.9799999999996,285.59,0,0,0.0982192170804001,0.25,-0.0,0.03968253968253968,0.033650739951699905,0.021156847088706278,-0.002058279151431233,
1b_narrow,139,0.39254316097337183,True,78,13,74.0,31.0,21,17,3.4000000000000004,18,40,1.5,3.9,1.0,0.015,0.5,21.930981752249917,1.2725230318830352,1.0318649589999178,12.710698481358145,127,33,94,25.984251968503937,10240.68,8047.54,2193.1400000000003,757.3,0,0,31.006118221950018,2.3095770067366383,2.8036956362356196,6.224257329982611,50,19,31,38.0,5468.27,2367.6499999999996,3100.620000000001,283.68,0,0,0.09301835466585005,0.25,-0.0,0.03968253968253968,0.021930981752249917,0.013626151594151759,-0.025714866721419576,
1b_narrow,140,0.4271256950185474,True,78,13,74.0,31.0,21,18,3.4000000000000004,18,39,1.5,4.0,1.0,0.015,0.5,28.353942505999818,1.394362631921534,1.3175765419106824,10.836137808638338,118,32,86,27.11864406779661,10025.3,7189.88,2835.419999999999,709.67,0,0,34.19499924615,2.4590492688817105,3.142820160519794,4.772129269607696,51,19,32,37.254901960784316,5763.199999999999,2343.67,3419.529999999999,299.07,0,0,0.10258499773844999,0.25,-0.0,0.04047619047619048,0.02835394250599982,0.019718131596076705,-0.014007567298169567,
1b_narrow,141,0.4406510646519147,True,78,13,74.0,30.0,21,17,3.4000000000000004,18,39,1.5,4.0,1.0,0.015,0.5,33.650739951699904,1.4231369417741255,1.48736500326987,12.603723158505971,124,34,90,27.419354838709676,11317.71,7952.65,3365.0599999999995,777.46,0,0,32.73973902680004,2.380110105974893,2.9305272369978828,6.224081454457023,50,19,31,38.0,5646.24,2372.26,3273.9799999999996,285.59,0,0,0.0982192170804001,0.25,-0.0,0.03968253968253968,0.033650739951699905,0.021156847088706278,-0.002058279151431233,
1b_narrow,142,0.4286301984656295,True,79,13,74.0,30.0,21,17,3.4000000000000004,18,39,1.5,4.0,1.0,0.015,0.5,38.076970261649876,1.4804933572928447,1.6333005208092277,12.601954120992126,122,35,87,28.688524590163933,11732.140000000001,7924.48,3807.6600000000017,775.77,0,0,30.85434317074998,2.2832805812845987,2.7881141387901596,6.224490684729023,50,18,32,36.0,5489.759999999999,2404.33,3085.4299999999994,282.14,0,0,0.09256302951224994,0.25,-0.0,0.03968253968253968,0.038076970261649884,0.024024667864642236,-0.015717008855452266,
1b_narrow,143,0.4406510646519147,True,78,13,74.0,29.0,21,17,3.4000000000000004,18,39,1.5,4.0,1.0,0.015,0.5,33.650739951699904,1.4231369417741255,1.48736500326987,12.603723158505971,124,34,90,27.419354838709676,11317.71,7952.65,3365.0599999999995,777.46,0,0,32.73973902680004,2.380110105974893,2.9305272369978828,6.224081454457023,50,19,31,38.0,5646.24,2372.26,3273.9799999999996,285.59,0,0,0.0982192170804001,0.25,-0.0,0.03968253968253968,0.033650739951699905,0.021156847088706278,-0.002058279151431233,
1b_narrow,144,0.41661367284138134,True,79,13,74.0,29.0,21,17,3.4000000000000004,18,40,1.5,4.0,1.0,0.015,0.5,27.082102208399846,1.3423150475944905,1.2150349266114866,12.602616134721675,123,33,90,26.829268292682926,10619.9,7911.63,2708.2699999999995,742.89,0,0,30.744322412599995,2.2734461077100225,2.780321262488135,6.224490684729023,50,18,32,36.0,5488.69,2414.26,3074.4299999999994,282.06,0,0,0.09223296723779999,0.25,-0.0,0.03968253968253968,0.027082102208399846,0.017115752379724524,-0.009499688667082668,
1b_narrow,145,0.4182498931382354,True,78,13,74.0,28.0,21,17,3.4000000000000004,18,38,1.5,3.9,1.0,0.015,0.5,27.15430633669986,1.326856501788732,1.251186688114981,13.884853974023956,127,34,93,26.771653543307085,11022.94,8307.560000000001,2715.379999999999,785.71,0,0,31.651066182300035,2.31829995668255,2.84737191230146,6.224257329982611,52,20,32,38.46153846153846,5565.960000000001,2400.88,3165.080000000001,295.0,0,0,0.09495319854690011,0.25,-0.0,0.04126984126984127,0.027154306336699865,0.0163428250894366,-0.011470278104642427,
1b_narrow,146,0.4406510646519147,True,78,13,74.0,29.0,21,17,3.4000000000000004,18,39,1.5,4.0,1.0,0.015,0.5,33.650739951699904,1.4231369417741255,1.48736500326987,12.603723158505971,124,34,90,27.419354838709676,11317.71,7952.65,3365.0599999999995,777.46,0,0,32.73973902680004,2.380110105974893,2.9305272369978828,6.224081454457023,50,19,31,38.0,5646.24,2372.26,3273.9799999999996,285.59,0,0,0.0982192170804001,0.25,-0.0,0.03968253968253968,0.033650739951699905,0.021156847088706278,-0.002058279151431233,
1b_narrow,147,0.39914326118412147,True,78,13,74.0,29.0,21,17,3.4000000000000004,18,40,1.5,4.0,1.0,0.015,0.5,23.009885180449803,1.289943572308848,1.0677532212006764,12.602945869454004,125,32,93,25.6,10236.76,7935.819999999999,2300.9400000000014,744.89,0,0,32.628182419300025,2.3695616586704946,2.922711580784958,6.224081454457023,50,19,31,38.0,5645.22,2382.3900000000003,3262.83,285.55,0,0,0.09788454725790006,0.25,-0.0,0.03968253968253968,0.023009885180449805,0.014497178615442398,-0.02593088955221048,
1b_narrow,148,0.4202533832642147,True,79,13,74.0,28.0,21,17,3.4000000000000004,18,39,1.5,3.9,1.0,0.015,0.5,36.607385288849834,1.4557907659514067,1.592583467285869,12.71107944824995,124,36,88,29.032258064516128,11692.3,8031.58,3660.7199999999993,787.31,0,0,29.28280882739997,2.2251294881557033,2.6709198309093813,6.223518167946436,50,18,32,36.0,5318.46,2390.1800000000003,2928.2799999999997,280.35,0,0,0.08784842648219991,0.25,-0.0,0.03968253968253968,0.03660738528884984,0.022789538297570335,-0.016674506486945108,
1b_narrow,149,0.3479519576194769,True,78,13,74.0,29.0,21,17,3.6,18,38,1.5,4.0,1.0,0.015,0.5,27.07507846954988,1.2978307501072526,1.1214587377145548,12.035637357236254,136,35,101,25.735294117647058,11798.190000000002,9090.7,2707.4900000000016,812.88,0,1,24.30251395784995,1.7742136902164045,2.209266703230889,7.392351300029763,60,20,40,33.333333333333336,5569.3099999999995,3139.0299999999997,2430.2799999999997,333.6,0,0,0.07290754187354985,0.19355342255410113,-0.0,0.047619047619047616,0.02707507846954988,0.01489153750536263,-0.008094670402134234,
1b_narrow,150,0.42857742460206,True,80,13,74.0,31.0,21,17,3.4000000000000004,18,39,1.5,4.0,1.0,0.015,0.5,38.373598023049965,1.4850128353073964,1.643853371362088,12.602307623920353,121,35,86,28.925619834710744,11749.079999999998,7911.7699999999995,3837.3099999999986,770.97,0,0,30.85434317074998,2.2832805812845987,2.7881141387901596,6.224490684729023,50,18,32,36.0,5489.759999999999,2404.33,3085.4299999999994,282.14,0,0,0.09256302951224994,0.25,-0.0,0.03968253968253968,0.03837359802304997,0.02425064176536982,-0.016292384381149428,
1b_narrow,151,0.4406510646519147,True,78,13,74.0,30.0,21,17,3.4000000000000004,18,39,1.5,4.0,1.0,0.015,0.5,33.650739951699904,1.4231369417741255,1.48736500326987,12.603723158505971,124,34,90,27.419354838709676,11317.71,7952.65,3365.0599999999995,777.46,0,0,32.73973902680004,2.380110105974893,2.9305272369978828,6.224081454457023,50,19,31,38.0,5646.24,2372.26,3273.9799999999996,285.59,0,0,0.0982192170804001,0.25,-0.0,0.03968253968253968,0.033650739951699905,0.021156847088706278,-0.002058279151431233,
1b_narrow,152,0.4286301984656295,True,79,13,74.0,29.0,21,17,3.4000000000000004,18,39,1.5,4.0,1.0,0.015,0.5,38.076970261649876,1.4804933572928447,1.6333005208092277,12.601954120992126,122,35,87,28.688524590163933,11732.140000000001,7924.48,3807.6600000000017,775.77,0,0,30.85434317074998,2.2832805812845987,2.7881141387901596,6.224490684729023,50,18,32,36.0,5489.759999999999,2404.33,3085.4299999999994,282.14,0,0,0.09256302951224994,0.25,-0.0,0.03968253968253968,0.038076970261649884,0.024024667864642236,-0.015717008855452266,
1b_narrow,153,0.39914326118412147,True,78,13,74.0,31.0,21,17,3.4000000000000004,18,40,1.5,4.0,1.0,0.015,0.5,23.009885180449803,1.289943572308848,1.0677532212006764,12.602945869454004,125,32,93,25.6,10236.76,7935.819999999999,2300.9400000000014,744.89,0,0,32.628182419300025,2.3695616586704946,2.922711580784958,6.224081454457023,50,19,31,38.0,5645.22,2382.3900000000003,3262.83,285.55,0,0,0.09788454725790006,0.25,-0.0,0.03968253968253968,0.023009885180449805,0.014497178615442398,-0.02593088955221048,
1b_narrow,154,0.39057969375677837,True,78,13,74.0,28.0,21,17,3.4000000000000004,18,38,1.5,3.2,1.0,0.015,0.5,20.054033428699878,1.2561133695275972,1.0367217184907933,14.630842518557996,134,40,94,29.850746268656717,9835.33,7829.969999999999,2005.3600000000006,785.63,0,0,29.84204875729998,2.193781827928169,3.120956523275076,6.501366073433893,60,25,35,41.666666666666664,5483.950000000001,2499.7700000000004,2984.1800000000003,336.83,0,0,0.08952614627189995,0.25,-0.0,0.047619047619047616,0.02005403342869988,0.012805668476379862,-0.02942520203924893,
1b_narrow,155,0.4406510646519147,True,78,13,74.0,30.0,21,17,3.4000000000000004,18,39,1.5,4.0,1.0,0.015,0.5,33.650739951699904,1.4231369417741255,1.48736500326987,12.603723158505971,124,34,90,27.419354838709676,11317.71,7952.65,3365.0599999999995,777.46,0,0,32.73973902680004,2.380110105974893,2.9305272369978828,6.224081454457023,50,19,31,38.0,5646.24,2372.26,3273.9799999999996,285.59,0,0,0.0982192170804001,0.25,-0.0,0.03968253968253968,0.033650739951699905,0.021156847088706278,-0.002058279151431233,
1b_narrow,156,0.41223263115422326,True,79,13,74.0,30.0,21,17,3.4000000000000004,18,46,1.5,3.9,1.0,0.015,0.5,26.76858601215001,1.3456177883591185,1.2312557929973447,14.97224333736221,118,32,86,27.11864406779661,10422.199999999999,7745.290000000001,2676.909999999998,715.7,0,0,30.406243261100023,2.380750630066072,2.7785577301567415,6.223034912501579,46,18,28,39.130434782608695,5242.7699999999995,2202.1499999999996,3040.62,258.02,0,0,0.09121872978330008,0.25,-0.0,0.03650793650793651,0.02676858601215001,0.017280889417955924,-0.009543510567119272,
1b_narrow,157,0.4406510646519147,True,78,13,74.0,30.0,21,17,3.4000000000000004,18,39,1.5,4.0,1.0,0.015,0.5,33.650739951699904,1.4231369417741255,1.48736500326987,12.603723158505971,124,34,90,27.419354838709676,11317.71,7952.65,3365.0599999999995,777.46,0,0,32.73973902680004,2.380110105974893,2.9305272369978828,6.224081454457023,50,19,31,38.0,5646.24,2372.26,3273.9799999999996,285.59,0,0,0.0982192170804001,0.25,-0.0,0.03968253968253968,0.033650739951699905,0.021156847088706278,-0.002058279151431233,
1b_narrow,158,0.4406510646519147,True,78,13,74.0,30.0,21,17,3.4000000000000004,18,39,1.5,4.0,1.0,0.015,0.5,33.650739951699904,1.4231369417741255,1.48736500326987,12.603723158505971,124,34,90,27.419354838709676,11317.71,7952.65,3365.0599999999995,777.46,0,0,32.73973902680004,2.380110105974893,2.9305272369978828,6.224081454457023,50,19,31,38.0,5646.24,2372.26,3273.9799999999996,285.59,0,0,0.0982192170804001,0.25,-0.0,0.03968253968253968,0.033650739951699905,0.021156847088706278,-0.002058279151431233,
1b_narrow,159,0.4202533832642147,True,79,13,74.0,30.0,21,17,3.4000000000000004,18,39,1.5,3.9,1.0,0.015,0.5,36.607385288849834,1.4557907659514067,1.592583467285869,12.71107944824995,124,36,88,29.032258064516128,11692.3,8031.58,3660.7199999999993,787.31,0,0,29.28280882739997,2.2251294881557033,2.6709198309093813,6.223518167946436,50,18,32,36.0,5318.46,2390.1800000000003,2928.2799999999997,280.35,0,0,0.08784842648219991,0.25,-0.0,0.03968253968253968,0.03660738528884984,0.022789538297570335,-0.016674506486945108,
1b_narrow,160,0.3385572074797711,True,78,13,74.0,32.0,21,16,3.4000000000000004,18,40,1.6,4.0,1.0,0.015,0.5,12.312414357149828,1.164434822905969,0.6346159657866809,13.641306572845044,121,31,90,25.619834710743802,8719.09,7487.83,1231.2600000000002,663.08,0,0,30.263673535150065,2.1896684565974542,2.7137178461845646,6.223893569937862,51,18,33,35.294117647058826,5570.21,2543.86,3026.35,286.3,0,0,0.09079102060545019,0.25,-0.0,0.04047619047619048,0.01231241435714983,0.008221741145298445,-0.06324415910431784,
1b_narrow,161,0.4406510646519147,True,78,13,74.0,30.0,21,17,3.4000000000000004,18,39,1.5,4.0,1.0,0.015,0.5,33.650739951699904,1.4231369417741255,1.48736500326987,12.603723158505971,124,34,90,27.419354838709676,11317.71,7952.65,3365.0599999999995,777.46,0,0,32.73973902680004,2.380110105974893,2.9305272369978828,6.224081454457023,50,19,31,38.0,5646.24,2372.26,3273.9799999999996,285.59,0,0,0.0982192170804001,0.25,-0.0,0.03968253968253968,0.033650739951699905,0.021156847088706278,-0.002058279151431233,
1b_narrow,162,0.4406510646519147,True,78,13,74.0,30.0,21,17,3.4000000000000004,18,39,1.5,4.0,1.0,0.015,0.5,33.650739951699904,1.4231369417741255,1.48736500326987,12.603723158505971,124,34,90,27.419354838709676,11317.71,7952.65,3365.0599999999995,777.46,0,0,32.73973902680004,2.380110105974893,2.9305272369978828,6.224081454457023,50,19,31,38.0,5646.24,2372.26,3273.9799999999996,285.59,0,0,0.0982192170804001,0.25,-0.0,0.03968253968253968,0.033650739951699905,0.021156847088706278,-0.002058279151431233,
1b_narrow,163,0.4406510646519147,True,78,13,74.0,29.0,21,17,3.4000000000000004,18,39,1.5,4.0,1.0,0.015,0.5,33.650739951699904,1.4231369417741255,1.48736500326987,12.603723158505971,124,34,90,27.419354838709676,11317.71,7952.65,3365.0599999999995,777.46,0,0,32.73973902680004,2.380110105974893,2.9305272369978828,6.224081454457023,50,19,31,38.0,5646.24,2372.26,3273.9799999999996,285.59,0,0,0.0982192170804001,0.25,-0.0,0.03968253968253968,0.033650739951699905,0.021156847088706278,-0.002058279151431233,
1b_narrow,164,0.4286301984656295,True,79,13,74.0,30.0,21,17,3.4000000000000004,18,39,1.5,4.0,1.0,0.015,0.5,38.076970261649876,1.4804933572928447,1.6333005208092277,12.601954120992126,122,35,87,28.688524590163933,11732.140000000001,7924.48,3807.6600000000017,775.77,0,0,30.85434317074998,2.2832805812845987,2.7881141387901596,6.224490684729023,50,18,32,36.0,5489.759999999999,2404.33,3085.4299999999994,282.14,0,0,0.09256302951224994,0.25,-0.0,0.03968253968253968,0.038076970261649884,0.024024667864642236,-0.015717008855452266,
1b_narrow,165,0.41661367284138134,True,79,13,74.0,31.0,21,17,3.4000000000000004,18,40,1.5,4.0,1.0,0.015,0.5,27.082102208399846,1.3423150475944905,1.2150349266114866,12.602616134721675,123,33,90,26.829268292682926,10619.9,7911.63,2708.2699999999995,742.89,0,0,30.744322412599995,2.2734461077100225,2.780321262488135,6.224490684729023,50,18,32,36.0,5488.69,2414.26,3074.4299999999994,282.06,0,0,0.09223296723779999,0.25,-0.0,0.03968253968253968,0.027082102208399846,0.017115752379724524,-0.009499688667082668,
1b_narrow,166,0.4406510646519147,True,78,13,74.0,29.0,21,17,3.4000000000000004,18,39,1.5,4.0,1.0,0.015,0.5,33.650739951699904,1.4231369417741255,1.48736500326987,12.603723158505971,124,34,90,27.419354838709676,11317.71,7952.65,3365.0599999999995,777.46,0,0,32.73973902680004,2.380110105974893,2.9305272369978828,6.224081454457023,50,19,31,38.0,5646.24,2372.26,3273.9799999999996,285.59,0,0,0.0982192170804001,0.25,-0.0,0.03968253968253968,0.033650739951699905,0.021156847088706278,-0.002058279151431233,
1b_narrow,167,0.4182498931382354,True,78,13,74.0,30.0,21,17,3.4000000000000004,18,38,1.5,3.9,1.0,0.015,0.5,27.15430633669986,1.326856501788732,1.251186688114981,13.884853974023956,127,34,93,26.771653543307085,11022.94,8307.560000000001,2715.379999999999,785.71,0,0,31.651066182300035,2.31829995668255,2.84737191230146,6.224257329982611,52,20,32,38.46153846153846,5565.960000000001,2400.88,3165.080000000001,295.0,0,0,0.09495319854690011,0.25,-0.0,0.04126984126984127,0.027154306336699865,0.0163428250894366,-0.011470278104642427,
1b_narrow,168,0.42857742460206,True,80,13,74.0,31.0,21,17,3.4000000000000004,18,39,1.5,4.0,1.0,0.015,0.5,38.373598023049965,1.4850128353073964,1.643853371362088,12.602307623920353,121,35,86,28.925619834710744,11749.079999999998,7911.7699999999995,3837.3099999999986,770.97,0,0,30.85434317074998,2.2832805812845987,2.7881141387901596,6.224490684729023,50,18,32,36.0,5489.759999999999,2404.33,3085.4299999999994,282.14,0,0,0.09256302951224994,0.25,-0.0,0.03968253968253968,0.03837359802304997,0.02425064176536982,-0.016292384381149428,
1b_narrow,169,0.41661367284138134,True,79,13,74.0,30.0,21,17,3.4000000000000004,18,40,1.5,4.0,1.0,0.015,0.5,27.082102208399846,1.3423150475944905,1.2150349266114866,12.602616134721675,123,33,90,26.829268292682926,10619.9,7911.63,2708.2699999999995,742.89,0,0,30.744322412599995,2.2734461077100225,2.780321262488135,6.224490684729023,50,18,32,36.0,5488.69,2414.26,3074.4299999999994,282.06,0,0,0.09223296723779999,0.25,-0.0,0.03968253968253968,0.027082102208399846,0.017115752379724524,-0.009499688667082668,
1b_narrow,170,0.4406510646519147,True,78,13,74.0,29.0,21,17,3.4000000000000004,18,39,1.5,4.0,1.0,0.015,0.5,33.650739951699904,1.4231369417741255,1.48736500326987,12.603723158505971,124,34,90,27.419354838709676,11317.71,7952.65,3365.0599999999995,777.46,0,0,32.73973902680004,2.380110105974893,2.9305272369978828,6.224081454457023,50,19,31,38.0,5646.24,2372.26,3273.9799999999996,285.59,0,0,0.0982192170804001,0.25,-0.0,0.03968253968253968,0.033650739951699905,0.021156847088706278,-0.002058279151431233,
1b_narrow,171,0.4406510646519147,True,78,13,74.0,30.0,21,17,3.4000000000000004,18,39,1.5,4.0,1.0,0.015,0.5,33.650739951699904,1.4231369417741255,1.48736500326987,12.603723158505971,124,34,90,27.419354838709676,11317.71,7952.65,3365.0599999999995,777.46,0,0,32.73973902680004,2.380110105974893,2.9305272369978828,6.224081454457023,50,19,31,38.0,5646.24,2372.26,3273.9799999999996,285.59,0,0,0.0982192170804001,0.25,-0.0,0.03968253968253968,0.033650739951699905,0.021156847088706278,-0.002058279151431233,
1b_narrow,172,0.4406510646519147,True,78,13,74.0,31.0,21,17,3.4000000000000004,18,39,1.5,4.0,1.0,0.015,0.5,33.650739951699904,1.4231369417741255,1.48736500326987,12.603723158505971,124,34,90,27.419354838709676,11317.71,7952.65,3365.0599999999995,777.46,0,0,32.73973902680004,2.380110105974893,2.9305272369978828,6.224081454457023,50,19,31,38.0,5646.24,2372.26,3273.9799999999996,285.59,0,0,0.0982192170804001,0.25,-0.0,0.03968253968253968,0.033650739951699905,0.021156847088706278,-0.002058279151431233,
1b_narrow,173,0.4286301984656295,True,79,13,74.0,30.0,21,17,3.4000000000000004,18,39,1.5,4.0,1.0,0.015,0.5,38.076970261649876,1.4804933572928447,1.6333005208092277,12.601954120992126,122,35,87,28.688524590163933,11732.140000000001,7924.48,3807.6600000000017,775.77,0,0,30.85434317074998,2.2832805812845987,2.7881141387901596,6.224490684729023,50,18,32,36.0,5489.759999999999,2404.33,3085.4299999999994,282.14,0,0,0.09256302951224994,0.25,-0.0,0.03968253968253968,0.038076970261649884,0.024024667864642236,-0.015717008855452266,
1b_narrow,174,0.4250343854861261,True,78,13,74.0,30.0,21,17,3.4000000000000004,18,38,1.5,4.0,1.0,0.015,0.5,28.41196814369998,1.3465327454460077,1.2908398964260914,13.780292664554883,125,33,92,26.4,11040.02,8198.85,2841.17,773.68,0,0,33.30920735890004,2.378852856681596,2.96805845907086,6.224081454457023,52,20,32,38.46153846153846,5746.689999999999,2415.74,3330.949999999999,296.92,0,0,0.09992762207670011,0.25,-0.0,0.04126984126984127,0.028411968143699978,0.017326637272300383,-0.011901683276415633,
1b_narrow,175,0.4277414858042218,True,77,13,74.0,29.0,21,17,3.4000000000000004,18,39,1.5,3.9,1.0,0.015,0.5,30.134834003199884,1.3731472653202736,1.368465469923596,13.161567341964211,125,34,91,27.2,11089.399999999998,8075.900000000001,3013.4999999999973,780.15,0,0,29.927871579549993,2.276146292166453,2.7248587589863753,6.224257329982611,50,19,31,38.0,5337.95,2345.1699999999996,2992.78,282.13,0,0,0.08978361473864997,0.25,-0.0,0.03968253968253968,0.030134834003199884,0.018657363266013683,-0.0005168658861814519,
1b_narrow,176,0.4406510646519147,True,78,13,74.0,30.0,21,17,3.4000000000000004,18,39,1.5,4.0,1.0,0.015,0.5,33.650739951699904,1.4231369417741255,1.48736500326987,12.603723158505971,124,34,90,27.419354838709676,11317.71,7952.65,3365.0599999999995,777.46,0,0,32.73973902680004,2.380110105974893,2.9305272369978828,6.224081454457023,50,19,31,38.0,5646.24,2372.26,3273.9799999999996,285.59,0,0,0.0982192170804001,0.25,-0.0,0.03968253968253968,0.033650739951699905,0.021156847088706278,-0.002058279151431233,
1b_narrow,177,0.41661367284138134,True,79,13,74.0,31.0,21,17,3.4000000000000004,18,40,1.5,4.0,1.0,0.015,0.5,27.082102208399846,1.3423150475944905,1.2150349266114866,12.602616134721675,123,33,90,26.829268292682926,10619.9,7911.63,2708.2699999999995,742.89,0,0,30.744322412599995,2.2734461077100225,2.780321262488135,6.224490684729023,50,18,32,36.0,5488.69,2414.26,3074.4299999999994,282.06,0,0,0.09223296723779999,0.25,-0.0,0.03968253968253968,0.027082102208399846,0.017115752379724524,-0.009499688667082668,
1b_narrow,178,0.4406510646519147,True,78,13,74.0,29.0,21,17,3.4000000000000004,18,39,1.5,4.0,1.0,0.015,0.5,33.650739951699904,1.4231369417741255,1.48736500326987,12.603723158505971,124,34,90,27.419354838709676,11317.71,7952.65,3365.0599999999995,777.46,0,0,32.73973902680004,2.380110105974893,2.9305272369978828,6.224081454457023,50,19,31,38.0,5646.24,2372.26,3273.9799999999996,285.59,0,0,0.0982192170804001,0.25,-0.0,0.03968253968253968,0.033650739951699905,0.021156847088706278,-0.002058279151431233,
1b_narrow,179,0.40824885556545293,True,77,13,74.0,30.0,21,17,3.4000000000000004,18,38,1.5,3.9,1.0,0.015,0.5,25.074737040249946,1.3014186869512536,1.1719461134009075,14.33130280563233,126,33,93,26.19047619047619,10826.449999999999,8318.96,2507.49,776.61,0,0,30.458223422350038,2.275235196342367,2.760938910896997,6.224257329982611,52,20,32,38.46153846153846,5434.24,2388.43,3045.81,293.37,0,0,0.09137467026705011,0.25,-0.0,0.04126984126984127,0.025074737040249945,0.015070934347562681,-0.01454132735925108,
1b_narrow,180,0.43512438319372343,True,77,13,74.0,29.0,21,17,3.4000000000000004,18,39,1.5,4.0,1.0,0.015,0.5,31.417077068449856,1.3943849562521187,1.4072259082999472,13.056630793022794,123,33,90,26.829268292682926,11107.810000000001,7966.099999999999,3141.710000000002,768.25,0,0,31.50519080404998,2.3353678178458193,2.8412129510101103,6.224081454457023,50,19,31,38.0,5509.88,2359.3200000000006,3150.5599999999995,283.93,0,0,0.09451557241214995,0.25,-0.0,0.03968253968253968,0.03141707706844986,0.019719247812605936,-0.00021005378202197984,
1b_narrow,181,0.4406510646519147,True,78,13,74.0,30.0,21,17,3.4000000000000004,18,39,1.5,4.0,1.0,0.015,0.5,33.650739951699904,1.4231369417741255,1.48736500326987,12.603723158505971,124,34,90,27.419354838709676,11317.71,7952.65,3365.0599999999995,777.46,0,0,32.73973902680004,2.380110105974893,2.9305272369978828,6.224081454457023,50,19,31,38.0,5646.24,2372.26,3273.9799999999996,285.59,0,0,0.0982192170804001,0.25,-0.0,0.03968253968253968,0.033650739951699905,0.021156847088706278,-0.002058279151431233,
1b_narrow,182,0.4406510646519147,True,78,13,74.0,31.0,21,17,3.4000000000000004,18,39,1.5,4.0,1.0,0.015,0.5,33.650739951699904,1.4231369417741255,1.48736500326987,12.603723158505971,124,34,90,27.419354838709676,11317.71,7952.65,3365.0599999999995,777.46,0,0,32.73973902680004,2.380110105974893,2.9305272369978828,6.224081454457023,50,19,31,38.0,5646.24,2372.26,3273.9799999999996,285.59,0,0,0.0982192170804001,0.25,-0.0,0.03968253968253968,0.033650739951699905,0.021156847088706278,-0.002058279151431233,
1b_narrow,183,0.4406510646519147,True,78,13,74.0,30.0,21,17,3.4000000000000004,18,39,1.5,4.0,1.0,0.015,0.5,33.650739951699904,1.4231369417741255,1.48736500326987,12.603723158505971,124,34,90,27.419354838709676,11317.71,7952.65,3365.0599999999995,777.46,0,0,32.73973902680004,2.380110105974893,2.9305272369978828,6.224081454457023,50,19,31,38.0,5646.24,2372.26,3273.9799999999996,285.59,0,0,0.0982192170804001,0.25,-0.0,0.03968253968253968,0.033650739951699905,0.021156847088706278,-0.002058279151431233,
1b_narrow,184,0.4286301984656295,True,79,13,74.0,30.0,21,17,3.4000000000000004,18,39,1.5,4.0,1.0,0.015,0.5,38.076970261649876,1.4804933572928447,1.6333005208092277,12.601954120992126,122,35,87,28.688524590163933,11732.140000000001,7924.48,3807.6600000000017,775.77,0,0,30.85434317074998,2.2832805812845987,2.7881141387901596,6.224490684729023,50,18,32,36.0,5489.759999999999,2404.33,3085.4299999999994,282.14,0,0,0.09256302951224994,0.25,-0.0,0.03968253968253968,0.038076970261649884,0.024024667864642236,-0.015717008855452266,
1b_narrow,185,0.4406510646519147,True,78,13,74.0,31.0,21,17,3.4000000000000004,18,39,1.5,4.0,1.0,0.015,0.5,33.650739951699904,1.4231369417741255,1.48736500326987,12.603723158505971,124,34,90,27.419354838709676,11317.71,7952.65,3365.0599999999995,777.46,0,0,32.73973902680004,2.380110105974893,2.9305272369978828,6.224081454457023,50,19,31,38.0,5646.24,2372.26,3273.9799999999996,285.59,0,0,0.0982192170804001,0.25,-0.0,0.03968253968253968,0.033650739951699905,0.021156847088706278,-0.002058279151431233,
1b_narrow,186,0.4148016279955324,True,77,13,74.0,29.0,21,17,3.4000000000000004,18,38,1.5,4.0,1.0,0.015,0.5,26.262238048299896,1.3198898863539472,1.2103714277209883,14.227374341000226,124,32,92,25.806451612903224,10835.900000000001,8209.7,2626.2000000000007,764.46,0,0,32.06938613360002,2.3345901270943092,2.8788312634439492,6.224081454457023,52,20,32,38.46153846153846,5609.879999999999,2402.94,3206.939999999999,295.26,0,0,0.09620815840080006,0.25,-0.0,0.04126984126984127,0.0262622380482999,0.015994494317697363,-0.014933104041106215,
1b_narrow,187,0.39175418507746496,True,79,13,74.0,30.0,21,17,3.4000000000000004,18,40,1.5,3.1,1.0,0.015,0.5,20.43687485989998,1.2789548899787206,1.0639394637580686,13.57166628621965,131,40,91,30.53435114503817,9370.02,7326.3099999999995,2043.710000000001,738.78,0,0,29.612570981449988,2.2351253164715352,3.1448311490712504,6.223366516402425,58,24,34,41.37931034482759,5358.78,2397.5299999999997,2961.25,321.44,0,0,0.08883771294434996,0.25,-0.0,0.046031746031746035,0.020436874859899982,0.013947744498936033,-0.02749989325746703,
1b_narrow,188,0.39914326118412147,True,78,13,74.0,29.0,21,17,3.4000000000000004,18,40,1.5,4.0,1.0,0.015,0.5,23.009885180449803,1.289943572308848,1.0677532212006764,12.602945869454004,125,32,93,25.6,10236.76,7935.819999999999,2300.9400000000014,744.89,0,0,32.628182419300025,2.3695616586704946,2.922711580784958,6.224081454457023,50,19,31,38.0,5645.22,2382.3900000000003,3262.83,285.55,0,0,0.09788454725790006,0.25,-0.0,0.03968253968253968,0.023009885180449805,0.014497178615442398,-0.02593088955221048,
1b_narrow,189,0.43512438319372343,True,77,13,74.0,30.0,21,17,3.4000000000000004,18,39,1.5,4.0,1.0,0.015,0.5,31.417077068449856,1.3943849562521187,1.4072259082999472,13.056630793022794,123,33,90,26.829268292682926,11107.810000000001,7966.099999999999,3141.710000000002,768.25,0,0,31.50519080404998,2.3353678178458193,2.8412129510101103,6.224081454457023,50,19,31,38.0,5509.88,2359.3200000000006,3150.5599999999995,283.93,0,0,0.09451557241214995,0.25,-0.0,0.03968253968253968,0.03141707706844986,0.019719247812605936,-0.00021005378202197984,
1b_narrow,190,0.4250343854861261,True,78,13,74.0,31.0,21,17,3.4000000000000004,18,38,1.5,4.0,1.0,0.015,0.5,28.41196814369998,1.3465327454460077,1.2908398964260914,13.780292664554883,125,33,92,26.4,11040.02,8198.85,2841.17,773.68,0,0,33.30920735890004,2.378852856681596,2.96805845907086,6.224081454457023,52,20,32,38.46153846153846,5746.689999999999,2415.74,3330.949999999999,296.92,0,0,0.09992762207670011,0.25,-0.0,0.04126984126984127,0.028411968143699978,0.017326637272300383,-0.011901683276415633,
1b_narrow,191,0.4406510646519147,True,78,13,74.0,29.0,21,17,3.4000000000000004,18,39,1.5,4.0,1.0,0.015,0.5,33.650739951699904,1.4231369417741255,1.48736500326987,12.603723158505971,124,34,90,27.419354838709676,11317.71,7952.65,3365.0599999999995,777.46,0,0,32.73973902680004,2.380110105974893,2.9305272369978828,6.224081454457023,50,19,31,38.0,5646.24,2372.26,3273.9799999999996,285.59,0,0,0.0982192170804001,0.25,-0.0,0.03968253968253968,0.033650739951699905,0.021156847088706278,-0.002058279151431233,
1b_narrow,192,0.4406510646519147,True,78,13,74.0,29.0,21,17,3.4000000000000004,18,39,1.5,4.0,1.0,0.015,0.5,33.650739951699904,1.4231369417741255,1.48736500326987,12.603723158505971,124,34,90,27.419354838709676,11317.71,7952.65,3365.0599999999995,777.46,0,0,32.73973902680004,2.380110105974893,2.9305272369978828,6.224081454457023,50,19,31,38.0,5646.24,2372.26,3273.9799999999996,285.59,0,0,0.0982192170804001,0.25,-0.0,0.03968253968253968,0.033650739951699905,0.021156847088706278,-0.002058279151431233,
1b_narrow,193,0.4286301984656295,True,79,13,74.0,30.0,21,17,3.4000000000000004,18,39,1.5,4.0,1.0,0.015,0.5,38.076970261649876,1.4804933572928447,1.6333005208092277,12.601954120992126,122,35,87,28.688524590163933,11732.140000000001,7924.48,3807.6600000000017,775.77,0,0,30.85434317074998,2.2832805812845987,2.7881141387901596,6.224490684729023,50,18,32,36.0,5489.759999999999,2404.33,3085.4299999999994,282.14,0,0,0.09256302951224994,0.25,-0.0,0.03968253968253968,0.038076970261649884,0.024024667864642236,-0.015717008855452266,
1b_narrow,194,0.4393724245308978,True,78,13,74.0,32.0,21,17,3.4000000000000004,18,39,1.5,4.0,1.0,0.015,0.5,33.650739951699904,1.4231369417741255,1.48736500326987,12.603723158505971,124,34,90,27.419354838709676,11317.71,7952.65,3365.0599999999995,777.46,0,0,32.349029818450056,2.3437415624389897,2.9001679371861897,6.224081454457023,51,19,32,37.254901960784316,5642.3,2407.3900000000003,3234.91,291.66,0,0,0.09704708945535016,0.25,-0.0,0.04047619047619048,0.033650739951699905,0.021156847088706278,-0.0029584424410490427,
1b_narrow,195,0.43512438319372343,True,77,13,74.0,29.0,21,17,3.4000000000000004,18,39,1.5,4.0,1.0,0.015,0.5,31.417077068449856,1.3943849562521187,1.4072259082999472,13.056630793022794,123,33,90,26.829268292682926,11107.810000000001,7966.099999999999,3141.710000000002,768.25,0,0,31.50519080404998,2.3353678178458193,2.8412129510101103,6.224081454457023,50,19,31,38.0,5509.88,2359.3200000000006,3150.5599999999995,283.93,0,0,0.09451557241214995,0.25,-0.0,0.03968253968253968,0.03141707706844986,0.019719247812605936,-0.00021005378202197984,
1b_narrow,196,0.41661367284138134,True,79,13,74.0,30.0,21,17,3.4000000000000004,18,40,1.5,4.0,1.0,0.015,0.5,27.082102208399846,1.3423150475944905,1.2150349266114866,12.602616134721675,123,33,90,26.829268292682926,10619.9,7911.63,2708.2699999999995,742.89,0,0,30.744322412599995,2.2734461077100225,2.780321262488135,6.224490684729023,50,18,32,36.0,5488.69,2414.26,3074.4299999999994,282.06,0,0,0.09223296723779999,0.25,-0.0,0.03968253968253968,0.027082102208399846,0.017115752379724524,-0.009499688667082668,
1b_narrow,197,0.4250343854861261,True,78,13,74.0,28.0,21,17,3.4000000000000004,18,38,1.5,4.0,1.0,0.015,0.5,28.41196814369998,1.3465327454460077,1.2908398964260914,13.780292664554883,125,33,92,26.4,11040.02,8198.85,2841.17,773.68,0,0,33.30920735890004,2.378852856681596,2.96805845907086,6.224081454457023,52,20,32,38.46153846153846,5746.689999999999,2415.74,3330.949999999999,296.92,0,0,0.09992762207670011,0.25,-0.0,0.04126984126984127,0.028411968143699978,0.017326637272300383,-0.011901683276415633,
1b_narrow,198,0.4277414858042218,True,77,13,74.0,30.0,21,17,3.4000000000000004,18,39,1.5,3.9,1.0,0.015,0.5,30.134834003199884,1.3731472653202736,1.368465469923596,13.161567341964211,125,34,91,27.2,11089.399999999998,8075.900000000001,3013.4999999999973,780.15,0,0,29.927871579549993,2.276146292166453,2.7248587589863753,6.224257329982611,50,19,31,38.0,5337.95,2345.1699999999996,2992.78,282.13,0,0,0.08978361473864997,0.25,-0.0,0.03968253968253968,0.030134834003199884,0.018657363266013683,-0.0005168658861814519,
1b_narrow,199,0.4406510646519147,True,78,13,74.0,29.0,21,17,3.4000000000000004,18,39,1.5,4.0,1.0,0.015,0.5,33.650739951699904,1.4231369417741255,1.48736500326987,12.603723158505971,124,34,90,27.419354838709676,11317.71,7952.65,3365.0599999999995,777.46,0,0,32.73973902680004,2.380110105974893,2.9305272369978828,6.224081454457023,50,19,31,38.0,5646.24,2372.26,3273.9799999999996,285.59,0,0,0.0982192170804001,0.25,-0.0,0.03968253968253968,0.033650739951699905,0.021156847088706278,-0.002058279151431233,
1b_narrow,200,0.4202533832642147,True,79,13,74.0,31.0,21,17,3.4000000000000004,18,39,1.5,3.9,1.0,0.015,0.5,36.607385288849834,1.4557907659514067,1.592583467285869,12.71107944824995,124,36,88,29.032258064516128,11692.3,8031.58,3660.7199999999993,787.31,0,0,29.28280882739997,2.2251294881557033,2.6709198309093813,6.223518167946436,50,18,32,36.0,5318.46,2390.1800000000003,2928.2799999999997,280.35,0,0,0.08784842648219991,0.25,-0.0,0.03968253968253968,0.03660738528884984,0.022789538297570335,-0.016674506486945108,
1b_narrow,201,0.4406510646519147,True,78,13,74.0,29.0,21,17,3.4000000000000004,18,39,1.5,4.0,1.0,0.015,0.5,33.650739951699904,1.4231369417741255,1.48736500326987,12.603723158505971,124,34,90,27.419354838709676,11317.71,7952.65,3365.0599999999995,777.46,0,0,32.73973902680004,2.380110105974893,2.9305272369978828,6.224081454457023,50,19,31,38.0,5646.24,2372.26,3273.9799999999996,285.59,0,0,0.0982192170804001,0.25,-0.0,0.03968253968253968,0.033650739951699905,0.021156847088706278,-0.002058279151431233,
1b_narrow,202,0.4406510646519147,True,78,13,74.0,29.0,21,17,3.4000000000000004,18,39,1.5,4.0,1.0,0.015,0.5,33.650739951699904,1.4231369417741255,1.48736500326987,12.603723158505971,124,34,90,27.419354838709676,11317.71,7952.65,3365.0599999999995,777.46,0,0,32.73973902680004,2.380110105974893,2.9305272369978828,6.224081454457023,50,19,31,38.0,5646.24,2372.26,3273.9799999999996,285.59,0,0,0.0982192170804001,0.25,-0.0,0.03968253968253968,0.033650739951699905,0.021156847088706278,-0.002058279151431233,
1b_narrow,203,0.4406510646519147,True,78,13,74.0,29.0,21,17,3.4000000000000004,18,39,1.5,4.0,1.0,0.015,0.5,33.650739951699904,1.4231369417741255,1.48736500326987,12.603723158505971,124,34,90,27.419354838709676,11317.71,7952.65,3365.0599999999995,777.46,0,0,32.73973902680004,2.380110105974893,2.9305272369978828,6.224081454457023,50,19,31,38.0,5646.24,2372.26,3273.9799999999996,285.59,0,0,0.0982192170804001,0.25,-0.0,0.03968253968253968,0.033650739951699905,0.021156847088706278,-0.002058279151431233,
1b_narrow,204,0.40354718665069167,True,78,13,74.0,30.0,21,17,3.4000000000000004,18,49,1.5,4.0,1.0,0.015,0.5,24.27412638679987,1.3151068677021331,1.135678403097434,14.67465659143549,114,30,84,26.31578947368421,10130.859999999997,7703.45,2427.409999999997,689.79,0,0,33.088137052999954,2.482481607928529,2.9766645060073507,6.224153565858727,47,19,28,40.42553191489362,5540.750000000001,2231.94,3308.810000000001,266.95,0,0,0.09926441115899987,0.25,-0.0,0.0373015873015873,0.024274126386799873,0.015755343385106656,-0.023048281581802,
1b_narrow,205,0.43512438319372343,True,77,13,74.0,28.0,21,17,3.4000000000000004,18,39,1.5,4.0,1.0,0.015,0.5,31.417077068449856,1.3943849562521187,1.4072259082999472,13.056630793022794,123,33,90,26.829268292682926,11107.810000000001,7966.099999999999,3141.710000000002,768.25,0,0,31.50519080404998,2.3353678178458193,2.8412129510101103,6.224081454457023,50,19,31,38.0,5509.88,2359.3200000000006,3150.5599999999995,283.93,0,0,0.09451557241214995,0.25,-0.0,0.03968253968253968,0.03141707706844986,0.019719247812605936,-0.00021005378202197984,
1b_narrow,206,0.41661367284138134,True,79,13,74.0,30.0,21,17,3.4000000000000004,18,40,1.5,4.0,1.0,0.015,0.5,27.082102208399846,1.3423150475944905,1.2150349266114866,12.602616134721675,123,33,90,26.829268292682926,10619.9,7911.63,2708.2699999999995,742.89,0,0,30.744322412599995,2.2734461077100225,2.780321262488135,6.224490684729023,50,18,32,36.0,5488.69,2414.26,3074.4299999999994,282.06,0,0,0.09223296723779999,0.25,-0.0,0.03968253968253968,0.027082102208399846,0.017115752379724524,-0.009499688667082668,
1b_narrow,207,0.4250343854861261,True,78,13,74.0,29.0,21,17,3.4000000000000004,18,38,1.5,4.0,1.0,0.015,0.5,28.41196814369998,1.3465327454460077,1.2908398964260914,13.780292664554883,125,33,92,26.4,11040.02,8198.85,2841.17,773.68,0,0,33.30920735890004,2.378852856681596,2.96805845907086,6.224081454457023,52,20,32,38.46153846153846,5746.689999999999,2415.74,3330.949999999999,296.92,0,0,0.09992762207670011,0.25,-0.0,0.04126984126984127,0.028411968143699978,0.017326637272300383,-0.011901683276415633,
1b_narrow,208,0.4286301984656295,True,79,13,74.0,30.0,21,17,3.4000000000000004,18,39,1.5,4.0,1.0,0.015,0.5,38.076970261649876,1.4804933572928447,1.6333005208092277,12.601954120992126,122,35,87,28.688524590163933,11732.140000000001,7924.48,3807.6600000000017,775.77,0,0,30.85434317074998,2.2832805812845987,2.7881141387901596,6.224490684729023,50,18,32,36.0,5489.759999999999,2404.33,3085.4299999999994,282.14,0,0,0.09256302951224994,0.25,-0.0,0.03968253968253968,0.038076970261649884,0.024024667864642236,-0.015717008855452266,
1b_narrow,209,0.4165951235709505,True,77,13,74.0,31.0,19,17,3.4000000000000004,18,39,1.5,4.0,1.0,0.015,0.5,31.63788413364995,1.4027053481987044,1.4060546513559933,13.667810165638697,121,33,88,27.272727272727273,11020.06,7856.29,3163.7699999999995,747.74,0,0,28.33192812110001,2.206031840626596,2.589025433260064,6.143752081247843,48,18,30,37.5,5182.409999999999,2349.2,2833.209999999999,271.54,0,0,0.08499578436330002,0.25,-0.0,0.0380952380952381,0.03163788413364995,0.020135267409935223,-0.008269050431172787,
1b_narrow,210,0.39914326118412147,True,78,13,74.0,30.0,21,17,3.4000000000000004,18,40,1.5,4.0,1.0,0.015,0.5,23.009885180449803,1.289943572308848,1.0677532212006764,12.602945869454004,125,32,93,25.6,10236.76,7935.819999999999,2300.9400000000014,744.89,0,0,32.628182419300025,2.3695616586704946,2.922711580784958,6.224081454457023,50,19,31,38.0,5645.22,2382.3900000000003,3262.83,285.55,0,0,0.09788454725790006,0.25,-0.0,0.03968253968253968,0.023009885180449805,0.014497178615442398,-0.02593088955221048,
1b_narrow,211,0.4406510646519147,True,78,13,74.0,29.0,21,17,3.4000000000000004,18,39,1.5,4.0,1.0,0.015,0.5,33.650739951699904,1.4231369417741255,1.48736500326987,12.603723158505971,124,34,90,27.419354838709676,11317.71,7952.65,3365.0599999999995,777.46,0,0,32.73973902680004,2.380110105974893,2.9305272369978828,6.224081454457023,50,19,31,38.0,5646.24,2372.26,3273.9799999999996,285.59,0,0,0.0982192170804001,0.25,-0.0,0.03968253968253968,0.033650739951699905,0.021156847088706278,-0.002058279151431233,
1b_narrow,212,0.4406510646519147,True,78,13,74.0,29.0,21,17,3.4000000000000004,18,39,1.5,4.0,1.0,0.015,0.5,33.650739951699904,1.4231369417741255,1.48736500326987,12.603723158505971,124,34,90,27.419354838709676,11317.71,7952.65,3365.0599999999995,777.46,0,0,32.73973902680004,2.380110105974893,2.9305272369978828,6.224081454457023,50,19,31,38.0,5646.24,2372.26,3273.9799999999996,285.59,0,0,0.0982192170804001,0.25,-0.0,0.03968253968253968,0.033650739951699905,0.021156847088706278,-0.002058279151431233,
1b_narrow,213,0.4406510646519147,True,78,13,74.0,30.0,21,17,3.4000000000000004,18,39,1.5,4.0,1.0,0.015,0.5,33.650739951699904,1.4231369417741255,1.48736500326987,12.603723158505971,124,34,90,27.419354838709676,11317.71,7952.65,3365.0599999999995,777.46,0,0,32.73973902680004,2.380110105974893,2.9305272369978828,6.224081454457023,50,19,31,38.0,5646.24,2372.26,3273.9799999999996,285.59,0,0,0.0982192170804001,0.25,-0.0,0.03968253968253968,0.033650739951699905,0.021156847088706278,-0.002058279151431233,
1b_narrow,214,0.43512438319372343,True,77,13,74.0,28.0,21,17,3.4000000000000004,18,39,1.5,4.0,1.0,0.015,0.5,31.417077068449856,1.3943849562521187,1.4072259082999472,13.056630793022794,123,33,90,26.829268292682926,11107.810000000001,7966.099999999999,3141.710000000002,768.25,0,0,31.50519080404998,2.3353678178458193,2.8412129510101103,6.224081454457023,50,19,31,38.0,5509.88,2359.3200000000006,3150.5599999999995,283.93,0,0,0.09451557241214995,0.25,-0.0,0.03968253968253968,0.03141707706844986,0.019719247812605936,-0.00021005378202197984,
1b_narrow,215,0.4406510646519147,True,78,13,74.0,29.0,21,17,3.4000000000000004,18,39,1.5,4.0,1.0,0.015,0.5,33.650739951699904,1.4231369417741255,1.48736500326987,12.603723158505971,124,34,90,27.419354838709676,11317.71,7952.65,3365.0599999999995,777.46,0,0,32.73973902680004,2.380110105974893,2.9305272369978828,6.224081454457023,50,19,31,38.0,5646.24,2372.26,3273.9799999999996,285.59,0,0,0.0982192170804001,0.25,-0.0,0.03968253968253968,0.033650739951699905,0.021156847088706278,-0.002058279151431233,
1b_narrow,216,0.4286301984656295,True,79,13,74.0,29.0,21,17,3.4000000000000004,18,39,1.5,4.0,1.0,0.015,0.5,38.076970261649876,1.4804933572928447,1.6333005208092277,12.601954120992126,122,35,87,28.688524590163933,11732.140000000001,7924.48,3807.6600000000017,775.77,0,0,30.85434317074998,2.2832805812845987,2.7881141387901596,6.224490684729023,50,18,32,36.0,5489.759999999999,2404.33,3085.4299999999994,282.14,0,0,0.09256302951224994,0.25,-0.0,0.03968253968253968,0.038076970261649884,0.024024667864642236,-0.015717008855452266,
1b_narrow,217,0.4148016279955324,True,77,13,74.0,30.0,21,17,3.4000000000000004,18,38,1.5,4.0,1.0,0.015,0.5,26.262238048299896,1.3198898863539472,1.2103714277209883,14.227374341000226,124,32,92,25.806451612903224,10835.900000000001,8209.7,2626.2000000000007,764.46,0,0,32.06938613360002,2.3345901270943092,2.8788312634439492,6.224081454457023,52,20,32,38.46153846153846,5609.879999999999,2402.94,3206.939999999999,295.26,0,0,0.09620815840080006,0.25,-0.0,0.04126984126984127,0.0262622380482999,0.015994494317697363,-0.014933104041106215,
1b_narrow,218,0.4406510646519147,True,78,13,74.0,29.0,21,17,3.4000000000000004,18,39,1.5,4.0,1.0,0.015,0.5,33.650739951699904,1.4231369417741255,1.48736500326987,12.603723158505971,124,34,90,27.419354838709676,11317.71,7952.65,3365.0599999999995,777.46,0,0,32.73973902680004,2.380110105974893,2.9305272369978828,6.224081454457023,50,19,31,38.0,5646.24,2372.26,3273.9799999999996,285.59,0,0,0.0982192170804001,0.25,-0.0,0.03968253968253968,0.033650739951699905,0.021156847088706278,-0.002058279151431233,
1b_narrow,219,0.41661367284138134,True,79,13,74.0,28.0,21,17,3.4000000000000004,18,40,1.5,4.0,1.0,0.015,0.5,27.082102208399846,1.3423150475944905,1.2150349266114866,12.602616134721675,123,33,90,26.829268292682926,10619.9,7911.63,2708.2699999999995,742.89,0,0,30.744322412599995,2.2734461077100225,2.780321262488135,6.224490684729023,50,18,32,36.0,5488.69,2414.26,3074.4299999999994,282.06,0,0,0.09223296723779999,0.25,-0.0,0.03968253968253968,0.027082102208399846,0.017115752379724524,-0.009499688667082668,
1b_narrow,220,0.4250343854861261,True,78,13,74.0,31.0,21,17,3.4000000000000004,18,38,1.5,4.0,1.0,0.015,0.5,28.41196814369998,1.3465327454460077,1.2908398964260914,13.780292664554883,125,33,92,26.4,11040.02,8198.85,2841.17,773.68,0,0,33.30920735890004,2.378852856681596,2.96805845907086,6.224081454457023,52,20,32,38.46153846153846,5746.689999999999,2415.74,3330.949999999999,296.92,0,0,0.09992762207670011,0.25,-0.0,0.04126984126984127,0.028411968143699978,0.017326637272300383,-0.011901683276415633,
1b_narrow,221,0.4406510646519147,True,78,13,74.0,30.0,21,17,3.4000000000000004,18,39,1.5,4.0,1.0,0.015,0.5,33.650739951699904,1.4231369417741255,1.48736500326987,12.603723158505971,124,34,90,27.419354838709676,11317.71,7952.65,3365.0599999999995,777.46,0,0,32.73973902680004,2.380110105974893,2.9305272369978828,6.224081454457023,50,19,31,38.0,5646.24,2372.26,3273.9799999999996,285.59,0,0,0.0982192170804001,0.25,-0.0,0.03968253968253968,0.033650739951699905,0.021156847088706278,-0.002058279151431233,
1b_narrow,222,0.4406510646519147,True,78,13,74.0,30.0,21,17,3.4000000000000004,18,39,1.5,4.0,1.0,0.015,0.5,33.650739951699904,1.4231369417741255,1.48736500326987,12.603723158505971,124,34,90,27.419354838709676,11317.71,7952.65,3365.0599999999995,777.46,0,0,32.73973902680004,2.380110105974893,2.9305272369978828,6.224081454457023,50,19,31,38.0,5646.24,2372.26,3273.9799999999996,285.59,0,0,0.0982192170804001,0.25,-0.0,0.03968253968253968,0.033650739951699905,0.021156847088706278,-0.002058279151431233,
1b_narrow,223,0.43512438319372343,True,77,13,74.0,30.0,21,17,3.4000000000000004,18,39,1.5,4.0,1.0,0.015,0.5,31.417077068449856,1.3943849562521187,1.4072259082999472,13.056630793022794,123,33,90,26.829268292682926,11107.810000000001,7966.099999999999,3141.710000000002,768.25,0,0,31.50519080404998,2.3353678178458193,2.8412129510101103,6.224081454457023,50,19,31,38.0,5509.88,2359.3200000000006,3150.5599999999995,283.93,0,0,0.09451557241214995,0.25,-0.0,0.03968253968253968,0.03141707706844986,0.019719247812605936,-0.00021005378202197984,
1b_narrow,224,0.4406510646519147,True,78,13,74.0,30.0,21,17,3.4000000000000004,18,39,1.5,4.0,1.0,0.015,0.5,33.650739951699904,1.4231369417741255,1.48736500326987,12.603723158505971,124,34,90,27.419354838709676,11317.71,7952.65,3365.0599999999995,777.46,0,0,32.73973902680004,2.380110105974893,2.9305272369978828,6.224081454457023,50,19,31,38.0,5646.24,2372.26,3273.9799999999996,285.59,0,0,0.0982192170804001,0.25,-0.0,0.03968253968253968,0.033650739951699905,0.021156847088706278,-0.002058279151431233,
1b_narrow,225,0.4286301984656295,True,79,13,74.0,29.0,21,17,3.4000000000000004,18,39,1.5,4.0,1.0,0.015,0.5,38.076970261649876,1.4804933572928447,1.6333005208092277,12.601954120992126,122,35,87,28.688524590163933,11732.140000000001,7924.48,3807.6600000000017,775.77,0,0,30.85434317074998,2.2832805812845987,2.7881141387901596,6.224490684729023,50,18,32,36.0,5489.759999999999,2404.33,3085.4299999999994,282.14,0,0,0.09256302951224994,0.25,-0.0,0.03968253968253968,0.038076970261649884,0.024024667864642236,-0.015717008855452266,
1b_narrow,226,0.43256981406330947,True,78,13,74.0,31.0,21,17,3.4000000000000004,18,39,1.5,3.9,1.0,0.015,0.5,32.296008538049904,1.4006103006847275,1.4474766030288913,12.710026636936497,126,35,91,27.77777777777778,11291.159999999998,8061.599999999999,3229.5599999999986,789.36,0,0,31.116746915799997,2.319835257590282,2.8115209436106503,6.224257329982611,50,19,31,38.0,5469.29,2357.62,3111.67,283.76,0,0,0.09335024074739999,0.25,-0.0,0.03968253968253968,0.032296008538049904,0.020030515034236376,-0.00278948993891649,
1b_narrow,227,0.43512438319372343,True,77,13,74.0,30.0,21,17,3.4000000000000004,18,39,1.5,4.0,1.0,0.015,0.5,31.417077068449856,1.3943849562521187,1.4072259082999472,13.056630793022794,123,33,90,26.829268292682926,11107.810000000001,7966.099999999999,3141.710000000002,768.25,0,0,31.50519080404998,2.3353678178458193,2.8412129510101103,6.224081454457023,50,19,31,38.0,5509.88,2359.3200000000006,3150.5599999999995,283.93,0,0,0.09451557241214995,0.25,-0.0,0.03968253968253968,0.03141707706844986,0.019719247812605936,-0.00021005378202197984,
1b_narrow,228,0.39914326118412147,True,78,13,74.0,29.0,21,17,3.4000000000000004,18,40,1.5,4.0,1.0,0.015,0.5,23.009885180449803,1.289943572308848,1.0677532212006764,12.602945869454004,125,32,93,25.6,10236.76,7935.819999999999,2300.9400000000014,744.89,0,0,32.628182419300025,2.3695616586704946,2.922711580784958,6.224081454457023,50,19,31,38.0,5645.22,2382.3900000000003,3262.83,285.55,0,0,0.09788454725790006,0.25,-0.0,0.03968253968253968,0.023009885180449805,0.014497178615442398,-0.02593088955221048,
1b_narrow,229,0.43435865704871923,True,79,13,74.0,30.0,21,17,3.4000000000000004,18,38,1.5,4.0,1.0,0.015,0.5,34.47259470944984,1.4265803580709508,1.505864452475376,12.601954120992126,122,34,88,27.868852459016395,11528.31,8081.08,3447.2299999999996,772.92,0,0,31.41558289769999,2.2837301100840954,2.8259548227249605,6.224490684729023,52,19,33,36.53846153846154,5588.789999999999,2447.22,3141.5699999999993,293.36,0,0,0.09424674869309997,0.25,-0.0,0.04126984126984127,0.03447259470944984,0.021329017903547545,-0.006959545527219397,
1b_narrow,230,0.4406510646519147,True,78,13,74.0,31.0,21,17,3.4000000000000004,18,39,1.5,4.0,1.0,0.015,0.5,33.650739951699904,1.4231369417741255,1.48736500326987,12.603723158505971,124,34,90,27.419354838709676,11317.71,7952.65,3365.0599999999995,777.46,0,0,32.73973902680004,2.380110105974893,2.9305272369978828,6.224081454457023,50,19,31,38.0,5646.24,2372.26,3273.9799999999996,285.59,0,0,0.0982192170804001,0.25,-0.0,0.03968253968253968,0.033650739951699905,0.021156847088706278,-0.002058279151431233,
1b_narrow,231,0.4406510646519147,True,78,13,74.0,31.0,21,17,3.4000000000000004,18,39,1.5,4.0,1.0,0.015,0.5,33.650739951699904,1.4231369417741255,1.48736500326987,12.603723158505971,124,34,90,27.419354838709676,11317.71,7952.65,3365.0599999999995,777.46,0,0,32.73973902680004,2.380110105974893,2.9305272369978828,6.224081454457023,50,19,31,38.0,5646.24,2372.26,3273.9799999999996,285.59,0,0,0.0982192170804001,0.25,-0.0,0.03968253968253968,0.033650739951699905,0.021156847088706278,-0.002058279151431233,
1b_narrow,232,0.4406510646519147,True,78,13,74.0,31.0,21,17,3.4000000000000004,18,39,1.5,4.0,1.0,0.015,0.5,33.650739951699904,1.4231369417741255,1.48736500326987,12.603723158505971,124,34,90,27.419354838709676,11317.71,7952.65,3365.0599999999995,777.46,0,0,32.73973902680004,2.380110105974893,2.9305272369978828,6.224081454457023,50,19,31,38.0,5646.24,2372.26,3273.9799999999996,285.59,0,0,0.0982192170804001,0.25,-0.0,0.03968253968253968,0.033650739951699905,0.021156847088706278,-0.002058279151431233,
1b_narrow,233,0.4406510646519147,True,78,13,74.0,30.0,21,17,3.4000000000000004,18,39,1.5,4.0,1.0,0.015,0.5,33.650739951699904,1.4231369417741255,1.48736500326987,12.603723158505971,124,34,90,27.419354838709676,11317.71,7952.65,3365.0599999999995,777.46,0,0,32.73973902680004,2.380110105974893,2.9305272369978828,6.224081454457023,50,19,31,38.0,5646.24,2372.26,3273.9799999999996,285.59,0,0,0.0982192170804001,0.25,-0.0,0.03968253968253968,0.033650739951699905,0.021156847088706278,-0.002058279151431233,
1b_narrow,234,0.4009074373600832,True,77,13,74.0,32.0,21,17,3.4000000000000004,18,39,1.5,3.3,1.0,0.015,0.5,22.585075650849813,1.297137714908195,1.1416641763524544,13.805361845345152,131,38,93,29.00763358778626,9859.439999999999,7600.92,2258.5199999999986,767.16,0,0,25.803880895600035,2.052696638381201,2.6836906021799383,6.223551796964615,58,23,35,39.6551724137931,5031.57,2451.2000000000003,2580.3699999999994,320.67,0,0,0.0774116426868001,0.25,-0.0,0.046031746031746035,0.022585075650849815,0.014856885745409755,-0.009977912754722467,
1b_narrow,235,-1.010204081632653,False,78,13,74.0,31.0,21,17,3.4000000000000004,18,39,1.8,4.0,1.0,0.015,0.5,10.898814318999921,1.193734690467472,0.6211353471344188,12.705325536184262,92,23,69,25.0,6715.45,5625.579999999999,1089.8700000000008,490.26,0,0,35.96527618560005,2.800178188880213,3.234260196312457,4.771138219638336,42,17,25,40.476190476190474,5594.42,1997.8799999999999,3596.54,245.69,0,0,,,,,,,,0.061224489795918324
1b_narrow,236,0.4286301984656295,True,79,13,74.0,30.0,21,17,3.4000000000000004,18,39,1.5,4.0,1.0,0.015,0.5,38.076970261649876,1.4804933572928447,1.6333005208092277,12.601954120992126,122,35,87,28.688524590163933,11732.140000000001,7924.48,3807.6600000000017,775.77,0,0,30.85434317074998,2.2832805812845987,2.7881141387901596,6.224490684729023,50,18,32,36.0,5489.759999999999,2404.33,3085.4299999999994,282.14,0,0,0.09256302951224994,0.25,-0.0,0.03968253968253968,0.038076970261649884,0.024024667864642236,-0.015717008855452266,
1b_narrow,237,0.4406510646519147,True,78,13,74.0,29.0,21,17,3.4000000000000004,18,39,1.5,4.0,1.0,0.015,0.5,33.650739951699904,1.4231369417741255,1.48736500326987,12.603723158505971,124,34,90,27.419354838709676,11317.71,7952.65,3365.0599999999995,777.46,0,0,32.73973902680004,2.380110105974893,2.9305272369978828,6.224081454457023,50,19,31,38.0,5646.24,2372.26,3273.9799999999996,285.59,0,0,0.0982192170804001,0.25,-0.0,0.03968253968253968,0.033650739951699905,0.021156847088706278,-0.002058279151431233,
1b_narrow,238,0.38897107363851996,True,77,13,74.0,45.0,21,17,3.4000000000000004,18,40,1.5,4.0,1.0,0.015,0.5,20.95872741284995,1.263693860424973,0.9884257468598309,13.05538871260421,124,31,93,25.0,10044.18,7948.27,2095.91,736.11,0,0,30.28922742464998,2.230270265879237,2.745404601744827,6.224081454457023,52,19,33,36.53846153846154,5490.969999999999,2462.0200000000004,3028.949999999999,294.91,0,0,0.09086768227394994,0.25,-0.0,0.04126984126984127,0.020958727412849952,0.013184693021248651,-0.02730987033936984,
1b_narrow,239,0.4406510646519147,True,78,13,74.0,30.0,21,17,3.4000000000000004,18,39,1.5,4.0,1.0,0.015,0.5,33.650739951699904,1.4231369417741255,1.48736500326987,12.603723158505971,124,34,90,27.419354838709676,11317.71,7952.65,3365.0599999999995,777.46,0,0,32.73973902680004,2.380110105974893,2.9305272369978828,6.224081454457023,50,19,31,38.0,5646.24,2372.26,3273.9799999999996,285.59,0,0,0.0982192170804001,0.25,-0.0,0.03968253968253968,0.033650739951699905,0.021156847088706278,-0.002058279151431233,
1b_narrow,240,0.4286301984656295,True,79,13,74.0,29.0,21,17,3.4000000000000004,18,39,1.5,4.0,1.0,0.015,0.5,38.076970261649876,1.4804933572928447,1.6333005208092277,12.601954120992126,122,35,87,28.688524590163933,11732.140000000001,7924.48,3807.6600000000017,775.77,0,0,30.85434317074998,2.2832805812845987,2.7881141387901596,6.224490684729023,50,18,32,36.0,5489.759999999999,2404.33,3085.4299999999994,282.14,0,0,0.09256302951224994,0.25,-0.0,0.03968253968253968,0.038076970261649884,0.024024667864642236,-0.015717008855452266,
1b_narrow,241,0.4406510646519147,True,78,13,74.0,30.0,21,17,3.4000000000000004,18,39,1.5,4.0,1.0,0.015,0.5,33.650739951699904,1.4231369417741255,1.48736500326987,12.603723158505971,124,34,90,27.419354838709676,11317.71,7952.65,3365.0599999999995,777.46,0,0,32.73973902680004,2.380110105974893,2.9305272369978828,6.224081454457023,50,19,31,38.0,5646.24,2372.26,3273.9799999999996,285.59,0,0,0.0982192170804001,0.25,-0.0,0.03968253968253968,0.033650739951699905,0.021156847088706278,-0.002058279151431233,
1b_narrow,242,0.4406510646519147,True,78,13,74.0,30.0,21,17,3.4000000000000004,18,39,1.5,4.0,1.0,0.015,0.5,33.650739951699904,1.4231369417741255,1.48736500326987,12.603723158505971,124,34,90,27.419354838709676,11317.71,7952.65,3365.0599999999995,777.46,0,0,32.73973902680004,2.380110105974893,2.9305272369978828,6.224081454457023,50,19,31,38.0,5646.24,2372.26,3273.9799999999996,285.59,0,0,0.0982192170804001,0.25,-0.0,0.03968253968253968,0.033650739951699905,0.021156847088706278,-0.002058279151431233,
1b_narrow,243,0.4406510646519147,True,78,13,74.0,30.0,21,17,3.4000000000000004,18,39,1.5,4.0,1.0,0.015,0.5,33.650739951699904,1.4231369417741255,1.48736500326987,12.603723158505971,124,34,90,27.419354838709676,11317.71,7952.65,3365.0599999999995,777.46,0,0,32.73973902680004,2.380110105974893,2.9305272369978828,6.224081454457023,50,19,31,38.0,5646.24,2372.26,3273.9799999999996,285.59,0,0,0.0982192170804001,0.25,-0.0,0.03968253968253968,0.033650739951699905,0.021156847088706278,-0.002058279151431233,
1b_narrow,244,0.4406510646519147,True,78,13,74.0,31.0,21,17,3.4000000000000004,18,39,1.5,4.0,1.0,0.015,0.5,33.650739951699904,1.4231369417741255,1.48736500326987,12.603723158505971,124,34,90,27.419354838709676,11317.71,7952.65,3365.0599999999995,777.46,0,0,32.73973902680004,2.380110105974893,2.9305272369978828,6.224081454457023,50,19,31,38.0,5646.24,2372.26,3273.9799999999996,285.59,0,0,0.0982192170804001,0.25,-0.0,0.03968253968253968,0.033650739951699905,0.021156847088706278,-0.002058279151431233,
1b_narrow,245,0.4148016279955324,True,77,13,74.0,30.0,21,17,3.4000000000000004,18,38,1.5,4.0,1.0,0.015,0.5,26.262238048299896,1.3198898863539472,1.2103714277209883,14.227374341000226,124,32,92,25.806451612903224,10835.900000000001,8209.7,2626.2000000000007,764.46,0,0,32.06938613360002,2.3345901270943092,2.8788312634439492,6.224081454457023,52,20,32,38.46153846153846,5609.879999999999,2402.94,3206.939999999999,295.26,0,0,0.09620815840080006,0.25,-0.0,0.04126984126984127,0.0262622380482999,0.015994494317697363,-0.014933104041106215,
1b_narrow,246,0.4286301984656295,True,79,13,74.0,29.0,21,17,3.4000000000000004,18,39,1.5,4.0,1.0,0.015,0.5,38.076970261649876,1.4804933572928447,1.6333005208092277,12.601954120992126,122,35,87,28.688524590163933,11732.140000000001,7924.48,3807.6600000000017,775.77,0,0,30.85434317074998,2.2832805812845987,2.7881141387901596,6.224490684729023,50,18,32,36.0,5489.759999999999,2404.33,3085.4299999999994,282.14,0,0,0.09256302951224994,0.25,-0.0,0.03968253968253968,0.038076970261649884,0.024024667864642236,-0.015717008855452266,
1b_narrow,247,0.4250343854861261,True,78,13,74.0,31.0,21,17,3.4000000000000004,18,38,1.5,4.0,1.0,0.015,0.5,28.41196814369998,1.3465327454460077,1.2908398964260914,13.780292664554883,125,33,92,26.4,11040.02,8198.85,2841.17,773.68,0,0,33.30920735890004,2.378852856681596,2.96805845907086,6.224081454457023,52,20,32,38.46153846153846,5746.689999999999,2415.74,3330.949999999999,296.92,0,0,0.09992762207670011,0.25,-0.0,0.04126984126984127,0.028411968143699978,0.017326637272300383,-0.011901683276415633,
1b_narrow,248,0.4286301984656295,True,79,13,74.0,29.0,21,17,3.4000000000000004,18,39,1.5,4.0,1.0,0.015,0.5,38.076970261649876,1.4804933572928447,1.6333005208092277,12.601954120992126,122,35,87,28.688524590163933,11732.140000000001,7924.48,3807.6600000000017,775.77,0,0,30.85434317074998,2.2832805812845987,2.7881141387901596,6.224490684729023,50,18,32,36.0,5489.759999999999,2404.33,3085.4299999999994,282.14,0,0,0.09256302951224994,0.25,-0.0,0.03968253968253968,0.038076970261649884,0.024024667864642236,-0.015717008855452266,
1b_narrow,249,0.4319537227062537,True,78,13,74.0,30.0,21,17,3.4000000000000004,18,39,1.5,2.9,1.0,0.015,0.5,28.6786886289,1.3735989307320735,1.4780733839784628,11.490587415823834,138,45,93,32.608695652173914,10544.130000000001,7676.28,2867.8500000000013,839.75,0,0,33.097829729049955,2.479017619747702,3.5524039998616157,4.536437231752561,58,27,31,46.55172413793103,5547.619999999999,2237.83,3309.789999999999,327.99,0,0,0.09929348918714986,0.25,-0.0,0.046031746031746035,0.028678688628900002,0.018679946536603678,-0.01073014767814588,
1b_narrow,250,0.39913750665474573,True,77,13,74.0,31.0,21,17,3.4000000000000004,18,44,1.5,4.0,1.0,0.015,0.5,23.55397904834992,1.2976413872408716,1.1054317539571727,13.05656983131335,120,30,90,25.0,10268.95,7913.55,2355.4000000000005,724.6,0,0,31.126076287150028,2.3665851506144437,2.8288823965805783,6.224153565858727,48,19,29,39.583333333333336,5390.299999999999,2277.6699999999996,3112.6299999999997,270.39,0,0,0.09337822886145009,0.25,-0.0,0.0380952380952381,0.02355397904834992,0.014882069362043582,-0.020772008712335942,
1b_narrow,251,0.39914326118412147,True,78,13,74.0,30.0,21,17,3.4000000000000004,18,40,1.5,4.0,1.0,0.015,0.5,23.009885180449803,1.289943572308848,1.0677532212006764,12.602945869454004,125,32,93,25.6,10236.76,7935.819999999999,2300.9400000000014,744.89,0,0,32.628182419300025,2.3695616586704946,2.922711580784958,6.224081454457023,50,19,31,38.0,5645.22,2382.3900000000003,3262.83,285.55,0,0,0.09788454725790006,0.25,-0.0,0.03968253968253968,0.023009885180449805,0.014497178615442398,-0.02593088955221048,
1b_narrow,252,0.43256981406330947,True,78,13,74.0,29.0,21,17,3.4000000000000004,18,39,1.5,3.9,1.0,0.015,0.5,32.296008538049904,1.4006103006847275,1.4474766030288913,12.710026636936497,126,35,91,27.77777777777778,11291.159999999998,8061.599999999999,3229.5599999999986,789.36,0,0,31.116746915799997,2.319835257590282,2.8115209436106503,6.224257329982611,50,19,31,38.0,5469.29,2357.62,3111.67,283.76,0,0,0.09335024074739999,0.25,-0.0,0.03968253968253968,0.032296008538049904,0.020030515034236376,-0.00278948993891649,
1b_narrow,253,0.4342515485506332,True,77,13,74.0,32.0,21,17,3.4000000000000004,18,39,1.5,4.0,1.0,0.015,0.5,31.417077068449856,1.3943849562521187,1.4072259082999472,13.056630793022794,123,33,90,26.829268292682926,11107.810000000001,7966.099999999999,3141.710000000002,768.25,0,0,31.118446486249958,2.2997765386462836,2.810849963754385,6.224081454457023,51,19,32,37.254901960784316,5506.01,2394.15,3111.86,289.95,0,0,0.09335533945874987,0.25,-0.0,0.04047619047619048,0.03141707706844986,0.019719247812605936,-0.0007163062653629647,
1b_narrow,254,0.4406510646519147,True,78,13,74.0,28.0,21,17,3.4000000000000004,18,39,1.5,4.0,1.0,0.015,0.5,33.650739951699904,1.4231369417741255,1.48736500326987,12.603723158505971,124,34,90,27.419354838709676,11317.71,7952.65,3365.0599999999995,777.46,0,0,32.73973902680004,2.380110105974893,2.9305272369978828,6.224081454457023,50,19,31,38.0,5646.24,2372.26,3273.9799999999996,285.59,0,0,0.0982192170804001,0.25,-0.0,0.03968253968253968,0.033650739951699905,0.021156847088706278,-0.002058279151431233,
1b_narrow,255,0.41661367284138134,True,79,13,74.0,30.0,21,17,3.4000000000000004,18,40,1.5,4.0,1.0,0.015,0.5,27.082102208399846,1.3423150475944905,1.2150349266114866,12.602616134721675,123,33,90,26.829268292682926,10619.9,7911.63,2708.2699999999995,742.89,0,0,30.744322412599995,2.2734461077100225,2.780321262488135,6.224490684729023,50,18,32,36.0,5488.69,2414.26,3074.4299999999994,282.06,0,0,0.09223296723779999,0.25,-0.0,0.03968253968253968,0.027082102208399846,0.017115752379724524,-0.009499688667082668,
1b_narrow,256,0.43256981406330947,True,78,13,74.0,30.0,21,17,3.4000000000000004,18,39,1.5,3.9,1.0,0.015,0.5,32.296008538049904,1.4006103006847275,1.4474766030288913,12.710026636936497,126,35,91,27.77777777777778,11291.159999999998,8061.599999999999,3229.5599999999986,789.36,0,0,31.116746915799997,2.319835257590282,2.8115209436106503,6.224257329982611,50,19,31,38.0,5469.29,2357.62,3111.67,283.76,0,0,0.09335024074739999,0.25,-0.0,0.03968253968253968,0.032296008538049904,0.020030515034236376,-0.00278948993891649,
1b_narrow,257,0.43435865704871923,True,79,13,74.0,29.0,21,17,3.4000000000000004,18,38,1.5,4.0,1.0,0.015,0.5,34.47259470944984,1.4265803580709508,1.505864452475376,12.601954120992126,122,34,88,27.868852459016395,11528.31,8081.08,3447.2299999999996,772.92,0,0,31.41558289769999,2.2837301100840954,2.8259548227249605,6.224490684729023,52,19,33,36.53846153846154,5588.789999999999,2447.22,3141.5699999999993,293.36,0,0,0.09424674869309997,0.25,-0.0,0.04126984126984127,0.03447259470944984,0.021329017903547545,-0.006959545527219397,
1b_narrow,258,0.43512438319372343,True,77,13,74.0,31.0,21,17,3.4000000000000004,18,39,1.5,4.0,1.0,0.015,0.5,31.417077068449856,1.3943849562521187,1.4072259082999472,13.056630793022794,123,33,90,26.829268292682926,11107.810000000001,7966.099999999999,3141.710000000002,768.25,0,0,31.50519080404998,2.3353678178458193,2.8412129510101103,6.224081454457023,50,19,31,38.0,5509.88,2359.3200000000006,3150.5599999999995,283.93,0,0,0.09451557241214995,0.25,-0.0,0.03968253968253968,0.03141707706844986,0.019719247812605936,-0.00021005378202197984,
1b_narrow,259,0.39914326118412147,True,78,13,74.0,30.0,21,17,3.4000000000000004,18,40,1.5,4.0,1.0,0.015,0.5,23.009885180449803,1.289943572308848,1.0677532212006764,12.602945869454004,125,32,93,25.6,10236.76,7935.819999999999,2300.9400000000014,744.89,0,0,32.628182419300025,2.3695616586704946,2.922711580784958,6.224081454457023,50,19,31,38.0,5645.22,2382.3900000000003,3262.83,285.55,0,0,0.09788454725790006,0.25,-0.0,0.03968253968253968,0.023009885180449805,0.014497178615442398,-0.02593088955221048,
1b_narrow,260,0.34103188276282226,True,78,13,74.0,29.0,21,17,3.4000000000000004,18,39,1.7000000000000002,4.0,1.0,0.015,0.5,12.833523028850014,1.1986191761486744,0.7029686670425224,10.728382240622345,106,27,79,25.471698113207548,7744.71,6461.360000000001,1283.3499999999995,582.52,0,0,32.61116116024997,2.4634004056649497,2.9495513009635346,6.223712151359111,45,17,28,37.77777777777778,5489.539999999999,2228.4399999999996,3261.0999999999995,255.04,0,0,0.0978334834807499,0.25,-0.0,0.03571428571428572,0.012833523028850014,0.00993095880743372,-0.06528036826849708,
1b_narrow,261,0.4153343630785825,True,77,13,74.0,42.0,21,17,3.4000000000000004,18,38,1.5,4.0,1.0,0.015,0.5,26.262238048299896,1.3198898863539472,1.2103714277209883,14.227374341000226,124,32,92,25.806451612903224,10835.900000000001,8209.7,2626.2000000000007,764.46,0,0,31.679326179700002,2.299635701275045,2.8484949375072732,6.224081454457023,53,20,33,37.735849056603776,5605.499999999999,2437.56,3167.939999999999,301.23,0,0,0.0950379785391,0.25,-0.0,0.04206349206349207,0.0262622380482999,0.015994494317697363,-0.014023839890006799,
1b_narrow,262,0.4286301984656295,True,79,13,74.0,28.0,21,17,3.4000000000000004,18,39,1.5,4.0,1.0,0.015,0.5,38.076970261649876,1.4804933572928447,1.6333005208092277,12.601954120992126,122,35,87,28.688524590163933,11732.140000000001,7924.48,3807.6600000000017,775.77,0,0,30.85434317074998,2.2832805812845987,2.7881141387901596,6.224490684729023,50,18,32,36.0,5489.759999999999,2404.33,3085.4299999999994,282.14,0,0,0.09256302951224994,0.25,-0.0,0.03968253968253968,0.038076970261649884,0.024024667864642236,-0.015717008855452266,
1b_narrow,263,0.43256981406330947,True,78,13,74.0,31.0,21,17,3.4000000000000004,18,39,1.5,3.9,1.0,0.015,0.5,32.296008538049904,1.4006103006847275,1.4474766030288913,12.710026636936497,126,35,91,27.77777777777778,11291.159999999998,8061.599999999999,3229.5599999999986,789.36,0,0,31.116746915799997,2.319835257590282,2.8115209436106503,6.224257329982611,50,19,31,38.0,5469.29,2357.62,3111.67,283.76,0,0,0.09335024074739999,0.25,-0.0,0.03968253968253968,0.032296008538049904,0.020030515034236376,-0.00278948993891649,
1b_narrow,264,0.43512438319372343,True,77,13,74.0,30.0,21,17,3.4000000000000004,18,39,1.5,4.0,1.0,0.015,0.5,31.417077068449856,1.3943849562521187,1.4072259082999472,13.056630793022794,123,33,90,26.829268292682926,11107.810000000001,7966.099999999999,3141.710000000002,768.25,0,0,31.50519080404998,2.3353678178458193,2.8412129510101103,6.224081454457023,50,19,31,38.0,5509.88,2359.3200000000006,3150.5599999999995,283.93,0,0,0.09451557241214995,0.25,-0.0,0.03968253968253968,0.03141707706844986,0.019719247812605936,-0.00021005378202197984,
1b_narrow,265,0.36598542331350803,True,78,13,74.0,30.0,21,17,3.4000000000000004,16,40,1.5,4.0,1.0,0.015,0.5,16.37635496494995,1.2104258192513628,0.8392570629945502,12.416400057489406,128,32,96,25.0,9420.029999999999,7782.410000000001,1637.619999999998,727.52,0,0,33.88788270175,2.457234635430105,3.026268772339909,6.223199459008842,50,20,30,40.0,5714.25,2325.4799999999996,3388.7700000000004,284.77,0,0,0.10166364810525,0.25,-0.0,0.03968253968253968,0.01637635496494995,0.010521290962568142,-0.052258410401799744,
1b_narrow,266,0.43435865704871923,True,79,13,74.0,29.0,21,17,3.4000000000000004,18,38,1.5,4.0,1.0,0.015,0.5,34.47259470944984,1.4265803580709508,1.505864452475376,12.601954120992126,122,34,88,27.868852459016395,11528.31,8081.08,3447.2299999999996,772.92,0,0,31.41558289769999,2.2837301100840954,2.8259548227249605,6.224490684729023,52,19,33,36.53846153846154,5588.789999999999,2447.22,3141.5699999999993,293.36,0,0,0.09424674869309997,0.25,-0.0,0.04126984126984127,0.03447259470944984,0.021329017903547545,-0.006959545527219397,
1b_narrow,267,0.4406510646519147,True,78,13,74.0,31.0,21,17,3.4000000000000004,18,39,1.5,4.0,1.0,0.015,0.5,33.650739951699904,1.4231369417741255,1.48736500326987,12.603723158505971,124,34,90,27.419354838709676,11317.71,7952.65,3365.0599999999995,777.46,0,0,32.73973902680004,2.380110105974893,2.9305272369978828,6.224081454457023,50,19,31,38.0,5646.24,2372.26,3273.9799999999996,285.59,0,0,0.0982192170804001,0.25,-0.0,0.03968253968253968,0.033650739951699905,0.021156847088706278,-0.002058279151431233,
1b_narrow,268,0.3542762454622437,True,78,13,74.0,29.0,21,17,3.2,18,39,1.5,3.9,1.0,0.015,0.5,15.730579406899942,1.2364396080081765,0.8393161235987188,13.305054319311724,117,30,87,25.641025641025642,8226.28,6653.2,1573.0800000000008,636.72,0,0,22.224009812750065,2.0923246303869143,2.2373983855098176,6.9187982614399814,45,16,29,35.55555555555556,4256.96,2034.56,2222.4,250.14,0,0,0.0666720294382502,0.25,-0.0,0.03571428571428572,0.015730579406899942,0.011821980400408827,-0.025662629497600984,
1b_narrow,269,0.43512438319372343,True,77,13,74.0,30.0,21,17,3.4000000000000004,18,39,1.5,4.0,1.0,0.015,0.5,31.417077068449856,1.3943849562521187,1.4072259082999472,13.056630793022794,123,33,90,26.829268292682926,11107.810000000001,7966.099999999999,3141.710000000002,768.25,0,0,31.50519080404998,2.3353678178458193,2.8412129510101103,6.224081454457023,50,19,31,38.0,5509.88,2359.3200000000006,3150.5599999999995,283.93,0,0,0.09451557241214995,0.25,-0.0,0.03968253968253968,0.03141707706844986,0.019719247812605936,-0.00021005378202197984,
1b_narrow,270,0.39914326118412147,True,78,13,74.0,28.0,21,17,3.4000000000000004,18,40,1.5,4.0,1.0,0.015,0.5,23.009885180449803,1.289943572308848,1.0677532212006764,12.602945869454004,125,32,93,25.6,10236.76,7935.819999999999,2300.9400000000014,744.89,0,0,32.628182419300025,2.3695616586704946,2.922711580784958,6.224081454457023,50,19,31,38.0,5645.22,2382.3900000000003,3262.83,285.55,0,0,0.09788454725790006,0.25,-0.0,0.03968253968253968,0.023009885180449805,0.014497178615442398,-0.02593088955221048,
1b_narrow,271,0.4286301984656295,True,79,13,74.0,31.0,21,17,3.4000000000000004,18,39,1.5,4.0,1.0,0.015,0.5,38.076970261649876,1.4804933572928447,1.6333005208092277,12.601954120992126,122,35,87,28.688524590163933,11732.140000000001,7924.48,3807.6600000000017,775.77,0,0,30.85434317074998,2.2832805812845987,2.7881141387901596,6.224490684729023,50,18,32,36.0,5489.759999999999,2404.33,3085.4299999999994,282.14,0,0,0.09256302951224994,0.25,-0.0,0.03968253968253968,0.038076970261649884,0.024024667864642236,-0.015717008855452266,
1b_narrow,272,0.4250343854861261,True,78,13,74.0,30.0,21,17,3.4000000000000004,18,38,1.5,4.0,1.0,0.015,0.5,28.41196814369998,1.3465327454460077,1.2908398964260914,13.780292664554883,125,33,92,26.4,11040.02,8198.85,2841.17,773.68,0,0,33.30920735890004,2.378852856681596,2.96805845907086,6.224081454457023,52,20,32,38.46153846153846,5746.689999999999,2415.74,3330.949999999999,296.92,0,0,0.09992762207670011,0.25,-0.0,0.04126984126984127,0.028411968143699978,0.017326637272300383,-0.011901683276415633,
1b_narrow,273,0.43512438319372343,True,77,13,74.0,29.0,21,17,3.4000000000000004,18,39,1.5,4.0,1.0,0.015,0.5,31.417077068449856,1.3943849562521187,1.4072259082999472,13.056630793022794,123,33,90,26.829268292682926,11107.810000000001,7966.099999999999,3141.710000000002,768.25,0,0,31.50519080404998,2.3353678178458193,2.8412129510101103,6.224081454457023,50,19,31,38.0,5509.88,2359.3200000000006,3150.5599999999995,283.93,0,0,0.09451557241214995,0.25,-0.0,0.03968253968253968,0.03141707706844986,0.019719247812605936,-0.00021005378202197984,
1b_narrow,274,0.393933151045384,True,79,13,74.0,30.0,21,20,3.4000000000000004,18,39,1.5,4.0,1.0,0.015,0.5,21.845420555949897,1.377884951374017,1.1597374356982553,9.387613275027702,99,28,71,28.282828282828284,7965.36,5780.86,2184.5,562.51,0,0,32.72875719489999,2.602663859168034,3.222022133323982,4.680515357892262,44,16,28,36.36363636363637,5315.03,2042.1499999999996,3272.88,258.57,0,0,0.09818627158469997,0.25,-0.0,0.03492063492063492,0.021845420555949898,0.018894247568700853,-0.029913423584601626,
1b_narrow,275,0.4406510646519147,True,78,13,74.0,30.0,21,17,3.4000000000000004,18,39,1.5,4.0,1.0,0.015,0.5,33.650739951699904,1.4231369417741255,1.48736500326987,12.603723158505971,124,34,90,27.419354838709676,11317.71,7952.65,3365.0599999999995,777.46,0,0,32.73973902680004,2.380110105974893,2.9305272369978828,6.224081454457023,50,19,31,38.0,5646.24,2372.26,3273.9799999999996,285.59,0,0,0.0982192170804001,0.25,-0.0,0.03968253968253968,0.033650739951699905,0.021156847088706278,-0.002058279151431233,
1b_narrow,276,0.39914326118412147,True,78,13,74.0,29.0,21,17,3.4000000000000004,18,40,1.5,4.0,1.0,0.015,0.5,23.009885180449803,1.289943572308848,1.0677532212006764,12.602945869454004,125,32,93,25.6,10236.76,7935.819999999999,2300.9400000000014,744.89,0,0,32.628182419300025,2.3695616586704946,2.922711580784958,6.224081454457023,50,19,31,38.0,5645.22,2382.3900000000003,3262.83,285.55,0,0,0.09788454725790006,0.25,-0.0,0.03968253968253968,0.023009885180449805,0.014497178615442398,-0.02593088955221048,
1b_narrow,277,0.4202533832642147,True,79,13,74.0,30.0,21,17,3.4000000000000004,18,39,1.5,3.9,1.0,0.015,0.5,36.607385288849834,1.4557907659514067,1.592583467285869,12.71107944824995,124,36,88,29.032258064516128,11692.3,8031.58,3660.7199999999993,787.31,0,0,29.28280882739997,2.2251294881557033,2.6709198309093813,6.223518167946436,50,18,32,36.0,5318.46,2390.1800000000003,2928.2799999999997,280.35,0,0,0.08784842648219991,0.25,-0.0,0.03968253968253968,0.03660738528884984,0.022789538297570335,-0.016674506486945108,
1b_narrow,278,0.4165951235709505,True,77,13,74.0,31.0,19,17,3.4000000000000004,18,39,1.5,4.0,1.0,0.015,0.5,31.63788413364995,1.4027053481987044,1.4060546513559933,13.667810165638697,121,33,88,27.272727272727273,11020.06,7856.29,3163.7699999999995,747.74,0,0,28.33192812110001,2.206031840626596,2.589025433260064,6.143752081247843,48,18,30,37.5,5182.409999999999,2349.2,2833.209999999999,271.54,0,0,0.08499578436330002,0.25,-0.0,0.0380952380952381,0.03163788413364995,0.020135267409935223,-0.008269050431172787,
1b_narrow,279,0.4250343854861261,True,78,13,74.0,28.0,21,17,3.4000000000000004,18,38,1.5,4.0,1.0,0.015,0.5,28.41196814369998,1.3465327454460077,1.2908398964260914,13.780292664554883,125,33,92,26.4,11040.02,8198.85,2841.17,773.68,0,0,33.30920735890004,2.378852856681596,2.96805845907086,6.224081454457023,52,20,32,38.46153846153846,5746.689999999999,2415.74,3330.949999999999,296.92,0,0,0.09992762207670011,0.25,-0.0,0.04126984126984127,0.028411968143699978,0.017326637272300383,-0.011901683276415633,
1b_narrow,280,0.39964236046866425,True,78,13,74.0,32.0,21,17,3.4000000000000004,18,40,1.5,4.0,1.0,0.015,0.5,23.009885180449803,1.289943572308848,1.0677532212006764,12.602945869454004,125,32,93,25.6,10236.76,7935.819999999999,2300.9400000000014,744.89,0,0,32.23768936600003,2.333498792150634,2.8923184885140167,6.224081454457023,51,19,32,37.254901960784316,5641.280000000001,2417.52,3223.7600000000007,291.61,0,0,0.0967130680980001,0.25,-0.0,0.04047619047619048,0.023009885180449805,0.014497178615442398,-0.025053961901418533,
1b_narrow,281,0.42857742460206,True,80,13,74.0,29.0,21,17,3.4000000000000004,18,39,1.5,4.0,1.0,0.015,0.5,38.373598023049965,1.4850128353073964,1.643853371362088,12.602307623920353,121,35,86,28.925619834710744,11749.079999999998,7911.7699999999995,3837.3099999999986,770.97,0,0,30.85434317074998,2.2832805812845987,2.7881141387901596,6.224490684729023,50,18,32,36.0,5489.759999999999,2404.33,3085.4299999999994,282.14,0,0,0.09256302951224994,0.25,-0.0,0.03968253968253968,0.03837359802304997,0.02425064176536982,-0.016292384381149428,
1b_narrow,282,0.40824885556545293,True,77,13,74.0,30.0,21,17,3.4000000000000004,18,38,1.5,3.9,1.0,0.015,0.5,25.074737040249946,1.3014186869512536,1.1719461134009075,14.33130280563233,126,33,93,26.19047619047619,10826.449999999999,8318.96,2507.49,776.61,0,0,30.458223422350038,2.275235196342367,2.760938910896997,6.224257329982611,52,20,32,38.46153846153846,5434.24,2388.43,3045.81,293.37,0,0,0.09137467026705011,0.25,-0.0,0.04126984126984127,0.025074737040249945,0.015070934347562681,-0.01454132735925108,
1b_narrow,283,0.4406510646519147,True,78,13,74.0,31.0,21,17,3.4000000000000004,18,39,1.5,4.0,1.0,0.015,0.5,33.650739951699904,1.4231369417741255,1.48736500326987,12.603723158505971,124,34,90,27.419354838709676,11317.71,7952.65,3365.0599999999995,777.46,0,0,32.73973902680004,2.380110105974893,2.9305272369978828,6.224081454457023,50,19,31,38.0,5646.24,2372.26,3273.9799999999996,285.59,0,0,0.0982192170804001,0.25,-0.0,0.03968253968253968,0.033650739951699905,0.021156847088706278,-0.002058279151431233,
1b_narrow,284,0.4406510646519147,True,78,13,74.0,29.0,21,17,3.4000000000000004,18,39,1.5,4.0,1.0,0.015,0.5,33.650739951699904,1.4231369417741255,1.48736500326987,12.603723158505971,124,34,90,27.419354838709676,11317.71,7952.65,3365.0599999999995,777.46,0,0,32.73973902680004,2.380110105974893,2.9305272369978828,6.224081454457023,50,19,31,38.0,5646.24,2372.26,3273.9799999999996,285.59,0,0,0.0982192170804001,0.25,-0.0,0.03968253968253968,0.033650739951699905,0.021156847088706278,-0.002058279151431233,
1b_narrow,285,0.4286301984656295,True,79,13,74.0,31.0,21,17,3.4000000000000004,18,39,1.5,4.0,1.0,0.015,0.5,38.076970261649876,1.4804933572928447,1.6333005208092277,12.601954120992126,122,35,87,28.688524590163933,11732.140000000001,7924.48,3807.6600000000017,775.77,0,0,30.85434317074998,2.2832805812845987,2.7881141387901596,6.224490684729023,50,18,32,36.0,5489.759999999999,2404.33,3085.4299999999994,282.14,0,0,0.09256302951224994,0.25,-0.0,0.03968253968253968,0.038076970261649884,0.024024667864642236,-0.015717008855452266,
1b_narrow,286,0.4148016279955324,True,77,13,74.0,30.0,21,17,3.4000000000000004,18,38,1.5,4.0,1.0,0.015,0.5,26.262238048299896,1.3198898863539472,1.2103714277209883,14.227374341000226,124,32,92,25.806451612903224,10835.900000000001,8209.7,2626.2000000000007,764.46,0,0,32.06938613360002,2.3345901270943092,2.8788312634439492,6.224081454457023,52,20,32,38.46153846153846,5609.879999999999,2402.94,3206.939999999999,295.26,0,0,0.09620815840080006,0.25,-0.0,0.04126984126984127,0.0262622380482999,0.015994494317697363,-0.014933104041106215,
1b_narrow,287,0.4202533832642147,True,79,13,74.0,29.0,21,17,3.4000000000000004,18,39,1.5,3.9,1.0,0.015,0.5,36.607385288849834,1.4557907659514067,1.592583467285869,12.71107944824995,124,36,88,29.032258064516128,11692.3,8031.58,3660.7199999999993,787.31,0,0,29.28280882739997,2.2251294881557033,2.6709198309093813,6.223518167946436,50,18,32,36.0,5318.46,2390.1800000000003,2928.2799999999997,280.35,0,0,0.08784842648219991,0.25,-0.0,0.03968253968253968,0.03660738528884984,0.022789538297570335,-0.016674506486945108,
1b_narrow,288,0.4022733509139546,True,78,13,74.0,30.0,21,18,3.4000000000000004,18,40,1.5,4.0,1.0,0.015,0.5,23.047974547599843,1.309455941331192,1.083654776489737,10.836137808638338,120,31,89,25.833333333333332,9752.709999999997,7447.91,2304.7999999999975,709.57,0,0,34.0834031661,2.448008360806172,3.134845602624199,4.772129269607696,51,19,32,37.254901960784316,5762.22,2353.84,3408.38,298.96,0,0,0.10225020949829998,0.25,-0.0,0.04047619047619048,0.023047974547599843,0.015472797066559596,-0.02897382067469531,
1b_narrow,289,0.4406510646519147,True,78,13,74.0,29.0,21,17,3.4000000000000004,18,39,1.5,4.0,1.0,0.015,0.5,33.650739951699904,1.4231369417741255,1.48736500326987,12.603723158505971,124,34,90,27.419354838709676,11317.71,7952.65,3365.0599999999995,777.46,0,0,32.73973902680004,2.380110105974893,2.9305272369978828,6.224081454457023,50,19,31,38.0,5646.24,2372.26,3273.9799999999996,285.59,0,0,0.0982192170804001,0.25,-0.0,0.03968253968253968,0.033650739951699905,0.021156847088706278,-0.002058279151431233,
1b_narrow,290,0.4406510646519147,True,78,13,74.0,30.0,21,17,3.4000000000000004,18,39,1.5,4.0,1.0,0.015,0.5,33.650739951699904,1.4231369417741255,1.48736500326987,12.603723158505971,124,34,90,27.419354838709676,11317.71,7952.65,3365.0599999999995,777.46,0,0,32.73973902680004,2.380110105974893,2.9305272369978828,6.224081454457023,50,19,31,38.0,5646.24,2372.26,3273.9799999999996,285.59,0,0,0.0982192170804001,0.25,-0.0,0.03968253968253968,0.033650739951699905,0.021156847088706278,-0.002058279151431233,
1b_narrow,291,0.4342515485506332,True,77,13,74.0,43.0,21,17,3.4000000000000004,18,39,1.5,4.0,1.0,0.015,0.5,31.417077068449856,1.3943849562521187,1.4072259082999472,13.056630793022794,123,33,90,26.829268292682926,11107.810000000001,7966.099999999999,3141.710000000002,768.25,0,0,31.118446486249958,2.2997765386462836,2.810849963754385,6.224081454457023,51,19,32,37.254901960784316,5506.01,2394.15,3111.86,289.95,0,0,0.09335533945874987,0.25,-0.0,0.04047619047619048,0.03141707706844986,0.019719247812605936,-0.0007163062653629647,
1b_narrow,292,0.41661367284138134,True,79,13,74.0,28.0,21,17,3.4000000000000004,18,40,1.5,4.0,1.0,0.015,0.5,27.082102208399846,1.3423150475944905,1.2150349266114866,12.602616134721675,123,33,90,26.829268292682926,10619.9,7911.63,2708.2699999999995,742.89,0,0,30.744322412599995,2.2734461077100225,2.780321262488135,6.224490684729023,50,18,32,36.0,5488.69,2414.26,3074.4299999999994,282.06,0,0,0.09223296723779999,0.25,-0.0,0.03968253968253968,0.027082102208399846,0.017115752379724524,-0.009499688667082668,
1b_narrow,293,0.4406510646519147,True,78,13,74.0,30.0,21,17,3.4000000000000004,18,39,1.5,4.0,1.0,0.015,0.5,33.650739951699904,1.4231369417741255,1.48736500326987,12.603723158505971,124,34,90,27.419354838709676,11317.71,7952.65,3365.0599999999995,777.46,0,0,32.73973902680004,2.380110105974893,2.9305272369978828,6.224081454457023,50,19,31,38.0,5646.24,2372.26,3273.9799999999996,285.59,0,0,0.0982192170804001,0.25,-0.0,0.03968253968253968,0.033650739951699905,0.021156847088706278,-0.002058279151431233,
1b_narrow,294,0.32315302707409027,True,77,13,74.0,31.0,21,17,3.6,18,39,1.5,4.0,1.0,0.015,0.5,30.459302173849867,1.344483965641063,1.2381363253034594,12.49224325850101,134,35,99,26.119402985074625,11887.859999999999,8841.95,3045.909999999998,808.68,0,1,22.620611041899956,1.734910089179838,2.083011989857027,6.7926410178734296,58,19,39,32.758620689655174,5340.139999999999,3078.0499999999997,2262.0899999999997,320.49,0,0,0.06786183312569986,0.18372752229495948,-0.0,0.046031746031746035,0.03045930217384987,0.01722419828205315,-0.02215157483421814,
1b_narrow,295,0.4182498931382354,True,78,13,74.0,29.0,21,17,3.4000000000000004,18,38,1.5,3.9,1.0,0.015,0.5,27.15430633669986,1.326856501788732,1.251186688114981,13.884853974023956,127,34,93,26.771653543307085,11022.94,8307.560000000001,2715.379999999999,785.71,0,0,31.651066182300035,2.31829995668255,2.84737191230146,6.224257329982611,52,20,32,38.46153846153846,5565.960000000001,2400.88,3165.080000000001,295.0,0,0,0.09495319854690011,0.25,-0.0,0.04126984126984127,0.027154306336699865,0.0163428250894366,-0.011470278104642427,
1b_narrow,296,0.41661367284138134,True,79,13,74.0,30.0,21,17,3.4000000000000004,18,40,1.5,4.0,1.0,0.015,0.5,27.082102208399846,1.3423150475944905,1.2150349266114866,12.602616134721675,123,33,90,26.829268292682926,10619.9,7911.63,2708.2699999999995,742.89,0,0,30.744322412599995,2.2734461077100225,2.780321262488135,6.224490684729023,50,18,32,36.0,5488.69,2414.26,3074.4299999999994,282.06,0,0,0.09223296723779999,0.25,-0.0,0.03968253968253968,0.027082102208399846,0.017115752379724524,-0.009499688667082668,
1b_narrow,297,0.4326216386866607,True,89,13,74.0,32.0,21,17,3.4000000000000004,18,39,1.5,3.5,1.0,0.015,0.5,30.269798314449925,1.4381205601903582,1.5174282219163788,10.739107623415673,118,38,80,32.20338983050848,9936.09,6909.08,3027.01,707.65,0,1,31.57115411259996,2.568224716868667,3.1422156633837703,4.770927552933155,49,20,29,40.816326530612244,5170.35,2013.2,3157.1500000000005,280.87,0,0,0.09471346233779987,0.25,-0.0,0.03888888888888889,0.030269798314449925,0.02190602800951791,-0.003156538863995909,
1b_narrow,298,0.41230947684996605,True,76,13,74.0,29.0,21,17,3.4000000000000004,18,39,1.5,4.0,1.0,0.015,0.5,25.879057737899892,1.3377917472135457,1.214348721474116,13.054573587711756,123,32,91,26.016260162601625,10249.05,7661.169999999999,2587.88,737.21,0,0,31.58140686249997,2.3426908491063383,2.847146284053924,6.224081454457023,50,19,31,38.0,5510.29,2352.12,3158.17,283.96,0,0,0.09474422058749991,0.25,-0.0,0.03968253968253968,0.02587905773789989,0.016889587360677284,-0.01488592851865071,
1b_narrow,299,0.4406510646519147,True,78,13,74.0,31.0,21,17,3.4000000000000004,18,39,1.5,4.0,1.0,0.015,0.5,33.650739951699904,1.4231369417741255,1.48736500326987,12.603723158505971,124,34,90,27.419354838709676,11317.71,7952.65,3365.0599999999995,777.46,0,0,32.73973902680004,2.380110105974893,2.9305272369978828,6.224081454457023,50,19,31,38.0,5646.24,2372.26,3273.9799999999996,285.59,0,0,0.0982192170804001,0.25,-0.0,0.03968253968253968,0.033650739951699905,0.021156847088706278,-0.002058279151431233,
1b_narrow,300,0.39514477037570045,True,77,13,74.0,30.0,21,16,3.4000000000000004,18,38,1.5,4.0,1.0,0.015,0.5,21.724434474799963,1.2526856956754369,0.9844778335423183,16.465846948202426,129,33,96,25.58139534883721,10769.840000000002,8597.400000000001,2172.4400000000005,770.4,0,0,29.13286832845,2.0310343363132524,2.582471163049612,6.224486117038708,57,20,37,35.08771929824562,5738.849999999999,2825.58,2913.2699999999995,322.6,0,0,0.08739860498535,0.25,-0.0,0.045238095238095244,0.021724434474799964,0.012634284783771843,-0.021850649106316584,
1b_narrow,301,0.4406510646519147,True,78,13,74.0,30.0,21,17,3.4000000000000004,18,39,1.5,4.0,1.0,0.015,0.5,33.650739951699904,1.4231369417741255,1.48736500326987,12.603723158505971,124,34,90,27.419354838709676,11317.71,7952.65,3365.0599999999995,777.46,0,0,32.73973902680004,2.380110105974893,2.9305272369978828,6.224081454457023,50,19,31,38.0,5646.24,2372.26,3273.9799999999996,285.59,0,0,0.0982192170804001,0.25,-0.0,0.03968253968253968,0.033650739951699905,0.021156847088706278,-0.002058279151431233,
1b_narrow,302,0.4286301984656295,True,79,13,74.0,29.0,21,17,3.4000000000000004,18,39,1.5,4.0,1.0,0.015,0.5,38.076970261649876,1.4804933572928447,1.6333005208092277,12.601954120992126,122,35,87,28.688524590163933,11732.140000000001,7924.48,3807.6600000000017,775.77,0,0,30.85434317074998,2.2832805812845987,2.7881141387901596,6.224490684729023,50,18,32,36.0,5489.759999999999,2404.33,3085.4299999999994,282.14,0,0,0.09256302951224994,0.25,-0.0,0.03968253968253968,0.038076970261649884,0.024024667864642236,-0.015717008855452266,
1b_narrow,303,0.4250343854861261,True,78,13,74.0,31.0,21,17,3.4000000000000004,18,38,1.5,4.0,1.0,0.015,0.5,28.41196814369998,1.3465327454460077,1.2908398964260914,13.780292664554883,125,33,92,26.4,11040.02,8198.85,2841.17,773.68,0,0,33.30920735890004,2.378852856681596,2.96805845907086,6.224081454457023,52,20,32,38.46153846153846,5746.689999999999,2415.74,3330.949999999999,296.92,0,0,0.09992762207670011,0.25,-0.0,0.04126984126984127,0.028411968143699978,0.017326637272300383,-0.011901683276415633,
1b_narrow,304,0.38265694288033236,True,77,13,74.0,41.0,21,17,3.4000000000000004,18,40,1.5,3.9,1.0,0.015,0.5,19.936275239549868,1.247317363635236,0.9533759612563465,13.162980189022274,126,32,94,25.396825396825395,10054.75,8061.1,1993.6499999999996,748.54,0,0,28.72815090114993,2.1740301349821616,2.6290989990811804,6.224257329982611,52,19,33,36.53846153846154,5319.83,2446.9900000000002,2872.8399999999997,293.04,0,0,0.08618445270344978,0.25,-0.0,0.04126984126984127,0.01993627523954987,0.012365868181761797,-0.02709949451427036,
1b_narrow,305,0.4406510646519147,True,78,13,74.0,28.0,21,17,3.4000000000000004,18,39,1.5,4.0,1.0,0.015,0.5,33.650739951699904,1.4231369417741255,1.48736500326987,12.603723158505971,124,34,90,27.419354838709676,11317.71,7952.65,3365.0599999999995,777.46,0,0,32.73973902680004,2.380110105974893,2.9305272369978828,6.224081454457023,50,19,31,38.0,5646.24,2372.26,3273.9799999999996,285.59,0,0,0.0982192170804001,0.25,-0.0,0.03968253968253968,0.033650739951699905,0.021156847088706278,-0.002058279151431233,
1b_narrow,306,0.28127560014976105,True,79,13,74.0,29.0,21,14,3.4000000000000004,18,47,1.5,4.0,1.0,0.015,0.5,13.39801848179988,1.1419783438491486,0.633460885676524,20.078228186424038,140,35,105,25.0,10776.37,9436.580000000002,1339.789999999999,793.5,0,1,23.898364824899982,1.734780844155844,2.125796818863594,6.993615609542525,60,19,41,31.666666666666668,5642.34,3252.48,2389.86,325.52,0,0,0.07169509447469995,0.18369521103896103,-0.0,0.047619047619047616,0.013398018481799882,0.0070989171924574325,-0.04223068865720487,
1b_narrow,307,0.4406510646519147,True,78,13,74.0,30.0,21,17,3.4000000000000004,18,39,1.5,4.0,1.0,0.015,0.5,33.650739951699904,1.4231369417741255,1.48736500326987,12.603723158505971,124,34,90,27.419354838709676,11317.71,7952.65,3365.0599999999995,777.46,0,0,32.73973902680004,2.380110105974893,2.9305272369978828,6.224081454457023,50,19,31,38.0,5646.24,2372.26,3273.9799999999996,285.59,0,0,0.0982192170804001,0.25,-0.0,0.03968253968253968,0.033650739951699905,0.021156847088706278,-0.002058279151431233,
1b_narrow,308,0.4277414858042218,True,77,13,74.0,30.0,21,17,3.4000000000000004,18,39,1.5,3.9,1.0,0.015,0.5,30.134834003199884,1.3731472653202736,1.368465469923596,13.161567341964211,125,34,91,27.2,11089.399999999998,8075.900000000001,3013.4999999999973,780.15,0,0,29.927871579549993,2.276146292166453,2.7248587589863753,6.224257329982611,50,19,31,38.0,5337.95,2345.1699999999996,2992.78,282.13,0,0,0.08978361473864997,0.25,-0.0,0.03968253968253968,0.030134834003199884,0.018657363266013683,-0.0005168658861814519,
1b_narrow,309,0.39914326118412147,True,78,13,74.0,31.0,21,17,3.4000000000000004,18,40,1.5,4.0,1.0,0.015,0.5,23.009885180449803,1.289943572308848,1.0677532212006764,12.602945869454004,125,32,93,25.6,10236.76,7935.819999999999,2300.9400000000014,744.89,0,0,32.628182419300025,2.3695616586704946,2.922711580784958,6.224081454457023,50,19,31,38.0,5645.22,2382.3900000000003,3262.83,285.55,0,0,0.09788454725790006,0.25,-0.0,0.03968253968253968,0.023009885180449805,0.014497178615442398,-0.02593088955221048,
1b_narrow,310,0.4286301984656295,True,79,13,74.0,29.0,21,17,3.4000000000000004,18,39,1.5,4.0,1.0,0.015,0.5,38.076970261649876,1.4804933572928447,1.6333005208092277,12.601954120992126,122,35,87,28.688524590163933,11732.140000000001,7924.48,3807.6600000000017,775.77,0,0,30.85434317074998,2.2832805812845987,2.7881141387901596,6.224490684729023,50,18,32,36.0,5489.759999999999,2404.33,3085.4299999999994,282.14,0,0,0.09256302951224994,0.25,-0.0,0.03968253968253968,0.038076970261649884,0.024024667864642236,-0.015717008855452266,
1b_narrow,311,0.4406510646519147,True,78,13,74.0,30.0,21,17,3.4000000000000004,18,39,1.5,4.0,1.0,0.015,0.5,33.650739951699904,1.4231369417741255,1.48736500326987,12.603723158505971,124,34,90,27.419354838709676,11317.71,7952.65,3365.0599999999995,777.46,0,0,32.73973902680004,2.380110105974893,2.9305272369978828,6.224081454457023,50,19,31,38.0,5646.24,2372.26,3273.9799999999996,285.59,0,0,0.0982192170804001,0.25,-0.0,0.03968253968253968,0.033650739951699905,0.021156847088706278,-0.002058279151431233,
1b_narrow,312,0.4148016279955324,True,77,13,74.0,31.0,21,17,3.4000000000000004,18,38,1.5,4.0,1.0,0.015,0.5,26.262238048299896,1.3198898863539472,1.2103714277209883,14.227374341000226,124,32,92,25.806451612903224,10835.900000000001,8209.7,2626.2000000000007,764.46,0,0,32.06938613360002,2.3345901270943092,2.8788312634439492,6.224081454457023,52,20,32,38.46153846153846,5609.879999999999,2402.94,3206.939999999999,295.26,0,0,0.09620815840080006,0.25,-0.0,0.04126984126984127,0.0262622380482999,0.015994494317697363,-0.014933104041106215,
1b_narrow,313,0.4393724245308978,True,78,13,74.0,44.0,21,17,3.4000000000000004,18,39,1.5,4.0,1.0,0.015,0.5,33.650739951699904,1.4231369417741255,1.48736500326987,12.603723158505971,124,34,90,27.419354838709676,11317.71,7952.65,3365.0599999999995,777.46,0,0,32.349029818450056,2.3437415624389897,2.9001679371861897,6.224081454457023,51,19,32,37.254901960784316,5642.3,2407.3900000000003,3234.91,291.66,0,0,0.09704708945535016,0.25,-0.0,0.04047619047619048,0.033650739951699905,0.021156847088706278,-0.0029584424410490427,
1b_narrow,314,0.3519571662674781,True,72,13,74.0,30.0,21,17,3.4000000000000004,18,40,1.5,4.0,1.0,0.015,0.5,13.917075488499922,1.17456632173095,0.6956037380711014,12.737297284297233,127,31,96,24.409448818897637,9364.23,7972.5,1391.7299999999996,724.09,0,0,33.04752895140009,2.3900706236671305,2.994102587456066,4.637254707118415,52,20,32,38.46153846153846,5682.13,2377.3900000000003,3304.74,297.59,0,0,0.09914258685420027,0.25,-0.0,0.04126984126984127,0.013917075488499922,0.008728316086547505,-0.06110065343161089,
1b_narrow,315,0.4286301984656295,True,79,13,74.0,29.0,21,17,3.4000000000000004,18,39,1.5,4.0,1.0,0.015,0.5,38.076970261649876,1.4804933572928447,1.6333005208092277,12.601954120992126,122,35,87,28.688524590163933,11732.140000000001,7924.48,3807.6600000000017,775.77,0,0,30.85434317074998,2.2832805812845987,2.7881141387901596,6.224490684729023,50,18,32,36.0,5489.759999999999,2404.33,3085.4299999999994,282.14,0,0,0.09256302951224994,0.25,-0.0,0.03968253968253968,0.038076970261649884,0.024024667864642236,-0.015717008855452266,
1b_narrow,316,0.4182498931382354,True,78,13,74.0,30.0,21,17,3.4000000000000004,18,38,1.5,3.9,1.0,0.015,0.5,27.15430633669986,1.326856501788732,1.251186688114981,13.884853974023956,127,34,93,26.771653543307085,11022.94,8307.560000000001,2715.379999999999,785.71,0,0,31.651066182300035,2.31829995668255,2.84737191230146,6.224257329982611,52,20,32,38.46153846153846,5565.960000000001,2400.88,3165.080000000001,295.0,0,0,0.09495319854690011,0.25,-0.0,0.04126984126984127,0.027154306336699865,0.0163428250894366,-0.011470278104642427,
1b_narrow,317,0.43512438319372343,True,77,13,74.0,28.0,21,17,3.4000000000000004,18,39,1.5,4.0,1.0,0.015,0.5,31.417077068449856,1.3943849562521187,1.4072259082999472,13.056630793022794,123,33,90,26.829268292682926,11107.810000000001,7966.099999999999,3141.710000000002,768.25,0,0,31.50519080404998,2.3353678178458193,2.8412129510101103,6.224081454457023,50,19,31,38.0,5509.88,2359.3200000000006,3150.5599999999995,283.93,0,0,0.09451557241214995,0.25,-0.0,0.03968253968253968,0.03141707706844986,0.019719247812605936,-0.00021005378202197984,
1b_narrow,318,0.4022733509139546,True,78,13,74.0,31.0,21,18,3.4000000000000004,18,40,1.5,4.0,1.0,0.015,0.5,23.047974547599843,1.309455941331192,1.083654776489737,10.836137808638338,120,31,89,25.833333333333332,9752.709999999997,7447.91,2304.7999999999975,709.57,0,0,34.0834031661,2.448008360806172,3.134845602624199,4.772129269607696,51,19,32,37.254901960784316,5762.22,2353.84,3408.38,298.96,0,0,0.10225020949829998,0.25,-0.0,0.04047619047619048,0.023047974547599843,0.015472797066559596,-0.02897382067469531,
1b_narrow,319,0.42857742460206,True,80,13,74.0,29.0,21,17,3.4000000000000004,18,39,1.5,4.0,1.0,0.015,0.5,38.373598023049965,1.4850128353073964,1.643853371362088,12.602307623920353,121,35,86,28.925619834710744,11749.079999999998,7911.7699999999995,3837.3099999999986,770.97,0,0,30.85434317074998,2.2832805812845987,2.7881141387901596,6.224490684729023,50,18,32,36.0,5489.759999999999,2404.33,3085.4299999999994,282.14,0,0,0.09256302951224994,0.25,-0.0,0.03968253968253968,0.03837359802304997,0.02425064176536982,-0.016292384381149428,
1b_narrow,320,0.43512438319372343,True,77,13,74.0,30.0,21,17,3.4000000000000004,18,39,1.5,4.0,1.0,0.015,0.5,31.417077068449856,1.3943849562521187,1.4072259082999472,13.056630793022794,123,33,90,26.829268292682926,11107.810000000001,7966.099999999999,3141.710000000002,768.25,0,0,31.50519080404998,2.3353678178458193,2.8412129510101103,6.224081454457023,50,19,31,38.0,5509.88,2359.3200000000006,3150.5599999999995,283.93,0,0,0.09451557241214995,0.25,-0.0,0.03968253968253968,0.03141707706844986,0.019719247812605936,-0.00021005378202197984,
1b_narrow,321,0.4286301984656295,True,79,13,74.0,29.0,21,17,3.4000000000000004,18,39,1.5,4.0,1.0,0.015,0.5,38.076970261649876,1.4804933572928447,1.6333005208092277,12.601954120992126,122,35,87,28.688524590163933,11732.140000000001,7924.48,3807.6600000000017,775.77,0,0,30.85434317074998,2.2832805812845987,2.7881141387901596,6.224490684729023,50,18,32,36.0,5489.759999999999,2404.33,3085.4299999999994,282.14,0,0,0.09256302951224994,0.25,-0.0,0.03968253968253968,0.038076970261649884,0.024024667864642236,-0.015717008855452266,
1b_narrow,322,0.4250343854861261,True,78,13,74.0,30.0,21,17,3.4000000000000004,18,38,1.5,4.0,1.0,0.015,0.5,28.41196814369998,1.3465327454460077,1.2908398964260914,13.780292664554883,125,33,92,26.4,11040.02,8198.85,2841.17,773.68,0,0,33.30920735890004,2.378852856681596,2.96805845907086,6.224081454457023,52,20,32,38.46153846153846,5746.689999999999,2415.74,3330.949999999999,296.92,0,0,0.09992762207670011,0.25,-0.0,0.04126984126984127,0.028411968143699978,0.017326637272300383,-0.011901683276415633,
1b_narrow,323,0.43256981406330947,True,78,13,74.0,31.0,21,17,3.4000000000000004,18,39,1.5,3.9,1.0,0.015,0.5,32.296008538049904,1.4006103006847275,1.4474766030288913,12.710026636936497,126,35,91,27.77777777777778,11291.159999999998,8061.599999999999,3229.5599999999986,789.36,0,0,31.116746915799997,2.319835257590282,2.8115209436106503,6.224257329982611,50,19,31,38.0,5469.29,2357.62,3111.67,283.76,0,0,0.09335024074739999,0.25,-0.0,0.03968253968253968,0.032296008538049904,0.020030515034236376,-0.00278948993891649,
1b_narrow,324,0.41640055585361874,True,88,13,77.0,28.0,21,17,3.4000000000000004,18,39,1.5,4.0,1.0,0.015,0.5,26.970584530949836,1.3798122554970047,1.280670154385077,10.971729229858406,115,32,83,27.82608695652174,9798.24,7101.14,2697.0999999999995,678.71,0,1,31.896593039500036,2.4273235781089184,2.9221455444378934,6.238606206404001,47,17,30,36.170212765957444,5424.34,2234.7000000000003,3189.64,270.73,0,0,0.09568977911850012,0.25,-0.0,0.0373015873015873,0.02697058453094984,0.018990612774850237,-0.012552007872268766,
1b_narrow,325,0.4233298866343675,True,79,13,74.0,30.0,21,17,3.4000000000000004,18,40,1.5,3.0,1.0,0.015,0.5,28.728782468699954,1.3745052899431116,1.4586163236727865,11.32225373137295,135,43,92,31.85185185185185,10544.05,7671.159999999999,2872.8900000000003,808.34,0,0,27.608742358149957,2.1596584298357255,2.9794637905350063,6.22380826719395,58,24,34,41.37931034482759,5141.65,2380.7699999999995,2760.88,318.97,0,0,0.08282622707444987,0.25,-0.0,0.046031746031746035,0.028728782468699955,0.018725264497155582,-0.002982133437683963,
1b_narrow,326,0.4406510646519147,True,78,13,74.0,29.0,21,17,3.4000000000000004,18,39,1.5,4.0,1.0,0.015,0.5,33.650739951699904,1.4231369417741255,1.48736500326987,12.603723158505971,124,34,90,27.419354838709676,11317.71,7952.65,3365.0599999999995,777.46,0,0,32.73973902680004,2.380110105974893,2.9305272369978828,6.224081454457023,50,19,31,38.0,5646.24,2372.26,3273.9799999999996,285.59,0,0,0.0982192170804001,0.25,-0.0,0.03968253968253968,0.033650739951699905,0.021156847088706278,-0.002058279151431233,
1b_narrow,327,0.39721807475292786,True,92,13,74.0,30.0,20,17,3.4000000000000004,18,38,1.5,4.0,1.0,0.015,0.5,28.937583136099853,1.4155085197209243,1.3554452261747274,11.610624810477471,108,31,77,28.703703703703702,9858.209999999997,6964.43,2893.779999999997,652.99,0,1,23.969390554399997,2.096652285111659,2.416929041309197,4.827796985226109,50,17,33,34.0,4582.59,2185.67,2396.92,277.74,0,0,0.07190817166319999,0.25,-0.0,0.03968253968253968,0.028937583136099856,0.020775425986046217,-0.014085645714957877,
1b_narrow,328,0.4393724245308978,True,78,13,74.0,32.0,21,17,3.4000000000000004,18,39,1.5,4.0,1.0,0.015,0.5,33.650739951699904,1.4231369417741255,1.48736500326987,12.603723158505971,124,34,90,27.419354838709676,11317.71,7952.65,3365.0599999999995,777.46,0,0,32.349029818450056,2.3437415624389897,2.9001679371861897,6.224081454457023,51,19,32,37.254901960784316,5642.3,2407.3900000000003,3234.91,291.66,0,0,0.09704708945535016,0.25,-0.0,0.04047619047619048,0.033650739951699905,0.021156847088706278,-0.0029584424410490427,
1b_narrow,329,0.4277414858042218,True,77,13,74.0,31.0,21,17,3.4000000000000004,18,39,1.5,3.9,1.0,0.015,0.5,30.134834003199884,1.3731472653202736,1.368465469923596,13.161567341964211,125,34,91,27.2,11089.399999999998,8075.900000000001,3013.4999999999973,780.15,0,0,29.927871579549993,2.276146292166453,2.7248587589863753,6.224257329982611,50,19,31,38.0,5337.95,2345.1699999999996,2992.78,282.13,0,0,0.08978361473864997,0.25,-0.0,0.03968253968253968,0.030134834003199884,0.018657363266013683,-0.0005168658861814519,
1b_narrow,330,0.4245746153844764,True,79,13,74.0,29.0,21,16,3.4000000000000004,18,39,1.5,4.0,1.0,0.015,0.5,33.42192030319993,1.4020341021862688,1.3980028671350344,14.88329797546489,126,36,90,28.571428571428573,11655.46,8313.25,3342.209999999999,777.0,0,0,29.041717397550077,2.025595841382062,2.573598332013232,6.2242331149620975,56,19,37,33.92857142857143,5735.9,2831.7100000000005,2904.189999999999,316.37,0,0,0.08712515219265023,0.25,-0.0,0.044444444444444446,0.03342192030319993,0.02010170510931344,-0.010518606665131661,
1b_narrow,331,0.4027238919527067,True,78,13,74.0,39.0,21,18,3.4000000000000004,18,40,1.5,4.0,1.0,0.015,0.5,23.047974547599843,1.309455941331192,1.083654776489737,10.836137808638338,120,31,89,25.833333333333332,9752.709999999997,7447.91,2304.7999999999975,709.57,0,0,33.68758522999998,2.4100311406519452,3.10338013770979,4.772129269607696,52,19,33,36.53846153846154,5757.950000000001,2389.16,3368.790000000001,305.08,0,0,0.10106275568999995,0.25,-0.0,0.04126984126984127,0.023047974547599843,0.015472797066559596,-0.028129476621293968,
1b_narrow,332,0.4153343630785825,True,77,13,74.0,32.0,21,17,3.4000000000000004,18,38,1.5,4.0,1.0,0.015,0.5,26.262238048299896,1.3198898863539472,1.2103714277209883,14.227374341000226,124,32,92,25.806451612903224,10835.900000000001,8209.7,2626.2000000000007,764.46,0,0,31.679326179700002,2.299635701275045,2.8484949375072732,6.224081454457023,53,20,33,37.735849056603776,5605.499999999999,2437.56,3167.939999999999,301.23,0,0,0.0950379785391,0.25,-0.0,0.04206349206349207,0.0262622380482999,0.015994494317697363,-0.014023839890006799,
1b_narrow,333,0.4406510646519147,True,78,13,74.0,30.0,21,17,3.4000000000000004,18,39,1.5,4.0,1.0,0.015,0.5,33.650739951699904,1.4231369417741255,1.48736500326987,12.603723158505971,124,34,90,27.419354838709676,11317.71,7952.65,3365.0599999999995,777.46,0,0,32.73973902680004,2.380110105974893,2.9305272369978828,6.224081454457023,50,19,31,38.0,5646.24,2372.26,3273.9799999999996,285.59,0,0,0.0982192170804001,0.25,-0.0,0.03968253968253968,0.033650739951699905,0.021156847088706278,-0.002058279151431233,
1b_narrow,334,0.4286301984656295,True,79,13,74.0,29.0,21,17,3.4000000000000004,18,39,1.5,4.0,1.0,0.015,0.5,38.076970261649876,1.4804933572928447,1.6333005208092277,12.601954120992126,122,35,87,28.688524590163933,11732.140000000001,7924.48,3807.6600000000017,775.77,0,0,30.85434317074998,2.2832805812845987,2.7881141387901596,6.224490684729023,50,18,32,36.0,5489.759999999999,2404.33,3085.4299999999994,282.14,0,0,0.09256302951224994,0.25,-0.0,0.03968253968253968,0.038076970261649884,0.024024667864642236,-0.015717008855452266,
1b_narrow,335,0.43256981406330947,True,78,13,74.0,30.0,21,17,3.4000000000000004,18,39,1.5,3.9,1.0,0.015,0.5,32.296008538049904,1.4006103006847275,1.4474766030288913,12.710026636936497,126,35,91,27.77777777777778,11291.159999999998,8061.599999999999,3229.5599999999986,789.36,0,0,31.116746915799997,2.319835257590282,2.8115209436106503,6.224257329982611,50,19,31,38.0,5469.29,2357.62,3111.67,283.76,0,0,0.09335024074739999,0.25,-0.0,0.03968253968253968,0.032296008538049904,0.020030515034236376,-0.00278948993891649,
1b_narrow,336,0.4148016279955324,True,77,13,74.0,31.0,21,17,3.4000000000000004,18,38,1.5,4.0,1.0,0.015,0.5,26.262238048299896,1.3198898863539472,1.2103714277209883,14.227374341000226,124,32,92,25.806451612903224,10835.900000000001,8209.7,2626.2000000000007,764.46,0,0,32.06938613360002,2.3345901270943092,2.8788312634439492,6.224081454457023,52,20,32,38.46153846153846,5609.879999999999,2402.94,3206.939999999999,295.26,0,0,0.09620815840080006,0.25,-0.0,0.04126984126984127,0.0262622380482999,0.015994494317697363,-0.014933104041106215,
1b_narrow,337,0.38192364865537565,True,78,13,74.0,28.0,21,17,3.4000000000000004,18,40,1.5,3.4,1.0,0.015,0.5,19.497381318699972,1.2547667581340654,0.9849227181083062,13.248415874900369,131,37,94,28.244274809160306,9602.730000000001,7653.0,1949.7300000000014,752.01,0,0,27.11339251774996,2.1414234114388186,2.6862113159071663,6.224673919479852,54,22,32,40.74074074074074,5086.779999999999,2375.42,2711.3599999999988,299.35,0,0,0.08134017755324989,0.25,-0.0,0.04285714285714286,0.019497381318699974,0.012738337906703269,-0.024509390980420338,
1b_narrow,338,0.4286301984656295,True,79,13,74.0,30.0,21,17,3.4000000000000004,18,39,1.5,4.0,1.0,0.015,0.5,38.076970261649876,1.4804933572928447,1.6333005208092277,12.601954120992126,122,35,87,28.688524590163933,11732.140000000001,7924.48,3807.6600000000017,775.77,0,0,30.85434317074998,2.2832805812845987,2.7881141387901596,6.224490684729023,50,18,32,36.0,5489.759999999999,2404.33,3085.4299999999994,282.14,0,0,0.09256302951224994,0.25,-0.0,0.03968253968253968,0.038076970261649884,0.024024667864642236,-0.015717008855452266,
1b_narrow,339,0.39839684125419633,True,78,13,74.0,29.0,21,15,3.4000000000000004,18,39,1.5,4.0,1.0,0.015,0.5,22.161231304499907,1.2512143282228585,0.9833435797132752,18.495364988945877,136,35,101,25.735294117647058,11037.900000000001,8821.75,2216.1500000000015,797.9,0,0,30.32384034440005,2.0336823948895204,2.651830643189348,6.224486117038708,58,21,37,36.206896551724135,5965.969999999998,2933.5799999999995,3032.389999999999,330.88,0,0,0.09097152103320015,0.25,-0.0,0.046031746031746035,0.022161231304499908,0.012560716411142925,-0.023328373526392693,
1b_narrow,340,0.41230947684996605,True,76,13,74.0,31.0,21,17,3.4000000000000004,18,39,1.5,4.0,1.0,0.015,0.5,25.879057737899892,1.3377917472135457,1.214348721474116,13.054573587711756,123,32,91,26.016260162601625,10249.05,7661.169999999999,2587.88,737.21,0,0,31.58140686249997,2.3426908491063383,2.847146284053924,6.224081454457023,50,19,31,38.0,5510.29,2352.12,3158.17,283.96,0,0,0.09474422058749991,0.25,-0.0,0.03968253968253968,0.02587905773789989,0.016889587360677284,-0.01488592851865071,
1b_narrow,341,0.43512438319372343,True,77,13,74.0,30.0,21,17,3.4000000000000004,18,39,1.5,4.0,1.0,0.015,0.5,31.417077068449856,1.3943849562521187,1.4072259082999472,13.056630793022794,123,33,90,26.829268292682926,11107.810000000001,7966.099999999999,3141.710000000002,768.25,0,0,31.50519080404998,2.3353678178458193,2.8412129510101103,6.224081454457023,50,19,31,38.0,5509.88,2359.3200000000006,3150.5599999999995,283.93,0,0,0.09451557241214995,0.25,-0.0,0.03968253968253968,0.03141707706844986,0.019719247812605936,-0.00021005378202197984,
1b_narrow,342,0.4250343854861261,True,78,13,74.0,29.0,21,17,3.4000000000000004,18,38,1.5,4.0,1.0,0.015,0.5,28.41196814369998,1.3465327454460077,1.2908398964260914,13.780292664554883,125,33,92,26.4,11040.02,8198.85,2841.17,773.68,0,0,33.30920735890004,2.378852856681596,2.96805845907086,6.224081454457023,52,20,32,38.46153846153846,5746.689999999999,2415.74,3330.949999999999,296.92,0,0,0.09992762207670011,0.25,-0.0,0.04126984126984127,0.028411968143699978,0.017326637272300383,-0.011901683276415633,
1b_narrow,343,0.36209604225068615,True,79,11,74.0,30.0,21,17,3.4000000000000004,18,40,1.5,4.0,1.0,0.015,0.5,19.926464998899917,1.2679888963905201,0.9658167421939082,11.962486923581352,121,32,89,26.446280991735538,9428.03,7435.419999999999,1992.6100000000015,691.5,0,0,21.563410299699974,1.918087298613713,2.212064352528707,6.247806040437207,51,17,34,33.333333333333336,4505.049999999999,2348.72,2156.3299999999995,278.52,0,0,0.06469023089909992,0.22952182465342824,-0.0,0.04047619047619048,0.01992646499889992,0.013399444819526008,-0.005918113596458426,
1b_narrow,344,0.4406510646519147,True,78,13,74.0,31.0,21,17,3.4000000000000004,18,39,1.5,4.0,1.0,0.015,0.5,33.650739951699904,1.4231369417741255,1.48736500326987,12.603723158505971,124,34,90,27.419354838709676,11317.71,7952.65,3365.0599999999995,777.46,0,0,32.73973902680004,2.380110105974893,2.9305272369978828,6.224081454457023,50,19,31,38.0,5646.24,2372.26,3273.9799999999996,285.59,0,0,0.0982192170804001,0.25,-0.0,0.03968253968253968,0.033650739951699905,0.021156847088706278,-0.002058279151431233,
1b_narrow,345,0.43256981406330947,True,78,13,74.0,28.0,21,17,3.4000000000000004,18,39,1.5,3.9,1.0,0.015,0.5,32.296008538049904,1.4006103006847275,1.4474766030288913,12.710026636936497,126,35,91,27.77777777777778,11291.159999999998,8061.599999999999,3229.5599999999986,789.36,0,0,31.116746915799997,2.319835257590282,2.8115209436106503,6.224257329982611,50,19,31,38.0,5469.29,2357.62,3111.67,283.76,0,0,0.09335024074739999,0.25,-0.0,0.03968253968253968,0.032296008538049904,0.020030515034236376,-0.00278948993891649,
1b_narrow,346,0.43512438319372343,True,77,13,74.0,29.0,21,17,3.4000000000000004,18,39,1.5,4.0,1.0,0.015,0.5,31.417077068449856,1.3943849562521187,1.4072259082999472,13.056630793022794,123,33,90,26.829268292682926,11107.810000000001,7966.099999999999,3141.710000000002,768.25,0,0,31.50519080404998,2.3353678178458193,2.8412129510101103,6.224081454457023,50,19,31,38.0,5509.88,2359.3200000000006,3150.5599999999995,283.93,0,0,0.09451557241214995,0.25,-0.0,0.03968253968253968,0.03141707706844986,0.019719247812605936,-0.00021005378202197984,
1b_narrow,347,0.40010361395693056,True,79,13,74.0,30.0,21,16,3.4000000000000004,18,40,1.5,4.0,1.0,0.015,0.5,22.804926510949862,1.2754609637812013,1.0061023310500214,14.88252341027465,127,34,93,26.771653543307085,10559.350000000002,8278.850000000002,2280.5,743.98,0,0,29.041717397550077,2.025595841382062,2.573598332013232,6.2242331149620975,56,19,37,33.92857142857143,5735.9,2831.7100000000005,2904.189999999999,316.37,0,0,0.08712515219265023,0.25,-0.0,0.044444444444444446,0.022804926510949865,0.013773048189060067,-0.018043957380174024,
1b_narrow,348,0.4406510646519147,True,78,13,74.0,31.0,21,17,3.4000000000000004,18,39,1.5,4.0,1.0,0.015,0.5,33.650739951699904,1.4231369417741255,1.48736500326987,12.603723158505971,124,34,90,27.419354838709676,11317.71,7952.65,3365.0599999999995,777.46,0,0,32.73973902680004,2.380110105974893,2.9305272369978828,6.224081454457023,50,19,31,38.0,5646.24,2372.26,3273.9799999999996,285.59,0,0,0.0982192170804001,0.25,-0.0,0.03968253968253968,0.033650739951699905,0.021156847088706278,-0.002058279151431233,
1b_narrow,349,0.38771899481750705,True,80,13,74.0,30.0,21,17,3.4000000000000004,18,39,1.6,3.9,1.0,0.015,0.5,21.062976960049873,1.296018393725221,1.050856492905323,11.587455416133583,114,32,82,28.07017543859649,9221.779999999999,7115.47,2106.3099999999986,660.82,0,0,31.26929066855002,2.382321736439591,2.8443397559933117,6.223518167946436,47,18,29,38.297872340425535,5389.05,2262.1000000000004,3126.95,264.18,0,0,0.09380787200565006,0.25,-0.0,0.0373015873015873,0.021062976960049874,0.01480091968626105,-0.029254361136041244,
1b_narrow,350,0.40047993419005656,True,73,13,74.0,29.0,21,17,3.4000000000000004,18,38,1.5,4.0,1.0,0.015,0.5,22.47744724924989,1.2823322531213102,1.0635001124394845,12.49567497080318,125,32,93,25.6,10209.16,7961.400000000001,2247.7599999999993,746.32,0,0,34.470929103100076,2.4655456825815225,3.09835149630808,4.637200496160126,53,21,32,39.62264150943396,5799.209999999999,2352.1,3447.109999999999,303.92,0,0,0.10341278730930023,0.25,-0.0,0.04206349206349207,0.022477447249249893,0.014116612656065508,-0.03159040508805114,
1b_narrow,351,0.4406510646519147,True,78,13,74.0,30.0,21,17,3.4000000000000004,18,39,1.5,4.0,1.0,0.015,0.5,33.650739951699904,1.4231369417741255,1.48736500326987,12.603723158505971,124,34,90,27.419354838709676,11317.71,7952.65,3365.0599999999995,777.46,0,0,32.73973902680004,2.380110105974893,2.9305272369978828,6.224081454457023,50,19,31,38.0,5646.24,2372.26,3273.9799999999996,285.59,0,0,0.0982192170804001,0.25,-0.0,0.03968253968253968,0.033650739951699905,0.021156847088706278,-0.002058279151431233,
1b_narrow,352,0.375925733164088,True,77,13,74.0,29.0,21,17,3.4000000000000004,18,43,1.5,4.0,1.0,0.015,0.5,19.179915635749893,1.2488566138643922,0.9341319711040768,13.055029717945965,121,30,91,24.793388429752067,9625.4,7707.37,1918.0299999999997,703.7,0,0,30.004721955200004,2.3200383627212897,2.7465402724216648,6.224153565858727,47,18,29,38.297872340425535,5273.54,2273.04,3000.5,263.62,0,0,0.0900141658656,0.25,-0.0,0.0373015873015873,0.019179915635749892,0.012442830693219609,-0.03301276633206881,
1b_narrow,353,0.4406510646519147,True,78,13,74.0,30.0,21,17,3.4000000000000004,18,39,1.5,4.0,1.0,0.015,0.5,33.650739951699904,1.4231369417741255,1.48736500326987,12.603723158505971,124,34,90,27.419354838709676,11317.71,7952.65,3365.0599999999995,777.46,0,0,32.73973902680004,2.380110105974893,2.9305272369978828,6.224081454457023,50,19,31,38.0,5646.24,2372.26,3273.9799999999996,285.59,0,0,0.0982192170804001,0.25,-0.0,0.03968253968253968,0.033650739951699905,0.021156847088706278,-0.002058279151431233,
1b_narrow,354,0.4076129360677478,True,79,14,74.0,31.0,21,17,3.4000000000000004,18,39,1.5,4.0,1.0,0.015,0.5,36.28058010989989,1.455829620639312,1.5686586735006316,12.602882951545228,123,35,88,28.45528455284553,11587.21,7959.179999999999,3628.0299999999997,771.03,0,0,26.836391638699936,2.0206670977066135,2.4574745552679245,7.669159282673528,51,17,34,33.333333333333336,5312.94,2629.3,2683.6399999999994,282.2,0,0,0.08050917491609981,0.25,-0.0,0.04047619047619048,0.03628058010989989,0.0227914810319656,-0.02244449046640801,
1b_narrow,355,0.39254316097337183,True,78,13,74.0,29.0,21,17,3.4000000000000004,18,40,1.5,3.9,1.0,0.015,0.5,21.930981752249917,1.2725230318830352,1.0318649589999178,12.710698481358145,127,33,94,25.984251968503937,10240.68,8047.54,2193.1400000000003,757.3,0,0,31.006118221950018,2.3095770067366383,2.8036956362356196,6.224257329982611,50,19,31,38.0,5468.27,2367.6499999999996,3100.620000000001,283.68,0,0,0.09301835466585005,0.25,-0.0,0.03968253968253968,0.021930981752249917,0.013626151594151759,-0.025714866721419576,
1b_narrow,356,0.4148016279955324,True,77,13,74.0,30.0,21,17,3.4000000000000004,18,38,1.5,4.0,1.0,0.015,0.5,26.262238048299896,1.3198898863539472,1.2103714277209883,14.227374341000226,124,32,92,25.806451612903224,10835.900000000001,8209.7,2626.2000000000007,764.46,0,0,32.06938613360002,2.3345901270943092,2.8788312634439492,6.224081454457023,52,20,32,38.46153846153846,5609.879999999999,2402.94,3206.939999999999,295.26,0,0,0.09620815840080006,0.25,-0.0,0.04126984126984127,0.0262622380482999,0.015994494317697363,-0.014933104041106215,
1b_narrow,357,0.4406510646519147,True,78,13,74.0,31.0,21,17,3.4000000000000004,18,39,1.5,4.0,1.0,0.015,0.5,33.650739951699904,1.4231369417741255,1.48736500326987,12.603723158505971,124,34,90,27.419354838709676,11317.71,7952.65,3365.0599999999995,777.46,0,0,32.73973902680004,2.380110105974893,2.9305272369978828,6.224081454457023,50,19,31,38.0,5646.24,2372.26,3273.9799999999996,285.59,0,0,0.0982192170804001,0.25,-0.0,0.03968253968253968,0.033650739951699905,0.021156847088706278,-0.002058279151431233,
1b_narrow,358,0.4286301984656295,True,79,13,74.0,30.0,21,17,3.4000000000000004,18,39,1.5,4.0,1.0,0.015,0.5,38.076970261649876,1.4804933572928447,1.6333005208092277,12.601954120992126,122,35,87,28.688524590163933,11732.140000000001,7924.48,3807.6600000000017,775.77,0,0,30.85434317074998,2.2832805812845987,2.7881141387901596,6.224490684729023,50,18,32,36.0,5489.759999999999,2404.33,3085.4299999999994,282.14,0,0,0.09256302951224994,0.25,-0.0,0.03968253968253968,0.038076970261649884,0.024024667864642236,-0.015717008855452266,
1b_narrow,359,0.43256981406330947,True,78,13,74.0,28.0,21,17,3.4000000000000004,18,39,1.5,3.9,1.0,0.015,0.5,32.296008538049904,1.4006103006847275,1.4474766030288913,12.710026636936497,126,35,91,27.77777777777778,11291.159999999998,8061.599999999999,3229.5599999999986,789.36,0,0,31.116746915799997,2.319835257590282,2.8115209436106503,6.224257329982611,50,19,31,38.0,5469.29,2357.62,3111.67,283.76,0,0,0.09335024074739999,0.25,-0.0,0.03968253968253968,0.032296008538049904,0.020030515034236376,-0.00278948993891649,
1b_narrow,360,0.3884177435090559,True,77,13,74.0,29.0,21,17,3.4000000000000004,18,40,1.5,4.0,1.0,0.015,0.5,20.95872741284995,1.263693860424973,0.9884257468598309,13.05538871260421,124,31,93,25.0,10044.18,7948.27,2095.91,736.11,0,0,30.674472052300022,2.2636593956621147,2.7757759182739337,6.224081454457023,51,19,32,37.254901960784316,5494.92,2427.45,3067.4700000000003,288.9,0,0,0.09202341615690006,0.25,-0.0,0.04047619047619048,0.020958727412849952,0.013184693021248651,-0.028225283558133227,
1b_narrow,361,0.43005680357162174,True,78,13,74.0,32.0,21,17,3.4000000000000004,20,39,1.5,4.0,1.0,0.015,0.5,35.70433864294989,1.453392219507611,1.5497383572612984,12.821993483656824,120,33,87,27.5,11445.58,7875.080000000002,3570.499999999998,757.89,0,0,30.92220123185005,2.2657107655531763,2.805014919192738,6.344022979083267,50,18,32,36.0,5535.289999999999,2443.07,3092.219999999999,283.58,0,0,0.09276660369555015,0.25,-0.0,0.03968253968253968,0.03570433864294989,0.02266961097538055,-0.010766289424798533,
1b_narrow,362,0.43435865704871923,True,79,13,74.0,30.0,21,17,3.4000000000000004,18,38,1.5,4.0,1.0,0.015,0.5,34.47259470944984,1.4265803580709508,1.505864452475376,12.601954120992126,122,34,88,27.868852459016395,11528.31,8081.08,3447.2299999999996,772.92,0,0,31.41558289769999,2.2837301100840954,2.8259548227249605,6.224490684729023,52,19,33,36.53846153846154,5588.789999999999,2447.22,3141.5699999999993,293.36,0,0,0.09424674869309997,0.25,-0.0,0.04126984126984127,0.03447259470944984,0.021329017903547545,-0.006959545527219397,
1b_narrow,363,0.35853299734308197,True,78,13,73.0,30.0,21,17,3.4000000000000004,18,40,1.5,3.3,1.0,0.015,0.5,18.37085631909991,1.2486673939938657,0.9750494596672605,13.354970994913836,132,38,94,28.78787878787879,9224.880000000001,7387.78,1837.1000000000013,738.8,0,0,22.438865108549997,1.9205057309058684,2.4477064194843643,6.223551796964615,57,22,35,38.59649122807018,4681.54,2437.6600000000003,2243.8799999999997,314.28,0,0,0.06731659532564999,0.2301264327264671,-0.0,0.045238095238095244,0.01837085631909991,0.012433369699693287,-0.014952351965923538,
1b_narrow,364,0.43512438319372343,True,77,13,74.0,29.0,21,17,3.4000000000000004,18,39,1.5,4.0,1.0,0.015,0.5,31.417077068449856,1.3943849562521187,1.4072259082999472,13.056630793022794,123,33,90,26.829268292682926,11107.810000000001,7966.099999999999,3141.710000000002,768.25,0,0,31.50519080404998,2.3353678178458193,2.8412129510101103,6.224081454457023,50,19,31,38.0,5509.88,2359.3200000000006,3150.5599999999995,283.93,0,0,0.09451557241214995,0.25,-0.0,0.03968253968253968,0.03141707706844986,0.019719247812605936,-0.00021005378202197984,
1b_narrow,365,0.4286301984656295,True,79,13,74.0,31.0,21,17,3.4000000000000004,18,39,1.5,4.0,1.0,0.015,0.5,38.076970261649876,1.4804933572928447,1.6333005208092277,12.601954120992126,122,35,87,28.688524590163933,11732.140000000001,7924.48,3807.6600000000017,775.77,0,0,30.85434317074998,2.2832805812845987,2.7881141387901596,6.224490684729023,50,18,32,36.0,5489.759999999999,2404.33,3085.4299999999994,282.14,0,0,0.09256302951224994,0.25,-0.0,0.03968253968253968,0.038076970261649884,0.024024667864642236,-0.015717008855452266,
1b_narrow,366,0.3829095989345331,True,78,13,74.0,30.0,21,17,3.4000000000000004,18,38,1.5,3.1,1.0,0.015,0.5,18.351079641700036,1.2380801021288521,0.9754313117753706,14.73516933857634,134,40,94,29.850746268656717,9543.01,7707.91,1835.1000000000004,773.52,0,0,31.626618148749984,2.321911481343705,3.3224840484583877,6.554369149657066,60,26,34,43.333333333333336,5555.150000000001,2392.49,3162.6600000000008,335.55,0,0,0.09487985444624995,0.25,-0.0,0.047619047619047616,0.018351079641700036,0.011904005106442607,-0.03984438787890716,
1b_narrow,367,0.4293539710103986,True,78,13,74.0,29.0,21,16,3.4000000000000004,18,39,1.5,4.0,1.0,0.015,0.5,29.138105020550007,1.3494101310207052,1.2571248803717967,14.883499964855574,128,35,93,27.34375,11252.92,8339.139999999998,2913.7800000000025,778.61,0,0,30.90496750035001,2.1016372171941664,2.712040606016827,6.224486117038708,56,20,36,35.714285714285715,5895.869999999999,2805.3700000000003,3090.4999999999986,320.3,0,0,0.09271490250105004,0.25,-0.0,0.044444444444444446,0.02913810502055001,0.01747050655103526,-0.0044139875066811106,
1b_narrow,368,0.43512438319372343,True,77,13,74.0,28.0,21,17,3.4000000000000004,18,39,1.5,4.0,1.0,0.015,0.5,31.417077068449856,1.3943849562521187,1.4072259082999472,13.056630793022794,123,33,90,26.829268292682926,11107.810000000001,7966.099999999999,3141.710000000002,768.25,0,0,31.50519080404998,2.3353678178458193,2.8412129510101103,6.224081454457023,50,19,31,38.0,5509.88,2359.3200000000006,3150.5599999999995,283.93,0,0,0.09451557241214995,0.25,-0.0,0.03968253968253968,0.03141707706844986,0.019719247812605936,-0.00021005378202197984,
1b_narrow,369,0.3584985994334628,True,78,13,74.0,30.0,21,17,3.4000000000000004,18,39,1.3,4.0,1.0,0.015,0.5,14.418729692249963,1.1527107160899683,0.698646096356569,16.67503525654852,146,33,113,22.602739726027398,10883.859999999999,9441.970000000001,1441.8899999999976,844.11,0,0,33.176163522900005,2.285767989117587,3.1139433232294453,5.464440252901957,58,23,35,39.6551724137931,5897.99,2580.31,3317.68,334.77,0,0,0.09952849056870001,0.25,-0.0,0.046031746031746035,0.014418729692249964,0.007635535804498417,-0.05911590266373164,
1b_narrow,370,-1.0136054421768708,False,79,13,74.0,31.0,19,18,3.4000000000000004,18,38,1.8,4.0,1.0,0.015,0.5,7.438003420149926,1.1365235077722868,0.45359427770542593,11.571548465503783,90,22,68,24.444444444444443,6191.28,5447.56,743.7199999999993,462.99,0,0,31.26349924119997,2.4711130351311414,2.936050499832725,6.066780811987745,42,16,26,38.095238095238095,5251.5599999999995,2125.1800000000003,3126.379999999999,240.4,0,0,,,,,,,,0.08163265306122447
1b_narrow,371,0.4406510646519147,True,78,13,74.0,30.0,21,17,3.4000000000000004,18,39,1.5,4.0,1.0,0.015,0.5,33.650739951699904,1.4231369417741255,1.48736500326987,12.603723158505971,124,34,90,27.419354838709676,11317.71,7952.65,3365.0599999999995,777.46,0,0,32.73973902680004,2.380110105974893,2.9305272369978828,6.224081454457023,50,19,31,38.0,5646.24,2372.26,3273.9799999999996,285.59,0,0,0.0982192170804001,0.25,-0.0,0.03968253968253968,0.033650739951699905,0.021156847088706278,-0.002058279151431233,
1b_narrow,372,0.3820515428357851,True,77,13,74.0,29.0,21,17,3.4000000000000004,18,40,1.5,3.9,1.0,0.015,0.5,19.936275239549868,1.247317363635236,0.9533759612563465,13.162980189022274,126,32,94,25.396825396825395,10054.75,8061.1,1993.6499999999996,748.54,0,0,29.10911154974996,2.206493086640804,2.659520997393686,6.224257329982611,51,19,32,37.254901960784316,5323.650000000001,2412.7200000000003,2910.9300000000003,287.1,0,0,0.08732733464924988,0.25,-0.0,0.04047619047619048,0.01993627523954987,0.012365868181761797,-0.028054125710966927,
1b_narrow,373,0.3573461621631544,True,78,13,74.0,31.0,21,17,3.3000000000000003,18,39,1.5,4.0,1.0,0.015,0.5,15.946751495049938,1.229612222946967,0.8326249306473581,13.13697972294624,118,30,88,25.423728813559322,8539.619999999999,6944.970000000001,1594.6499999999978,651.61,0,0,24.91674781630001,2.1408145044983176,2.4507668483337057,6.918908150032331,48,17,31,35.416666666666664,4675.86,2184.1499999999996,2491.71,269.71,0,0,0.07475024344890004,0.25,-0.0,0.0380952380952381,0.015946751495049937,0.011480611147348352,-0.032926682023382045,
1b_narrow,374,0.41661367284138134,True,79,13,74.0,30.0,21,17,3.4000000000000004,18,40,1.5,4.0,1.0,0.015,0.5,27.082102208399846,1.3423150475944905,1.2150349266114866,12.602616134721675,123,33,90,26.829268292682926,10619.9,7911.63,2708.2699999999995,742.89,0,0,30.744322412599995,2.2734461077100225,2.780321262488135,6.224490684729023,50,18,32,36.0,5488.69,2414.26,3074.4299999999994,282.06,0,0,0.09223296723779999,0.25,-0.0,0.03968253968253968,0.027082102208399846,0.017115752379724524,-0.009499688667082668,
1b_narrow,375,0.4406510646519147,True,78,13,74.0,29.0,21,17,3.4000000000000004,18,39,1.5,4.0,1.0,0.015,0.5,33.650739951699904,1.4231369417741255,1.48736500326987,12.603723158505971,124,34,90,27.419354838709676,11317.71,7952.65,3365.0599999999995,777.46,0,0,32.73973902680004,2.380110105974893,2.9305272369978828,6.224081454457023,50,19,31,38.0,5646.24,2372.26,3273.9799999999996,285.59,0,0,0.0982192170804001,0.25,-0.0,0.03968253968253968,0.033650739951699905,0.021156847088706278,-0.002058279151431233,
1b_narrow,376,0.4406510646519147,True,78,13,74.0,28.0,21,17,3.4000000000000004,18,39,1.5,4.0,1.0,0.015,0.5,33.650739951699904,1.4231369417741255,1.48736500326987,12.603723158505971,124,34,90,27.419354838709676,11317.71,7952.65,3365.0599999999995,777.46,0,0,32.73973902680004,2.380110105974893,2.9305272369978828,6.224081454457023,50,19,31,38.0,5646.24,2372.26,3273.9799999999996,285.59,0,0,0.0982192170804001,0.25,-0.0,0.03968253968253968,0.033650739951699905,0.021156847088706278,-0.002058279151431233,
1b_narrow,377,0.39335405925607214,True,90,13,74.0,29.0,21,17,3.6,18,39,1.5,4.0,1.0,0.015,0.5,33.128515113199775,1.4137174855355983,1.3572207785520074,8.627600136305043,126,36,90,28.571428571428573,11320.470000000001,8007.59,3312.880000000001,753.0,0,2,24.900830305249965,1.9793402893854,2.3490304457194537,5.893462034862549,52,16,36,30.76923076923077,5032.73,2542.63,2490.0999999999995,294.45,0,0,0.07470249091574989,0.24483507234635,-0.0,0.04126984126984127,0.03312851511319977,0.020685874276779915,-0.021267734665848692,
1b_narrow,378,0.4202533832642147,True,79,13,74.0,30.0,21,17,3.4000000000000004,18,39,1.5,3.9,1.0,0.015,0.5,36.607385288849834,1.4557907659514067,1.592583467285869,12.71107944824995,124,36,88,29.032258064516128,11692.3,8031.58,3660.7199999999993,787.31,0,0,29.28280882739997,2.2251294881557033,2.6709198309093813,6.223518167946436,50,18,32,36.0,5318.46,2390.1800000000003,2928.2799999999997,280.35,0,0,0.08784842648219991,0.25,-0.0,0.03968253968253968,0.03660738528884984,0.022789538297570335,-0.016674506486945108,
1b_narrow,379,0.3398404304473346,True,77,13,74.0,30.0,21,17,3.5,18,38,1.5,4.0,1.0,0.015,0.5,16.581197399699867,1.19619935630443,0.7851129367331922,16.390480424947153,131,32,99,24.427480916030536,10109.32,8451.2,1658.119999999999,753.3,0,0,25.64698609359997,1.8938922890323302,2.334760420712123,7.191678419072689,57,20,37,35.08771929824562,5433.88,2869.16,2564.7200000000003,314.4,0,0,0.07694095828079991,0.22347307225808255,-0.0,0.045238095238095244,0.01658119739969987,0.009809967815221499,-0.032202860544564504,
1b_narrow,380,0.4148016279955324,True,77,13,74.0,31.0,21,17,3.4000000000000004,18,38,1.5,4.0,1.0,0.015,0.5,26.262238048299896,1.3198898863539472,1.2103714277209883,14.227374341000226,124,32,92,25.806451612903224,10835.900000000001,8209.7,2626.2000000000007,764.46,0,0,32.06938613360002,2.3345901270943092,2.8788312634439492,6.224081454457023,52,20,32,38.46153846153846,5609.879999999999,2402.94,3206.939999999999,295.26,0,0,0.09620815840080006,0.25,-0.0,0.04126984126984127,0.0262622380482999,0.015994494317697363,-0.014933104041106215,
1b_narrow,381,0.36470688743372714,True,76,13,74.0,29.0,21,17,3.4000000000000004,18,49,1.5,4.0,1.0,0.015,0.5,16.78523725754987,1.2256923341705703,0.8442640408245383,15.114286487872054,114,28,86,24.56140350877193,9115.67,7437.160000000001,1678.5099999999993,658.11,0,0,31.20219812379999,2.3742688770656417,2.8348128522480835,6.224153565858727,48,19,29,39.583333333333336,5390.73,2270.4800000000005,3120.249999999999,270.42,0,0,0.09360659437139997,0.25,-0.0,0.0380952380952381,0.016785237257549872,0.011284616708528518,-0.04506479899898929,
1b_narrow,382,0.40017678454210004,True,78,13,74.0,31.0,21,17,3.4000000000000004,17,39,1.5,4.0,1.0,0.015,0.5,22.843466779649845,1.2975361835592747,1.1174430238387294,12.45722074560872,125,33,92,26.4,9961.86,7677.519999999999,2284.340000000002,730.28,0,0,34.24110765539996,2.477108506498828,3.050769194826141,6.223986825653437,50,20,30,40.0,5742.209999999999,2318.11,3424.099999999999,285.18,0,0,0.10272332296619988,0.25,-0.0,0.03968253968253968,0.022843466779649848,0.014876809177963735,-0.02994935406425309,
1b_narrow,383,0.41661367284138134,True,79,13,74.0,30.0,21,17,3.4000000000000004,18,40,1.5,4.0,1.0,0.015,0.5,27.082102208399846,1.3423150475944905,1.2150349266114866,12.602616134721675,123,33,90,26.829268292682926,10619.9,7911.63,2708.2699999999995,742.89,0,0,30.744322412599995,2.2734461077100225,2.780321262488135,6.224490684729023,50,18,32,36.0,5488.69,2414.26,3074.4299999999994,282.06,0,0,0.09223296723779999,0.25,-0.0,0.03968253968253968,0.027082102208399846,0.017115752379724524,-0.009499688667082668,
1b_narrow,384,0.4406510646519147,True,78,13,74.0,29.0,21,17,3.4000000000000004,18,39,1.5,4.0,1.0,0.015,0.5,33.650739951699904,1.4231369417741255,1.48736500326987,12.603723158505971,124,34,90,27.419354838709676,11317.71,7952.65,3365.0599999999995,777.46,0,0,32.73973902680004,2.380110105974893,2.9305272369978828,6.224081454457023,50,19,31,38.0,5646.24,2372.26,3273.9799999999996,285.59,0,0,0.0982192170804001,0.25,-0.0,0.03968253968253968,0.033650739951699905,0.021156847088706278,-0.002058279151431233,
1b_narrow,385,0.4393724245308978,True,78,13,74.0,32.0,21,17,3.4000000000000004,18,39,1.5,4.0,1.0,0.015,0.5,33.650739951699904,1.4231369417741255,1.48736500326987,12.603723158505971,124,34,90,27.419354838709676,11317.71,7952.65,3365.0599999999995,777.46,0,0,32.349029818450056,2.3437415624389897,2.9001679371861897,6.224081454457023,51,19,32,37.254901960784316,5642.3,2407.3900000000003,3234.91,291.66,0,0,0.09704708945535016,0.25,-0.0,0.04047619047619048,0.033650739951699905,0.021156847088706278,-0.0029584424410490427,
1b_narrow,386,0.4202533832642147,True,79,13,74.0,28.0,21,17,3.4000000000000004,18,39,1.5,3.9,1.0,0.015,0.5,36.607385288849834,1.4557907659514067,1.592583467285869,12.71107944824995,124,36,88,29.032258064516128,11692.3,8031.58,3660.7199999999993,787.31,0,0,29.28280882739997,2.2251294881557033,2.6709198309093813,6.223518167946436,50,18,32,36.0,5318.46,2390.1800000000003,2928.2799999999997,280.35,0,0,0.08784842648219991,0.25,-0.0,0.03968253968253968,0.03660738528884984,0.022789538297570335,-0.016674506486945108,
1b_narrow,387,0.3923500808856827,True,78,13,74.0,30.0,20,17,3.4000000000000004,18,40,1.5,4.0,1.0,0.015,0.5,21.59504739314985,1.2707617890551832,1.004531392296723,12.601457796126594,125,32,93,25.6,10135.380000000001,7975.829999999999,2159.550000000002,736.01,0,0,33.773991751500034,2.449468050864551,3.016551219037608,5.26708526946425,49,19,30,38.775510204081634,5707.53,2330.11,3377.4199999999996,285.71,0,0,0.1013219752545001,0.25,-0.0,0.03888888888888889,0.021595047393149852,0.013538089452759161,-0.032993920103615314,
1b_narrow,388,0.4148016279955324,True,77,13,74.0,29.0,21,17,3.4000000000000004,18,38,1.5,4.0,1.0,0.015,0.5,26.262238048299896,1.3198898863539472,1.2103714277209883,14.227374341000226,124,32,92,25.806451612903224,10835.900000000001,8209.7,2626.2000000000007,764.46,0,0,32.06938613360002,2.3345901270943092,2.8788312634439492,6.224081454457023,52,20,32,38.46153846153846,5609.879999999999,2402.94,3206.939999999999,295.26,0,0,0.09620815840080006,0.25,-0.0,0.04126984126984127,0.0262622380482999,0.015994494317697363,-0.014933104041106215,
1b_narrow,389,0.4406510646519147,True,78,13,74.0,30.0,21,17,3.4000000000000004,18,39,1.5,4.0,1.0,0.015,0.5,33.650739951699904,1.4231369417741255,1.48736500326987,12.603723158505971,124,34,90,27.419354838709676,11317.71,7952.65,3365.0599999999995,777.46,0,0,32.73973902680004,2.380110105974893,2.9305272369978828,6.224081454457023,50,19,31,38.0,5646.24,2372.26,3273.9799999999996,285.59,0,0,0.0982192170804001,0.25,-0.0,0.03968253968253968,0.033650739951699905,0.021156847088706278,-0.002058279151431233,
1b_narrow,390,0.38716269514226626,True,80,13,74.0,31.0,21,17,3.4000000000000004,18,39,1.6,4.0,1.0,0.015,0.5,20.692332420399868,1.2931458022253266,1.025312846913274,11.415716634510103,113,31,82,27.43362831858407,9127.980000000001,7058.74,2069.2400000000016,648.51,0,0,32.875672849650016,2.4449503784249433,2.9631916426663754,6.224490684729023,47,18,29,38.297872340425535,5562.799999999999,2275.22,3287.5799999999995,265.84,0,0,0.09862701854895005,0.25,-0.0,0.0373015873015873,0.02069233242039987,0.014657290111266331,-0.03411553323993728,
1b_narrow,391,0.4406510646519147,True,78,13,74.0,30.0,21,17,3.4000000000000004,18,39,1.5,4.0,1.0,0.015,0.5,33.650739951699904,1.4231369417741255,1.48736500326987,12.603723158505971,124,34,90,27.419354838709676,11317.71,7952.65,3365.0599999999995,777.46,0,0,32.73973902680004,2.380110105974893,2.9305272369978828,6.224081454457023,50,19,31,38.0,5646.24,2372.26,3273.9799999999996,285.59,0,0,0.0982192170804001,0.25,-0.0,0.03968253968253968,0.033650739951699905,0.021156847088706278,-0.002058279151431233,
1b_narrow,392,0.3727636985038757,True,77,13,74.0,29.0,21,17,3.4000000000000004,18,39,1.4000000000000001,3.9,1.0,0.015,0.5,18.078740378549917,1.198336445276246,0.8599333489594835,16.309414047205408,138,33,105,23.91304347826087,10923.339999999998,9115.42,1807.9199999999983,818.78,0,0,28.441916352200025,2.1573603854354872,2.6120368415412094,5.48484998326086,54,20,34,37.03703703703704,5301.670000000001,2457.48,2844.190000000001,303.17,0,0,0.08532574905660008,0.25,-0.0,0.04285714285714286,0.01807874037854992,0.009916822263812297,-0.03341475605222947,
1b_narrow,393,0.43435865704871923,True,79,13,74.0,30.0,21,17,3.4000000000000004,18,38,1.5,4.0,1.0,0.015,0.5,34.47259470944984,1.4265803580709508,1.505864452475376,12.601954120992126,122,34,88,27.868852459016395,11528.31,8081.08,3447.2299999999996,772.92,0,0,31.41558289769999,2.2837301100840954,2.8259548227249605,6.224490684729023,52,19,33,36.53846153846154,5588.789999999999,2447.22,3141.5699999999993,293.36,0,0,0.09424674869309997,0.25,-0.0,0.04126984126984127,0.03447259470944984,0.021329017903547545,-0.006959545527219397,
1b_narrow,394,0.39914326118412147,True,78,13,74.0,31.0,21,17,3.4000000000000004,18,40,1.5,4.0,1.0,0.015,0.5,23.009885180449803,1.289943572308848,1.0677532212006764,12.602945869454004,125,32,93,25.6,10236.76,7935.819999999999,2300.9400000000014,744.89,0,0,32.628182419300025,2.3695616586704946,2.922711580784958,6.224081454457023,50,19,31,38.0,5645.22,2382.3900000000003,3262.83,285.55,0,0,0.09788454725790006,0.25,-0.0,0.03968253968253968,0.023009885180449805,0.014497178615442398,-0.02593088955221048,
1b_narrow,395,0.3563832672987918,True,77,13,74.0,29.0,21,20,3.4000000000000004,18,39,1.5,3.9,1.0,0.015,0.5,15.651784372999883,1.262536106200034,0.8859841661279497,11.088113368655236,102,27,75,26.470588235294116,7526.709999999999,5961.58,1565.1299999999992,572.9,0,0,30.7922600085,2.568265043673126,3.0743899452283565,4.680422820863544,43,16,27,37.2093023255814,5042.66,1963.4500000000005,3079.209999999999,251.17,0,0,0.0923767800255,0.25,-0.0,0.03412698412698413,0.015651784372999883,0.0131268053100017,-0.048899086536693954,
1b_narrow,396,0.4293539710103986,True,78,13,74.0,30.0,21,16,3.4000000000000004,18,39,1.5,4.0,1.0,0.015,0.5,29.138105020550007,1.3494101310207052,1.2571248803717967,14.883499964855574,128,35,93,27.34375,11252.92,8339.139999999998,2913.7800000000025,778.61,0,0,30.90496750035001,2.1016372171941664,2.712040606016827,6.224486117038708,56,20,36,35.714285714285715,5895.869999999999,2805.3700000000003,3090.4999999999986,320.3,0,0,0.09271490250105004,0.25,-0.0,0.044444444444444446,0.02913810502055001,0.01747050655103526,-0.0044139875066811106,
1b_narrow,397,0.3663686485810857,True,78,13,74.0,32.0,21,17,3.4000000000000004,16,40,1.5,4.0,1.0,0.015,0.5,16.37635496494995,1.2104258192513628,0.8392570629945502,12.416400057489406,128,32,96,25.0,9420.029999999999,7782.410000000001,1637.619999999998,727.52,0,0,33.493264569250044,2.418840892820077,2.995739375951088,6.223199459008842,51,20,31,39.21568627450981,5709.9400000000005,2360.6099999999997,3349.330000000001,290.86,0,0,0.10047979370775012,0.25,-0.0,0.04047619047619048,0.01637635496494995,0.010521290962568142,-0.051484981530372974,
1b_narrow,398,0.35677465546932613,True,77,13,74.0,28.0,21,17,3.2,18,39,1.5,4.0,1.0,0.015,0.5,16.219589815799917,1.23659090179741,0.8595265145791714,13.391158058221489,119,30,89,25.210084033613445,8477.35,6855.42,1621.9300000000003,651.36,0,0,23.43808956315004,2.146080986586994,2.340029544707378,6.918487438882972,45,16,29,35.55555555555556,4388.8,2045.03,2343.7700000000004,251.44,0,0,0.07031426868945012,0.25,-0.0,0.03571428571428572,0.016219589815799917,0.011829545089870497,-0.027303033840080124,
1b_narrow,399,0.4286301984656295,True,79,13,74.0,31.0,21,17,3.4000000000000004,18,39,1.5,4.0,1.0,0.015,0.5,38.076970261649876,1.4804933572928447,1.6333005208092277,12.601954120992126,122,35,87,28.688524590163933,11732.140000000001,7924.48,3807.6600000000017,775.77,0,0,30.85434317074998,2.2832805812845987,2.7881141387901596,6.224490684729023,50,18,32,36.0,5489.759999999999,2404.33,3085.4299999999994,282.14,0,0,0.09256302951224994,0.25,-0.0,0.03968253968253968,0.038076970261649884,0.024024667864642236,-0.015717008855452266,
1b_narrow,400,0.40582224437829456,True,78,13,74.0,30.0,21,18,3.4000000000000004,18,38,1.5,4.0,1.0,0.015,0.5,23.318768093449872,1.3139856006226178,1.1164135143319012,12.03673841682157,119,31,88,26.050420168067227,9758.590000000002,7426.71,2331.880000000002,706.1,0,0,34.77075818375004,2.4559013181034053,3.1810193321887055,4.772129269607696,53,20,33,37.735849056603776,5865.38,2388.2799999999997,3477.1000000000004,310.67,0,0,0.10431227455125011,0.25,-0.0,0.04206349206349207,0.023318768093449873,0.015699280031130892,-0.0295715703610284,
1b_narrow,401,0.4393724245308978,True,78,13,74.0,37.0,21,17,3.4000000000000004,18,39,1.5,4.0,1.0,0.015,0.5,33.650739951699904,1.4231369417741255,1.48736500326987,12.603723158505971,124,34,90,27.419354838709676,11317.71,7952.65,3365.0599999999995,777.46,0,0,32.349029818450056,2.3437415624389897,2.9001679371861897,6.224081454457023,51,19,32,37.254901960784316,5642.3,2407.3900000000003,3234.91,291.66,0,0,0.09704708945535016,0.25,-0.0,0.04047619047619048,0.033650739951699905,0.021156847088706278,-0.0029584424410490427,
1b_narrow,402,0.41804647499131486,True,79,13,75.0,29.0,21,17,3.4000000000000004,18,39,1.5,4.0,1.0,0.015,0.5,36.28058010989989,1.455829620639312,1.5686586735006316,12.602882951545228,123,35,88,28.45528455284553,11587.21,7959.179999999999,3628.0299999999997,771.03,0,0,28.823950724349963,2.153683283635854,2.617250137642945,6.224490684729023,50,17,33,34.0,5380.87,2498.4500000000003,2882.4199999999996,281.1,0,0,0.08647185217304988,0.25,-0.0,0.03968253968253968,0.03628058010989989,0.0227914810319656,-0.017179978006140195,
1b_narrow,403,0.43512438319372343,True,77,13,74.0,30.0,21,17,3.4000000000000004,18,39,1.5,4.0,1.0,0.015,0.5,31.417077068449856,1.3943849562521187,1.4072259082999472,13.056630793022794,123,33,90,26.829268292682926,11107.810000000001,7966.099999999999,3141.710000000002,768.25,0,0,31.50519080404998,2.3353678178458193,2.8412129510101103,6.224081454457023,50,19,31,38.0,5509.88,2359.3200000000006,3150.5599999999995,283.93,0,0,0.09451557241214995,0.25,-0.0,0.03968253968253968,0.03141707706844986,0.019719247812605936,-0.00021005378202197984,
1b_narrow,404,0.41230947684996605,True,76,13,74.0,30.0,21,17,3.4000000000000004,18,39,1.5,4.0,1.0,0.015,0.5,25.879057737899892,1.3377917472135457,1.214348721474116,13.054573587711756,123,32,91,26.016260162601625,10249.05,7661.169999999999,2587.88,737.21,0,0,31.58140686249997,2.3426908491063383,2.847146284053924,6.224081454457023,50,19,31,38.0,5510.29,2352.12,3158.17,283.96,0,0,0.09474422058749991,0.25,-0.0,0.03968253968253968,0.02587905773789989,0.016889587360677284,-0.01488592851865071,
1b_narrow,405,0.4182498931382354,True,78,13,74.0,29.0,21,17,3.4000000000000004,18,38,1.5,3.9,1.0,0.015,0.5,27.15430633669986,1.326856501788732,1.251186688114981,13.884853974023956,127,34,93,26.771653543307085,11022.94,8307.560000000001,2715.379999999999,785.71,0,0,31.651066182300035,2.31829995668255,2.84737191230146,6.224257329982611,52,20,32,38.46153846153846,5565.960000000001,2400.88,3165.080000000001,295.0,0,0,0.09495319854690011,0.25,-0.0,0.04126984126984127,0.027154306336699865,0.0163428250894366,-0.011470278104642427,
1b_narrow,406,0.40837195336097787,True,79,13,77.0,31.0,21,17,3.4000000000000004,18,40,1.5,4.0,1.0,0.015,0.5,25.432915247399922,1.3200567808576025,1.151977562851247,12.601186071653883,124,33,91,26.612903225806452,10489.62,7946.34,2543.2800000000007,738.56,0,0,26.729558335499952,2.012880122776104,2.4496051309022104,7.669159282673528,51,17,34,33.333333333333336,5311.89,2638.9500000000003,2672.94,282.12,0,0,0.08018867500649986,0.25,-0.0,0.04047619047619048,0.025432915247399924,0.016002839042880124,-0.003728666411992493,
1b_narrow,407,0.4406510646519147,True,78,13,74.0,29.0,21,17,3.4000000000000004,18,39,1.5,4.0,1.0,0.015,0.5,33.650739951699904,1.4231369417741255,1.48736500326987,12.603723158505971,124,34,90,27.419354838709676,11317.71,7952.65,3365.0599999999995,777.46,0,0,32.73973902680004,2.380110105974893,2.9305272369978828,6.224081454457023,50,19,31,38.0,5646.24,2372.26,3273.9799999999996,285.59,0,0,0.0982192170804001,0.25,-0.0,0.03968253968253968,0.033650739951699905,0.021156847088706278,-0.002058279151431233,
1b_narrow,408,0.41661367284138134,True,79,13,74.0,31.0,21,17,3.4000000000000004,18,40,1.5,4.0,1.0,0.015,0.5,27.082102208399846,1.3423150475944905,1.2150349266114866,12.602616134721675,123,33,90,26.829268292682926,10619.9,7911.63,2708.2699999999995,742.89,0,0,30.744322412599995,2.2734461077100225,2.780321262488135,6.224490684729023,50,18,32,36.0,5488.69,2414.26,3074.4299999999994,282.06,0,0,0.09223296723779999,0.25,-0.0,0.03968253968253968,0.027082102208399846,0.017115752379724524,-0.009499688667082668,
1b_narrow,409,0.4406510646519147,True,78,13,74.0,30.0,21,17,3.4000000000000004,18,39,1.5,4.0,1.0,0.015,0.5,33.650739951699904,1.4231369417741255,1.48736500326987,12.603723158505971,124,34,90,27.419354838709676,11317.71,7952.65,3365.0599999999995,777.46,0,0,32.73973902680004,2.380110105974893,2.9305272369978828,6.224081454457023,50,19,31,38.0,5646.24,2372.26,3273.9799999999996,285.59,0,0,0.0982192170804001,0.25,-0.0,0.03968253968253968,0.033650739951699905,0.021156847088706278,-0.002058279151431233,
1b_narrow,410,0.39088648060429343,True,77,13,74.0,28.0,21,17,3.4000000000000004,18,41,1.5,4.0,1.0,0.015,0.5,21.449063916599826,1.2705419668624247,1.007897816972455,13.053631744925434,123,31,92,25.203252032520325,10073.060000000001,7928.160000000001,2144.9000000000005,732.7,0,0,30.609877752700015,2.266962744667905,2.785617611211506,6.224081454457023,51,19,32,37.254901960784316,5477.049999999999,2416.03,3061.019999999999,286.8,0,0,0.09182963325810005,0.25,-0.0,0.04047619047619048,0.021449063916599828,0.013527098343121236,-0.02639550538971818,
1b_narrow,411,0.4182498931382354,True,78,13,74.0,29.0,21,17,3.4000000000000004,18,38,1.5,3.9,1.0,0.015,0.5,27.15430633669986,1.326856501788732,1.251186688114981,13.884853974023956,127,34,93,26.771653543307085,11022.94,8307.560000000001,2715.379999999999,785.71,0,0,31.651066182300035,2.31829995668255,2.84737191230146,6.224257329982611,52,20,32,38.46153846153846,5565.960000000001,2400.88,3165.080000000001,295.0,0,0,0.09495319854690011,0.25,-0.0,0.04126984126984127,0.027154306336699865,0.0163428250894366,-0.011470278104642427,
1b_narrow,412,0.4406510646519147,True,78,13,74.0,30.0,21,17,3.4000000000000004,18,39,1.5,4.0,1.0,0.015,0.5,33.650739951699904,1.4231369417741255,1.48736500326987,12.603723158505971,124,34,90,27.419354838709676,11317.71,7952.65,3365.0599999999995,777.46,0,0,32.73973902680004,2.380110105974893,2.9305272369978828,6.224081454457023,50,19,31,38.0,5646.24,2372.26,3273.9799999999996,285.59,0,0,0.0982192170804001,0.25,-0.0,0.03968253968253968,0.033650739951699905,0.021156847088706278,-0.002058279151431233,
1b_narrow,413,0.43512438319372343,True,77,13,74.0,30.0,21,17,3.4000000000000004,18,39,1.5,4.0,1.0,0.015,0.5,31.417077068449856,1.3943849562521187,1.4072259082999472,13.056630793022794,123,33,90,26.829268292682926,11107.810000000001,7966.099999999999,3141.710000000002,768.25,0,0,31.50519080404998,2.3353678178458193,2.8412129510101103,6.224081454457023,50,19,31,38.0,5509.88,2359.3200000000006,3150.5599999999995,283.93,0,0,0.09451557241214995,0.25,-0.0,0.03968253968253968,0.03141707706844986,0.019719247812605936,-0.00021005378202197984,
1b_narrow,414,0.42732769165595813,True,79,13,74.0,33.0,21,17,3.4000000000000004,18,39,1.5,4.0,1.0,0.015,0.5,38.076970261649876,1.4804933572928447,1.6333005208092277,12.601954120992126,122,35,87,28.688524590163933,11732.140000000001,7924.48,3807.6600000000017,775.77,0,0,30.467431131649974,2.249205600770823,2.757756408154303,6.224490684729023,51,18,33,35.294117647058826,5485.7,2438.9500000000003,3046.7499999999995,288.11,0,0,0.09140229339494992,0.25,-0.0,0.04047619047619048,0.038076970261649884,0.024024667864642236,-0.01665243034147438,
1b_narrow,415,0.38284234989701754,True,78,13,74.0,31.0,21,17,3.4000000000000004,18,42,1.5,4.0,1.0,0.015,0.5,20.353760296750007,1.2602585937939537,0.9617023945889613,12.600920852581279,123,31,92,25.203252032520325,9856.18,7820.759999999999,2035.420000000001,715.44,0,0,31.385871486299983,2.3854007574620595,2.850652104926753,6.224153565858727,47,18,29,38.297872340425535,5404.029999999999,2265.4600000000005,3138.5699999999983,264.43,0,0,0.09415761445889995,0.25,-0.0,0.0373015873015873,0.02035376029675001,0.013012929689697684,-0.03198354184991741,
1b_narrow,416,0.4406510646519147,True,78,13,74.0,29.0,21,17,3.4000000000000004,18,39,1.5,4.0,1.0,0.015,0.5,33.650739951699904,1.4231369417741255,1.48736500326987,12.603723158505971,124,34,90,27.419354838709676,11317.71,7952.65,3365.0599999999995,777.46,0,0,32.73973902680004,2.380110105974893,2.9305272369978828,6.224081454457023,50,19,31,38.0,5646.24,2372.26,3273.9799999999996,285.59,0,0,0.0982192170804001,0.25,-0.0,0.03968253968253968,0.033650739951699905,0.021156847088706278,-0.002058279151431233,
1b_narrow,417,0.41223263115422326,True,79,13,74.0,30.0,21,17,3.4000000000000004,18,46,1.5,3.9,1.0,0.015,0.5,26.76858601215001,1.3456177883591185,1.2312557929973447,14.97224333736221,118,32,86,27.11864406779661,10422.199999999999,7745.290000000001,2676.909999999998,715.7,0,0,30.406243261100023,2.380750630066072,2.7785577301567415,6.223034912501579,46,18,28,39.130434782608695,5242.7699999999995,2202.1499999999996,3040.62,258.02,0,0,0.09121872978330008,0.25,-0.0,0.03650793650793651,0.02676858601215001,0.017280889417955924,-0.009543510567119272,
1b_narrow,418,0.3865314321033837,True,77,13,74.0,30.0,19,17,3.4000000000000004,18,40,1.5,4.0,1.0,0.015,0.5,21.166765009899848,1.2697652486427242,0.9906158092773053,13.665020906551655,122,31,91,25.40983606557377,9963.34,7846.6,2116.74,717.09,0,0,27.52411043875005,2.139520249066415,2.524224675755274,6.143752081247843,49,18,31,36.734693877551024,5167.84,2415.4199999999996,2752.4200000000005,276.45,0,0,0.08257233131625015,0.25,-0.0,0.03888888888888889,0.02116676500989985,0.013488262432136211,-0.019584815543791413,
1b_narrow,419,0.4393724245308978,True,78,13,74.0,32.0,21,17,3.4000000000000004,18,39,1.5,4.0,1.0,0.015,0.5,33.650739951699904,1.4231369417741255,1.48736500326987,12.603723158505971,124,34,90,27.419354838709676,11317.71,7952.65,3365.0599999999995,777.46,0,0,32.349029818450056,2.3437415624389897,2.9001679371861897,6.224081454457023,51,19,32,37.254901960784316,5642.3,2407.3900000000003,3234.91,291.66,0,0,0.09704708945535016,0.25,-0.0,0.04047619047619048,0.033650739951699905,0.021156847088706278,-0.0029584424410490427,
1b_narrow,420,0.4250343854861261,True,78,13,74.0,31.0,21,17,3.4000000000000004,18,38,1.5,4.0,1.0,0.015,0.5,28.41196814369998,1.3465327454460077,1.2908398964260914,13.780292664554883,125,33,92,26.4,11040.02,8198.85,2841.17,773.68,0,0,33.30920735890004,2.378852856681596,2.96805845907086,6.224081454457023,52,20,32,38.46153846153846,5746.689999999999,2415.74,3330.949999999999,296.92,0,0,0.09992762207670011,0.25,-0.0,0.04126984126984127,0.028411968143699978,0.017326637272300383,-0.011901683276415633,
1b_narrow,421,0.42857742460206,True,80,13,74.0,29.0,21,17,3.4000000000000004,18,39,1.5,4.0,1.0,0.015,0.5,38.373598023049965,1.4850128353073964,1.643853371362088,12.602307623920353,121,35,86,28.925619834710744,11749.079999999998,7911.7699999999995,3837.3099999999986,770.97,0,0,30.85434317074998,2.2832805812845987,2.7881141387901596,6.224490684729023,50,18,32,36.0,5489.759999999999,2404.33,3085.4299999999994,282.14,0,0,0.09256302951224994,0.25,-0.0,0.03968253968253968,0.03837359802304997,0.02425064176536982,-0.016292384381149428,
1b_narrow,422,0.4342515485506332,True,77,13,74.0,38.0,21,17,3.4000000000000004,18,39,1.5,4.0,1.0,0.015,0.5,31.417077068449856,1.3943849562521187,1.4072259082999472,13.056630793022794,123,33,90,26.829268292682926,11107.810000000001,7966.099999999999,3141.710000000002,768.25,0,0,31.118446486249958,2.2997765386462836,2.810849963754385,6.224081454457023,51,19,32,37.254901960784316,5506.01,2394.15,3111.86,289.95,0,0,0.09335533945874987,0.25,-0.0,0.04047619047619048,0.03141707706844986,0.019719247812605936,-0.0007163062653629647,
1b_narrow,423,0.4202533832642147,True,79,13,74.0,28.0,21,17,3.4000000000000004,18,39,1.5,3.9,1.0,0.015,0.5,36.607385288849834,1.4557907659514067,1.592583467285869,12.71107944824995,124,36,88,29.032258064516128,11692.3,8031.58,3660.7199999999993,787.31,0,0,29.28280882739997,2.2251294881557033,2.6709198309093813,6.223518167946436,50,18,32,36.0,5318.46,2390.1800000000003,2928.2799999999997,280.35,0,0,0.08784842648219991,0.25,-0.0,0.03968253968253968,0.03660738528884984,0.022789538297570335,-0.016674506486945108,
1b_narrow,424,0.4250343854861261,True,78,13,74.0,30.0,21,17,3.4000000000000004,18,38,1.5,4.0,1.0,0.015,0.5,28.41196814369998,1.3465327454460077,1.2908398964260914,13.780292664554883,125,33,92,26.4,11040.02,8198.85,2841.17,773.68,0,0,33.30920735890004,2.378852856681596,2.96805845907086,6.224081454457023,52,20,32,38.46153846153846,5746.689999999999,2415.74,3330.949999999999,296.92,0,0,0.09992762207670011,0.25,-0.0,0.04126984126984127,0.028411968143699978,0.017326637272300383,-0.011901683276415633,
1b_narrow,425,0.3884177435090559,True,77,13,74.0,29.0,21,17,3.4000000000000004,18,40,1.5,4.0,1.0,0.015,0.5,20.95872741284995,1.263693860424973,0.9884257468598309,13.05538871260421,124,31,93,25.0,10044.18,7948.27,2095.91,736.11,0,0,30.674472052300022,2.2636593956621147,2.7757759182739337,6.224081454457023,51,19,32,37.254901960784316,5494.92,2427.45,3067.4700000000003,288.9,0,0,0.09202341615690006,0.25,-0.0,0.04047619047619048,0.020958727412849952,0.013184693021248651,-0.028225283558133227,
1b_narrow,426,0.4406510646519147,True,78,13,74.0,30.0,21,17,3.4000000000000004,18,39,1.5,4.0,1.0,0.015,0.5,33.650739951699904,1.4231369417741255,1.48736500326987,12.603723158505971,124,34,90,27.419354838709676,11317.71,7952.65,3365.0599999999995,777.46,0,0,32.73973902680004,2.380110105974893,2.9305272369978828,6.224081454457023,50,19,31,38.0,5646.24,2372.26,3273.9799999999996,285.59,0,0,0.0982192170804001,0.25,-0.0,0.03968253968253968,0.033650739951699905,0.021156847088706278,-0.002058279151431233,
1b_narrow,427,0.4261787165744679,True,79,13,74.0,31.0,21,17,3.4000000000000004,18,38,1.5,3.9,1.0,0.015,0.5,33.087230455499885,1.404142375373912,1.465840725944409,12.71107944824995,124,35,89,28.225806451612904,11495.84,8187.09,3308.75,784.5,0,0,29.810037240449965,2.2254047988029715,2.7070332938220063,6.223518167946436,52,19,33,36.53846153846154,5413.719999999999,2432.6899999999996,2981.0299999999997,291.46999999999997,0,0,0.08943011172134989,0.25,-0.0,0.04126984126984127,0.03308723045549988,0.0202071187686956,-0.007815585640918743,
1b_narrow,428,0.4406510646519147,True,78,13,74.0,30.0,21,17,3.4000000000000004,18,39,1.5,4.0,1.0,0.015,0.5,33.650739951699904,1.4231369417741255,1.48736500326987,12.603723158505971,124,34,90,27.419354838709676,11317.71,7952.65,3365.0599999999995,777.46,0,0,32.73973902680004,2.380110105974893,2.9305272369978828,6.224081454457023,50,19,31,38.0,5646.24,2372.26,3273.9799999999996,285.59,0,0,0.0982192170804001,0.25,-0.0,0.03968253968253968,0.033650739951699905,0.021156847088706278,-0.002058279151431233,
1b_narrow,429,0.40017678454210004,True,78,13,74.0,29.0,21,17,3.4000000000000004,17,39,1.5,4.0,1.0,0.015,0.5,22.843466779649845,1.2975361835592747,1.1174430238387294,12.45722074560872,125,33,92,26.4,9961.86,7677.519999999999,2284.340000000002,730.28,0,0,34.24110765539996,2.477108506498828,3.050769194826141,6.223986825653437,50,20,30,40.0,5742.209999999999,2318.11,3424.099999999999,285.18,0,0,0.10272332296619988,0.25,-0.0,0.03968253968253968,0.022843466779649848,0.014876809177963735,-0.02994935406425309,
1b_narrow,430,0.36102897310300386,True,76,13,74.0,29.0,21,17,3.4000000000000004,18,40,1.5,4.0,1.0,0.015,0.5,15.857567598099887,1.2074934477475037,0.7915778346504545,13.05320077181354,124,30,94,24.193548387096776,9228.16,7642.41,1585.75,706.23,0,0,30.74972018200004,2.270529903935544,2.7816729168769636,6.224081454457023,51,19,32,37.254901960784316,5495.25,2420.25,3075.0,288.94,0,0,0.09224916054600012,0.25,-0.0,0.04047619047619048,0.01585756759809989,0.010374672387375184,-0.04792861790466182,
1b_narrow,431,0.36410455833567396,True,79,13,74.0,31.0,21,17,3.4000000000000004,18,39,1.7000000000000002,4.0,1.0,0.015,0.5,16.574372396899925,1.257788914241453,0.8671365314678996,10.725809952452767,104,28,76,26.923076923076923,8086.74,6429.33,1657.4099999999999,579.07,0,0,32.61116116024997,2.4634004056649497,2.9495513009635346,6.223712151359111,45,17,28,37.77777777777778,5489.539999999999,2228.4399999999996,3261.0999999999995,255.04,0,0,0.0978334834807499,0.25,-0.0,0.03571428571428572,0.016574372396899927,0.012889445712072645,-0.04890702896833426,
1b_narrow,432,0.43512438319372343,True,77,13,74.0,30.0,21,17,3.4000000000000004,18,39,1.5,4.0,1.0,0.015,0.5,31.417077068449856,1.3943849562521187,1.4072259082999472,13.056630793022794,123,33,90,26.829268292682926,11107.810000000001,7966.099999999999,3141.710000000002,768.25,0,0,31.50519080404998,2.3353678178458193,2.8412129510101103,6.224081454457023,50,19,31,38.0,5509.88,2359.3200000000006,3150.5599999999995,283.93,0,0,0.09451557241214995,0.25,-0.0,0.03968253968253968,0.03141707706844986,0.019719247812605936,-0.00021005378202197984,
1b_narrow,433,0.4406510646519147,True,78,13,74.0,28.0,21,17,3.4000000000000004,18,39,1.5,4.0,1.0,0.015,0.5,33.650739951699904,1.4231369417741255,1.48736500326987,12.603723158505971,124,34,90,27.419354838709676,11317.71,7952.65,3365.0599999999995,777.46,0,0,32.73973902680004,2.380110105974893,2.9305272369978828,6.224081454457023,50,19,31,38.0,5646.24,2372.26,3273.9799999999996,285.59,0,0,0.0982192170804001,0.25,-0.0,0.03968253968253968,0.033650739951699905,0.021156847088706278,-0.002058279151431233,
1b_narrow,434,0.3884177435090559,True,77,13,74.0,30.0,21,17,3.4000000000000004,18,40,1.5,4.0,1.0,0.015,0.5,20.95872741284995,1.263693860424973,0.9884257468598309,13.05538871260421,124,31,93,25.0,10044.18,7948.27,2095.91,736.11,0,0,30.674472052300022,2.2636593956621147,2.7757759182739337,6.224081454457023,51,19,32,37.254901960784316,5494.92,2427.45,3067.4700000000003,288.9,0,0,0.09202341615690006,0.25,-0.0,0.04047619047619048,0.020958727412849952,0.013184693021248651,-0.028225283558133227,
1b_narrow,435,0.4250343854861261,True,78,13,74.0,29.0,21,17,3.4000000000000004,18,38,1.5,4.0,1.0,0.015,0.5,28.41196814369998,1.3465327454460077,1.2908398964260914,13.780292664554883,125,33,92,26.4,11040.02,8198.85,2841.17,773.68,0,0,33.30920735890004,2.378852856681596,2.96805845907086,6.224081454457023,52,20,32,38.46153846153846,5746.689999999999,2415.74,3330.949999999999,296.92,0,0,0.09992762207670011,0.25,-0.0,0.04126984126984127,0.028411968143699978,0.017326637272300383,-0.011901683276415633,
1b_narrow,436,0.4271256950185474,True,78,13,74.0,30.0,21,18,3.4000000000000004,18,39,1.5,4.0,1.0,0.015,0.5,28.353942505999818,1.394362631921534,1.3175765419106824,10.836137808638338,118,32,86,27.11864406779661,10025.3,7189.88,2835.419999999999,709.67,0,0,34.19499924615,2.4590492688817105,3.142820160519794,4.772129269607696,51,19,32,37.254901960784316,5763.199999999999,2343.67,3419.529999999999,299.07,0,0,0.10258499773844999,0.25,-0.0,0.04047619047619048,0.02835394250599982,0.019718131596076705,-0.014007567298169567,
1b_narrow,437,0.4202533832642147,True,79,13,74.0,31.0,21,17,3.4000000000000004,18,39,1.5,3.9,1.0,0.015,0.5,36.607385288849834,1.4557907659514067,1.592583467285869,12.71107944824995,124,36,88,29.032258064516128,11692.3,8031.58,3660.7199999999993,787.31,0,0,29.28280882739997,2.2251294881557033,2.6709198309093813,6.223518167946436,50,18,32,36.0,5318.46,2390.1800000000003,2928.2799999999997,280.35,0,0,0.08784842648219991,0.25,-0.0,0.03968253968253968,0.03660738528884984,0.022789538297570335,-0.016674506486945108,
1b_narrow,438,0.4148016279955324,True,77,13,74.0,29.0,21,17,3.4000000000000004,18,38,1.5,4.0,1.0,0.015,0.5,26.262238048299896,1.3198898863539472,1.2103714277209883,14.227374341000226,124,32,92,25.806451612903224,10835.900000000001,8209.7,2626.2000000000007,764.46,0,0,32.06938613360002,2.3345901270943092,2.8788312634439492,6.224081454457023,52,20,32,38.46153846153846,5609.879999999999,2402.94,3206.939999999999,295.26,0,0,0.09620815840080006,0.25,-0.0,0.04126984126984127,0.0262622380482999,0.015994494317697363,-0.014933104041106215,
1b_narrow,439,0.4406510646519147,True,78,13,74.0,30.0,21,17,3.4000000000000004,18,39,1.5,4.0,1.0,0.015,0.5,33.650739951699904,1.4231369417741255,1.48736500326987,12.603723158505971,124,34,90,27.419354838709676,11317.71,7952.65,3365.0599999999995,777.46,0,0,32.73973902680004,2.380110105974893,2.9305272369978828,6.224081454457023,50,19,31,38.0,5646.24,2372.26,3273.9799999999996,285.59,0,0,0.0982192170804001,0.25,-0.0,0.03968253968253968,0.033650739951699905,0.021156847088706278,-0.002058279151431233,
1b_narrow,440,0.4286301984656295,True,79,13,74.0,31.0,21,17,3.4000000000000004,18,39,1.5,4.0,1.0,0.015,0.5,38.076970261649876,1.4804933572928447,1.6333005208092277,12.601954120992126,122,35,87,28.688524590163933,11732.140000000001,7924.48,3807.6600000000017,775.77,0,0,30.85434317074998,2.2832805812845987,2.7881141387901596,6.224490684729023,50,18,32,36.0,5489.759999999999,2404.33,3085.4299999999994,282.14,0,0,0.09256302951224994,0.25,-0.0,0.03968253968253968,0.038076970261649884,0.024024667864642236,-0.015717008855452266,
1b_narrow,441,0.403238121289737,True,78,13,74.0,28.0,21,17,3.4000000000000004,18,48,1.5,4.0,1.0,0.015,0.5,24.20740008604993,1.3142907221313394,1.1325742037941784,14.924201765884634,115,30,85,26.08695652173913,10122.93,7702.199999999999,2420.7300000000014,695.36,0,0,33.088137052999954,2.482481607928529,2.9766645060073507,6.224153565858727,47,19,28,40.42553191489362,5540.750000000001,2231.94,3308.810000000001,266.95,0,0,0.09926441115899987,0.25,-0.0,0.0373015873015873,0.02420740008604993,0.015714536106566968,-0.023249813363467032,
1b_narrow,442,0.3966611607706605,True,78,13,74.0,29.0,21,16,3.4000000000000004,18,44,1.5,4.0,1.0,0.015,0.5,22.673698865499937,1.2690811905205528,1.0277377126383982,14.882845385579127,127,33,94,25.984251968503937,10693.57,8426.230000000001,2267.3399999999983,756.74,0,0,30.22692313725009,2.1414254318059953,2.6820061802846173,6.2239291581016865,52,19,33,36.53846153846154,5670.88,2648.18,3022.7000000000003,294.79,0,0,0.09068076941175027,0.25,-0.0,0.04126984126984127,0.022673698865499938,0.01345405952602764,-0.021417208302458617,
1b_narrow,443,0.3820515428357851,True,77,13,74.0,30.0,21,17,3.4000000000000004,18,40,1.5,3.9,1.0,0.015,0.5,19.936275239549868,1.247317363635236,0.9533759612563465,13.162980189022274,126,32,94,25.396825396825395,10054.75,8061.1,1993.6499999999996,748.54,0,0,29.10911154974996,2.206493086640804,2.659520997393686,6.224257329982611,51,19,32,37.254901960784316,5323.650000000001,2412.7200000000003,2910.9300000000003,287.1,0,0,0.08732733464924988,0.25,-0.0,0.04047619047619048,0.01993627523954987,0.012365868181761797,-0.028054125710966927,
1b_narrow,444,0.4386735889048727,True,78,13,74.0,30.0,20,17,3.4000000000000004,18,39,1.5,4.0,1.0,0.015,0.5,32.103951556699954,1.401468361205352,1.418766247621548,12.601098977007183,124,34,90,27.419354838709676,11207.080000000002,7996.669999999999,3210.4100000000026,767.95,0,0,33.88607258169999,2.4606690719116533,3.024343479167418,5.187801467515158,49,19,30,38.775510204081634,5708.58,2319.9299999999994,3388.6500000000005,285.77,0,0,0.10165821774509998,0.25,-0.0,0.03888888888888889,0.032103951556699956,0.020073418060267603,-0.0040508873460837515,
1b_narrow,445,0.39653540143754495,True,79,13,74.0,32.0,21,17,3.4000000000000004,18,39,1.4000000000000001,4.0,1.0,0.015,0.5,22.482306709749828,1.2569943519357853,1.0248096490590197,14.619145013791249,132,33,99,25.0,10996.35,8748.13,2248.220000000001,791.75,0,0,29.688066152699992,2.19069601418178,2.703154964689722,5.464902648319096,54,19,35,35.18518518518518,5462.15,2493.34,2968.8099999999995,304.01,0,0,0.08906419845809997,0.25,-0.0,0.04285714285714286,0.02248230670974983,0.012849717596789267,-0.020717964184236985,
1b_narrow,446,0.38957332866521666,True,78,11,74.0,31.0,21,17,3.4000000000000004,18,38,1.5,4.0,1.0,0.015,0.5,21.167114510849807,1.2748931185488017,1.0384844237288375,13.145910098972843,123,32,91,26.016260162601625,9816.83,7700.120000000001,2116.709999999999,720.27,0,0,23.947730184399987,2.0192463205563644,2.41706928701422,6.648360717164636,53,19,34,35.84905660377358,4744.3,2349.54,2394.76,292.93,0,0,0.07184319055319996,0.25,-0.0,0.04206349206349207,0.021167114510849808,0.013744655927440086,-0.009245124389765288,
1b_narrow,447,0.42017413216491034,True,80,13,74.0,30.0,21,17,3.4000000000000004,18,39,1.5,3.9,1.0,0.015,0.5,36.90352849804995,1.4602138737334374,1.6032871461333207,12.710808432746381,123,36,87,29.26829268292683,11709.09,8018.75,3690.34,782.44,0,0,29.28280882739997,2.2251294881557033,2.6709198309093813,6.223518167946436,50,18,32,36.0,5318.46,2390.1800000000003,2928.2799999999997,280.35,0,0,0.08784842648219991,0.25,-0.0,0.03968253968253968,0.03690352849804995,0.02301069368667187,-0.0172710561845511,
1b_narrow,448,0.4286301984656295,True,79,13,74.0,29.0,21,17,3.4000000000000004,18,39,1.5,4.0,1.0,0.015,0.5,38.076970261649876,1.4804933572928447,1.6333005208092277,12.601954120992126,122,35,87,28.688524590163933,11732.140000000001,7924.48,3807.6600000000017,775.77,0,0,30.85434317074998,2.2832805812845987,2.7881141387901596,6.224490684729023,50,18,32,36.0,5489.759999999999,2404.33,3085.4299999999994,282.14,0,0,0.09256302951224994,0.25,-0.0,0.03968253968253968,0.038076970261649884,0.024024667864642236,-0.015717008855452266,
1b_narrow,449,0.39914326118412147,True,78,13,74.0,30.0,21,17,3.4000000000000004,18,40,1.5,4.0,1.0,0.015,0.5,23.009885180449803,1.289943572308848,1.0677532212006764,12.602945869454004,125,32,93,25.6,10236.76,7935.819999999999,2300.9400000000014,744.89,0,0,32.628182419300025,2.3695616586704946,2.922711580784958,6.224081454457023,50,19,31,38.0,5645.22,2382.3900000000003,3262.83,285.55,0,0,0.09788454725790006,0.25,-0.0,0.03968253968253968,0.023009885180449805,0.014497178615442398,-0.02593088955221048,
1b_narrow,450,0.4275530791780323,True,77,13,74.0,29.0,21,17,3.4000000000000004,20,39,1.5,4.0,1.0,0.015,0.5,30.887506698449762,1.389342882965327,1.3784586664755643,13.274227514386695,120,32,88,26.666666666666668,11022.06,7933.290000000001,3088.7699999999986,747.67,0,0,30.09024487765009,2.2562613505897096,2.7457079605916177,6.344022979083267,49,18,31,36.734693877551024,5404.31,2395.2499999999995,3009.060000000001,275.93,0,0,0.09027073463295027,0.25,-0.0,0.03888888888888889,0.030887506698449765,0.01946714414826635,-0.00196119519052296,
1b_narrow,451,0.4346837882268194,True,91,13,74.0,28.0,21,17,3.4000000000000004,18,39,1.5,4.0,1.0,0.015,0.5,35.07075892824992,1.5104696114905185,1.5999794617076035,9.811635488773614,110,33,77,30.0,10377.47,6870.360000000001,3507.1099999999988,681.53,0,1,32.006835941650024,2.6419652384470163,2.9716886408269576,4.771887368210884,44,16,28,36.36363636363637,5149.93,1949.2800000000002,3200.65,253.04,0,0,0.09602050782495007,0.25,-0.0,0.03492063492063492,0.03507075892824992,0.025523480574525928,-0.0068515940215414335,
1b_narrow,452,0.4250343854861261,True,78,13,74.0,31.0,21,17,3.4000000000000004,18,38,1.5,4.0,1.0,0.015,0.5,28.41196814369998,1.3465327454460077,1.2908398964260914,13.780292664554883,125,33,92,26.4,11040.02,8198.85,2841.17,773.68,0,0,33.30920735890004,2.378852856681596,2.96805845907086,6.224081454457023,52,20,32,38.46153846153846,5746.689999999999,2415.74,3330.949999999999,296.92,0,0,0.09992762207670011,0.25,-0.0,0.04126984126984127,0.028411968143699978,0.017326637272300383,-0.011901683276415633,
1b_narrow,453,0.39705602755687,True,78,14,74.0,30.0,21,19,3.4000000000000004,18,40,1.5,3.9,1.0,0.015,0.5,22.80490735114992,1.3127195785189472,1.0980897066644957,12.69608183738786,116,31,85,26.724137931034484,9572.85,7292.38,2280.4700000000003,696.76,0,0,25.606830497050016,2.010768137680587,2.458592479017614,6.239238580872882,51,17,34,33.333333333333336,5094.08,2533.4,2560.68,287.22,0,0,0.07682049149115004,0.25,-0.0,0.04047619047619048,0.022804907351149924,0.01563597892594736,-0.008681540687567808,
1b_narrow,454,0.3541310329480325,True,77,13,74.0,29.0,21,17,3.4000000000000004,18,39,1.6,4.0,1.0,0.015,0.5,14.9825001152999,1.2113368033515295,0.7868681982158978,12.114090724489673,115,29,86,25.217391304347824,8587.529999999999,7089.300000000001,1498.2299999999977,649.03,0,0,32.412802788199954,2.46521709648984,2.934792854936624,6.223712151359111,46,18,28,39.130434782608695,5453.43,2212.15,3241.28,260.17,0,0,0.09723840836459986,0.25,-0.0,0.03650793650793651,0.014982500115299899,0.010566840167576474,-0.05516465220738024,
1b_narrow,455,0.3253032551230429,True,86,13,74.0,32.0,21,14,3.4000000000000004,18,39,1.5,4.0,1.0,0.015,0.5,13.020983278449949,1.1541669182599925,0.6392118084805253,14.770349144325227,134,35,99,26.119402985074625,9748.29,8446.17,1302.1200000000008,725.84,0,2,27.743726512300015,1.9147677627609312,2.4617828679183975,5.29869496831139,59,20,39,33.898305084745765,5807.28,3032.8899999999994,2774.3900000000003,335.75,0,0,0.08323117953690004,0.2286919406902328,-0.0,0.046825396825396826,0.01302098327844995,0.007708345912999626,-0.054174591120936345,
1b_narrow,456,0.4154090352323406,True,79,13,73.0,30.0,21,17,3.4000000000000004,18,39,1.5,4.0,1.0,0.015,0.5,33.63780160324999,1.434815767532946,1.5034526804813766,12.601178467851016,123,35,88,28.45528455284553,11099.95,7736.15,3363.800000000001,756.74,0,0,27.73192210704994,2.119780499327688,2.704673434499511,6.224490684729023,52,18,34,34.61538461538461,5249.7,2476.53,2773.1699999999996,293.18,0,0,0.08319576632114982,0.25,-0.0,0.04126984126984127,0.033637801603249994,0.021740788376647304,-0.014435162338547834,
1b_narrow,457,0.4022733509139546,True,78,13,74.0,31.0,21,18,3.4000000000000004,18,40,1.5,4.0,1.0,0.015,0.5,23.047974547599843,1.309455941331192,1.083654776489737,10.836137808638338,120,31,89,25.833333333333332,9752.709999999997,7447.91,2304.7999999999975,709.57,0,0,34.0834031661,2.448008360806172,3.134845602624199,4.772129269607696,51,19,32,37.254901960784316,5762.22,2353.84,3408.38,298.96,0,0,0.10225020949829998,0.25,-0.0,0.04047619047619048,0.023047974547599843,0.015472797066559596,-0.02897382067469531,
1b_narrow,458,0.4286301984656295,True,79,13,74.0,29.0,21,17,3.4000000000000004,18,39,1.5,4.0,1.0,0.015,0.5,38.076970261649876,1.4804933572928447,1.6333005208092277,12.601954120992126,122,35,87,28.688524590163933,11732.140000000001,7924.48,3807.6600000000017,775.77,0,0,30.85434317074998,2.2832805812845987,2.7881141387901596,6.224490684729023,50,18,32,36.0,5489.759999999999,2404.33,3085.4299999999994,282.14,0,0,0.09256302951224994,0.25,-0.0,0.03968253968253968,0.038076970261649884,0.024024667864642236,-0.015717008855452266,
1b_narrow,459,0.4406510646519147,True,78,13,74.0,30.0,21,17,3.4000000000000004,18,39,1.5,4.0,1.0,0.015,0.5,33.650739951699904,1.4231369417741255,1.48736500326987,12.603723158505971,124,34,90,27.419354838709676,11317.71,7952.65,3365.0599999999995,777.46,0,0,32.73973902680004,2.380110105974893,2.9305272369978828,6.224081454457023,50,19,31,38.0,5646.24,2372.26,3273.9799999999996,285.59,0,0,0.0982192170804001,0.25,-0.0,0.03968253968253968,0.033650739951699905,0.021156847088706278,-0.002058279151431233,
1b_narrow,460,0.42092460807469717,True,77,13,74.0,30.0,21,17,3.4000000000000004,18,39,1.5,2.9,1.0,0.015,0.5,26.321996221300125,1.3409650852208692,1.3763200693224318,11.950672598642953,138,44,94,31.884057971014492,10352.169999999998,7719.9400000000005,2632.2299999999977,832.64,0,0,32.1837835475499,2.4438238540012387,3.4777380267819518,4.498416682217771,58,27,31,46.55172413793103,5447.430000000001,2229.06,3218.3700000000013,326.56,0,0,0.09655135064264969,0.25,-0.0,0.046031746031746035,0.026321996221300128,0.01704825426104346,-0.015028739082042133,
1b_narrow,461,0.4250343854861261,True,78,13,74.0,28.0,21,17,3.4000000000000004,18,38,1.5,4.0,1.0,0.015,0.5,28.41196814369998,1.3465327454460077,1.2908398964260914,13.780292664554883,125,33,92,26.4,11040.02,8198.85,2841.17,773.68,0,0,33.30920735890004,2.378852856681596,2.96805845907086,6.224081454457023,52,20,32,38.46153846153846,5746.689999999999,2415.74,3330.949999999999,296.92,0,0,0.09992762207670011,0.25,-0.0,0.04126984126984127,0.028411968143699978,0.017326637272300383,-0.011901683276415633,
1b_narrow,462,0.3827291797271801,True,78,13,74.0,31.0,21,17,3.5,18,39,1.5,4.0,1.0,0.015,0.5,23.393396795299868,1.2846502697065898,1.0468781042921667,14.807410791405221,131,34,97,25.954198473282442,10557.5,8218.19,2339.3099999999995,765.74,0,0,26.285186969849946,1.9253136572933243,2.3851057448368693,6.994196438259734,55,19,36,34.54545454545455,5469.2,2840.68,2628.52,305.14,0,0,0.07885556090954983,0.23132841432333107,-0.0,0.043650793650793655,0.023393396795299868,0.01423251348532949,-0.00873149943712377,
1b_narrow,463,0.4277414858042218,True,77,13,74.0,29.0,21,17,3.4000000000000004,18,39,1.5,3.9,1.0,0.015,0.5,30.134834003199884,1.3731472653202736,1.368465469923596,13.161567341964211,125,34,91,27.2,11089.399999999998,8075.900000000001,3013.4999999999973,780.15,0,0,29.927871579549993,2.276146292166453,2.7248587589863753,6.224257329982611,50,19,31,38.0,5337.95,2345.1699999999996,2992.78,282.13,0,0,0.08978361473864997,0.25,-0.0,0.03968253968253968,0.030134834003199884,0.018657363266013683,-0.0005168658861814519,
1b_narrow,464,0.36971808996722727,True,79,13,74.0,30.0,21,17,3.4000000000000004,18,50,1.5,4.0,1.0,0.015,0.5,17.848308258849848,1.239540848166654,0.8935941263517072,15.153734192985338,116,30,86,25.862068965517242,9235.980000000001,7451.13,1784.8500000000013,660.59,0,0,31.96333600495005,2.44327494886279,2.8945209057088124,6.224194832071765,46,18,28,39.130434782608695,5410.950000000001,2214.63,3196.3200000000006,259.62,0,0,0.09589000801485015,0.25,-0.0,0.03650793650793651,0.017848308258849848,0.011977042408332706,-0.04250520522274193,
1b_narrow,465,0.39914326118412147,True,78,13,74.0,29.0,21,17,3.4000000000000004,18,40,1.5,4.0,1.0,0.015,0.5,23.009885180449803,1.289943572308848,1.0677532212006764,12.602945869454004,125,32,93,25.6,10236.76,7935.819999999999,2300.9400000000014,744.89,0,0,32.628182419300025,2.3695616586704946,2.922711580784958,6.224081454457023,50,19,31,38.0,5645.22,2382.3900000000003,3262.83,285.55,0,0,0.09788454725790006,0.25,-0.0,0.03968253968253968,0.023009885180449805,0.014497178615442398,-0.02593088955221048,
1b_narrow,466,0.4250343854861261,True,78,13,74.0,31.0,21,17,3.4000000000000004,18,38,1.5,4.0,1.0,0.015,0.5,28.41196814369998,1.3465327454460077,1.2908398964260914,13.780292664554883,125,33,92,26.4,11040.02,8198.85,2841.17,773.68,0,0,33.30920735890004,2.378852856681596,2.96805845907086,6.224081454457023,52,20,32,38.46153846153846,5746.689999999999,2415.74,3330.949999999999,296.92,0,0,0.09992762207670011,0.25,-0.0,0.04126984126984127,0.028411968143699978,0.017326637272300383,-0.011901683276415633,
1b_narrow,467,0.43512438319372343,True,77,13,74.0,30.0,21,17,3.4000000000000004,18,39,1.5,4.0,1.0,0.015,0.5,31.417077068449856,1.3943849562521187,1.4072259082999472,13.056630793022794,123,33,90,26.829268292682926,11107.810000000001,7966.099999999999,3141.710000000002,768.25,0,0,31.50519080404998,2.3353678178458193,2.8412129510101103,6.224081454457023,50,19,31,38.0,5509.88,2359.3200000000006,3150.5599999999995,283.93,0,0,0.09451557241214995,0.25,-0.0,0.03968253968253968,0.03141707706844986,0.019719247812605936,-0.00021005378202197984,
1b_narrow,468,0.4286301984656295,True,79,13,74.0,29.0,21,17,3.4000000000000004,18,39,1.5,4.0,1.0,0.015,0.5,38.076970261649876,1.4804933572928447,1.6333005208092277,12.601954120992126,122,35,87,28.688524590163933,11732.140000000001,7924.48,3807.6600000000017,775.77,0,0,30.85434317074998,2.2832805812845987,2.7881141387901596,6.224490684729023,50,18,32,36.0,5489.759999999999,2404.33,3085.4299999999994,282.14,0,0,0.09256302951224994,0.25,-0.0,0.03968253968253968,0.038076970261649884,0.024024667864642236,-0.015717008855452266,
1b_narrow,469,0.43256981406330947,True,78,13,74.0,30.0,21,17,3.4000000000000004,18,39,1.5,3.9,1.0,0.015,0.5,32.296008538049904,1.4006103006847275,1.4474766030288913,12.710026636936497,126,35,91,27.77777777777778,11291.159999999998,8061.599999999999,3229.5599999999986,789.36,0,0,31.116746915799997,2.319835257590282,2.8115209436106503,6.224257329982611,50,19,31,38.0,5469.29,2357.62,3111.67,283.76,0,0,0.09335024074739999,0.25,-0.0,0.03968253968253968,0.032296008538049904,0.020030515034236376,-0.00278948993891649,
1b_narrow,470,0.4148016279955324,True,77,13,74.0,31.0,21,17,3.4000000000000004,18,38,1.5,4.0,1.0,0.015,0.5,26.262238048299896,1.3198898863539472,1.2103714277209883,14.227374341000226,124,32,92,25.806451612903224,10835.900000000001,8209.7,2626.2000000000007,764.46,0,0,32.06938613360002,2.3345901270943092,2.8788312634439492,6.224081454457023,52,20,32,38.46153846153846,5609.879999999999,2402.94,3206.939999999999,295.26,0,0,0.09620815840080006,0.25,-0.0,0.04126984126984127,0.0262622380482999,0.015994494317697363,-0.014933104041106215,
1b_narrow,471,0.39914326118412147,True,78,13,74.0,28.0,21,17,3.4000000000000004,18,40,1.5,4.0,1.0,0.015,0.5,23.009885180449803,1.289943572308848,1.0677532212006764,12.602945869454004,125,32,93,25.6,10236.76,7935.819999999999,2300.9400000000014,744.89,0,0,32.628182419300025,2.3695616586704946,2.922711580784958,6.224081454457023,50,19,31,38.0,5645.22,2382.3900000000003,3262.83,285.55,0,0,0.09788454725790006,0.25,-0.0,0.03968253968253968,0.023009885180449805,0.014497178615442398,-0.02593088955221048,
1b_narrow,472,0.37989883030695465,True,79,13,74.0,30.0,21,17,3.3000000000000003,18,39,1.5,4.0,1.0,0.015,0.5,19.787409134099924,1.2862180743577984,0.9924744043190941,12.901736843774808,116,31,85,26.724137931034484,8892.05,6913.33,1978.7199999999993,648.66,0,0,23.139366217999978,2.0428132351483144,2.2993885013759354,6.919342428182654,48,16,32,33.333333333333336,4532.88,2218.9399999999996,2313.9400000000005,266.53,0,0,0.06941809865399994,0.25,-0.0,0.0380952380952381,0.019787409134099924,0.014310903717889923,-0.011712819294273225,
1b_narrow,473,0.39839684125419633,True,78,13,74.0,29.0,21,15,3.4000000000000004,18,39,1.5,4.0,1.0,0.015,0.5,22.161231304499907,1.2512143282228585,0.9833435797132752,18.495364988945877,136,35,101,25.735294117647058,11037.900000000001,8821.75,2216.1500000000015,797.9,0,0,30.32384034440005,2.0336823948895204,2.651830643189348,6.224486117038708,58,21,37,36.206896551724135,5965.969999999998,2933.5799999999995,3032.389999999999,330.88,0,0,0.09097152103320015,0.25,-0.0,0.046031746031746035,0.022161231304499908,0.012560716411142925,-0.023328373526392693,
1b_narrow,474,0.4286301984656295,True,79,13,74.0,30.0,21,17,3.4000000000000004,18,39,1.5,4.0,1.0,0.015,0.5,38.076970261649876,1.4804933572928447,1.6333005208092277,12.601954120992126,122,35,87,28.688524590163933,11732.140000000001,7924.48,3807.6600000000017,775.77,0,0,30.85434317074998,2.2832805812845987,2.7881141387901596,6.224490684729023,50,18,32,36.0,5489.759999999999,2404.33,3085.4299999999994,282.14,0,0,0.09256302951224994,0.25,-0.0,0.03968253968253968,0.038076970261649884,0.024024667864642236,-0.015717008855452266,
1b_narrow,475,0.3884177435090559,True,77,13,74.0,31.0,21,17,3.4000000000000004,18,40,1.5,4.0,1.0,0.015,0.5,20.95872741284995,1.263693860424973,0.9884257468598309,13.05538871260421,124,31,93,25.0,10044.18,7948.27,2095.91,736.11,0,0,30.674472052300022,2.2636593956621147,2.7757759182739337,6.224081454457023,51,19,32,37.254901960784316,5494.92,2427.45,3067.4700000000003,288.9,0,0,0.09202341615690006,0.25,-0.0,0.04047619047619048,0.020958727412849952,0.013184693021248651,-0.028225283558133227,
1b_narrow,476,0.4070875130461146,True,78,13,74.0,29.0,21,16,3.4000000000000004,18,38,1.5,4.0,1.0,0.015,0.5,24.072186160900092,1.2807211703858332,1.0713895857585316,16.030101872683296,129,34,95,26.356589147286822,10982.119999999999,8574.949999999999,2407.17,774.67,0,0,30.339781464700028,2.067581309752948,2.6694403443154835,6.224486117038708,57,20,37,35.08771929824562,5875.879999999999,2841.91,3033.9699999999993,324.48,0,0,0.09101934439410007,0.25,-0.0,0.045238095238095244,0.024072186160900094,0.014036058519291662,-0.017278171266272443,
1b_narrow,477,0.4060952971266211,True,76,13,74.0,30.0,21,17,3.4000000000000004,18,39,1.5,3.9,1.0,0.015,0.5,24.77747574439996,1.318699609481521,1.1789725301236573,13.162245919091852,125,33,92,26.4,10251.94,7774.280000000001,2477.66,749.7,0,0,30.00269675245001,2.283252495701491,2.7307675392416857,6.224257329982611,50,19,31,38.0,5338.29,2338.02,3000.27,282.18,0,0,0.09000809025735003,0.25,-0.0,0.03968253968253968,0.024777475744399962,0.015934980474076054,-0.014307789031744601,
1b_narrow,478,0.3573461621631544,True,78,13,74.0,29.0,21,17,3.3000000000000003,18,39,1.5,4.0,1.0,0.015,0.5,15.946751495049938,1.229612222946967,0.8326249306473581,13.13697972294624,118,30,88,25.423728813559322,8539.619999999999,6944.970000000001,1594.6499999999978,651.61,0,0,24.91674781630001,2.1408145044983176,2.4507668483337057,6.918908150032331,48,17,31,35.416666666666664,4675.86,2184.1499999999996,2491.71,269.71,0,0,0.07475024344890004,0.25,-0.0,0.0380952380952381,0.015946751495049937,0.011480611147348352,-0.032926682023382045,
1b_narrow,479,0.4286301984656295,True,79,13,74.0,30.0,21,17,3.4000000000000004,18,39,1.5,4.0,1.0,0.015,0.5,38.076970261649876,1.4804933572928447,1.6333005208092277,12.601954120992126,122,35,87,28.688524590163933,11732.140000000001,7924.48,3807.6600000000017,775.77,0,0,30.85434317074998,2.2832805812845987,2.7881141387901596,6.224490684729023,50,18,32,36.0,5489.759999999999,2404.33,3085.4299999999994,282.14,0,0,0.09256302951224994,0.25,-0.0,0.03968253968253968,0.038076970261649884,0.024024667864642236,-0.015717008855452266,
1b_narrow,480,0.39914326118412147,True,78,13,74.0,28.0,21,17,3.4000000000000004,18,40,1.5,4.0,1.0,0.015,0.5,23.009885180449803,1.289943572308848,1.0677532212006764,12.602945869454004,125,32,93,25.6,10236.76,7935.819999999999,2300.9400000000014,744.89,0,0,32.628182419300025,2.3695616586704946,2.922711580784958,6.224081454457023,50,19,31,38.0,5645.22,2382.3900000000003,3262.83,285.55,0,0,0.09788454725790006,0.25,-0.0,0.03968253968253968,0.023009885180449805,0.014497178615442398,-0.02593088955221048,
1b_narrow,481,0.43512438319372343,True,77,13,74.0,31.0,21,17,3.4000000000000004,18,39,1.5,4.0,1.0,0.015,0.5,31.417077068449856,1.3943849562521187,1.4072259082999472,13.056630793022794,123,33,90,26.829268292682926,11107.810000000001,7966.099999999999,3141.710000000002,768.25,0,0,31.50519080404998,2.3353678178458193,2.8412129510101103,6.224081454457023,50,19,31,38.0,5509.88,2359.3200000000006,3150.5599999999995,283.93,0,0,0.09451557241214995,0.25,-0.0,0.03968253968253968,0.03141707706844986,0.019719247812605936,-0.00021005378202197984,
1b_narrow,482,0.4255346489000157,True,78,13,74.0,32.0,21,17,3.4000000000000004,18,38,1.5,4.0,1.0,0.015,0.5,28.41196814369998,1.3465327454460077,1.2908398964260914,13.780292664554883,125,33,92,26.4,11040.02,8198.85,2841.17,773.68,0,0,32.91710435400004,2.343174018957771,2.937749570568615,6.224081454457023,53,20,33,37.735849056603776,5742.44,2450.71,3291.7299999999996,302.96,0,0,0.0987513130620001,0.25,-0.0,0.04206349206349207,0.028411968143699978,0.017326637272300383,-0.011018761641476832,
1b_narrow,483,0.4270795607749676,True,77,13,74.0,29.0,21,17,3.4000000000000004,18,39,1.5,3.0,1.0,0.015,0.5,28.776215769849934,1.3660834574767855,1.4745891652018448,11.782529131575565,137,43,94,31.386861313868614,10738.14,7860.530000000002,2877.609999999998,840.85,0,0,28.356477955249993,2.2195914996838835,3.054616217719917,6.223788314499558,58,25,33,43.10344827586207,5160.750000000001,2325.09,2835.6600000000008,320.8,0,0,0.08506943386574997,0.25,-0.0,0.046031746031746035,0.028776215769849935,0.018304172873839276,-0.0011020077662175906,
1b_narrow,484,0.4406510646519147,True,78,13,74.0,30.0,21,17,3.4000000000000004,18,39,1.5,4.0,1.0,0.015,0.5,33.650739951699904,1.4231369417741255,1.48736500326987,12.603723158505971,124,34,90,27.419354838709676,11317.71,7952.65,3365.0599999999995,777.46,0,0,32.73973902680004,2.380110105974893,2.9305272369978828,6.224081454457023,50,19,31,38.0,5646.24,2372.26,3273.9799999999996,285.59,0,0,0.0982192170804001,0.25,-0.0,0.03968253968253968,0.033650739951699905,0.021156847088706278,-0.002058279151431233,
1b_narrow,485,0.4060680432898624,True,80,13,74.0,30.0,21,17,3.4000000000000004,18,43,1.5,4.0,1.0,0.015,0.5,25.401248950899895,1.3314417540146586,1.1732634747428186,12.600945270384925,118,32,86,27.11864406779661,10203.89,7663.789999999999,2540.1000000000004,698.87,0,0,30.07297221700003,2.3305430444823956,2.7510724101317474,6.223524531913599,46,17,29,36.95652173913044,5267.54,2260.22,3007.32,256.89,0,0,0.09021891665100008,0.25,-0.0,0.03650793650793651,0.0254012489508999,0.01657208770073293,-0.012632146520707044,
1b_narrow,486,0.4261787165744679,True,79,13,74.0,31.0,21,17,3.4000000000000004,18,38,1.5,3.9,1.0,0.015,0.5,33.087230455499885,1.404142375373912,1.465840725944409,12.71107944824995,124,35,89,28.225806451612904,11495.84,8187.09,3308.75,784.5,0,0,29.810037240449965,2.2254047988029715,2.7070332938220063,6.223518167946436,52,19,33,36.53846153846154,5413.719999999999,2432.6899999999996,2981.0299999999997,291.46999999999997,0,0,0.08943011172134989,0.25,-0.0,0.04126984126984127,0.03308723045549988,0.0202071187686956,-0.007815585640918743,
1b_narrow,487,0.39914326118412147,True,78,13,74.0,29.0,21,17,3.4000000000000004,18,40,1.5,4.0,1.0,0.015,0.5,23.009885180449803,1.289943572308848,1.0677532212006764,12.602945869454004,125,32,93,25.6,10236.76,7935.819999999999,2300.9400000000014,744.89,0,0,32.628182419300025,2.3695616586704946,2.922711580784958,6.224081454457023,50,19,31,38.0,5645.22,2382.3900000000003,3262.83,285.55,0,0,0.09788454725790006,0.25,-0.0,0.03968253968253968,0.023009885180449805,0.014497178615442398,-0.02593088955221048,
1b_narrow,488,0.4406510646519147,True,78,13,74.0,30.0,21,17,3.4000000000000004,18,39,1.5,4.0,1.0,0.015,0.5,33.650739951699904,1.4231369417741255,1.48736500326987,12.603723158505971,124,34,90,27.419354838709676,11317.71,7952.65,3365.0599999999995,777.46,0,0,32.73973902680004,2.380110105974893,2.9305272369978828,6.224081454457023,50,19,31,38.0,5646.24,2372.26,3273.9799999999996,285.59,0,0,0.0982192170804001,0.25,-0.0,0.03968253968253968,0.033650739951699905,0.021156847088706278,-0.002058279151431233,
1b_narrow,489,0.43512438319372343,True,77,13,74.0,29.0,21,17,3.4000000000000004,18,39,1.5,4.0,1.0,0.015,0.5,31.417077068449856,1.3943849562521187,1.4072259082999472,13.056630793022794,123,33,90,26.829268292682926,11107.810000000001,7966.099999999999,3141.710000000002,768.25,0,0,31.50519080404998,2.3353678178458193,2.8412129510101103,6.224081454457023,50,19,31,38.0,5509.88,2359.3200000000006,3150.5599999999995,283.93,0,0,0.09451557241214995,0.25,-0.0,0.03968253968253968,0.03141707706844986,0.019719247812605936,-0.00021005378202197984,
1b_narrow,490,0.4286301984656295,True,79,13,74.0,30.0,21,17,3.4000000000000004,18,39,1.5,4.0,1.0,0.015,0.5,38.076970261649876,1.4804933572928447,1.6333005208092277,12.601954120992126,122,35,87,28.688524590163933,11732.140000000001,7924.48,3807.6600000000017,775.77,0,0,30.85434317074998,2.2832805812845987,2.7881141387901596,6.224490684729023,50,18,32,36.0,5489.759999999999,2404.33,3085.4299999999994,282.14,0,0,0.09256302951224994,0.25,-0.0,0.03968253968253968,0.038076970261649884,0.024024667864642236,-0.015717008855452266,
1b_narrow,491,0.43256981406330947,True,78,13,74.0,30.0,21,17,3.4000000000000004,18,39,1.5,3.9,1.0,0.015,0.5,32.296008538049904,1.4006103006847275,1.4474766030288913,12.710026636936497,126,35,91,27.77777777777778,11291.159999999998,8061.599999999999,3229.5599999999986,789.36,0,0,31.116746915799997,2.319835257590282,2.8115209436106503,6.224257329982611,50,19,31,38.0,5469.29,2357.62,3111.67,283.76,0,0,0.09335024074739999,0.25,-0.0,0.03968253968253968,0.032296008538049904,0.020030515034236376,-0.00278948993891649,
1b_narrow,492,0.39914326118412147,True,78,13,74.0,31.0,21,17,3.4000000000000004,18,40,1.5,4.0,1.0,0.015,0.5,23.009885180449803,1.289943572308848,1.0677532212006764,12.602945869454004,125,32,93,25.6,10236.76,7935.819999999999,2300.9400000000014,744.89,0,0,32.628182419300025,2.3695616586704946,2.922711580784958,6.224081454457023,50,19,31,38.0,5645.22,2382.3900000000003,3262.83,285.55,0,0,0.09788454725790006,0.25,-0.0,0.03968253968253968,0.023009885180449805,0.014497178615442398,-0.02593088955221048,
1b_narrow,493,0.4154827923793537,True,77,13,74.0,29.0,21,18,3.4000000000000004,18,39,1.5,4.0,1.0,0.015,0.5,25.97267880069992,1.35893633751743,1.2277419251354622,10.705083478319711,117,31,86,26.495726495726494,9833.44,7236.13,2597.3100000000004,701.75,0,0,32.949121805900035,2.4143308465613007,3.050979994937508,4.772129269607696,51,19,32,37.254901960784316,5624.57,2329.66,3294.91,297.27,0,0,0.0988473654177001,0.25,-0.0,0.04047619047619048,0.025972678800699922,0.017946816875871498,-0.01776025919110829,
1b_narrow,494,0.43435865704871923,True,79,13,74.0,30.0,21,17,3.4000000000000004,18,38,1.5,4.0,1.0,0.015,0.5,34.47259470944984,1.4265803580709508,1.505864452475376,12.601954120992126,122,34,88,27.868852459016395,11528.31,8081.08,3447.2299999999996,772.92,0,0,31.41558289769999,2.2837301100840954,2.8259548227249605,6.224490684729023,52,19,33,36.53846153846154,5588.789999999999,2447.22,3141.5699999999993,293.36,0,0,0.09424674869309997,0.25,-0.0,0.04126984126984127,0.03447259470944984,0.021329017903547545,-0.006959545527219397,
1b_narrow,495,0.36771373452162437,True,78,13,74.0,31.0,21,17,3.4000000000000004,18,39,1.6,3.6,1.0,0.015,0.5,17.320423100149927,1.2466604955853031,0.9469372987455394,12.531315861465536,120,33,87,27.5,8754.05,7022.000000000001,1732.0499999999984,679.09,0,0,28.98877544645,2.261309396904682,2.854098496614192,6.224541180741186,49,19,30,38.775510204081634,5197.19,2298.31,2898.8799999999997,273.84,0,0,0.08696632633934999,0.25,-0.0,0.03888888888888889,0.017320423100149928,0.012333024779265157,-0.03779492858602961,
1b_narrow,496,0.43512438319372343,True,77,13,74.0,28.0,21,17,3.4000000000000004,18,39,1.5,4.0,1.0,0.015,0.5,31.417077068449856,1.3943849562521187,1.4072259082999472,13.056630793022794,123,33,90,26.829268292682926,11107.810000000001,7966.099999999999,3141.710000000002,768.25,0,0,31.50519080404998,2.3353678178458193,2.8412129510101103,6.224081454457023,50,19,31,38.0,5509.88,2359.3200000000006,3150.5599999999995,283.93,0,0,0.09451557241214995,0.25,-0.0,0.03968253968253968,0.03141707706844986,0.019719247812605936,-0.00021005378202197984,
1b_narrow,497,0.37146140337613304,True,87,13,74.0,29.0,21,17,3.4000000000000004,18,40,1.5,4.0,1.0,0.015,0.5,17.57454066329996,1.249407510636426,0.8814384187521443,11.5965208918502,113,30,83,26.548672566371682,8804.0,7046.539999999999,1757.460000000001,637.75,0,1,35.37845602275005,2.763664280444276,3.2083597669231465,4.771566205666969,45,17,28,37.77777777777778,5543.799999999999,2005.9599999999998,3537.8399999999992,264.15,0,0,0.10613536806825015,0.25,-0.0,0.03571428571428572,0.01757454066329996,0.0124703755318213,-0.050433166601524096,
1b_narrow,498,0.33958363190512497,True,78,13,74.0,30.0,21,16,3.4000000000000004,18,38,1.5,3.3,1.0,0.015,0.5,19.105049452399925,1.226398324818777,0.9495951826224827,16.754448796860345,138,40,98,28.985507246376812,10348.949999999999,8438.489999999998,1910.460000000001,798.55,0,0,23.801430074399995,1.8135166266196814,2.406348670371477,6.44861476675371,64,24,40,37.5,5305.86,2925.7299999999996,2380.13,352.67,0,0,0.07140429022319998,0.20337915665492035,-0.0,0.050793650793650794,0.019105049452399925,0.011319916240938855,-0.016418431459984915,
1b_narrow,499,0.38189358651072697,True,78,13,75.0,30.0,21,17,3.4000000000000004,18,39,1.4000000000000001,4.0,1.0,0.015,0.5,19.769066493299814,1.2191159372260236,0.9195260755260641,15.769073980541062,138,33,105,23.91304347826087,10999.12,9022.21,1976.9100000000017,811.21,0,0,29.90089225180003,2.185410719949255,2.7047267770112184,5.464440252901957,53,19,34,35.84905660377358,5512.4800000000005,2522.4,2990.0800000000004,300.65,0,0,0.0897026767554001,0.25,-0.0,0.04206349206349207,0.019769066493299816,0.010955796861301182,-0.030597445662766218,
1b_narrow,500,0.36594633646678615,True,79,13,74.0,31.0,21,17,3.4000000000000004,18,39,1.7000000000000002,3.9,1.0,0.015,0.5,17.14778737189981,1.2643573438162405,0.9013300329507709,10.837996427280295,105,29,76,27.61904761904762,8201.57,6486.750000000001,1714.8199999999988,591.3100000000001,0,0,31.02772982124996,2.4005597183352894,2.8319493932960613,6.224092957965626,45,17,28,37.77777777777778,5318.2,2215.4,3102.7999999999997,253.48,0,0,0.09308318946374988,0.25,-0.0,0.03571428571428572,0.01714778737189981,0.013217867190812027,-0.0432167932739613,
1b_narrow,501,0.4406510646519147,True,78,13,74.0,29.0,21,17,3.4000000000000004,18,39,1.5,4.0,1.0,0.015,0.5,33.650739951699904,1.4231369417741255,1.48736500326987,12.603723158505971,124,34,90,27.419354838709676,11317.71,7952.65,3365.0599999999995,777.46,0,0,32.73973902680004,2.380110105974893,2.9305272369978828,6.224081454457023,50,19,31,38.0,5646.24,2372.26,3273.9799999999996,285.59,0,0,0.0982192170804001,0.25,-0.0,0.03968253968253968,0.033650739951699905,0.021156847088706278,-0.002058279151431233,
1b_narrow,502,0.4148016279955324,True,77,13,74.0,30.0,21,17,3.4000000000000004,18,38,1.5,4.0,1.0,0.015,0.5,26.262238048299896,1.3198898863539472,1.2103714277209883,14.227374341000226,124,32,92,25.806451612903224,10835.900000000001,8209.7,2626.2000000000007,764.46,0,0,32.06938613360002,2.3345901270943092,2.8788312634439492,6.224081454457023,52,20,32,38.46153846153846,5609.879999999999,2402.94,3206.939999999999,295.26,0,0,0.09620815840080006,0.25,-0.0,0.04126984126984127,0.0262622380482999,0.015994494317697363,-0.014933104041106215,
1b_narrow,503,0.4286301984656295,True,79,13,74.0,28.0,21,17,3.4000000000000004,18,39,1.5,4.0,1.0,0.015,0.5,38.076970261649876,1.4804933572928447,1.6333005208092277,12.601954120992126,122,35,87,28.688524590163933,11732.140000000001,7924.48,3807.6600000000017,775.77,0,0,30.85434317074998,2.2832805812845987,2.7881141387901596,6.224490684729023,50,18,32,36.0,5489.759999999999,2404.33,3085.4299999999994,282.14,0,0,0.09256302951224994,0.25,-0.0,0.03968253968253968,0.038076970261649884,0.024024667864642236,-0.015717008855452266,
1b_narrow,504,0.3569921445907061,True,78,13,74.0,32.0,21,17,3.4000000000000004,18,40,1.3,4.0,1.0,0.015,0.5,14.369053697799918,1.1538091838296607,0.6958629594509104,17.219832254828003,145,33,112,22.75862068965517,10779.22,9342.289999999999,1436.9300000000003,835.5,0,0,31.101902246699993,2.1691589417416597,2.9498395342942096,5.464440252901957,59,22,37,37.28813559322034,5770.439999999999,2660.2200000000003,3110.2199999999984,339.9,0,0,0.09330570674009997,0.25,-0.0,0.046825396825396826,0.01436905369779992,0.0076904591914830345,-0.05519847186407365,
1b_narrow,505,0.4165951235709505,True,77,13,74.0,29.0,19,17,3.4000000000000004,18,39,1.5,4.0,1.0,0.015,0.5,31.63788413364995,1.4027053481987044,1.4060546513559933,13.667810165638697,121,33,88,27.272727272727273,11020.06,7856.29,3163.7699999999995,747.74,0,0,28.33192812110001,2.206031840626596,2.589025433260064,6.143752081247843,48,18,30,37.5,5182.409999999999,2349.2,2833.209999999999,271.54,0,0,0.08499578436330002,0.25,-0.0,0.0380952380952381,0.03163788413364995,0.020135267409935223,-0.008269050431172787,
1b_narrow,506,0.43125955419459294,True,78,13,74.0,35.0,21,17,3.4000000000000004,18,39,1.5,3.9,1.0,0.015,0.5,32.296008538049904,1.4006103006847275,1.4474766030288913,12.710026636936497,126,35,91,27.77777777777778,11291.159999999998,8061.599999999999,3229.5599999999986,789.36,0,0,30.72887725979999,2.284416746083496,2.781106102339209,6.224257329982611,51,19,32,37.254901960784316,5465.33,2392.44,3072.89,289.77,0,0,0.09218663177939997,0.25,-0.0,0.04047619047619048,0.032296008538049904,0.020030515034236376,-0.0037297916332837923,
1b_narrow,507,0.41661367284138134,True,79,13,74.0,31.0,21,17,3.4000000000000004,18,40,1.5,4.0,1.0,0.015,0.5,27.082102208399846,1.3423150475944905,1.2150349266114866,12.602616134721675,123,33,90,26.829268292682926,10619.9,7911.63,2708.2699999999995,742.89,0,0,30.744322412599995,2.2734461077100225,2.780321262488135,6.224490684729023,50,18,32,36.0,5488.69,2414.26,3074.4299999999994,282.06,0,0,0.09223296723779999,0.25,-0.0,0.03968253968253968,0.027082102208399846,0.017115752379724524,-0.009499688667082668,
1b_narrow,508,0.4406510646519147,True,78,13,74.0,29.0,21,17,3.4000000000000004,18,39,1.5,4.0,1.0,0.015,0.5,33.650739951699904,1.4231369417741255,1.48736500326987,12.603723158505971,124,34,90,27.419354838709676,11317.71,7952.65,3365.0599999999995,777.46,0,0,32.73973902680004,2.380110105974893,2.9305272369978828,6.224081454457023,50,19,31,38.0,5646.24,2372.26,3273.9799999999996,285.59,0,0,0.0982192170804001,0.25,-0.0,0.03968253968253968,0.033650739951699905,0.021156847088706278,-0.002058279151431233,
1b_narrow,509,0.41825927317889955,True,78,13,74.0,30.0,21,17,3.4000000000000004,18,39,1.5,3.4,1.0,0.015,0.5,28.360579078299995,1.3692182910825503,1.3778569154057785,13.249160265642956,131,39,92,29.770992366412212,10517.129999999997,7681.119999999999,2836.0099999999984,786.55,0,0,27.219793839799966,2.1505141828233776,2.6946296108914316,6.224673919479852,54,22,32,40.74074074074074,5087.88,2365.89,2721.9900000000002,299.39,0,0,0.0816593815193999,0.25,-0.0,0.04285714285714286,0.0283605790783,0.018460914554127517,-0.003078744830070748,
1b_narrow,510,0.4148016279955324,True,77,13,74.0,30.0,21,17,3.4000000000000004,18,38,1.5,4.0,1.0,0.015,0.5,26.262238048299896,1.3198898863539472,1.2103714277209883,14.227374341000226,124,32,92,25.806451612903224,10835.900000000001,8209.7,2626.2000000000007,764.46,0,0,32.06938613360002,2.3345901270943092,2.8788312634439492,6.224081454457023,52,20,32,38.46153846153846,5609.879999999999,2402.94,3206.939999999999,295.26,0,0,0.09620815840080006,0.25,-0.0,0.04126984126984127,0.0262622380482999,0.015994494317697363,-0.014933104041106215,
1b_narrow,511,0.4286301984656295,True,79,13,74.0,31.0,21,17,3.4000000000000004,18,39,1.5,4.0,1.0,0.015,0.5,38.076970261649876,1.4804933572928447,1.6333005208092277,12.601954120992126,122,35,87,28.688524590163933,11732.140000000001,7924.48,3807.6600000000017,775.77,0,0,30.85434317074998,2.2832805812845987,2.7881141387901596,6.224490684729023,50,18,32,36.0,5489.759999999999,2404.33,3085.4299999999994,282.14,0,0,0.09256302951224994,0.25,-0.0,0.03968253968253968,0.038076970261649884,0.024024667864642236,-0.015717008855452266,
1b_narrow,512,0.3370879695549532,True,78,13,74.0,30.0,21,17,3.6,18,39,1.5,4.0,1.0,0.015,0.5,32.25347568409983,1.3636954102246346,1.2959400602502238,12.035893959914636,135,36,99,26.666666666666668,12093.51,8868.189999999999,3225.3200000000015,817.67,0,1,23.770572883249915,1.7680742648318024,2.1711546807649236,6.994196438259734,58,19,39,32.758620689655174,5471.96,3094.87,2377.09,322.42,0,0,0.07131171864974975,0.1920185662079506,-0.0,0.046031746031746035,0.03225347568409983,0.01818477051123173,-0.02271230752982479,
1b_narrow,513,0.43256981406330947,True,78,13,74.0,29.0,21,17,3.4000000000000004,18,39,1.5,3.9,1.0,0.015,0.5,32.296008538049904,1.4006103006847275,1.4474766030288913,12.710026636936497,126,35,91,27.77777777777778,11291.159999999998,8061.599999999999,3229.5599999999986,789.36,0,0,31.116746915799997,2.319835257590282,2.8115209436106503,6.224257329982611,50,19,31,38.0,5469.29,2357.62,3111.67,283.76,0,0,0.09335024074739999,0.25,-0.0,0.03968253968253968,0.032296008538049904,0.020030515034236376,-0.00278948993891649,
1b_narrow,514,0.36102897310300386,True,76,13,74.0,28.0,21,17,3.4000000000000004,18,40,1.5,4.0,1.0,0.015,0.5,15.857567598099887,1.2074934477475037,0.7915778346504545,13.05320077181354,124,30,94,24.193548387096776,9228.16,7642.41,1585.75,706.23,0,0,30.74972018200004,2.270529903935544,2.7816729168769636,6.224081454457023,51,19,32,37.254901960784316,5495.25,2420.25,3075.0,288.94,0,0,0.09224916054600012,0.25,-0.0,0.04047619047619048,0.01585756759809989,0.010374672387375184,-0.04792861790466182,
1b_narrow,515,0.43435865704871923,True,79,13,74.0,30.0,21,17,3.4000000000000004,18,38,1.5,4.0,1.0,0.015,0.5,34.47259470944984,1.4265803580709508,1.505864452475376,12.601954120992126,122,34,88,27.868852459016395,11528.31,8081.08,3447.2299999999996,772.92,0,0,31.41558289769999,2.2837301100840954,2.8259548227249605,6.224490684729023,52,19,33,36.53846153846154,5588.789999999999,2447.22,3141.5699999999993,293.36,0,0,0.09424674869309997,0.25,-0.0,0.04126984126984127,0.03447259470944984,0.021329017903547545,-0.006959545527219397,
1b_narrow,516,0.43512438319372343,True,77,13,74.0,29.0,21,17,3.4000000000000004,18,39,1.5,4.0,1.0,0.015,0.5,31.417077068449856,1.3943849562521187,1.4072259082999472,13.056630793022794,123,33,90,26.829268292682926,11107.810000000001,7966.099999999999,3141.710000000002,768.25,0,0,31.50519080404998,2.3353678178458193,2.8412129510101103,6.224081454457023,50,19,31,38.0,5509.88,2359.3200000000006,3150.5599999999995,283.93,0,0,0.09451557241214995,0.25,-0.0,0.03968253968253968,0.03141707706844986,0.019719247812605936,-0.00021005378202197984,
1b_narrow,517,0.42285555435298855,True,78,12,74.0,31.0,20,17,3.4000000000000004,18,39,1.5,4.0,1.0,0.015,0.5,28.147328218449857,1.3612039704589638,1.2956662009273632,12.600892805536043,124,34,90,27.419354838709676,10607.25,7792.550000000001,2814.699999999999,744.68,0,0,30.305359865349963,2.247660569532443,2.9243989092865257,5.356406756283852,52,19,33,36.53846153846154,5459.59,2429.01,3030.58,303.26,0,0,0.09091607959604989,0.25,-0.0,0.04126984126984127,0.028147328218449858,0.01806019852294819,-0.005537893254300665,
1b_narrow,518,-1.0187074829931972,False,78,13,74.0,30.0,21,18,3.4000000000000004,18,39,1.8,4.0,1.0,0.015,0.5,10.937986728750001,1.2104176766161114,0.6334774099365564,10.348641991529314,87,22,65,25.28735632183908,6292.09,5198.280000000001,1093.8099999999995,460.2,0,0,35.66680254290004,2.7180870537004562,3.3001561150816245,4.771138219638336,43,17,26,39.53488372093023,5642.639999999999,2075.96,3566.6799999999994,252.17000000000002,0,0,,,,,,,,0.11224489795918369
1b_narrow,519,0.4103076290768264,True,79,13,74.0,29.0,21,17,3.4000000000000004,18,40,1.5,3.9,1.0,0.015,0.5,25.89466849929995,1.322802940963816,1.1779321357959762,12.710417972718204,125,34,91,27.2,10611.339999999998,8021.860000000001,2589.4799999999977,754.97,0,0,29.17571721194996,2.2156693625336983,2.663147797595145,6.223518167946436,50,18,32,36.0,5317.54,2399.9700000000003,2917.5699999999997,280.3,0,0,0.08752715163584987,0.25,-0.0,0.03968253968253968,0.02589466849929995,0.016140147048190803,-0.008936877789053912,
1b_narrow,520,0.40032617166591666,True,77,13,74.0,41.0,21,17,3.4000000000000004,16,39,1.5,4.0,1.0,0.015,0.5,23.086227912049925,1.295435815272474,1.1442248113549702,12.870075172608283,127,33,94,25.984251968503937,10122.949999999999,7814.32,2308.629999999999,749.37,0,0,32.36069441734999,2.3841899498691124,2.913989573600471,6.223199459008842,51,20,31,39.21568627450981,5573.950000000001,2337.88,3236.0700000000006,289.2,0,0,0.09708208325204996,0.25,-0.0,0.04047619047619048,0.023086227912049926,0.014771790763623706,-0.025090120737997434,
1b_narrow,521,0.4250343854861261,True,78,13,74.0,30.0,21,17,3.4000000000000004,18,38,1.5,4.0,1.0,0.015,0.5,28.41196814369998,1.3465327454460077,1.2908398964260914,13.780292664554883,125,33,92,26.4,11040.02,8198.85,2841.17,773.68,0,0,33.30920735890004,2.378852856681596,2.96805845907086,6.224081454457023,52,20,32,38.46153846153846,5746.689999999999,2415.74,3330.949999999999,296.92,0,0,0.09992762207670011,0.25,-0.0,0.04126984126984127,0.028411968143699978,0.017326637272300383,-0.011901683276415633,
1b_narrow,522,0.40017678454210004,True,78,13,74.0,31.0,21,17,3.4000000000000004,17,39,1.5,4.0,1.0,0.015,0.5,22.843466779649845,1.2975361835592747,1.1174430238387294,12.45722074560872,125,33,92,26.4,9961.86,7677.519999999999,2284.340000000002,730.28,0,0,34.24110765539996,2.477108506498828,3.050769194826141,6.223986825653437,50,20,30,40.0,5742.209999999999,2318.11,3424.099999999999,285.18,0,0,0.10272332296619988,0.25,-0.0,0.03968253968253968,0.022843466779649848,0.014876809177963735,-0.02994935406425309,
1b_narrow,523,0.3884177435090559,True,77,13,74.0,30.0,21,17,3.4000000000000004,18,40,1.5,4.0,1.0,0.015,0.5,20.95872741284995,1.263693860424973,0.9884257468598309,13.05538871260421,124,31,93,25.0,10044.18,7948.27,2095.91,736.11,0,0,30.674472052300022,2.2636593956621147,2.7757759182739337,6.224081454457023,51,19,32,37.254901960784316,5494.92,2427.45,3067.4700000000003,288.9,0,0,0.09202341615690006,0.25,-0.0,0.04047619047619048,0.020958727412849952,0.013184693021248651,-0.028225283558133227,
1b_narrow,524,0.31743398361044695,True,79,13,74.0,29.0,21,17,3.2,18,45,1.5,3.2,1.0,0.015,0.5,10.842688391750016,1.1761515765941408,0.6409498807752039,13.604431397443129,112,33,79,29.464285714285715,7239.260000000001,6155.04,1084.2200000000012,589.82,0,0,20.410981052150053,1.974337187210601,2.462016708061199,6.918490255132206,49,19,30,38.775510204081634,4135.96,2094.86,2041.1,269.56,0,0,0.061232943156450156,0.24358429680265026,-0.0,0.03888888888888889,0.010842688391750017,0.00880757882970704,-0.045922412458999404,
1b_narrow,525,0.4393724245308978,True,78,13,74.0,33.0,21,17,3.4000000000000004,18,39,1.5,4.0,1.0,0.015,0.5,33.650739951699904,1.4231369417741255,1.48736500326987,12.603723158505971,124,34,90,27.419354838709676,11317.71,7952.65,3365.0599999999995,777.46,0,0,32.349029818450056,2.3437415624389897,2.9001679371861897,6.224081454457023,51,19,32,37.254901960784316,5642.3,2407.3900000000003,3234.91,291.66,0,0,0.09704708945535016,0.25,-0.0,0.04047619047619048,0.033650739951699905,0.021156847088706278,-0.0029584424410490427,
1b_narrow,526,0.4406510646519147,True,78,13,74.0,31.0,21,17,3.4000000000000004,18,39,1.5,4.0,1.0,0.015,0.5,33.650739951699904,1.4231369417741255,1.48736500326987,12.603723158505971,124,34,90,27.419354838709676,11317.71,7952.65,3365.0599999999995,777.46,0,0,32.73973902680004,2.380110105974893,2.9305272369978828,6.224081454457023,50,19,31,38.0,5646.24,2372.26,3273.9799999999996,285.59,0,0,0.0982192170804001,0.25,-0.0,0.03968253968253968,0.033650739951699905,0.021156847088706278,-0.002058279151431233,
1b_narrow,527,0.43512438319372343,True,77,13,74.0,30.0,21,17,3.4000000000000004,18,39,1.5,4.0,1.0,0.015,0.5,31.417077068449856,1.3943849562521187,1.4072259082999472,13.056630793022794,123,33,90,26.829268292682926,11107.810000000001,7966.099999999999,3141.710000000002,768.25,0,0,31.50519080404998,2.3353678178458193,2.8412129510101103,6.224081454457023,50,19,31,38.0,5509.88,2359.3200000000006,3150.5599999999995,283.93,0,0,0.09451557241214995,0.25,-0.0,0.03968253968253968,0.03141707706844986,0.019719247812605936,-0.00021005378202197984,
1b_narrow,528,0.4250343854861261,True,78,13,74.0,28.0,21,17,3.4000000000000004,18,38,1.5,4.0,1.0,0.015,0.5,28.41196814369998,1.3465327454460077,1.2908398964260914,13.780292664554883,125,33,92,26.4,11040.02,8198.85,2841.17,773.68,0,0,33.30920735890004,2.378852856681596,2.96805845907086,6.224081454457023,52,20,32,38.46153846153846,5746.689999999999,2415.74,3330.949999999999,296.92,0,0,0.09992762207670011,0.25,-0.0,0.04126984126984127,0.028411968143699978,0.017326637272300383,-0.011901683276415633,
1b_narrow,529,0.43125955419459294,True,78,13,74.0,32.0,21,17,3.4000000000000004,18,39,1.5,3.9,1.0,0.015,0.5,32.296008538049904,1.4006103006847275,1.4474766030288913,12.710026636936497,126,35,91,27.77777777777778,11291.159999999998,8061.599999999999,3229.5599999999986,789.36,0,0,30.72887725979999,2.284416746083496,2.781106102339209,6.224257329982611,51,19,32,37.254901960784316,5465.33,2392.44,3072.89,289.77,0,0,0.09218663177939997,0.25,-0.0,0.04047619047619048,0.032296008538049904,0.020030515034236376,-0.0037297916332837923,
1b_narrow,530,0.4286301984656295,True,79,13,74.0,29.0,21,17,3.4000000000000004,18,39,1.5,4.0,1.0,0.015,0.5,38.076970261649876,1.4804933572928447,1.6333005208092277,12.601954120992126,122,35,87,28.688524590163933,11732.140000000001,7924.48,3807.6600000000017,775.77,0,0,30.85434317074998,2.2832805812845987,2.7881141387901596,6.224490684729023,50,18,32,36.0,5489.759999999999,2404.33,3085.4299999999994,282.14,0,0,0.09256302951224994,0.25,-0.0,0.03968253968253968,0.038076970261649884,0.024024667864642236,-0.015717008855452266,
1b_narrow,531,0.41423036813797026,True,79,13,74.0,30.0,21,17,3.4000000000000004,18,39,1.5,3.5,1.0,0.015,0.5,33.635920210899876,1.4336188381620774,1.580362311783508,13.141678644569076,128,39,89,30.46875,11120.609999999999,7757.02,3363.5899999999983,788.82,0,0,27.256793062600064,2.1288474918825786,2.6796898339676383,6.224037857564236,54,21,33,38.888888888888886,5140.229999999999,2414.56,2725.6699999999987,298.11,0,0,0.0817703791878002,0.25,-0.0,0.04285714285714286,0.03363592021089988,0.02168094190810387,-0.01571401602597653,
1b_narrow,532,0.39914326118412147,True,78,13,74.0,29.0,21,17,3.4000000000000004,18,40,1.5,4.0,1.0,0.015,0.5,23.009885180449803,1.289943572308848,1.0677532212006764,12.602945869454004,125,32,93,25.6,10236.76,7935.819999999999,2300.9400000000014,744.89,0,0,32.628182419300025,2.3695616586704946,2.922711580784958,6.224081454457023,50,19,31,38.0,5645.22,2382.3900000000003,3262.83,285.55,0,0,0.09788454725790006,0.25,-0.0,0.03968253968253968,0.023009885180449805,0.014497178615442398,-0.02593088955221048,
1b_narrow,533,0.43512438319372343,True,77,13,74.0,31.0,21,17,3.4000000000000004,18,39,1.5,4.0,1.0,0.015,0.5,31.417077068449856,1.3943849562521187,1.4072259082999472,13.056630793022794,123,33,90,26.829268292682926,11107.810000000001,7966.099999999999,3141.710000000002,768.25,0,0,31.50519080404998,2.3353678178458193,2.8412129510101103,6.224081454457023,50,19,31,38.0,5509.88,2359.3200000000006,3150.5599999999995,283.93,0,0,0.09451557241214995,0.25,-0.0,0.03968253968253968,0.03141707706844986,0.019719247812605936,-0.00021005378202197984,
1b_narrow,534,0.4182498931382354,True,78,13,74.0,30.0,21,17,3.4000000000000004,18,38,1.5,3.9,1.0,0.015,0.5,27.15430633669986,1.326856501788732,1.251186688114981,13.884853974023956,127,34,93,26.771653543307085,11022.94,8307.560000000001,2715.379999999999,785.71,0,0,31.651066182300035,2.31829995668255,2.84737191230146,6.224257329982611,52,20,32,38.46153846153846,5565.960000000001,2400.88,3165.080000000001,295.0,0,0,0.09495319854690011,0.25,-0.0,0.04126984126984127,0.027154306336699865,0.0163428250894366,-0.011470278104642427,
1b_narrow,535,0.36590689902079737,True,80,13,74.0,28.0,21,17,3.5,18,39,1.5,4.0,1.0,0.015,0.5,27.767085570199797,1.3393300361855254,1.1994379779819377,14.808037413667186,128,35,93,27.34375,10959.510000000002,8182.829999999999,2776.680000000003,759.28,0,0,24.485406514350032,1.8539477492998715,2.2449364357548482,6.994432884358143,55,18,37,32.72727272727273,5315.88,2867.33,2448.55,301.47,0,0,0.0734562195430501,0.21348693732496787,-0.0,0.043650793650793655,0.027767085570199797,0.01696650180927627,-0.009420638877490308,
1b_narrow,536,0.36209604225068615,True,79,11,74.0,30.0,21,17,3.4000000000000004,18,40,1.5,4.0,1.0,0.015,0.5,19.926464998899917,1.2679888963905201,0.9658167421939082,11.962486923581352,121,32,89,26.446280991735538,9428.03,7435.419999999999,1992.6100000000015,691.5,0,0,21.563410299699974,1.918087298613713,2.212064352528707,6.247806040437207,51,17,34,33.333333333333336,4505.049999999999,2348.72,2156.3299999999995,278.52,0,0,0.06469023089909992,0.22952182465342824,-0.0,0.04047619047619048,0.01992646499889992,0.013399444819526008,-0.005918113596458426,
1b_narrow,537,0.4148016279955324,True,77,13,74.0,29.0,21,17,3.4000000000000004,18,38,1.5,4.0,1.0,0.015,0.5,26.262238048299896,1.3198898863539472,1.2103714277209883,14.227374341000226,124,32,92,25.806451612903224,10835.900000000001,8209.7,2626.2000000000007,764.46,0,0,32.06938613360002,2.3345901270943092,2.8788312634439492,6.224081454457023,52,20,32,38.46153846153846,5609.879999999999,2402.94,3206.939999999999,295.26,0,0,0.09620815840080006,0.25,-0.0,0.04126984126984127,0.0262622380482999,0.015994494317697363,-0.014933104041106215,
1b_narrow,538,0.4406510646519147,True,78,13,74.0,30.0,21,17,3.4000000000000004,18,39,1.5,4.0,1.0,0.015,0.5,33.650739951699904,1.4231369417741255,1.48736500326987,12.603723158505971,124,34,90,27.419354838709676,11317.71,7952.65,3365.0599999999995,777.46,0,0,32.73973902680004,2.380110105974893,2.9305272369978828,6.224081454457023,50,19,31,38.0,5646.24,2372.26,3273.9799999999996,285.59,0,0,0.0982192170804001,0.25,-0.0,0.03968253968253968,0.033650739951699905,0.021156847088706278,-0.002058279151431233,
1b_narrow,539,0.40152986799854046,True,78,13,74.0,44.0,21,17,3.4000000000000004,18,41,1.5,4.0,1.0,0.015,0.5,23.513585448299928,1.2970553827572875,1.08737745225658,12.600592613229772,124,32,92,25.806451612903224,10266.79,7915.460000000001,2351.33,741.49,0,0,32.56084897340003,2.3736152476734476,2.9333093868149116,6.224081454457023,50,19,31,38.0,5626.5599999999995,2370.4599999999996,3256.1,283.31,0,0,0.09768254692020008,0.25,-0.0,0.03968253968253968,0.02351358544829993,0.014852769137864374,-0.02420157319036359,
1b_narrow,540,0.43512438319372343,True,77,13,74.0,31.0,21,17,3.4000000000000004,18,39,1.5,4.0,1.0,0.015,0.5,31.417077068449856,1.3943849562521187,1.4072259082999472,13.056630793022794,123,33,90,26.829268292682926,11107.810000000001,7966.099999999999,3141.710000000002,768.25,0,0,31.50519080404998,2.3353678178458193,2.8412129510101103,6.224081454457023,50,19,31,38.0,5509.88,2359.3200000000006,3150.5599999999995,283.93,0,0,0.09451557241214995,0.25,-0.0,0.03968253968253968,0.03141707706844986,0.019719247812605936,-0.00021005378202197984,
1b_narrow,541,0.4406510646519147,True,78,13,74.0,30.0,21,17,3.4000000000000004,18,39,1.5,4.0,1.0,0.015,0.5,33.650739951699904,1.4231369417741255,1.48736500326987,12.603723158505971,124,34,90,27.419354838709676,11317.71,7952.65,3365.0599999999995,777.46,0,0,32.73973902680004,2.380110105974893,2.9305272369978828,6.224081454457023,50,19,31,38.0,5646.24,2372.26,3273.9799999999996,285.59,0,0,0.0982192170804001,0.25,-0.0,0.03968253968253968,0.033650739951699905,0.021156847088706278,-0.002058279151431233,
1b_narrow,542,0.41804647499131486,True,79,13,75.0,31.0,21,17,3.4000000000000004,18,39,1.5,4.0,1.0,0.015,0.5,36.28058010989989,1.455829620639312,1.5686586735006316,12.602882951545228,123,35,88,28.45528455284553,11587.21,7959.179999999999,3628.0299999999997,771.03,0,0,28.823950724349963,2.153683283635854,2.617250137642945,6.224490684729023,50,17,33,34.0,5380.87,2498.4500000000003,2882.4199999999996,281.1,0,0,0.08647185217304988,0.25,-0.0,0.03968253968253968,0.03628058010989989,0.0227914810319656,-0.017179978006140195,
1b_narrow,543,0.42764654821532816,True,78,13,73.0,29.0,21,17,3.4000000000000004,18,39,1.5,4.0,1.0,0.015,0.5,29.342803796099908,1.3780267377130069,1.3531025055518153,12.601576427066819,125,34,91,27.2,10696.34,7762.070000000001,2934.2699999999995,758.41,0,0,29.572239547350055,2.2092397526906344,2.8564624019517986,6.224081454457023,52,19,33,36.53846153846154,5402.74,2445.52,2957.22,296.84,0,0,0.08871671864205016,0.25,-0.0,0.04126984126984127,0.02934280379609991,0.018901336885650346,-0.0005841523783135478,
1b_narrow,544,0.4229354538347046,True,79,13,74.0,30.0,21,16,3.4000000000000004,18,38,1.5,4.0,1.0,0.015,0.5,29.942291898249934,1.3537455150341604,1.2773349799631395,14.88329797546489,126,35,91,27.77777777777778,11458.63,8464.390000000001,2994.239999999998,774.22,0,0,28.486401374100062,1.9933847811607497,2.531101384284601,6.2242331149620975,57,19,38,33.333333333333336,5716.290000000001,2867.63,2848.6600000000008,320.58,0,0,0.08545920412230018,0.24834619529018742,-0.0,0.045238095238095244,0.029942291898249936,0.01768727575170802,-0.00373760846583618,
1b_narrow,545,0.4060952971266211,True,76,13,74.0,29.0,21,17,3.4000000000000004,18,39,1.5,3.9,1.0,0.015,0.5,24.77747574439996,1.318699609481521,1.1789725301236573,13.162245919091852,125,33,92,26.4,10251.94,7774.280000000001,2477.66,749.7,0,0,30.00269675245001,2.283252495701491,2.7307675392416857,6.224257329982611,50,19,31,38.0,5338.29,2338.02,3000.27,282.18,0,0,0.09000809025735003,0.25,-0.0,0.03968253968253968,0.024777475744399962,0.015934980474076054,-0.014307789031744601,
1b_narrow,546,0.4203164067723367,True,78,13,77.0,31.0,21,17,3.4000000000000004,18,39,1.5,4.0,1.0,0.015,0.5,31.91288227454981,1.3995582777841775,1.4223104219165432,12.600264337094472,125,34,91,27.2,11178.16,7986.919999999998,3191.2400000000016,772.85,0,0,28.66440593799998,2.1023061570586403,2.599019699901728,7.668511787093035,51,18,33,35.294117647058826,5466.9,2600.43,2866.47,285.58,0,0,0.08599321781399995,0.25,-0.0,0.04047619047619048,0.03191288227454981,0.019977913889208877,-0.0080437976816124,
1b_narrow,547,0.3884177435090559,True,77,13,74.0,30.0,21,17,3.4000000000000004,18,40,1.5,4.0,1.0,0.015,0.5,20.95872741284995,1.263693860424973,0.9884257468598309,13.05538871260421,124,31,93,25.0,10044.18,7948.27,2095.91,736.11,0,0,30.674472052300022,2.2636593956621147,2.7757759182739337,6.224081454457023,51,19,32,37.254901960784316,5494.92,2427.45,3067.4700000000003,288.9,0,0,0.09202341615690006,0.25,-0.0,0.04047619047619048,0.020958727412849952,0.013184693021248651,-0.028225283558133227,
1b_narrow,548,0.4406510646519147,True,78,13,74.0,29.0,21,17,3.4000000000000004,18,39,1.5,4.0,1.0,0.015,0.5,33.650739951699904,1.4231369417741255,1.48736500326987,12.603723158505971,124,34,90,27.419354838709676,11317.71,7952.65,3365.0599999999995,777.46,0,0,32.73973902680004,2.380110105974893,2.9305272369978828,6.224081454457023,50,19,31,38.0,5646.24,2372.26,3273.9799999999996,285.59,0,0,0.0982192170804001,0.25,-0.0,0.03968253968253968,0.033650739951699905,0.021156847088706278,-0.002058279151431233,
1b_narrow,549,0.39254316097337183,True,78,13,74.0,30.0,21,17,3.4000000000000004,18,40,1.5,3.9,1.0,0.015,0.5,21.930981752249917,1.2725230318830352,1.0318649589999178,12.710698481358145,127,33,94,25.984251968503937,10240.68,8047.54,2193.1400000000003,757.3,0,0,31.006118221950018,2.3095770067366383,2.8036956362356196,6.224257329982611,50,19,31,38.0,5468.27,2367.6499999999996,3100.620000000001,283.68,0,0,0.09301835466585005,0.25,-0.0,0.03968253968253968,0.021930981752249917,0.013626151594151759,-0.025714866721419576,
1b_narrow,550,0.43512438319372343,True,77,13,74.0,28.0,21,17,3.4000000000000004,18,39,1.5,4.0,1.0,0.015,0.5,31.417077068449856,1.3943849562521187,1.4072259082999472,13.056630793022794,123,33,90,26.829268292682926,11107.810000000001,7966.099999999999,3141.710000000002,768.25,0,0,31.50519080404998,2.3353678178458193,2.8412129510101103,6.224081454457023,50,19,31,38.0,5509.88,2359.3200000000006,3150.5599999999995,283.93,0,0,0.09451557241214995,0.25,-0.0,0.03968253968253968,0.03141707706844986,0.019719247812605936,-0.00021005378202197984,
1b_narrow,551,0.43435865704871923,True,79,13,74.0,30.0,21,17,3.4000000000000004,18,38,1.5,4.0,1.0,0.015,0.5,34.47259470944984,1.4265803580709508,1.505864452475376,12.601954120992126,122,34,88,27.868852459016395,11528.31,8081.08,3447.2299999999996,772.92,0,0,31.41558289769999,2.2837301100840954,2.8259548227249605,6.224490684729023,52,19,33,36.53846153846154,5588.789999999999,2447.22,3141.5699999999993,293.36,0,0,0.09424674869309997,0.25,-0.0,0.04126984126984127,0.03447259470944984,0.021329017903547545,-0.006959545527219397,
1b_narrow,552,0.4406510646519147,True,78,13,74.0,31.0,21,17,3.4000000000000004,18,39,1.5,4.0,1.0,0.015,0.5,33.650739951699904,1.4231369417741255,1.48736500326987,12.603723158505971,124,34,90,27.419354838709676,11317.71,7952.65,3365.0599999999995,777.46,0,0,32.73973902680004,2.380110105974893,2.9305272369978828,6.224081454457023,50,19,31,38.0,5646.24,2372.26,3273.9799999999996,285.59,0,0,0.0982192170804001,0.25,-0.0,0.03968253968253968,0.033650739951699905,0.021156847088706278,-0.002058279151431233,
1b_narrow,553,0.4406510646519147,True,78,13,74.0,29.0,21,17,3.4000000000000004,18,39,1.5,4.0,1.0,0.015,0.5,33.650739951699904,1.4231369417741255,1.48736500326987,12.603723158505971,124,34,90,27.419354838709676,11317.71,7952.65,3365.0599999999995,777.46,0,0,32.73973902680004,2.380110105974893,2.9305272369978828,6.224081454457023,50,19,31,38.0,5646.24,2372.26,3273.9799999999996,285.59,0,0,0.0982192170804001,0.25,-0.0,0.03968253968253968,0.033650739951699905,0.021156847088706278,-0.002058279151431233,
1b_narrow,554,0.3884177435090559,True,77,13,74.0,30.0,21,17,3.4000000000000004,18,40,1.5,4.0,1.0,0.015,0.5,20.95872741284995,1.263693860424973,0.9884257468598309,13.05538871260421,124,31,93,25.0,10044.18,7948.27,2095.91,736.11,0,0,30.674472052300022,2.2636593956621147,2.7757759182739337,6.224081454457023,51,19,32,37.254901960784316,5494.92,2427.45,3067.4700000000003,288.9,0,0,0.09202341615690006,0.25,-0.0,0.04047619047619048,0.020958727412849952,0.013184693021248651,-0.028225283558133227,
1b_narrow,555,0.44006128094759184,True,84,13,74.0,32.0,21,17,3.4000000000000004,18,38,1.6,4.0,1.0,0.015,0.5,32.085956665399806,1.4619731734568113,1.5134020590184258,9.652378315266121,108,33,75,30.555555555555557,10153.93,6945.360000000001,3208.5699999999997,646.1899999999999,0,1,35.76581775905004,2.7120113349703936,3.2030997399954253,4.7723165348191365,45,18,27,40.0,5665.69,2089.11,3576.5799999999995,261.57,0,0,0.10729745327715011,0.25,-0.0,0.03571428571428572,0.03208595666539981,0.02309865867284057,-0.008135073382084365,
1b_narrow,556,0.4202533832642147,True,79,13,74.0,28.0,21,17,3.4000000000000004,18,39,1.5,3.9,1.0,0.015,0.5,36.607385288849834,1.4557907659514067,1.592583467285869,12.71107944824995,124,36,88,29.032258064516128,11692.3,8031.58,3660.7199999999993,787.31,0,0,29.28280882739997,2.2251294881557033,2.6709198309093813,6.223518167946436,50,18,32,36.0,5318.46,2390.1800000000003,2928.2799999999997,280.35,0,0,0.08784842648219991,0.25,-0.0,0.03968253968253968,0.03660738528884984,0.022789538297570335,-0.016674506486945108,
1b_narrow,557,0.4293539710103986,True,78,13,74.0,29.0,21,16,3.4000000000000004,18,39,1.5,4.0,1.0,0.015,0.5,29.138105020550007,1.3494101310207052,1.2571248803717967,14.883499964855574,128,35,93,27.34375,11252.92,8339.139999999998,2913.7800000000025,778.61,0,0,30.90496750035001,2.1016372171941664,2.712040606016827,6.224486117038708,56,20,36,35.714285714285715,5895.869999999999,2805.3700000000003,3090.4999999999986,320.3,0,0,0.09271490250105004,0.25,-0.0,0.044444444444444446,0.02913810502055001,0.01747050655103526,-0.0044139875066811106,
1b_narrow,558,0.3912283734021883,True,78,13,74.0,30.0,21,17,3.4000000000000004,18,39,1.4000000000000001,4.0,1.0,0.015,0.5,21.33744266249987,1.2370467227839257,0.9811104095615816,15.770704627209328,137,33,104,24.087591240875913,11135.14,9001.39,2133.75,816.32,0,0,31.948155503100008,2.316063734253866,2.876383661817981,5.464440252901957,53,20,33,37.735849056603776,5622.429999999999,2427.58,3194.8499999999995,301.73,0,0,0.09584446650930002,0.25,-0.0,0.04206349206349207,0.021337442662499873,0.011852336139196284,-0.02986936397229993,
1b_narrow,559,0.41661367284138134,True,79,13,74.0,31.0,21,17,3.4000000000000004,18,40,1.5,4.0,1.0,0.015,0.5,27.082102208399846,1.3423150475944905,1.2150349266114866,12.602616134721675,123,33,90,26.829268292682926,10619.9,7911.63,2708.2699999999995,742.89,0,0,30.744322412599995,2.2734461077100225,2.780321262488135,6.224490684729023,50,18,32,36.0,5488.69,2414.26,3074.4299999999994,282.06,0,0,0.09223296723779999,0.25,-0.0,0.03968253968253968,0.027082102208399846,0.017115752379724524,-0.009499688667082668,
1b_narrow,560,0.4154827923793537,True,77,13,74.0,29.0,21,18,3.4000000000000004,18,39,1.5,4.0,1.0,0.015,0.5,25.97267880069992,1.35893633751743,1.2277419251354622,10.705083478319711,117,31,86,26.495726495726494,9833.44,7236.13,2597.3100000000004,701.75,0,0,32.949121805900035,2.4143308465613007,3.050979994937508,4.772129269607696,51,19,32,37.254901960784316,5624.57,2329.66,3294.91,297.27,0,0,0.0988473654177001,0.25,-0.0,0.04047619047619048,0.025972678800699922,0.017946816875871498,-0.01776025919110829,
1b_narrow,561,0.4097420370114269,True,78,14,74.0,30.0,21,17,3.4000000000000004,18,38,1.5,3.9,1.0,0.015,0.5,25.50276543359998,1.3057887706626186,1.1860217986300885,13.885567769316545,128,34,94,26.5625,10890.199999999999,8339.94,2550.2599999999984,781.14,0,0,27.636107449750035,2.051637797193217,2.5181958404233034,7.669114802487094,53,19,34,35.84905660377358,5391.540000000001,2627.9200000000005,2763.6200000000003,294.87,0,0,0.08290832234925011,0.25,-0.0,0.04206349206349207,0.02550276543359998,0.015289438533130929,-0.006021981368046184,
1b_narrow,562,0.4286301984656295,True,79,13,74.0,29.0,21,17,3.4000000000000004,18,39,1.5,4.0,1.0,0.015,0.5,38.076970261649876,1.4804933572928447,1.6333005208092277,12.601954120992126,122,35,87,28.688524590163933,11732.140000000001,7924.48,3807.6600000000017,775.77,0,0,30.85434317074998,2.2832805812845987,2.7881141387901596,6.224490684729023,50,18,32,36.0,5489.759999999999,2404.33,3085.4299999999994,282.14,0,0,0.09256302951224994,0.25,-0.0,0.03968253968253968,0.038076970261649884,0.024024667864642236,-0.015717008855452266,
1b_narrow,563,0.4406510646519147,True,78,13,74.0,30.0,21,17,3.4000000000000004,18,39,1.5,4.0,1.0,0.015,0.5,33.650739951699904,1.4231369417741255,1.48736500326987,12.603723158505971,124,34,90,27.419354838709676,11317.71,7952.65,3365.0599999999995,777.46,0,0,32.73973902680004,2.380110105974893,2.9305272369978828,6.224081454457023,50,19,31,38.0,5646.24,2372.26,3273.9799999999996,285.59,0,0,0.0982192170804001,0.25,-0.0,0.03968253968253968,0.033650739951699905,0.021156847088706278,-0.002058279151431233,
1b_narrow,564,0.3884177435090559,True,77,13,74.0,31.0,21,17,3.4000000000000004,18,40,1.5,4.0,1.0,0.015,0.5,20.95872741284995,1.263693860424973,0.9884257468598309,13.05538871260421,124,31,93,25.0,10044.18,7948.27,2095.91,736.11,0,0,30.674472052300022,2.2636593956621147,2.7757759182739337,6.224081454457023,51,19,32,37.254901960784316,5494.92,2427.45,3067.4700000000003,288.9,0,0,0.09202341615690006,0.25,-0.0,0.04047619047619048,0.020958727412849952,0.013184693021248651,-0.028225283558133227,
1b_narrow,565,0.4406510646519147,True,78,13,74.0,30.0,21,17,3.4000000000000004,18,39,1.5,4.0,1.0,0.015,0.5,33.650739951699904,1.4231369417741255,1.48736500326987,12.603723158505971,124,34,90,27.419354838709676,11317.71,7952.65,3365.0599999999995,777.46,0,0,32.73973902680004,2.380110105974893,2.9305272369978828,6.224081454457023,50,19,31,38.0,5646.24,2372.26,3273.9799999999996,285.59,0,0,0.0982192170804001,0.25,-0.0,0.03968253968253968,0.033650739951699905,0.021156847088706278,-0.002058279151431233,
1b_narrow,566,0.42857742460206,True,80,13,74.0,31.0,21,17,3.4000000000000004,18,39,1.5,4.0,1.0,0.015,0.5,38.373598023049965,1.4850128353073964,1.643853371362088,12.602307623920353,121,35,86,28.925619834710744,11749.079999999998,7911.7699999999995,3837.3099999999986,770.97,0,0,30.85434317074998,2.2832805812845987,2.7881141387901596,6.224490684729023,50,18,32,36.0,5489.759999999999,2404.33,3085.4299999999994,282.14,0,0,0.09256302951224994,0.25,-0.0,0.03968253968253968,0.03837359802304997,0.02425064176536982,-0.016292384381149428,
1b_narrow,567,0.4250343854861261,True,78,13,74.0,29.0,21,17,3.4000000000000004,18,38,1.5,4.0,1.0,0.015,0.5,28.41196814369998,1.3465327454460077,1.2908398964260914,13.780292664554883,125,33,92,26.4,11040.02,8198.85,2841.17,773.68,0,0,33.30920735890004,2.378852856681596,2.96805845907086,6.224081454457023,52,20,32,38.46153846153846,5746.689999999999,2415.74,3330.949999999999,296.92,0,0,0.09992762207670011,0.25,-0.0,0.04126984126984127,0.028411968143699978,0.017326637272300383,-0.011901683276415633,
1b_narrow,568,0.43512438319372343,True,77,13,74.0,28.0,21,17,3.4000000000000004,18,39,1.5,4.0,1.0,0.015,0.5,31.417077068449856,1.3943849562521187,1.4072259082999472,13.056630793022794,123,33,90,26.829268292682926,11107.810000000001,7966.099999999999,3141.710000000002,768.25,0,0,31.50519080404998,2.3353678178458193,2.8412129510101103,6.224081454457023,50,19,31,38.0,5509.88,2359.3200000000006,3150.5599999999995,283.93,0,0,0.09451557241214995,0.25,-0.0,0.03968253968253968,0.03141707706844986,0.019719247812605936,-0.00021005378202197984,
1b_narrow,569,0.4103076290768264,True,79,13,74.0,30.0,21,17,3.4000000000000004,18,40,1.5,3.9,1.0,0.015,0.5,25.89466849929995,1.322802940963816,1.1779321357959762,12.710417972718204,125,34,91,27.2,10611.339999999998,8021.860000000001,2589.4799999999977,754.97,0,0,29.17571721194996,2.2156693625336983,2.663147797595145,6.223518167946436,50,18,32,36.0,5317.54,2399.9700000000003,2917.5699999999997,280.3,0,0,0.08752715163584987,0.25,-0.0,0.03968253968253968,0.02589466849929995,0.016140147048190803,-0.008936877789053912,
1b_narrow,570,0.4250343854861261,True,78,13,74.0,29.0,21,17,3.4000000000000004,18,38,1.5,4.0,1.0,0.015,0.5,28.41196814369998,1.3465327454460077,1.2908398964260914,13.780292664554883,125,33,92,26.4,11040.02,8198.85,2841.17,773.68,0,0,33.30920735890004,2.378852856681596,2.96805845907086,6.224081454457023,52,20,32,38.46153846153846,5746.689999999999,2415.74,3330.949999999999,296.92,0,0,0.09992762207670011,0.25,-0.0,0.04126984126984127,0.028411968143699978,0.017326637272300383,-0.011901683276415633,
1b_narrow,571,0.4393724245308978,True,78,13,74.0,38.0,21,17,3.4000000000000004,18,39,1.5,4.0,1.0,0.015,0.5,33.650739951699904,1.4231369417741255,1.48736500326987,12.603723158505971,124,34,90,27.419354838709676,11317.71,7952.65,3365.0599999999995,777.46,0,0,32.349029818450056,2.3437415624389897,2.9001679371861897,6.224081454457023,51,19,32,37.254901960784316,5642.3,2407.3900000000003,3234.91,291.66,0,0,0.09704708945535016,0.25,-0.0,0.04047619047619048,0.033650739951699905,0.021156847088706278,-0.0029584424410490427,
1b_narrow,572,0.40848371576307263,True,79,13,76.0,30.0,21,17,3.4000000000000004,19,39,1.5,4.0,1.0,0.015,0.5,34.228309676049925,1.44223367515559,1.4936347892188209,12.645483680700181,120,34,86,28.333333333333332,11162.73,7739.89,3422.8399999999992,744.68,0,0,26.71761414249997,2.0074395559644653,2.460496286601605,7.78701855589024,51,17,34,33.333333333333336,5323.81,2652.04,2671.7700000000004,281.67,0,0,0.0801528424274999,0.25,-0.0,0.04047619047619048,0.03422830967604992,0.0221116837577795,-0.018485310574447193,
1b_narrow,573,0.4342515485506332,True,77,13,74.0,37.0,21,17,3.4000000000000004,18,39,1.5,4.0,1.0,0.015,0.5,31.417077068449856,1.3943849562521187,1.4072259082999472,13.056630793022794,123,33,90,26.829268292682926,11107.810000000001,7966.099999999999,3141.710000000002,768.25,0,0,31.118446486249958,2.2997765386462836,2.810849963754385,6.224081454457023,51,19,32,37.254901960784316,5506.01,2394.15,3111.86,289.95,0,0,0.09335533945874987,0.25,-0.0,0.04047619047619048,0.03141707706844986,0.019719247812605936,-0.0007163062653629647,
1b_narrow,574,0.3936168425303475,True,78,13,74.0,31.0,21,17,3.4000000000000004,18,47,1.5,4.0,1.0,0.015,0.5,22.245672536399887,1.283942832854898,1.0469205555950867,14.923174270511245,118,30,88,25.423728813559322,10059.14,7834.570000000001,2224.569999999999,707.64,0,0,33.088137052999954,2.482481607928529,2.9766645060073507,6.224153565858727,47,19,28,40.42553191489362,5540.750000000001,2231.94,3308.810000000001,266.95,0,0,0.09926441115899987,0.25,-0.0,0.0373015873015873,0.02224567253639989,0.014197141642744904,-0.029391970109384435,
1b_narrow,575,0.41172154098254665,True,88,13,74.0,32.0,21,17,3.4000000000000004,18,39,1.5,3.9,1.0,0.015,0.5,26.081731512349887,1.3615206661057568,1.2544310016798448,11.11035279929918,117,33,84,28.205128205128204,9822.65,7214.47,2608.1799999999994,692.13,0,1,33.531808479250046,2.693012617579788,3.08085523082215,4.772352276096357,45,17,28,37.77777777777778,5333.700000000001,1980.57,3353.130000000001,262.13,0,0,0.10059542543775014,0.25,-0.0,0.03571428571428572,0.02608173151234989,0.018076033305287842,-0.01874593498712693,
1b_narrow,576,0.43512438319372343,True,77,13,74.0,29.0,21,17,3.4000000000000004,18,39,1.5,4.0,1.0,0.015,0.5,31.417077068449856,1.3943849562521187,1.4072259082999472,13.056630793022794,123,33,90,26.829268292682926,11107.810000000001,7966.099999999999,3141.710000000002,768.25,0,0,31.50519080404998,2.3353678178458193,2.8412129510101103,6.224081454457023,50,19,31,38.0,5509.88,2359.3200000000006,3150.5599999999995,283.93,0,0,0.09451557241214995,0.25,-0.0,0.03968253968253968,0.03141707706844986,0.019719247812605936,-0.00021005378202197984,
1b_narrow,577,0.4406510646519147,True,78,13,74.0,30.0,21,17,3.4000000000000004,18,39,1.5,4.0,1.0,0.015,0.5,33.650739951699904,1.4231369417741255,1.48736500326987,12.603723158505971,124,34,90,27.419354838709676,11317.71,7952.65,3365.0599999999995,777.46,0,0,32.73973902680004,2.380110105974893,2.9305272369978828,6.224081454457023,50,19,31,38.0,5646.24,2372.26,3273.9799999999996,285.59,0,0,0.0982192170804001,0.25,-0.0,0.03968253968253968,0.033650739951699905,0.021156847088706278,-0.002058279151431233,
1b_narrow,578,0.39914326118412147,True,78,13,74.0,28.0,21,17,3.4000000000000004,18,40,1.5,4.0,1.0,0.015,0.5,23.009885180449803,1.289943572308848,1.0677532212006764,12.602945869454004,125,32,93,25.6,10236.76,7935.819999999999,2300.9400000000014,744.89,0,0,32.628182419300025,2.3695616586704946,2.922711580784958,6.224081454457023,50,19,31,38.0,5645.22,2382.3900000000003,3262.83,285.55,0,0,0.09788454725790006,0.25,-0.0,0.03968253968253968,0.023009885180449805,0.014497178615442398,-0.02593088955221048,
1b_narrow,579,0.42377034101550604,True,73,13,74.0,29.0,21,17,3.4000000000000004,18,39,1.5,4.0,1.0,0.015,0.5,27.927265390699795,1.3632524212492425,1.277846884502237,10.10611730136836,123,33,90,26.829268292682926,10480.93,7688.179999999999,2792.750000000001,744.27,0,0,33.89356422320006,2.468499382595698,3.0605136599638727,4.637023954066205,51,20,31,39.21568627450981,5697.419999999999,2308.0499999999997,3389.3699999999994,292.52,0,0,0.10168069266960017,0.25,-0.0,0.04047619047619048,0.0279272653906998,0.018162621062462126,-0.014476428583446563,
1b_narrow,580,0.4261787165744679,True,79,13,74.0,30.0,21,17,3.4000000000000004,18,38,1.5,3.9,1.0,0.015,0.5,33.087230455499885,1.404142375373912,1.465840725944409,12.71107944824995,124,35,89,28.225806451612904,11495.84,8187.09,3308.75,784.5,0,0,29.810037240449965,2.2254047988029715,2.7070332938220063,6.223518167946436,52,19,33,36.53846153846154,5413.719999999999,2432.6899999999996,2981.0299999999997,291.46999999999997,0,0,0.08943011172134989,0.25,-0.0,0.04126984126984127,0.03308723045549988,0.0202071187686956,-0.007815585640918743,
1b_narrow,581,0.41967398549323837,True,77,13,74.0,31.0,21,19,3.4000000000000004,18,39,1.5,4.0,1.0,0.015,0.5,27.30886966474993,1.3946137861872243,1.3027890144684495,12.771871558384913,111,30,81,27.027027027027028,9651.090000000002,6920.26,2730.8300000000017,678.16,0,0,29.991369310049976,2.3048846811491424,2.8375605611629457,4.772129269607696,50,18,32,36.0,5297.57,2298.41,2999.16,287.57,0,0,0.08997410793014993,0.25,-0.0,0.03968253968253968,0.02730886966474993,0.019730689309361216,-0.0070222210935624065,
1b_narrow,582,0.39914326118412147,True,78,13,74.0,30.0,21,17,3.4000000000000004,18,40,1.5,4.0,1.0,0.015,0.5,23.009885180449803,1.289943572308848,1.0677532212006764,12.602945869454004,125,32,93,25.6,10236.76,7935.819999999999,2300.9400000000014,744.89,0,0,32.628182419300025,2.3695616586704946,2.922711580784958,6.224081454457023,50,19,31,38.0,5645.22,2382.3900000000003,3262.83,285.55,0,0,0.09788454725790006,0.25,-0.0,0.03968253968253968,0.023009885180449805,0.014497178615442398,-0.02593088955221048,
1b_narrow,583,0.37447652957292904,True,78,13,74.0,43.0,21,20,3.4000000000000004,18,39,1.5,4.0,1.0,0.015,0.5,18.261320030749868,1.3148690007155606,1.0042140627262206,9.512941049714588,100,27,73,27.0,7625.78,5799.65,1826.13,561.29,0,0,33.505444948799976,2.6840441305822926,3.2895764435587402,4.680800355160526,43,16,27,37.2093023255814,5340.04,1989.55,3350.49,254.4,0,0,0.10051633484639994,0.25,-0.0,0.03412698412698413,0.01826132003074987,0.01574345003577803,-0.044171559466982944,
1b_narrow,584,0.43435865704871923,True,79,13,74.0,29.0,21,17,3.4000000000000004,18,38,1.5,4.0,1.0,0.015,0.5,34.47259470944984,1.4265803580709508,1.505864452475376,12.601954120992126,122,34,88,27.868852459016395,11528.31,8081.08,3447.2299999999996,772.92,0,0,31.41558289769999,2.2837301100840954,2.8259548227249605,6.224490684729023,52,19,33,36.53846153846154,5588.789999999999,2447.22,3141.5699999999993,293.36,0,0,0.09424674869309997,0.25,-0.0,0.04126984126984127,0.03447259470944984,0.021329017903547545,-0.006959545527219397,
1b_narrow,585,0.4406510646519147,True,78,13,74.0,31.0,21,17,3.4000000000000004,18,39,1.5,4.0,1.0,0.015,0.5,33.650739951699904,1.4231369417741255,1.48736500326987,12.603723158505971,124,34,90,27.419354838709676,11317.71,7952.65,3365.0599999999995,777.46,0,0,32.73973902680004,2.380110105974893,2.9305272369978828,6.224081454457023,50,19,31,38.0,5646.24,2372.26,3273.9799999999996,285.59,0,0,0.0982192170804001,0.25,-0.0,0.03968253968253968,0.033650739951699905,0.021156847088706278,-0.002058279151431233,
1b_narrow,586,0.4060952971266211,True,76,13,74.0,30.0,21,17,3.4000000000000004,18,39,1.5,3.9,1.0,0.015,0.5,24.77747574439996,1.318699609481521,1.1789725301236573,13.162245919091852,125,33,92,26.4,10251.94,7774.280000000001,2477.66,749.7,0,0,30.00269675245001,2.283252495701491,2.7307675392416857,6.224257329982611,50,19,31,38.0,5338.29,2338.02,3000.27,282.18,0,0,0.09000809025735003,0.25,-0.0,0.03968253968253968,0.024777475744399962,0.015934980474076054,-0.014307789031744601,
1b_narrow,587,0.31615437559410553,True,77,13,74.0,29.0,21,14,3.4000000000000004,18,39,1.5,4.0,1.0,0.015,0.5,18.34589799629983,1.1922827802617264,0.8216341679314313,19.165119869578277,146,37,109,25.34246575342466,11375.88,9541.26,1834.619999999999,838.97,0,1,25.002122989349935,1.7417091628620331,2.1957567063962435,6.7926410178734296,64,21,43,32.8125,5871.109999999999,3370.89,2500.219999999999,351.46999999999997,0,0,0.0750063689680498,0.1854272907155083,-0.0,0.050793650793650794,0.01834589799629983,0.009614139013086321,-0.023032971892489495,
1b_narrow,588,0.43435865704871923,True,79,13,74.0,30.0,21,17,3.4000000000000004,18,38,1.5,4.0,1.0,0.015,0.5,34.47259470944984,1.4265803580709508,1.505864452475376,12.601954120992126,122,34,88,27.868852459016395,11528.31,8081.08,3447.2299999999996,772.92,0,0,31.41558289769999,2.2837301100840954,2.8259548227249605,6.224490684729023,52,19,33,36.53846153846154,5588.789999999999,2447.22,3141.5699999999993,293.36,0,0,0.09424674869309997,0.25,-0.0,0.04126984126984127,0.03447259470944984,0.021329017903547545,-0.006959545527219397,
1b_narrow,589,0.4271256950185474,True,78,13,74.0,29.0,21,18,3.4000000000000004,18,39,1.5,4.0,1.0,0.015,0.5,28.353942505999818,1.394362631921534,1.3175765419106824,10.836137808638338,118,32,86,27.11864406779661,10025.3,7189.88,2835.419999999999,709.67,0,0,34.19499924615,2.4590492688817105,3.142820160519794,4.772129269607696,51,19,32,37.254901960784316,5763.199999999999,2343.67,3419.529999999999,299.07,0,0,0.10258499773844999,0.25,-0.0,0.04047619047619048,0.02835394250599982,0.019718131596076705,-0.014007567298169567,
1b_narrow,590,0.39914326118412147,True,78,13,74.0,30.0,21,17,3.4000000000000004,18,40,1.5,4.0,1.0,0.015,0.5,23.009885180449803,1.289943572308848,1.0677532212006764,12.602945869454004,125,32,93,25.6,10236.76,7935.819999999999,2300.9400000000014,744.89,0,0,32.628182419300025,2.3695616586704946,2.922711580784958,6.224081454457023,50,19,31,38.0,5645.22,2382.3900000000003,3262.83,285.55,0,0,0.09788454725790006,0.25,-0.0,0.03968253968253968,0.023009885180449805,0.014497178615442398,-0.02593088955221048,
1b_narrow,591,0.43512438319372343,True,77,13,74.0,31.0,21,17,3.4000000000000004,18,39,1.5,4.0,1.0,0.015,0.5,31.417077068449856,1.3943849562521187,1.4072259082999472,13.056630793022794,123,33,90,26.829268292682926,11107.810000000001,7966.099999999999,3141.710000000002,768.25,0,0,31.50519080404998,2.3353678178458193,2.8412129510101103,6.224081454457023,50,19,31,38.0,5509.88,2359.3200000000006,3150.5599999999995,283.93,0,0,0.09451557241214995,0.25,-0.0,0.03968253968253968,0.03141707706844986,0.019719247812605936,-0.00021005378202197984,
1b_narrow,592,0.4171936347679107,True,79,13,74.0,32.0,21,17,3.4000000000000004,18,40,1.5,4.0,1.0,0.015,0.5,27.082102208399846,1.3423150475944905,1.2150349266114866,12.602616134721675,123,33,90,26.829268292682926,10619.9,7911.63,2708.2699999999995,742.89,0,0,30.35859809159996,2.239687206500878,2.74992579660317,6.224490684729023,51,18,33,35.294117647058826,5484.77,2448.9,3035.8700000000003,288.04,0,0,0.09107579427479988,0.25,-0.0,0.04047619047619048,0.027082102208399846,0.017115752379724524,-0.008556204571203993,
1b_narrow,593,0.4406510646519147,True,78,13,74.0,30.0,21,17,3.4000000000000004,18,39,1.5,4.0,1.0,0.015,0.5,33.650739951699904,1.4231369417741255,1.48736500326987,12.603723158505971,124,34,90,27.419354838709676,11317.71,7952.65,3365.0599999999995,777.46,0,0,32.73973902680004,2.380110105974893,2.9305272369978828,6.224081454457023,50,19,31,38.0,5646.24,2372.26,3273.9799999999996,285.59,0,0,0.0982192170804001,0.25,-0.0,0.03968253968253968,0.033650739951699905,0.021156847088706278,-0.002058279151431233,
1b_narrow,594,0.4131244600202781,True,78,13,74.0,28.0,21,17,3.4000000000000004,18,38,1.5,3.6,1.0,0.015,0.5,25.299827707350016,1.309615038665014,1.2456038587496239,14.206018201643664,131,36,95,27.480916030534353,10701.480000000001,8171.469999999999,2530.010000000002,794.35,0,0,31.141374180000003,2.2770196014106454,2.9930658438685804,6.287162818679723,56,23,33,41.07142857142857,5552.74,2438.6,3114.14,314.53,0,0,0.09342412254,0.25,-0.0,0.044444444444444446,0.025299827707350016,0.015480751933250703,-0.015524686604767093,
1b_narrow,595,0.4277414858042218,True,77,13,74.0,31.0,21,17,3.4000000000000004,18,39,1.5,3.9,1.0,0.015,0.5,30.134834003199884,1.3731472653202736,1.368465469923596,13.161567341964211,125,34,91,27.2,11089.399999999998,8075.900000000001,3013.4999999999973,780.15,0,0,29.927871579549993,2.276146292166453,2.7248587589863753,6.224257329982611,50,19,31,38.0,5337.95,2345.1699999999996,2992.78,282.13,0,0,0.08978361473864997,0.25,-0.0,0.03968253968253968,0.030134834003199884,0.018657363266013683,-0.0005168658861814519,
1b_narrow,596,0.3912283734021883,True,78,13,74.0,29.0,21,17,3.4000000000000004,18,39,1.4000000000000001,4.0,1.0,0.015,0.5,21.33744266249987,1.2370467227839257,0.9811104095615816,15.770704627209328,137,33,104,24.087591240875913,11135.14,9001.39,2133.75,816.32,0,0,31.948155503100008,2.316063734253866,2.876383661817981,5.464440252901957,53,20,33,37.735849056603776,5622.429999999999,2427.58,3194.8499999999995,301.73,0,0,0.09584446650930002,0.25,-0.0,0.04206349206349207,0.021337442662499873,0.011852336139196284,-0.02986936397229993,
1b_narrow,597,0.4286301984656295,True,79,13,74.0,30.0,21,17,3.4000000000000004,18,39,1.5,4.0,1.0,0.015,0.5,38.076970261649876,1.4804933572928447,1.6333005208092277,12.601954120992126,122,35,87,28.688524590163933,11732.140000000001,7924.48,3807.6600000000017,775.77,0,0,30.85434317074998,2.2832805812845987,2.7881141387901596,6.224490684729023,50,18,32,36.0,5489.759999999999,2404.33,3085.4299999999994,282.14,0,0,0.09256302951224994,0.25,-0.0,0.03968253968253968,0.038076970261649884,0.024024667864642236,-0.015717008855452266,
1b_narrow,598,0.3541310329480325,True,77,13,74.0,29.0,21,17,3.4000000000000004,18,39,1.6,4.0,1.0,0.015,0.5,14.9825001152999,1.2113368033515295,0.7868681982158978,12.114090724489673,115,29,86,25.217391304347824,8587.529999999999,7089.300000000001,1498.2299999999977,649.03,0,0,32.412802788199954,2.46521709648984,2.934792854936624,6.223712151359111,46,18,28,39.130434782608695,5453.43,2212.15,3241.28,260.17,0,0,0.09723840836459986,0.25,-0.0,0.03650793650793651,0.014982500115299899,0.010566840167576474,-0.05516465220738024,
1b_narrow,599,0.4225141580954011,True,78,13,74.0,30.0,19,17,3.4000000000000004,18,38,1.5,4.0,1.0,0.015,0.5,28.621360119999917,1.3538234072433095,1.2903546981407932,14.386584218819493,123,33,90,26.829268292682926,10951.24,8089.12,2862.12,753.21,0,0,30.092503394300017,2.2509841905941728,2.71657500740291,6.747748539118194,50,19,31,38.0,5414.809999999999,2405.5299999999993,3009.2799999999993,284.28,0,0,0.09027751018290005,0.25,-0.0,0.03968253968253968,0.028621360119999918,0.017691170362165477,-0.0037584222522040285,
1b_narrow,600,0.33875045477987226,True,78,13,74.0,31.0,21,17,3.3000000000000003,18,40,1.5,3.9,1.0,0.015,0.5,13.169871125349927,1.1848161984500998,0.6997955077755924,13.303225901570336,120,30,90,25.0,8442.55,7125.62,1316.9299999999994,663.86,0,0,23.507388222750034,2.0774318334945163,2.3346496927872984,6.918833471671872,48,17,31,35.416666666666664,4532.52,2181.79,2350.7300000000005,268.17,0,0,0.07052216466825009,0.25,-0.0,0.0380952380952381,0.013169871125349928,0.00924080992250499,-0.04227762903147084,
1b_narrow,601,0.4406510646519147,True,78,13,74.0,30.0,21,17,3.4000000000000004,18,39,1.5,4.0,1.0,0.015,0.5,33.650739951699904,1.4231369417741255,1.48736500326987,12.603723158505971,124,34,90,27.419354838709676,11317.71,7952.65,3365.0599999999995,777.46,0,0,32.73973902680004,2.380110105974893,2.9305272369978828,6.224081454457023,50,19,31,38.0,5646.24,2372.26,3273.9799999999996,285.59,0,0,0.0982192170804001,0.25,-0.0,0.03968253968253968,0.033650739951699905,0.021156847088706278,-0.002058279151431233,
1b_narrow,602,0.40780473057641503,True,79,13,74.0,28.0,21,17,3.4000000000000004,18,39,1.5,3.1,1.0,0.015,0.5,23.63428482224992,1.3217452268318417,1.2071503001226598,13.569902642862628,131,41,90,31.297709923664122,9709.210000000001,7345.75,2363.460000000001,758.14,0,0,29.721553098949972,2.2446940382263763,3.1538557228729216,6.223366516402425,58,24,34,41.37931034482759,5360.0599999999995,2387.88,2972.1799999999994,321.49,0,0,0.08916465929684991,0.25,-0.0,0.046031746031746035,0.023634284822249923,0.016087261341592086,-0.017113220916022936,
1b_narrow,603,0.4406510646519147,True,78,13,74.0,29.0,21,17,3.4000000000000004,18,39,1.5,4.0,1.0,0.015,0.5,33.650739951699904,1.4231369417741255,1.48736500326987,12.603723158505971,124,34,90,27.419354838709676,11317.71,7952.65,3365.0599999999995,777.46,0,0,32.73973902680004,2.380110105974893,2.9305272369978828,6.224081454457023,50,19,31,38.0,5646.24,2372.26,3273.9799999999996,285.59,0,0,0.0982192170804001,0.25,-0.0,0.03968253968253968,0.033650739951699905,0.021156847088706278,-0.002058279151431233,
1b_narrow,604,0.30507379334001244,True,77,13,74.0,30.0,21,16,3.4000000000000004,17,40,1.5,4.0,1.0,0.015,0.5,7.07564025804977,1.0887401719971053,0.3978602370441565,15.166778495531066,130,31,99,23.846153846153847,8680.949999999999,7973.39,707.5599999999986,695.09,0,0,30.188839672450012,2.079868078880817,2.6700046608902444,6.223188986184405,58,21,37,36.206896551724135,5814.5,2795.61,3018.89,328.2,0,0,0.09056651901735004,0.25,-0.0,0.046031746031746035,0.00707564025804977,0.004437008599855264,-0.09303712056698864,
1b_narrow,605,0.43306720049999764,True,79,13,74.0,32.0,21,17,3.4000000000000004,18,38,1.5,4.0,1.0,0.015,0.5,34.47259470944984,1.4265803580709508,1.505864452475376,12.601954120992126,122,34,88,27.868852459016395,11528.31,8081.08,3447.2299999999996,772.92,0,0,31.02918456694995,2.2503062392211857,2.795679054557839,6.224490684729023,53,19,34,35.84905660377358,5584.630000000001,2481.7200000000003,3102.9100000000008,299.29,0,0,0.09308755370084985,0.25,-0.0,0.04206349206349207,0.03447259470944984,0.021329017903547545,-0.007885457877341682,
1b_narrow,606,0.43134939780485937,True,78,13,74.0,30.0,21,17,3.4000000000000004,20,39,1.5,4.0,1.0,0.015,0.5,35.70433864294989,1.453392219507611,1.5497383572612984,12.821993483656824,120,33,87,27.5,11445.58,7875.080000000002,3570.499999999998,757.89,0,0,31.30861208985003,2.299991280409572,2.835424650532684,6.344022979083267,49,18,31,36.734693877551024,5539.2300000000005,2408.37,3130.8600000000006,277.56,0,0,0.09392583626955009,0.25,-0.0,0.03888888888888889,0.03570433864294989,0.02266961097538055,-0.009839276971910026,
1b_narrow,607,0.4060952971266211,True,76,13,74.0,31.0,21,17,3.4000000000000004,18,39,1.5,3.9,1.0,0.015,0.5,24.77747574439996,1.318699609481521,1.1789725301236573,13.162245919091852,125,33,92,26.4,10251.94,7774.280000000001,2477.66,749.7,0,0,30.00269675245001,2.283252495701491,2.7307675392416857,6.224257329982611,50,19,31,38.0,5338.29,2338.02,3000.27,282.18,0,0,0.09000809025735003,0.25,-0.0,0.03968253968253968,0.024777475744399962,0.015934980474076054,-0.014307789031744601,
1b_narrow,608,0.4406510646519147,True,78,13,74.0,29.0,21,17,3.4000000000000004,18,39,1.5,4.0,1.0,0.015,0.5,33.650739951699904,1.4231369417741255,1.48736500326987,12.603723158505971,124,34,90,27.419354838709676,11317.71,7952.65,3365.0599999999995,777.46,0,0,32.73973902680004,2.380110105974893,2.9305272369978828,6.224081454457023,50,19,31,38.0,5646.24,2372.26,3273.9799999999996,285.59,0,0,0.0982192170804001,0.25,-0.0,0.03968253968253968,0.033650739951699905,0.021156847088706278,-0.002058279151431233,
1b_narrow,609,0.43512438319372343,True,77,13,74.0,30.0,21,17,3.4000000000000004,18,39,1.5,4.0,1.0,0.015,0.5,31.417077068449856,1.3943849562521187,1.4072259082999472,13.056630793022794,123,33,90,26.829268292682926,11107.810000000001,7966.099999999999,3141.710000000002,768.25,0,0,31.50519080404998,2.3353678178458193,2.8412129510101103,6.224081454457023,50,19,31,38.0,5509.88,2359.3200000000006,3150.5599999999995,283.93,0,0,0.09451557241214995,0.25,-0.0,0.03968253968253968,0.03141707706844986,0.019719247812605936,-0.00021005378202197984,
1b_narrow,610,0.41661367284138134,True,79,13,74.0,31.0,21,17,3.4000000000000004,18,40,1.5,4.0,1.0,0.015,0.5,27.082102208399846,1.3423150475944905,1.2150349266114866,12.602616134721675,123,33,90,26.829268292682926,10619.9,7911.63,2708.2699999999995,742.89,0,0,30.744322412599995,2.2734461077100225,2.780321262488135,6.224490684729023,50,18,32,36.0,5488.69,2414.26,3074.4299999999994,282.06,0,0,0.09223296723779999,0.25,-0.0,0.03968253968253968,0.027082102208399846,0.017115752379724524,-0.009499688667082668,
1b_narrow,611,0.4342342091687874,True,80,13,74.0,29.0,21,17,3.4000000000000004,18,38,1.5,4.0,1.0,0.015,0.5,34.76286401934996,1.430833982968608,1.516460021368655,12.602307623920353,121,34,87,28.09917355371901,11544.87,8068.63,3476.2400000000007,768.11,0,0,31.41558289769999,2.2837301100840954,2.8259548227249605,6.224490684729023,52,19,33,36.53846153846154,5588.789999999999,2447.22,3141.5699999999993,293.36,0,0,0.09424674869309997,0.25,-0.0,0.04126984126984127,0.034762864019349964,0.021541699148430404,-0.007586943961934206,
1b_narrow,612,0.43512438319372343,True,77,13,74.0,29.0,21,17,3.4000000000000004,18,39,1.5,4.0,1.0,0.015,0.5,31.417077068449856,1.3943849562521187,1.4072259082999472,13.056630793022794,123,33,90,26.829268292682926,11107.810000000001,7966.099999999999,3141.710000000002,768.25,0,0,31.50519080404998,2.3353678178458193,2.8412129510101103,6.224081454457023,50,19,31,38.0,5509.88,2359.3200000000006,3150.5599999999995,283.93,0,0,0.09451557241214995,0.25,-0.0,0.03968253968253968,0.03141707706844986,0.019719247812605936,-0.00021005378202197984,
1b_narrow,613,0.4406510646519147,True,78,13,74.0,28.0,21,17,3.4000000000000004,18,39,1.5,4.0,1.0,0.015,0.5,33.650739951699904,1.4231369417741255,1.48736500326987,12.603723158505971,124,34,90,27.419354838709676,11317.71,7952.65,3365.0599999999995,777.46,0,0,32.73973902680004,2.380110105974893,2.9305272369978828,6.224081454457023,50,19,31,38.0,5646.24,2372.26,3273.9799999999996,285.59,0,0,0.0982192170804001,0.25,-0.0,0.03968253968253968,0.033650739951699905,0.021156847088706278,-0.002058279151431233,
1b_narrow,614,0.44198828355362507,True,79,13,74.0,30.0,21,18,3.4000000000000004,18,39,1.5,4.0,1.0,0.015,0.5,32.605554315449936,1.455197042546894,1.468143639570828,10.839182014294952,116,33,83,28.448275862068964,10423.46,7162.92,3260.539999999999,708.0,0,0,32.29113870955002,2.358958819939818,2.9957207095520952,4.772296366907403,51,18,33,35.294117647058826,5605.239999999999,2376.15,3229.089999999999,295.46,0,0,0.09687341612865007,0.25,-0.0,0.04047619047619048,0.03260555431544994,0.022759852127344705,-0.0007267294940101089,
1b_narrow,615,0.4129453624420589,True,80,13,74.0,31.0,21,18,3.4000000000000004,18,40,1.5,3.9,1.0,0.015,0.5,25.924104337199932,1.3433390281695736,1.1944334786140396,10.9463217295928,119,33,86,27.73109243697479,10143.15,7550.7,2592.45,714.16,0,0,30.57645923345002,2.289726209406991,2.866351093350882,4.771331072728079,51,18,33,35.294117647058826,5428.46,2370.79,3057.67,293.43,0,0,0.09172937770035006,0.25,-0.0,0.04047619047619048,0.025924104337199935,0.01716695140847868,-0.012351261480160232,
1b_narrow,616,0.4418564202367972,True,80,13,74.0,30.0,21,18,3.4000000000000004,18,39,1.5,4.0,1.0,0.015,0.5,32.89401564899988,1.4600020137438012,1.4790313707685432,10.836888230257035,115,33,82,28.695652173913043,10440.27,7150.8600000000015,3289.409999999999,703.61,0,0,32.29113870955002,2.358958819939818,2.9957207095520952,4.772296366907403,51,18,33,35.294117647058826,5605.239999999999,2376.15,3229.089999999999,295.46,0,0,0.09687341612865007,0.25,-0.0,0.04047619047619048,0.03289401564899988,0.023000100687190064,-0.0013873027042332726,
1b_narrow,617,0.4418564202367972,True,80,13,74.0,30.0,21,18,3.4000000000000004,18,39,1.5,4.0,1.0,0.015,0.5,32.89401564899988,1.4600020137438012,1.4790313707685432,10.836888230257035,115,33,82,28.695652173913043,10440.27,7150.8600000000015,3289.409999999999,703.61,0,0,32.29113870955002,2.358958819939818,2.9957207095520952,4.772296366907403,51,18,33,35.294117647058826,5605.239999999999,2376.15,3229.089999999999,295.46,0,0,0.09687341612865007,0.25,-0.0,0.04047619047619048,0.03289401564899988,0.023000100687190064,-0.0013873027042332726,
1b_narrow,618,0.4324689344420115,True,80,13,74.0,45.0,21,18,3.4000000000000004,18,38,1.5,4.0,1.0,0.015,0.5,29.427411889099858,1.4030336440022189,1.3486611388247467,10.836888230257035,115,32,83,27.82608695652174,10244.18,7301.45,2942.7300000000005,700.87,0,0,32.464246178699995,2.322472889627584,3.002749617207945,4.772296366907403,54,19,35,35.18518518518518,5701.160000000001,2454.78,3246.3800000000006,312.87,0,0,0.09739273853609999,0.25,-0.0,0.04285714285714286,0.02942741188909986,0.020151682200110946,-0.007360041040442167,
1b_narrow,619,0.4377133809310491,True,81,13,74.0,30.0,21,18,3.4000000000000004,18,39,1.5,4.0,1.0,0.015,0.5,32.85671337194988,1.4690998803571578,1.48061502291395,10.836888230257035,111,32,79,28.82882882882883,10289.84,7004.180000000002,3285.659999999998,679.18,0,0,31.718725477250047,2.3520851183549243,2.955560604382789,4.7723165348191365,49,17,32,34.69387755102041,5517.78,2345.91,3171.87,284.11,0,0,0.09515617643175014,0.25,-0.0,0.03888888888888889,0.03285671337194988,0.02345499401785789,-0.0026433917793977158,
1b_narrow,620,0.4377133809310491,True,81,13,74.0,30.0,21,18,3.4000000000000004,18,39,1.5,4.0,1.0,0.015,0.5,32.85671337194988,1.4690998803571578,1.48061502291395,10.836888230257035,111,32,79,28.82882882882883,10289.84,7004.180000000002,3285.659999999998,679.18,0,0,31.718725477250047,2.3520851183549243,2.955560604382789,4.7723165348191365,49,17,32,34.69387755102041,5517.78,2345.91,3171.87,284.11,0,0,0.09515617643175014,0.25,-0.0,0.03888888888888889,0.03285671337194988,0.02345499401785789,-0.0026433917793977158,
1b_narrow,621,0.4175525552069971,True,80,12,74.0,29.0,21,18,3.4000000000000004,18,39,1.5,4.0,1.0,0.015,0.5,26.52763842415001,1.384930936360457,1.2617878676176861,10.837780824467977,115,32,83,27.82608695652174,9544.21,6891.47,2652.739999999999,672.16,0,0,29.426938167250043,2.21635630877338,2.9568758330325995,5.080328244552621,52,18,34,34.61538461538461,5361.919999999999,2419.25,2942.669999999999,300.17,0,0,0.08828081450175013,0.25,-0.0,0.04126984126984127,0.02652763842415001,0.019246546818022847,-0.007772285806767169,
1b_narrow,622,0.4373143696492104,True,81,13,74.0,30.0,21,18,3.4000000000000004,18,38,1.5,4.0,1.0,0.015,0.5,31.10332810379989,1.4335301447651225,1.4135561954769467,10.836888230257035,112,32,80,28.571428571428573,10284.69,7174.380000000001,3110.3099999999995,685.02,0,0,32.28442796904996,2.3507667203614986,2.99426361115993,4.7723165348191365,51,18,33,35.294117647058826,5618.45,2390.05,3228.3999999999996,295.55,0,0,0.09685328390714987,0.25,-0.0,0.04047619047619048,0.03110332810379989,0.021676507238256128,-0.002794940076185996,
1b_narrow,623,0.4174500848216257,True,80,13,74.0,29.0,21,19,3.4000000000000004,18,39,1.5,3.9,1.0,0.015,0.5,32.51982594124998,1.4660140609729182,1.5008118836793052,11.01441523964167,111,33,78,29.72972972972973,10230.109999999999,6978.18,3251.9299999999985,689.31,0,0,27.850011017150027,2.1947909874043314,2.664670198893273,4.771331072728079,50,17,33,34.0,5115.97,2330.96,2785.01,284.07,0,0,0.08355003305145008,0.25,-0.0,0.03968253968253968,0.032519825941249976,0.023300703048645913,-0.011603016902259945,
1b_narrow,624,0.4190070799182974,True,80,13,74.0,30.0,21,18,3.4000000000000004,18,40,1.5,4.0,1.0,0.015,0.5,26.99427993069985,1.3628375799089216,1.2274611097427806,10.836888230257035,117,32,85,27.35042735042735,10139.130000000001,7439.719999999999,2699.4100000000017,702.06,0,0,32.179905433400094,2.34866264888561,2.9877625209682694,4.772296366907403,51,18,33,35.294117647058826,5604.049999999999,2386.06,3217.9899999999993,295.37,0,0,0.09653971630020029,0.25,-0.0,0.04047619047619048,0.02699427993069985,0.018141878995446083,-0.013144985784239328,
1b_narrow,625,0.4418564202367972,True,80,13,74.0,30.0,21,18,3.4000000000000004,18,39,1.5,4.0,1.0,0.015,0.5,32.89401564899988,1.4600020137438012,1.4790313707685432,10.836888230257035,115,33,82,28.695652173913043,10440.27,7150.8600000000015,3289.409999999999,703.61,0,0,32.29113870955002,2.358958819939818,2.9957207095520952,4.772296366907403,51,18,33,35.294117647058826,5605.239999999999,2376.15,3229.089999999999,295.46,0,0,0.09687341612865007,0.25,-0.0,0.04047619047619048,0.03289401564899988,0.023000100687190064,-0.0013873027042332726,
1b_narrow,626,0.4349054749916684,True,82,13,74.0,30.0,21,18,3.4000000000000004,18,39,1.5,4.0,1.0,0.015,0.5,37.16464382444996,1.5110952807925673,1.6267192563308048,10.330236344244891,113,33,80,29.20353982300885,10988.02,7271.5599999999995,3716.460000000001,709.87,0,1,31.718725477250047,2.3520851183549243,2.955560604382789,4.7723165348191365,49,17,32,34.69387755102041,5517.78,2345.91,3171.87,284.11,0,0,0.09515617643175014,0.25,-0.0,0.03888888888888889,0.037164643824449964,0.025554764039628364,-0.011858998193048994,
1b_narrow,627,0.4377133809310491,True,81,13,74.0,30.0,21,18,3.4000000000000004,18,39,1.5,4.0,1.0,0.015,0.5,32.85671337194988,1.4690998803571578,1.48061502291395,10.836888230257035,111,32,79,28.82882882882883,10289.84,7004.180000000002,3285.659999999998,679.18,0,0,31.718725477250047,2.3520851183549243,2.955560604382789,4.7723165348191365,49,17,32,34.69387755102041,5517.78,2345.91,3171.87,284.11,0,0,0.09515617643175014,0.25,-0.0,0.03888888888888889,0.03285671337194988,0.02345499401785789,-0.0026433917793977158,
1b_narrow,628,0.42064988509651313,True,79,13,74.0,30.0,20,18,3.4000000000000004,18,38,1.5,3.9,1.0,0.015,0.5,27.171277505449854,1.3631002493605626,1.2615210336084766,10.946513546758133,118,33,85,27.966101694915253,10200.27,7483.14,2717.13,710.06,0,0,31.221267819899985,2.2983137540284853,2.9112998424339427,4.771331072728079,53,19,34,35.84905660377358,5526.870000000001,2404.7500000000005,3122.1200000000003,304.87,0,0,0.09366380345969995,0.25,-0.0,0.04206349206349207,0.027171277505449856,0.018155012468028132,-0.010403700400156857,
1b_narrow,629,-1.010204081632653,False,81,13,74.0,30.0,21,18,3.4000000000000004,18,48,1.7000000000000002,4.0,1.0,0.015,0.5,17.131233504299853,1.3153910307511316,0.9165808812255021,12.28048835808287,92,25,67,27.17391304347826,7144.77,5431.670000000001,1713.0999999999995,491.69,0,0,31.953653277699978,2.5106966409001736,3.0076618888696545,4.772007386833867,43,15,28,34.883720930232556,5310.500000000001,2115.1499999999996,3195.3500000000013,248.04,0,0,,,,,,,,0.061224489795918324
1b_narrow,630,0.3999707735102295,True,81,13,74.0,30.0,21,18,3.5,18,39,1.5,4.0,1.0,0.015,0.5,27.48319575709998,1.353559744608699,1.2274298436419036,15.066023647319977,120,33,87,27.5,10521.45,7773.169999999999,2748.2800000000016,712.2,0,0,26.25768859054999,1.9559237375447331,2.4236333499661122,6.224218048392536,51,17,34,33.333333333333336,5372.589999999999,2746.83,2625.7599999999993,285.15,0,0,0.07877306577164996,0.23898093438618329,-0.0,0.04047619047619048,0.027483195757099982,0.017677987230434955,-0.0034206001113291566,
1b_narrow,631,0.4190070799182974,True,80,13,74.0,30.0,21,18,3.4000000000000004,18,40,1.5,4.0,1.0,0.015,0.5,26.99427993069985,1.3628375799089216,1.2274611097427806,10.836888230257035,117,32,85,27.35042735042735,10139.130000000001,7439.719999999999,2699.4100000000017,702.06,0,0,32.179905433400094,2.34866264888561,2.9877625209682694,4.772296366907403,51,18,33,35.294117647058826,5604.049999999999,2386.06,3217.9899999999993,295.37,0,0,0.09653971630020029,0.25,-0.0,0.04047619047619048,0.02699427993069985,0.018141878995446083,-0.013144985784239328,
1b_narrow,632,0.3573319018213666,True,80,13,74.0,30.0,21,18,3.6,18,39,1.5,4.0,1.0,0.015,0.5,30.06773008624981,1.3692360024658548,1.2311075396874718,12.035111020994393,126,34,92,26.984126984126984,11149.99,8143.220000000001,3006.7699999999986,742.6,0,0,24.420174298550045,1.826578345225362,2.232029338627379,6.609678195643458,56,18,38,32.142857142857146,5396.37,2954.3599999999997,2442.01,313.46,0,0,0.07326052289565013,0.20664458630634053,-0.0,0.044444444444444446,0.030067730086249814,0.018461800123292738,-0.015547182034611046,
1b_narrow,633,0.4418564202367972,True,80,13,74.0,30.0,21,18,3.4000000000000004,18,39,1.5,4.0,1.0,0.015,0.5,32.89401564899988,1.4600020137438012,1.4790313707685432,10.836888230257035,115,33,82,28.695652173913043,10440.27,7150.8600000000015,3289.409999999999,703.61,0,0,32.29113870955002,2.358958819939818,2.9957207095520952,4.772296366907403,51,18,33,35.294117647058826,5605.239999999999,2376.15,3229.089999999999,295.46,0,0,0.09687341612865007,0.25,-0.0,0.04047619047619048,0.03289401564899988,0.023000100687190064,-0.0013873027042332726,
1b_narrow,634,0.4418564202367972,True,80,13,74.0,30.0,21,18,3.4000000000000004,18,39,1.5,4.0,1.0,0.015,0.5,32.89401564899988,1.4600020137438012,1.4790313707685432,10.836888230257035,115,33,82,28.695652173913043,10440.27,7150.8600000000015,3289.409999999999,703.61,0,0,32.29113870955002,2.358958819939818,2.9957207095520952,4.772296366907403,51,18,33,35.294117647058826,5605.239999999999,2376.15,3229.089999999999,295.46,0,0,0.09687341612865007,0.25,-0.0,0.04047619047619048,0.03289401564899988,0.023000100687190064,-0.0013873027042332726,
1b_narrow,635,0.4109094526593857,True,80,13,74.0,30.0,21,18,3.4000000000000004,18,44,1.5,4.0,1.0,0.015,0.5,25.459887551999927,1.3595394072565672,1.1938485132674812,11.456185763659752,110,30,80,27.272727272727273,9627.320000000002,7081.3099999999995,2546.010000000002,650.66,0,0,32.632792586100024,2.458682174354207,3.0449551502674,4.77088222442243,48,18,30,37.5,5500.490000000001,2237.1699999999996,3263.320000000001,276.89,0,0,0.09789837775830007,0.25,-0.0,0.0380952380952381,0.02545988755199993,0.01797697036282836,-0.018521021108980726,
1b_narrow,636,0.4213000693822707,True,80,13,74.0,31.0,21,18,3.4000000000000004,18,41,1.5,4.0,1.0,0.015,0.5,27.51430625689993,1.370834462114075,1.2471416999476113,10.83815458360714,116,32,84,27.586206896551722,10170.92,7419.51,2751.41,698.7,0,0,32.10922987340002,2.3525771719350277,2.999655943204543,4.772296366907403,51,18,33,35.294117647058826,5584.83,2373.9199999999996,3210.9100000000003,293.13,0,0,0.09632768962020005,0.25,-0.0,0.04047619047619048,0.02751430625689993,0.018541723105703744,-0.011559840076723508,
1b_narrow,637,0.4418564202367972,True,80,13,74.0,30.0,21,18,3.4000000000000004,18,39,1.5,4.0,1.0,0.015,0.5,32.89401564899988,1.4600020137438012,1.4790313707685432,10.836888230257035,115,33,82,28.695652173913043,10440.27,7150.8600000000015,3289.409999999999,703.61,0,0,32.29113870955002,2.358958819939818,2.9957207095520952,4.772296366907403,51,18,33,35.294117647058826,5605.239999999999,2376.15,3229.089999999999,295.46,0,0,0.09687341612865007,0.25,-0.0,0.04047619047619048,0.03289401564899988,0.023000100687190064,-0.0013873027042332726,
1b_narrow,638,0.4418564202367972,True,80,13,74.0,30.0,21,18,3.4000000000000004,18,39,1.5,4.0,1.0,0.015,0.5,32.89401564899988,1.4600020137438012,1.4790313707685432,10.836888230257035,115,33,82,28.695652173913043,10440.27,7150.8600000000015,3289.409999999999,703.61,0,0,32.29113870955002,2.358958819939818,2.9957207095520952,4.772296366907403,51,18,33,35.294117647058826,5605.239999999999,2376.15,3229.089999999999,295.46,0,0,0.09687341612865007,0.25,-0.0,0.04047619047619048,0.03289401564899988,0.023000100687190064,-0.0013873027042332726,
1b_narrow,639,0.4377133809310491,True,81,13,74.0,30.0,21,18,3.4000000000000004,18,39,1.5,4.0,1.0,0.015,0.5,32.85671337194988,1.4690998803571578,1.48061502291395,10.836888230257035,111,32,79,28.82882882882883,10289.84,7004.180000000002,3285.659999999998,679.18,0,0,31.718725477250047,2.3520851183549243,2.955560604382789,4.7723165348191365,49,17,32,34.69387755102041,5517.78,2345.91,3171.87,284.11,0,0,0.09515617643175014,0.25,-0.0,0.03888888888888889,0.03285671337194988,0.02345499401785789,-0.0026433917793977158,
1b_narrow,640,0.41139367996822324,True,81,13,74.0,30.0,21,18,3.4000000000000004,18,40,1.5,3.9,1.0,0.015,0.5,25.924118100449906,1.3498183722047399,1.1966887823816923,10.9463217295928,115,32,83,27.82608695652174,10003.18,7410.760000000001,2592.419999999999,690.72,0,0,30.042914339049986,2.283344083862672,2.8279292968715484,4.771743560462518,49,17,32,34.69387755102041,5345.24,2340.9700000000003,3004.2699999999995,282.2,0,0,0.09012874301714996,0.25,-0.0,0.03888888888888889,0.02592411810044991,0.017490918610236994,-0.011038988648502526,
1b_narrow,641,0.3610932064836704,True,80,13,74.0,31.0,21,18,3.4000000000000004,18,39,1.3,4.0,1.0,0.015,0.5,14.610047588749966,1.1778228648001934,0.7199820808625247,13.637075460237275,132,32,100,24.242424242424242,9677.239999999998,8216.210000000001,1461.029999999997,747.84,0,0,32.72124322784995,2.2659406132121087,3.1964948942428526,4.007399388053877,59,22,37,37.28813559322034,5856.889999999999,2584.7500000000005,3272.139999999999,344.73,0,0,0.09816372968354986,0.25,-0.0,0.046825396825396826,0.014610047588749966,0.008891143240009669,-0.057397110854035926,
1b_narrow,642,0.43195205582115925,True,80,13,74.0,30.0,21,18,3.4000000000000004,18,38,1.5,4.0,1.0,0.015,0.5,29.427411889099858,1.4030336440022189,1.3486611388247467,10.836888230257035,115,32,83,27.82608695652174,10244.18,7301.45,2942.7300000000005,700.87,0,0,32.85419903444999,2.357579388855602,3.034156387467112,4.772296366907403,53,19,34,35.84905660377358,5705.459999999999,2420.05,3285.409999999999,306.87,0,0,0.09856259710334998,0.25,-0.0,0.04206349206349207,0.02942741188909986,0.020151682200110946,-0.008253127434893627,
1b_narrow,643,0.4243230553179084,True,80,13,75.0,30.0,21,18,3.4000000000000004,18,39,1.5,3.7,1.0,0.015,0.5,29.163915329199895,1.3991205681135463,1.3913035601486357,11.168048293956874,120,35,85,29.166666666666668,10223.360000000002,7306.99,2916.3700000000026,730.11,0,0,28.10691479204999,2.0993980262771896,2.8234816598684054,5.391214230932608,55,19,36,34.54545454545455,5367.3,2556.59,2810.71,314.09000000000003,0,0,0.08432074437614998,0.25,-0.0,0.043650793650793655,0.0291639153291999,0.01995602840567732,-0.0027684264439124446,
1b_narrow,644,0.4377133809310491,True,81,13,74.0,31.0,21,18,3.4000000000000004,18,39,1.5,4.0,1.0,0.015,0.5,32.85671337194988,1.4690998803571578,1.48061502291395,10.836888230257035,111,32,79,28.82882882882883,10289.84,7004.180000000002,3285.659999999998,679.18,0,0,31.718725477250047,2.3520851183549243,2.955560604382789,4.7723165348191365,49,17,32,34.69387755102041,5517.78,2345.91,3171.87,284.11,0,0,0.09515617643175014,0.25,-0.0,0.03888888888888889,0.03285671337194988,0.02345499401785789,-0.0026433917793977158,
1b_narrow,645,0.4190070799182974,True,80,13,74.0,30.0,21,18,3.4000000000000004,18,40,1.5,4.0,1.0,0.015,0.5,26.99427993069985,1.3628375799089216,1.2274611097427806,10.836888230257035,117,32,85,27.35042735042735,10139.130000000001,7439.719999999999,2699.4100000000017,702.06,0,0,32.179905433400094,2.34866264888561,2.9877625209682694,4.772296366907403,51,18,33,35.294117647058826,5604.049999999999,2386.06,3217.9899999999993,295.37,0,0,0.09653971630020029,0.25,-0.0,0.04047619047619048,0.02699427993069985,0.018141878995446083,-0.013144985784239328,
1b_narrow,646,0.3896394598249013,True,80,13,74.0,30.0,21,18,3.4000000000000004,18,42,1.4000000000000001,4.0,1.0,0.015,0.5,20.07362903919995,1.255229795690544,0.9448670149377222,12.079295381503066,123,32,91,26.016260162601625,9872.42,7865.03,2007.3900000000003,715.21,0,0,33.76947192515004,2.378819676950465,3.101368285527701,4.007896910465664,55,20,35,36.36363636363637,5826.110000000001,2449.16,3376.9500000000007,320.25,0,0,0.10130841577545012,0.25,-0.0,0.043650793650793655,0.02007362903919995,0.012761489784527203,-0.038154868425069634,
1b_narrow,647,0.37802086884813535,True,80,13,74.0,30.0,21,18,3.2,18,39,1.5,3.9,1.0,0.015,0.5,22.638727614749897,1.355022496279371,1.1476466839026642,11.113198289577372,109,30,79,27.522935779816514,8640.45,6376.610000000001,2263.84,612.97,0,0,20.511447669800038,1.9911092212837513,2.086824720450044,6.919179397544892,45,15,30,33.333333333333336,4120.72,2069.56,2051.1600000000003,247.08,0,0,0.06153434300940011,0.24777730532093784,-0.0,0.03571428571428572,0.022638727614749898,0.017751124813968556,-0.007394917625206745,
1b_narrow,648,0.4373143696492104,True,81,13,74.0,31.0,21,18,3.4000000000000004,18,38,1.5,4.0,1.0,0.015,0.5,31.10332810379989,1.4335301447651225,1.4135561954769467,10.836888230257035,112,32,80,28.571428571428573,10284.69,7174.380000000001,3110.3099999999995,685.02,0,0,32.28442796904996,2.3507667203614986,2.99426361115993,4.7723165348191365,51,18,33,35.294117647058826,5618.45,2390.05,3228.3999999999996,295.55,0,0,0.09685328390714987,0.25,-0.0,0.04047619047619048,0.03110332810379989,0.021676507238256128,-0.002794940076185996,
1b_narrow,649,0.4418564202367972,True,80,13,74.0,30.0,21,18,3.4000000000000004,18,39,1.5,4.0,1.0,0.015,0.5,32.89401564899988,1.4600020137438012,1.4790313707685432,10.836888230257035,115,33,82,28.695652173913043,10440.27,7150.8600000000015,3289.409999999999,703.61,0,0,32.29113870955002,2.358958819939818,2.9957207095520952,4.772296366907403,51,18,33,35.294117647058826,5605.239999999999,2376.15,3229.089999999999,295.46,0,0,0.09687341612865007,0.25,-0.0,0.04047619047619048,0.03289401564899988,0.023000100687190064,-0.0013873027042332726,
1b_narrow,650,0.42105222334538095,True,80,13,74.0,30.0,21,18,3.4000000000000004,16,39,1.5,4.0,1.0,0.015,0.5,26.94911280520002,1.3855100078964535,1.3348370361281308,10.828386467092246,117,33,84,28.205128205128204,9685.38,6990.48,2694.8999999999996,688.18,0,0,33.634981392049994,2.449530688409857,3.1100559104009022,4.771197081657667,51,19,32,37.254901960784316,5683.9400000000005,2320.42,3363.5200000000004,294.85,0,0,0.10090494417614998,0.25,-0.0,0.04047619047619048,0.026949112805200022,0.019275500394822676,-0.0165535245069822,
1b_narrow,651,0.4190070799182974,True,80,13,74.0,30.0,21,18,3.4000000000000004,18,40,1.5,4.0,1.0,0.015,0.5,26.99427993069985,1.3628375799089216,1.2274611097427806,10.836888230257035,117,32,85,27.35042735042735,10139.130000000001,7439.719999999999,2699.4100000000017,702.06,0,0,32.179905433400094,2.34866264888561,2.9877625209682694,4.772296366907403,51,18,33,35.294117647058826,5604.049999999999,2386.06,3217.9899999999993,295.37,0,0,0.09653971630020029,0.25,-0.0,0.04047619047619048,0.02699427993069985,0.018141878995446083,-0.013144985784239328,
1b_narrow,652,0.3851578401120075,True,81,11,74.0,31.0,21,18,3.4000000000000004,18,39,1.5,4.0,1.0,0.015,0.5,29.523168461399873,1.434601348735395,1.3871077085947614,10.182255396260567,111,32,79,28.82882882882883,9745.29,6793.030000000001,2952.26,660.83,0,0,22.46940452675004,1.9886566139684692,2.388855505367012,4.795275934777795,50,16,34,32.0,4519.6,2272.69,2246.9100000000003,279.87,0,0,0.06740821358025012,0.2471641534921173,-0.0,0.03968253968253968,0.029523168461399876,0.02173006743676975,-0.020350302541069235,
1b_narrow,653,0.4418564202367972,True,80,13,74.0,31.0,21,18,3.4000000000000004,18,39,1.5,4.0,1.0,0.015,0.5,32.89401564899988,1.4600020137438012,1.4790313707685432,10.836888230257035,115,33,82,28.695652173913043,10440.27,7150.8600000000015,3289.409999999999,703.61,0,0,32.29113870955002,2.358958819939818,2.9957207095520952,4.772296366907403,51,18,33,35.294117647058826,5605.239999999999,2376.15,3229.089999999999,295.46,0,0,0.09687341612865007,0.25,-0.0,0.04047619047619048,0.03289401564899988,0.023000100687190064,-0.0013873027042332726,
1b_narrow,654,0.4418564202367972,True,80,13,74.0,31.0,21,18,3.4000000000000004,18,39,1.5,4.0,1.0,0.015,0.5,32.89401564899988,1.4600020137438012,1.4790313707685432,10.836888230257035,115,33,82,28.695652173913043,10440.27,7150.8600000000015,3289.409999999999,703.61,0,0,32.29113870955002,2.358958819939818,2.9957207095520952,4.772296366907403,51,18,33,35.294117647058826,5605.239999999999,2376.15,3229.089999999999,295.46,0,0,0.09687341612865007,0.25,-0.0,0.04047619047619048,0.03289401564899988,0.023000100687190064,-0.0013873027042332726,
1b_narrow,655,0.4418564202367972,True,80,13,74.0,31.0,21,18,3.4000000000000004,18,39,1.5,4.0,1.0,0.015,0.5,32.89401564899988,1.4600020137438012,1.4790313707685432,10.836888230257035,115,33,82,28.695652173913043,10440.27,7150.8600000000015,3289.409999999999,703.61,0,0,32.29113870955002,2.358958819939818,2.9957207095520952,4.772296366907403,51,18,33,35.294117647058826,5605.239999999999,2376.15,3229.089999999999,295.46,0,0,0.09687341612865007,0.25,-0.0,0.04047619047619048,0.03289401564899988,0.023000100687190064,-0.0013873027042332726,
1b_narrow,656,0.4206904464033755,True,80,13,73.0,32.0,21,18,3.4000000000000004,18,39,1.5,3.9,1.0,0.015,0.5,27.573119295899996,1.388384701307006,1.311463127911202,10.946297835335743,118,34,84,28.8135593220339,9856.74,7099.430000000001,2757.3099999999986,699.36,0,0,27.24565866465,2.1050817072329857,2.7747843433677963,5.383889349439582,54,18,36,33.333333333333336,5190.099999999999,2465.51,2724.5899999999992,310.35,0,0,0.08173697599395001,0.25,-0.0,0.04285714285714286,0.027573119295899996,0.019419235065350305,-0.0008960268089676768,
1b_narrow,657,0.39635603920691953,True,81,13,74.0,32.0,21,18,3.5,18,38,1.5,4.0,1.0,0.015,0.5,25.800581823250013,1.3250737403658734,1.1634909910659903,15.066023647319977,121,33,88,27.272727272727273,10516.62,7936.629999999999,2579.9900000000016,717.83,0,0,26.42611870769997,1.9358514887950813,2.4319788108341824,6.224218048392536,54,18,36,33.333333333333336,5466.379999999999,2823.76,2642.619999999999,302.16,0,0,0.0792783561230999,0.23396287219877032,-0.0,0.04285714285714286,0.025800581823250013,0.01625368701829367,-0.0017966008136372467,
1b_narrow,658,0.4418564202367972,True,80,13,74.0,31.0,21,18,3.4000000000000004,18,39,1.5,4.0,1.0,0.015,0.5,32.89401564899988,1.4600020137438012,1.4790313707685432,10.836888230257035,115,33,82,28.695652173913043,10440.27,7150.8600000000015,3289.409999999999,703.61,0,0,32.29113870955002,2.358958819939818,2.9957207095520952,4.772296366907403,51,18,33,35.294117647058826,5605.239999999999,2376.15,3229.089999999999,295.46,0,0,0.09687341612865007,0.25,-0.0,0.04047619047619048,0.03289401564899988,0.023000100687190064,-0.0013873027042332726,
1b_narrow,659,0.4405731501829922,True,80,13,74.0,32.0,21,18,3.4000000000000004,18,39,1.5,4.0,1.0,0.015,0.5,32.89401564899988,1.4600020137438012,1.4790313707685432,10.836888230257035,115,33,82,28.695652173913043,10440.27,7150.8600000000015,3289.409999999999,703.61,0,0,31.901937631000056,2.3232113748636425,2.964323639400258,4.772296366907403,52,18,34,34.61538461538461,5601.1,2410.9299999999994,3190.170000000001,301.51,0,0,0.09570581289300016,0.25,-0.0,0.04126984126984127,0.03289401564899988,0.023000100687190064,-0.0022966203160391893,
1b_narrow,660,0.4148371939189338,True,82,13,74.0,31.0,21,18,3.4000000000000004,18,39,1.6,4.0,1.0,0.015,0.5,26.257002484699953,1.3909653192617166,1.2648745255498792,10.331150791036858,107,31,76,28.97196261682243,9341.89,6716.12,2625.7699999999995,627.83,0,1,33.75528755634998,2.522855028918424,3.139477236668123,4.7723165348191365,46,17,29,36.95652173913044,5592.11,2216.58,3375.5299999999997,267.66,0,0,0.10126586266904992,0.25,-0.0,0.03650793650793651,0.026257002484699955,0.019548265963085832,-0.018741873705838435,
1b_narrow,661,0.4171995151736375,True,81,13,77.0,31.0,21,18,3.4000000000000004,18,40,1.5,4.0,1.0,0.015,0.5,26.95352642434995,1.3692783637925532,1.228203382967545,10.836888230257035,113,31,82,27.43362831858407,9994.130000000001,7298.83,2695.300000000001,678.52,0,0,28.47030613575005,2.0997245860098968,2.6716933845733144,6.239500914396009,51,17,34,33.333333333333336,5435.83,2588.8299999999995,2847.0000000000005,290.45,0,0,0.08541091840725015,0.25,-0.0,0.04047619047619048,0.02695352642434995,0.01846391818962766,-0.004105038323780701,
1b_narrow,662,-1.0204081632653061,False,80,13,74.0,31.0,21,18,3.4000000000000004,18,39,1.8,4.0,1.0,0.015,0.5,10.973732805599976,1.212177460676547,0.6354154018889148,10.34588864214773,86,22,64,25.58139534883721,6269.2,5171.85,1097.3499999999995,453.09,0,0,35.66680254290004,2.7180870537004562,3.3001561150816245,4.771138219638336,43,17,26,39.53488372093023,5642.639999999999,2075.96,3566.6799999999994,252.17000000000002,0,0,,,,,,,,0.12244897959183676
1b_narrow,663,0.4381525208111493,True,80,13,74.0,32.0,21,18,3.4000000000000004,19,39,1.5,4.0,1.0,0.015,0.5,36.12179542289981,1.5012586418879348,1.58363652889515,11.092389608652587,113,33,80,29.20353982300885,10818.339999999998,7206.18,3612.159999999998,708.01,0,0,31.770523326199946,2.3050059354859913,2.970757978006756,4.894353599831536,52,18,34,34.61538461538461,5611.56,2434.5099999999998,3177.0500000000006,300.98,0,0,0.09531156997859984,0.25,-0.0,0.04126984126984127,0.03612179542289981,0.02506293209439674,-0.009613617954588328,
1b_narrow,664,0.43195205582115925,True,80,13,74.0,31.0,21,18,3.4000000000000004,18,38,1.5,4.0,1.0,0.015,0.5,29.427411889099858,1.4030336440022189,1.3486611388247467,10.836888230257035,115,32,83,27.82608695652174,10244.18,7301.45,2942.7300000000005,700.87,0,0,32.85419903444999,2.357579388855602,3.034156387467112,4.772296366907403,53,19,34,35.84905660377358,5705.459999999999,2420.05,3285.409999999999,306.87,0,0,0.09856259710334998,0.25,-0.0,0.04206349206349207,0.02942741188909986,0.020151682200110946,-0.008253127434893627,
1b_narrow,665,0.37246859789817566,True,81,12,74.0,31.0,21,18,3.4000000000000004,18,46,1.5,3.9,1.0,0.015,0.5,18.40380311734994,1.2743848621828895,0.9354070955970781,13.25497120151568,108,29,79,26.85185185185185,8547.86,6707.4400000000005,1840.42,609.6,0,0,28.14330714299997,2.273166494761414,2.8856606627416497,4.7713094997941345,47,17,30,36.170212765957444,5024.88,2210.52,2814.36,269.24,0,0,0.0844299214289999,0.25,-0.0,0.0373015873015873,0.018403803117349942,0.013719243109144475,-0.031385957058905976,
1b_narrow,666,0.419538646417527,True,80,13,74.0,32.0,21,18,3.4000000000000004,18,40,1.5,4.0,1.0,0.015,0.5,26.99427993069985,1.3628375799089216,1.2274611097427806,10.836888230257035,117,32,85,27.35042735042735,10139.130000000001,7439.719999999999,2699.4100000000017,702.06,0,0,31.789844006950062,2.313086795071438,2.9561437004263063,4.772296366907403,52,18,34,34.61538461538461,5599.960000000001,2420.99,3178.970000000001,301.43,0,0,0.09536953202085019,0.25,-0.0,0.04126984126984127,0.02699427993069985,0.018141878995446083,-0.012236885799310418,
1b_narrow,667,0.4377133809310491,True,81,13,74.0,31.0,21,18,3.4000000000000004,18,39,1.5,4.0,1.0,0.015,0.5,32.85671337194988,1.4690998803571578,1.48061502291395,10.836888230257035,111,32,79,28.82882882882883,10289.84,7004.180000000002,3285.659999999998,679.18,0,0,31.718725477250047,2.3520851183549243,2.955560604382789,4.7723165348191365,49,17,32,34.69387755102041,5517.78,2345.91,3171.87,284.11,0,0,0.09515617643175014,0.25,-0.0,0.03888888888888889,0.03285671337194988,0.02345499401785789,-0.0026433917793977158,
1b_narrow,668,0.4405731501829922,True,80,13,74.0,40.0,21,18,3.4000000000000004,18,39,1.5,4.0,1.0,0.015,0.5,32.89401564899988,1.4600020137438012,1.4790313707685432,10.836888230257035,115,33,82,28.695652173913043,10440.27,7150.8600000000015,3289.409999999999,703.61,0,0,31.901937631000056,2.3232113748636425,2.964323639400258,4.772296366907403,52,18,34,34.61538461538461,5601.1,2410.9299999999994,3190.170000000001,301.51,0,0,0.09570581289300016,0.25,-0.0,0.04126984126984127,0.03289401564899988,0.023000100687190064,-0.0022966203160391893,
1b_narrow,669,0.43195205582115925,True,80,13,74.0,31.0,21,18,3.4000000000000004,18,38,1.5,4.0,1.0,0.015,0.5,29.427411889099858,1.4030336440022189,1.3486611388247467,10.836888230257035,115,32,83,27.82608695652174,10244.18,7301.45,2942.7300000000005,700.87,0,0,32.85419903444999,2.357579388855602,3.034156387467112,4.772296366907403,53,19,34,35.84905660377358,5705.459999999999,2420.05,3285.409999999999,306.87,0,0,0.09856259710334998,0.25,-0.0,0.04206349206349207,0.02942741188909986,0.020151682200110946,-0.008253127434893627,
1b_narrow,670,0.4336093599165021,True,80,13,74.0,31.0,21,18,3.4000000000000004,18,39,1.5,3.9,1.0,0.015,0.5,31.72842514879989,1.4369770004131661,1.445708063075837,10.9463217295928,117,34,83,29.05982905982906,10433.890000000001,7261.000000000001,3172.8900000000003,715.53,0,0,30.686577728450033,2.2998047330009705,2.8744049779619396,4.771331072728079,51,18,33,35.294117647058826,5429.540000000001,2360.87,3068.670000000001,293.52,0,0,0.09205973318535009,0.25,-0.0,0.04047619047619048,0.03172842514879989,0.021848850020658308,-0.0025038389144966472,
1b_narrow,671,0.399986044400549,True,81,13,74.0,31.0,21,18,3.4000000000000004,18,45,1.5,4.0,1.0,0.015,0.5,23.475552414099965,1.3292912488988884,1.108489253226936,12.169099740695247,107,29,78,27.102803738317757,9476.73,7129.16,2347.5699999999997,632.3,0,0,31.70478594500004,2.42157486952311,2.9754776817175417,4.77088222442243,47,17,30,36.170212765957444,5400.79,2230.2799999999993,3170.5100000000007,270.13,0,0,0.09511435783500012,0.25,-0.0,0.0373015873015873,0.023475552414099966,0.01646456244494442,-0.02237001559508277,
1b_narrow,672,0.4418564202367972,True,80,13,74.0,31.0,21,18,3.4000000000000004,18,39,1.5,4.0,1.0,0.015,0.5,32.89401564899988,1.4600020137438012,1.4790313707685432,10.836888230257035,115,33,82,28.695652173913043,10440.27,7150.8600000000015,3289.409999999999,703.61,0,0,32.29113870955002,2.358958819939818,2.9957207095520952,4.772296366907403,51,18,33,35.294117647058826,5605.239999999999,2376.15,3229.089999999999,295.46,0,0,0.09687341612865007,0.25,-0.0,0.04047619047619048,0.03289401564899988,0.023000100687190064,-0.0013873027042332726,
1b_narrow,673,0.4405731501829922,True,80,13,74.0,32.0,21,18,3.4000000000000004,18,39,1.5,4.0,1.0,0.015,0.5,32.89401564899988,1.4600020137438012,1.4790313707685432,10.836888230257035,115,33,82,28.695652173913043,10440.27,7150.8600000000015,3289.409999999999,703.61,0,0,31.901937631000056,2.3232113748636425,2.964323639400258,4.772296366907403,52,18,34,34.61538461538461,5601.1,2410.9299999999994,3190.170000000001,301.51,0,0,0.09570581289300016,0.25,-0.0,0.04126984126984127,0.03289401564899988,0.023000100687190064,-0.0022966203160391893,
1b_narrow,674,0.417208506689176,True,81,13,74.0,31.0,21,18,3.4000000000000004,18,40,1.5,4.0,1.0,0.015,0.5,26.95352642434995,1.3692783637925532,1.228203382967545,10.836888230257035,113,31,82,27.43362831858407,9994.130000000001,7298.83,2695.300000000001,678.52,0,0,31.608283465800053,2.341694080692744,2.947577015574006,4.7723165348191365,49,17,32,34.69387755102041,5516.68,2355.85,3160.8300000000004,284.01,0,0,0.09482485039740016,0.25,-0.0,0.03888888888888889,0.02695352642434995,0.01846391818962766,-0.011922677211090669,
1b_narrow,675,0.4405731501829922,True,80,13,74.0,33.0,21,18,3.4000000000000004,18,39,1.5,4.0,1.0,0.015,0.5,32.89401564899988,1.4600020137438012,1.4790313707685432,10.836888230257035,115,33,82,28.695652173913043,10440.27,7150.8600000000015,3289.409999999999,703.61,0,0,31.901937631000056,2.3232113748636425,2.964323639400258,4.772296366907403,52,18,34,34.61538461538461,5601.1,2410.9299999999994,3190.170000000001,301.51,0,0,0.09570581289300016,0.25,-0.0,0.04126984126984127,0.03289401564899988,0.023000100687190064,-0.0022966203160391893,
1b_narrow,676,0.43195205582115925,True,80,13,74.0,31.0,21,18,3.4000000000000004,18,38,1.5,4.0,1.0,0.015,0.5,29.427411889099858,1.4030336440022189,1.3486611388247467,10.836888230257035,115,32,83,27.82608695652174,10244.18,7301.45,2942.7300000000005,700.87,0,0,32.85419903444999,2.357579388855602,3.034156387467112,4.772296366907403,53,19,34,35.84905660377358,5705.459999999999,2420.05,3285.409999999999,306.87,0,0,0.09856259710334998,0.25,-0.0,0.04206349206349207,0.02942741188909986,0.020151682200110946,-0.008253127434893627,
1b_narrow,677,0.4203907153224784,True,80,14,74.0,31.0,21,18,3.4000000000000004,18,39,1.5,4.0,1.0,0.015,0.5,32.89401564899988,1.4600020137438012,1.4790313707685432,10.836888230257035,115,33,82,28.695652173913043,10440.27,7150.8600000000015,3289.409999999999,703.61,0,0,28.226876530099997,2.0850907609155285,2.650981884658278,6.2393954871785,52,17,35,32.69230769230769,5424.03,2601.3399999999997,2822.69,295.02,0,0,0.0846806295903,0.25,-0.0,0.04126984126984127,0.03289401564899988,0.023000100687190064,-0.011453871873852819,
1b_narrow,678,0.41208345310459155,True,81,13,74.0,32.0,19,18,3.4000000000000004,18,39,1.5,4.0,1.0,0.015,0.5,32.83445024929999,1.4721609072097346,1.4698225483516592,11.464543958962798,110,32,78,29.09090909090909,10237.51,6954.070000000001,3283.4399999999996,663.15,0,0,27.065853965299976,2.117611839225693,2.566358412248798,6.346440493547539,49,16,33,32.6530612244898,5128.389999999999,2421.78,2706.609999999999,277.26,0,0,0.08119756189589993,0.25,-0.0,0.03888888888888889,0.03283445024929999,0.023608045360486732,-0.014445493289983968,
1b_narrow,679,0.4129453624420589,True,80,13,74.0,31.0,21,18,3.4000000000000004,18,40,1.5,3.9,1.0,0.015,0.5,25.924104337199932,1.3433390281695736,1.1944334786140396,10.9463217295928,119,33,86,27.73109243697479,10143.15,7550.7,2592.45,714.16,0,0,30.57645923345002,2.289726209406991,2.866351093350882,4.771331072728079,51,18,33,35.294117647058826,5428.46,2370.79,3057.67,293.43,0,0,0.09172937770035006,0.25,-0.0,0.04047619047619048,0.025924104337199935,0.01716695140847868,-0.012351261480160232,
1b_narrow,680,0.4418564202367972,True,80,13,74.0,31.0,21,18,3.4000000000000004,18,39,1.5,4.0,1.0,0.015,0.5,32.89401564899988,1.4600020137438012,1.4790313707685432,10.836888230257035,115,33,82,28.695652173913043,10440.27,7150.8600000000015,3289.409999999999,703.61,0,0,32.29113870955002,2.358958819939818,2.9957207095520952,4.772296366907403,51,18,33,35.294117647058826,5605.239999999999,2376.15,3229.089999999999,295.46,0,0,0.09687341612865007,0.25,-0.0,0.04047619047619048,0.03289401564899988,0.023000100687190064,-0.0013873027042332726,
1b_narrow,681,0.4243147780020334,True,80,13,74.0,32.0,21,19,3.4000000000000004,18,39,1.5,4.0,1.0,0.015,0.5,33.60459671859988,1.4893230065365188,1.5318344817380591,10.806111329638732,109,32,77,29.357798165137616,10228.03,6867.57,3360.460000000001,677.08,0,0,28.96419051364999,2.217386370323047,2.7502099269587217,4.772296366907403,51,17,34,33.333333333333336,5275.65,2379.22,2896.43,291.76,0,0,0.08689257154094997,0.25,-0.0,0.04047619047619048,0.03360459671859988,0.024466150326825944,-0.011124731060532885,
1b_narrow,682,0.4364141337675574,True,81,13,74.0,32.0,21,18,3.4000000000000004,18,39,1.5,4.0,1.0,0.015,0.5,32.85671337194988,1.4690998803571578,1.48061502291395,10.836888230257035,111,32,79,28.82882882882883,10289.84,7004.180000000002,3285.659999999998,679.18,0,0,31.329575783550005,2.3160198436535175,2.9240148421124172,4.7723165348191365,50,17,33,34.0,5513.54,2380.6099999999997,3132.9300000000003,290.13,0,0,0.09398872735065002,0.25,-0.0,0.03968253968253968,0.03285671337194988,0.02345499401785789,-0.0035688406554400874,
1b_narrow,683,0.43195205582115925,True,80,13,74.0,31.0,21,18,3.4000000000000004,18,38,1.5,4.0,1.0,0.015,0.5,29.427411889099858,1.4030336440022189,1.3486611388247467,10.836888230257035,115,32,83,27.82608695652174,10244.18,7301.45,2942.7300000000005,700.87,0,0,32.85419903444999,2.357579388855602,3.034156387467112,4.772296366907403,53,19,34,35.84905660377358,5705.459999999999,2420.05,3285.409999999999,306.87,0,0,0.09856259710334998,0.25,-0.0,0.04206349206349207,0.02942741188909986,0.020151682200110946,-0.008253127434893627,
1b_narrow,684,0.40033484116906354,True,80,13,74.0,31.0,21,18,3.4000000000000004,17,39,1.5,3.9,1.0,0.015,0.5,22.747070462999837,1.3260167600407609,1.1507149745500211,10.94827546284711,117,33,84,28.205128205128204,9252.029999999999,6977.309999999999,2274.7200000000003,674.77,0,0,32.22199863190004,2.395568414122865,3.004162447670549,4.771331072728079,51,19,32,37.254901960784316,5531.08,2308.88,3222.2,293.29,0,0,0.09666599589570013,0.25,-0.0,0.04047619047619048,0.022747070462999838,0.016300838002038045,-0.025855253667864928,
1b_narrow,685,0.4418564202367972,True,80,13,74.0,31.0,21,18,3.4000000000000004,18,39,1.5,4.0,1.0,0.015,0.5,32.89401564899988,1.4600020137438012,1.4790313707685432,10.836888230257035,115,33,82,28.695652173913043,10440.27,7150.8600000000015,3289.409999999999,703.61,0,0,32.29113870955002,2.358958819939818,2.9957207095520952,4.772296366907403,51,18,33,35.294117647058826,5605.239999999999,2376.15,3229.089999999999,295.46,0,0,0.09687341612865007,0.25,-0.0,0.04047619047619048,0.03289401564899988,0.023000100687190064,-0.0013873027042332726,
1b_narrow,686,0.40571494755481224,True,80,13,74.0,31.0,21,18,3.4000000000000004,18,40,1.5,3.2,1.0,0.015,0.5,22.945548032899985,1.32665379731338,1.166802417975821,11.71719433628776,125,39,86,31.2,9318.999999999998,7024.44,2294.5599999999986,714.5600000000001,0,0,29.205639588699977,2.183657092369608,3.2140383174866054,4.847735053117443,59,23,36,38.983050847457626,5387.89,2467.37,2920.5200000000004,336.23,0,0,0.08761691876609994,0.25,-0.0,0.046825396825396826,0.022945548032899984,0.016332689865669003,-0.018005605935253494,
1b_narrow,687,0.4377133809310491,True,81,13,74.0,31.0,21,18,3.4000000000000004,18,39,1.5,4.0,1.0,0.015,0.5,32.85671337194988,1.4690998803571578,1.48061502291395,10.836888230257035,111,32,79,28.82882882882883,10289.84,7004.180000000002,3285.659999999998,679.18,0,0,31.718725477250047,2.3520851183549243,2.955560604382789,4.7723165348191365,49,17,32,34.69387755102041,5517.78,2345.91,3171.87,284.11,0,0,0.09515617643175014,0.25,-0.0,0.03888888888888889,0.03285671337194988,0.02345499401785789,-0.0026433917793977158,
1b_narrow,688,0.44083417963736027,True,80,13,74.0,31.0,20,18,3.4000000000000004,18,39,1.5,4.0,1.0,0.015,0.5,31.99409230969983,1.443671883992051,1.4353244264507792,10.837410684221727,115,33,82,28.695652173913043,10410.65,7211.2300000000005,3199.419999999999,696.25,0,0,32.29113870955002,2.358958819939818,2.9957207095520952,4.772296366907403,51,18,33,35.294117647058826,5605.239999999999,2376.15,3229.089999999999,295.46,0,0,0.09687341612865007,0.25,-0.0,0.04047619047619048,0.03199409230969983,0.022183594199602554,-0.0006931134767826523,
1b_narrow,689,0.4285690819900511,True,80,13,74.0,32.0,20,18,3.4000000000000004,18,38,1.5,4.0,1.0,0.015,0.5,28.549722603599804,1.3878630369985951,1.305893050744945,10.837410684221727,115,32,83,27.82608695652174,10215.81,7360.82,2854.99,693.51,0,0,32.464246178699995,2.322472889627584,3.002749617207945,4.772296366907403,54,19,35,35.18518518518518,5701.160000000001,2454.78,3246.3800000000006,312.87,0,0,0.09739273853609999,0.25,-0.0,0.04285714285714286,0.028549722603599805,0.01939315184992976,-0.009623673856721306,
1b_narrow,690,0.36488234843512135,True,80,13,74.0,32.0,20,18,3.4000000000000004,18,37,1.5,4.0,1.0,0.015,0.5,15.815465244999832,1.2153617595513972,0.8138687804559509,11.750598081467398,119,31,88,26.050420168067227,8925.240000000002,7343.6900000000005,1581.550000000001,663.79,0,0,33.03946903925009,2.3669409725239032,3.0482038283405624,4.772296366907403,53,19,34,35.84905660377358,5720.92,2417.01,3303.91,308.61,0,0,0.09911840711775027,0.25,-0.0,0.04206349206349207,0.015815465244999834,0.010768087977569863,-0.05288310396869068,
1b_narrow,691,0.4418564202367972,True,80,13,74.0,31.0,21,18,3.4000000000000004,18,39,1.5,4.0,1.0,0.015,0.5,32.89401564899988,1.4600020137438012,1.4790313707685432,10.836888230257035,115,33,82,28.695652173913043,10440.27,7150.8600000000015,3289.409999999999,703.61,0,0,32.29113870955002,2.358958819939818,2.9957207095520952,4.772296366907403,51,18,33,35.294117647058826,5605.239999999999,2376.15,3229.089999999999,295.46,0,0,0.09687341612865007,0.25,-0.0,0.04047619047619048,0.03289401564899988,0.023000100687190064,-0.0013873027042332726,
1b_narrow,692,0.43805830119127803,True,81,13,74.0,31.0,20,18,3.4000000000000004,18,39,1.5,4.0,1.0,0.015,0.5,31.950365571499916,1.452171968626962,1.43652426324555,10.837410684221727,111,32,79,28.82882882882883,10260.96,7065.940000000001,3195.0199999999977,671.97,0,0,31.718725477250047,2.3520851183549243,2.955560604382789,4.7723165348191365,49,17,32,34.69387755102041,5517.78,2345.91,3171.87,284.11,0,0,0.09515617643175014,0.25,-0.0,0.03888888888888889,0.03195036557149992,0.022608598431348104,-0.0005457281322090197,
1b_narrow,693,0.44093700169431066,True,80,13,74.0,32.0,20,18,3.4000000000000004,18,39,1.5,4.0,1.0,0.015,0.5,31.99409230969983,1.443671883992051,1.4353244264507792,10.837410684221727,115,33,82,28.695652173913043,10410.65,7211.2300000000005,3199.419999999999,696.25,0,0,31.901937631000056,2.3232113748636425,2.964323639400258,4.772296366907403,52,18,34,34.61538461538461,5601.1,2410.9299999999994,3190.170000000001,301.51,0,0,0.09570581289300016,0.25,-0.0,0.04126984126984127,0.03199409230969983,0.022183594199602554,-0.0002163389778331313,
1b_narrow,694,0.44093700169431066,True,80,13,74.0,32.0,20,18,3.4000000000000004,18,39,1.5,4.0,1.0,0.015,0.5,31.99409230969983,1.443671883992051,1.4353244264507792,10.837410684221727,115,33,82,28.695652173913043,10410.65,7211.2300000000005,3199.419999999999,696.25,0,0,31.901937631000056,2.3232113748636425,2.964323639400258,4.772296366907403,52,18,34,34.61538461538461,5601.1,2410.9299999999994,3190.170000000001,301.51,0,0,0.09570581289300016,0.25,-0.0,0.04126984126984127,0.03199409230969983,0.022183594199602554,-0.0002163389778331313,
1b_narrow,695,0.4337300531105082,True,82,13,74.0,34.0,20,18,3.4000000000000004,18,39,1.5,4.0,1.0,0.015,0.5,36.24392909834984,1.4944752549541254,1.5824249912885868,10.330934348469277,113,33,80,29.20353982300885,10954.130000000001,7329.75,3624.380000000001,702.24,0,1,31.329575783550005,2.3160198436535175,2.9240148421124172,4.7723165348191365,50,17,33,34.0,5513.54,2380.6099999999997,3132.9300000000003,290.13,0,0,0.09398872735065002,0.25,-0.0,0.03968253968253968,0.036243929098349836,0.024723762747706268,-0.01090890576873759,
1b_narrow,696,0.4078565861611624,True,81,13,74.0,32.0,20,18,3.4000000000000004,18,40,1.5,3.9,1.0,0.015,0.5,25.05447613689994,1.3353176727553056,1.1552858263815784,10.947925619382733,115,32,83,27.82608695652174,9977.28,7471.839999999999,2505.4400000000014,683.85,0,0,29.659494248549983,2.2486296698577886,2.79630846150997,4.771743560462518,50,17,33,34.0,5341.259999999999,2375.34,2965.919999999999,288.14,0,0,0.08897848274564994,0.25,-0.0,0.03968253968253968,0.025054476136899942,0.016765883637765277,-0.012624796041692457,
1b_narrow,697,0.44093700169431066,True,80,13,74.0,32.0,20,18,3.4000000000000004,18,39,1.5,4.0,1.0,0.015,0.5,31.99409230969983,1.443671883992051,1.4353244264507792,10.837410684221727,115,33,82,28.695652173913043,10410.65,7211.2300000000005,3199.419999999999,696.25,0,0,31.901937631000056,2.3232113748636425,2.964323639400258,4.772296366907403,52,18,34,34.61538461538461,5601.1,2410.9299999999994,3190.170000000001,301.51,0,0,0.09570581289300016,0.25,-0.0,0.04126984126984127,0.03199409230969983,0.022183594199602554,-0.0002163389778331313,
1b_narrow,698,0.4285690819900511,True,80,13,74.0,33.0,20,18,3.4000000000000004,18,38,1.5,4.0,1.0,0.015,0.5,28.549722603599804,1.3878630369985951,1.305893050744945,10.837410684221727,115,32,83,27.82608695652174,10215.81,7360.82,2854.99,693.51,0,0,32.464246178699995,2.322472889627584,3.002749617207945,4.772296366907403,54,19,35,35.18518518518518,5701.160000000001,2454.78,3246.3800000000006,312.87,0,0,0.09739273853609999,0.25,-0.0,0.04285714285714286,0.028549722603599805,0.01939315184992976,-0.009623673856721306,
1b_narrow,699,0.44093700169431066,True,80,13,74.0,33.0,20,18,3.4000000000000004,18,39,1.5,4.0,1.0,0.015,0.5,31.99409230969983,1.443671883992051,1.4353244264507792,10.837410684221727,115,33,82,28.695652173913043,10410.65,7211.2300000000005,3199.419999999999,696.25,0,0,31.901937631000056,2.3232113748636425,2.964323639400258,4.772296366907403,52,18,34,34.61538461538461,5601.1,2410.9299999999994,3190.170000000001,301.51,0,0,0.09570581289300016,0.25,-0.0,0.04126984126984127,0.03199409230969983,0.022183594199602554,-0.0002163389778331313,
1b_narrow,700,0.44093700169431066,True,80,13,74.0,32.0,20,18,3.4000000000000004,18,39,1.5,4.0,1.0,0.015,0.5,31.99409230969983,1.443671883992051,1.4353244264507792,10.837410684221727,115,33,82,28.695652173913043,10410.65,7211.2300000000005,3199.419999999999,696.25,0,0,31.901937631000056,2.3232113748636425,2.964323639400258,4.772296366907403,52,18,34,34.61538461538461,5601.1,2410.9299999999994,3190.170000000001,301.51,0,0,0.09570581289300016,0.25,-0.0,0.04126984126984127,0.03199409230969983,0.022183594199602554,-0.0002163389778331313,
1b_narrow,701,0.44093700169431066,True,80,13,74.0,33.0,20,18,3.4000000000000004,18,39,1.5,4.0,1.0,0.015,0.5,31.99409230969983,1.443671883992051,1.4353244264507792,10.837410684221727,115,33,82,28.695652173913043,10410.65,7211.2300000000005,3199.419999999999,696.25,0,0,31.901937631000056,2.3232113748636425,2.964323639400258,4.772296366907403,52,18,34,34.61538461538461,5601.1,2410.9299999999994,3190.170000000001,301.51,0,0,0.09570581289300016,0.25,-0.0,0.04126984126984127,0.03199409230969983,0.022183594199602554,-0.0002163389778331313,
1b_narrow,702,0.44093700169431066,True,80,13,74.0,33.0,20,18,3.4000000000000004,18,39,1.5,4.0,1.0,0.015,0.5,31.99409230969983,1.443671883992051,1.4353244264507792,10.837410684221727,115,33,82,28.695652173913043,10410.65,7211.2300000000005,3199.419999999999,696.25,0,0,31.901937631000056,2.3232113748636425,2.964323639400258,4.772296366907403,52,18,34,34.61538461538461,5601.1,2410.9299999999994,3190.170000000001,301.51,0,0,0.09570581289300016,0.25,-0.0,0.04126984126984127,0.03199409230969983,0.022183594199602554,-0.0002163389778331313,
1b_narrow,703,0.44093700169431066,True,80,13,74.0,33.0,20,18,3.4000000000000004,18,39,1.5,4.0,1.0,0.015,0.5,31.99409230969983,1.443671883992051,1.4353244264507792,10.837410684221727,115,33,82,28.695652173913043,10410.65,7211.2300000000005,3199.419999999999,696.25,0,0,31.901937631000056,2.3232113748636425,2.964323639400258,4.772296366907403,52,18,34,34.61538461538461,5601.1,2410.9299999999994,3190.170000000001,301.51,0,0,0.09570581289300016,0.25,-0.0,0.04126984126984127,0.03199409230969983,0.022183594199602554,-0.0002163389778331313,
1b_narrow,704,0.44093700169431066,True,80,13,74.0,33.0,20,18,3.4000000000000004,18,39,1.5,4.0,1.0,0.015,0.5,31.99409230969983,1.443671883992051,1.4353244264507792,10.837410684221727,115,33,82,28.695652173913043,10410.65,7211.2300000000005,3199.419999999999,696.25,0,0,31.901937631000056,2.3232113748636425,2.964323639400258,4.772296366907403,52,18,34,34.61538461538461,5601.1,2410.9299999999994,3190.170000000001,301.51,0,0,0.09570581289300016,0.25,-0.0,0.04126984126984127,0.03199409230969983,0.022183594199602554,-0.0002163389778331313,
1b_narrow,705,0.4137387550769049,True,81,13,74.0,33.0,20,18,3.4000000000000004,18,40,1.5,4.0,1.0,0.015,0.5,26.09159495709999,1.354538759226446,1.1874586335606006,10.837410684221727,113,31,82,27.43362831858407,9968.43,7359.280000000001,2609.1499999999996,671.58,0,0,31.22017905920002,2.3059634063700023,2.9159656863960834,4.7723165348191365,50,17,33,34.0,5512.59,2390.58,3122.01,290.05,0,0,0.09366053717760006,0.25,-0.0,0.03968253968253968,0.026091594957099992,0.017726937961322298,-0.013422854701657152,
1b_narrow,706,0.4327663312640735,True,80,13,74.0,34.0,20,18,3.4000000000000004,18,39,1.5,3.9,1.0,0.015,0.5,30.817963382249946,1.4208866637167659,1.4011621132402334,10.947925619382733,117,34,83,29.05982905982906,10404.13,7322.28,3081.8499999999995,708.26,0,0,30.30098913655,2.2649609043963244,2.8428890347519267,4.771331072728079,52,18,34,34.61538461538461,5425.51,2395.4100000000003,3030.1,299.54,0,0,0.09090296740965,0.25,-0.0,0.04126984126984127,0.030817963382249947,0.021044333185838295,-0.0012687739835059982,
1b_narrow,707,0.4367586988854306,True,81,13,74.0,33.0,20,18,3.4000000000000004,18,39,1.5,4.0,1.0,0.015,0.5,31.950365571499916,1.452171968626962,1.43652426324555,10.837410684221727,111,32,79,28.82882882882883,10260.96,7065.940000000001,3195.0199999999977,671.97,0,0,31.329575783550005,2.3160198436535175,2.9240148421124172,4.7723165348191365,50,17,33,34.0,5513.54,2380.6099999999997,3132.9300000000003,290.13,0,0,0.09398872735065002,0.25,-0.0,0.03968253968253968,0.03195036557149992,0.022608598431348104,-0.0014715321506070798,
1b_narrow,708,0.44093700169431066,True,80,13,74.0,33.0,20,18,3.4000000000000004,18,39,1.5,4.0,1.0,0.015,0.5,31.99409230969983,1.443671883992051,1.4353244264507792,10.837410684221727,115,33,82,28.695652173913043,10410.65,7211.2300000000005,3199.419999999999,696.25,0,0,31.901937631000056,2.3232113748636425,2.964323639400258,4.772296366907403,52,18,34,34.61538461538461,5601.1,2410.9299999999994,3190.170000000001,301.51,0,0,0.09570581289300016,0.25,-0.0,0.04126984126984127,0.03199409230969983,0.022183594199602554,-0.0002163389778331313,
1b_narrow,709,0.4339692575693524,True,81,13,74.0,33.0,20,18,3.4000000000000004,18,38,1.5,4.0,1.0,0.015,0.5,30.20929105569992,1.4175343154938376,1.3700265052681992,10.837410684221727,112,32,80,28.571428571428573,10255.96,7235.07,3020.8899999999994,677.78,0,0,31.894829096849968,2.315473195357546,2.9627413149089645,4.7723165348191365,52,18,34,34.61538461538461,5614.049999999999,2424.58,3189.4699999999993,301.51,0,0,0.0956844872905499,0.25,-0.0,0.04126984126984127,0.030209291055699923,0.02087671577469188,-0.004071077821430598,
1b_narrow,710,0.4337300531105082,True,82,13,74.0,33.0,20,18,3.4000000000000004,18,39,1.5,4.0,1.0,0.015,0.5,36.24392909834984,1.4944752549541254,1.5824249912885868,10.330934348469277,113,33,80,29.20353982300885,10954.130000000001,7329.75,3624.380000000001,702.24,0,1,31.329575783550005,2.3160198436535175,2.9240148421124172,4.7723165348191365,50,17,33,34.0,5513.54,2380.6099999999997,3132.9300000000003,290.13,0,0,0.09398872735065002,0.25,-0.0,0.03968253968253968,0.036243929098349836,0.024723762747706268,-0.01090890576873759,
1b_narrow,711,0.40041344598058,True,80,13,74.0,33.0,20,18,3.3000000000000003,18,39,1.5,4.0,1.0,0.015,0.5,24.009205258149922,1.3559276554740194,1.179568032081079,10.941829591742236,112,31,81,27.678571428571427,9146.409999999998,6745.5,2400.909999999998,642.5600000000001,0,0,23.76246070165009,2.085450916083884,2.355727213415601,6.918297329990229,48,16,32,33.333333333333336,4565.49,2189.21,2376.2799999999997,269.32,0,0,0.07128738210495028,0.25,-0.0,0.0380952380952381,0.024009205258149924,0.01779638277370097,-0.0007747622514592653,
1b_narrow,712,0.4285690819900511,True,80,13,74.0,33.0,20,18,3.4000000000000004,18,38,1.5,4.0,1.0,0.015,0.5,28.549722603599804,1.3878630369985951,1.305893050744945,10.837410684221727,115,32,83,27.82608695652174,10215.81,7360.82,2854.99,693.51,0,0,32.464246178699995,2.322472889627584,3.002749617207945,4.772296366907403,54,19,35,35.18518518518518,5701.160000000001,2454.78,3246.3800000000006,312.87,0,0,0.09739273853609999,0.25,-0.0,0.04285714285714286,0.028549722603599805,0.01939315184992976,-0.009623673856721306,
1b_narrow,713,0.4078565861611624,True,81,13,74.0,34.0,20,18,3.4000000000000004,18,40,1.5,3.9,1.0,0.015,0.5,25.05447613689994,1.3353176727553056,1.1552858263815784,10.947925619382733,115,32,83,27.82608695652174,9977.28,7471.839999999999,2505.4400000000014,683.85,0,0,29.659494248549983,2.2486296698577886,2.79630846150997,4.771743560462518,50,17,33,34.0,5341.259999999999,2375.34,2965.919999999999,288.14,0,0,0.08897848274564994,0.25,-0.0,0.03968253968253968,0.025054476136899942,0.016765883637765277,-0.012624796041692457,
1b_narrow,714,0.4193946689152348,True,80,13,76.0,34.0,20,18,3.4000000000000004,18,39,1.5,4.0,1.0,0.015,0.5,31.99409230969983,1.443671883992051,1.4353244264507792,10.837410684221727,115,33,82,28.695652173913043,10410.65,7211.2300000000005,3199.419999999999,696.25,0,0,27.84836481864997,2.056820510485211,2.619775318380609,6.2393954871785,53,17,36,32.075471698113205,5420.01,2635.1400000000003,2784.87,300.93,0,0,0.0835450944559499,0.25,-0.0,0.04206349206349207,0.03199409230969983,0.022183594199602554,-0.010391604113509556,
1b_narrow,715,0.42389084840161584,True,80,13,73.0,33.0,20,18,3.4000000000000004,18,39,1.5,4.0,1.0,0.015,0.5,27.74889006789994,1.3938222842277215,1.2994652769811752,10.838037884021876,116,33,83,28.448275862068964,9820.83,7045.970000000001,2774.8599999999988,679.91,0,0,28.753995478800025,2.1586892221890888,2.8975109885265757,5.294927403286824,54,18,36,33.333333333333336,5356.96,2481.5800000000004,2875.3799999999997,312.41,0,0,0.08626198643640008,0.25,-0.0,0.04285714285714286,0.02774889006789994,0.019691114211386074,-0.0026682851712131416,
1b_narrow,716,0.44093700169431066,True,80,13,74.0,33.0,20,18,3.4000000000000004,18,39,1.5,4.0,1.0,0.015,0.5,31.99409230969983,1.443671883992051,1.4353244264507792,10.837410684221727,115,33,82,28.695652173913043,10410.65,7211.2300000000005,3199.419999999999,696.25,0,0,31.901937631000056,2.3232113748636425,2.964323639400258,4.772296366907403,52,18,34,34.61538461538461,5601.1,2410.9299999999994,3190.170000000001,301.51,0,0,0.09570581289300016,0.25,-0.0,0.04126984126984127,0.03199409230969983,0.022183594199602554,-0.0002163389778331313,
1b_narrow,717,0.4285690819900511,True,80,13,74.0,34.0,20,18,3.4000000000000004,18,38,1.5,4.0,1.0,0.015,0.5,28.549722603599804,1.3878630369985951,1.305893050744945,10.837410684221727,115,32,83,27.82608695652174,10215.81,7360.82,2854.99,693.51,0,0,32.464246178699995,2.322472889627584,3.002749617207945,4.772296366907403,54,19,35,35.18518518518518,5701.160000000001,2454.78,3246.3800000000006,312.87,0,0,0.09739273853609999,0.25,-0.0,0.04285714285714286,0.028549722603599805,0.01939315184992976,-0.009623673856721306,
1b_narrow,718,0.4367586988854306,True,81,13,74.0,33.0,20,18,3.4000000000000004,18,39,1.5,4.0,1.0,0.015,0.5,31.950365571499916,1.452171968626962,1.43652426324555,10.837410684221727,111,32,79,28.82882882882883,10260.96,7065.940000000001,3195.0199999999977,671.97,0,0,31.329575783550005,2.3160198436535175,2.9240148421124172,4.7723165348191365,50,17,33,34.0,5513.54,2380.6099999999997,3132.9300000000003,290.13,0,0,0.09398872735065002,0.25,-0.0,0.03968253968253968,0.03195036557149992,0.022608598431348104,-0.0014715321506070798,
1b_narrow,719,0.4155441970544468,True,80,13,74.0,33.0,20,18,3.4000000000000004,18,40,1.5,4.0,1.0,0.015,0.5,26.13223887029997,1.3484801002820432,1.1868561920923033,10.837410684221727,117,32,85,27.35042735042735,10112.05,7498.849999999999,2613.2,695.02,0,0,31.789844006950062,2.313086795071438,2.9561437004263063,4.772296366907403,52,18,34,34.61538461538461,5599.960000000001,2420.99,3178.970000000001,301.43,0,0,0.09536953202085019,0.25,-0.0,0.04126984126984127,0.026132238870299973,0.017424005014102163,-0.014651420120646817,
1b_narrow,720,0.4286707631017066,True,81,13,74.0,33.0,20,18,3.4000000000000004,18,39,1.5,3.9,1.0,0.015,0.5,30.82150766344994,1.4293836313964456,1.4040473648856748,10.947925619382733,113,33,80,29.20353982300885,10260.130000000001,7178.01,3082.120000000001,684.12,0,0,29.768304056299932,2.258417846468626,2.8044246454495205,4.771743560462518,50,17,33,34.0,5342.3099999999995,2365.51,2976.7999999999993,288.2,0,0,0.0893049121688998,0.25,-0.0,0.03968253968253968,0.03082150766344994,0.021469181569822283,-0.0026073779830051128,
1b_narrow,721,0.44093700169431066,True,80,13,74.0,32.0,20,18,3.4000000000000004,18,39,1.5,4.0,1.0,0.015,0.5,31.99409230969983,1.443671883992051,1.4353244264507792,10.837410684221727,115,33,82,28.695652173913043,10410.65,7211.2300000000005,3199.419999999999,696.25,0,0,31.901937631000056,2.3232113748636425,2.964323639400258,4.772296366907403,52,18,34,34.61538461538461,5601.1,2410.9299999999994,3190.170000000001,301.51,0,0,0.09570581289300016,0.25,-0.0,0.04126984126984127,0.03199409230969983,0.022183594199602554,-0.0002163389778331313,
1b_narrow,722,0.38604900191264857,True,80,13,74.0,35.0,20,18,3.4000000000000004,18,39,1.6,4.0,1.0,0.015,0.5,19.909917893649855,1.2986004673107436,0.9998562596970839,9.622302340161514,108,30,78,27.77777777777778,8658.99,6667.94,1991.0500000000002,609.67,0,0,34.33250412499998,2.528295503612334,3.179508167310785,4.772296366907403,48,18,30,37.5,5679.74,2246.47,3433.27,279.09,0,0,0.10299751237499993,0.25,-0.0,0.0380952380952381,0.019909917893649855,0.014930023365537183,-0.039883689816776514,
1b_narrow,723,0.4285690819900511,True,80,13,74.0,33.0,20,18,3.4000000000000004,18,38,1.5,4.0,1.0,0.015,0.5,28.549722603599804,1.3878630369985951,1.305893050744945,10.837410684221727,115,32,83,27.82608695652174,10215.81,7360.82,2854.99,693.51,0,0,32.464246178699995,2.322472889627584,3.002749617207945,4.772296366907403,54,19,35,35.18518518518518,5701.160000000001,2454.78,3246.3800000000006,312.87,0,0,0.09739273853609999,0.25,-0.0,0.04285714285714286,0.028549722603599805,0.01939315184992976,-0.009623673856721306,
1b_narrow,724,0.3795885774765793,True,81,13,74.0,33.0,20,18,3.4000000000000004,18,40,1.4000000000000001,4.0,1.0,0.015,0.5,18.926416833449984,1.242890637933623,0.8960657057465611,12.585716794248224,119,31,88,26.050420168067227,9684.839999999998,7792.1900000000005,1892.6499999999978,683.45,0,0,30.614234503199967,2.2614892678926832,2.8718233248805154,4.7723165348191365,53,18,35,33.9622641509434,5488.25,2426.83,3061.42,306.2,0,0,0.0918427035095999,0.25,-0.0,0.04206349206349207,0.018926416833449988,0.012144531896681155,-0.0353885668266438,
1b_narrow,725,0.4367586988854306,True,81,13,74.0,34.0,20,18,3.4000000000000004,18,39,1.5,4.0,1.0,0.015,0.5,31.950365571499916,1.452171968626962,1.43652426324555,10.837410684221727,111,32,79,28.82882882882883,10260.96,7065.940000000001,3195.0199999999977,671.97,0,0,31.329575783550005,2.3160198436535175,2.9240148421124172,4.7723165348191365,50,17,33,34.0,5513.54,2380.6099999999997,3132.9300000000003,290.13,0,0,0.09398872735065002,0.25,-0.0,0.03968253968253968,0.03195036557149992,0.022608598431348104,-0.0014715321506070798,
1b_narrow,726,0.44093700169431066,True,80,13,74.0,33.0,20,18,3.4000000000000004,18,39,1.5,4.0,1.0,0.015,0.5,31.99409230969983,1.443671883992051,1.4353244264507792,10.837410684221727,115,33,82,28.695652173913043,10410.65,7211.2300000000005,3199.419999999999,696.25,0,0,31.901937631000056,2.3232113748636425,2.964323639400258,4.772296366907403,52,18,34,34.61538461538461,5601.1,2410.9299999999994,3190.170000000001,301.51,0,0,0.09570581289300016,0.25,-0.0,0.04126984126984127,0.03199409230969983,0.022183594199602554,-0.0002163389778331313,
1b_narrow,727,0.44093700169431066,True,80,13,74.0,34.0,20,18,3.4000000000000004,18,39,1.5,4.0,1.0,0.015,0.5,31.99409230969983,1.443671883992051,1.4353244264507792,10.837410684221727,115,33,82,28.695652173913043,10410.65,7211.2300000000005,3199.419999999999,696.25,0,0,31.901937631000056,2.3232113748636425,2.964323639400258,4.772296366907403,52,18,34,34.61538461538461,5601.1,2410.9299999999994,3190.170000000001,301.51,0,0,0.09570581289300016,0.25,-0.0,0.04126984126984127,0.03199409230969983,0.022183594199602554,-0.0002163389778331313,
1b_narrow,728,0.4216573946762733,True,80,13,75.0,32.0,20,18,3.4000000000000004,18,39,1.5,3.9,1.0,0.015,0.5,30.817963382249946,1.4208866637167659,1.4011621132402334,10.947925619382733,117,34,83,29.05982905982906,10404.13,7322.28,3081.8499999999995,708.26,0,0,28.302495008750046,2.137517483079594,2.6664376012804496,5.336060105327143,52,17,35,32.69230769230769,5318.4,2488.1200000000003,2830.2799999999993,298.2,0,0,0.08490748502625013,0.25,-0.0,0.04126984126984127,0.030817963382249947,0.021044333185838295,-0.006382228187906355,
1b_narrow,729,0.4339692575693524,True,81,13,74.0,32.0,20,18,3.4000000000000004,18,38,1.5,4.0,1.0,0.015,0.5,30.20929105569992,1.4175343154938376,1.3700265052681992,10.837410684221727,112,32,80,28.571428571428573,10255.96,7235.07,3020.8899999999994,677.78,0,0,31.894829096849968,2.315473195357546,2.9627413149089645,4.7723165348191365,52,18,34,34.61538461538461,5614.049999999999,2424.58,3189.4699999999993,301.51,0,0,0.0956844872905499,0.25,-0.0,0.04126984126984127,0.030209291055699923,0.02087671577469188,-0.004071077821430598,
1b_narrow,730,0.4155441970544468,True,80,13,74.0,32.0,20,18,3.4000000000000004,18,40,1.5,4.0,1.0,0.015,0.5,26.13223887029997,1.3484801002820432,1.1868561920923033,10.837410684221727,117,32,85,27.35042735042735,10112.05,7498.849999999999,2613.2,695.02,0,0,31.789844006950062,2.313086795071438,2.9561437004263063,4.772296366907403,52,18,34,34.61538461538461,5599.960000000001,2420.99,3178.970000000001,301.43,0,0,0.09536953202085019,0.25,-0.0,0.04126984126984127,0.026132238870299973,0.017424005014102163,-0.014651420120646817,
1b_narrow,731,0.4367586988854306,True,81,13,74.0,32.0,20,18,3.4000000000000004,18,39,1.5,4.0,1.0,0.015,0.5,31.950365571499916,1.452171968626962,1.43652426324555,10.837410684221727,111,32,79,28.82882882882883,10260.96,7065.940000000001,3195.0199999999977,671.97,0,0,31.329575783550005,2.3160198436535175,2.9240148421124172,4.7723165348191365,50,17,33,34.0,5513.54,2380.6099999999997,3132.9300000000003,290.13,0,0,0.09398872735065002,0.25,-0.0,0.03968253968253968,0.03195036557149992,0.022608598431348104,-0.0014715321506070798,
1b_narrow,732,0.44093700169431066,True,80,13,74.0,33.0,20,18,3.4000000000000004,18,39,1.5,4.0,1.0,0.015,0.5,31.99409230969983,1.443671883992051,1.4353244264507792,10.837410684221727,115,33,82,28.695652173913043,10410.65,7211.2300000000005,3199.419999999999,696.25,0,0,31.901937631000056,2.3232113748636425,2.964323639400258,4.772296366907403,52,18,34,34.61538461538461,5601.1,2410.9299999999994,3190.170000000001,301.51,0,0,0.09570581289300016,0.25,-0.0,0.04126984126984127,0.03199409230969983,0.022183594199602554,-0.0002163389778331313,
1b_narrow,733,0.4224687836741671,True,80,13,74.0,32.0,20,18,3.4000000000000004,18,38,1.5,3.9,1.0,0.015,0.5,27.449273904299954,1.3674144369637669,1.2724541733821308,10.947925619382733,117,33,84,28.205128205128204,10216.089999999998,7471.099999999999,2744.989999999999,705.58,0,0,30.835218926550006,2.264210276005707,2.879902271689687,4.771331072728079,54,19,35,35.18518518518518,5522.59,2439.08,3083.51,310.8,0,0,0.09250565677965002,0.25,-0.0,0.04285714285714286,0.027449273904299954,0.018370721848188342,-0.008714011715114057,
1b_narrow,734,0.44093700169431066,True,80,13,74.0,32.0,20,18,3.4000000000000004,18,39,1.5,4.0,1.0,0.015,0.5,31.99409230969983,1.443671883992051,1.4353244264507792,10.837410684221727,115,33,82,28.695652173913043,10410.65,7211.2300000000005,3199.419999999999,696.25,0,0,31.901937631000056,2.3232113748636425,2.964323639400258,4.772296366907403,52,18,34,34.61538461538461,5601.1,2410.9299999999994,3190.170000000001,301.51,0,0,0.09570581289300016,0.25,-0.0,0.04126984126984127,0.03199409230969983,0.022183594199602554,-0.0002163389778331313,
1b_narrow,735,0.4137387550769049,True,81,13,74.0,33.0,20,18,3.4000000000000004,18,40,1.5,4.0,1.0,0.015,0.5,26.09159495709999,1.354538759226446,1.1874586335606006,10.837410684221727,113,31,82,27.43362831858407,9968.43,7359.280000000001,2609.1499999999996,671.58,0,0,31.22017905920002,2.3059634063700023,2.9159656863960834,4.7723165348191365,50,17,33,34.0,5512.59,2390.58,3122.01,290.05,0,0,0.09366053717760006,0.25,-0.0,0.03968253968253968,0.026091594957099992,0.017726937961322298,-0.013422854701657152,
1b_narrow,736,0.44093700169431066,True,80,13,74.0,34.0,20,18,3.4000000000000004,18,39,1.5,4.0,1.0,0.015,0.5,31.99409230969983,1.443671883992051,1.4353244264507792,10.837410684221727,115,33,82,28.695652173913043,10410.65,7211.2300000000005,3199.419999999999,696.25,0,0,31.901937631000056,2.3232113748636425,2.964323639400258,4.772296366907403,52,18,34,34.61538461538461,5601.1,2410.9299999999994,3190.170000000001,301.51,0,0,0.09570581289300016,0.25,-0.0,0.04126984126984127,0.03199409230969983,0.022183594199602554,-0.0002163389778331313,
1b_narrow,737,0.44093700169431066,True,80,13,74.0,33.0,20,18,3.4000000000000004,18,39,1.5,4.0,1.0,0.015,0.5,31.99409230969983,1.443671883992051,1.4353244264507792,10.837410684221727,115,33,82,28.695652173913043,10410.65,7211.2300000000005,3199.419999999999,696.25,0,0,31.901937631000056,2.3232113748636425,2.964323639400258,4.772296366907403,52,18,34,34.61538461538461,5601.1,2410.9299999999994,3190.170000000001,301.51,0,0,0.09570581289300016,0.25,-0.0,0.04126984126984127,0.03199409230969983,0.022183594199602554,-0.0002163389778331313,
1b_narrow,738,0.41665056324718747,True,81,13,74.0,32.0,20,18,3.4000000000000004,18,38,1.5,2.9,1.0,0.015,0.5,25.008638670949967,1.3570343551555573,1.324525013349047,10.921968775202762,126,42,84,33.333333333333336,9505.32,7004.480000000001,2500.8399999999983,736.65,0,0,29.564338360049952,2.2490082508459963,3.3626095238687,4.750803071040145,60,26,34,43.333333333333336,5323.469999999999,2367.03,2956.439999999999,344.52,0,0,0.08869301508014986,0.25,-0.0,0.047619047619047616,0.02500863867094997,0.017851717757777864,-0.012521855880737844,
1b_narrow,739,0.44093700169431066,True,80,13,74.0,32.0,20,18,3.4000000000000004,18,39,1.5,4.0,1.0,0.015,0.5,31.99409230969983,1.443671883992051,1.4353244264507792,10.837410684221727,115,33,82,28.695652173913043,10410.65,7211.2300000000005,3199.419999999999,696.25,0,0,31.901937631000056,2.3232113748636425,2.964323639400258,4.772296366907403,52,18,34,34.61538461538461,5601.1,2410.9299999999994,3190.170000000001,301.51,0,0,0.09570581289300016,0.25,-0.0,0.04126984126984127,0.03199409230969983,0.022183594199602554,-0.0002163389778331313,
1b_narrow,740,0.43494496219549045,True,82,13,74.0,32.0,20,18,3.4000000000000004,18,40,1.5,4.0,1.0,0.015,0.5,31.147538940399812,1.4125810489505857,1.3678582347210144,10.330536701720948,114,32,82,28.07017543859649,10664.21,7549.45,3114.7599999999993,696.43,0,1,31.22017905920002,2.3059634063700023,2.9159656863960834,4.7723165348191365,50,17,33,34.0,5512.59,2390.58,3122.01,290.05,0,0,0.09366053717760006,0.25,-0.0,0.03968253968253968,0.031147538940399812,0.020629052447529286,-0.00017470605257837398,
1b_narrow,741,0.44093700169431066,True,80,13,74.0,33.0,20,18,3.4000000000000004,18,39,1.5,4.0,1.0,0.015,0.5,31.99409230969983,1.443671883992051,1.4353244264507792,10.837410684221727,115,33,82,28.695652173913043,10410.65,7211.2300000000005,3199.419999999999,696.25,0,0,31.901937631000056,2.3232113748636425,2.964323639400258,4.772296366907403,52,18,34,34.61538461538461,5601.1,2410.9299999999994,3190.170000000001,301.51,0,0,0.09570581289300016,0.25,-0.0,0.04126984126984127,0.03199409230969983,0.022183594199602554,-0.0002163389778331313,
1b_narrow,742,0.3732798934480825,True,80,11,74.0,36.0,20,18,3.4000000000000004,20,39,1.5,4.0,1.0,0.015,0.5,33.70464897679983,1.4681520434695645,1.5129810527118002,10.46179267016163,113,33,80,29.20353982300885,10569.99,7199.52,3370.4699999999993,688.21,0,0,22.444469894199955,1.9505819370796413,2.3958001972246663,4.8935328414646975,52,17,35,32.69230769230769,4605.48,2361.08,2244.3999999999996,289.89,0,0,0.06733340968259986,0.23764548426991033,-0.0,0.04126984126984127,0.03370464897679983,0.023407602173478228,-0.030081092924547023,
1b_narrow,743,0.4286707631017066,True,81,13,74.0,32.0,20,18,3.4000000000000004,18,39,1.5,3.9,1.0,0.015,0.5,30.82150766344994,1.4293836313964456,1.4040473648856748,10.947925619382733,113,33,80,29.20353982300885,10260.130000000001,7178.01,3082.120000000001,684.12,0,0,29.768304056299932,2.258417846468626,2.8044246454495205,4.771743560462518,50,17,33,34.0,5342.3099999999995,2365.51,2976.7999999999993,288.2,0,0,0.0893049121688998,0.25,-0.0,0.03968253968253968,0.03082150766344994,0.021469181569822283,-0.0026073779830051128,
1b_narrow,744,0.4285690819900511,True,80,13,74.0,33.0,20,18,3.4000000000000004,18,38,1.5,4.0,1.0,0.015,0.5,28.549722603599804,1.3878630369985951,1.305893050744945,10.837410684221727,115,32,83,27.82608695652174,10215.81,7360.82,2854.99,693.51,0,0,32.464246178699995,2.322472889627584,3.002749617207945,4.772296366907403,54,19,35,35.18518518518518,5701.160000000001,2454.78,3246.3800000000006,312.87,0,0,0.09739273853609999,0.25,-0.0,0.04285714285714286,0.028549722603599805,0.01939315184992976,-0.009623673856721306,
1b_narrow,745,0.44093700169431066,True,80,13,74.0,32.0,20,18,3.4000000000000004,18,39,1.5,4.0,1.0,0.015,0.5,31.99409230969983,1.443671883992051,1.4353244264507792,10.837410684221727,115,33,82,28.695652173913043,10410.65,7211.2300000000005,3199.419999999999,696.25,0,0,31.901937631000056,2.3232113748636425,2.964323639400258,4.772296366907403,52,18,34,34.61538461538461,5601.1,2410.9299999999994,3190.170000000001,301.51,0,0,0.09570581289300016,0.25,-0.0,0.04126984126984127,0.03199409230969983,0.022183594199602554,-0.0002163389778331313,
1b_narrow,746,0.4078565861611624,True,81,13,74.0,32.0,20,18,3.4000000000000004,18,40,1.5,3.9,1.0,0.015,0.5,25.05447613689994,1.3353176727553056,1.1552858263815784,10.947925619382733,115,32,83,27.82608695652174,9977.28,7471.839999999999,2505.4400000000014,683.85,0,0,29.659494248549983,2.2486296698577886,2.79630846150997,4.771743560462518,50,17,33,34.0,5341.259999999999,2375.34,2965.919999999999,288.14,0,0,0.08897848274564994,0.25,-0.0,0.03968253968253968,0.025054476136899942,0.016765883637765277,-0.012624796041692457,
1b_narrow,747,0.44093700169431066,True,80,13,74.0,34.0,20,18,3.4000000000000004,18,39,1.5,4.0,1.0,0.015,0.5,31.99409230969983,1.443671883992051,1.4353244264507792,10.837410684221727,115,33,82,28.695652173913043,10410.65,7211.2300000000005,3199.419999999999,696.25,0,0,31.901937631000056,2.3232113748636425,2.964323639400258,4.772296366907403,52,18,34,34.61538461538461,5601.1,2410.9299999999994,3190.170000000001,301.51,0,0,0.09570581289300016,0.25,-0.0,0.04126984126984127,0.03199409230969983,0.022183594199602554,-0.0002163389778331313,
1b_narrow,748,0.4367586988854306,True,81,13,74.0,33.0,20,18,3.4000000000000004,18,39,1.5,4.0,1.0,0.015,0.5,31.950365571499916,1.452171968626962,1.43652426324555,10.837410684221727,111,32,79,28.82882882882883,10260.96,7065.940000000001,3195.0199999999977,671.97,0,0,31.329575783550005,2.3160198436535175,2.9240148421124172,4.7723165348191365,50,17,33,34.0,5513.54,2380.6099999999997,3132.9300000000003,290.13,0,0,0.09398872735065002,0.25,-0.0,0.03968253968253968,0.03195036557149992,0.022608598431348104,-0.0014715321506070798,
1b_narrow,749,0.44093700169431066,True,80,13,74.0,33.0,20,18,3.4000000000000004,18,39,1.5,4.0,1.0,0.015,0.5,31.99409230969983,1.443671883992051,1.4353244264507792,10.837410684221727,115,33,82,28.695652173913043,10410.65,7211.2300000000005,3199.419999999999,696.25,0,0,31.901937631000056,2.3232113748636425,2.964323639400258,4.772296366907403,52,18,34,34.61538461538461,5601.1,2410.9299999999994,3190.170000000001,301.51,0,0,0.09570581289300016,0.25,-0.0,0.04126984126984127,0.03199409230969983,0.022183594199602554,-0.0002163389778331313,
1b_narrow,750,0.4155441970544468,True,80,13,74.0,32.0,20,18,3.4000000000000004,18,40,1.5,4.0,1.0,0.015,0.5,26.13223887029997,1.3484801002820432,1.1868561920923033,10.837410684221727,117,32,85,27.35042735042735,10112.05,7498.849999999999,2613.2,695.02,0,0,31.789844006950062,2.313086795071438,2.9561437004263063,4.772296366907403,52,18,34,34.61538461538461,5599.960000000001,2420.99,3178.970000000001,301.43,0,0,0.09536953202085019,0.25,-0.0,0.04126984126984127,0.026132238870299973,0.017424005014102163,-0.014651420120646817,
1b_narrow,751,0.4193563667267403,True,80,13,74.0,32.0,20,18,3.4000000000000004,18,38,1.5,3.0,1.0,0.015,0.5,25.60744007054993,1.3535119688561252,1.34155099524461,11.147641332499253,128,41,87,32.03125,9804.570000000002,7243.800000000001,2560.7700000000004,757.3,0,0,26.066874399750013,2.0477851917356693,2.9543123023043014,5.16291389886819,62,25,37,40.32258064516129,5094.48,2487.8000000000006,2606.679999999999,349.2,0,0,0.07820062319925003,0.25,-0.0,0.049206349206349205,0.025607440070549933,0.01767559844280626,-0.001333644192215102,
1b_narrow,752,0.4286707631017066,True,81,13,74.0,34.0,20,18,3.4000000000000004,18,39,1.5,3.9,1.0,0.015,0.5,30.82150766344994,1.4293836313964456,1.4040473648856748,10.947925619382733,113,33,80,29.20353982300885,10260.130000000001,7178.01,3082.120000000001,684.12,0,0,29.768304056299932,2.258417846468626,2.8044246454495205,4.771743560462518,50,17,33,34.0,5342.3099999999995,2365.51,2976.7999999999993,288.2,0,0,0.0893049121688998,0.25,-0.0,0.03968253968253968,0.03082150766344994,0.021469181569822283,-0.0026073779830051128,
1b_narrow,753,0.44093700169431066,True,80,13,74.0,33.0,20,18,3.4000000000000004,18,39,1.5,4.0,1.0,0.015,0.5,31.99409230969983,1.443671883992051,1.4353244264507792,10.837410684221727,115,33,82,28.695652173913043,10410.65,7211.2300000000005,3199.419999999999,696.25,0,0,31.901937631000056,2.3232113748636425,2.964323639400258,4.772296366907403,52,18,34,34.61538461538461,5601.1,2410.9299999999994,3190.170000000001,301.51,0,0,0.09570581289300016,0.25,-0.0,0.04126984126984127,0.03199409230969983,0.022183594199602554,-0.0002163389778331313,
1b_narrow,754,0.4155441970544468,True,80,13,74.0,32.0,20,18,3.4000000000000004,18,40,1.5,4.0,1.0,0.015,0.5,26.13223887029997,1.3484801002820432,1.1868561920923033,10.837410684221727,117,32,85,27.35042735042735,10112.05,7498.849999999999,2613.2,695.02,0,0,31.789844006950062,2.313086795071438,2.9561437004263063,4.772296366907403,52,18,34,34.61538461538461,5599.960000000001,2420.99,3178.970000000001,301.43,0,0,0.09536953202085019,0.25,-0.0,0.04126984126984127,0.026132238870299973,0.017424005014102163,-0.014651420120646817,
1b_narrow,755,0.44093700169431066,True,80,13,74.0,32.0,20,18,3.4000000000000004,18,39,1.5,4.0,1.0,0.015,0.5,31.99409230969983,1.443671883992051,1.4353244264507792,10.837410684221727,115,33,82,28.695652173913043,10410.65,7211.2300000000005,3199.419999999999,696.25,0,0,31.901937631000056,2.3232113748636425,2.964323639400258,4.772296366907403,52,18,34,34.61538461538461,5601.1,2410.9299999999994,3190.170000000001,301.51,0,0,0.09570581289300016,0.25,-0.0,0.04126984126984127,0.03199409230969983,0.022183594199602554,-0.0002163389778331313,
1b_narrow,756,0.4339692575693524,True,81,13,74.0,32.0,20,18,3.4000000000000004,18,38,1.5,4.0,1.0,0.015,0.5,30.20929105569992,1.4175343154938376,1.3700265052681992,10.837410684221727,112,32,80,28.571428571428573,10255.96,7235.07,3020.8899999999994,677.78,0,0,31.894829096849968,2.315473195357546,2.9627413149089645,4.7723165348191365,52,18,34,34.61538461538461,5614.049999999999,2424.58,3189.4699999999993,301.51,0,0,0.0956844872905499,0.25,-0.0,0.04126984126984127,0.030209291055699923,0.02087671577469188,-0.004071077821430598,
1b_narrow,757,0.4162986578696279,True,80,13,74.0,33.0,19,18,3.4000000000000004,18,39,1.5,4.0,1.0,0.015,0.5,32.87838172899997,1.4630377867879325,1.4685568773241076,11.464543958962798,114,33,81,28.94736842105263,10388.489999999998,7100.63,3287.859999999998,687.71,0,0,27.614706918449954,2.1262515650936193,2.6067826152497884,6.346299969550369,51,17,34,33.333333333333336,5213.42,2451.9300000000007,2761.4899999999993,288.44,0,0,0.08284412075534986,0.25,-0.0,0.04047619047619048,0.03287838172899997,0.023151889339396627,-0.01305192443030904,
1b_narrow,758,0.4367586988854306,True,81,13,74.0,33.0,20,18,3.4000000000000004,18,39,1.5,4.0,1.0,0.015,0.5,31.950365571499916,1.452171968626962,1.43652426324555,10.837410684221727,111,32,79,28.82882882882883,10260.96,7065.940000000001,3195.0199999999977,671.97,0,0,31.329575783550005,2.3160198436535175,2.9240148421124172,4.7723165348191365,50,17,33,34.0,5513.54,2380.6099999999997,3132.9300000000003,290.13,0,0,0.09398872735065002,0.25,-0.0,0.03968253968253968,0.03195036557149992,0.022608598431348104,-0.0014715321506070798,
1b_narrow,759,0.3527222798589917,True,80,13,74.0,34.0,20,18,3.4000000000000004,18,36,1.5,4.0,1.0,0.015,0.5,13.479394113450036,1.188965604256184,0.714396000762348,10.815450402360995,116,30,86,25.862068965517242,8481.07,7133.150000000001,1347.9199999999992,638.99,0,0,33.12480528665003,2.350560817394921,3.0650722352811646,4.772296366907403,55,20,35,36.36363636363637,5765.15,2452.6699999999996,3312.48,320.88,0,0,0.09937441585995008,0.25,-0.0,0.043650793650793655,0.013479394113450036,0.009448280212809202,-0.06323060397801131,
1b_narrow,760,0.44093700169431066,True,80,13,74.0,32.0,20,18,3.4000000000000004,18,39,1.5,4.0,1.0,0.015,0.5,31.99409230969983,1.443671883992051,1.4353244264507792,10.837410684221727,115,33,82,28.695652173913043,10410.65,7211.2300000000005,3199.419999999999,696.25,0,0,31.901937631000056,2.3232113748636425,2.964323639400258,4.772296366907403,52,18,34,34.61538461538461,5601.1,2410.9299999999994,3190.170000000001,301.51,0,0,0.09570581289300016,0.25,-0.0,0.04126984126984127,0.03199409230969983,0.022183594199602554,-0.0002163389778331313,
1b_narrow,761,0.42802699841661446,True,81,13,74.0,32.0,20,18,3.4000000000000004,18,38,1.5,3.9,1.0,0.015,0.5,29.095635443449936,1.396083988815286,1.3370895774770521,10.947925619382733,114,33,81,28.94736842105263,10255.27,7345.740000000001,2909.5299999999997,689.84,0,0,30.29785113899996,2.2576471418431177,2.841419582912728,4.771743560462518,52,18,34,34.61538461538461,5438.83,2409.07,3029.7599999999998,299.5,0,0,0.09089355341699988,0.25,-0.0,0.04126984126984127,0.029095635443449938,0.019804199440764305,-0.0030362311544409265,
1b_narrow,762,0.35673208323977934,True,80,13,74.0,33.0,20,18,3.4000000000000004,18,39,1.3,4.0,1.0,0.015,0.5,13.837512879599945,1.1673639256466728,0.6842333803860892,13.636834244161774,132,32,100,24.242424242424242,9651.869999999999,8268.09,1383.7799999999988,740.9,0,0,32.33011245124992,2.234466221453472,3.163078126642629,4.007399388053877,60,22,38,36.666666666666664,5851.999999999999,2618.97,3233.0299999999993,350.63,0,0,0.09699033735374975,0.25,-0.0,0.047619047619047616,0.013837512879599945,0.00836819628233364,-0.060083010894951605,
1b_narrow,763,0.4383161768355755,True,80,13,74.0,32.0,20,18,3.4000000000000004,19,39,1.5,4.0,1.0,0.015,0.5,35.20272305104985,1.4843828257866378,1.539780179421403,11.090689257656416,113,33,80,29.20353982300885,10787.96,7267.639999999999,3520.3199999999997,700.48,0,0,31.770523326199946,2.3050059354859913,2.970757978006756,4.894353599831536,52,18,34,34.61538461538461,5611.56,2434.5099999999998,3177.0500000000006,300.98,0,0,0.09531156997859984,0.25,-0.0,0.04126984126984127,0.03520272305104985,0.02421914128933189,-0.007687098753247369,
1b_narrow,764,0.44093700169431066,True,80,13,74.0,32.0,20,18,3.4000000000000004,18,39,1.5,4.0,1.0,0.015,0.5,31.99409230969983,1.443671883992051,1.4353244264507792,10.837410684221727,115,33,82,28.695652173913043,10410.65,7211.2300000000005,3199.419999999999,696.25,0,0,31.901937631000056,2.3232113748636425,2.964323639400258,4.772296366907403,52,18,34,34.61538461538461,5601.1,2410.9299999999994,3190.170000000001,301.51,0,0,0.09570581289300016,0.25,-0.0,0.04126984126984127,0.03199409230969983,0.022183594199602554,-0.0002163389778331313,
1b_narrow,765,0.4055908603514383,True,81,13,74.0,33.0,20,18,3.4000000000000004,18,40,1.5,3.5,1.0,0.015,0.5,23.944994340650013,1.3320685953920275,1.1750123120607598,11.386840722356673,118,35,83,29.661016949152543,9605.520000000002,7210.98,2394.5400000000027,685.7,0,0,27.672148372749998,2.1537576351393612,2.826315896283038,4.770845817086535,54,20,34,37.03703703703704,5165.68,2398.45,2767.2300000000005,305.79,0,0,0.08301644511825,0.25,-0.0,0.04285714285714286,0.023944994340650016,0.016603429769601375,-0.010831151734205935,
1b_narrow,766,0.40639125315003977,True,80,14,74.0,32.0,20,19,3.4000000000000004,18,39,1.5,4.0,1.0,0.015,0.5,32.073114783849874,1.4639142899296165,1.4603958256332192,10.511190114075182,109,32,77,29.357798165137616,10120.83,6913.54,3207.29,668.2,0,0,25.85093894325,2.025369576340768,2.4902531645149253,6.2393954871785,50,16,34,32.0,5106.22,2521.13,2585.09,279.34,0,0,0.07755281682975,0.25,-0.0,0.03968253968253968,0.03207311478384988,0.023195714496480824,-0.016112932642580617,
1b_narrow,767,0.4155441970544468,True,80,13,74.0,35.0,20,18,3.4000000000000004,18,40,1.5,4.0,1.0,0.015,0.5,26.13223887029997,1.3484801002820432,1.1868561920923033,10.837410684221727,117,32,85,27.35042735042735,10112.05,7498.849999999999,2613.2,695.02,0,0,31.789844006950062,2.313086795071438,2.9561437004263063,4.772296366907403,52,18,34,34.61538461538461,5599.960000000001,2420.99,3178.970000000001,301.43,0,0,0.09536953202085019,0.25,-0.0,0.04126984126984127,0.026132238870299973,0.017424005014102163,-0.014651420120646817,
1b_narrow,768,0.3927120845425657,True,81,13,74.0,33.0,19,18,3.4000000000000004,18,38,1.6,3.9,1.0,0.015,0.5,22.06963941144999,1.3372106881146064,1.1033678223169552,10.718721295310218,106,31,75,29.245283018867923,8751.83,6544.839999999999,2206.9900000000007,602.73,0,0,28.629557581000043,2.2503810526223846,2.713170946785692,6.06691225708743,47,17,30,36.170212765957444,5152.719999999999,2289.7099999999996,2863.0099999999998,266.67,0,0,0.08588867274300012,0.25,-0.0,0.0373015873015873,0.02206963941144999,0.01686053440573032,-0.01940834931920204,
1b_narrow,769,0.44093700169431066,True,80,13,74.0,32.0,20,18,3.4000000000000004,18,39,1.5,4.0,1.0,0.015,0.5,31.99409230969983,1.443671883992051,1.4353244264507792,10.837410684221727,115,33,82,28.695652173913043,10410.65,7211.2300000000005,3199.419999999999,696.25,0,0,31.901937631000056,2.3232113748636425,2.964323639400258,4.772296366907403,52,18,34,34.61538461538461,5601.1,2410.9299999999994,3190.170000000001,301.51,0,0,0.09570581289300016,0.25,-0.0,0.04126984126984127,0.03199409230969983,0.022183594199602554,-0.0002163389778331313,
1b_narrow,770,0.4367586988854306,True,81,13,74.0,33.0,20,18,3.4000000000000004,18,39,1.5,4.0,1.0,0.015,0.5,31.950365571499916,1.452171968626962,1.43652426324555,10.837410684221727,111,32,79,28.82882882882883,10260.96,7065.940000000001,3195.0199999999977,671.97,0,0,31.329575783550005,2.3160198436535175,2.9240148421124172,4.7723165348191365,50,17,33,34.0,5513.54,2380.6099999999997,3132.9300000000003,290.13,0,0,0.09398872735065002,0.25,-0.0,0.03968253968253968,0.03195036557149992,0.022608598431348104,-0.0014715321506070798,
1b_narrow,771,0.3805160366693723,True,80,13,74.0,34.0,20,18,3.4000000000000004,18,39,1.4000000000000001,4.0,1.0,0.015,0.5,18.777109734349743,1.2368158526326674,0.8928820223356089,12.589943007300002,124,32,92,25.806451612903224,9806.75,7929.030000000001,1877.7199999999993,710.92,0,0,31.10964193754995,2.2617547929704447,2.90820702454161,4.659207969253075,55,19,36,34.54545454545455,5576.5599999999995,2465.59,3110.9699999999993,317.55,0,0,0.09332892581264984,0.25,-0.0,0.043650793650793655,0.018777109734349744,0.011840792631633368,-0.037081585160054324,
1b_narrow,772,0.32193395861178464,True,80,13,74.0,32.0,20,18,3.2,18,38,1.5,3.3,1.0,0.015,0.5,13.87835170960001,1.229282073733861,0.8130355882111803,13.489536301108657,111,32,79,28.82882882882883,7440.66,6052.849999999999,1387.8100000000004,594.92,0,0,19.310537351649966,1.881415888810279,2.240604378649459,6.919468988567816,54,20,34,37.03703703703704,4121.9,2190.85,1931.0499999999997,293.24,0,0,0.0579316120549499,0.22035397220256975,-0.0,0.04285714285714286,0.01387835170960001,0.011464103686693051,-0.024551223899170947,
1b_narrow,773,0.3886030675987546,True,81,13,74.0,39.0,20,18,3.4000000000000004,16,40,1.5,4.0,1.0,0.015,0.5,20.613076618949943,1.2866511750153318,1.0315583647340345,10.830626047878201,115,31,84,26.956521739130434,9252.27,7190.97,2061.3,657.77,0,0,32.55616424295002,2.3941119794454555,3.030161783567665,4.771236340516609,50,18,32,36.0,5590.85,2335.25,3255.6000000000004,289.47,0,0,0.09766849272885006,0.25,-0.0,0.03968253968253968,0.020613076618949944,0.01433255875076659,-0.033693600182351645,
1b_narrow,774,0.44093700169431066,True,80,13,74.0,32.0,20,18,3.4000000000000004,18,39,1.5,4.0,1.0,0.015,0.5,31.99409230969983,1.443671883992051,1.4353244264507792,10.837410684221727,115,33,82,28.695652173913043,10410.65,7211.2300000000005,3199.419999999999,696.25,0,0,31.901937631000056,2.3232113748636425,2.964323639400258,4.772296366907403,52,18,34,34.61538461538461,5601.1,2410.9299999999994,3190.170000000001,301.51,0,0,0.09570581289300016,0.25,-0.0,0.04126984126984127,0.03199409230969983,0.022183594199602554,-0.0002163389778331313,
1b_narrow,775,0.44093700169431066,True,80,13,74.0,33.0,20,18,3.4000000000000004,18,39,1.5,4.0,1.0,0.015,0.5,31.99409230969983,1.443671883992051,1.4353244264507792,10.837410684221727,115,33,82,28.695652173913043,10410.65,7211.2300000000005,3199.419999999999,696.25,0,0,31.901937631000056,2.3232113748636425,2.964323639400258,4.772296366907403,52,18,34,34.61538461538461,5601.1,2410.9299999999994,3190.170000000001,301.51,0,0,0.09570581289300016,0.25,-0.0,0.04126984126984127,0.03199409230969983,0.022183594199602554,-0.0002163389778331313,
1b_narrow,776,0.4134338759430474,True,81,13,74.0,31.0,19,18,3.4000000000000004,18,39,1.5,4.0,1.0,0.015,0.5,32.83445024929999,1.4721609072097346,1.4698225483516592,11.464543958962798,110,32,78,29.09090909090909,10237.51,6954.070000000001,3283.4399999999996,663.15,0,0,27.44015073614997,2.1489661929605655,2.5975099519265683,6.346440493547539,48,16,32,33.333333333333336,5132.290000000001,2388.26,2744.0300000000007,271.44,0,0,0.08232045220844991,0.25,-0.0,0.0380952380952381,0.03283445024929999,0.023608045360486732,-0.0134243099704273,
1b_narrow,777,0.4327663312640735,True,80,13,74.0,32.0,20,18,3.4000000000000004,18,39,1.5,3.9,1.0,0.015,0.5,30.817963382249946,1.4208866637167659,1.4011621132402334,10.947925619382733,117,34,83,29.05982905982906,10404.13,7322.28,3081.8499999999995,708.26,0,0,30.30098913655,2.2649609043963244,2.8428890347519267,4.771331072728079,52,18,34,34.61538461538461,5425.51,2395.4100000000003,3030.1,299.54,0,0,0.09090296740965,0.25,-0.0,0.04126984126984127,0.030817963382249947,0.021044333185838295,-0.0012687739835059982,
1b_narrow,778,0.415015357212409,True,80,13,74.0,31.0,20,18,3.4000000000000004,18,40,1.5,4.0,1.0,0.015,0.5,26.13223887029997,1.3484801002820432,1.1868561920923033,10.837410684221727,117,32,85,27.35042735042735,10112.05,7498.849999999999,2613.2,695.02,0,0,32.179905433400094,2.34866264888561,2.9877625209682694,4.772296366907403,51,18,33,35.294117647058826,5604.049999999999,2386.06,3217.9899999999993,295.37,0,0,0.09653971630020029,0.25,-0.0,0.04047619047619048,0.026132238870299973,0.017424005014102163,-0.01555679344838391,
1b_narrow,779,0.43834795393526027,True,82,13,74.0,33.0,20,18,3.4000000000000004,18,38,1.5,4.0,1.0,0.015,0.5,36.24392909834984,1.4944752549541254,1.5824249912885868,10.330934348469277,113,33,80,29.20353982300885,10954.130000000001,7329.75,3624.380000000001,702.24,0,1,31.894829096849968,2.315473195357546,2.9627413149089645,4.7723165348191365,52,18,34,34.61538461538461,5614.049999999999,2424.58,3189.4699999999993,301.51,0,0,0.0956844872905499,0.25,-0.0,0.04126984126984127,0.036243929098349836,0.024723762747706268,-0.009574066471186995,
1b_narrow,780,0.44083417963736027,True,80,13,74.0,31.0,20,18,3.4000000000000004,18,39,1.5,4.0,1.0,0.015,0.5,31.99409230969983,1.443671883992051,1.4353244264507792,10.837410684221727,115,33,82,28.695652173913043,10410.65,7211.2300000000005,3199.419999999999,696.25,0,0,32.29113870955002,2.358958819939818,2.9957207095520952,4.772296366907403,51,18,33,35.294117647058826,5605.239999999999,2376.15,3229.089999999999,295.46,0,0,0.09687341612865007,0.25,-0.0,0.04047619047619048,0.03199409230969983,0.022183594199602554,-0.0006931134767826523,
1b_narrow,781,0.4367586988854306,True,81,13,74.0,32.0,20,18,3.4000000000000004,18,39,1.5,4.0,1.0,0.015,0.5,31.950365571499916,1.452171968626962,1.43652426324555,10.837410684221727,111,32,79,28.82882882882883,10260.96,7065.940000000001,3195.0199999999977,671.97,0,0,31.329575783550005,2.3160198436535175,2.9240148421124172,4.7723165348191365,50,17,33,34.0,5513.54,2380.6099999999997,3132.9300000000003,290.13,0,0,0.09398872735065002,0.25,-0.0,0.03968253968253968,0.03195036557149992,0.022608598431348104,-0.0014715321506070798,
1b_narrow,782,0.4025895840016807,True,80,13,74.0,34.0,20,18,3.4000000000000004,17,39,1.5,4.0,1.0,0.015,0.5,22.814330218599864,1.3297112078745459,1.1353354116538696,10.83511289052049,115,32,83,27.82608695652174,9200.949999999999,6919.51,2281.4399999999987,655.44,0,0,33.479096785450004,2.419576831750339,3.095398046898797,4.772296366907403,52,19,33,36.53846153846154,5706.33,2358.4,3347.93,301.24,0,0,0.10043729035635,0.25,-0.0,0.04126984126984127,0.022814330218599865,0.016485560393727294,-0.02841743823683774,
1b_narrow,783,0.44093700169431066,True,80,13,74.0,33.0,20,18,3.4000000000000004,18,39,1.5,4.0,1.0,0.015,0.5,31.99409230969983,1.443671883992051,1.4353244264507792,10.837410684221727,115,33,82,28.695652173913043,10410.65,7211.2300000000005,3199.419999999999,696.25,0,0,31.901937631000056,2.3232113748636425,2.964323639400258,4.772296366907403,52,18,34,34.61538461538461,5601.1,2410.9299999999994,3190.170000000001,301.51,0,0,0.09570581289300016,0.25,-0.0,0.04126984126984127,0.03199409230969983,0.022183594199602554,-0.0002163389778331313,
1b_narrow,784,0.39666281658978303,True,85,13,74.0,31.0,20,18,3.3000000000000003,18,38,1.5,3.9,1.0,0.015,0.5,23.11984082844994,1.3549584099680974,1.196634760703277,8.948090521431826,108,31,77,28.703703703703702,8825.630000000001,6513.580000000001,2312.05,613.44,0,1,23.44722114340004,2.1154645747206278,2.3326440884911004,7.3180246999589444,46,16,30,34.78260869565217,4446.77,2102.0299999999997,2344.7400000000007,256.36,0,0,0.07034166343020012,0.25,-0.0,0.03650793650793651,0.023119840828449943,0.01774792049840487,-0.001054544675208415,
1b_narrow,785,0.33811975179247317,True,81,13,74.0,31.0,20,18,3.5,18,40,1.7000000000000002,4.0,1.0,0.015,0.5,13.116169756299934,1.2025685931115004,0.6981148198412468,14.559358734422329,104,28,76,26.923076923076923,7786.800000000001,6475.14,1311.6600000000008,557.18,0,0,29.398362792349996,2.2596309166241766,2.720819670009185,6.223131606225024,43,16,27,37.2093023255814,5273.73,2333.89,2939.8399999999997,241.79,0,0,0.08819508837705,0.25,-0.0,0.03412698412698413,0.013116169756299935,0.010128429655575023,-0.05744692012343591,
1b_narrow,786,0.42108373007153055,True,80,13,74.0,32.0,20,19,3.4000000000000004,18,39,1.5,4.0,1.0,0.015,0.5,32.073114783849874,1.4639142899296165,1.4603958256332192,10.511190114075182,109,32,77,29.357798165137616,10120.83,6913.54,3207.29,668.2,0,0,28.548801742399977,2.2288130851178307,2.7367302670119766,4.772296366907403,49,16,33,32.6530612244898,5178.09,2323.25,2854.84,278.67,0,0,0.08564640522719992,0.25,-0.0,0.03888888888888889,0.03207311478384988,0.023195714496480824,-0.008720393324888954,
1b_narrow,787,0.44083417963736027,True,80,13,74.0,31.0,20,18,3.4000000000000004,18,39,1.5,4.0,1.0,0.015,0.5,31.99409230969983,1.443671883992051,1.4353244264507792,10.837410684221727,115,33,82,28.695652173913043,10410.65,7211.2300000000005,3199.419999999999,696.25,0,0,32.29113870955002,2.358958819939818,2.9957207095520952,4.772296366907403,51,18,33,35.294117647058826,5605.239999999999,2376.15,3229.089999999999,295.46,0,0,0.09687341612865007,0.25,-0.0,0.04047619047619048,0.03199409230969983,0.022183594199602554,-0.0006931134767826523,
1b_narrow,788,0.4137387550769049,True,81,13,74.0,32.0,20,18,3.4000000000000004,18,40,1.5,4.0,1.0,0.015,0.5,26.09159495709999,1.354538759226446,1.1874586335606006,10.837410684221727,113,31,82,27.43362831858407,9968.43,7359.280000000001,2609.1499999999996,671.58,0,0,31.22017905920002,2.3059634063700023,2.9159656863960834,4.7723165348191365,50,17,33,34.0,5512.59,2390.58,3122.01,290.05,0,0,0.09366053717760006,0.25,-0.0,0.03968253968253968,0.026091594957099992,0.017726937961322298,-0.013422854701657152,
1b_narrow,789,0.4280538133269834,True,80,13,74.0,31.0,20,18,3.4000000000000004,18,38,1.5,4.0,1.0,0.015,0.5,28.549722603599804,1.3878630369985951,1.305893050744945,10.837410684221727,115,32,83,27.82608695652174,10215.81,7360.82,2854.99,693.51,0,0,32.85419903444999,2.357579388855602,3.034156387467112,4.772296366907403,53,19,34,35.84905660377358,5705.459999999999,2420.05,3285.409999999999,306.87,0,0,0.09856259710334998,0.25,-0.0,0.04206349206349207,0.028549722603599805,0.01939315184992976,-0.010515150293388243,
1b_narrow,790,0.4327663312640735,True,80,13,74.0,32.0,20,18,3.4000000000000004,18,39,1.5,3.9,1.0,0.015,0.5,30.817963382249946,1.4208866637167659,1.4011621132402334,10.947925619382733,117,34,83,29.05982905982906,10404.13,7322.28,3081.8499999999995,708.26,0,0,30.30098913655,2.2649609043963244,2.8428890347519267,4.771331072728079,52,18,34,34.61538461538461,5425.51,2395.4100000000003,3030.1,299.54,0,0,0.09090296740965,0.25,-0.0,0.04126984126984127,0.030817963382249947,0.021044333185838295,-0.0012687739835059982,
1b_narrow,791,0.43805830119127803,True,81,13,74.0,31.0,20,18,3.4000000000000004,18,39,1.5,4.0,1.0,0.015,0.5,31.950365571499916,1.452171968626962,1.43652426324555,10.837410684221727,111,32,79,28.82882882882883,10260.96,7065.940000000001,3195.0199999999977,671.97,0,0,31.718725477250047,2.3520851183549243,2.955560604382789,4.7723165348191365,49,17,32,34.69387755102041,5517.78,2345.91,3171.87,284.11,0,0,0.09515617643175014,0.25,-0.0,0.03888888888888889,0.03195036557149992,0.022608598431348104,-0.0005457281322090197,
1b_narrow,792,0.44093700169431066,True,80,13,74.0,33.0,20,18,3.4000000000000004,18,39,1.5,4.0,1.0,0.015,0.5,31.99409230969983,1.443671883992051,1.4353244264507792,10.837410684221727,115,33,82,28.695652173913043,10410.65,7211.2300000000005,3199.419999999999,696.25,0,0,31.901937631000056,2.3232113748636425,2.964323639400258,4.772296366907403,52,18,34,34.61538461538461,5601.1,2410.9299999999994,3190.170000000001,301.51,0,0,0.09570581289300016,0.25,-0.0,0.04126984126984127,0.03199409230969983,0.022183594199602554,-0.0002163389778331313,
1b_narrow,793,0.44083417963736027,True,80,13,74.0,31.0,20,18,3.4000000000000004,18,39,1.5,4.0,1.0,0.015,0.5,31.99409230969983,1.443671883992051,1.4353244264507792,10.837410684221727,115,33,82,28.695652173913043,10410.65,7211.2300000000005,3199.419999999999,696.25,0,0,32.29113870955002,2.358958819939818,2.9957207095520952,4.772296366907403,51,18,33,35.294117647058826,5605.239999999999,2376.15,3229.089999999999,295.46,0,0,0.09687341612865007,0.25,-0.0,0.04047619047619048,0.03199409230969983,0.022183594199602554,-0.0006931134767826523,
1b_narrow,794,0.4339692575693524,True,81,13,74.0,33.0,20,18,3.4000000000000004,18,38,1.5,4.0,1.0,0.015,0.5,30.20929105569992,1.4175343154938376,1.3700265052681992,10.837410684221727,112,32,80,28.571428571428573,10255.96,7235.07,3020.8899999999994,677.78,0,0,31.894829096849968,2.315473195357546,2.9627413149089645,4.7723165348191365,52,18,34,34.61538461538461,5614.049999999999,2424.58,3189.4699999999993,301.51,0,0,0.0956844872905499,0.25,-0.0,0.04126984126984127,0.030209291055699923,0.02087671577469188,-0.004071077821430598,
1b_narrow,795,0.44093700169431066,True,80,13,74.0,32.0,20,18,3.4000000000000004,18,39,1.5,4.0,1.0,0.015,0.5,31.99409230969983,1.443671883992051,1.4353244264507792,10.837410684221727,115,33,82,28.695652173913043,10410.65,7211.2300000000005,3199.419999999999,696.25,0,0,31.901937631000056,2.3232113748636425,2.964323639400258,4.772296366907403,52,18,34,34.61538461538461,5601.1,2410.9299999999994,3190.170000000001,301.51,0,0,0.09570581289300016,0.25,-0.0,0.04126984126984127,0.03199409230969983,0.022183594199602554,-0.0002163389778331313,
1b_narrow,796,0.4062506001955179,True,80,13,74.0,31.0,19,18,3.4000000000000004,18,43,1.5,4.0,1.0,0.015,0.5,25.420030766850065,1.3557832269622663,1.1827331681559783,11.465512448855305,112,31,81,27.678571428571427,9686.800000000001,7144.8,2542.000000000001,650.36,0,0,27.230305520450038,2.1955803967368874,2.5993991615711303,6.346334564589638,46,16,30,34.78260869565217,5000.61,2277.58,2723.0299999999997,257.66,0,0,0.08169091656135011,0.25,-0.0,0.03650793650793651,0.025420030766850066,0.017789161348113314,-0.005157444988732104,
1b_narrow,797,0.4078565861611624,True,81,13,74.0,42.0,20,18,3.4000000000000004,18,40,1.5,3.9,1.0,0.015,0.5,25.05447613689994,1.3353176727553056,1.1552858263815784,10.947925619382733,115,32,83,27.82608695652174,9977.28,7471.839999999999,2505.4400000000014,683.85,0,0,29.659494248549983,2.2486296698577886,2.79630846150997,4.771743560462518,50,17,33,34.0,5341.259999999999,2375.34,2965.919999999999,288.14,0,0,0.08897848274564994,0.25,-0.0,0.03968253968253968,0.025054476136899942,0.016765883637765277,-0.012624796041692457,
1b_narrow,798,0.44093700169431066,True,80,13,74.0,32.0,20,18,3.4000000000000004,18,39,1.5,4.0,1.0,0.015,0.5,31.99409230969983,1.443671883992051,1.4353244264507792,10.837410684221727,115,33,82,28.695652173913043,10410.65,7211.2300000000005,3199.419999999999,696.25,0,0,31.901937631000056,2.3232113748636425,2.964323639400258,4.772296366907403,52,18,34,34.61538461538461,5601.1,2410.9299999999994,3190.170000000001,301.51,0,0,0.09570581289300016,0.25,-0.0,0.04126984126984127,0.03199409230969983,0.022183594199602554,-0.0002163389778331313,
1b_narrow,799,0.4195174202927679,True,80,13,74.0,31.0,20,18,3.4000000000000004,18,39,1.5,3.4,1.0,0.015,0.5,27.67927868049999,1.3942141026973982,1.3549173906044505,11.498143529586558,122,38,84,31.147540983606557,9789.070000000002,7021.210000000002,2767.8599999999997,712.08,0,0,26.885890590299972,2.1347134295602257,2.773939016122081,4.771199811889528,55,21,34,38.18181818181818,5057.989999999999,2369.4,2688.589999999999,309.09000000000003,0,0,0.08065767177089991,0.25,-0.0,0.043650793650793655,0.02767927868049999,0.019710705134869912,-0.002181028944295585,
