trial,score,gated,ema_period,rsi_period,rsi_overbought,rsi_oversold,atr_period,consolidation_candles,consolidation_atr_mult,swing_lookback,volume_sma_period,volume_mult,risk_reward_ratio,leverage,risk_per_trade_pct,max_position_allocation_pct,tr_return_pct,tr_pf,tr_sharpe,tr_max_dd,tr_trades,tr_wins,tr_losses,tr_win_rate,tr_gross_profit,tr_gross_loss,tr_net_pnl,tr_fees,tr_blocked,tr_head_dropped,va_return_pct,va_pf,va_sharpe,va_max_dd,va_trades,va_wins,va_losses,va_win_rate,va_gross_profit,va_gross_loss,va_net_pnl,va_fees,va_blocked,va_head_dropped,c_va_ret,c_va_pf,c_va_dd,c_va_sample,c_tr_ret,c_tr_pf,c_consistency,c_gate_shortfall
0,0.6659217780123764,True,79,13,74.0,30.0,21,18,3.4000000000000004,18,39,1.5,4.0,2.5,0.03,0.6000000000000001,105.96278874169984,1.3578314636337234,1.5581886439421055,26.001973460847793,116.0,33.0,83.0,28.448275862068964,40208.92,29612.6,10596.32,3033.09,0.0,0.0,89.94063670900003,2.0432357884456347,2.775766911792333,13.56311727131065,51.0,18.0,33.0,35.294117647058826,17615.410000000003,8621.33,8994.080000000004,1047.96,0.0,0.0,0.2698219101270001,0.25,-0.0,0.04047619047619048,0.1,0.01789157318168617,-0.012267895772500311,
1,-1.497687575326695,False,69,21,74.0,35.0,9,6,1.1,18,34,1.6,1.0,5.0,0.026000000000000002,0.35,-0.31609129100002975,0.8867471606176776,-0.04600901190694207,3.3922483995679222,2.0,1.0,1.0,50.0,247.5,279.11,-31.610000000000014,25.11,0.0,0.0,-2.718222612499994,0.0,-1.038750885166285,4.233082946598925,1.0,0.0,1.0,0.0,0.0,271.82,-271.82,11.81,0.0,0.0,,,,,,,,2.98612545196017
2,-1.0082026877084174,False,43,9,62.0,33.0,13,8,2.8,6,21,1.0,2.4000000000000004,4.5,0.01,0.5,-4.921612625050402,0.9839821186054829,-0.021594110859211944,25.862937019002523,386.0,130.0,256.0,33.67875647668394,30234.729999999996,30726.909999999996,-492.1800000000003,5925.66,0.0,3.0,12.595247195049977,1.1176418941512503,0.9755886081275936,10.186063690225897,147.0,55.0,92.0,37.414965986394556,11965.72,10706.220000000001,1259.4999999999982,2436.64,0.0,2.0,,,,,,,,0.04921612625050402
3,-1.0103669578930004,False,97,7,70.0,24.0,7,20,3.9000000000000004,17,22,0.6,3.1,2.5,0.008,0.5,-6.22017473580021,0.9579222904992035,-0.16988310596782863,15.318815768798865,249.0,65.0,184.0,26.104417670682732,14162.45,14784.550000000001,-622.1000000000004,1882.1,0.0,3.0,8.468075048699975,1.155784283966629,0.9112651439593638,9.340393278858263,90.0,28.0,62.0,31.11111111111111,6282.67,5435.849999999999,846.8200000000006,858.85,0.0,0.0,,,,,,,,0.0622017473580021
4,-1.0051020408163265,False,24,20,61.0,37.0,11,12,2.6,7,49,1.7000000000000002,3.9000000000000004,5.0,0.02,0.75,44.7166630487495,1.247755509556399,1.0010287322479576,27.105227915536968,95.0,26.0,69.0,27.36842105263158,22520.290000000005,18048.64,4471.650000000005,2485.34,0.0,1.0,17.305788204399995,1.2048759178010182,0.8903385575092578,20.688174985794916,49.0,13.0,36.0,26.53061224489796,10177.369999999999,8446.820000000002,1730.5499999999975,1169.69,0.0,1.0,,,,,,,,0.030612244897959218
5,-1.0990801111667339,False,31,9,56.0,28.0,12,8,3.5,10,21,1.3,1.4,4.5,0.006,0.75,-12.53527852795005,0.8152481344410989,-1.0802667325050281,18.207224475994952,195.0,84.0,111.0,43.07692307692308,5531.320000000001,6784.83,-1253.5099999999993,1487.24,0.0,1.0,-9.78485591360004,0.6601567112858523,-2.2965439915765566,12.207610672089437,71.0,29.0,42.0,40.84507042253521,1900.71,2879.18,-978.4699999999998,776.31,0.0,3.0,,,,,,,,0.5944806670004035
6,-1.1177566311802072,False,121,9,55.0,41.0,17,16,3.3000000000000003,5,24,0.6,3.6,3.5,0.013000000000000001,0.25,-15.9633264375,0.7410259155788742,-1.105668702816162,19.61864427903545,150.0,33.0,117.0,22.0,4567.58,6163.860000000001,-1596.2800000000007,1171.7,0.0,0.0,-7.741897142349971,0.5570380711531199,-1.7542834304272794,9.406989572556203,42.0,10.0,32.0,23.80952380952381,973.5799999999999,1747.78,-774.2,355.13,0.0,0.0,,,,,,,,0.7065397870812428
7,-1.4968566329828872,False,60,11,73.0,36.0,20,12,1.3,16,41,1.3,3.3000000000000003,3.0,0.018000000000000002,0.45,-0.9710651597000106,0.0,-1.318014233687885,1.001292228038716,1.0,0.0,1.0,0.0,0.0,97.11,-97.11,13.46,0.0,0.0,-0.5442751742499968,0.0,-1.6705873423312003,0.5442751742499968,1.0,0.0,1.0,0.0,0.0,54.43,-54.43,13.48,0.0,0.0,,,,,,,,2.981139797897323
8,-1.179300294676179,False,23,8,55.0,36.0,11,12,3.8000000000000003,8,26,1.7000000000000002,1.7000000000000002,1.0,0.012,0.3,0.19011364509999112,1.0138068780186662,0.06131767895134623,4.93452216433535,77.0,31.0,46.0,40.25974025974026,1395.8600000000004,1376.85,19.010000000000446,225.77,0.0,2.0,-2.161698882400069,0.6431059818052735,-1.189222423577016,3.825034741227325,23.0,7.0,16.0,30.434782608695652,389.51,605.6700000000001,-216.16000000000008,67.84,0.0,1.0,,,,,,,,1.0758017680570735
9,-1.0108314823065836,False,141,19,71.0,42.0,19,7,3.7,13,43,1.9000000000000001,1.9,1.0,0.01,0.45,-6.4988893839501,0.8998616294442684,-0.45510193005862526,14.759219872345152,153.0,59.0,94.0,38.56209150326797,5839.9400000000005,6489.819999999999,-649.8799999999983,608.11,0.0,0.0,4.124466545299947,1.127965423303899,0.716910504560069,5.527278345313169,78.0,31.0,47.0,39.743589743589745,3635.4100000000003,3222.98,412.4300000000003,340.06,0.0,0.0,,,,,,,,0.064988893839501
10,-1.4925995298013321,False,94,15,80.0,20.0,16,19,2.0,20,13,1.0,2.8,2.5,0.028,0.65,10.909024115800001,99.0,1.9143645419624196,2.3366304272654888,3.0,3.0,0.0,100.0,1090.9,0.0,1090.9,50.96,0.0,0.0,-3.3828471324999922,0.0,-1.2664211190130115,4.523737112171995,2.0,0.0,2.0,0.0,0.0,338.28000000000003,-338.28000000000003,32.150000000000006,0.0,0.0,,,,,,,,2.9555971788079933
11,-1.1201814058956916,False,75,15,65.0,30.0,15,15,2.7,12,50,1.5,4.0,2.0,0.023000000000000003,0.65,36.2866451138499,1.3872666362861164,1.1629757116194948,16.448916396180213,67.0,17.0,50.0,25.37313432835821,12998.73,9370.03,3628.699999999999,1052.99,0.0,0.0,19.097956724100005,1.6907055049421873,1.3768078645811328,15.039110591131823,25.0,10.0,15.0,40.0,4674.75,2764.9700000000003,1909.7799999999997,352.27,0.0,0.0,,,,,,,,0.7210884353741497
12,-1.0034013605442178,False,48,16,80.0,39.0,7,12,2.8,14,50,2.0,4.0,4.0,0.021,0.75,12.414544995949818,1.0755022097777573,0.4149620844895216,35.0960246401074,96.0,23.0,73.0,23.958333333333332,17684.300000000003,16442.83,1241.4700000000012,1505.81,0.0,0.0,19.857938254800047,1.2389791937190038,1.0094321660993062,22.573913835207517,46.0,12.0,34.0,26.08695652173913,10295.31,8309.51,1985.7999999999993,874.91,0.0,0.0,,,,,,,,0.020408163265306145
13,-1.0549886621315192,False,51,14,79.0,44.0,21,17,3.1,14,38,2.0,3.5,3.5,0.03,0.65,31.498736691799895,1.1907337412970627,0.7645802611076782,29.069243122925315,75.0,20.0,55.0,26.666666666666668,19664.42,16514.540000000005,3149.8799999999937,1688.26,0.0,0.0,27.733320793450055,1.390568051870504,1.1777013110863799,19.64674285765393,38.0,12.0,26.0,31.57894736842105,9874.09,7100.76,2773.33,814.49,0.0,0.0,,,,,,,,0.3299319727891157
14,-1.0530786261540301,False,83,17,76.0,27.0,7,4,2.2,20,34,2.0,4.0,4.0,0.017,0.6000000000000001,-23.199971940450204,0.8299007546052034,-0.47932966714629993,39.63440783336873,113.0,22.0,91.0,19.469026548672566,11318.949999999999,13638.919999999998,-2319.9699999999993,1088.95,0.0,1.0,-1.7509460430500439,0.9775892940563634,0.07003776957629965,24.60903629214203,55.0,12.0,43.0,21.818181818181817,7638.13,7813.23,-175.09999999999945,661.98,0.0,0.0,,,,,,,,0.3184717569241802
15,-1.0479308715671072,False,109,12,77.0,40.0,18,10,2.2,15,45,1.3,2.8,2.0,0.023000000000000003,0.6000000000000001,-14.472808654550045,0.8676382093374182,-0.5113579222099481,29.338614637341497,100.0,25.0,75.0,25.0,9487.189999999999,10934.5,-1447.3100000000013,1126.35,0.0,0.0,9.28164703209999,1.259256776384885,0.7873618386629018,11.337512110104237,36.0,12.0,24.0,33.333333333333336,4508.239999999999,3580.08,928.159999999999,449.25,0.0,0.0,,,,,,,,0.28758522940264336
16,0.1959031346599655,True,48,17,68.0,32.0,14,15,3.1,10,31,1.8,3.6,1.5,0.025,0.75,17.64529229169986,1.121485694929817,0.5770234657125602,17.371240141758317,116.0,29.0,87.0,25.0,16289.49,14524.92,1764.5699999999997,1444.39,0.0,0.0,16.860381428749953,1.3476770801113518,1.014688758428136,14.32287340286906,48.0,13.0,35.0,27.083333333333332,6535.56,4849.5,1686.0600000000004,563.44,0.0,0.0,0.05058114428624986,0.08691927002783795,-0.0,0.0380952380952381,0.017645292291699862,0.0060742847464908545,-0.003412094787551108,
17,-1.0119047619047619,False,65,18,67.0,32.0,14,18,3.2,10,31,1.8,3.6,1.5,0.026000000000000002,0.7,3.934403347649877,1.0329791353411817,0.23487766433877155,19.33922913208995,104.0,23.0,81.0,22.115384615384617,12324.660000000002,11931.180000000002,393.47999999999956,1144.33,0.0,0.0,22.588663414499987,1.6497841138889129,1.428325691554956,9.537509430339746,39.0,12.0,27.0,30.76923076923077,5735.26,3476.37,2258.8900000000003,440.04,0.0,0.0,,,,,,,,0.0714285714285714
18,-1.0342904090748335,False,84,13,68.0,25.0,21,15,4.0,4,28,1.4,3.0,1.5,0.029,0.55,-20.574245444900154,0.8639106015175357,-0.5595006014116466,32.81168506008034,237.0,62.0,175.0,26.160337552742615,13060.539999999999,15117.93,-2057.3900000000012,1605.61,0.0,3.0,18.503526837249936,1.3058891210622372,1.343498331500023,9.73779691806243,95.0,33.0,62.0,34.73684210526316,7899.4800000000005,6049.12,1850.3600000000006,800.15,0.0,0.0,,,,,,,,0.20574245444900152
19,-1.4070353393438766,False,39,11,65.0,32.0,17,14,1.7000000000000002,11,38,1.1,2.4000000000000004,2.5,0.025,0.7,0.17755105304993776,1.0323716078202512,0.05217712622061421,4.4186574205759745,6.0,3.0,3.0,50.0,566.07,548.3199999999999,17.750000000000114,108.08,0.0,0.0,-1.3792700849499853,0.4608739837398374,-0.7647783307621862,2.5533709007567436,3.0,1.0,2.0,33.333333333333336,117.91,255.84,-137.93,52.760000000000005,0.0,0.0,,,,,,,,2.44221203606326
20,-1.0194536405900834,False,150,18,73.0,21.0,19,20,3.5,9,15,1.6,3.6,1.5,0.03,0.4,-11.672184354049968,0.8234585005944259,-0.4707297424702999,22.6510699485635,104.0,27.0,77.0,25.96153846153846,5444.2300000000005,6611.420000000001,-1167.1900000000005,563.8,0.0,0.0,19.48588682245001,1.8097792886203354,1.7868211991439267,7.920564091719619,43.0,14.0,29.0,32.55813953488372,4354.89,2406.3100000000004,1948.58,280.06,0.0,0.0,,,,,,,,0.11672184354049968
21,-1.0534177306234258,False,54,16,76.0,38.0,9,13,2.9000000000000004,18,46,1.8,3.9000000000000004,3.0,0.021,0.75,46.59011902725013,1.2521120084155666,0.9996405296900323,27.596629804910318,91.0,24.0,67.0,26.373626373626372,23139.08,18480.039999999997,4659.0400000000045,1846.95,0.0,0.0,-8.425330541749974,0.8769342677607921,-0.26797207555041996,24.841981803505984,46.0,10.0,36.0,21.73913043478261,6003.719999999999,6846.259999999998,-842.539999999999,638.88,0.0,0.0,,,,,,,,0.3205063837405549
22,-1.3491213962707072,False,42,16,78.0,29.0,9,17,2.5,14,39,1.9000000000000001,3.3000000000000003,2.0,0.024,0.7,41.313853016699994,4.337148626817447,2.3245763672313,7.40959306475267,16.0,8.0,8.0,50.0,5369.389999999999,1238.0,4131.389999999999,234.27,0.0,0.0,-2.901789894600006,0.6345754259592742,-0.3055854475668955,10.323500877895281,7.0,1.0,6.0,14.285714285714286,503.91,794.09,-290.18,97.74,0.0,0.0,,,,,,,,2.0947283776242425
23,-1.0624652583289977,False,49,14,71.0,34.0,14,10,3.1,12,32,1.8,3.7,3.5,0.027,0.6000000000000001,44.54920882664948,1.1167857360068623,0.812515561186205,25.594260995026108,154.0,39.0,115.0,25.324675324675326,42600.73,38145.84,4454.890000000007,3859.93,0.0,1.0,-12.615604257649975,0.8675183382427842,-0.23794914236422368,37.619520700338185,64.0,14.0,50.0,21.875,8260.9,9522.449999999999,-1261.5499999999993,987.01,0.0,0.0,,,,,,,,0.3747915499739867
24,-1.1167801505847814,False,33,17,75.0,31.0,11,10,3.5,16,36,1.5,3.3000000000000003,3.0,0.021,0.75,-7.346167325500192,0.9749357425155769,0.08724531737575118,31.87651155228127,206.0,52.0,154.0,25.24271844660194,28573.29,29307.87,-734.5799999999981,2942.81,0.0,1.0,-28.17831070704987,0.7957506462027343,-0.8840393596526028,38.61528585150271,113.0,27.0,86.0,23.893805309734514,10978.16,13795.980000000001,-2817.8200000000015,1395.3,0.0,3.0,,,,,,,,0.7006809035086883
25,-1.1961814814853273,False,77,13,80.0,26.0,16,14,2.4000000000000004,18,30,2.0,3.8000000000000003,4.0,0.016,0.7,-6.824535149699805,0.87895159731177,-0.23912848141345602,19.178379081332697,43.0,9.0,34.0,20.930232558139537,4955.450000000001,5637.91,-682.4599999999991,613.77,0.0,0.0,9.463325129999976,1.4097811919474483,1.0334069757162168,9.303363960968804,19.0,6.0,13.0,31.57894736842105,3255.6500000000005,2309.33,946.3200000000006,339.32,0.0,0.0,,,,,,,,1.1770888889119642
26,-1.1619047871187314,False,97,16,69.0,43.0,13,18,2.9000000000000004,14,47,1.7000000000000002,4.0,1.0,0.019,0.55,-1.224504924300072,0.9596477413870924,-0.04596997083561315,10.952272763794173,46.0,11.0,35.0,23.91304347826087,2912.79,3035.27,-122.48000000000002,242.24,0.0,0.0,4.502518031999971,1.369244142659155,0.8121727604057526,5.427562326217673,24.0,6.0,18.0,25.0,1669.67,1219.4099999999999,450.2600000000002,136.38,0.0,0.0,,,,,,,,0.9714287227123884
27,0.2800935223413988,True,63,19,72.0,40.0,8,16,3.3000000000000003,12,43,1.5,3.4000000000000004,2.0,0.015,0.65,39.60250945249985,1.2265823863912682,1.099978052069919,18.262293384830482,141.0,41.0,100.0,29.078014184397162,21438.44,17478.19,3960.25,1775.1,0.0,0.0,28.724642478349942,1.4769972932131055,1.7109547008774568,13.168329752474554,60.0,21.0,39.0,35.0,8894.33,6021.9,2872.4300000000003,674.92,0.0,0.0,0.08617392743504983,0.11924932330327637,-0.0,0.047619047619047616,0.03960250945249985,0.011329119319563409,-0.02388040478803831,
28,0.3013494992738617,True,59,21,66.0,45.0,10,16,3.3000000000000003,8,42,1.1,3.4000000000000004,2.0,0.015,0.55,19.62451326854969,1.088883604857082,0.6270296330271022,24.59530034084908,207.0,56.0,151.0,27.053140096618357,24041.57,22079.1,1962.4700000000012,2513.89,0.0,0.0,39.992192418799846,1.5834095560700285,2.2666589832851223,12.718153581223579,79.0,29.0,50.0,36.70886075949367,10854.130000000001,6854.910000000001,3999.2200000000003,896.46,0.0,0.0,0.11997657725639953,0.14585238901750713,-0.0,0.0626984126984127,0.019624513268549693,0.004444180242854101,-0.05124657320986147,
29,0.06662534237894002,True,65,21,73.0,45.0,8,17,3.5,7,42,1.1,2.6,2.0,0.015,0.55,0.9453816692997133,1.0048909271489932,0.14861491185417808,15.694022807886961,231.0,71.0,160.0,30.735930735930737,19415.989999999998,19321.489999999998,94.5,2243.47,0.0,1.0,19.892529545049946,1.257478170601955,1.3593945741791604,12.609795256188882,98.0,37.0,61.0,37.755102040816325,9715.05,7725.8200000000015,1989.2299999999977,1020.6,0.0,0.0,0.05967758863514984,0.06436954265048878,-0.0,0.07777777777777778,0.0009453816692997134,0.0002445463574496598,-0.13638949471122574,
30,0.15195155985871614,True,75,21,60.0,45.0,10,19,3.7,8,43,0.8,3.1,2.5,0.005,0.5,9.819327130249748,1.0862325618158106,0.6420845281626731,12.101121484187983,267.0,79.0,188.0,29.588014981273407,12368.550000000001,11386.650000000001,981.8999999999996,1686.74,0.0,1.0,7.8847894316499145,1.2015923257466903,1.1727288094179613,5.446574644096422,101.0,32.0,69.0,31.683168316831683,4699.74,3911.2599999999998,788.48,637.45,0.0,0.0,0.023654368294949744,0.05039808143667257,-0.0,0.08015873015873017,0.00981932713024975,0.004311628090790532,-0.016390575252676627,
31,0.34591014031419215,True,58,20,66.0,42.0,8,16,3.3000000000000003,10,35,1.5,3.5,1.5,0.014000000000000002,0.6000000000000001,30.88368710379975,1.1986242078197376,0.9786792362028606,17.608705630102623,163.0,44.0,119.0,26.993865030674847,18637.24,15548.859999999999,3088.380000000003,1545.33,0.0,0.0,31.743667183900016,1.6508705886212467,2.151330534091633,9.345721515034802,62.0,24.0,38.0,38.70967741935484,8051.5599999999995,4877.16,3174.3999999999996,571.8,0.0,0.0,0.09523100155170004,0.16271764715531167,-0.0,0.049206349206349205,0.030883687103799753,0.009931210390986878,-0.002059755093955408,
32,0.2810641172538396,True,59,20,64.0,42.0,8,16,3.3000000000000003,9,36,1.5,3.4000000000000004,2.0,0.013000000000000001,0.6000000000000001,36.60641857454983,1.201176840413757,1.1015507759243166,16.714801684884904,166.0,45.0,121.0,27.10843373493976,21856.829999999998,18196.18,3660.649999999998,1954.59,0.0,0.0,26.769197236849955,1.5158468176291153,1.8169173414737247,12.052622060194002,61.0,22.0,39.0,36.0655737704918,7866.290000000001,5189.369999999999,2676.920000000002,642.05,0.0,0.0,0.08030759171054987,0.12896170440727883,-0.0,0.048412698412698414,0.036606418574549826,0.010058842020687853,-0.023283137871925156,
33,0.07202446860770981,True,85,20,64.0,43.0,8,16,3.3000000000000003,6,35,1.2000000000000002,3.1,1.5,0.012,0.55,1.310574421099991,1.0109884581361128,0.14102625339258412,19.317450752770934,174.0,48.0,126.0,27.586206896551722,12057.2,11926.149999999998,131.0500000000029,1238.34,0.0,2.0,16.407861901100077,1.3537336503905366,1.398318445531375,11.769594525844578,76.0,26.0,50.0,34.21052631578947,6279.280000000001,4638.490000000001,1640.79,619.55,0.0,0.0,0.04922358570330023,0.08843341259763415,-0.0,0.06031746031746032,0.001310574421099991,0.0005494229068056411,-0.12780998733859053,
34,-1.013979063711765,False,56,20,63.0,42.0,10,18,3.0,8,39,0.8,2.9000000000000004,2.5,0.009000000000000001,0.6000000000000001,14.981710447949881,1.1148940836701813,0.6895451845016037,13.231319816942227,189.0,58.0,131.0,30.687830687830687,14538.23,13040.009999999998,1498.2200000000012,2104.53,0.0,1.0,-1.2008951816001536,0.9745412980226829,-0.057508871818207304,10.901320151553492,72.0,21.0,51.0,29.166666666666668,4595.430000000001,4715.4800000000005,-120.04999999999927,765.39,0.0,0.0,,,,,,,,0.08387438227058933
35,-1.0273733370414164,False,69,21,59.0,22.0,10,14,3.6,6,34,1.4,1.0,2.0,0.014000000000000002,0.5,-16.424002224849918,0.8812528015963677,-0.7916479190153652,17.641237995447426,285.0,146.0,139.0,51.228070175438596,12188.96,13831.4,-1642.4400000000005,2361.45,0.0,0.0,9.297881968500041,1.2039031900102195,1.1353921700884795,6.83113315217031,112.0,64.0,48.0,57.142857142857146,5489.63,4559.860000000001,929.7699999999995,1129.97,0.0,0.0,,,,,,,,0.16424002224849918
36,0.017291604375417356,True,108,19,62.0,38.0,12,20,4.0,9,36,1.6,3.8000000000000003,3.0,0.008,0.6000000000000001,27.273836071099833,1.29374815555187,1.1916020984922946,14.221511495239392,137.0,38.0,99.0,27.73722627737226,12011.960000000001,9284.619999999999,2727.340000000002,1104.26,0.0,3.0,4.146528123749995,1.1090727827040792,0.523446709237993,9.293587852440607,58.0,15.0,43.0,25.862068965517242,4216.240000000001,3801.59,414.65000000000055,530.17,0.0,0.0,0.012439584371249984,0.02726819567601979,-0.0,0.046031746031746035,0.027273836071099834,0.014687407777593498,-0.11040916555229179,
37,-1.0306950874019618,False,71,20,58.0,41.0,7,16,3.4000000000000004,5,40,0.8,3.4000000000000004,2.5,0.011,0.45,18.19477537149989,1.082345071483884,0.6161083300325053,20.43908775437456,279.0,71.0,208.0,25.448028673835125,23914.62,22095.19,1819.4300000000003,2901.82,0.0,3.0,-5.786308864400107,0.9173771924438423,-0.3498719824514019,16.529780974647736,113.0,30.0,83.0,26.548672566371682,6424.420000000001,7003.03,-578.6099999999988,1071.11,0.0,0.0,,,,,,,,0.18417052441177034
38,-1.0071236328900282,False,57,7,66.0,35.0,9,19,3.8000000000000003,7,37,0.5,3.2,1.5,0.007,0.55,-0.11901111945013326,0.9993036971994572,0.07501906634111342,16.454042112255063,368.0,98.0,270.0,26.630434782608695,17207.53,17219.52,-11.9900000000016,2757.56,0.0,0.0,0.3393190737498844,1.0063707295470496,0.11262597263003127,7.8202093542230875,122.0,36.0,86.0,29.508196721311474,5363.009999999999,5329.0599999999995,33.94999999999982,892.86,0.0,0.0,,,,,,,,0.04274179734016838
39,-1.1092215986231746,False,91,10,62.0,44.0,8,17,3.3000000000000003,9,28,1.4,3.8000000000000003,1.0,0.013000000000000001,0.5,-10.771054411999994,0.7080322243124413,-0.9325735844076596,18.09269520222709,77.0,14.0,63.0,18.181818181818183,2612.0299999999997,3689.14,-1077.1100000000001,370.52,0.0,0.0,2.1756911813999613,1.2383299920027169,0.5277258280357195,4.795077855534277,28.0,8.0,20.0,28.571428571428573,1130.3600000000001,912.8100000000001,217.55000000000007,138.41,0.0,0.0,,,,,,,,0.6553295917390476
40,-2.0,False,28,18,70.0,23.0,12,13,1.1,19,33,1.6,3.5,2.0,0.017,0.4,,,,,,,,,,,,,,,,,,,,,,,,,,,,,,,,,,,,6.0
41,0.28254660850677,True,62,19,72.0,40.0,8,16,3.3000000000000003,11,45,1.5,3.4000000000000004,2.0,0.014000000000000002,0.65,52.242655073699986,1.3028575138724956,1.419821624565368,17.24488417897523,144.0,43.0,101.0,29.86111111111111,22474.239999999994,17249.96,5224.279999999995,1839.97,0.0,0.0,28.66477033964993,1.497867107603379,1.7802921436757428,14.341912607848897,61.0,22.0,39.0,36.0655737704918,8623.88,5757.4400000000005,2866.4399999999987,675.92,0.0,0.0,0.08599431101894979,0.12446677690084473,-0.0,0.048412698412698414,0.05224265507369999,0.015142875693624781,-0.043712708593047725,
42,-1.0498359057772317,False,36,21,66.0,41.0,10,15,3.7,11,47,1.2000000000000002,3.2,2.0,0.013000000000000001,0.65,-4.484722573500185,0.981179861910966,0.032500811683339396,23.95630376878673,273.0,72.0,201.0,26.373626373626372,23383.92,23832.449999999997,-448.52999999999884,2646.88,0.0,1.0,-10.90682864510005,0.8976450813987427,-0.4698069041161215,23.198574653854116,131.0,35.0,96.0,26.717557251908396,9564.92,10655.57,-1090.6499999999996,1283.64,0.0,3.0,,,,,,,,0.2990154346633903
43,0.24204023677286177,True,60,20,64.0,43.0,7,16,3.2,11,41,1.5,3.7,2.5,0.014000000000000002,0.6000000000000001,37.43515054724973,1.2189713221479495,1.0547582597105951,16.631293112811658,151.0,40.0,111.0,26.490066225165563,20839.68,17096.12,3743.5600000000013,1800.48,0.0,0.0,25.186986043749965,1.4056083134317061,1.551418963462345,13.46804630333458,58.0,19.0,39.0,32.758620689655174,8728.42,6209.71,2518.71,728.26,0.0,0.0,0.0755609581312499,0.10140207835792653,-0.0,0.046031746031746035,0.03743515054724973,0.010948566107397473,-0.029338262402707888,
44,-1.1071428571428572,False,70,19,69.0,37.0,8,18,2.8,8,45,1.4,3.4000000000000004,1.5,0.011,0.65,19.437892139299983,1.381953983010381,1.0754923689212614,9.366708715923274,70.0,21.0,49.0,30.0,7032.749999999999,5088.99,1943.7599999999993,642.46,0.0,0.0,13.861015757650039,1.8094912720243417,1.5852260607698676,6.4779245921514015,27.0,11.0,16.0,40.74074074074074,3098.4100000000003,1712.31,1386.1000000000004,239.71,0.0,0.0,,,,,,,,0.6428571428571428
45,0.2405861592332823,True,78,21,74.0,45.0,11,17,3.4000000000000004,10,44,1.3,2.6,2.0,0.018000000000000002,0.55,8.55253639884997,1.051001690057524,0.37486895934539094,26.455857010523363,156.0,49.0,107.0,31.41025641025641,17623.89,16768.659999999996,855.2300000000032,1805.56,0.0,0.0,36.05456158414991,1.6456791339464003,2.2998729540564615,7.832631379508803,66.0,28.0,38.0,42.42424242424242,9189.390000000001,5583.95,3605.4400000000014,760.03,0.0,0.0,0.10816368475244972,0.16141978348660008,-0.0,0.05238095238095239,0.00855253639884997,0.0025500845028762044,-0.09248088228844606,
46,0.04317476164693665,True,44,19,66.0,39.0,9,19,3.0,13,48,1.2000000000000002,3.5,2.5,0.016,0.5,52.91924637284991,1.4576870152884938,1.4875153605785996,16.064259531520054,105.0,32.0,73.0,30.476190476190474,16854.199999999997,11562.289999999999,5291.909999999998,1398.45,0.0,0.0,5.7443661445000185,1.1370160026523999,0.5123541193523655,14.151551085845524,46.0,12.0,34.0,26.08695652173913,4766.860000000001,4192.429999999999,574.4300000000012,495.51,0.0,1.0,0.017233098433500054,0.03425400066309997,-0.0,0.03650793650793651,0.05291924637284992,0.022884350764424688,-0.12062387109487449,
47,0.012970335452943961,True,62,18,61.0,42.0,7,13,3.6,9,41,1.7000000000000002,2.9000000000000004,5.0,0.01,0.6000000000000001,20.289037590699646,1.1203333849317272,0.7762144933257693,12.90916544573448,194.0,60.0,134.0,30.927835051546392,18889.93,16860.989999999998,2028.9400000000023,2144.64,0.0,0.0,3.9425042819499505,1.0723608258586486,0.4317902036749917,10.56915285715406,73.0,22.0,51.0,30.136986301369863,5842.640000000001,5448.389999999999,394.2500000000018,698.68,0.0,0.0,0.01182751284584985,0.01809020646466214,-0.0,0.057936507936507946,0.02028903759069965,0.0060166692465863595,-0.10118959863136198,
48,-1.0465795959891406,False,55,20,57.0,40.0,20,15,3.8000000000000003,17,24,1.0,3.2,3.0,0.019,0.65,18.595487755849827,1.038379603086054,0.4989372798390785,35.22040152534683,292.0,79.0,213.0,27.054794520547944,50312.420000000006,48452.81999999999,1859.600000000013,5728.82,0.0,2.0,-14.252596117549892,0.9062008045026878,-0.39240591983111683,30.95586804606445,134.0,36.0,98.0,26.865671641791046,13769.25,15194.48,-1425.2299999999996,1845.87,0.0,0.0,,,,,,,,0.2794775759348439
49,-1.0436507936507937,False,102,20,71.0,44.0,8,16,2.7,7,37,0.9,3.7,1.0,0.012,0.6000000000000001,12.296296647649779,1.2020625095509376,0.7254044435489256,12.290678379426051,106.0,28.0,78.0,26.41509433962264,7315.499999999999,6085.789999999999,1229.71,674.03,0.0,0.0,11.405264621450005,1.8791440882427752,1.4793181021925146,6.974025825572137,31.0,13.0,18.0,41.935483870967744,2437.87,1297.3300000000002,1140.5399999999997,194.05,0.0,0.0,,,,,,,,0.26190476190476186
50,0.10441997937577156,True,121,19,67.0,36.0,10,14,3.2,5,42,1.6,3.0,1.5,0.015,0.7,26.56603929589979,1.2096690433083355,0.9687674993752284,17.226117553076268,138.0,43.0,95.0,31.159420289855074,15327.16,12670.540000000003,2656.619999999997,1510.64,0.0,3.0,10.205721959000002,1.2647560887025642,0.8508458371410978,9.647416418291217,47.0,15.0,32.0,31.914893617021278,4875.23,3854.6799999999994,1020.5500000000002,483.23,0.0,0.0,0.030617165877000002,0.06618902217564104,-0.0,0.0373015873015873,0.02656603929589979,0.010483452165416775,-0.06673728743977335,
51,0.24832924247961974,True,63,19,72.0,40.0,8,16,3.4000000000000004,12,44,1.5,3.4000000000000004,2.0,0.015,0.65,76.66073148414992,1.3795073393164687,1.7063920135667798,14.179735584592315,149.0,46.0,103.0,30.87248322147651,27866.199999999993,20200.11,7666.089999999993,2098.85,0.0,0.0,25.696168920799995,1.3948155671270512,1.555394167085314,14.076970693433195,65.0,22.0,43.0,33.84615384615385,9077.920000000002,6508.33,2569.590000000002,738.79,0.0,0.0,0.07708850676239998,0.09870389178176281,-0.0,0.0515873015873016,0.07666073148414992,0.01897536696582344,-0.074686556101818,
52,0.3590381197027487,True,73,18,75.0,42.0,9,17,3.3000000000000003,11,39,1.5,3.4000000000000004,2.0,0.014000000000000002,0.65,57.872712694199976,1.3959209447011072,1.6503023102995122,15.86013059025981,121.0,38.0,83.0,31.40495867768595,20404.329999999998,14617.109999999999,5787.219999999999,1697.13,0.0,1.0,34.07711646704998,1.7099206266536113,2.2027994276704987,9.601729885313317,51.0,20.0,31.0,39.21568627450981,8207.79,4800.1,3407.6900000000005,599.1899999999999,0.0,0.0,0.10223134940114995,0.17748015666340283,-0.0,0.04047619047619048,0.05787271269419998,0.01979604723505536,-0.038818336767249925,
53,-1.0479324924200035,False,88,18,75.0,42.0,9,18,3.0,10,39,1.4,1.9,2.5,0.014000000000000002,0.65,-5.290107696900105,0.9263799668229035,-0.21331391244084025,21.39856198096554,89.0,32.0,57.0,35.95505617977528,6656.67,7185.679999999999,-529.0099999999993,982.04,0.0,0.0,15.427743336300065,1.542281195079086,1.7145947988569283,5.915733597639463,36.0,18.0,18.0,50.0,4387.79,2845.0,1542.79,493.5,0.0,0.0,,,,,,,,0.2875949545200215
54,0.021752176178397142,True,71,21,77.0,41.0,7,17,3.6,11,35,1.3,3.5,2.0,0.011,0.6000000000000001,28.561664311699914,1.1542762324581755,0.9283247312240037,17.26108116072055,193.0,51.0,142.0,26.424870466321245,21369.820000000003,18513.61,2856.2100000000028,2010.02,0.0,1.0,4.545443257799998,1.0718137251029691,0.4454802353822874,13.267503669510047,79.0,22.0,57.0,27.848101265822784,6784.12,6329.57,454.5500000000002,674.2,0.0,0.0,0.013636329773399992,0.017953431275742282,-0.0,0.0626984126984127,0.028561664311699916,0.007713811622908773,-0.10881147350376652,
55,-1.0215419501133787,False,78,17,74.0,43.0,9,19,3.2,13,40,1.6,3.9000000000000004,1.5,0.017,0.55,4.42077086429983,1.0559621517399236,0.2649199917059992,14.488444704216432,90.0,21.0,69.0,23.333333333333332,8340.95,7898.910000000001,442.03999999999996,740.09,0.0,0.0,12.37975173735007,1.3509930395089382,1.0694981104558847,11.349991121376931,40.0,11.0,29.0,27.5,4765.0199999999995,3527.0499999999993,1237.9700000000003,339.03,0.0,0.0,,,,,,,,0.12925170068027214
56,0.06248161855288714,True,46,20,68.0,39.0,11,15,3.4000000000000004,9,38,1.5,3.6,2.5,0.013000000000000001,0.7,35.104957169549635,1.1594782667159713,0.9571945543762608,18.41048713696356,178.0,48.0,130.0,26.96629213483146,25523.34,22012.78,3510.5600000000013,2513.68,0.0,1.0,10.208581989749947,1.1327546522061405,0.7147950910926466,19.321865953465178,79.0,22.0,57.0,27.848101265822784,8710.77,7689.900000000001,1020.8699999999999,965.92,0.0,2.0,0.03062574596924984,0.03318866305153512,-0.024696376876943874,0.0626984126984127,0.03510495716954964,0.007973913335798567,-0.08241369679471484,
57,-1.0257691776337488,False,81,8,64.0,44.0,17,5,3.1,8,49,1.7000000000000002,3.3000000000000003,1.5,0.01,0.25,-5.225826770950079,0.8637884925165387,-0.4650116780669051,13.545053537996166,95.0,22.0,73.0,23.157894736842106,3313.89,3836.46,-522.5700000000002,358.17,0.0,1.0,-0.28980995649999386,0.9777112236884655,-0.029429590716853943,5.0963964462978835,42.0,11.0,31.0,26.19047619047619,1269.91,1298.8599999999997,-28.94999999999959,156.99,0.0,0.0,,,,,,,,0.15461506580249282
58,0.08883683344697436,True,53,11,76.0,38.0,12,17,3.9000000000000004,15,33,1.3,3.7,2.0,0.009000000000000001,0.6000000000000001,33.30718937314983,1.1951316535669259,1.1127490323718052,12.337231056868909,211.0,56.0,155.0,26.540284360189574,20399.75,17069.04,3330.709999999999,1824.78,0.0,1.0,8.580577548400033,1.1263725744312356,0.7459306868373972,10.585754539098238,97.0,26.0,71.0,26.804123711340207,7648.25,6790.160000000001,858.0899999999992,735.58,0.0,0.0,0.025741732645200098,0.031593143607808905,-0.0,0.07698412698412699,0.03330718937314983,0.009756582678346294,-0.08854594184165775,
59,0.11466224870166462,True,73,12,72.0,28.0,15,18,2.9000000000000004,11,18,1.4,2.7,3.0,0.016,0.65,15.978382737199809,1.1155407814175604,0.6338389010343405,21.158490060193866,115.0,38.0,77.0,33.04347826086956,15426.78,13828.970000000001,1597.8099999999995,1946.86,0.0,1.0,10.72447013115001,1.202256345263825,0.9553406988547113,11.774416026071027,50.0,18.0,32.0,36.0,6374.82,5302.379999999999,1072.4400000000005,858.45,0.0,0.0,0.03217341039345003,0.05056408631595627,-0.0,0.03968253968253968,0.01597838273719981,0.005777039070878021,-0.02951320949835919,
60,-1.0082442477417501,False,67,15,78.0,44.0,7,15,3.1,6,29,1.7000000000000002,3.0,2.0,0.023000000000000003,0.55,-4.946548645050116,0.9697829287813342,-0.02239835017175958,23.797082758650934,150.0,40.0,110.0,26.666666666666668,15873.310000000001,16367.900000000001,-494.59000000000015,1624.13,0.0,0.0,5.404873045549993,1.0948043291410126,0.44932606597709207,16.66282706924704,54.0,15.0,39.0,27.77777777777778,6241.37,5700.9000000000015,540.4699999999984,574.71,0.0,0.0,,,,,,,,0.04946548645050117
61,0.2901531021150147,True,59,19,74.0,41.0,8,16,3.3000000000000003,12,43,1.5,3.4000000000000004,2.0,0.014000000000000002,0.65,37.31619695099984,1.2256063940412563,1.0820062444989322,17.152544871137536,147.0,42.0,105.0,28.571428571428573,20272.019999999997,16540.4,3731.6199999999953,1731.16,0.0,0.0,29.172798532549876,1.4959883978924422,1.7943995152964158,12.694720474660166,61.0,21.0,40.0,34.42622950819672,8798.939999999999,5881.6900000000005,2917.249999999998,664.12,0.0,0.0,0.08751839559764962,0.12399709947311055,-0.0,0.048412698412698414,0.03731619695099984,0.011280319702062815,-0.018371608021506544,
62,0.24317522583201395,True,59,19,74.0,42.0,9,16,3.3000000000000003,10,45,1.5,3.2,1.5,0.014000000000000002,0.65,31.8254209632498,1.216860967846783,1.0541785320679828,15.556706615788904,147.0,45.0,102.0,30.612244897959183,17858.249999999996,14675.67,3182.5799999999963,1528.7,0.0,0.0,22.27761495019995,1.450104153828436,1.6251367040773785,11.983209873156959,60.0,22.0,38.0,36.666666666666664,7177.159999999999,4949.41,2227.749999999999,544.89,0.0,0.0,0.06683284485059984,0.11252603845710901,-0.0,0.047619047619047616,0.0318254209632498,0.01084304839233915,-0.02647117445033148,
63,0.1966094826678481,True,52,18,75.0,41.0,18,17,3.5,13,41,1.6,3.5,2.5,0.013000000000000001,0.3,14.335203545000022,1.1364511155105463,0.6400653684632058,10.740868322079514,135.0,35.0,100.0,25.925925925925927,11940.010000000002,10506.399999999998,1433.6100000000042,1053.58,0.0,1.0,14.46862945940009,1.3277880733487692,1.2612725056003078,12.004341085853063,64.0,19.0,45.0,29.6875,5860.830000000001,4413.9800000000005,1446.8500000000004,460.17,0.0,0.0,0.043405888378200266,0.08194701833719231,-0.0,0.050793650793650794,0.014335203545000022,0.006822555775527317,-0.0006948341617226008,
64,-1.0000336173606796,False,41,20,70.0,43.0,8,14,3.3000000000000003,12,37,1.4,3.9000000000000004,2.0,0.018000000000000002,0.7,62.67958932434995,1.1927990754921445,1.140435678071848,26.732666327651533,218.0,57.0,161.0,26.146788990825687,38778.22,32510.27,6267.950000000001,3343.7,0.0,0.0,4.920953393399941,1.049788210627718,0.4015684286348961,25.86529449447922,89.0,23.0,66.0,25.84269662921348,10374.49,9882.460000000001,492.02999999999884,1032.09,0.0,3.0,,,,,,,,0.00020170416407804312
65,0.14734277087661865,True,67,17,73.0,45.0,9,16,3.6,10,42,1.1,3.3000000000000003,2.0,0.012,0.6000000000000001,28.416671752199928,1.1351005839067652,0.8532559631873098,17.765418723794987,217.0,60.0,157.0,27.649769585253456,23875.91,21034.18,2841.7299999999996,2417.13,0.0,0.0,14.224671630949942,1.1951420603030931,1.0636253620848353,12.466469407097346,89.0,27.0,62.0,30.337078651685392,8712.0,7289.509999999999,1422.4900000000007,866.61,0.0,0.0,0.042674014892849825,0.04878551507577328,-0.0,0.07063492063492065,0.028416671752199932,0.006755029195338259,-0.0499233806744633,
66,0.1596280828495359,True,50,21,65.0,34.0,10,15,3.2,19,40,1.9000000000000001,3.6,2.5,0.016,0.6000000000000001,24.03152020564985,1.1685024242657962,0.7821185328473893,18.69075289496011,110.0,29.0,81.0,26.363636363636363,16665.239999999998,14262.05,2403.1899999999987,1377.32,0.0,0.0,15.672802575650058,1.3008948610287159,1.0362242240209694,12.675561361899208,46.0,13.0,33.0,28.26086956521739,6775.88,5208.63,1567.25,569.63,0.0,1.0,0.04701840772695017,0.07522371525717897,-0.0,0.03650793650793651,0.024031520205649852,0.00842512121328981,-0.031578618061469416,
67,0.21759087407462058,True,59,19,78.0,40.0,8,18,3.5,12,46,1.5,3.4000000000000004,1.5,0.015,0.65,62.372944937549946,1.4140418283611318,1.605781330958636,13.745560405041118,140.0,43.0,97.0,30.714285714285715,21301.72,15064.42,6237.300000000001,1518.84,0.0,0.0,21.060343402349883,1.4014812273026223,1.4826717652838939,12.762607802948898,57.0,19.0,38.0,33.333333333333336,7351.68,5245.65,2106.0300000000007,515.92,0.0,0.0,0.06318103020704964,0.10037030682565556,-0.0,0.045238095238095244,0.06237294493754995,0.02070209141805659,-0.0742735945517864,
68,-2.0,False,81,20,77.0,39.0,13,20,1.6,9,35,1.3,3.1,1.0,0.028,0.55,,,,,,,,,,,,,,,,,,,,,,,,,,,,,,,,,,,,6.0
69,0.05980148078150138,True,64,14,76.0,30.0,7,17,3.4000000000000004,11,38,1.6,3.8000000000000003,2.0,0.012,0.7,2.4912283624998235,1.017888330968235,0.18988892298482316,15.868884650968612,151.0,35.0,116.0,23.178807947019866,14173.81,13924.72,249.09000000000015,1432.18,0.0,0.0,15.764624274550043,1.2917811895573632,1.250940157017698,14.590914002855323,57.0,17.0,40.0,29.82456140350877,6979.3,5402.85,1576.4499999999998,584.77,0.0,0.0,0.04729387282365013,0.0729452973893408,-0.0,0.045238095238095244,0.0024912283624998234,0.0008944165484117473,-0.10906142958049636,
70,-1.0470423478313156,False,46,21,63.0,37.0,8,9,3.0,7,44,0.7,3.5,1.5,0.022000000000000002,0.6000000000000001,-9.471361067450198,0.9667514889541438,-0.016672431161957935,29.69183140535235,352.0,79.0,273.0,22.443181818181817,27536.059999999994,28483.08,-947.0200000000077,2860.94,0.0,4.0,-7.620953737,0.9331025141094395,-0.22447040998616175,24.955165298780628,159.0,37.0,122.0,23.270440251572328,10629.26,11391.310000000001,-762.0500000000011,1276.2,0.0,2.0,,,,,,,,0.282254086987893
71,0.283761339193055,True,73,19,72.0,40.0,9,16,3.3000000000000003,12,43,1.5,3.4000000000000004,2.0,0.014000000000000002,0.65,52.09145612989976,1.3001799075222318,1.46897725757802,15.858571882312292,135.0,41.0,94.0,30.37037037037037,22562.49,17353.360000000004,5209.129999999997,1932.1,0.0,1.0,28.241208486700014,1.5344565900333835,1.839607728696638,12.284399910897527,54.0,20.0,34.0,37.03703703703704,8108.13,5284.04,2824.09,599.65,0.0,0.0,0.08472362546010004,0.13361414750834588,-0.0,0.04285714285714286,0.052091456129899766,0.01500899537611159,-0.044534028138545116,
72,0.1890602053521812,True,75,18,71.0,42.0,9,17,3.2,15,42,1.5,3.1,2.0,0.014000000000000002,0.65,31.541917021899934,1.2615399030357102,1.1210299307096112,16.140101279569706,112.0,35.0,77.0,31.25,15214.309999999998,12060.109999999999,3154.199999999999,1357.4,0.0,1.0,18.030898239200035,1.3534951928355214,1.37073076546936,13.240767017194424,54.0,19.0,35.0,35.18518518518518,6903.8,5100.719999999999,1803.0800000000008,635.3100000000001,0.0,0.0,0.05409269471760011,0.08837379820888036,-0.0,0.04285714285714286,0.031541917021899936,0.013076995151785509,-0.040882342605127554,
73,0.1586943074768688,True,67,19,75.0,41.0,10,16,3.4000000000000004,10,46,1.7000000000000002,3.3000000000000003,2.5,0.013000000000000001,0.65,9.755892098249605,1.0643172718168217,0.41183480894247804,18.46937890037883,138.0,37.0,101.0,26.81159420289855,16142.83,15167.310000000001,975.5199999999986,1657.11,0.0,0.0,17.933929494299974,1.386159613616446,1.3785862864965344,10.794975771641042,50.0,16.0,34.0,32.0,6437.45,4644.089999999999,1793.3600000000006,529.58,0.0,0.0,0.053801788482899925,0.0965399034041115,-0.0,0.03968253968253968,0.009755892098249605,0.0032158635908410838,-0.04430167978177301,
74,-1.005870213799232,False,85,20,69.0,43.0,9,15,3.7,13,43,1.4,3.7,2.0,0.011,0.7,27.37869748069985,1.1551784822617295,0.8978484796277411,16.510350711553635,175.0,45.0,130.0,25.714285714285715,20381.38,17643.489999999998,2737.890000000003,1801.91,0.0,2.0,0.8455671820999122,1.0130176530648387,0.17502181803770078,14.088953174287756,77.0,19.0,58.0,24.675324675324674,6578.0199999999995,6493.490000000001,84.52999999999884,658.64,0.0,0.0,,,,,,,,0.035221282795391745
75,0.21096599731766716,True,58,18,67.0,25.0,8,14,3.1,11,39,1.5,3.6,2.5,0.017,0.6000000000000001,75.74084878199963,1.3299342752945151,1.5029876055483913,24.78767534184719,158.0,46.0,112.0,29.11392405063291,30530.449999999997,22956.36,7574.0899999999965,2465.17,0.0,0.0,23.174900990600015,1.3124931735160739,1.2959870773289937,14.829600950175342,64.0,20.0,44.0,31.25,9733.41,7415.970000000001,2317.4399999999987,856.63,0.0,0.0,0.06952470297180004,0.07812329337901847,-0.0,0.050793650793650794,0.07574084878199963,0.016496713764725758,-0.07971321237352753,
76,0.0069638611441144105,True,54,17,72.0,40.0,7,16,3.3000000000000003,16,36,1.6,3.4000000000000004,2.0,0.014000000000000002,0.65,21.358125453449954,1.135288703527863,0.70107877892956,17.015476265783956,148.0,39.0,109.0,26.35135135135135,17922.359999999997,15786.61,2135.7499999999964,1592.13,0.0,0.0,4.046905471999889,1.059774797597014,0.3889641261364134,14.025690187835552,68.0,18.0,50.0,26.470588235294116,7174.58,6769.909999999999,404.670000000001,647.37,0.0,0.0,0.012140716415999665,0.014943699399253496,-0.0,0.05396825396825397,0.021358125453449957,0.006764435176393147,-0.10221136926923582,
77,-1.1819727891156462,False,74,10,73.0,39.0,10,19,2.9000000000000004,8,32,1.8,3.3000000000000003,1.5,0.016,0.6000000000000001,11.621246800349981,1.3026972116223647,0.7623438459791442,12.32585811460522,47.0,15.0,32.0,31.914893617021278,5001.250000000001,3839.1499999999996,1162.1000000000013,434.53,0.0,0.0,4.662778349150012,1.4156956789187936,0.6736680989053513,6.319131506202841,18.0,6.0,12.0,33.333333333333336,1588.0,1121.71,466.28999999999996,164.59,0.0,0.0,,,,,,,,1.0918367346938775
78,-1.0148064281969846,False,62,19,70.0,20.0,11,15,3.3000000000000003,12,10,1.2000000000000002,3.2,2.0,0.02,0.75,19.177338061299615,1.0553234787896904,0.5163307112175413,31.486724553041633,288.0,77.0,211.0,26.73611111111111,36580.530000000006,34662.86,1917.6700000000055,3978.56,0.0,2.0,-2.235241307150081,0.9801895360840727,0.08404958164902954,26.09552534767114,104.0,27.0,77.0,25.96153846153846,11061.88,11285.45,-223.57000000000153,1249.18,0.0,0.0,,,,,,,,0.08883856918190783
79,0.315102777721112,True,93,20,74.0,44.0,20,18,3.5,9,48,1.5,4.0,2.5,0.015,0.55,58.24045416889956,1.396389093638954,1.5717411115485107,16.833012624219435,105.0,30.0,75.0,28.571428571428573,20516.739999999998,14692.710000000001,5824.029999999997,1634.76,0.0,0.0,31.468949375200044,1.5813449544809646,1.888360865955311,11.15732333218638,53.0,16.0,37.0,30.18867924528302,8560.01,5413.120000000001,3146.8899999999994,681.11,0.0,0.0,0.09440684812560013,0.14533623862024114,-0.0,0.04206349206349207,0.05824045416889956,0.019819454681947703,-0.0447637099390686,
80,0.18708786127012372,True,94,21,74.0,43.0,21,18,3.5,14,48,1.3,4.0,3.0,0.015,0.5,40.73628723324957,1.2255267248939243,1.0816541705842049,25.989043119535964,124.0,33.0,91.0,26.612903225806452,22136.149999999998,18062.559999999998,4073.59,1947.69,0.0,0.0,19.968000756699965,1.3250059001131194,1.260854673568132,13.080367239715695,57.0,16.0,41.0,28.07017543859649,8140.7699999999995,6143.95,1996.8199999999997,743.82,0.0,0.0,0.0599040022700999,0.08125147502827984,-0.0,0.045238095238095244,0.04073628723324957,0.011276336244696218,-0.051318334744297034,
81,0.32489255885007334,True,100,20,74.0,45.0,20,17,3.6,9,50,1.5,3.8000000000000003,2.5,0.013000000000000001,0.55,40.14128883399972,1.271559661577887,1.2173901409524819,16.769181808046334,128.0,35.0,93.0,27.34375,18795.61,14781.54,4014.0699999999997,1659.35,0.0,0.0,32.387513719949965,1.566535880028478,2.125357529585752,10.04392962765265,61.0,19.0,42.0,31.147540983606557,8955.4,5716.69,3238.71,766.28,0.0,0.0,0.0971625411598499,0.14163397000711953,-0.0,0.048412698412698414,0.04014128883399972,0.013577983078894351,-0.016035922642488546,
82,0.20028093954450352,True,119,20,76.0,45.0,20,17,3.8000000000000003,10,50,1.5,3.9000000000000004,2.5,0.012,0.55,14.239904350049601,1.0960179631633777,0.5445950096828375,20.481354853190904,146.0,35.0,111.0,23.972602739726028,16254.330000000002,14830.350000000002,1423.9799999999996,1615.4,0.0,0.0,19.83334616864999,1.4172020210944374,1.5061596966627269,11.471995299927123,53.0,15.0,38.0,28.30188679245283,6737.180000000001,4753.86,1983.3200000000015,591.24,0.0,0.0,0.05950003850594997,0.10430050527360935,-0.0,0.04206349206349207,0.014239904350049602,0.004800898158168887,-0.024623898806766364,
83,0.13161336588983588,True,102,21,74.0,44.0,19,18,3.6,9,49,1.4,4.0,3.5,0.014000000000000002,0.55,51.43470842939975,1.3084857357568982,1.2980055861540845,19.82310646541062,122.0,33.0,89.0,27.049180327868854,21817.05,16673.51,5143.540000000001,1926.1,0.0,0.0,14.639991257149996,1.2365044748150302,1.015782721412058,13.094872944831518,57.0,15.0,42.0,26.31578947368421,7654.21,6190.2,1464.0100000000002,816.5,0.0,0.0,0.04391997377144998,0.05912611870375756,-0.0,0.045238095238095244,0.05143470842939975,0.01542428678784491,-0.08352981704071157,
84,0.2689202866969603,True,109,19,73.0,45.0,20,17,3.5,10,48,1.6,3.7,2.5,0.018000000000000002,0.5,18.39699915114963,1.1302903359454952,0.6164420377106314,25.037652996150563,116.0,30.0,86.0,25.862068965517242,15959.530000000002,14119.85,1839.680000000002,1447.28,0.0,0.0,29.37534357065004,1.6058586708576192,1.7724063423398713,14.437012230107804,49.0,15.0,34.0,30.612244897959183,7786.07,4848.539999999999,2937.5300000000007,606.39,0.0,0.0,0.0881260307119501,0.1514646677144048,-0.0,0.03888888888888889,0.018396999151149628,0.0065145167972747615,-0.03447081656670794,
85,0.2628052279546451,True,90,20,75.0,44.0,21,18,3.7,11,47,1.4,3.8000000000000003,2.5,0.015,0.55,42.91994471249969,1.224206553394889,1.1387603960818844,19.86915776912311,146.0,38.0,108.0,26.027397260273972,23434.680000000004,19142.749999999996,4291.930000000008,2078.46,0.0,0.0,27.96189392455004,1.4352976890085856,1.668155192568143,12.374210899715742,60.0,17.0,43.0,28.333333333333332,9219.85,6423.65,2796.2000000000007,772.94,0.0,0.0,0.08388568177365012,0.10882442225214639,-0.0,0.047619047619047616,0.04291994471249969,0.011210327669744446,-0.03165419607244314,
86,-1.0119047619047619,False,105,20,72.0,41.0,19,19,3.4000000000000004,8,45,1.6,3.9000000000000004,3.0,0.017,0.5,67.06480778299978,1.5061131650580981,1.684175753880444,21.151700795449095,91.0,27.0,64.0,29.67032967032967,19957.370000000003,13250.91,6706.460000000003,1541.46,0.0,1.0,27.93268215490005,1.5952770135347383,1.7364203938190939,13.454454080696014,43.0,13.0,30.0,30.232558139534884,7485.63,4692.37,2793.26,592.92,0.0,0.0,,,,,,,,0.0714285714285714
87,0.12100069533788059,True,113,19,71.0,43.0,20,16,3.9000000000000004,7,43,1.5,3.8000000000000003,4.5,0.016,0.6000000000000001,39.79712005139972,1.1664262068573281,0.9034416954740097,36.70551222471282,168.0,44.0,124.0,26.19047619047619,27892.19,23912.52,3979.6699999999983,2878.87,0.0,2.0,17.038998488599937,1.1938638859021837,0.9791943481496468,18.189466623274537,65.0,17.0,48.0,26.153846153846153,10492.809999999998,8788.95,1703.859999999997,1121.57,0.0,0.0,0.051116995465799814,0.04846597147554593,-0.018225523561568785,0.0515873015873016,0.03979712005139973,0.008321310342866406,-0.06006248002346411,
88,-1.0119047619047619,False,97,18,73.0,44.0,21,17,3.1,9,49,1.4,3.6,2.5,0.013000000000000001,0.55,18.871399168699863,1.2057455286813086,0.817737030415947,11.931996036714613,91.0,25.0,66.0,27.47252747252747,11059.52,9172.35,1887.17,1057.44,0.0,0.0,15.332520610649937,1.3753013773403404,1.2320805635889522,10.287858804755889,47.0,14.0,33.0,29.78723404255319,5618.670000000001,4085.4100000000003,1533.2600000000007,568.46,0.0,0.0,,,,,,,,0.0714285714285714
89,-1.0279136439856673,False,133,21,79.0,45.0,18,16,3.6,12,46,1.7000000000000002,4.0,3.0,0.025,0.65,-16.748186391400356,0.9122996545420365,-0.20204082794754807,37.608360890366974,121.0,25.0,96.0,20.66115702479339,17421.63,19096.39,-1674.7599999999984,1776.63,0.0,0.0,14.53308744014992,1.187303297513397,0.7619456830875413,26.845036327424992,44.0,10.0,34.0,22.727272727272727,9212.5,7759.179999999999,1453.3200000000006,749.45,0.0,0.0,,,,,,,,0.16748186391400355
90,0.2232539024208014,True,87,13,75.0,38.0,21,17,3.2,11,40,1.5,3.5,2.0,0.005,0.45,7.761395260699937,1.1714656852132495,0.7232357029489046,10.637279885219064,112.0,31.0,81.0,27.678571428571427,5302.78,4526.620000000001,776.159999999999,567.5600000000001,0.0,0.0,11.801120279100033,1.6512353002853026,2.085610928824668,5.2263644188181475,50.0,18.0,32.0,36.0,2992.22,1812.1100000000001,1180.1099999999997,270.49,0.0,0.0,0.0354033608373001,0.16280882507132566,-0.0,0.03968253968253968,0.007761395260699937,0.008573284260662473,-0.03097550269172645,
91,0.0972185900879731,True,81,20,65.0,42.0,9,15,3.4000000000000004,8,44,1.5,3.4000000000000004,2.0,0.013000000000000001,0.6000000000000001,65.7151563128498,1.4102152910383519,1.7533117657150594,17.125715577464003,147.0,46.0,101.0,31.292517006802722,22591.239999999998,16019.710000000001,6571.529999999997,1803.17,0.0,2.0,9.780113041999957,1.1679794714658185,0.775654165645115,14.719935138048035,64.0,19.0,45.0,29.6875,6800.14,5822.14,978.0,674.06,0.0,0.0,0.02934033912599987,0.04199486786645462,-0.0,0.050793650793650794,0.0657151563128498,0.020510764551917596,-0.11113618856289958,
92,-1.018898687284,False,69,20,74.0,44.0,16,16,3.3000000000000003,17,47,1.6,1.4,2.0,0.014000000000000002,0.65,-11.339212370400073,0.8907040515857907,-0.5105980301803428,21.471335148042396,147.0,62.0,85.0,42.17687074829932,9241.01,10374.95,-1133.9400000000005,1404.58,0.0,0.0,4.796867194900097,1.1134149801399658,0.5905024201349601,6.522929961093821,62.0,30.0,32.0,48.38709677419355,4709.299999999999,4229.6,479.6999999999989,654.74,0.0,0.0,,,,,,,,0.11339212370400073
93,0.1495347311978544,True,94,19,77.0,42.0,20,18,3.2,9,50,0.9,3.6,2.5,0.015,0.6000000000000001,34.87725047924956,1.1963995305841117,0.9674959427771894,26.155967461591896,164.0,44.0,120.0,26.829268292682926,21245.949999999997,17758.24,3487.7099999999955,2304.93,0.0,0.0,15.690231469850005,1.238438392802869,1.0732301598426532,15.084569220222743,70.0,21.0,49.0,30.0,8149.42,6580.400000000001,1569.0199999999995,958.53,0.0,0.0,0.047070694409550015,0.05960959820071726,-0.00048325268698710445,0.05555555555555556,0.03487725047924956,0.009819976529205588,-0.05691509128943648,
94,0.0863450107812616,True,72,21,76.0,41.0,8,17,3.5,10,37,1.4,3.7,2.0,0.011,0.55,53.11187461384983,1.3335567000921311,1.614219274244779,14.559883760333939,160.0,45.0,115.0,28.125,21234.210000000003,15922.99,5311.220000000003,1733.44,0.0,1.0,8.865040492900008,1.172322364060128,0.785670144155601,12.772608396165255,68.0,20.0,48.0,29.41176470588235,6030.860000000001,5144.370000000001,886.4899999999998,601.25,0.0,0.0,0.02659512147870002,0.04308059101503198,-0.0,0.05396825396825397,0.053111874613849835,0.016677835004606557,-0.10708866529918076,
95,0.09384020808473587,True,100,20,63.0,43.0,8,16,3.4000000000000004,9,39,1.5,3.4000000000000004,1.5,0.012,0.65,66.29934499134987,1.5285389711333794,2.0779204585104245,12.421198041434115,134.0,44.0,90.0,32.83582089552239,19173.839999999997,12543.9,6629.939999999997,1404.6,0.0,2.0,8.041339264249945,1.1908554936343527,0.7381264710477922,9.845723785654197,59.0,18.0,41.0,30.508474576271187,5017.36,4213.24,804.1199999999999,515.71,0.0,0.0,0.024124017792749836,0.04771387340858818,-0.0,0.046825396825396826,0.06629934499134987,0.026426948556668974,-0.11754937349001782,
96,0.4111995631728269,True,56,19,66.0,40.0,15,19,3.7,8,34,1.4,3.5,2.0,0.013000000000000001,0.7,39.494434490899934,1.1963422558044616,1.0863022765737405,11.983112634153086,180.0,49.0,131.0,27.22222222222222,24064.579999999998,20115.129999999997,3949.4500000000007,2353.91,0.0,0.0,50.08624247549995,1.6761898975989413,2.6782845238642166,9.143102658222247,76.0,28.0,48.0,36.8421052631579,12415.789999999999,7407.150000000001,5008.6399999999985,1035.71,0.0,0.0,0.15025872742649984,0.16904747439973533,-0.0,0.06031746031746032,0.039494434490899934,0.009817112790223083,-0.017735646251991623,
97,0.1911943394404893,True,56,18,68.0,40.0,14,19,3.7,8,34,1.3,3.2,2.5,0.014000000000000002,0.7,45.44977569939991,1.1857480020515883,1.119548950533155,15.757065778819676,195.0,59.0,136.0,30.256410256410255,29013.890000000003,24468.85,4545.0400000000045,3054.83,0.0,0.0,21.17710228474989,1.2277482631794032,1.258048856437164,14.43992059110284,89.0,29.0,60.0,32.58426966292135,11416.34,9298.6,2117.74,1251.91,0.0,0.0,0.06353130685424967,0.056937065794850805,-0.0,0.07063492063492065,0.04544977569939991,0.009287400102579413,-0.05464612964551115,
98,0.23462659710145914,True,78,19,66.0,36.0,19,19,3.9000000000000004,20,41,1.6,3.5,2.0,0.016,0.7,65.6612629239,1.2876180505668182,1.518947345773077,19.458579838904917,148.0,43.0,105.0,29.054054054054053,29395.29,22829.199999999997,6566.090000000004,2349.15,0.0,1.0,27.859637948749878,1.384619844853793,1.5616245151578505,17.124102087213018,60.0,19.0,41.0,31.666666666666668,10029.48,7243.489999999999,2785.9900000000007,792.6,0.0,0.0,0.08357891384624963,0.09615496121344824,-0.012137726212645817,0.047619047619047616,0.0656612629239,0.014380902528340912,-0.06063076481688145,
99,0.2958027699585815,True,65,16,72.0,33.0,15,18,3.6,7,45,1.4,3.3000000000000003,1.5,0.012,0.7,19.41437442104976,1.1383798015824649,0.728703784871445,13.837415890293217,169.0,47.0,122.0,27.810650887573964,15971.479999999998,14030.009999999998,1941.4699999999993,1628.63,0.0,0.0,31.793235145700095,1.6255290013752557,2.357999974793911,9.453402943171042,68.0,25.0,43.0,36.76470588235294,8262.06,5082.6900000000005,3179.369999999999,697.36,0.0,0.0,0.09537970543710028,0.15638225034381392,-0.0,0.05396825396825397,0.019414374421049763,0.006918990079123244,-0.03626080429075969,
100,-1.0195939191119168,False,65,15,67.0,33.0,13,20,3.8000000000000003,6,31,1.4,3.8000000000000003,1.0,0.026000000000000002,0.75,-11.756351467150107,0.9182529097541609,-0.25876196511342314,28.286118523778082,202.0,42.0,160.0,20.792079207920793,13205.34,14380.939999999999,-1175.5999999999985,1356.29,0.0,1.0,31.251616954100026,1.6121939657030022,1.9631399751841392,12.131102897374477,69.0,23.0,46.0,33.333333333333336,8229.96,5104.82,3125.1399999999994,630.33,0.0,0.0,,,,,,,,0.11756351467150107
101,0.4714329336193369,True,67,16,71.0,30.0,15,18,3.6,7,45,1.5,3.3000000000000003,1.5,0.013000000000000001,0.7,35.068095568349726,1.2347987302675585,1.119809527411834,16.55645260736324,155.0,45.0,110.0,29.032258064516128,18442.25,14935.43,3506.8199999999997,1712.08,0.0,0.0,52.10902350424996,2.1537843277484896,3.4398794535712485,7.115515371452137,60.0,26.0,34.0,43.333333333333336,9727.33,4516.389999999999,5210.9400000000005,692.34,0.0,0.0,0.15632707051274988,0.25,-0.0,0.047619047619047616,0.03506809556834973,0.011739936513377925,-0.029321216594188255,
102,0.3151234733677964,True,68,14,71.0,31.0,15,18,3.6,7,43,1.3,3.3000000000000003,1.5,0.009000000000000001,0.7,14.778551120049869,1.1225650744151907,0.6758573132110193,11.258955133412378,176.0,49.0,127.0,27.84090909090909,13535.16,12057.35,1477.8099999999995,1500.13,0.0,1.0,33.194013988150076,1.7834666112784299,2.8870638418207237,6.368150729173233,71.0,28.0,43.0,39.436619718309856,7556.120000000001,4236.76,3319.3600000000006,681.97,0.0,0.0,0.09958204196445021,0.19586665281960747,-0.0,0.05634920634920635,0.014778551120049868,0.0061282537207595356,-0.05758123260627704,
103,0.37653533794460436,True,67,14,69.0,31.0,15,18,3.6,7,42,1.3,3.3000000000000003,1.5,0.01,0.7,11.340416503499872,1.0897495660955403,0.5145668381646314,12.975882091908419,177.0,48.0,129.0,27.11864406779661,13769.279999999999,12635.27,1134.0099999999984,1546.41,0.0,1.0,49.85138863405004,2.143335496847614,3.6910698268832016,5.833116844257208,70.0,30.0,40.0,42.857142857142854,9345.35,4360.1900000000005,4985.16,739.26,0.0,0.0,0.1495541659021501,0.25,-0.0,0.05555555555555556,0.011340416503499873,0.004487478304777015,-0.09440227832137815,
104,0.21951059992232175,True,68,14,71.0,31.0,15,19,3.7,6,46,1.2000000000000002,3.3000000000000003,1.5,0.009000000000000001,0.7,13.96360803774982,1.1107299309434766,0.6397180946062473,12.028454260044006,186.0,51.0,135.0,27.419354838709676,14006.26,12609.96,1396.300000000001,1584.35,0.0,2.0,20.171130270649936,1.432179893726431,1.8629124464387952,7.3849608509195015,74.0,26.0,48.0,35.13513513513514,6684.2699999999995,4667.200000000001,2017.0699999999988,674.55,0.0,0.0,0.060513390811949806,0.10804497343160774,-0.0,0.05873015873015874,0.01396360803774982,0.005536496547173831,-0.02727802763631818,
105,0.1682154938521865,True,65,13,69.0,30.0,15,18,3.6,7,48,1.1,3.1,1.0,0.01,0.75,2.241896784749952,1.0196762428301636,0.17860899639218883,15.192665594392698,206.0,56.0,150.0,27.184466019417474,11619.17,11394.96,224.21000000000095,1369.37,0.0,2.0,25.79766250724984,1.5782509778430296,2.338751897139298,6.497533554200713,87.0,33.0,54.0,37.93103448275862,7041.129999999999,4461.349999999999,2579.7799999999997,670.4,0.0,0.0,0.07739298752174952,0.1445627444607574,-0.0,0.06904761904761905,0.002241896784749952,0.000983812141508178,-0.1260135661041976,
106,0.3207203615582922,True,61,16,70.0,31.0,16,20,3.5,7,44,1.3,3.2,1.5,0.007,0.75,12.367032959199932,1.1391209752991565,0.7170280428593272,7.992469536741869,160.0,47.0,113.0,29.375,10125.840000000002,8889.17,1236.670000000002,1173.24,0.0,0.0,24.4086583977999,1.9218442550202246,2.9088459288798054,4.7183560374129785,59.0,24.0,35.0,40.67796610169491,5088.64,2647.79,2440.8500000000004,478.92,0.0,0.0,0.0732259751933997,0.23046106375505615,-0.0,0.046825396825396826,0.012367032959199933,0.006956048764957823,-0.04911515593971825,
107,-1.0120894398895834,False,61,12,70.0,28.0,16,20,4.0,7,42,1.3,2.9000000000000004,1.5,0.007,0.75,-7.253663933750068,0.9341689575087738,-0.31942704556954093,17.754781034181484,217.0,59.0,158.0,27.1889400921659,10293.149999999998,11018.509999999998,-725.3600000000006,1380.57,0.0,0.0,19.63821719569991,1.4476042649599534,2.098906658632192,6.0905723069397615,93.0,34.0,59.0,36.55913978494624,6351.1900000000005,4387.38,1963.8100000000004,756.87,0.0,0.0,,,,,,,,0.07253663933750068
108,0.12745314846382214,True,51,14,67.0,31.0,14,19,3.8000000000000003,8,44,1.3,3.0,1.0,0.006,0.75,5.060747737349866,1.0603173695292365,0.3737741605367846,8.869918699118703,188.0,54.0,134.0,28.72340425531915,8898.300000000001,8392.11,506.1900000000005,1001.55,0.0,1.0,9.73408334665004,1.2518101742268442,1.2936084530137182,6.244261521523675,94.0,32.0,62.0,34.04255319148936,4839.0599999999995,3865.6499999999996,973.4099999999999,575.62,0.0,0.0,0.029202250039950122,0.06295254355671104,-0.0,0.0746031746031746,0.005060747737349866,0.003015868476461825,-0.047381435949825315,
109,-1.0186697007345835,False,77,13,68.0,29.0,17,19,3.5,6,40,1.0,3.2,1.5,0.007,0.7,-11.201820440750144,0.8947976900327487,-0.5653060097081805,17.28691625910792,202.0,49.0,153.0,24.257425742574256,9527.6,10647.77,-1120.17,1476.99,0.0,2.0,4.358920896499931,1.1050724812349049,0.5858238303482521,6.320856966297141,84.0,26.0,58.0,30.952380952380953,4584.570000000001,4148.66,435.91000000000076,683.82,0.0,0.0,,,,,,,,0.11201820440750143
110,0.12334213519778077,True,71,15,66.0,32.0,16,20,3.7,5,41,1.2000000000000002,3.5,1.5,0.008,0.75,5.758732887249989,1.056822734224678,0.3402138740124889,13.623760848704785,169.0,42.0,127.0,24.85207100591716,10710.37,10134.5,575.8700000000008,1333.53,0.0,2.0,13.293079181400024,1.3113349618592365,1.3718291792722146,5.681277514181974,71.0,23.0,48.0,32.394366197183096,5599.02,4269.71,1329.3100000000004,649.19,0.0,0.0,0.03987923754420007,0.07783374046480912,-0.0,0.05634920634920635,0.0057587328872499895,0.002841136711233905,-0.05931991875891867,
111,0.20164676180156618,True,56,16,70.0,30.0,14,18,3.6,7,45,1.4,3.3000000000000003,1.5,0.009000000000000001,0.7,12.892288164049859,1.1143608858484593,0.6222633734827007,11.870867385266775,165.0,45.0,120.0,27.272727272727273,12562.48,11273.259999999998,1289.2200000000012,1350.07,0.0,0.0,16.978132667200008,1.3819080782450643,1.6413068587208166,11.650638564542664,72.0,24.0,48.0,33.333333333333336,6143.299999999999,4445.52,1697.7799999999988,604.92,0.0,0.0,0.050934398001600024,0.09547701956126609,-0.0,0.05714285714285714,0.012892288164049859,0.005718044292422964,-0.020517845360629883,
112,0.22464568993094458,True,66,16,71.0,33.0,15,18,3.6,7,33,1.3,3.2,1.5,0.008,0.7,5.597084812899903,1.0454862397846736,0.32291717964860733,12.56431826666152,201.0,56.0,145.0,27.860696517412936,12864.75,12305.04,559.7099999999991,1571.05,0.0,1.0,29.02196732329994,1.6772027991609055,2.7369122372256456,6.143893762007205,78.0,31.0,47.0,39.743589743589745,7187.770000000001,4285.57,2902.2000000000016,701.78,0.0,0.0,0.08706590196989981,0.16930069979022638,-0.0,0.06190476190476191,0.005597084812899902,0.0022743119892336796,-0.10149707053607711,
113,0.144098148299311,True,48,15,73.0,29.0,15,18,3.5,6,38,1.2000000000000002,3.0,1.5,0.011,0.7,22.820252835749795,1.1466178287516198,0.857407164201865,12.750727519663958,214.0,63.0,151.0,29.439252336448597,17846.429999999997,15564.41,2282.019999999997,2047.49,0.0,1.0,11.657713380449932,1.1799919094350806,0.9937219624762009,13.696800365916486,104.0,33.0,71.0,31.73076923076923,7642.43,6476.680000000002,1165.7499999999982,959.0,0.0,0.0,0.0349731401413498,0.04499797735877015,-0.0,0.08253968253968254,0.022820252835749795,0.007330891437580989,-0.048563796013822276,
114,0.2808740601499117,True,63,14,69.0,31.0,15,20,3.9000000000000004,8,47,1.4,3.3000000000000003,1.5,0.01,0.7,13.546074329050114,1.1130082962456258,0.6015866198269966,14.665094201335767,160.0,44.0,116.0,27.5,13342.02,11987.349999999999,1354.670000000002,1328.04,0.0,0.0,32.929595021099885,1.6732245956068759,2.6535158446352236,6.924167985012257,72.0,26.0,46.0,36.111111111111114,8184.210000000001,4891.280000000001,3292.9300000000003,707.5,0.0,0.0,0.09878878506329965,0.16830614890171897,-0.0,0.05714285714285714,0.013546074329050115,0.00565041481228129,-0.06256022009929549,
115,0.08842720071495684,True,76,16,69.0,29.0,14,19,3.8000000000000003,5,42,1.3,3.1,1.0,0.006,0.75,1.279699430999899,1.0158787696715623,0.13832628998395752,10.662768990175266,181.0,49.0,132.0,27.07182320441989,8183.32,8055.41,127.90999999999985,969.58,0.0,2.0,13.074977821099873,1.4434409550295055,1.8640075084464487,4.946649475042117,75.0,27.0,48.0,36.0,4256.13,2948.6,1307.5300000000002,469.88,0.0,0.0,0.03922493346329962,0.11086023875737638,-0.0,0.05952380952380953,0.0012796994309998992,0.000793938483578116,-0.1232554189441067,
116,0.38669795174011207,True,69,15,68.0,28.0,16,18,3.5,7,44,1.4,4.0,1.5,0.012,0.75,17.31273847684968,1.1276897046653755,0.6727260831766871,19.90690862925866,149.0,35.0,114.0,23.48993288590604,15289.420000000002,13558.18,1731.2400000000016,1552.13,0.0,0.0,46.06402438750001,2.089668256311268,3.053667121732792,8.53953412418183,54.0,21.0,33.0,38.888888888888886,8833.78,4227.36,4606.420000000001,613.77,0.0,0.0,0.13819207316250004,0.25,-0.0,0.04285714285714286,0.017312738476849682,0.006384485233268778,-0.06804848798964927,
117,-1.0383435730499169,False,69,15,65.0,30.0,16,7,3.5,8,44,1.4,3.9000000000000004,1.5,0.01,0.75,-23.006143829950087,0.8365809721890732,-0.7414012558719244,30.60790957474047,215.0,40.0,175.0,18.6046511627907,11777.32,14077.920000000002,-2300.600000000002,1399.48,0.0,0.0,5.53225938855001,1.0722748335329935,0.512139632468113,16.416240278074994,99.0,25.0,74.0,25.252525252525253,8207.91,7654.67,553.2399999999998,922.79,0.0,0.0,,,,,,,,0.23006143829950088
118,0.15551822624734166,True,80,14,68.0,27.0,17,17,3.7,7,43,1.1,3.9000000000000004,1.0,0.009000000000000001,0.75,8.301265087149787,1.0656664702136327,0.412402583136814,14.794760348135085,217.0,52.0,165.0,23.963133640552996,13470.930000000002,12640.850000000002,830.0799999999999,1437.52,0.0,1.0,13.949982437749894,1.2971591199577364,1.3304739292390872,10.598850840504905,83.0,23.0,60.0,27.710843373493976,6089.28,4694.319999999999,1394.960000000001,612.07,0.0,0.0,0.04184994731324968,0.07428977998943409,-0.0,0.06587301587301587,0.008301265087149788,0.0032833235106816353,-0.03807910552618941,
119,-1.0003353607602503,False,61,15,67.0,27.0,17,18,3.4000000000000004,8,41,1.3,4.0,1.5,0.008,0.75,-0.2012164561502323,0.9980266340743003,0.06657101311699114,16.41367109263149,162.0,35.0,127.0,21.604938271604937,10190.829999999998,10210.98,-20.150000000001455,1244.61,0.0,0.0,38.209341564000006,2.121520317471499,3.4559628010945915,6.8583944221998,61.0,24.0,37.0,39.34426229508197,7227.85,3406.92,3820.9300000000003,557.63,0.0,0.0,,,,,,,,0.002012164561502323
120,0.2746244545351364,True,83,14,68.0,28.0,14,20,3.4000000000000004,6,34,1.4,4.0,1.0,0.013000000000000001,0.55,6.057571112100086,1.0975490361839617,0.39041334779377973,12.29550730109771,119.0,28.0,91.0,23.529411764705884,6816.01,6210.21,605.8000000000002,628.97,0.0,0.0,21.351116218549997,2.3077695770679574,2.4122264536567415,5.6765651269526565,42.0,15.0,27.0,35.714285714285715,3767.78,1632.6499999999999,2135.13,255.4,0.0,0.0,0.06405334865564999,0.25,-0.0,0.03333333333333333,0.0060575711121000865,0.004877451809198086,-0.08369725037514508,
121,0.2282050893858033,True,54,16,70.0,33.0,16,18,3.6,7,45,1.4,3.2,1.5,0.012,0.7,18.217718731799778,1.132011646765037,0.7010470087172763,13.926726788716422,166.0,47.0,119.0,28.313253012048193,15621.24,13799.54,1821.699999999999,1564.01,0.0,1.0,19.797331700299964,1.365989920912812,1.5531274082533186,11.62081592631958,74.0,25.0,49.0,33.78378378378378,7388.94,5409.219999999999,1979.7200000000003,714.42,0.0,0.0,0.05939199510089989,0.09149748022820298,-0.0,0.05873015873015874,0.018217718731799778,0.006600582338251848,-0.006232845743509921,
122,0.25287631388519216,True,70,12,72.0,32.0,15,19,3.5,7,44,1.5,2.3,1.5,0.012,0.7,6.745267378499776,1.0641949602159881,0.3904512811387444,13.36375105583759,148.0,50.0,98.0,33.78378378378378,11182.550000000001,10507.99,674.5600000000013,1402.12,0.0,0.0,27.40485932720001,1.8343766174455776,2.7146121841497197,6.682256369686187,54.0,26.0,28.0,48.148148148148145,6025.009999999999,3284.5,2740.5099999999993,542.53,0.0,0.0,0.08221457798160002,0.2085941543613944,-0.0,0.04285714285714286,0.006745267378499776,0.003209748010799407,-0.09074457670424427,
123,0.152415218465655,True,58,17,71.0,32.0,16,17,3.7,9,48,1.2000000000000002,3.6,1.5,0.011,0.7,48.046404310699764,1.2697437786114258,1.4184988758561554,12.135590644358883,199.0,55.0,144.0,27.63819095477387,22616.600000000002,17811.940000000002,4804.66,2121.43,0.0,0.0,15.121189458749887,1.2186232652016695,1.144333507858929,12.622066579906011,87.0,26.0,61.0,29.885057471264368,8428.619999999999,6916.509999999999,1512.1099999999997,801.86,0.0,0.0,0.045363568376249656,0.05465581630041738,-0.0,0.06904761904761905,0.048046404310699765,0.013487188930571293,-0.07818537849990213,
124,0.2963554495950175,True,65,13,66.0,31.0,15,18,3.6,7,46,1.3,3.3000000000000003,1.5,0.013000000000000001,0.7,17.249790488799828,1.1158255556301617,0.6409582383873252,15.212915644367616,176.0,48.0,128.0,27.272727272727273,16617.989999999998,14893.0,1724.989999999998,1759.47,0.0,1.0,30.471439609299942,1.6716140920071234,2.2122574266482387,10.22569090652496,70.0,25.0,45.0,35.714285714285715,7584.179999999999,4537.04,3047.1399999999994,730.55,0.0,0.0,0.09141431882789983,0.16790352300178085,-0.0,0.05555555555555556,0.01724979048879983,0.005791277781508087,-0.04155901606052667,
125,0.29475678548217,True,73,13,66.0,31.0,16,19,3.5,8,46,1.3,3.9000000000000004,1.5,0.013000000000000001,0.75,18.152148328199782,1.1461294477539847,0.6950999719033822,21.91030679544921,131.0,31.0,100.0,23.66412213740458,14237.22,12422.0,1815.2199999999993,1418.33,0.0,1.0,27.138377758750032,1.6959767550405969,2.0373418336562708,7.587401631504511,55.0,19.0,36.0,34.54545454545455,6613.1900000000005,3899.3399999999997,2713.850000000001,616.52,0.0,0.0,0.08141513327625009,0.17399418876014922,-0.0,0.043650793650793655,0.018152148328199783,0.007306472387699237,-0.029761950920921994,
126,0.21715194949937777,True,60,14,66.0,34.0,15,17,3.6,6,50,1.5,3.5,1.5,0.027,0.7,42.81384168024982,1.2373501316363544,1.0771718794613314,19.791374537165236,159.0,46.0,113.0,28.930817610062892,22319.730000000003,18038.33,4281.4000000000015,1899.49,0.0,0.0,21.302579177850056,1.389204150984763,1.3231717304005344,12.618008563264002,65.0,21.0,44.0,32.30769230769231,7603.67,5473.399999999999,2130.2700000000013,719.98,0.0,0.0,0.06390773753355017,0.09730103774619075,-0.0,0.0515873015873016,0.04281384168024982,0.011867506581817722,-0.0503254756297323,
127,0.12620507076383186,True,68,15,64.0,29.0,20,18,3.4000000000000004,19,43,1.3,3.1,1.5,0.006,0.75,1.8137067611497877,1.0251884935928148,0.17815134709761524,10.21725402355563,150.0,41.0,109.0,27.333333333333332,7381.88,7200.51,181.3699999999999,942.36,0.0,0.0,15.133797504499979,1.588848465983152,2.1957708701448246,4.534474420249972,61.0,23.0,38.0,37.704918032786885,4083.4200000000005,2570.05,1513.3700000000003,441.21,0.0,0.0,0.045401392513499936,0.14721211649578803,-0.0,0.048412698412698414,0.0018137067611497877,0.0012594246796407416,-0.11789426809894506,
128,-1.0169315725710837,False,57,13,67.0,31.0,21,17,3.8000000000000003,4,47,1.6,3.8000000000000003,2.5,0.013000000000000001,0.5,-10.158943542650231,0.9225980078038981,-0.2208478463360055,29.375965919684482,157.0,32.0,125.0,20.38216560509554,12108.369999999999,13124.210000000001,-1015.840000000002,1487.3,0.0,0.0,25.32898298220003,1.4147228817028243,1.6772261790642342,10.632892186983273,75.0,23.0,52.0,30.666666666666668,8640.42,6107.5,2532.92,872.08,0.0,0.0,,,,,,,,0.10158943542650231
129,0.051588855178846094,True,91,13,65.0,25.0,13,18,3.7,8,42,1.5,3.4000000000000004,2.0,0.03,0.55,42.46271060324978,1.259885255995172,1.0931148289202304,16.459233399448177,128.0,38.0,90.0,29.6875,20585.239999999998,16338.980000000001,4246.259999999997,1679.15,0.0,2.0,7.0792423782999325,1.1503261728206307,0.5744433176013153,13.330746988014376,56.0,15.0,41.0,26.785714285714285,5417.070000000001,4709.16,707.9100000000008,629.33,0.0,0.0,0.021237727134899798,0.037581543205157664,-0.0,0.044444444444444446,0.042462710603249784,0.012994262799758606,-0.1071318330086642,
130,0.19506576553094665,True,63,12,69.0,30.0,18,19,3.5,9,39,1.2000000000000002,3.7,3.0,0.015,0.7,35.49963565919987,1.1358661622849655,0.8748466229540789,26.324392692340677,185.0,49.0,136.0,26.486486486486488,29678.32,26128.36,3549.959999999999,3395.66,0.0,1.0,21.312697362849885,1.2670731722598778,1.2295167780387544,13.189278168612214,75.0,22.0,53.0,29.333333333333332,10111.51,7980.210000000001,2131.2999999999993,1202.0,0.0,0.0,0.06393809208854966,0.06676829306496945,-0.0,0.05952380952380953,0.03549963565919987,0.006793308114248275,-0.037457372919830124,
131,0.3266051715300843,True,65,17,70.0,31.0,15,18,3.6,7,49,1.4,3.3000000000000003,1.5,0.012,0.7,23.573712882799683,1.1684636966125603,0.8488217307206402,15.674304839780175,162.0,46.0,116.0,28.395061728395063,16350.849999999999,13993.46,2357.3899999999994,1621.17,0.0,0.0,33.56972569165002,1.6710296439922439,2.4716378797101086,9.453765979716886,66.0,25.0,41.0,37.878787878787875,8359.66,5002.700000000001,3356.959999999999,690.9,0.0,0.0,0.10070917707495006,0.16775741099806096,-0.0,0.05238095238095239,0.023573712882799684,0.008423184830628016,-0.02623926663730684,
132,0.1988007602070997,True,66,17,70.0,32.0,15,18,3.4000000000000004,7,49,1.4,3.3000000000000003,1.5,0.024,0.7,6.649138138749841,1.043522117475483,0.3058858376561068,20.760200397423414,144.0,39.0,105.0,27.083333333333332,15941.950000000003,15277.060000000001,664.8900000000012,1547.03,0.0,0.0,32.97519896485002,1.590864457680206,1.8340552452739922,15.254092957810197,56.0,20.0,36.0,35.714285714285715,8878.36,5580.84,3297.5200000000004,654.46,0.0,0.0,0.09892559689455006,0.1477161144200515,-0.0014519597589154136,0.044444444444444446,0.006649138138749841,0.002176105873774148,-0.0996586798055549,
133,0.15527059667449722,True,74,14,68.0,26.0,14,17,3.6,7,50,1.4,3.4000000000000004,1.5,0.011,0.7,30.01295616499989,1.2196423918993682,1.1025722067686807,13.084401327639547,161.0,46.0,115.0,28.571428571428573,16665.339999999997,13664.12,3001.2199999999957,1604.16,0.0,1.0,13.690730763449938,1.3232473962698952,1.204743016283279,11.198935330009553,61.0,19.0,42.0,31.147540983606557,5604.3099999999995,4235.27,1369.039999999999,552.78,0.0,0.0,0.041072192290349814,0.0808118490674738,-0.0,0.048412698412698414,0.03001295616499989,0.01098211959496841,-0.0560212188559931,
134,0.284890814330272,True,52,17,69.0,29.0,15,18,3.7,8,49,1.5,3.5,5.0,0.012,0.65,16.061359019999962,1.1018262509708199,0.5779450339480584,23.447667241636765,149.0,40.0,109.0,26.845637583892618,17378.83,15772.750000000002,1606.08,1949.89,0.0,1.0,43.14796805075006,1.5926125329282594,2.5009598953374756,14.115394203645657,69.0,24.0,45.0,34.78260869565217,11595.779999999999,7280.9800000000005,4314.799999999998,1038.2,0.0,0.0,0.12944390415225016,0.14815313323206486,-0.0,0.05476190476190477,0.016061359019999964,0.0050913125485409945,-0.06862079938448871,
135,-1.321026109620937,False,70,16,66.0,30.0,19,19,2.0,6,48,1.3,4.0,1.0,0.013000000000000001,0.75,-1.7993392419499832,0.0,-1.3563569598018987,1.7993392419499832,2.0,0.0,2.0,0.0,0.0,179.94,-179.94,14.84,0.0,0.0,4.650771371850006,5.660587233189698,1.1449338329874532,3.3360126459974166,3.0,2.0,1.0,66.66666666666667,564.87,99.79,465.08,22.07,0.0,0.0,,,,,,,,1.9261566577256224
136,0.1925389270662288,True,61,15,73.0,45.0,16,17,3.3000000000000003,7,46,1.3,3.2,1.5,0.01,0.55,17.311680745899903,1.1652903293566113,0.8003665864136609,11.60473218889322,163.0,47.0,116.0,28.834355828220858,12204.61,10473.45,1731.1599999999999,1270.23,0.0,0.0,13.337361404049952,1.379256512553069,1.4273352491885725,8.541158875514594,65.0,22.0,43.0,33.84615384615385,4850.39,3516.6699999999996,1333.7200000000007,500.0,0.0,0.0,0.04001208421214986,0.09481412813826723,-0.0,0.0515873015873016,0.017311680745899904,0.008264516467830564,-0.019450784085220357,
137,0.26504363240276047,True,64,13,67.0,31.0,13,18,3.5,9,37,1.5,3.3000000000000003,2.0,0.013000000000000001,0.7,25.500453421449677,1.1633467615631923,0.8729991692249289,14.581274143429868,152.0,43.0,109.0,28.289473684210527,18161.460000000003,15611.389999999998,2550.070000000005,1881.4,0.0,0.0,22.775687111699956,1.5051074946884717,1.660685207445966,10.685089928012612,57.0,20.0,37.0,35.08771929824562,6786.620000000001,4509.06,2277.5600000000004,681.1,0.0,0.0,0.06832706133509986,0.12627687367211793,-0.0,0.045238095238095244,0.025500453421449677,0.008167338078159614,-0.008466189342161833,
138,0.33760511845418606,True,98,17,65.0,32.0,16,18,3.4000000000000004,7,35,1.4,3.4000000000000004,1.5,0.014000000000000002,0.65,25.28846028024993,1.2375009743769385,1.0119413637275585,14.45759057475852,129.0,37.0,92.0,28.68217054263566,13176.7,10647.830000000004,2528.869999999997,1302.34,0.0,1.0,25.79741294044992,1.720397318075068,1.9606667979076318,10.100947747105105,56.0,21.0,35.0,37.5,6160.759999999999,3581.01,2579.749999999999,569.3,0.0,0.0,0.07739223882134975,0.180099329518767,-0.0,0.044444444444444446,0.025288460280249933,0.011875048718846926,-0.0014944033294720072,
139,-1.0153061224489797,False,98,17,75.0,30.0,17,19,3.2,6,35,1.4,3.6,2.5,0.029,0.65,12.526445657099774,1.0978571651771762,0.44756450558120164,28.860034976773647,89.0,24.0,65.0,26.96629213483146,14053.449999999999,12800.800000000001,1252.6499999999978,1434.3799999999999,0.0,1.0,46.35224983270002,1.751762939031827,1.9384385045713735,16.397632325833833,47.0,17.0,30.0,36.170212765957444,10801.09,6165.84,4635.25,883.51,0.0,0.0,,,,,,,,0.09183673469387754
140,0.24890339004281498,True,100,17,71.0,28.0,16,17,3.3000000000000003,8,36,1.6,3.5,1.5,0.007,0.6000000000000001,16.707661808249796,1.2882998695499128,1.0897283361439667,8.263023404756781,103.0,31.0,72.0,30.097087378640776,7466.110000000001,5795.32,1670.7900000000009,721.8100000000001,0.0,1.0,13.379882709199991,1.634069131543281,1.9201657282036455,5.584697543212169,45.0,16.0,29.0,35.55555555555556,3448.1800000000003,2110.18,1338.0000000000005,328.9,0.0,0.0,0.04013964812759997,0.15851728288582023,-0.0,0.03571428571428572,0.016707661808249796,0.014414993477495641,-0.0165904819706364,
141,0.404014753963408,True,68,18,65.0,31.0,15,18,3.4000000000000004,7,35,1.4,3.4000000000000004,1.5,0.014000000000000002,0.65,21.217844049699888,1.1552366089621604,0.7750136854694044,15.812283550349315,158.0,41.0,117.0,25.949367088607595,15789.67,13667.909999999998,2121.760000000002,1570.0,0.0,0.0,42.51184271379994,2.021032330272673,2.8795273249864928,7.068640812862535,60.0,26.0,34.0,43.333333333333336,8414.75,4163.59,4251.16,647.93,0.0,0.0,0.12753552814139982,0.25,-0.0,0.047619047619047616,0.02121784404969989,0.00776183044810802,-0.05011949629484729,
142,0.1503906994607144,True,105,18,64.0,32.0,14,18,3.4000000000000004,7,32,1.4,3.4000000000000004,1.5,0.015,0.65,27.14223317799988,1.2421408811562245,1.025862391294807,18.645824216312263,135.0,39.0,96.0,28.88888888888889,13923.890000000001,11209.59,2714.300000000001,1347.37,0.0,1.0,12.725744040599965,1.3405662321396556,1.045171190091506,9.87206944886993,53.0,17.0,36.0,32.075471698113205,5009.200000000001,3736.6299999999997,1272.570000000001,513.31,0.0,0.0,0.038177232121799895,0.08514155803491391,-0.0,0.04206349206349207,0.02714223317799988,0.012107044057811224,-0.054240859995302586,
143,0.1972376461487238,True,71,18,63.0,30.0,15,19,3.4000000000000004,8,35,1.5,3.4000000000000004,1.5,0.014000000000000002,0.65,8.395362574349875,1.0725122470272026,0.40470840611235276,20.529795396676697,137.0,34.0,103.0,24.817518248175183,12417.89,11578.32,839.5699999999997,1322.34,0.0,0.0,20.704885273799974,1.5906549361267535,1.617995539462803,9.607330815621218,49.0,17.0,32.0,34.69387755102041,5575.849999999999,3505.38,2070.4699999999993,478.96999999999997,0.0,0.0,0.062114655821399925,0.14766373403168837,-0.0,0.03888888888888889,0.008395362574349875,0.0036256123513601305,-0.06345060751896338,
144,-1.0064739659555002,False,114,17,65.0,32.0,16,17,3.5,7,33,1.4,3.2,1.0,0.014000000000000002,0.65,-3.8843795733001207,0.9556552841370287,-0.12829193679027143,15.668356433255424,149.0,39.0,110.0,26.174496644295303,8370.9,8759.33,-388.4300000000003,935.66,0.0,2.0,14.474116001349977,1.5516783997743582,1.512378985076184,7.032563167679403,54.0,18.0,36.0,33.333333333333336,4071.03,2623.6300000000006,1447.3999999999996,372.97,0.0,0.0,,,,,,,,0.03884379573300121
145,-1.0119047619047619,False,95,18,65.0,31.0,15,18,3.2,8,36,1.5,3.7,2.0,0.015,0.55,11.778765274899815,1.134649415616483,0.5557374152468195,20.42748429374056,91.0,23.0,68.0,25.274725274725274,9925.55,8747.680000000002,1177.8699999999972,945.34,0.0,1.0,26.180647196000084,1.7651669696456023,1.915625724278737,10.237082004980433,46.0,17.0,29.0,36.95652173913044,6039.660000000001,3421.5800000000004,2618.0800000000004,524.14,0.0,0.0,,,,,,,,0.0714285714285714
146,0.32185996764807634,True,87,16,70.0,45.0,20,18,3.3000000000000003,6,37,1.4,3.3000000000000003,1.5,0.014000000000000002,0.6000000000000001,12.28946469984976,1.128614829473922,0.5912378590650423,16.81567855866363,125.0,35.0,90.0,28.0,10784.4,9555.43,1228.9699999999993,1107.75,0.0,0.0,34.28267284959999,1.8972091513873113,2.638965160839982,11.064000845471893,59.0,23.0,36.0,38.983050847457626,7249.35,3821.0600000000004,3428.29,591.37,0.0,0.0,0.10284801854879996,0.22430228784682782,-0.0,0.046825396825396826,0.01228946469984976,0.0064307414736961,-0.07083594174649413,
147,0.2750330842812152,True,94,16,70.0,29.0,20,20,3.6,5,37,1.4,3.3000000000000003,1.5,0.012,0.6000000000000001,21.561683026399876,1.242975899500681,0.9433926923480519,11.66679620423782,120.0,36.0,84.0,30.0,11030.28,8874.090000000002,2156.1899999999987,1063.24,0.0,1.0,20.094571864400006,1.5484618470935998,1.7860081545135402,7.308982751401944,62.0,21.0,41.0,33.87096774193548,5673.270000000001,3663.8099999999995,2009.4600000000019,576.67,0.0,0.0,0.06028371559320002,0.13711546177339995,-0.0,0.049206349206349205,0.02156168302639988,0.012148794975034051,-0.005282920293167882,
148,0.33475169316131737,True,88,16,70.0,44.0,21,19,3.5,6,38,1.4,3.1,1.5,0.014000000000000002,0.6000000000000001,17.777768462199912,1.180742171614477,0.792780152137934,13.55203150466279,132.0,37.0,95.0,28.03030303030303,11613.779999999999,9836.000000000002,1777.779999999997,1166.44,0.0,0.0,32.87471430979996,1.8192549803378206,2.512069339407237,7.999277368245707,62.0,24.0,38.0,38.70967741935484,7300.27,4012.78,3287.4900000000002,618.34,0.0,0.0,0.09862414292939989,0.20481374508445516,-0.0,0.049206349206349205,0.017777768462199913,0.009037108580723851,-0.04470742110181065,
149,0.2722464638022985,True,89,16,70.0,31.0,21,19,3.3000000000000003,6,38,1.4,3.1,1.5,0.014000000000000002,0.6000000000000001,16.527891205149846,1.2021066893623684,0.8131551718563774,17.251179763446146,115.0,33.0,82.0,28.695652173913043,9830.54,8177.759999999999,1652.7800000000016,995.33,0.0,1.0,21.410445427649975,1.6313173010013327,1.8549532658782628,11.001149259581148,54.0,20.0,34.0,37.03703703703704,5532.58,3391.48,2141.1,511.51,0.0,0.0,0.06423133628294991,0.15782932525033316,-0.0,0.04285714285714286,0.016527891205149848,0.010105334468118421,-0.019304566261395685,
150,0.15762871679509932,True,87,17,71.0,27.0,21,19,3.4000000000000004,6,34,1.3,3.2,1.5,0.011,0.6000000000000001,0.8315194128499206,1.0087256225165981,0.11578315614746568,17.69035296231954,141.0,36.0,105.0,25.53191489361702,9611.4,9528.259999999998,83.14000000000124,1148.59,0.0,1.0,26.378470739449984,1.665881598610606,2.3392126169435405,7.913000660448506,65.0,24.0,41.0,36.92307692307692,6599.289999999999,3961.44,2637.849999999999,601.66,0.0,0.0,0.07913541221834995,0.16647039965265148,-0.0,0.0515873015873016,0.0008315194128499207,0.0004362811258299071,-0.14083219720188353,
151,0.3544092734685406,True,84,16,70.0,44.0,20,18,3.5,5,35,1.4,3.0,1.5,0.014000000000000002,0.6000000000000001,20.092673576549842,1.173075780089153,0.8352522027009416,18.617235099768397,153.0,46.0,107.0,30.065359477124183,13618.529999999999,11609.25,2009.2799999999988,1420.32,0.0,0.0,35.14376960334997,1.8380677346891081,2.5476959535212598,8.00219515862838,65.0,27.0,38.0,41.53846153846154,7707.79,4193.42,3514.37,638.12,0.0,0.0,0.10543130881004992,0.20951693367227703,-0.0,0.0515873015873016,0.02009267357654984,0.008653789004457646,-0.04087273318209542,
152,0.41572639923851096,True,82,16,70.0,45.0,21,18,3.5,5,37,1.4,2.9000000000000004,1.5,0.014000000000000002,0.6000000000000001,21.904637079899896,1.1810260830615054,0.876674521144904,23.100561160076992,162.0,49.0,113.0,30.246913580246915,14290.64,12100.190000000002,2190.449999999997,1493.49,0.0,0.0,43.38319674494995,2.011463729663945,3.0276190545880577,6.804527710570901,68.0,30.0,38.0,44.11764705882353,8627.529999999999,4289.18,4338.3499999999985,690.18,0.0,0.0,0.13014959023484984,0.25,-0.0,0.05396825396825397,0.021904637079899897,0.009051304153075269,-0.049347386197568,
153,0.27729111505679377,True,84,16,69.0,45.0,21,20,3.5,4,35,1.4,2.8,1.5,0.014000000000000002,0.6000000000000001,1.1447704960499505,1.0131851193054573,0.12885723652806388,16.64116470185338,128.0,37.0,91.0,28.90625,8794.690000000002,8680.24,114.45000000000255,1057.73,0.0,0.0,39.544698147949916,2.058601498566484,3.1625904176360815,6.446327435822758,61.0,27.0,34.0,44.26229508196721,7690.05,3735.5699999999997,3954.4800000000005,640.68,0.0,0.0,0.11863409444384973,0.25,-0.0,0.048412698412698414,0.0011447704960499507,0.0006592559652728648,-0.1415597042610772,
154,0.41129063161170887,True,86,16,70.0,44.0,20,19,3.4000000000000004,5,36,1.4,2.9000000000000004,1.5,0.013000000000000001,0.6000000000000001,22.8828697739999,1.2314409685347576,1.0506081165296717,13.780841123167487,133.0,42.0,91.0,31.57894736842105,12175.380000000003,9887.1,2288.2800000000025,1261.96,0.0,0.0,39.40188900760004,2.0882671380434186,3.1607692801822913,6.114667213048531,61.0,27.0,34.0,44.26229508196721,7560.780000000001,3620.6,3940.1800000000007,622.09,0.0,0.0,0.11820566702280011,0.25,-0.0,0.048412698412698414,0.022882869773999902,0.01157204842673788,-0.03978265202452746,
155,0.3359242489709927,True,86,16,69.0,44.0,20,18,3.3000000000000003,5,36,1.4,2.9000000000000004,1.5,0.013000000000000001,0.6000000000000001,17.721944926649794,1.1762828802088097,0.8511633887221645,14.58381491437274,137.0,42.0,95.0,30.656934306569344,11825.359999999999,10053.160000000002,1772.199999999997,1270.54,0.0,0.0,29.821920815650067,1.8419141830336605,2.5567020517805235,9.049188417825183,60.0,26.0,34.0,43.333333333333336,6524.410000000001,3542.1899999999996,2982.220000000001,596.25,0.0,0.0,0.08946576244695019,0.21047854575841513,-0.0,0.047619047619047616,0.017721944926649795,0.008814144010440483,-0.03817519579051048,
156,0.359296433336465,True,80,15,69.0,44.0,20,18,3.4000000000000004,5,36,1.4,2.9000000000000004,1.5,0.013000000000000001,0.6000000000000001,19.523539448249956,1.1793650618658615,0.8785736228818082,17.47374352352174,152.0,47.0,105.0,30.92105263157895,12837.200000000004,10884.84,1952.3600000000042,1408.79,0.0,0.0,34.68006995699996,1.8589580056718966,2.8188835437215016,5.965985481286167,68.0,29.0,39.0,42.64705882352941,7505.449999999999,4037.45,3467.999999999999,693.15,0.0,0.0,0.10404020987099988,0.21473950141797415,-0.0,0.05396825396825397,0.019523539448249957,0.008968253093293077,-0.04194332446230604,
157,0.2082387421932416,True,80,15,68.0,43.0,21,19,3.2,5,36,1.4,2.9000000000000004,1.5,0.013000000000000001,0.6000000000000001,11.088683568399883,1.1299433637900906,0.6094997649584272,19.33668267093949,123.0,37.0,86.0,30.08130081300813,9642.269999999999,8533.410000000002,1108.859999999997,1072.94,0.0,0.0,15.246301665399969,1.4966027607861534,1.582833652987118,7.5334440106211416,56.0,22.0,34.0,39.285714285714285,4594.780000000001,3070.14,1524.6400000000008,533.78,0.0,0.0,0.045738904996199904,0.12415069019653835,-0.0,0.044444444444444446,0.011088683568399885,0.006497168189504532,-0.023681149201845515,
158,0.32410136218592145,True,83,16,69.0,44.0,21,18,3.4000000000000004,4,34,1.4,2.7,1.5,0.012,0.6000000000000001,15.483069716699921,1.152190708729218,0.7415558998871901,16.525087588086905,152.0,48.0,104.0,31.57894736842105,11721.720000000001,10173.42,1548.300000000001,1379.12,0.0,0.0,32.26119068505006,1.811877625078957,2.999200970678411,6.034623154109004,68.0,29.0,39.0,42.64705882352941,7199.840000000001,3973.69,3226.150000000001,687.99,0.0,0.0,0.09678357205515019,0.20296940626973925,-0.0,0.05396825396825397,0.015483069716699922,0.007609535436460902,-0.05271247526038281,
159,0.31333115948493967,True,79,17,69.0,44.0,19,18,3.3000000000000003,5,38,1.5,2.9000000000000004,1.5,0.013000000000000001,0.6000000000000001,15.404187406899947,1.1552196335041607,0.7505176776039271,22.128681622291573,134.0,41.0,93.0,30.597014925373134,11464.699999999999,9924.259999999998,1540.4400000000005,1240.51,0.0,0.0,28.349485345399973,1.8106891621389765,2.4068952038115197,9.049890394034438,59.0,23.0,36.0,38.983050847457626,6331.9800000000005,3497.0,2834.9800000000005,568.16,0.0,0.0,0.08504845603619991,0.20267229053474412,-0.0,0.046825396825396826,0.015404187406899948,0.007760981675208035,-0.04438015299350917,
160,0.057772084867870215,True,76,15,68.0,43.0,20,19,3.1,5,36,1.4,2.7,1.0,0.014000000000000002,0.6000000000000001,0.2716514884998651,1.0049198488205398,0.06927385029784407,15.475884236002052,112.0,33.0,79.0,29.464285714285715,5551.740000000001,5524.5599999999995,27.1800000000012,661.36,0.0,0.0,9.786960975549936,1.5172612441202902,1.6478719430847806,4.80357616558525,51.0,21.0,30.0,41.1764705882353,2870.8100000000004,1892.0999999999997,978.7100000000007,324.61,0.0,0.0,0.02936088292664981,0.12931531103007254,-0.0,0.04047619047619048,0.0002716514884998651,0.0002459924410269876,-0.14189794349456947,
161,0.35909413468338547,True,85,16,70.0,44.0,20,17,3.4000000000000004,5,35,1.5,3.0,1.5,0.013000000000000001,0.6000000000000001,12.542499688299905,1.1199564629389813,0.6154607438680267,21.254233197399415,140.0,42.0,98.0,30.0,11709.66,10455.46,1254.2000000000007,1251.03,0.0,0.0,40.320705655649995,2.1247482439843566,2.9149043958580196,7.756982224098147,61.0,27.0,34.0,44.26229508196721,7616.840000000001,3584.8199999999997,4032.0200000000013,597.73,0.0,0.0,0.12096211696694999,0.25,-0.0,0.048412698412698414,0.012542499688299905,0.005997823146949067,-0.07882100353151188,
162,0.40144010525333645,True,85,16,70.0,44.0,20,18,3.4000000000000004,5,35,1.4,2.8,1.5,0.012,0.6000000000000001,19.111388682549823,1.1907796554674108,0.9032377751539811,13.18520099642171,145.0,45.0,100.0,31.03448275862069,11928.789999999999,10017.630000000001,1911.159999999998,1308.05,0.0,0.0,42.929776131900034,2.158596288579664,3.606104672607047,4.896558254091473,65.0,30.0,35.0,46.15384615384615,7998.29,3705.3199999999997,4292.97,667.05,0.0,0.0,0.1287893283957001,0.25,-0.0,0.0515873015873016,0.019111388682549826,0.009538982773370543,-0.05758689618558562,
163,0.3357193292914629,True,86,16,69.0,44.0,20,17,3.4000000000000004,5,35,1.5,2.8,1.5,0.013000000000000001,0.6000000000000001,4.932182568799871,1.048275349084848,0.30044686333221193,23.15803255365953,143.0,43.0,100.0,30.06993006993007,10710.679999999998,10217.43,493.2499999999982,1233.6299999999999,0.0,0.0,51.826208400450035,2.5959966125182854,3.904132757740466,6.329384484475613,59.0,30.0,29.0,50.847457627118644,8429.85,3247.2499999999995,5182.6,622.18,0.0,0.0,0.1554786252013501,0.25,-0.0,0.046825396825396826,0.004932182568799872,0.0024137674542423996,-0.1239306427583263,
164,-1.0054369460364168,False,86,16,69.0,44.0,20,17,3.4000000000000004,4,35,1.5,2.8,1.5,0.013000000000000001,0.6000000000000001,-3.2621676218500943,0.9672851464577796,-0.07955837756452229,26.421891349377336,143.0,41.0,102.0,28.67132867132867,9646.58,9972.839999999997,-326.2599999999966,1197.46,0.0,0.0,51.079711771750105,2.5850788508443654,3.8850830225506687,6.322286210783723,59.0,30.0,29.0,50.847457627118644,8330.52,3222.5399999999995,5107.980000000001,625.88,0.0,0.0,,,,,,,,0.03262167621850094
165,0.21387814612521155,True,81,15,69.0,42.0,19,17,3.3000000000000003,5,33,1.5,2.6,1.5,0.012,0.6000000000000001,0.9292657470999438,1.0101122336043498,0.11755920808110341,22.410250124303264,143.0,45.0,98.0,31.46853146853147,9281.790000000003,9188.87,92.92000000000189,1171.77,0.0,0.0,29.69196529145005,1.8570529639796445,2.945289744472176,6.0430429981133775,63.0,26.0,37.0,41.26984126984127,6433.63,3464.4300000000003,2969.2,610.6,0.0,0.0,0.08907589587435015,0.21426324099491112,-0.0,0.05,0.0009292657470999438,0.0005056116802174881,-0.14089586817136715,
166,0.25890143041780983,True,90,16,68.0,43.0,20,18,3.2,4,35,1.5,2.9000000000000004,1.5,0.013000000000000001,0.6000000000000001,1.7028638218498964,1.0218964960719537,0.15698509375322925,23.182541650323838,112.0,32.0,80.0,28.571428571428573,7946.400000000001,7776.13,170.27000000000044,954.89,0.0,0.0,33.12388853669998,2.0993146706934604,2.990967825661862,5.606004617036745,53.0,25.0,28.0,47.16981132075472,6325.55,3013.1499999999996,3312.4000000000005,541.78,0.0,0.0,0.09937166561009994,0.25,-0.0,0.04206349206349207,0.0017028638218498965,0.0010948248035976826,-0.13533141588122977,
167,0.31348797012767643,True,83,15,67.0,44.0,20,17,3.4000000000000004,5,33,1.6,3.0,1.0,0.013000000000000001,0.6000000000000001,9.045629003649957,1.128704657609098,0.5852847625638512,16.588157343489776,136.0,42.0,94.0,30.88235294117647,7932.129999999999,7027.6399999999985,904.4900000000007,823.88,0.0,0.0,24.43295160540003,2.093130214974386,2.5544974874644044,5.63583026715345,55.0,23.0,32.0,41.81818181818182,4678.459999999999,2235.1500000000005,2443.3099999999986,363.44,0.0,0.0,0.07329885481620009,0.25,-0.0,0.043650793650793655,0.009045629003649957,0.0064352328804549,-0.0689425402234222,
168,0.3231388339149863,True,85,16,68.0,45.0,19,18,3.3000000000000003,5,36,1.5,2.8,1.5,0.015,0.6000000000000001,11.12724766444997,1.1179432769947277,0.5712897953502778,19.579709191121413,124.0,39.0,85.0,31.451612903225808,10547.369999999997,9434.619999999999,1112.7499999999982,1127.8799999999999,0.0,0.0,33.6936219483501,1.9349201416251371,2.8053035600435874,6.725653486192876,59.0,26.0,33.0,44.067796610169495,6973.22,3603.8800000000006,3369.3399999999997,613.64,0.0,0.0,0.1010808658450503,0.2337300354062843,-0.0,0.046825396825396826,0.01112724766444997,0.005897163849736387,-0.07552187567593142,
169,0.3827512204511801,True,78,16,69.0,43.0,20,17,3.4000000000000004,4,34,1.4,2.8,1.5,0.012,0.65,12.747700908899843,1.097868645551195,0.5881266151603597,17.650603581342722,178.0,53.0,125.0,29.775280898876403,14300.310000000001,13025.52,1274.7900000000009,1757.29,0.0,0.0,50.87253071224992,2.3991463052398814,3.8784493052123428,5.278566987954186,66.0,32.0,34.0,48.484848484848484,8723.2,3635.9600000000005,5087.24,733.45,0.0,0.0,0.15261759213674975,0.25,-0.0,0.05238095238095239,0.012747700908899843,0.004893432277559751,-0.08988845725298164,
170,-1.0472860727539168,False,79,15,71.0,42.0,20,4,3.4000000000000004,4,31,1.4,2.5,1.5,0.012,0.65,-28.371643652350038,0.8515051721647305,-0.898521608188823,30.586650481654114,299.0,86.0,213.0,28.762541806020067,16268.960000000003,19106.120000000003,-2837.16,2131.45,0.0,2.0,14.136112598900016,1.1695895909585485,1.0587825998470655,11.252165612877832,122.0,42.0,80.0,34.42622950819672,9749.499999999998,8335.83,1413.6699999999983,1107.49,0.0,0.0,,,,,,,,0.28371643652350037
171,-1.0062997372092504,False,76,16,69.0,43.0,20,17,3.4000000000000004,5,34,1.5,2.8,1.5,0.013000000000000001,0.65,-3.779842325550162,0.9682626435623612,-0.0833415493328539,27.171409316487953,163.0,45.0,118.0,27.607361963190183,11533.17,11911.200000000003,-378.0300000000025,1474.96,0.0,0.0,45.08635378879993,2.1846980952105675,3.368289569833235,5.915916573272689,63.0,28.0,35.0,44.44444444444444,8314.24,3805.6699999999996,4508.57,709.71,0.0,0.0,,,,,,,,0.03779842325550162
172,0.3128047381388682,True,82,16,70.0,43.0,20,17,3.5,4,35,1.4,2.7,1.5,0.011,0.6000000000000001,3.7090504699998204,1.0332883026421495,0.24204183900539433,22.86944276810128,174.0,53.0,121.0,30.45977011494253,11511.399999999998,11140.55,370.84999999999854,1426.78,0.0,0.0,41.97770067449999,2.0751359367276323,3.5534330621024757,4.594180355700164,72.0,33.0,39.0,45.833333333333336,8102.139999999999,3904.39,4197.75,688.36,0.0,0.0,0.12593310202349997,0.25,-0.0,0.05714285714285714,0.0037090504699998205,0.0016644151321074776,-0.12564468662959621,
173,-1.0074967196119167,False,85,17,69.0,44.0,18,11,3.2,5,34,1.4,2.7,1.5,0.012,0.65,-4.498031767150005,0.9682001702060286,-0.07303210643776882,24.41959867758063,213.0,63.0,150.0,29.577464788732396,13697.670000000002,14147.560000000001,-449.8899999999994,1727.39,0.0,1.0,37.870850025650014,1.6429317202941092,2.8151915800906786,6.476491149681992,91.0,37.0,54.0,40.65934065934066,9677.410000000002,5890.330000000001,3787.080000000001,949.67,0.0,0.0,,,,,,,,0.04498031767150005
174,0.29152736414586145,True,91,16,69.0,44.0,19,18,3.3000000000000003,4,32,1.5,2.9000000000000004,1.5,0.014000000000000002,0.65,3.7763412462498125,1.0389929899546773,0.24608476747875221,25.1966874884815,128.0,37.0,91.0,28.90625,10063.789999999999,9686.1,377.6899999999987,1211.33,0.0,0.0,38.10144878655001,2.0799843534753992,3.0689689303977303,6.4314557119941895,56.0,25.0,31.0,44.642857142857146,7338.0599999999995,3527.9399999999996,3810.12,627.9,0.0,0.0,0.11430434635965002,0.25,-0.0,0.044444444444444446,0.003776341246249813,0.0019496494977338632,-0.12294741740221668,
175,0.36071965717582655,True,74,15,70.0,43.0,20,18,3.4000000000000004,5,36,1.4,2.8,1.5,0.014000000000000002,0.6000000000000001,23.055825753449792,1.1958112871034863,0.9795350305526359,14.9217688787768,159.0,49.0,110.0,30.81761006289308,14080.08,11774.5,2305.58,1541.15,0.0,0.0,33.75102962199997,1.794047759087166,2.8079955574797992,6.411243559195492,71.0,30.0,41.0,42.25352112676056,7625.5999999999985,4250.5,3375.0999999999985,725.99,0.0,0.0,0.1012530888659999,0.1985119397717915,-0.0,0.05634920634920635,0.02305582575344979,0.009790564355174315,-0.028240967919795273,
176,0.3324983835180902,True,78,15,71.0,43.0,21,18,3.3000000000000003,4,37,1.4,2.9000000000000004,1.5,0.014000000000000002,0.6000000000000001,7.309635825699898,1.067773870134157,0.39824049580974846,24.422610735493834,151.0,43.0,108.0,28.47682119205298,11516.08,10785.13,730.9500000000007,1393.44,0.0,0.0,41.876375407800005,2.1116556013623464,3.3566582877962956,5.611205911983577,65.0,29.0,36.0,44.61538461538461,7954.67,3767.0299999999997,4187.64,693.29,0.0,0.0,0.1256291262234,0.25,-0.0,0.0515873015873016,0.007309635825699898,0.003388693506707852,-0.10541637362501916,
177,0.3521283425838675,True,72,15,70.0,42.0,19,18,3.5,5,36,1.4,2.8,1.5,0.016,0.65,16.945004819299847,1.117592399183069,0.6675752002977944,16.51459982856398,176.0,53.0,123.0,30.113636363636363,16104.539999999999,14410.029999999999,1694.5100000000002,1813.37,0.0,0.0,40.94913528694997,1.8492010659366866,2.751307696444064,6.506790984850416,71.0,31.0,40.0,43.66197183098591,8916.94,4822.05,4094.8900000000003,797.63,0.0,0.0,0.1228474058608499,0.21230026648417166,-0.0,0.05634920634920635,0.016945004819299846,0.0058796199591534485,-0.06219316088881373,
178,0.34282069799697307,True,73,15,70.0,42.0,21,18,3.5,5,36,1.4,3.0,1.5,0.016,0.65,24.956090039549835,1.1661429547206636,0.8768323818809721,16.961802110758555,173.0,50.0,123.0,28.90173410404624,17516.609999999997,15020.980000000001,2495.6299999999956,1858.92,0.0,0.0,34.85782666814997,1.690689905246514,2.3260756468839925,9.070256867229547,72.0,29.0,43.0,40.27777777777778,8532.54,5046.779999999999,3485.760000000002,785.5,0.0,0.0,0.1045734800044499,0.17267247631162852,-0.0,0.05714285714285714,0.024956090039549836,0.008307147736033183,-0.024831353237545525,
179,-1.0072979302700003,False,75,15,70.0,42.0,21,18,3.5,5,36,1.3,3.0,1.0,0.019,0.65,-4.378758162000086,0.9598646327356323,-0.11755087271228733,22.45681064294467,185.0,49.0,136.0,26.486486486486488,10471.720000000001,10909.580000000002,-437.8600000000006,1213.31,0.0,0.0,26.80199109575,1.735108256216436,2.2662324091284454,8.179586977466375,73.0,29.0,44.0,39.726027397260275,6326.170000000001,3645.98,2680.190000000001,532.66,0.0,0.0,,,,,,,,0.043787581620000855
180,0.33516566111031604,True,73,14,70.0,42.0,21,19,3.5,4,37,1.4,2.8,1.5,0.015,0.65,18.943159080650002,1.151363527040017,0.7933968468185606,16.41724989816245,155.0,46.0,109.0,29.677419354838708,14409.279999999999,12514.969999999998,1894.3100000000013,1582.09,0.0,0.0,35.29948820119995,1.7633760296531453,2.654292264000944,6.774561340771703,72.0,30.0,42.0,41.666666666666664,8154.079999999999,4624.13,3529.949999999999,794.7,0.0,0.0,0.10589846460359983,0.19084400741328633,-0.0,0.05714285714285714,0.01894315908065,0.007568176352000855,-0.04523100348207815,
181,0.3648134794024042,True,74,15,71.0,41.0,20,18,3.4000000000000004,5,34,1.4,3.0,1.5,0.016,0.65,20.706866824149802,1.1509295885931787,0.8101136798507461,18.850281419907056,161.0,47.0,114.0,29.19254658385093,15790.189999999999,13719.509999999998,2070.6800000000003,1708.13,0.0,0.0,39.65151007200007,1.8365217868279042,2.7620770923754536,6.823005109026658,70.0,29.0,41.0,41.42857142857143,8705.150000000001,4740.0199999999995,3965.130000000002,793.52,0.0,0.0,0.11895453021600022,0.20913044670697606,-0.0,0.05555555555555556,0.020706866824149805,0.007546479429658937,-0.04708039932993635,
182,0.3823380335317216,True,72,15,71.0,41.0,19,18,3.5,5,34,1.4,3.0,1.5,0.016,0.65,17.69633343424981,1.1169529038640862,0.6696932334897654,18.85511058672233,175.0,51.0,124.0,29.142857142857142,16901.05,15131.390000000003,1769.6599999999962,1851.91,0.0,0.0,44.78043014790006,1.932518263071528,2.8214586195353712,7.920247147113728,71.0,31.0,40.0,43.66197183098591,9280.03,4802.04,4477.990000000001,797.08,0.0,0.0,0.1343412904437002,0.23312956576788202,-0.0,0.05634920634920635,0.017696333434249808,0.00584764519320431,-0.06502600765652113,
183,-2.0,False,78,15,71.0,41.0,19,18,1.0,5,33,1.3,3.0,1.5,0.017,0.65,,,,,,,,,,,,,,,,,,,,,,,,,,,,,,,,,,,,6.0
184,0.36681726032741446,True,75,15,72.0,41.0,20,18,3.4000000000000004,5,34,1.4,2.9000000000000004,1.5,0.017,0.65,10.864941020949919,1.0794816705400925,0.4854059505152637,19.951736508296282,164.0,47.0,117.0,28.658536585365855,14756.590000000002,13670.07,1086.5200000000023,1694.85,0.0,0.0,47.16512723490008,1.995033786705991,3.095071154971294,6.50982447913112,70.0,31.0,39.0,44.285714285714285,9456.52,4740.030000000001,4716.49,821.4,0.0,0.0,0.14149538170470025,0.24875844667649777,-0.0,0.05555555555555556,0.01086494102094992,0.003974083527004624,-0.09383114815729364,
185,-1.0227992980275005,False,76,15,72.0,41.0,20,18,3.5,5,34,1.3,2.9000000000000004,4.0,0.017,0.65,-13.679578816500234,0.9409624099089378,-0.19808504388650813,33.39207887606486,191.0,53.0,138.0,27.74869109947644,21803.039999999997,23171.0,-1367.9600000000028,3257.06,0.0,0.0,63.65051532750003,1.6964304471131961,2.683458337679706,10.601069914416577,71.0,30.0,41.0,42.25352112676056,15504.56,9139.52,6365.039999999999,1663.53,0.0,0.0,,,,,,,,0.13679578816500235
186,0.3539565497401584,True,72,15,71.0,41.0,19,19,3.6,6,33,1.4,2.8,1.5,0.016,0.65,20.482507874849855,1.1258918517571508,0.7363356587348492,17.733515710688245,177.0,54.0,123.0,30.508474576271187,18317.719999999998,16269.519999999999,2048.199999999999,1879.24,0.0,0.0,39.33862805309998,1.7972078281328847,2.6436293495326324,6.056496923841659,72.0,31.0,41.0,43.05555555555556,8868.34,4934.509999999999,3933.830000000001,794.45,0.0,0.0,0.11801588415929995,0.19930195703322118,-0.0,0.05714285714285714,0.020482507874849856,0.0062945925878575395,-0.04728124905792729,
187,0.35493239535937854,True,81,15,72.0,40.0,19,19,3.6,6,32,1.4,3.0,1.5,0.016,0.65,32.11634571439994,1.2054583233641727,1.0367120555556728,21.96142368017374,162.0,50.0,112.0,30.864197530864196,18843.170000000002,15631.54,3211.630000000001,1767.72,0.0,0.0,32.735062994150034,1.650377687621939,2.1563325538760774,8.713428180615624,67.0,26.0,41.0,38.80597014925373,8306.78,5033.26,3273.5200000000004,722.58,0.0,0.0,0.09820518898245009,0.16259442190548473,-0.0,0.05317460317460318,0.03211634571439994,0.010272916168208635,-0.0014310805857680364,
188,0.20689052569963048,True,81,14,72.0,40.0,20,19,3.4000000000000004,6,31,1.4,3.0,1.5,0.015,0.65,10.068503071999857,1.0819992295494656,0.4625216975198087,25.861395371243873,145.0,42.0,103.0,28.96551724137931,13285.36,12278.53,1006.8299999999999,1432.87,0.0,0.0,23.964481971549993,1.5314745489061978,1.8634133958573376,9.384052016877064,62.0,23.0,39.0,37.096774193548384,6905.4800000000005,4509.039999999999,2396.4400000000014,664.15,0.0,0.0,0.07189344591464998,0.13286863722654946,-0.0,0.049206349206349205,0.010068503071999857,0.00409996147747328,-0.061246371197391306,
189,0.2203205513201411,True,79,15,73.0,43.0,18,19,3.6,6,30,1.3,2.6,1.5,0.012,0.65,5.950148920700103,1.040162217585677,0.3143611374093968,18.240591225772846,202.0,62.0,140.0,30.693069306930692,15409.66,14814.669999999998,594.9900000000016,1841.53,0.0,0.0,32.39166380035002,1.6205566081654001,2.653415834072494,7.512465047638594,80.0,33.0,47.0,41.25,8459.03,5219.83,3239.2000000000007,822.3100000000001,0.0,0.0,0.09717499140105006,0.15513915204135004,-0.0,0.06349206349206349,0.0059501489207001036,0.002008110879283853,-0.10344391541430643,
190,0.25932206309972217,True,76,14,72.0,22.0,20,17,3.7,4,32,1.4,3.0,2.0,0.015,0.6000000000000001,13.061372506649803,1.0668774251822633,0.48610584850893046,21.460769787289248,202.0,57.0,145.0,28.217821782178216,20835.54,19529.46,1306.0800000000017,2439.46,0.0,2.0,36.64127672409995,1.5626553811993167,2.1526281162203698,11.89038473560043,80.0,30.0,50.0,37.5,10176.34,6512.209999999999,3664.130000000001,1052.92,0.0,0.0,0.10992383017229986,0.14066384529982917,-0.0,0.06349206349206349,0.013061372506649805,0.0033438712591131628,-0.0711629196302333,
191,0.4471838234517662,True,70,15,71.0,40.0,19,19,3.6,6,33,1.4,2.9000000000000004,1.5,0.016,0.65,33.4683232213,1.1994380666632898,1.0955472828892403,16.280862798028163,182.0,56.0,126.0,30.76923076923077,20128.190000000002,16781.350000000002,3346.84,2003.89,0.0,0.0,46.08349471895004,1.9348970537219503,2.91355139673389,6.720090289410134,70.0,31.0,39.0,44.285714285714285,9537.630000000001,4929.270000000001,4608.36,790.61,0.0,0.0,0.13825048415685012,0.23372426343048758,-0.0,0.05555555555555556,0.03346832322129999,0.00997190333316449,-0.02378670624559154,
192,0.40477184824526186,True,69,15,71.0,39.0,19,19,3.7,5,32,1.4,2.9000000000000004,1.5,0.016,0.65,47.78676982774994,1.2606395395768837,1.4046775257013462,14.847615337114883,194.0,62.0,132.0,31.95876288659794,23113.120000000003,18334.440000000002,4778.68,2264.92,0.0,1.0,38.141894269249974,1.7505347314733004,2.4611613807687696,6.717255608847589,74.0,30.0,44.0,40.54054054054054,8896.199999999999,5081.990000000001,3814.209999999998,811.03,0.0,0.0,0.11442568280774992,0.1876336828683251,-0.0,0.05873015873015874,0.047786769827749945,0.013031976978844185,-0.016836422967566024,
193,0.3907765205665065,True,71,15,71.0,40.0,19,19,3.7,5,32,1.5,2.9000000000000004,1.5,0.017,0.65,33.12321195884982,1.1898189245273396,1.0777450204760624,18.812843425698023,188.0,58.0,130.0,30.851063829787233,20761.899999999998,17449.629999999997,3312.2700000000004,2085.85,0.0,0.0,38.07618267355003,1.761601113706916,2.3947380587477283,8.180694276167293,68.0,27.0,41.0,39.705882352941174,8807.16,4999.5199999999995,3807.6400000000003,756.75,0.0,0.0,0.11422854802065008,0.19040027842672902,-0.0,0.05396825396825397,0.033123211958849826,0.00949094622636698,-0.010434718034343341,
194,0.39758111893796677,True,69,15,71.0,41.0,19,19,3.8000000000000003,5,33,1.5,2.9000000000000004,1.5,0.018000000000000002,0.65,19.326348131949963,1.1090684275782592,0.6946367928957367,16.088022837035652,194.0,58.0,136.0,29.896907216494846,19652.26,17719.61,1932.6499999999978,2063.2,0.0,0.0,47.560294356150045,1.9578786670372474,2.7949903036670403,8.301121654481493,68.0,28.0,40.0,41.1764705882353,9721.220000000001,4965.18,4756.040000000001,771.54,0.0,0.0,0.14268088306845014,0.23946966675931186,-0.0,0.05396825396825397,0.019326348131949965,0.00545342137891296,-0.06331745436891213,
195,0.3009044496299398,True,74,15,71.0,39.0,19,19,3.8000000000000003,5,30,1.5,2.9000000000000004,1.5,0.017,0.65,15.033167734349773,1.0855327762991553,0.5657655994853585,18.80691044990119,195.0,57.0,138.0,29.23076923076923,19079.78,17576.42,1503.3600000000006,2015.8600000000001,0.0,1.0,36.961640449200026,1.7009643558160041,2.2766601211940505,7.406342327566345,74.0,30.0,44.0,40.54054054054054,8969.099999999999,5272.95,3696.1499999999987,798.58,0.0,0.0,0.11088492134760009,0.17524108895400103,-0.0,0.05873015873015874,0.015033167734349774,0.004276638814957767,-0.0632615259511276,
196,0.2726144798724253,True,69,14,71.0,39.0,18,19,3.8000000000000003,5,32,1.5,2.8,1.5,0.018000000000000002,0.65,4.516813517749906,1.0269230264891107,0.2537571766397885,16.077972473528305,203.0,59.0,144.0,29.064039408866996,17229.159999999996,16777.46,451.6999999999971,1912.67,0.0,0.0,42.762324868349985,1.810644706935021,2.684102772946116,8.301015135285605,72.0,29.0,43.0,40.27777777777778,9551.349999999999,5275.11,4276.239999999999,826.14,0.0,0.0,0.12828697460504995,0.20266117673375528,-0.0,0.05714285714285714,0.004516813517749906,0.0013461513244555356,-0.12133949345144251,
197,0.40906694332286214,True,67,15,71.0,40.0,19,20,3.7,4,33,1.5,2.9000000000000004,1.5,0.017,0.65,16.90285869450003,1.1119446330115732,0.6467989875076943,13.850357695881394,177.0,52.0,125.0,29.37853107344633,16789.529999999995,15099.249999999998,1690.279999999997,1827.78,0.0,0.0,55.90420947405003,2.3346694965632993,3.4685176075627084,6.86251914346826,62.0,27.0,35.0,43.54838709677419,9779.02,4188.61,5590.410000000001,750.28,0.0,0.0,0.16771262842215007,0.25,-0.0,0.049206349206349205,0.01690285869450003,0.005597231650578661,-0.08035212465071584,
198,0.41675305019953907,True,68,15,72.0,40.0,19,20,3.9000000000000004,4,33,1.4,2.9000000000000004,1.5,0.018000000000000002,0.65,4.128660721549877,1.0232925342604469,0.24025606877641512,16.4222578038469,212.0,59.0,153.0,27.830188679245282,18139.610000000004,17726.71,412.9000000000051,2039.47,0.0,0.0,78.16821089944999,2.404154915662218,4.092329164859105,6.105297549342921,78.0,37.0,41.0,47.43589743589744,13383.689999999999,5566.899999999999,7816.79,1020.02,0.0,0.0,0.23450463269834995,0.25,-0.0,0.06190476190476191,0.004128660721549877,0.0011646267130223432,-0.134949631838145,
199,-1.0150919589905,False,68,15,72.0,39.0,19,20,3.9000000000000004,4,33,1.3,2.7,1.5,0.018000000000000002,0.65,-9.055175394299987,0.9488374064133351,-0.15934685437276092,20.072596817742607,234.0,67.0,167.0,28.632478632478634,16792.05,17697.5,-905.4500000000007,2058.78,0.0,1.0,69.26435966930013,2.0403482842629224,3.7450165231184718,7.5762502586650475,92.0,43.0,49.0,46.73913043478261,13584.19,6657.780000000001,6926.41,1143.21,0.0,0.0,,,,,,,,0.09055175394299987
200,0.4195278070808206,True,70,14,71.0,40.0,18,20,3.7,4,31,1.5,2.9000000000000004,1.5,0.019,0.65,23.89797355699997,1.155083330196797,0.8406129199725345,15.933704016131998,173.0,51.0,122.0,29.479768786127167,17799.579999999998,15409.779999999999,2389.7999999999993,1829.13,0.0,0.0,47.48992930879999,1.976734237198894,2.9552186604864965,8.064315125985118,64.0,26.0,38.0,40.625,9611.039999999999,4862.08,4748.959999999999,792.48,0.0,0.0,0.14246978792639997,0.24418355929972352,-0.0,0.050793650793650794,0.02389797355699997,0.007754166509839855,-0.04957133100579348,
201,0.43480979076324966,True,70,14,71.0,40.0,19,20,3.7,4,31,1.5,2.9000000000000004,1.5,0.018000000000000002,0.65,26.35941032319977,1.1721480364964596,0.9222529057711737,15.56467388541313,176.0,53.0,123.0,30.113636363636363,17948.129999999997,15312.170000000004,2635.9599999999937,1854.95,0.0,0.0,47.16540199774994,2.0307282469973242,3.003631604216537,7.9807815093409475,64.0,26.0,38.0,40.625,9292.449999999999,4575.920000000001,4716.529999999998,772.57,0.0,0.0,0.1414962059932498,0.25,-0.0,0.050793650793650794,0.026359410323199772,0.00860740182482298,-0.04244687817167369,
202,0.45136652177083214,True,66,14,71.0,40.0,18,20,3.7,4,28,1.5,2.9000000000000004,1.5,0.018000000000000002,0.65,27.59906891994997,1.170002507039113,0.8942976962400604,15.809485898931989,183.0,55.0,128.0,30.05464480874317,18994.16,16234.29,2759.869999999999,1952.84,0.0,0.0,53.21140514034997,2.1706387182076377,3.2856001958890215,6.181984008323839,67.0,30.0,37.0,44.776119402985074,9866.66,4545.51,5321.15,828.3,0.0,0.0,0.15963421542104989,0.25,-0.0,0.05317460317460318,0.02759906891994997,0.008500125351955646,-0.04754149109672653,
203,-1.0155718186548333,False,68,14,71.0,40.0,18,20,3.9000000000000004,4,28,1.6,2.9000000000000004,1.5,0.018000000000000002,0.65,-9.343091192899939,0.9422397803991392,-0.19828611387705758,18.369731103815667,198.0,53.0,145.0,26.767676767676768,15240.539999999997,16174.8,-934.260000000002,1791.08,0.0,0.0,54.807656729699936,2.06779548744445,3.3062422333150785,7.05891250511094,69.0,30.0,39.0,43.47826086956522,10613.56,5132.790000000001,5480.769999999999,860.6899999999999,0.0,0.0,,,,,,,,0.09343091192899938
204,0.446998233420789,True,70,14,72.0,40.0,18,20,3.7,4,25,1.5,2.9000000000000004,1.5,0.018000000000000002,0.65,40.74280099295012,1.2332602793684384,1.2089007182810267,16.403521091153415,181.0,56.0,125.0,30.939226519337016,21540.79,17466.539999999997,4074.2500000000036,2141.46,0.0,0.0,40.829066532450014,1.863658574247959,2.750744762409978,7.362062723612644,71.0,29.0,42.0,40.84507042253521,8810.39,4727.47,4082.919999999999,825.66,0.0,0.0,0.12248719959735004,0.21591464356198975,-0.0,0.05634920634920635,0.04074280099295013,0.01166301396842192,-0.00015863104912921606,
205,0.38452197353394935,True,67,14,71.0,40.0,18,20,3.8000000000000003,4,26,1.5,2.9000000000000004,1.5,0.019,0.65,15.287467549549893,1.0820577590005889,0.5462545901571884,17.343932634159618,204.0,59.0,145.0,28.92156862745098,20158.920000000002,18630.170000000002,1528.75,2199.65,0.0,0.0,48.96495513285003,1.9366394399066509,3.014990883229688,6.705024802194977,79.0,33.0,46.0,41.77215189873418,10124.17,5227.700000000001,4896.469999999999,936.34,0.0,0.0,0.1468948653985501,0.23415985997666272,-0.0,0.0626984126984127,0.015287467549549894,0.0041028879500294435,-0.0786215200392555,
206,0.3205469894254351,True,70,14,71.0,39.0,18,20,3.7,4,23,1.6,2.8,1.5,0.02,0.65,13.94104336929995,1.0948445065512638,0.5453963047047468,14.19374813602577,173.0,51.0,122.0,29.479768786127167,16092.779999999999,14698.690000000002,1394.0899999999965,1744.13,0.0,1.0,38.13820161275007,1.8095219901511295,2.654217434803373,8.429266399235152,69.0,28.0,41.0,40.57971014492754,8525.02,4711.2,3813.8200000000006,808.8,0.0,0.0,0.11441460483825021,0.20238049753778237,-0.0,0.05476190476190477,0.01394104336929995,0.004742225327563188,-0.06969328640936542,
207,0.4100384836728027,True,70,14,72.0,38.0,18,20,3.8000000000000003,4,26,1.5,2.9000000000000004,1.5,0.019,0.65,31.094131620599907,1.1629391682103658,0.9373216526249951,16.76841227377546,201.0,61.0,140.0,30.34825870646766,22192.31,19082.95,3109.3600000000006,2288.8,0.0,1.0,44.06384633584997,1.8071693924206458,2.7536600815030887,7.413911982010443,79.0,32.0,47.0,40.50632911392405,9865.41,5459.039999999999,4406.370000000001,918.29,0.0,0.0,0.1321915390075499,0.20179234810516145,-0.0,0.0626984126984127,0.03109413162059991,0.00814695841051829,-0.025884906169439535,
208,0.369704604814376,True,67,14,72.0,38.0,18,20,4.0,4,25,1.5,2.9000000000000004,1.5,0.019,0.65,8.066047316149707,1.0395011850894205,0.34480021340518086,19.91281554429027,219.0,64.0,155.0,29.22374429223744,21227.030000000002,20420.4,806.630000000001,2328.76,0.0,1.0,57.17729666404993,1.9438527391041662,3.2511428619055502,6.705136774683433,82.0,36.0,46.0,43.90243902439025,11775.51,6057.82,5717.6900000000005,1006.64,0.0,0.0,0.1715318899921498,0.23596318477604156,-0.0,0.06507936507936508,0.008066047316149707,0.001975059254471023,-0.11291094160380116,
209,0.3603837395286879,True,70,14,73.0,40.0,18,20,3.8000000000000003,4,26,1.5,2.7,1.5,0.019,0.65,16.143034028499862,1.0902453027752605,0.5768304149167851,17.099955218922666,202.0,62.0,140.0,30.693069306930692,19501.969999999998,17887.69,1614.2799999999988,2157.74,0.0,0.0,45.55658284215009,1.844299558361025,3.0107503425715807,6.4398091006971345,80.0,34.0,46.0,42.5,9951.490000000002,5395.8099999999995,4555.680000000002,915.65,0.0,0.0,0.13666974852645028,0.21107488959025628,-0.0,0.06349206349206349,0.016143034028499863,0.004512265138763028,-0.07150826124734504,
210,0.4498669231779235,True,64,14,72.0,39.0,18,20,3.8000000000000003,4,27,1.5,2.8,1.5,0.02,0.65,36.27685453809994,1.1735663959595843,1.0222977611681887,15.411542638521794,209.0,66.0,143.0,31.57894736842105,24528.5,20900.82,3627.6800000000003,2484.29,0.0,0.0,48.011007876350156,1.8794249854378002,2.9320842545839376,7.8878614423010935,78.0,33.0,45.0,42.30769230769231,10260.42,5459.34,4801.08,937.12,0.0,0.0,0.14403302362905046,0.21985624635945006,-0.0,0.06190476190476191,0.036276854538099944,0.008678319797979218,-0.020882283051418104,
211,0.4498669231779235,True,64,14,72.0,39.0,18,20,3.8000000000000003,4,27,1.5,2.8,1.5,0.02,0.65,36.27685453809994,1.1735663959595843,1.0222977611681887,15.411542638521794,209.0,66.0,143.0,31.57894736842105,24528.5,20900.82,3627.6800000000003,2484.29,0.0,0.0,48.011007876350156,1.8794249854378002,2.9320842545839376,7.8878614423010935,78.0,33.0,45.0,42.30769230769231,10260.42,5459.34,4801.08,937.12,0.0,0.0,0.14403302362905046,0.21985624635945006,-0.0,0.06190476190476191,0.036276854538099944,0.008678319797979218,-0.020882283051418104,
212,0.45245381036689875,True,64,14,72.0,39.0,18,20,3.8000000000000003,4,27,1.5,2.9000000000000004,1.5,0.02,0.65,32.18473674954992,1.1598916971992796,0.922132259822365,15.411172646727417,208.0,64.0,144.0,30.76923076923077,23347.17,20128.75,3218.4199999999983,2370.5,0.0,0.0,51.32657467050008,1.9262621249718026,3.0191430666170755,7.696330516009763,77.0,32.0,45.0,41.55844155844156,10673.900000000001,5541.25,5132.6500000000015,938.07,0.0,0.0,0.15397972401150023,0.23156553124295065,-0.0,0.061111111111111116,0.03218473674954992,0.007994584859963983,-0.03438187760817713,
213,0.5054732232491063,True,63,13,73.0,38.0,18,20,3.7,4,28,1.5,2.9000000000000004,1.5,0.02,0.65,45.552929003450025,1.2581572759642947,1.2535114049127487,13.103752038050152,183.0,59.0,124.0,32.240437158469945,22200.550000000007,17645.289999999997,4555.260000000009,2100.82,0.0,0.0,50.016784457200025,2.0677992878064613,3.0739387861631964,8.199291126948935,68.0,29.0,39.0,42.64705882352941,9685.82,4684.119999999999,5001.700000000001,826.66,0.0,0.0,0.15005035337160008,0.25,-0.0,0.05396825396825397,0.04555292900345003,0.012907863798214736,-0.007006176892412602,
214,-1.00984246486975,False,63,13,73.0,37.0,18,20,3.9000000000000004,4,28,1.6,2.9000000000000004,1.5,0.02,0.65,-5.905478921850026,0.9653595254266715,-0.0635741532144314,24.047706500263487,199.0,55.0,144.0,27.63819095477387,16458.82,17049.42,-590.5999999999985,1822.48,0.0,0.0,59.207335252149974,2.0970716196885584,3.407210292740584,7.637956495734379,72.0,31.0,41.0,43.05555555555556,11317.56,5396.84,5920.719999999999,920.02,0.0,0.0,,,,,,,,0.05905478921850026
215,0.5200108611931602,True,64,13,72.0,38.0,18,20,3.7,4,27,1.5,2.8,1.5,0.02,0.65,62.076597050449976,1.3261772987821763,1.5924856495518769,14.576932029750168,186.0,63.0,123.0,33.87096774193548,25239.13,19031.49,6207.639999999999,2375.41,0.0,0.0,50.49883746600013,2.101342568764121,3.1750162954646326,7.118392985890316,70.0,31.0,39.0,44.285714285714285,9635.16,4585.240000000001,5049.919999999999,854.24,0.0,0.0,0.1514965123980004,0.25,-0.0,0.05555555555555556,0.06207659705044998,0.016308864939108814,-0.015426668749954556,
216,0.4419731184986805,True,64,13,73.0,38.0,18,20,3.8000000000000003,4,27,1.5,2.8,1.5,0.021,0.65,32.564082198749986,1.1583195016107029,0.9382725275696951,15.606417905442552,208.0,65.0,143.0,31.25,23825.08,20568.660000000003,3256.4199999999983,2424.43,0.0,0.0,49.015967505650075,1.8911609150890052,2.947605793720533,7.986618320005551,78.0,33.0,45.0,42.30769230769231,10401.82,5500.2300000000005,4901.589999999999,943.8100000000001,0.0,0.0,0.1470479025169502,0.2227902287722513,-0.0,0.06190476190476191,0.03256408219874999,0.007915975080535143,-0.030249831974568063,
217,0.37275190473230513,True,63,13,73.0,38.0,18,20,3.9000000000000004,4,27,1.6,2.7,1.5,0.02,0.65,0.4664392980998673,1.002628142371708,0.13189758999357615,24.617916934424947,205.0,62.0,143.0,30.24390243902439,17789.199999999997,17742.57,46.62999999999738,1973.89,0.0,0.0,69.14852115550002,2.2328446448406014,4.057763567868861,6.770290989661539,79.0,37.0,42.0,46.835443037974684,12523.779999999999,5608.889999999999,6914.889999999999,1019.53,0.0,0.0,0.20744556346650006,0.25,-0.0,0.0626984126984127,0.0004664392980998673,0.00013140711858540267,-0.14798991784929288,
218,0.3062575727408365,True,64,13,73.0,38.0,17,20,3.8000000000000003,4,26,1.5,2.2,1.5,0.021,0.65,0.1121140149497478,1.000629366334592,0.11444568638847949,19.270671660217488,215.0,73.0,142.0,33.95348837209303,17759.18,17748.01,11.170000000001892,2150.23,0.0,0.0,49.33700211900006,1.9630245572530851,3.438372404296883,6.018482012773484,84.0,39.0,45.0,46.42857142857143,10056.829999999998,5123.13,4933.699999999998,1022.23,0.0,0.0,0.14801100635700018,0.24075613931327128,-0.0,0.06666666666666667,0.00011211401494974781,3.1468316729599265e-05,-0.14931982192778098,
219,0.4496890245530049,True,60,12,72.0,38.0,18,20,3.7,4,27,1.5,2.8,1.0,0.02,0.65,42.996916867500005,1.355917051026929,1.5901404767689604,10.579776150926541,186.0,62.0,124.0,33.333333333333336,16380.400000000001,12080.68,4299.720000000001,1474.98,0.0,0.0,33.47609104184994,2.0842631669295573,3.1262975826616097,6.575957266700044,72.0,30.0,42.0,41.666666666666664,6435.1,3087.47,3347.6300000000006,547.5,0.0,0.0,0.10042827312554982,0.25,-0.0,0.05714285714285714,0.04299691686750001,0.01779585255134645,-0.01867487513424852,
220,0.383533661349027,True,60,12,72.0,38.0,18,20,3.7,4,29,1.5,2.6,1.0,0.02,0.65,15.887071104499901,1.1441794152053153,0.7437626528533146,13.679927063662465,190.0,60.0,130.0,31.57894736842105,12607.61,11018.91,1588.7000000000007,1303.49,0.0,0.0,37.44920605374998,2.270171451828989,3.8431050507445486,6.1722736524541935,74.0,33.0,41.0,44.5945945945946,6693.26,2948.3500000000004,3744.91,561.28,0.0,0.0,0.11234761816124995,0.25,-0.0,0.05873015873015874,0.0158870711044999,0.007208970760265766,-0.06064015740714737,
221,0.38933766946091874,True,66,11,72.0,37.0,17,20,3.7,4,27,1.5,2.8,1.0,0.022000000000000002,0.65,22.772232773800024,1.2070129761512993,0.9495619447345397,11.194939619594342,179.0,56.0,123.0,31.28491620111732,13277.36,11000.18,2277.1800000000003,1298.15,0.0,0.0,25.51423639194998,1.940061603761072,2.593693319152257,4.532730340066679,67.0,29.0,38.0,43.28358208955224,5265.56,2714.12,2551.4400000000005,490.9,0.0,0.0,0.07654270917584993,0.23501540094026802,-0.0,0.05317460317460318,0.022772232773800027,0.010350648807564967,-0.008517925411167401,
222,0.41743183469330836,True,61,13,72.0,39.0,18,20,3.8000000000000003,4,27,1.5,2.7,1.0,0.021,0.65,24.17949291944997,1.1812702887087945,0.9636030506378108,11.82649233373153,211.0,68.0,143.0,32.22748815165877,15756.609999999999,13338.7,2417.909999999998,1564.71,0.0,0.0,35.29713342995001,1.9618523635511445,3.3177543687977735,4.580592439502471,83.0,35.0,48.0,42.16867469879518,7199.389999999999,3669.69,3529.6999999999994,624.45,0.0,0.0,0.10589140028985002,0.2404630908877861,-0.0,0.06587301587301587,0.02417949291944997,0.009063514435439724,-0.02803867971223337,
223,0.41876500096271496,True,58,13,72.0,39.0,18,20,3.8000000000000003,4,27,1.5,2.7,1.0,0.021,0.65,24.31454742560005,1.1886715294482815,0.9804766088696555,11.834267715533063,210.0,68.0,142.0,32.38095238095238,15318.410000000002,12886.999999999998,2431.4100000000035,1518.99,0.0,0.0,36.91667495585005,1.9602372189202895,3.4226910432028794,5.767258561722697,82.0,35.0,47.0,42.68292682926829,7536.23,3844.55,3691.6799999999994,626.3,0.0,0.0,0.11075002486755015,0.24005930473007236,-0.0,0.06507936507936508,0.02431454742560005,0.009433576472414074,-0.03087181761228678,
224,0.31495724756016186,True,56,13,72.0,39.0,18,20,3.8000000000000003,4,27,1.5,2.7,1.0,0.021,0.65,16.587722475750052,1.1415447419485312,0.7262792378198812,12.29791925732058,199.0,63.0,136.0,31.65829145728643,13377.74,11718.980000000001,1658.7599999999984,1368.9,0.0,0.0,29.524225330050086,1.7061899192265646,2.7778581659924755,6.332840003645883,86.0,35.0,51.0,40.69767441860465,7133.29,4180.830000000001,2952.459999999999,624.16,0.0,0.0,0.08857267599015026,0.17654747980664115,-0.0,0.06825396825396826,0.016587722475750053,0.007077237097426559,-0.042081836063774435,
225,0.3464142394110082,True,59,12,73.0,39.0,18,20,4.0,4,29,1.6,2.7,1.0,0.021,0.65,6.092318793199956,1.0463942256434313,0.33438482997520064,18.686142180635695,215.0,66.0,149.0,30.697674418604652,13740.369999999999,13131.16,609.2099999999991,1460.75,0.0,0.0,47.28559094494991,2.2581404754176,3.99365752248655,5.5197751214298805,78.0,34.0,44.0,43.58974358974359,8486.949999999999,3758.3799999999997,4728.57,637.38,0.0,0.0,0.1418567728348497,0.25,-0.0,0.06190476190476191,0.0060923187931999565,0.002319711282171566,-0.11575932540397493,
226,0.4004530393786464,True,62,13,72.0,38.0,18,20,3.9000000000000004,4,25,1.5,2.8,1.0,0.022000000000000002,0.65,18.776530810300027,1.1272007728023434,0.7420323736984444,14.66751299843973,224.0,69.0,155.0,30.803571428571427,16639.58,14761.86,1877.7200000000012,1650.12,0.0,0.0,38.93519579185002,1.9674326265100954,3.3074111726292905,5.9522967208133455,87.0,36.0,51.0,41.37931034482759,7918.089999999999,4024.5799999999995,3893.5099999999998,679.86,0.0,0.0,0.11680558737555005,0.24185815662752386,-0.0,0.06904761904761905,0.018776530810300028,0.006360038640117172,-0.05239489312246374,
227,0.44408314634258966,True,64,12,73.0,39.0,17,20,3.7,4,28,1.5,2.6,1.0,0.019,0.65,30.092784906949984,1.2582806921175498,1.2295278057056434,10.572520616307878,190.0,65.0,125.0,34.21052631578947,14660.48,11651.200000000003,3009.279999999997,1432.1,0.0,0.0,34.34892166490006,2.1220787790488758,3.5774562728682393,4.045262221324328,73.0,33.0,40.0,45.205479452054796,6496.15,3061.22,3434.93,556.85,0.0,0.0,0.10304676499470018,0.25,-0.0,0.057936507936507946,0.030092784906949985,0.01291403460587749,-0.009906946101445917,
228,0.36964027901551916,True,58,12,74.0,37.0,17,20,3.8000000000000003,4,27,1.6,2.5,1.0,0.019,0.65,11.579089512250029,1.0994156364891483,0.5782873652699149,12.151707249428231,200.0,66.0,134.0,33.0,12804.740000000002,11646.86,1157.880000000001,1349.58,0.0,0.0,43.499255654050124,2.342658098130726,4.200584751828838,5.239018263853314,75.0,36.0,39.0,48.0,7589.65,3239.7599999999998,4349.889999999999,603.58,0.0,0.0,0.13049776696215037,0.25,-0.0,0.05952380952380953,0.01157908951225003,0.004970781824457416,-0.08693116880714821,
229,0.3811412988182946,True,62,13,72.0,38.0,18,20,3.8000000000000003,4,25,1.5,2.6,1.0,0.02,0.65,16.41082081939994,1.1231326317305916,0.7092466849758519,11.697895967510304,220.0,70.0,150.0,31.818181818181817,14968.64,13327.58,1641.0599999999995,1576.47,0.0,0.0,35.300754619350045,1.9504977153827308,3.4907284713173867,4.500036438368609,88.0,36.0,52.0,40.90909090909091,7244.09,3713.97,3530.1200000000003,660.68,0.0,0.0,0.10590226385805013,0.2376244288456827,-0.0,0.06984126984126984,0.01641082081939994,0.006156631586529582,-0.054794116132637564,
230,0.38986934614219804,True,65,13,73.0,39.0,17,20,3.7,4,28,1.5,2.5,1.0,0.019,0.65,18.163032979100045,1.1552027917293992,0.8165061131539014,10.577673997500254,193.0,63.0,130.0,32.64248704663213,13519.5,11703.14,1816.3600000000006,1415.26,0.0,0.0,31.755271074750162,2.007855122968379,3.3351004909624953,4.0453911383396175,75.0,34.0,41.0,45.333333333333336,6326.37,3150.8100000000004,3175.5599999999995,569.76,0.0,0.0,0.09526581322425048,0.25,-0.0,0.05952380952380953,0.018163032979100043,0.007760139586469961,-0.04084344917143198,
231,0.44909882125762346,True,64,11,73.0,39.0,18,20,3.7,4,26,1.5,2.7,1.0,0.02,0.65,30.73115060864977,1.2611338320129908,1.210622490965157,10.963978522096882,184.0,61.0,123.0,33.15217391304348,14841.539999999999,11768.409999999998,3073.130000000001,1433.46,0.0,0.0,37.258229208200085,2.3249127897673327,3.727435943612137,4.1797421022355845,73.0,33.0,40.0,45.205479452054796,6538.05,2812.17,3725.88,556.8,0.0,0.0,0.11177468762460024,0.25,-0.0,0.057936507936507946,0.03073115060864977,0.01305669160064954,-0.014400216512784038,
232,0.46593307224508457,True,61,14,73.0,36.0,18,20,3.7,4,26,1.5,2.7,1.0,0.02,0.65,36.77229064195008,1.2882637322665642,1.3864874217103393,10.601276031042945,190.0,64.0,126.0,33.68421052631579,16433.440000000002,12756.269999999999,3677.1700000000037,1541.0,0.0,0.0,35.92317078050002,2.18411415499527,3.5182598627720028,4.433588022773024,74.0,32.0,42.0,43.24324324324324,6626.1,3033.77,3592.3300000000004,558.27,0.0,0.0,0.10776951234150008,0.25,-0.0,0.05873015873015874,0.03677229064195008,0.01441318661332821,-0.0017520760818525338,
233,0.4291658728792567,True,60,12,74.0,37.0,18,20,3.8000000000000003,4,26,1.5,2.7,1.0,0.02,0.65,23.64959527029996,1.1795354528981243,0.9541672122250056,11.182635543726322,211.0,67.0,144.0,31.753554502369667,15537.82,13172.83,2364.99,1565.63,0.0,0.0,37.995802175449974,2.057336858216224,3.5655374830160262,5.143483534624075,85.0,36.0,49.0,42.35294117647059,7393.04,3593.4999999999995,3799.5400000000004,640.95,0.0,0.0,0.11398740652634991,0.25,-0.0,0.06746031746031747,0.023649595270299962,0.008976772644906218,-0.034908219022616815,
234,0.33928297663408225,True,60,11,74.0,37.0,18,20,3.9000000000000004,4,24,1.5,2.6,1.0,0.02,0.65,5.141056798049813,1.0370271915511322,0.2912012894280284,15.311306785703852,231.0,70.0,161.0,30.303030303030305,14395.13,13881.150000000001,513.9799999999977,1573.31,0.0,0.0,42.241445768700046,2.028935202100658,3.850764874185694,4.576720469606424,92.0,40.0,52.0,43.47826086956522,8329.55,4105.38,4224.169999999999,715.01,0.0,0.0,0.12672433730610014,0.25,-0.0,0.07301587301587302,0.005141056798049813,0.0018513595775566105,-0.11744965006349734,
235,0.2921569390808824,True,55,12,74.0,39.0,18,20,3.7,4,27,1.6,2.7,1.0,0.021,0.65,7.542982571449884,1.075925897966271,0.4130775680482395,12.214529657989221,173.0,52.0,121.0,30.057803468208093,10689.270000000002,9934.949999999999,754.3200000000033,1114.55,0.0,1.0,29.841589457300017,1.9008286417218845,3.0129777487335128,5.769136650506707,70.0,30.0,40.0,42.857142857142854,6296.78,3312.6499999999996,2984.13,514.28,0.0,0.0,0.08952476837190004,0.22520716043047112,-0.0,0.05555555555555556,0.007542982571449884,0.003796294898313546,-0.08946982274680773,
236,0.45673937838779993,True,62,12,73.0,38.0,18,20,3.7,4,28,1.5,2.7,1.0,0.02,0.65,33.22425113279995,1.2797879856871812,1.2740144832393463,10.343105304398023,189.0,63.0,126.0,33.333333333333336,15197.060000000001,11874.670000000002,3322.3899999999994,1438.46,0.0,0.0,36.42622554925007,2.2053572905808974,3.5778141182782757,4.432946459612416,72.0,32.0,40.0,44.44444444444444,6664.700000000001,3022.05,3642.6500000000005,547.93,0.0,0.0,0.1092786766477502,0.25,-0.0,0.05714285714285714,0.03322425113279995,0.013989399284359062,-0.00689580581996645,
237,0.3113135004359263,True,62,12,73.0,37.0,18,20,3.9000000000000004,4,29,1.5,2.7,1.0,0.02,0.65,1.1896716767499493,1.0091803829954287,0.13593815943621565,20.922303214701465,219.0,65.0,154.0,29.680365296803654,13084.72,12965.689999999999,119.03000000000065,1417.01,0.0,0.0,45.09575326609998,2.168102968183785,3.8850868975634962,5.5200310844307205,84.0,38.0,46.0,45.23809523809524,8370.2,3860.6099999999997,4509.590000000001,665.59,0.0,0.0,0.13528725979829995,0.25,-0.0,0.06666666666666667,0.0011896716767499493,0.00045901914977143355,-0.1422891168555617,
238,0.43321244243801305,True,63,12,73.0,35.0,18,20,3.7,4,27,1.5,2.6,1.0,0.021,0.65,26.86771201574995,1.2271748367049273,1.1107175476944136,11.156996956465413,192.0,65.0,127.0,33.854166666666664,14513.49,11826.75,2686.74,1444.95,0.0,0.0,34.29353739974999,2.1410338310841386,3.6418168434630873,4.499525983857224,76.0,33.0,43.0,43.421052631578945,6434.920000000001,3005.5200000000004,3429.4000000000005,571.09,0.0,0.0,0.10288061219924995,0.25,-0.0,0.06031746031746032,0.026867712015749952,0.011358741835246367,-0.018212083929693545,
239,0.26720620611096835,True,64,10,73.0,35.0,17,20,3.8000000000000003,4,27,1.6,2.6,1.0,0.022000000000000002,0.65,1.3288141911999447,1.0118750240190613,0.13955627967176984,17.60430256098884,188.0,58.0,130.0,30.851063829787233,11321.899999999998,11189.03,132.86999999999716,1230.01,0.0,0.0,32.66730523450004,2.2686133030943205,3.7750652210206677,3.2125343451017847,70.0,32.0,38.0,45.714285714285715,5841.77,2575.0400000000004,3266.73,524.44,0.0,0.0,0.09800191570350013,0.25,-0.0,0.05555555555555556,0.0013288141911999448,0.0005937512009530632,-0.13827383054024037,
240,0.4353861080855037,True,60,12,74.0,39.0,18,20,3.7,4,28,1.5,2.5,1.0,0.021,0.65,26.87791346855005,1.2307170669065588,1.139180514956261,9.69537679864278,196.0,67.0,129.0,34.183673469387756,14337.46,11649.68,2687.779999999999,1443.08,0.0,0.0,36.42729534499998,2.208676609652106,3.734528879895288,5.2752447222192345,76.0,35.0,41.0,46.05263157894737,6656.62,3013.85,3642.77,575.91,0.0,0.0,0.10928188603499994,0.25,-0.0,0.06031746031746032,0.026877913468550053,0.01153585334532794,-0.022627005080834563,
241,0.4193333817636197,True,59,12,74.0,39.0,18,20,3.7,4,28,1.5,2.5,1.0,0.021,0.65,24.058377572150004,1.2075404965692864,1.055142764911562,10.598177216191496,200.0,68.0,132.0,34.0,13998.22,11592.339999999998,2405.880000000001,1434.32,0.0,0.0,34.73041693630008,2.149519408992215,3.602424685244376,6.198120499244417,73.0,33.0,40.0,45.205479452054796,6494.299999999999,3021.28,3473.019999999999,554.36,0.0,0.0,0.10419125080890024,0.25,-0.0,0.057936507936507946,0.024058377572150003,0.010377024828464322,-0.027229779382402845,
242,0.3362879182126731,True,59,12,74.0,36.0,18,20,3.7,4,28,1.5,2.4000000000000004,1.0,0.021,0.3,9.066603086349987,1.1758400325830825,0.8412396792781617,6.11387471569218,205.0,71.0,134.0,34.63414634146341,6062.690000000001,5156.049999999999,906.6400000000021,635.23,0.0,0.0,13.735545002500022,2.0750170226420703,3.376689723652047,2.913804316587863,73.0,33.0,40.0,45.205479452054796,2651.2699999999995,1277.71,1373.5599999999995,234.33,0.0,0.0,0.04120663500750006,0.25,-0.0,0.057936507936507946,0.009066603086349987,0.008792001629154124,-0.030713829446839,
243,0.4375784529431599,True,60,12,74.0,38.0,18,20,3.7,4,28,1.5,2.5,1.0,0.02,0.65,27.405103702150047,1.2355057145312365,1.1627570847703792,9.695516850891593,196.0,67.0,129.0,34.183673469387756,14377.58,11637.0,2740.58,1446.3,0.0,0.0,36.42729534499998,2.208676609652106,3.734528879895288,5.2752447222192345,76.0,35.0,41.0,46.05263157894737,6656.62,3013.85,3642.77,575.91,0.0,0.0,0.10928188603499994,0.25,-0.0,0.06031746031746032,0.027405103702150047,0.011775285726561825,-0.021201282838012234,
244,0.3922072574947576,True,61,12,74.0,39.0,18,20,3.7,4,29,1.5,2.5,1.0,0.021,0.65,17.83107064959988,1.1571903229247382,0.8202114090075571,11.378044201870228,193.0,64.0,129.0,33.16062176165803,13126.599999999999,11343.510000000002,1783.0899999999965,1360.42,0.0,0.0,35.66783396039999,2.2246817949272604,3.7185316373948467,5.4962330589093815,75.0,34.0,41.0,45.333333333333336,6479.2300000000005,2912.43,3566.8000000000006,567.43,0.0,0.0,0.10700350188119996,0.25,-0.0,0.05952380952380953,0.017831070649599882,0.007859516146236912,-0.0500106407060887,
245,0.2917164466679765,True,57,11,74.0,38.0,18,20,3.7,4,28,1.5,2.5,1.0,0.02,0.65,9.634333780400011,1.0961814533438485,0.496770745909127,11.507656642606404,189.0,62.0,127.0,32.804232804232804,10980.339999999998,10016.900000000001,963.4399999999969,1204.04,0.0,0.0,29.417682891250042,1.8124147339699868,2.954175418900752,6.461609265519954,78.0,34.0,44.0,43.58974358974359,6562.79,3621.019999999999,2941.770000000001,572.17,0.0,0.0,0.08825304867375013,0.2031036834924967,-0.0,0.06190476190476191,0.009634333780400012,0.004809072667192427,-0.07598845385062465,
246,0.4046466826447098,True,64,12,73.0,38.0,17,20,3.8000000000000003,4,25,1.5,2.6,1.0,0.02,0.65,18.186255350899973,1.1362605449073124,0.7767454841140494,12.638235600054177,211.0,69.0,142.0,32.70142180094787,15165.089999999998,13346.490000000002,1818.5999999999967,1541.7,0.0,0.0,41.12464166905007,2.188191615382393,3.9491237511910264,4.0454674011156735,81.0,36.0,45.0,44.44444444444444,7573.549999999999,3461.0999999999995,4112.45,642.37,0.0,0.0,0.1233739250071502,0.25,-0.0,0.0642857142857143,0.018186255350899974,0.006813027245365622,-0.058012239244420255,
247,0.4179123730849563,True,60,12,75.0,39.0,18,20,3.7,4,26,1.5,2.4000000000000004,1.0,0.021,0.65,23.17721330624996,1.194972399765133,1.0184038316839477,10.160671287252887,200.0,69.0,131.0,34.5,14205.33,11887.580000000002,2317.749999999998,1487.45,0.0,0.0,32.373186042900016,2.0706516167225035,3.4352132921945855,5.340824856384232,79.0,35.0,44.0,44.30379746835443,6261.050000000001,3023.71,3237.340000000001,586.39,0.0,0.0,0.09711955812870005,0.25,-0.0,0.0626984126984127,0.02317721330624996,0.009748619988256647,-0.024831431036663028,
248,0.3872738678728645,True,58,11,75.0,39.0,18,20,3.7,4,26,1.6,2.4000000000000004,1.0,0.022000000000000002,0.65,17.760361048100005,1.1730515706405822,0.8574186700166946,11.864248947132017,185.0,64.0,121.0,34.5945945945946,12039.04,10263.01,1776.0300000000007,1258.34,0.0,0.0,34.35843012154996,2.2184332777758082,3.7326948529529367,5.366821254571845,70.0,33.0,37.0,47.142857142857146,6255.76,2819.8999999999996,3435.8600000000006,535.86,0.0,0.0,0.10307529036464988,0.25,-0.0,0.05555555555555556,0.017760361048100005,0.00865257853202911,-0.047769917627470064,
249,0.4191676293354139,True,64,12,75.0,38.0,18,20,3.7,4,28,1.5,2.4000000000000004,1.0,0.02,0.65,24.127162189549782,1.203340421067003,1.0399491255219886,10.631353139864778,198.0,69.0,129.0,34.84848484848485,14278.319999999998,11865.57,2412.749999999998,1477.44,0.0,0.0,33.54890674125005,2.2057792872931143,3.642924717579797,4.045290820943126,74.0,35.0,39.0,47.2972972972973,6137.249999999999,2782.350000000001,3354.8999999999983,557.65,0.0,0.0,0.10064672022375015,0.25,-0.0,0.05873015873015874,0.024127162189549786,0.010167021053350146,-0.024503432861394937,
250,0.38904817251257795,True,64,12,74.0,36.0,18,20,3.8000000000000003,4,28,1.5,2.5,1.0,0.02,0.65,16.609882504450017,1.1284891438543723,0.7377812337169087,11.213519445050647,215.0,71.0,144.0,33.02325581395349,14588.249999999998,12927.240000000002,1661.0099999999966,1557.21,0.0,0.0,34.44436300410003,2.0170610068297172,3.4859961528316257,4.045191149469096,82.0,37.0,45.0,45.1219512195122,6831.119999999999,3386.67,3444.449999999999,618.81,0.0,0.0,0.1033330890123001,0.25,-0.0,0.06507936507936508,0.016609882504450016,0.006424457192718613,-0.052398621276255886,
251,0.25591887617370873,True,54,11,73.0,38.0,18,20,3.7,4,30,1.5,2.3,1.0,0.019,0.65,7.839031869849951,1.0731317507900118,0.44158996578324694,13.282487574186394,198.0,66.0,132.0,33.333333333333336,11502.029999999999,10718.190000000002,783.8399999999965,1298.09,0.0,1.0,24.883464313699967,1.743999282425402,2.6989739669294974,5.586652729314505,78.0,35.0,43.0,44.87179487179487,5832.98,3344.6,2488.3799999999997,558.21,0.0,0.0,0.0746503929410999,0.1859998206063505,-0.0,0.06190476190476191,0.00783903186984995,0.003656587539500589,-0.07813171868785412,
252,0.3335394136906358,True,65,12,74.0,37.0,17,20,3.6,4,29,1.5,2.6,1.0,0.02,0.65,8.014184112250096,1.0754081916863643,0.4307086802592975,15.451907739195272,182.0,56.0,126.0,30.76923076923077,11428.75,10627.36,801.3899999999994,1238.76,0.0,0.0,37.54417607590009,2.3601072308361113,3.9633180473842207,4.69873205352581,71.0,33.0,38.0,46.478873239436616,6514.84,2760.3999999999996,3754.4400000000005,543.6,0.0,0.0,0.11263252822770026,0.25,-0.0,0.05634920634920635,0.008014184112250097,0.003770409584318213,-0.09722691458283916,
253,0.3657477464478469,True,62,11,73.0,35.0,18,20,3.6,17,28,1.6,2.3,1.0,0.021,0.65,21.607802747349997,1.206243849546668,0.9575517672072809,10.520716550717063,156.0,55.0,101.0,35.256410256410255,12637.660000000002,10476.87,2160.790000000001,1143.24,0.0,0.0,26.19406920870002,1.878548118235391,2.8157054280669964,6.247429852088816,63.0,28.0,35.0,44.44444444444444,5600.91,2981.5099999999998,2619.4,460.9,0.0,0.0,0.07858220762610006,0.21963702955884773,-0.0,0.05,0.021607802747349997,0.010312192477333405,-0.014391485961784283,
254,0.36855855471814014,True,58,12,75.0,38.0,18,20,3.8000000000000003,4,27,1.5,2.5,1.0,0.02,0.65,14.276054087149879,1.1108430647866328,0.6632757778405152,11.575662438563025,217.0,71.0,146.0,32.71889400921659,14306.77,12879.2,1427.5699999999997,1526.2,0.0,0.0,36.053205445150034,1.9489232453716132,3.505629439569046,5.942501779314856,86.0,38.0,48.0,44.18604651162791,7404.699999999999,3799.3799999999997,3605.3199999999993,654.37,0.0,0.0,0.1081596163354501,0.2372308113429033,-0.0,0.06825396825396826,0.01427605408714988,0.005542153239331638,-0.06490404854066306,
255,0.3867317346470324,True,65,13,73.0,38.0,17,20,3.7,4,26,1.5,2.6,1.0,0.019,0.65,16.607627179350022,1.1392452823860657,0.751970606232292,10.930929773508188,194.0,61.0,133.0,31.443298969072163,13587.300000000001,11926.579999999998,1660.720000000003,1431.47,0.0,1.0,34.74588751925012,2.1140426814410116,3.6532747954406775,4.0449709955795266,78.0,34.0,44.0,43.58974358974359,6593.53,3118.92,3474.6099999999997,593.57,0.0,0.0,0.10423766255775035,0.25,-0.0,0.06190476190476191,0.01660762717935002,0.006962264119303285,-0.05298058111413317,
256,0.3609449795840619,True,62,12,74.0,39.0,18,20,3.7,4,24,1.5,2.4000000000000004,1.0,0.02,0.35,12.916973610400017,1.209002653549932,0.9767985078881194,7.510964874644734,204.0,70.0,134.0,34.31372549019608,7472.12,6180.4,1291.7200000000003,772.45,0.0,0.0,15.3964632166501,1.9577802107568085,3.2793390666879354,2.5125845015402466,82.0,34.0,48.0,41.46341463414634,3147.21,1607.54,1539.67,308.55,0.0,0.0,0.0461893896499503,0.23944505268920213,-0.0,0.06507936507936508,0.012916973610400019,0.010450132677496605,-0.013135934122352245,
257,-1.00605825846325,False,66,13,73.0,37.0,18,20,3.8000000000000003,4,28,1.6,2.7,1.0,0.019,0.65,-3.6349550779500537,0.9671929598099313,-0.08402183693118495,12.90568495445229,192.0,54.0,138.0,28.125,10714.669999999998,11078.11,-363.4400000000023,1226.04,0.0,0.0,33.27115650484997,2.1074405197779233,3.3296743404626725,4.632178904764276,67.0,29.0,38.0,43.28358208955224,6331.51,3004.359999999999,3327.150000000001,509.91,0.0,0.0,,,,,,,,0.036349550779500535
258,0.43041756650675883,True,60,12,75.0,38.0,17,20,3.7,4,27,1.5,2.7,1.0,0.02,0.65,36.950531718500024,1.304772603738538,1.4111031086893997,10.836322993228588,186.0,63.0,123.0,33.87096774193548,15819.05,12123.99,3695.0599999999995,1464.77,0.0,0.0,31.687947354799874,1.9437402461252542,3.1060022525083792,5.1433882638212935,74.0,31.0,43.0,41.891891891891895,6526.379999999998,3357.64,3168.7399999999984,557.08,0.0,0.0,0.09506384206439962,0.23593506153131355,-0.0,0.05873015873015874,0.036950531718500025,0.015238630186926906,-0.011500657724539983,
259,0.43848198973689195,True,63,12,75.0,38.0,17,20,3.6,4,25,1.5,2.6,1.0,0.02,0.65,27.77051593660004,1.2388350316148695,1.1673001088238035,10.811699669771969,183.0,63.0,120.0,34.42622950819672,14404.479999999998,11627.439999999999,2777.039999999999,1408.98,0.0,0.0,37.403184453850066,2.336948284983057,4.005765589545649,4.499701930763724,74.0,33.0,41.0,44.5945945945946,6537.94,2797.64,3740.2999999999997,565.88,0.0,0.0,0.11220955336155021,0.25,-0.0,0.05873015873015874,0.027770515936600043,0.011941751580743476,-0.02216998987216053,
260,0.4629887448029977,True,61,12,74.0,37.0,17,20,3.6,4,25,1.5,2.8,1.0,0.019,0.65,47.05625113710019,1.380152269664664,1.7336603849780328,10.41994901893613,180.0,62.0,118.0,34.44444444444444,17083.58,12378.040000000003,4705.539999999999,1498.4,0.0,0.0,36.82179039325005,2.310306174737382,3.4570802183081843,5.876145465987554,69.0,30.0,39.0,43.47826086956522,6492.330000000001,2810.1599999999994,3682.1700000000014,534.48,0.0,0.0,0.11046537117975014,0.25,-0.0,0.05476190476190477,0.04705625113710019,0.0190076134832332,-0.018302395758990623,
261,-1.1287797653208314,False,62,12,76.0,37.0,17,20,3.6,4,22,0.5,2.8,3.5,0.019,0.65,-26.68585525380014,0.9341552505106244,-0.2954278308364638,40.06677395864003,389.0,109.0,280.0,28.020565552699228,37860.21000000001,40528.82,-2668.6099999999933,6531.65,0.0,2.0,-22.093728439650004,0.8452547883569347,-0.860948212416602,38.14605603656485,157.0,46.0,111.0,29.29936305732484,12067.99,14277.340000000002,-2209.350000000002,2507.19,0.0,0.0,,,,,,,,0.772678591924988
262,0.3022143557240893,True,66,11,75.0,37.0,17,20,3.6,4,25,1.6,2.6,1.0,0.02,0.65,3.3231173436499195,1.0355618198182581,0.2309102622638795,12.443959959622147,164.0,50.0,114.0,30.48780487804878,9676.300000000001,9344.009999999998,332.2900000000027,1070.27,0.0,0.0,40.05396697790005,2.5572433312986713,4.310398842089503,3.4830997041051943,68.0,33.0,35.0,48.529411764705884,6577.46,2572.09,4005.37,532.11,0.0,0.0,0.12016190093370015,0.25,-0.0,0.05396825396825397,0.0033231173436499197,0.0017780909909129062,-0.12701700751242764,
263,0.49764844389956303,True,62,14,73.0,36.0,17,20,3.6,4,24,1.5,2.8,4.5,0.019,0.65,58.487187991100186,1.1708061700781176,1.1226817730902359,26.286088500162684,182.0,61.0,121.0,33.51648351648352,40090.78,34242.02999999999,5848.750000000007,4882.64,0.0,0.0,69.9071478133501,1.7147424460696454,2.7336394906232857,13.138026577933552,70.0,30.0,40.0,42.857142857142854,16771.329999999998,9780.67,6990.659999999998,1988.81,0.0,0.0,0.20972144344005025,0.17868561151741136,-0.0,0.05555555555555556,0.05848718799110019,0.00854030850390588,-0.013341663108460208,
264,0.5277656623469933,True,60,12,73.0,36.0,17,20,3.6,4,23,1.5,2.8,4.5,0.019,0.65,72.59377424600025,1.2171705235496524,1.3274787196244815,27.19808472719275,181.0,63.0,118.0,34.806629834254146,40686.14,33426.82000000001,7259.319999999992,4928.91,0.0,0.0,71.03213958819997,1.7091693090421156,2.7348865815677006,13.138322094941202,70.0,30.0,40.0,42.857142857142854,17119.45,10016.24,7103.210000000001,2008.16,0.0,0.0,0.21309641876459992,0.1772923272605289,-0.0,0.05555555555555556,0.07259377424600026,0.01085852617748262,-0.0016309396571739271,
265,0.48742669311806847,True,62,14,73.0,36.0,17,20,3.6,4,23,1.5,2.8,5.0,0.019,0.7,62.64957099905014,1.180007930168545,1.1605670640273207,30.053192452629123,183.0,63.0,120.0,34.42622950819672,41068.76,34803.799999999996,6264.960000000006,5186.37,0.0,0.0,67.42865123870016,1.650610291492585,2.5970624581881707,13.294484220185302,71.0,30.0,41.0,42.25352112676056,17106.760000000002,10363.9,6742.860000000002,2172.65,0.0,0.0,0.20228595371610045,0.16265257287314627,-0.0,0.05634920634920635,0.06264957099905015,0.009000396508427256,-0.005511007327861987,
266,0.5110653304723833,True,63,14,73.0,36.0,17,20,3.6,4,23,1.6,2.8,4.5,0.018000000000000002,0.7,56.440224522950246,1.1943077871152317,1.171569740451545,22.220342320478277,170.0,58.0,112.0,34.11764705882353,34690.7,29046.699999999997,5644.0,4224.89,0.0,0.0,71.34225202905014,1.777630990920288,2.89524595919194,12.607380631409876,68.0,30.0,38.0,44.11764705882353,16308.52,9174.300000000001,7134.219999999999,1957.02,0.0,0.0,0.21402675608715044,0.19440774773007202,-0.0,0.05396825396825397,0.05644022452295025,0.009715389355761585,-0.017493041191804885,
267,0.2576806736925167,True,56,14,73.0,36.0,17,19,3.6,4,23,1.6,2.8,4.5,0.018000000000000002,0.7,15.881686253750232,1.0620309121473837,0.48786556327015984,26.525417044920484,179.0,56.0,123.0,31.28491620111732,27191.050000000003,25602.879999999997,1588.1700000000055,3576.73,0.0,0.0,46.37636026540018,1.4508901834812435,2.0638541130032,13.145291354534555,76.0,29.0,47.0,38.1578947368421,14923.159999999998,10285.519999999999,4637.639999999999,1856.52,0.0,0.0,0.13912908079620054,0.11272254587031089,-0.0,0.06031746031746032,0.01588168625375023,0.003101545607369183,-0.07347164515257446,
268,0.5658817755168402,True,64,14,73.0,36.0,17,20,3.6,4,24,1.6,2.8,4.5,0.018000000000000002,0.7,42.83329559295016,1.1503964657787342,0.9677335571198917,23.74963668966221,169.0,56.0,113.0,33.13609467455621,32763.74,28480.39,4283.350000000002,4018.51,0.0,0.0,89.53174699615025,1.9898901448813888,3.4323962836400024,12.60731081595291,66.0,31.0,35.0,46.96969696969697,17997.840000000004,9044.64,8953.200000000004,2032.0,0.0,0.0,0.2685952409884507,0.2474725362203472,-0.0,0.05238095238095239,0.04283329559295016,0.0075198232889367115,-0.05292007295479706,
269,0.573844397873586,True,63,14,73.0,36.0,17,20,3.6,4,23,1.7000000000000002,2.8,4.5,0.019,0.7,47.61518919120021,1.1758050938199218,1.0387998770240925,21.814903240337948,155.0,53.0,102.0,34.193548387096776,31845.27,27083.8,4761.470000000001,3801.3,0.0,0.0,87.50508677665016,2.0121684614761777,3.3079750856900265,13.236161809549053,62.0,29.0,33.0,46.774193548387096,17395.8,8645.3,8750.5,1917.3700000000001,0.0,0.0,0.2625152603299505,0.25,-0.0,0.049206349206349205,0.04761518919120021,0.008790254690996091,-0.044282655544909955,
270,0.4724654775103967,True,64,14,73.0,36.0,17,20,3.6,4,20,1.7000000000000002,2.8,4.5,0.019,0.7,46.63858448350018,1.1528860423133447,1.0133070408042513,23.80794630243532,165.0,56.0,109.0,33.93939393939394,35169.1,30505.269999999997,4663.830000000002,4337.5,0.0,1.0,69.48650237385027,1.7537693184690368,2.8249905575031997,11.289634519030248,64.0,28.0,36.0,43.75,16167.139999999998,9218.509999999998,6948.629999999999,1866.02,0.0,0.0,0.20845950712155079,0.1884423296172592,-0.0,0.050793650793650794,0.04663858448350019,0.007644302115667235,-0.029512896621231504,
271,0.33759557524069983,True,65,14,73.0,36.0,17,19,3.6,15,21,1.8,2.8,4.5,0.019,0.7,25.637089368499982,1.0936440287942166,0.6869953618020462,31.036144994383967,160.0,51.0,109.0,31.875,29941.479999999996,27377.719999999998,2563.7599999999984,3406.25,0.0,1.0,51.24965343245027,1.6266801173881147,2.32761536649206,13.671259099931934,59.0,25.0,34.0,42.3728813559322,13302.99,8177.999999999999,5124.990000000001,1416.8,0.0,0.0,0.1537489602973508,0.15667002934702867,-0.0,0.046825396825396826,0.025637089368499982,0.0046822014397108315,-0.04996810203728726,
272,0.36464743694042584,True,63,14,73.0,36.0,17,20,3.6,4,21,1.7000000000000002,2.8,5.0,0.018000000000000002,0.7,33.28885581205035,1.1239236694078274,0.8353663441384817,21.51554242797448,159.0,53.0,106.0,33.333333333333336,30190.95,26862.100000000002,3328.8499999999985,3837.28,0.0,0.0,53.00028642285002,1.6086581041103947,2.3836205198753793,15.304113089958502,63.0,26.0,37.0,41.26984126984127,14007.680000000002,8707.68,5300.000000000002,1761.64,0.0,0.0,0.15900085926855004,0.15216452602759867,-0.0017377890854771547,0.05,0.03328885581205035,0.00619618347039137,-0.034265198552687455,
273,0.16731110124318316,True,66,14,72.0,36.0,17,20,3.6,4,18,1.7000000000000002,2.8,4.5,0.019,0.7,0.2993120403499779,1.0012104773675943,0.16281375720093363,25.899628868018155,163.0,50.0,113.0,30.67484662576687,24739.17,24709.26,29.909999999999854,3421.0,0.0,2.0,47.78693940580008,1.4741939965269162,2.125444062004233,10.554576222696605,67.0,27.0,40.0,40.298507462686565,14856.189999999999,10077.5,4778.689999999999,1859.68,0.0,0.0,0.14336081821740024,0.11854849913172905,-0.0,0.05317460317460318,0.0002993120403499779,6.05238683797138e-05,-0.148132655189279,
274,0.5034852836389696,True,64,14,73.0,35.0,17,19,3.6,4,23,1.7000000000000002,2.8,4.5,0.019,0.7,29.501452254150077,1.1012715324813884,0.726097125156886,29.650989189227296,168.0,55.0,113.0,32.73809523809524,32081.13,29130.99,2950.1399999999994,4017.8,0.0,0.0,84.22932345500023,1.956827021819933,3.211267138061695,13.23625301548692,62.0,29.0,33.0,46.774193548387096,17225.87,8802.960000000001,8422.909999999998,1877.93,0.0,0.0,0.2526879703650007,0.23920675545498327,-0.0,0.049206349206349205,0.02950145225415008,0.005063576624069421,-0.07218082026558309,
275,-1.0322959595504473,False,20,14,73.0,36.0,17,19,3.6,4,23,1.7000000000000002,2.8,4.5,0.018000000000000002,0.7,17.654123085799604,1.051575618161283,0.5083277734313302,23.921279672504316,211.0,68.0,143.0,32.22748815165877,35995.16,34229.740000000005,1765.4199999999983,5204.67,0.0,1.0,-8.576173757949945,0.9365852792906567,-0.2116599067868147,22.12245932733176,104.0,30.0,74.0,28.846153846153847,12666.960000000001,13524.619999999999,-857.659999999998,2089.72,0.0,2.0,,,,,,,,0.1937757573026836
276,-1.0233888412541665,False,66,14,73.0,35.0,17,19,3.6,4,22,1.8,2.8,4.0,0.019,0.7,-14.033304752499934,0.9373618196662112,-0.20706545898781298,30.115765911422283,161.0,47.0,114.0,29.19254658385093,20999.519999999997,22402.789999999997,-1403.2700000000004,2922.69,0.0,1.0,71.49320062555016,1.8590332507062155,3.055817904480068,11.225212047228993,58.0,27.0,31.0,46.55172413793103,15471.86,8322.53,7149.33,1652.04,0.0,0.0,,,,,,,,0.14033304752499934
277,0.38197511203882856,True,63,14,72.0,35.0,17,19,3.6,4,24,1.7000000000000002,2.8,4.5,0.018000000000000002,0.7,36.72910765590014,1.1359126694111663,0.8820608959190637,26.91171743747586,163.0,54.0,109.0,33.12883435582822,30696.620000000003,27023.749999999996,3672.8700000000063,3729.67,0.0,0.0,53.566373917250054,1.619711515101032,2.422512960392586,12.607393183708737,64.0,27.0,37.0,42.1875,14000.429999999998,8643.78,5356.649999999998,1769.64,0.0,0.0,0.16069912175175016,0.154927878775258,-0.0,0.050793650793650794,0.036729107655900144,0.006795633470558316,-0.027970280408288827,
278,-1.014375839525,False,67,14,72.0,36.0,17,20,3.6,4,23,1.7000000000000002,2.7,4.5,0.019,0.7,-8.625503714999978,0.9612681938449431,-0.05345002457563147,27.87158957216876,157.0,48.0,109.0,30.573248407643312,21406.02,22268.520000000008,-862.5000000000073,3048.19,0.0,1.0,86.98920380954999,1.9654877717165102,3.4023276506925852,9.762241848265802,64.0,31.0,33.0,48.4375,17708.75,9009.85,8698.9,1965.11,0.0,0.0,,,,,,,,0.08625503714999977
279,0.2630195612193059,True,64,13,73.0,36.0,17,20,3.6,18,19,1.6,2.8,4.5,0.018000000000000002,0.7,52.02965574340015,1.173709254054646,1.136737846522508,18.655143594786356,168.0,56.0,112.0,33.333333333333336,35155.01,29952.06,5202.950000000001,3717.54,0.0,1.0,33.19335873710006,1.3580993171005364,1.5974315670116113,16.610433837815826,70.0,26.0,44.0,37.142857142857146,12588.63,9269.299999999997,3319.3300000000017,1492.79,0.0,0.0,0.09958007621130019,0.08952482927513411,-0.009202479073233292,0.05555555555555556,0.052029655743400155,0.008685462702732306,-0.033153539195583136,
280,-1.097355841415502,False,62,14,73.0,34.0,17,19,3.6,16,22,1.7000000000000002,1.0,5.0,0.019,0.7,-22.096009306650068,0.865724439604408,-0.7354696769590333,29.37163439291511,182.0,94.0,88.0,51.64835164835165,14245.789999999999,16455.34,-2209.550000000001,2814.03,0.0,0.0,-13.98718870824996,0.8155317782387876,-1.055408841595303,17.978910312534897,81.0,41.0,40.0,50.617283950617285,6183.68,7582.389999999999,-1398.7099999999991,1580.93,0.0,0.0,,,,,,,,0.5841350484930121
281,0.11496323111666301,True,141,14,73.0,35.0,17,20,3.6,5,24,1.8,2.8,4.5,0.019,0.7,9.668657848749953,1.0626872116454396,0.385547146188852,26.291303531941303,106.0,33.0,73.0,31.132075471698112,16390.59,15423.720000000001,966.869999999999,2053.69,0.0,1.0,19.589157890449897,1.2841085602983042,1.2378040401490875,17.185385619527857,45.0,16.0,29.0,35.55555555555556,8853.89,6894.97,1958.9199999999992,1176.63,0.0,0.0,0.058767473671349685,0.07102714007457606,-0.012487917825873468,0.03571428571428572,0.009668657848749955,0.003134360582271978,-0.05086076894869692,
282,0.276005005340624,True,57,13,73.0,36.0,16,20,3.7,4,24,1.6,2.7,4.5,0.018000000000000002,0.7,9.348481707150167,1.0428348731220793,0.36107565328637536,31.316144513839962,178.0,56.0,122.0,31.46067415730337,22758.14,21823.34,934.7999999999993,3098.49,0.0,0.0,58.64714567169996,1.5480397149865672,2.549493160402787,12.955100855729306,76.0,31.0,45.0,40.78947368421053,16565.96,10701.249999999998,5864.710000000001,1917.6,0.0,0.0,0.17594143701509987,0.1370099287466418,-0.0,0.06031746031746032,0.009348481707150169,0.0021417436561039674,-0.10875404610183216,
283,-1.0028610896504997,False,66,14,72.0,37.0,17,20,3.6,4,20,1.7000000000000002,2.8,4.5,0.019,0.7,-1.7166537902998789,0.9929563215598042,0.11701605470885641,26.46559936520691,164.0,50.0,114.0,30.48780487804878,24193.489999999998,24365.109999999997,-171.61999999999898,3361.39,0.0,2.0,67.43468849375019,1.7010914429128987,2.7495909067972293,10.206728011780681,64.0,28.0,36.0,43.75,16361.88,9618.46,6743.42,1893.76,0.0,0.0,,,,,,,,0.01716653790299879
284,-1.2624716553287982,False,62,13,72.0,35.0,17,19,2.4000000000000004,5,23,1.7000000000000002,2.7,4.5,0.019,0.7,2.715055009900116,1.088916327145533,0.24978088562117112,10.750419907257811,23.0,8.0,15.0,34.78260869565217,3324.81,3053.3200000000006,271.4899999999993,568.08,0.0,0.0,5.697846585700045,1.759942916588866,1.2018845961691516,5.452063825758084,8.0,4.0,4.0,50.0,1319.57,749.78,569.79,172.96,0.0,0.0,,,,,,,,1.574829931972789
285,0.2992345881307659,True,53,14,73.0,36.0,17,20,3.8000000000000003,4,24,1.6,2.8,4.5,0.018000000000000002,0.7,5.4991309865000035,1.0209693490578666,0.2808443675074653,27.63060421015228,193.0,59.0,134.0,30.569948186528496,26773.89,26223.989999999998,549.9000000000015,3497.94,0.0,1.0,71.01444111055007,1.5720116279912717,2.732551869942392,12.49140466896515,82.0,33.0,49.0,40.24390243902439,19516.32,12414.87,7101.449999999999,2265.55,0.0,0.0,0.2130433233316502,0.14300290699781792,-0.0,0.06507936507936508,0.005499130986500004,0.0010484674528933313,-0.1284386057174606,
286,0.34201761439885703,True,67,14,72.0,36.0,17,20,3.7,4,22,1.6,2.7,5.0,0.019,0.7,3.5598265287999675,1.0134686044650973,0.24084685297050804,25.167957694553007,178.0,56.0,122.0,31.46067415730337,26790.85,26434.81,356.03999999999724,3815.43,0.0,1.0,81.37424494175004,1.68308126489473,2.9962389163219263,10.036849535391624,76.0,34.0,42.0,44.73684210526316,20050.159999999996,11912.770000000002,8137.389999999994,2515.38,0.0,0.0,0.2441227348252501,0.1707703162236825,-0.0,0.06031746031746032,0.0035598265287999677,0.0006734302232548673,-0.13742615371959072,
287,0.4911681764236221,True,61,13,73.0,37.0,16,20,3.6,5,25,1.7000000000000002,2.8,4.5,0.019,0.7,52.60577792665002,1.1943974620255386,1.1303311939909635,17.819483077512704,154.0,52.0,102.0,33.76623376623377,32321.530000000002,27060.95,5260.580000000002,3730.72,0.0,0.0,64.06628721980012,1.8213847057224688,2.6722951929124688,13.20395707269384,58.0,26.0,32.0,44.827586206896555,14206.4,7799.780000000001,6406.619999999999,1562.09,0.0,0.0,0.19219886165940037,0.2053461764306172,-0.0,0.046031746031746035,0.05260577792665003,0.009719873101276933,-0.01473425872606849,
288,-1.2311230691399926,False,60,10,55.0,37.0,16,19,3.6,14,25,1.7000000000000002,2.8,4.5,0.018000000000000002,0.7,-14.52418162004991,0.7383461599435052,-0.6800476336155096,28.00238348147009,44.0,11.0,33.0,25.0,4098.53,5550.96,-1452.4300000000003,944.22,0.0,0.0,7.478982501250102,1.5246171867875955,0.834097377305141,10.124777543193545,13.0,5.0,8.0,38.46153846153846,2173.54,1425.63,747.9099999999999,327.38,0.0,0.0,,,,,,,,1.3867384148399549
289,-1.0091323679949173,False,57,14,72.0,37.0,16,5,3.6,5,23,1.7000000000000002,2.7,4.5,0.019,0.7,-5.479420796950453,0.9838584879235406,0.09290995841535173,38.80185233712265,245.0,75.0,170.0,30.612244897959183,33403.560000000005,33951.590000000004,-548.0299999999988,4251.98,0.0,0.0,75.79340441504974,1.466050621998919,2.51060989449517,14.935032843560139,108.0,41.0,67.0,37.96296296296296,23842.219999999998,16262.89,7579.329999999998,2435.93,0.0,2.0,,,,,,,,0.05479420796950454
290,-2.0,False,61,14,74.0,34.0,17,19,1.7000000000000002,5,14,1.8,2.9000000000000004,4.0,0.019,0.7,,,,,,,,,,,,,,,,,,,,,,,,,,,,,,,,,,,,6.0
291,-1.00053650448125,False,65,13,73.0,36.0,16,20,3.5,20,25,1.7000000000000002,2.8,4.5,0.02,0.7,-0.32190268875003314,0.9986708888730103,0.14526780816353863,27.78055677343853,140.0,41.0,99.0,29.285714285714285,24179.489999999998,24211.670000000002,-32.18000000000393,2887.6,0.0,1.0,55.62478231845019,1.8358759125184458,2.414281932938558,13.353896604389837,50.0,22.0,28.0,44.0,12217.130000000001,6654.66,5562.470000000001,1158.56,0.0,0.0,,,,,,,,0.0032190268875003313
292,0.4763782598736782,True,59,14,72.0,35.0,17,20,3.6,4,24,1.6,2.7,4.5,0.02,0.7,32.322009634200164,1.1141578992725663,0.7634405117639629,25.318965719298426,176.0,58.0,118.0,32.95454545454545,31545.42,28313.24,3232.1799999999967,4018.05,0.0,0.0,83.4059746918,1.8046717773477066,3.139852029208195,11.902623387704873,67.0,30.0,37.0,44.776119402985074,18705.819999999996,10365.220000000001,8340.599999999995,2075.35,0.0,0.0,0.2502179240754,0.20116794433692664,-0.0,0.05317460317460318,0.03232200963420017,0.005707894963628313,-0.06621211631108008,
293,0.4445580224120397,True,56,14,72.0,36.0,17,20,3.6,5,25,1.6,2.7,4.5,0.02,0.7,16.52078070990012,1.0700427425433725,0.4988369565593608,27.003944309181232,160.0,51.0,109.0,31.875,25239.890000000003,23587.739999999994,1652.1500000000087,3171.5,0.0,0.0,88.25071589409991,1.8403873092236394,3.2897871574487128,14.12507333379836,66.0,30.0,36.0,45.45454545454545,19326.22,10501.169999999998,8825.050000000003,1971.96,0.0,0.0,0.2647521476822997,0.21009682730590984,-0.0,0.05238095238095239,0.01652078070990012,0.0035021371271686252,-0.102694822794191,
294,0.5314787548166255,True,59,14,72.0,35.0,17,19,3.5,4,23,1.6,2.8,4.5,0.02,0.7,47.53252756220018,1.1534497486155617,0.9895601546031706,27.653890770833183,172.0,57.0,115.0,33.13953488372093,35729.79,30976.459999999995,4753.330000000005,4417.62,0.0,0.0,83.5785175784001,1.857585247328069,3.067780325199713,11.814370516232914,66.0,29.0,37.0,43.93939393939394,18103.579999999998,9745.759999999998,8357.82,1957.95,0.0,0.0,0.25073555273520026,0.21439631183201724,-0.0,0.05238095238095239,0.04753252756220018,0.0076724874307780855,-0.04123907712452266,
295,0.3397431242205484,True,54,14,72.0,34.0,17,19,3.5,5,22,1.6,2.8,4.5,0.02,0.7,11.534008368799986,1.0458591321267987,0.401110542743776,21.806631273617498,167.0,52.0,115.0,31.137724550898202,26304.79,25151.37,1153.420000000002,3343.42,0.0,1.0,71.53407790495014,1.7003341423369993,2.691593579369696,16.7826429934669,69.0,29.0,40.0,42.028985507246375,17367.57,10214.21,7153.360000000001,1832.32,0.0,0.0,0.2146022337148504,0.17508353558424983,-0.010186531391239434,0.05476190476190477,0.011534008368799987,0.0022929566063399354,-0.1083449834243571,
296,-1.0006937816562504,False,58,13,72.0,37.0,16,19,3.5,4,24,1.7000000000000002,2.7,4.5,0.027,0.7,-0.41626899375021825,0.9985775326701077,0.19281707888802868,40.82775787402454,159.0,49.0,110.0,30.81761006289308,29224.420000000002,29266.049999999996,-41.62999999999374,3796.91,0.0,0.0,95.99518547869998,1.880855901735918,3.0444570505093167,17.607167473786507,59.0,27.0,32.0,45.76271186440678,20497.53,10897.98,9599.55,1995.18,0.0,0.0,,,,,,,,0.0041626899375021825
297,0.5844794457506236,True,60,14,74.0,35.0,17,19,3.5,4,23,1.6,2.8,4.5,0.02,0.7,62.36971829979986,1.192016790035581,1.1961142163168599,26.083588028248915,169.0,58.0,111.0,34.319526627218934,38718.100000000006,32481.169999999995,6236.930000000011,4710.45,0.0,0.0,86.10843405165004,1.8999640466724357,3.0819714213548632,13.851229294212658,67.0,30.0,37.0,44.776119402985074,18178.779999999995,9567.96,8610.819999999996,1916.55,0.0,0.0,0.2583253021549501,0.22499101166810892,-0.0,0.05317460317460318,0.06236971829979986,0.009600839501779047,-0.023982029048617504,
298,0.513517736913004,True,59,14,74.0,35.0,17,19,3.5,4,23,1.6,2.8,4.5,0.02,0.7,47.53252756220018,1.1534497486155617,0.9895601546031706,27.653890770833183,172.0,57.0,115.0,33.13953488372093,35729.79,30976.459999999995,4753.330000000005,4417.62,0.0,0.0,80.08711002820014,1.8125615736057605,2.979672411944919,11.814394182239123,67.0,29.0,38.0,43.28358208955224,17864.77,9856.09,8008.68,1919.8899999999999,0.0,0.0,0.24026133008460043,0.20314039340144013,-0.0,0.05317460317460318,0.04753252756220018,0.0076724874307780855,-0.03826360474061802,
299,-2.0,False,51,14,74.0,35.0,17,19,1.4,4,23,1.6,2.8,4.5,0.02,0.7,,,,,,,,,,,,,,,,,,,,,,,,,,,,,,,,,,,,6.0
