stage,trial,score,gated,ema_period,rsi_period,rsi_overbought,rsi_oversold,atr_period,consolidation_candles,consolidation_atr_mult,swing_lookback,volume_sma_period,volume_mult,risk_reward_ratio,leverage,risk_per_trade_pct,max_position_allocation_pct,tr_return_pct,tr_pf,tr_sharpe,tr_max_dd,tr_trades,tr_wins,tr_losses,tr_win_rate,tr_gross_profit,tr_gross_loss,tr_net_pnl,tr_fees,tr_blocked,tr_head_dropped,va_return_pct,va_pf,va_sharpe,va_max_dd,va_trades,va_wins,va_losses,va_win_rate,va_gross_profit,va_gross_loss,va_net_pnl,va_fees,va_blocked,va_head_dropped,c_va_ret,c_va_pf,c_va_dd,c_va_sample,c_tr_ret,c_tr_pf,c_consistency
1c_risk,0,0.6482667413261457,True,79,13,74.0,30.0,21,18,3.4000000000000004,18,39,1.5,4.0,2.5,0.029,0.65,113.08384871449955,1.3500589708427102,1.5789471724024238,27.581357469755474,116,33,83,28.448275862068964,43612.439999999995,32304.100000000002,11308.339999999993,3349.19,0,0,88.8063973533501,1.9676240846127782,2.7306375984118993,14.275841321988041,51,18,33,35.294117647058826,18058.48,9177.81,8880.67,1114.55,0,0,0.2664191920600503,0.24190602115319454,-0.0,0.04047619047619048,0.1,0.01750294854213551,-0.018037610905425175
1c_risk,1,0.37736349207718023,True,79,13,74.0,30.0,21,18,3.4000000000000004,18,39,1.5,4.0,3.5,0.009000000000000001,0.3,35.83847679689994,1.3616489032135672,1.4956906854766459,14.544455029189685,116,33,83,28.448275862068964,13493.750000000002,9909.86,3583.8900000000012,1131.1,0,0,29.16414407574997,1.8435025307302966,2.6721469911868714,6.265796454921464,51,18,33,35.294117647058826,6373.91,3457.4999999999995,2916.4100000000003,460.44,0,0,0.08749243222724991,0.21087563268257414,-0.0,0.04047619047619048,0.035838476796899936,0.018082445160678362,-0.015401685266412585
1c_risk,2,0.43589288003221577,True,79,13,74.0,30.0,21,18,3.4000000000000004,18,39,1.5,4.0,1.0,0.027,0.55,30.70722337889985,1.373621319615375,1.1730711839772356,15.13049134345531,116,33,83,28.448275862068964,11289.67,8218.909999999998,3070.760000000002,775.95,0,0,35.924422972000045,2.354454624288353,2.9979755523854528,5.234783529052963,51,18,33,35.294117647058826,6244.719999999999,2652.3,3592.419999999999,329.61,0,0,0.10777326891600014,0.25,-0.0,0.04047619047619048,0.03070722337889985,0.01868106598076875,-0.011744868719643453
1c_risk,3,0.34547828537556324,True,79,13,74.0,30.0,21,18,3.4000000000000004,18,39,1.5,4.0,4.0,0.005,0.75,19.072255002850017,1.3569221613589622,1.4240832504370724,9.00247367584456,116,33,83,28.448275862068964,7250.7,5343.49,1907.21,671.24,0,0,17.706378098999902,1.8821410600678548,2.8013693145606906,4.017649941332401,51,18,33,35.294117647058826,3777.8900000000003,2007.23,1770.6600000000003,304.96,0,0,0.05311913429699971,0.2205352650169637,-0.0,0.04047619047619048,0.01907225500285002,0.01784610806794811,-0.005570667485388736
1c_risk,4,0.38734746724695496,True,79,13,74.0,30.0,21,18,3.4000000000000004,18,39,1.5,4.0,4.5,0.01,0.35,41.90962065749987,1.3502002944671263,1.5077119975040314,16.136353285438673,116,33,83,28.448275862068964,16158.36,11967.380000000003,4190.979999999998,1420.83,0,0,33.73361666650002,1.8098549959187595,2.6420025066901838,7.381121420191675,51,18,33,35.294117647058826,7538.77,4165.4,3373.370000000001,577.08,0,0,0.10120084999950006,0.20246374897968988,-0.0,0.04047619047619048,0.041909620657499876,0.017510014723356317,-0.016212957589281658
1c_risk,5,0.4237806220558791,True,79,13,74.0,30.0,21,18,3.4000000000000004,18,39,1.5,4.0,1.5,0.012,0.5,45.4091559798498,1.4404516527655051,1.622600529176155,13.52245888574583,116,33,83,28.448275862068964,14850.61,10309.69,4540.92,1086.13,0,0,32.93360861305002,1.9638333489417494,2.6684458708663166,6.749206317796834,51,18,33,35.294117647058826,6710.339999999999,3416.9599999999996,3293.3799999999997,418.92,0,0,0.09880082583915005,0.24095833723543736,-0.0,0.04047619047619048,0.045409155979849805,0.022022582638275258,-0.023886470113023882
1c_risk,6,0.41921634314525885,True,79,13,74.0,30.0,21,18,3.4000000000000004,18,39,1.5,4.0,2.5,0.012,0.55,48.88368731189981,1.3414535675619037,1.4914644981951948,19.04557643769143,116,33,83,28.448275862068964,19204.92,14316.500000000002,4888.419999999996,1629.4,0,0,39.964736039899975,1.831788655620469,2.6756783985660366,8.180030474131813,51,18,33,35.294117647058826,8801.14,4804.67,3996.4699999999993,637.21,0,0,0.11989420811969992,0.20794716390511725,-0.0,0.04047619047619048,0.04888368731189982,0.017072678378095184,-0.015057585045743808
1c_risk,7,0.43135488776514347,True,79,13,74.0,30.0,21,18,3.4000000000000004,18,39,1.5,4.0,1.5,0.012,0.45,41.22933587679996,1.4397367281508042,1.583331223484401,12.47360831141507,116,33,83,28.448275862068964,13498.77,9375.86,4122.91,972.55,0,0,32.10701593215003,2.024810402941627,2.7099004148790553,6.216212042157824,51,18,33,35.294117647058826,6343.650000000001,3132.96,3210.6900000000005,382.67,0,0,0.09632104779645008,0.25,-0.0,0.04047619047619048,0.04122933587679996,0.021986836407540213,-0.01865852279183727
1c_risk,8,0.5813043064610582,True,79,13,74.0,30.0,21,18,3.4000000000000004,18,39,1.5,4.0,3.0,0.025,0.35,71.7346443544997,1.3950057734971975,1.5166269438417563,19.309893853994726,116,33,83,28.448275862068964,25334.1,18160.57,7173.529999999999,1827.37,0,0,67.84212756935003,2.1951090613780733,2.885936285957323,9.740380380275973,51,18,33,35.294117647058826,12460.8,5676.620000000001,6784.1799999999985,696.63,0,0,0.2035263827080501,0.25,-0.0,0.04047619047619048,0.0717346443544997,0.019750288674859874,-0.004183199752541934
1c_risk,9,0.5079009295159068,True,79,13,74.0,30.0,21,18,3.4000000000000004,18,39,1.5,4.0,3.0,0.02,0.25,50.455635989549954,1.4299592243682333,1.5036651458832953,14.98216533159242,116,33,83,28.448275862068964,16780.5,11734.95,5045.549999999999,1170.29,0,0,49.147204828700055,2.2931560265960105,2.966561386659253,7.065985640460794,51,18,33,35.294117647058826,8715.3,3800.5699999999997,4914.73,470.1,0,0,0.14744161448610016,0.25,-0.0,0.04047619047619048,0.050455635989549955,0.021497961218411667,-0.0019704726543454546
1c_risk,10,0.5289674775728809,True,79,13,74.0,30.0,21,18,3.4000000000000004,18,39,1.5,4.0,5.0,0.019,0.75,79.04011638594966,1.266413644330592,1.4129059314499488,29.85613207503171,116,33,83,28.448275862068964,37571.96000000001,29668.0,7903.960000000006,3580.25,0,0,71.30565348100001,1.7597208119934493,2.655551081941868,13.986455439815035,51,18,33,35.294117647058826,16516.37,9385.79,7130.579999999998,1323.87,0,0,0.21391696044300001,0.18993020299836233,-0.0,0.04047619047619048,0.07904011638594965,0.0133206822165296,-0.007716674947151184
1c_risk,11,0.6639530546547684,True,79,13,74.0,30.0,21,18,3.4000000000000004,18,39,1.5,4.0,2.5,0.03,0.65,113.27917702854953,1.3470759633679656,1.5654688032774733,27.659284323516047,116,33,83,28.448275862068964,43966.0,32638.1,11327.900000000001,3368.8,0,0,91.77247496510005,1.9861531534726184,2.7452236245951926,14.368878149892392,51,18,33,35.294117647058826,18483.32,9306.09,9177.23,1129.54,0,0,0.27531742489530014,0.2465382883681546,-0.0,0.04047619047619048,0.1,0.01735379816839828,-0.015732647253275146
1c_risk,12,0.6541207562623658,True,79,13,74.0,30.0,21,18,3.4000000000000004,18,39,1.5,4.0,2.0,0.03,0.65,91.30648464794966,1.3708830958030955,1.5228937343862459,23.275889010629257,116,33,83,28.448275862068964,33749.25,24618.62,9130.630000000001,2484.23,0,0,86.07315353745003,2.1556908980809024,2.8686290325122434,11.905630526823122,51,18,33,35.294117647058826,16055.09,7447.7699999999995,8607.32,910.94,0,0,0.25821946061235007,0.25,-0.0,0.04047619047619048,0.09130648464794966,0.01854415479015478,-0.004425534264279265
1c_risk,13,0.6541207562623658,True,79,13,74.0,30.0,21,18,3.4000000000000004,18,39,1.5,4.0,2.0,0.03,0.65,91.30648464794966,1.3708830958030955,1.5228937343862459,23.275889010629257,116,33,83,28.448275862068964,33749.25,24618.62,9130.630000000001,2484.23,0,0,86.07315353745003,2.1556908980809024,2.8686290325122434,11.905630526823122,51,18,33,35.294117647058826,16055.09,7447.7699999999995,8607.32,910.94,0,0,0.25821946061235007,0.25,-0.0,0.04047619047619048,0.09130648464794966,0.01854415479015478,-0.004425534264279265
1c_risk,14,0.5750217220984709,True,79,13,74.0,30.0,21,18,3.4000000000000004,18,39,1.5,4.0,2.0,0.023000000000000003,0.65,86.9018761023497,1.3799002400010492,1.5844130568307895,22.697293337467904,116,33,83,28.448275862068964,31565.079999999998,22874.899999999998,8690.18,2375.23,0,0,67.33072177660004,1.9827621690183193,2.7197028417615265,11.589532891734516,51,18,33,35.294117647058826,13584.32,6851.21,6733.11,833.78,0,0,0.20199216532980013,0.2456905422545798,-0.0,0.04047619047619048,0.08690187610234971,0.01899501200005246,-0.019034064064501637
1c_risk,15,0.4483728042060942,True,79,13,74.0,30.0,21,18,3.4000000000000004,18,39,1.5,4.0,1.0,0.03,0.6000000000000001,33.43309336064996,1.3663737508889937,1.1633620810783583,16.56431450749557,116,33,83,28.448275862068964,12468.83,9125.489999999998,3343.340000000002,860.55,0,0,39.60965953789999,2.349142173976723,2.9996221714113998,5.696864544095867,51,18,33,35.294117647058826,6896.87,2935.91,3960.96,364.75,0,0,0.11882897861369995,0.25,-0.0,0.04047619047619048,0.033433093360649965,0.018318687544449687,-0.012684145788895864
1c_risk,16,0.5890948906184065,True,79,13,74.0,30.0,21,18,3.4000000000000004,18,39,1.5,4.0,2.5,0.023000000000000003,0.7,104.7441967394494,1.3419416843740277,1.6105093044678032,28.68659025828832,116,33,83,28.448275862068964,41106.72,30632.27,10474.45,3306.32,0,0,77.26577849190002,1.889480349043354,2.732154210464281,13.534875152461936,51,18,33,35.294117647058826,16413.16,8686.6,7726.5599999999995,1089.32,0,0,0.23179733547570003,0.2223700872608385,-0.0,0.04047619047619048,0.1,0.017097084218701385,-0.02264580681302391
1c_risk,17,0.6158947479302214,True,79,13,74.0,30.0,21,18,3.4000000000000004,18,39,1.5,4.0,3.0,0.026000000000000002,0.45,92.1854417214496,1.370683835021981,1.5597992561473013,23.638347711467237,116,33,83,28.448275862068964,34087.549999999996,24869.010000000002,9218.539999999994,2556.19,0,0,76.28527760925012,2.0298803463112294,2.7568088693424984,12.204336848806506,51,18,33,35.294117647058826,15035.75,7407.21,7628.54,900.9,0,0,0.22885583282775032,0.25,-0.0,0.04047619047619048,0.0921854417214496,0.01853419175109905,-0.014156908846268045
1c_risk,18,0.5291444211575009,True,79,13,74.0,30.0,21,18,3.4000000000000004,18,39,1.5,4.0,2.0,0.02,0.6000000000000001,78.8056224992497,1.3959645484825478,1.6118929033611251,20.95931797661163,116,33,83,28.448275862068964,27782.64,19902.11,7880.529999999999,2085.27,0,0,57.93224384949999,1.9566621034501546,2.6902232375146595,10.633826186931977,51,18,33,35.294117647058826,11848.899999999998,6055.67,5793.229999999998,738.95,0,0,0.17379673154849995,0.23916552586253864,-0.0,0.04047619047619048,0.0788056224992497,0.01979822742412739,-0.022897876653105206
1c_risk,19,0.6477049133510829,True,79,13,74.0,30.0,21,18,3.4000000000000004,18,39,1.5,4.0,3.5,0.027,0.7,125.71275595564937,1.2854230219786704,1.5447319088129017,36.31249866514094,116,33,83,28.448275862068964,56615.84,44044.520000000004,12571.319999999992,4857.55,0,0,104.34906837040006,1.8559760407130694,2.7940022859907954,16.24378499585075,51,18,33,35.294117647058826,22625.61,12190.68,10434.93,1569.11,0,0,0.3,0.21399401017826736,-0.007107342833432853,0.04047619047619048,0.1,0.014271151098933522,-0.013929095568875534
1c_risk,20,0.5354954393173167,True,79,13,74.0,30.0,21,18,3.4000000000000004,18,39,1.5,4.0,1.5,0.023000000000000003,0.55,56.46624117084977,1.4216744927951823,1.4931107197478102,16.762400129448892,116,33,83,28.448275862068964,19037.7,13391.04,5646.66,1331.59,0,0,56.02100121235004,2.306143099621361,2.995358525836219,7.742012610067969,51,18,33,35.294117647058826,9891.140000000001,4289.04,5602.100000000001,530.98,0,0,0.16806300363705012,0.25,-0.0,0.04047619047619048,0.05646624117084978,0.02108372463975912,-0.0005937206065328312
1c_risk,21,0.6541207562623658,True,79,13,74.0,30.0,21,18,3.4000000000000004,18,39,1.5,4.0,2.0,0.03,0.65,91.30648464794966,1.3708830958030955,1.5228937343862459,23.275889010629257,116,33,83,28.448275862068964,33749.25,24618.62,9130.630000000001,2484.23,0,0,86.07315353745003,2.1556908980809024,2.8686290325122434,11.905630526823122,51,18,33,35.294117647058826,16055.09,7447.7699999999995,8607.32,910.94,0,0,0.25821946061235007,0.25,-0.0,0.04047619047619048,0.09130648464794966,0.01854415479015478,-0.004425534264279265
1c_risk,22,0.6419495230310077,True,79,13,74.0,30.0,21,18,3.4000000000000004,18,39,1.5,4.0,2.0,0.028,0.7,97.67461764489958,1.3669064396880504,1.5582081091655138,24.48768983734972,116,33,83,28.448275862068964,36388.42999999999,26621.010000000006,9767.419999999987,2726.82,0,0,82.65035076640004,2.0501996193128824,2.772937045814373,12.72307970382886,51,18,33,35.294117647058826,16135.029999999999,7869.98,8265.05,957.18,0,0,0.24795105229920011,0.25,-0.0,0.04047619047619048,0.0976746176448996,0.01834532198440252,-0.01249765937368501
1c_risk,23,0.6659217780123764,True,79,13,74.0,30.0,21,18,3.4000000000000004,18,39,1.5,4.0,2.5,0.03,0.6000000000000001,105.96278874169984,1.3578314636337234,1.5581886439421055,26.001973460847793,116,33,83,28.448275862068964,40208.92,29612.6,10596.32,3033.09,0,0,89.94063670900003,2.0432357884456347,2.775766911792333,13.56311727131065,51,18,33,35.294117647058826,17615.410000000003,8621.33,8994.080000000004,1047.96,0,0,0.2698219101270001,0.25,-0.0,0.04047619047619048,0.1,0.01789157318168617,-0.012267895772500311
1c_risk,24,0.5966456678117492,True,79,13,74.0,30.0,21,18,3.4000000000000004,18,39,1.5,4.0,2.5,0.025,0.6000000000000001,102.53906356179957,1.3688029838184677,1.6107147602405045,25.511151037685597,116,33,83,28.448275862068964,38057.24,27803.299999999996,10253.940000000002,2912.48,0,0,75.31827592785001,1.93892706302389,2.6950576007598284,13.094971775290192,51,18,33,35.294117647058826,15553.529999999999,8021.72,7531.809999999999,977.19,0,0,0.22595482778355003,0.2347317657559725,-0.0,0.04047619047619048,0.1,0.018440149190923384,-0.02295726539488718
1c_risk,25,0.6217876049980896,True,79,13,74.0,30.0,21,18,3.4000000000000004,18,39,1.5,4.0,3.5,0.028,0.5,121.58554014664955,1.3491133044247778,1.618467207621575,29.02376575207174,116,33,83,28.448275862068964,46985.65,34827.06,12158.590000000004,3667.04,0,0,87.29504776555001,1.906380305673229,2.6829094317451605,14.98200357082357,51,18,33,35.294117647058826,18360.73,9631.199999999999,8729.53,1174.24,0,0,0.26188514329665,0.22659507641830723,-0.0,0.04047619047619048,0.1,0.017455665221238894,-0.024624470414297044
1c_risk,26,0.6010738628593382,True,79,13,74.0,30.0,21,18,3.4000000000000004,18,39,1.5,4.0,3.0,0.025,0.6000000000000001,115.37485910824962,1.3431167171939766,1.6285758846048461,29.74998028957329,116,33,83,28.448275862068964,45162.81,33625.38,11537.43,3605.41,0,0,82.27428070089998,1.8869588184562311,2.7081538356773085,14.441523684347365,51,18,33,35.294117647058826,17503.43,9276.0,8227.43,1152.59,0,0,0.24682284210269995,0.2217397046140578,-0.0,0.04047619047619048,0.1,0.01715583585969883,-0.02512071019330893
1c_risk,27,0.6498893306078772,True,79,13,74.0,30.0,21,18,3.4000000000000004,18,39,1.5,4.0,2.5,0.03,0.7,123.51686600069951,1.3440940733887654,1.5970023491113554,29.242963899049062,116,33,83,28.448275862068964,48247.909999999996,35896.229999999996,12351.68,3743.35,0,0,93.23866738645003,1.9375698235544325,2.7108018749665614,15.165687520474558,51,18,33,35.294117647058826,19268.57,9944.71,9323.86,1208.19,0,0,0.2797160021593501,0.23439245588860813,-0.0009467858312831876,0.04047619047619048,0.1,0.01720470366943827,-0.020953235754426557
1c_risk,28,0.5056460562950228,True,79,13,74.0,30.0,21,18,3.4000000000000004,18,39,1.5,4.0,1.5,0.028,0.5,47.463001811499815,1.3978394218341106,1.351312873073405,17.52201040020188,116,33,83,28.448275862068964,16676.42,11930.140000000001,4746.279999999997,1158.95,0,0,51.13253158750002,2.333926391251265,3.005666933980898,7.065985640460794,51,18,33,35.294117647058826,8946.5,3833.2400000000002,5113.26,475.56,0,0,0.15339759476250006,0.25,-0.0,0.04047619047619048,0.047463001811499816,0.01989197109170553,-0.005582701846873057
1c_risk,29,0.4928986846213913,True,79,13,74.0,30.0,21,18,3.4000000000000004,18,39,1.5,4.0,3.0,0.017,0.65,71.96339721909962,1.30893269569249,1.4859835253288964,26.178416195184983,116,33,83,28.448275862068964,30490.539999999997,23294.199999999997,7196.34,2650.14,0,0,59.30984335684998,1.8061663051101797,2.6749401519488782,11.462268670231564,51,18,33,35.294117647058826,13288.109999999999,7357.079999999999,5931.03,972.91,0,0,0.17792953007054993,0.20154157627754493,-0.0,0.04047619047619048,0.07196339721909963,0.015446634784624503,-0.014458644206618156
1c_risk,30,0.6404262341801679,True,79,13,74.0,30.0,21,18,3.4000000000000004,18,39,1.5,4.0,2.5,0.028,0.55,96.19224437894954,1.3692140047234098,1.5563167062729528,24.145294331355878,116,33,83,28.448275862068964,35672.42,26053.210000000006,9619.209999999992,2664.02,0,0,82.31837353800016,2.0640618799498984,2.781144114231024,12.544756889943024,51,18,33,35.294117647058826,15968.140000000001,7736.27,8231.87,941.42,0,0,0.24695512061400046,0.25,-0.0,0.04047619047619048,0.09619224437894955,0.018460700236170493,-0.011658021525143168
1c_risk,31,0.6541207562623658,True,79,13,74.0,30.0,21,18,3.4000000000000004,18,39,1.5,4.0,2.0,0.03,0.65,91.30648464794966,1.3708830958030955,1.5228937343862459,23.275889010629257,116,33,83,28.448275862068964,33749.25,24618.62,9130.630000000001,2484.23,0,0,86.07315353745003,2.1556908980809024,2.8686290325122434,11.905630526823122,51,18,33,35.294117647058826,16055.09,7447.7699999999995,8607.32,910.94,0,0,0.25821946061235007,0.25,-0.0,0.04047619047619048,0.09130648464794966,0.01854415479015478,-0.004425534264279265
1c_risk,32,0.6459271793908342,True,79,13,74.0,30.0,21,18,3.4000000000000004,18,39,1.5,4.0,2.0,0.029,0.65,91.03044121959967,1.372226059087175,1.5323099459258898,23.192871725084217,116,33,83,28.448275862068964,33558.79,24455.73,9103.060000000001,2476.54,0,0,83.95741869340003,2.134801572766114,2.8401814704805917,11.905630526823122,51,18,33,35.294117647058826,15794.18,7398.43,8395.75,903.45,0,0,0.2518722560802001,0.25,-0.0,0.04047619047619048,0.09103044121959968,0.018611302954358755,-0.006063011339514806
1c_risk,33,0.6121004015987717,True,79,13,74.0,30.0,21,18,3.4000000000000004,18,39,1.5,4.0,2.5,0.026000000000000002,0.75,120.97785526149964,1.337094246198986,1.6275516325150587,30.818768110575697,116,33,83,28.448275862068964,47986.24,35888.45,12097.79,3848.16,0,0,86.3575315034001,1.8829740570595412,2.7095637382311626,14.974482196644912,51,18,33,35.294117647058826,18416.070000000003,9780.310000000001,8635.760000000002,1215.09,0,0,0.25907259451020026,0.2207435142648853,-0.0,0.04047619047619048,0.1,0.016854712309949307,-0.02504660996245371
1c_risk,34,0.4483728042060942,True,79,13,74.0,30.0,21,18,3.4000000000000004,18,39,1.5,4.0,1.0,0.03,0.6000000000000001,33.43309336064996,1.3663737508889937,1.1633620810783583,16.56431450749557,116,33,83,28.448275862068964,12468.83,9125.489999999998,3343.340000000002,860.55,0,0,39.60965953789999,2.349142173976723,2.9996221714113998,5.696864544095867,51,18,33,35.294117647058826,6896.87,2935.91,3960.96,364.75,0,0,0.11882897861369995,0.25,-0.0,0.04047619047619048,0.033433093360649965,0.018318687544449687,-0.012684145788895864
1c_risk,35,0.5963100497684226,True,79,13,74.0,30.0,21,18,3.4000000000000004,18,39,1.5,4.0,1.5,0.027,0.7,73.2298386875998,1.3978036209399145,1.5105577292356835,20.058344907399768,116,33,83,28.448275862068964,25731.44,18408.48,7322.959999999999,1841.76,0,0,71.50164696650005,2.2437128414929846,2.9504334480759797,9.740380380275973,51,18,33,35.294117647058826,12899.149999999998,5749.0199999999995,7150.129999999998,708.21,0,0,0.21450494089950012,0.25,-0.0,0.04047619047619048,0.07322983868759979,0.019890181046995727,-0.0017911013418635414
1c_risk,36,0.640404702279301,True,79,13,74.0,30.0,21,18,3.4000000000000004,18,39,1.5,4.0,4.0,0.029,0.65,137.06979410729932,1.2771801235428448,1.549109057111746,38.318040172919545,116,33,83,28.448275862068964,63158.689999999995,49451.67,13707.019999999997,5444.17,0,0,114.02881918285006,1.8518448241085905,2.7993556142130025,17.297330198804957,51,18,33,35.294117647058826,24788.98,13386.099999999999,11402.880000000001,1719.31,0,0,0.3,0.21296120602714763,-0.013127601136028325,0.04047619047619048,0.1,0.013859006177142242,-0.013764099265151033
1c_risk,37,0.6166536720669642,True,79,13,74.0,30.0,21,18,3.4000000000000004,18,39,1.5,4.0,3.5,0.026000000000000002,0.55,121.09729579034949,1.3307033974700508,1.617821880461039,31.375039861718037,116,33,83,28.448275862068964,48727.87,36618.130000000005,12109.739999999998,3937.81,0,0,87.91014868030015,1.8802565373466105,2.721477226298333,15.05855331991483,51,18,33,35.294117647058826,18777.839999999997,9986.85,8790.989999999996,1245.69,0,0,0.26373044604090046,0.22006413433665262,-0.000334590399513317,0.04047619047619048,0.1,0.016535169873502543,-0.023817678260768638
1c_risk,38,0.605183462118378,True,79,13,74.0,30.0,21,18,3.4000000000000004,18,39,1.5,4.0,2.5,0.024,0.75,110.10995263274953,1.3302617623910624,1.5993972644155934,30.24915531336387,116,33,83,28.448275862068964,44351.14,33340.159999999996,11010.980000000003,3609.67,0,0,82.8507513500001,1.8833286066729067,2.7452412137603397,14.158851716277757,51,18,33,35.294117647058826,17664.53,9379.420000000002,8285.109999999997,1180.51,0,0,0.24855225405000028,0.22083215166822667,-0.0,0.04047619047619048,0.1,0.016513088119553123,-0.02119022219559249
1c_risk,39,0.560730088360518,True,79,13,74.0,30.0,21,18,3.4000000000000004,18,39,1.5,4.0,1.5,0.028,0.6000000000000001,61.764696423499785,1.407352203095394,1.4544453398227482,19.069059192122477,116,33,83,28.448275862068964,21339.020000000004,15162.53,6176.490000000003,1496.76,0,0,63.33469927415001,2.318456606365926,3.0113138168168874,8.413878071828467,51,18,33,35.294117647058826,11137.169999999998,4803.7,6333.469999999998,595.14,0,0,0.19000409782245,0.25,-0.0,0.04047619047619048,0.06176469642349979,0.020367610154769702,-0.001882506516392055
1c_risk,40,0.3447023288773359,True,79,13,74.0,30.0,21,18,3.4000000000000004,18,39,1.5,4.0,2.0,0.007,0.5,28.556637385699833,1.3772056123405976,1.5222173826983523,11.426845969826022,116,33,83,28.448275862068964,10426.08,7570.46,2855.62,889.69,0,0,22.550889292050012,1.8271334150045118,2.636123342163817,5.164892906753389,51,18,33,35.294117647058826,4981.46,2726.3799999999997,2255.0800000000004,373.23,0,0,0.06765266787615004,0.20678335375112794,-0.0,0.04047619047619048,0.028556637385699836,0.01886028061702988,-0.017626801228862288
1c_risk,41,0.6541207562623658,True,79,13,74.0,30.0,21,18,3.4000000000000004,18,39,1.5,4.0,2.0,0.03,0.65,91.30648464794966,1.3708830958030955,1.5228937343862459,23.275889010629257,116,33,83,28.448275862068964,33749.25,24618.62,9130.630000000001,2484.23,0,0,86.07315353745003,2.1556908980809024,2.8686290325122434,11.905630526823122,51,18,33,35.294117647058826,16055.09,7447.7699999999995,8607.32,910.94,0,0,0.25821946061235007,0.25,-0.0,0.04047619047619048,0.09130648464794966,0.01854415479015478,-0.004425534264279265
1c_risk,42,0.6459271793908342,True,79,13,74.0,30.0,21,18,3.4000000000000004,18,39,1.5,4.0,2.0,0.029,0.65,91.03044121959967,1.372226059087175,1.5323099459258898,23.192871725084217,116,33,83,28.448275862068964,33558.79,24455.73,9103.060000000001,2476.54,0,0,83.95741869340003,2.134801572766114,2.8401814704805917,11.905630526823122,51,18,33,35.294117647058826,15794.18,7398.43,8395.75,903.45,0,0,0.2518722560802001,0.25,-0.0,0.04047619047619048,0.09103044121959968,0.018611302954358755,-0.006063011339514806
1c_risk,43,0.607425275182367,True,79,13,74.0,30.0,21,18,3.4000000000000004,18,39,1.5,4.0,1.5,0.029,0.7,74.16562529894975,1.3983337504686055,1.4972241959668797,20.801071461328497,116,33,83,28.448275862068964,26035.659999999996,18619.06,7416.599999999995,1853.47,0,0,74.3515012342,2.2798322741450177,2.997944441964576,9.740380380275973,51,18,33,35.294117647058826,13244.64,5809.4800000000005,7435.159999999999,717.64,0,0,0.2230545037026,0.25,-0.0,0.04047619047619048,0.07416562529894975,0.019916687523430277,-0.00018773181880350003
1c_risk,44,0.6288694731507214,True,79,13,74.0,30.0,21,18,3.4000000000000004,18,39,1.5,4.0,2.5,0.027,0.55,94.9126543690496,1.3687970186289065,1.5589559625301472,24.064263286853127,116,33,83,28.448275862068964,35227.1,25735.81,9491.289999999997,2640.55,0,0,79.44820331580009,2.0403443873375453,2.765131167827137,12.464673752628544,51,18,33,35.294117647058826,15581.6,7636.75,7944.85,928.82,0,0,0.23834460994740023,0.25,-0.0,0.04047619047619048,0.09491265436904961,0.018439850931445324,-0.013303832573364227
1c_risk,45,0.6440186134427409,True,79,13,74.0,30.0,21,18,3.4000000000000004,18,39,1.5,4.0,3.0,0.03,0.6000000000000001,127.64049226534941,1.3431924900301566,1.6095956719191016,29.83917817655351,116,33,83,28.448275862068964,49956.229999999996,37192.16,12764.069999999992,3894.65,0,0,93.89040057715007,1.9212774350037674,2.699647652875762,15.482187422753736,51,18,33,35.294117647058826,19580.429999999997,10191.36,9389.069999999996,1239.43,0,0,0.2816712017314502,0.23031935875094184,-0.0027553567014499186,0.04047619047619048,0.1,0.01715962450150783,-0.022852405315899507
1c_risk,46,0.6352401898599731,True,79,13,74.0,30.0,21,18,3.4000000000000004,18,39,1.5,4.0,2.5,0.029,0.7,123.20873711784957,1.347777389817907,1.6115779472815719,29.08948725818575,116,33,83,28.448275862068964,47748.37,35427.49,12320.880000000005,3713.11,0,0,90.20564138620004,1.9214961176087209,2.696362651820708,15.073383504285353,51,18,33,35.294117647058826,18809.66,9789.07,9020.59,1191.19,0,0,0.2706169241586001,0.2303740294021802,-0.0004193343102020159,0.04047619047619048,0.1,0.017388869490895353,-0.023196489357691013
1c_risk,47,0.612806131502339,True,79,13,74.0,30.0,21,18,3.4000000000000004,18,39,1.5,4.0,2.0,0.026000000000000002,0.65,89.53954164129972,1.376174875601407,1.5582306325083843,22.945922179038856,116,33,83,28.448275862068964,32756.43,23802.52,8953.91,2438.24,0,0,75.56066931250007,2.057274744710205,2.7702430342590847,11.873852320602118,51,18,33,35.294117647058826,14702.89,7146.78,7556.11,869.86,0,0,0.2266820079375002,0.25,-0.0,0.04047619047619048,0.08953954164129974,0.018808743780070348,-0.012700352332721775
1c_risk,48,0.6063387361251295,True,79,13,74.0,30.0,21,18,3.4000000000000004,18,39,1.5,4.0,1.5,0.027,0.75,77.78180662584964,1.3876030838060318,1.515725607070859,20.643838417060273,116,33,83,28.448275862068964,27845.600000000002,20067.41,7778.190000000002,2017.96,0,0,74.10916719035002,2.1935908338326158,2.895369938286306,10.395628873186615,51,18,33,35.294117647058826,13619.830000000002,6208.919999999999,7410.910000000003,761.85,0,0,0.22232750157105005,0.25,-0.0,0.04047619047619048,0.07778180662584964,0.01938015419030159,-0.003626916738262349
1c_risk,49,0.5843899939079711,True,79,13,74.0,30.0,21,18,3.4000000000000004,18,39,1.5,4.0,2.0,0.024,0.6000000000000001,81.54996475374959,1.3855987781870451,1.5581456579402015,21.3728268913826,116,33,83,28.448275862068964,29303.89,21148.9,8154.989999999998,2166.37,0,0,68.65408639065005,2.064251499790727,2.7672863496735456,11.017376911247265,51,18,33,35.294117647058826,13316.28,6450.9,6865.380000000001,785.61,0,0,0.20596225917195013,0.25,-0.0,0.04047619047619048,0.0815499647537496,0.019279938909352257,-0.012878359403271358
1c_risk,50,0.4620915245128197,True,79,13,74.0,30.0,21,18,3.4000000000000004,18,39,1.5,4.0,1.0,0.015,0.65,41.61431247964982,1.436579866994128,1.5208168220560576,12.358692253135537,116,33,83,28.448275862068964,13693.349999999999,9531.91,4161.439999999999,961.34,0,0,38.19773337034998,2.20956934768841,2.8448934791746403,6.155204747755772,51,18,33,35.294117647058826,6977.82,3158.0,3819.8199999999997,388.17,0,0,0.11459320011104993,0.25,-0.0,0.04047619047619048,0.04161431247964982,0.021828993349706408,-0.006421171903776942
1c_risk,51,0.6541207562623658,True,79,13,74.0,30.0,21,18,3.4000000000000004,18,39,1.5,4.0,2.0,0.03,0.65,91.30648464794966,1.3708830958030955,1.5228937343862459,23.275889010629257,116,33,83,28.448275862068964,33749.25,24618.62,9130.630000000001,2484.23,0,0,86.07315353745003,2.1556908980809024,2.8686290325122434,11.905630526823122,51,18,33,35.294117647058826,16055.09,7447.7699999999995,8607.32,910.94,0,0,0.25821946061235007,0.25,-0.0,0.04047619047619048,0.09130648464794966,0.01854415479015478,-0.004425534264279265
1c_risk,52,0.6498893306078772,True,79,13,74.0,30.0,21,18,3.4000000000000004,18,39,1.5,4.0,2.5,0.03,0.7,123.51686600069951,1.3440940733887654,1.5970023491113554,29.242963899049062,116,33,83,28.448275862068964,48247.909999999996,35896.229999999996,12351.68,3743.35,0,0,93.23866738645003,1.9375698235544325,2.7108018749665614,15.165687520474558,51,18,33,35.294117647058826,19268.57,9944.71,9323.86,1208.19,0,0,0.2797160021593501,0.23439245588860813,-0.0009467858312831876,0.04047619047619048,0.1,0.01720470366943827,-0.020953235754426557
1c_risk,53,0.6459271793908342,True,79,13,74.0,30.0,21,18,3.4000000000000004,18,39,1.5,4.0,2.0,0.029,0.65,91.03044121959967,1.372226059087175,1.5323099459258898,23.192871725084217,116,33,83,28.448275862068964,33558.79,24455.73,9103.060000000001,2476.54,0,0,83.95741869340003,2.134801572766114,2.8401814704805917,11.905630526823122,51,18,33,35.294117647058826,15794.18,7398.43,8395.75,903.45,0,0,0.2518722560802001,0.25,-0.0,0.04047619047619048,0.09103044121959968,0.018611302954358755,-0.006063011339514806
1c_risk,54,0.6196075582422402,True,79,13,74.0,30.0,21,18,3.4000000000000004,18,39,1.5,4.0,3.0,0.028,0.6000000000000001,124.48632302624962,1.3461223954140995,1.624848005838484,29.792186984897878,116,33,83,28.448275862068964,48414.490000000005,35965.89,12448.600000000006,3801.61,0,0,88.32120623819999,1.8962442881946382,2.679937732801139,15.298902824421942,51,18,33,35.294117647058826,18686.71,9854.59,8832.119999999999,1204.59,0,0,0.26496361871459995,0.22406107204865955,-0.001708016139553956,0.04047619047619048,0.1,0.017306119770704977,-0.025491426628360722
1c_risk,55,0.6301459987274248,True,79,13,74.0,30.0,21,18,3.4000000000000004,18,39,1.5,4.0,5.0,0.027,0.3,102.81366657464983,1.3599734888059178,1.575197158326427,25.76262650832345,116,33,83,28.448275862068964,38842.91,28561.520000000004,10281.39,2958.01,0,0,81.31880367010005,1.980900409276944,2.7334063252996095,13.282295329541324,51,18,33,35.294117647058826,16422.12,8290.23,8131.889999999999,1007.37,0,0,0.24395641101030013,0.245225102319236,-0.0,0.04047619047619048,0.1,0.017998674440295893,-0.01751037951859769
1c_risk,56,0.6397122662879648,True,79,13,74.0,30.0,21,18,3.4000000000000004,18,39,1.5,4.0,2.0,0.03,0.6000000000000001,84.73996074899965,1.3817520158683605,1.5132435103348314,22.322260990897657,116,33,83,28.448275862068964,30671.62,22197.630000000005,8473.989999999994,2225.6,0,0,82.47891255205006,2.21225113098895,2.9323100067860732,11.046315754174215,51,18,33,35.294117647058826,15051.669999999998,6803.78,8247.89,835.96,0,0,0.24743673765615018,0.25,-0.0,0.04047619047619048,0.08473996074899966,0.019087600793418025,-0.00202822338679344
1c_risk,57,0.5312734551132791,True,79,13,74.0,30.0,21,18,3.4000000000000004,18,39,1.5,4.0,1.5,0.029,0.55,53.8548305899498,1.399123418106144,1.3879689389928636,18.58947316744247,116,33,83,28.448275862068964,18878.819999999996,13493.32,5385.499999999996,1318.48,0,0,57.143486873100045,2.3261352876742842,3.0084748003354282,7.742012610067969,51,18,33,35.294117647058826,10023.41,4309.040000000001,5714.369999999999,534.18,0,0,0.17143046061930015,0.25,-0.0,0.04047619047619048,0.053854830589949804,0.019956170905307203,-0.004444197477468527
1c_risk,58,0.6217876049980896,True,79,13,74.0,30.0,21,18,3.4000000000000004,18,39,1.5,4.0,2.5,0.028,0.7,121.58554014664955,1.3491133044247778,1.618467207621575,29.02376575207174,116,33,83,28.448275862068964,46985.65,34827.06,12158.590000000004,3667.04,0,0,87.29504776555001,1.906380305673229,2.6829094317451605,14.98200357082357,51,18,33,35.294117647058826,18360.73,9631.199999999999,8729.53,1174.24,0,0,0.26188514329665,0.22659507641830723,-0.0,0.04047619047619048,0.1,0.017455665221238894,-0.024624470414297044
1c_risk,59,0.6016920957181122,True,79,13,74.0,30.0,21,18,3.4000000000000004,18,39,1.5,4.0,2.5,0.026000000000000002,0.65,111.20214372934969,1.359627262102113,1.61901259816358,27.167903355930502,116,33,83,28.448275862068964,42041.66,30921.46,11120.200000000004,3256.47,0,0,79.8312959263,1.9134925330095787,2.6811808854665493,13.998025319572221,51,18,33,35.294117647058826,16722.260000000002,8739.130000000001,7983.130000000001,1066.19,0,0,0.23949388777890002,0.22837313325239467,-0.0,0.04047619047619048,0.1,0.017981363105105654,-0.024632478894478654
1c_risk,60,0.5959618251125859,True,79,13,74.0,30.0,21,18,3.4000000000000004,18,39,1.5,4.0,3.0,0.025,0.4,82.43397860329974,1.3850911569341824,1.5517917279810387,21.456224558008106,116,33,83,28.448275862068964,29649.94,21406.489999999994,8243.450000000004,2183.66,0,0,71.48804202505006,2.0939589304596797,2.7926147688874288,11.045871760634684,51,18,33,35.294117647058826,13683.54,6534.7699999999995,7148.770000000001,796.81,0,0,0.21446412607515017,0.25,-0.0,0.04047619047619048,0.08243397860329975,0.01925455784670912,-0.010667027888763581
1c_risk,61,0.6541207562623658,True,79,13,74.0,30.0,21,18,3.4000000000000004,18,39,1.5,4.0,2.0,0.03,0.65,91.30648464794966,1.3708830958030955,1.5228937343862459,23.275889010629257,116,33,83,28.448275862068964,33749.25,24618.62,9130.630000000001,2484.23,0,0,86.07315353745003,2.1556908980809024,2.8686290325122434,11.905630526823122,51,18,33,35.294117647058826,16055.09,7447.7699999999995,8607.32,910.94,0,0,0.25821946061235007,0.25,-0.0,0.04047619047619048,0.09130648464794966,0.01854415479015478,-0.004425534264279265
1c_risk,62,0.6541207562623658,True,79,13,74.0,30.0,21,18,3.4000000000000004,18,39,1.5,4.0,2.0,0.03,0.65,91.30648464794966,1.3708830958030955,1.5228937343862459,23.275889010629257,116,33,83,28.448275862068964,33749.25,24618.62,9130.630000000001,2484.23,0,0,86.07315353745003,2.1556908980809024,2.8686290325122434,11.905630526823122,51,18,33,35.294117647058826,16055.09,7447.7699999999995,8607.32,910.94,0,0,0.25821946061235007,0.25,-0.0,0.04047619047619048,0.09130648464794966,0.01854415479015478,-0.004425534264279265
1c_risk,63,0.6319827259107255,True,79,13,74.0,30.0,21,18,3.4000000000000004,18,39,1.5,4.0,2.0,0.029,0.6000000000000001,83.95364404984957,1.3804558551226151,1.515477793005303,21.958938411516918,116,33,83,28.448275862068964,30462.050000000003,22066.659999999996,8395.390000000007,2217.78,0,0,80.54584215765004,2.1913775455868607,2.903885539750489,11.046315754174215,51,18,33,35.294117647058826,14815.29,6760.719999999999,8054.5700000000015,829.29,0,0,0.24163752647295011,0.25,-0.0,0.04047619047619048,0.08395364404984958,0.01902279275613076,-0.003107427844395449
1c_risk,64,0.602855498639312,True,79,13,74.0,30.0,21,18,3.4000000000000004,18,39,1.5,4.0,1.5,0.028,0.7,73.84300409339973,1.3986353860306024,1.5056002497836625,20.429894119388415,116,33,83,28.448275862068964,25908.21,18523.920000000002,7384.289999999997,1848.31,0,0,73.11564792225006,2.2645394940513763,2.9773467625282177,9.740380380275973,51,18,33,35.294117647058826,13093.59,5782.01,7311.58,713.44,0,0,0.21934694376675018,0.25,-0.0,0.04047619047619048,0.07384300409339972,0.019931769301530122,-0.0007424089985585284
1c_risk,65,0.6639530546547684,True,79,13,74.0,30.0,21,18,3.4000000000000004,18,39,1.5,4.0,2.5,0.03,0.65,113.27917702854953,1.3470759633679656,1.5654688032774733,27.659284323516047,116,33,83,28.448275862068964,43966.0,32638.1,11327.900000000001,3368.8,0,0,91.77247496510005,1.9861531534726184,2.7452236245951926,14.368878149892392,51,18,33,35.294117647058826,18483.32,9306.09,9177.23,1129.54,0,0,0.27531742489530014,0.2465382883681546,-0.0,0.04047619047619048,0.1,0.01735379816839828,-0.015732647253275146
1c_risk,66,0.6301459987274248,True,79,13,74.0,30.0,21,18,3.4000000000000004,18,39,1.5,4.0,2.5,0.027,0.6000000000000001,102.81366657464983,1.3599734888059178,1.575197158326427,25.76262650832345,116,33,83,28.448275862068964,38842.91,28561.520000000004,10281.39,2958.01,0,0,81.31880367010005,1.980900409276944,2.7334063252996095,13.282295329541324,51,18,33,35.294117647058826,16422.12,8290.23,8131.889999999999,1007.37,0,0,0.24395641101030013,0.245225102319236,-0.0,0.04047619047619048,0.1,0.017998674440295893,-0.01751037951859769
1c_risk,67,0.6352401898599731,True,79,13,74.0,30.0,21,18,3.4000000000000004,18,39,1.5,4.0,2.5,0.029,0.7,123.20873711784957,1.347777389817907,1.6115779472815719,29.08948725818575,116,33,83,28.448275862068964,47748.37,35427.49,12320.880000000005,3713.11,0,0,90.20564138620004,1.9214961176087209,2.696362651820708,15.073383504285353,51,18,33,35.294117647058826,18809.66,9789.07,9020.59,1191.19,0,0,0.2706169241586001,0.2303740294021802,-0.0004193343102020159,0.04047619047619048,0.1,0.017388869490895353,-0.023196489357691013
1c_risk,68,0.6227786878395956,True,79,13,74.0,30.0,21,18,3.4000000000000004,18,39,1.5,4.0,3.0,0.028,0.65,130.6433664160495,1.33329855175104,1.6304324088136948,31.965425836318932,116,33,83,28.448275862068964,52261.29,39196.99,13064.300000000003,4184.97,0,0,92.29677290700009,1.87889877330408,2.694453787403058,15.905947658267097,51,18,33,35.294117647058826,19731.03,10501.38,9229.65,1296.79,0,0,0.2768903187210003,0.21972469332602002,-0.0051768437615262695,0.04047619047619048,0.1,0.016664927587552003,-0.025800598509640917
1c_risk,69,0.6370702333252186,True,79,13,74.0,30.0,21,18,3.4000000000000004,18,39,1.5,4.0,2.5,0.03,0.75,132.1640592678995,1.3388332033952923,1.6178427685249632,30.84681901114613,116,33,83,28.448275862068964,52222.22,39005.770000000004,13216.449999999997,4106.22,0,0,94.95251626915011,1.8992873141926292,2.684680216611207,15.953835850900171,51,18,33,35.294117647058826,20053.910000000003,10558.65,9495.260000000004,1286.39,0,0,0.28485754880745034,0.2248218285481573,-0.005450490576572408,0.04047619047619048,0.1,0.016941660169764616,-0.024576504099771693
1c_risk,70,0.624347233755605,True,79,13,74.0,30.0,21,18,3.4000000000000004,18,39,1.5,4.0,2.0,0.028,0.6000000000000001,83.32208062434975,1.3801572238089588,1.5200084309987916,21.70936393353942,116,33,83,28.448275862068964,30250.010000000002,21917.800000000003,8332.21,2209.33,0,0,78.62921732210012,2.17044637527557,2.8744491569868664,11.046315754174215,51,18,33,35.294117647058826,14580.82,6717.89,7862.929999999999,822.71,0,0,0.23588765196630035,0.25,-0.0,0.04047619047619048,0.08332208062434976,0.01900786119044794,-0.004346550501683559
1c_risk,71,0.6541207562623658,True,79,13,74.0,30.0,21,18,3.4000000000000004,18,39,1.5,4.0,2.0,0.03,0.65,91.30648464794966,1.3708830958030955,1.5228937343862459,23.275889010629257,116,33,83,28.448275862068964,33749.25,24618.62,9130.630000000001,2484.23,0,0,86.07315353745003,2.1556908980809024,2.8686290325122434,11.905630526823122,51,18,33,35.294117647058826,16055.09,7447.7699999999995,8607.32,910.94,0,0,0.25821946061235007,0.25,-0.0,0.04047619047619048,0.09130648464794966,0.01854415479015478,-0.004425534264279265
1c_risk,72,0.5864494445572364,True,79,13,74.0,30.0,21,18,3.4000000000000004,18,39,1.5,4.0,1.5,0.029,0.65,68.4156559092497,1.4043157364107903,1.47609651389296,20.125985215452825,116,33,83,28.448275862068964,23762.889999999996,16921.329999999998,6841.559999999998,1676.06,0,0,69.51101866895002,2.3081432440112684,3.0128053578299925,9.079645988795336,51,18,33,35.294117647058826,12264.849999999999,5313.7300000000005,6951.119999999998,657.75,0,0,0.20853305600685004,0.25,-0.0,0.04047619047619048,0.0684156559092497,0.020215786820539518,-0.0011912446555933842
1c_risk,73,0.6352401898599731,True,79,13,74.0,30.0,21,18,3.4000000000000004,18,39,1.5,4.0,2.5,0.029,0.7,123.20873711784957,1.347777389817907,1.6115779472815719,29.08948725818575,116,33,83,28.448275862068964,47748.37,35427.49,12320.880000000005,3713.11,0,0,90.20564138620004,1.9214961176087209,2.696362651820708,15.073383504285353,51,18,33,35.294117647058826,18809.66,9789.07,9020.59,1191.19,0,0,0.2706169241586001,0.2303740294021802,-0.0004193343102020159,0.04047619047619048,0.1,0.017388869490895353,-0.023196489357691013
1c_risk,74,0.6227942773100011,True,79,13,74.0,30.0,21,18,3.4000000000000004,18,39,1.5,4.0,2.0,0.03,0.55,78.11467693124979,1.3933964226341888,1.5005970701409639,21.553538847449886,116,33,83,28.448275862068964,27667.99,19856.510000000002,7811.48,1978.45,0,0,78.20757730130008,2.2694649462965995,2.992314943956221,10.177635825560634,51,18,33,35.294117647058826,13981.469999999998,6160.69,7820.779999999998,760.36,0,0,0.23462273190390023,0.25,-0.0,0.04047619047619048,0.0781146769312498,0.019669821131709442,-8.914313304881658e-05
1c_risk,75,0.6301459987274248,True,79,13,74.0,30.0,21,18,3.4000000000000004,18,39,1.5,4.0,2.5,0.027,0.6000000000000001,102.81366657464983,1.3599734888059178,1.575197158326427,25.76262650832345,116,33,83,28.448275862068964,38842.91,28561.520000000004,10281.39,2958.01,0,0,81.31880367010005,1.980900409276944,2.7334063252996095,13.282295329541324,51,18,33,35.294117647058826,16422.12,8290.23,8131.889999999999,1007.37,0,0,0.24395641101030013,0.245225102319236,-0.0,0.04047619047619048,0.1,0.017998674440295893,-0.01751037951859769
1c_risk,76,0.6541207562623658,True,79,13,74.0,30.0,21,18,3.4000000000000004,18,39,1.5,4.0,2.0,0.03,0.65,91.30648464794966,1.3708830958030955,1.5228937343862459,23.275889010629257,116,33,83,28.448275862068964,33749.25,24618.62,9130.630000000001,2484.23,0,0,86.07315353745003,2.1556908980809024,2.8686290325122434,11.905630526823122,51,18,33,35.294117647058826,16055.09,7447.7699999999995,8607.32,910.94,0,0,0.25821946061235007,0.25,-0.0,0.04047619047619048,0.09130648464794966,0.01854415479015478,-0.004425534264279265
1c_risk,77,0.6217876049980896,True,79,13,74.0,30.0,21,18,3.4000000000000004,18,39,1.5,4.0,2.5,0.028,0.7,121.58554014664955,1.3491133044247778,1.618467207621575,29.02376575207174,116,33,83,28.448275862068964,46985.65,34827.06,12158.590000000004,3667.04,0,0,87.29504776555001,1.906380305673229,2.6829094317451605,14.98200357082357,51,18,33,35.294117647058826,18360.73,9631.199999999999,8729.53,1174.24,0,0,0.26188514329665,0.22659507641830723,-0.0,0.04047619047619048,0.1,0.017455665221238894,-0.024624470414297044
1c_risk,78,0.3243747722165525,True,79,13,74.0,30.0,21,18,3.4000000000000004,18,39,1.5,4.0,1.5,0.005,0.65,18.92736228519994,1.3601696608495601,1.4360854307216766,8.785482043614403,116,33,83,28.448275862068964,7147.95,5255.19,1892.7600000000002,633.61,0,0,16.34190528400002,1.8357318195765573,2.659248436125122,3.8228930935821177,51,18,33,35.294117647058826,3589.59,1955.4,1634.19,278.48,0,0,0.049025715852000065,0.20893295489413932,-0.0,0.04047619047619048,0.018927362285199943,0.01800848304247801,-0.010995934333455318
1c_risk,79,0.6303456814343134,True,79,13,74.0,30.0,21,18,3.4000000000000004,18,39,1.5,4.0,3.0,0.029,0.6000000000000001,126.15886031614936,1.3447781397038143,1.6169934117420186,29.74955485775272,116,33,83,28.448275862068964,49207.14,36591.270000000004,12615.869999999995,3848.88,0,0,90.89841765210011,1.9061472284388445,2.685726937842318,15.391007752588893,51,18,33,35.294117647058826,19121.23,10031.349999999999,9089.880000000001,1222.1299999999999,0,0,0.2726952529563003,0.22653680710971114,-0.0022343300147936724,0.04047619047619048,0.1,0.017238906985190715,-0.024367146078285645
1c_risk,80,0.6191298303531296,True,79,13,74.0,30.0,21,18,3.4000000000000004,18,39,1.5,4.0,2.0,0.026000000000000002,0.7,95.1230206511997,1.3665854026998236,1.5646819491705752,24.32541063605273,116,33,83,28.448275862068964,35460.649999999994,25948.36,9512.289999999994,2676.96,0,0,76.99874162355002,2.0041287287010543,2.7428243903921556,12.534534108660228,51,18,33,35.294117647058826,15368.1,7668.22,7699.88,932.04,0,0,0.23099622487065002,0.25,-0.0,0.04047619047619048,0.09512302065119971,0.018329270134991183,-0.015794875779901754
1c_risk,81,0.6541207562623658,True,79,13,74.0,30.0,21,18,3.4000000000000004,18,39,1.5,4.0,2.0,0.03,0.65,91.30648464794966,1.3708830958030955,1.5228937343862459,23.275889010629257,116,33,83,28.448275862068964,33749.25,24618.62,9130.630000000001,2484.23,0,0,86.07315353745003,2.1556908980809024,2.8686290325122434,11.905630526823122,51,18,33,35.294117647058826,16055.09,7447.7699999999995,8607.32,910.94,0,0,0.25821946061235007,0.25,-0.0,0.04047619047619048,0.09130648464794966,0.01854415479015478,-0.004425534264279265
1c_risk,82,0.6459271793908342,True,79,13,74.0,30.0,21,18,3.4000000000000004,18,39,1.5,4.0,2.0,0.029,0.65,91.03044121959967,1.372226059087175,1.5323099459258898,23.192871725084217,116,33,83,28.448275862068964,33558.79,24455.73,9103.060000000001,2476.54,0,0,83.95741869340003,2.134801572766114,2.8401814704805917,11.905630526823122,51,18,33,35.294117647058826,15794.18,7398.43,8395.75,903.45,0,0,0.2518722560802001,0.25,-0.0,0.04047619047619048,0.09103044121959968,0.018611302954358755,-0.006063011339514806
1c_risk,83,0.5573132866237096,True,79,13,74.0,30.0,21,18,3.4000000000000004,18,39,1.5,4.0,1.5,0.03,0.6000000000000001,60.42347594774977,1.398760896436257,1.4185993167420186,19.64925561465598,116,33,83,28.448275862068964,21195.269999999997,15152.890000000001,6042.379999999996,1487.77,0,0,63.33469927415001,2.318456606365926,3.0113138168168874,8.413878071828467,51,18,33,35.294117647058826,11137.169999999998,4803.7,6333.469999999998,595.14,0,0,0.19000409782245,0.25,-0.0,0.04047619047619048,0.06042347594774977,0.019938044821812852,-0.0035285224444935263
1c_risk,84,0.6236392837408845,True,79,13,74.0,30.0,21,18,3.4000000000000004,18,39,1.5,4.0,4.5,0.027,0.65,120.45051138389933,1.2550389883338842,1.4764610445966886,38.96773971357018,116,33,83,28.448275862068964,59273.27,47228.229999999996,12045.04,5321.33,0,0,102.779409582,1.7752358798323409,2.694337013880578,17.016643551118527,51,18,33,35.294117647058826,23535.740000000005,13257.81,10277.930000000006,1732.8799999999999,0,0,0.3,0.19380896995808522,-0.011523677434963013,0.04047619047619048,0.1,0.012751949416694209,-0.011874148675122341
1c_risk,85,0.631265643063903,True,79,13,74.0,30.0,21,18,3.4000000000000004,18,39,1.5,4.0,2.5,0.028,0.65,113.03983030314961,1.3540904309670272,1.5952352739066942,27.47787866791339,116,33,83,28.448275862068964,43228.009999999995,31924.02,11303.989999999994,3326.99,0,0,85.62064355700011,1.9477042072837998,2.7111083464897097,14.182748609546714,51,18,33,35.294117647058826,17596.67,9034.57,8562.099999999999,1098.22,0,0,0.2568619306710003,0.23692605182094995,-0.0,0.04047619047619048,0.1,0.01770452154835136,-0.02070305145258917
1c_risk,86,0.6227942773100011,True,79,13,74.0,30.0,21,18,3.4000000000000004,18,39,1.5,4.0,2.0,0.03,0.55,78.11467693124979,1.3933964226341888,1.5005970701409639,21.553538847449886,116,33,83,28.448275862068964,27667.99,19856.510000000002,7811.48,1978.45,0,0,78.20757730130008,2.2694649462965995,2.992314943956221,10.177635825560634,51,18,33,35.294117647058826,13981.469999999998,6160.69,7820.779999999998,760.36,0,0,0.23462273190390023,0.25,-0.0,0.04047619047619048,0.0781146769312498,0.019669821131709442,-8.914313304881658e-05
1c_risk,87,0.6538476205280597,True,79,13,74.0,30.0,21,18,3.4000000000000004,18,39,1.5,4.0,2.0,0.029,0.7,98.61520924884964,1.3663963452173464,1.5531283528604316,24.568672256613006,116,33,83,28.448275862068964,36776.38,26914.87,9861.509999999998,2747.1,0,0,85.66050176410009,2.074858177519961,2.794543648096956,12.757105936337396,51,18,33,35.294117647058826,16535.52,7969.469999999999,8566.050000000001,970.23,0,0,0.2569815052923003,0.25,-0.0,0.04047619047619048,0.09861520924884964,0.018319817260867323,-0.010545101750148049
1c_risk,88,0.6556513001385268,True,79,13,74.0,30.0,21,18,3.4000000000000004,18,39,1.5,4.0,2.5,0.029,0.6000000000000001,104.51407537859967,1.3572362922921006,1.5595111837125126,25.92195261255592,116,33,83,28.448275862068964,39707.78,29256.350000000002,10451.429999999997,3005.79,0,0,87.00801170215,2.0221239873691337,2.7621090570396944,13.469471429526699,51,18,33,35.294117647058826,17213.29,8512.48,8700.810000000001,1034.45,0,0,0.26102403510645,0.25,-0.0,0.04047619047619048,0.1,0.017861814614605034,-0.013710740058718727
1c_risk,89,0.645277301702784,True,79,13,74.0,30.0,21,18,3.4000000000000004,18,39,1.5,4.0,2.5,0.028,0.6000000000000001,103.32402676939965,1.3575765587835176,1.5636147294343348,25.842228174677533,116,33,83,28.448275862068964,39228.22,28895.769999999997,10332.450000000004,2979.3,0,0,84.10199328675007,2.000687730904461,2.7472110196554014,13.375929977318227,51,18,33,35.294117647058826,16814.68,8404.45,8410.23,1020.97,0,0,0.2523059798602502,0.25,-0.0,0.04047619047619048,0.1,0.01787882793917588,-0.015383696572832558
1c_risk,90,0.6303456814343134,True,79,13,74.0,30.0,21,18,3.4000000000000004,18,39,1.5,4.0,3.0,0.029,0.6000000000000001,126.15886031614936,1.3447781397038143,1.6169934117420186,29.74955485775272,116,33,83,28.448275862068964,49207.14,36591.270000000004,12615.869999999995,3848.88,0,0,90.89841765210011,1.9061472284388445,2.685726937842318,15.391007752588893,51,18,33,35.294117647058826,19121.23,10031.349999999999,9089.880000000001,1222.1299999999999,0,0,0.2726952529563003,0.22653680710971114,-0.0022343300147936724,0.04047619047619048,0.1,0.017238906985190715,-0.024367146078285645
1c_risk,91,0.6541207562623658,True,79,13,74.0,30.0,21,18,3.4000000000000004,18,39,1.5,4.0,2.0,0.03,0.65,91.30648464794966,1.3708830958030955,1.5228937343862459,23.275889010629257,116,33,83,28.448275862068964,33749.25,24618.62,9130.630000000001,2484.23,0,0,86.07315353745003,2.1556908980809024,2.8686290325122434,11.905630526823122,51,18,33,35.294117647058826,16055.09,7447.7699999999995,8607.32,910.94,0,0,0.25821946061235007,0.25,-0.0,0.04047619047619048,0.09130648464794966,0.01854415479015478,-0.004425534264279265
1c_risk,92,0.6639530546547684,True,79,13,74.0,30.0,21,18,3.4000000000000004,18,39,1.5,4.0,2.5,0.03,0.65,113.27917702854953,1.3470759633679656,1.5654688032774733,27.659284323516047,116,33,83,28.448275862068964,43966.0,32638.1,11327.900000000001,3368.8,0,0,91.77247496510005,1.9861531534726184,2.7452236245951926,14.368878149892392,51,18,33,35.294117647058826,18483.32,9306.09,9177.23,1129.54,0,0,0.27531742489530014,0.2465382883681546,-0.0,0.04047619047619048,0.1,0.01735379816839828,-0.015732647253275146
1c_risk,93,0.6556513001385268,True,79,13,74.0,30.0,21,18,3.4000000000000004,18,39,1.5,4.0,2.5,0.029,0.6000000000000001,104.51407537859967,1.3572362922921006,1.5595111837125126,25.92195261255592,116,33,83,28.448275862068964,39707.78,29256.350000000002,10451.429999999997,3005.79,0,0,87.00801170215,2.0221239873691337,2.7621090570396944,13.469471429526699,51,18,33,35.294117647058826,17213.29,8512.48,8700.810000000001,1034.45,0,0,0.26102403510645,0.25,-0.0,0.04047619047619048,0.1,0.017861814614605034,-0.013710740058718727
1c_risk,94,0.6556513001385268,True,79,13,74.0,30.0,21,18,3.4000000000000004,18,39,1.5,4.0,2.5,0.029,0.6000000000000001,104.51407537859967,1.3572362922921006,1.5595111837125126,25.92195261255592,116,33,83,28.448275862068964,39707.78,29256.350000000002,10451.429999999997,3005.79,0,0,87.00801170215,2.0221239873691337,2.7621090570396944,13.469471429526699,51,18,33,35.294117647058826,17213.29,8512.48,8700.810000000001,1034.45,0,0,0.26102403510645,0.25,-0.0,0.04047619047619048,0.1,0.017861814614605034,-0.013710740058718727
1c_risk,95,0.38520108041467016,True,79,13,74.0,30.0,21,18,3.4000000000000004,18,39,1.5,4.0,2.5,0.01,0.55,41.40385136304991,1.3527972740030791,1.507165080924976,15.919086911329043,116,33,83,28.448275862068964,15876.279999999999,11735.890000000001,4140.389999999998,1371.35,0,0,33.030337709200104,1.8138579658294038,2.639827953906028,7.29737902827494,51,18,33,35.294117647058826,7361.470000000001,4058.4599999999996,3303.0100000000016,551.49,0,0,0.09909101312760031,0.20346449145735096,-0.0,0.04047619047619048,0.041403851363049915,0.017639863700153958,-0.016874329709675485
1c_risk,96,0.6103535356649715,True,79,13,74.0,30.0,21,18,3.4000000000000004,18,39,1.5,4.0,3.0,0.027,0.6000000000000001,122.66289538234953,1.3476677711108023,1.633874529895058,29.835989618018477,116,33,83,28.448275862068964,47548.009999999995,35281.700000000004,12266.30999999999,3748.42,0,0,85.94612665900003,1.8889684176556625,2.6773275391289353,15.207443434476135,51,18,33,35.294117647058826,18262.660000000003,9668.06,8594.600000000004,1186.82,0,0,0.2578383799770001,0.22224210441391562,-0.001185391054149341,0.04047619047619048,0.1,0.017383388555540114,-0.02640113670352546
1c_risk,97,0.6524620923014894,True,79,13,74.0,30.0,21,18,3.4000000000000004,18,39,1.5,4.0,2.5,0.029,0.55,96.90024262919945,1.3681182984623859,1.5494060508653023,24.226867596703723,116,33,83,28.448275862068964,36013.32,26323.25,9690.07,2681.64,0,0,85.38512332060012,2.0901910714171716,2.8069111678534067,12.544614526038378,51,18,33,35.294117647058826,16370.689999999999,7832.15,8538.539999999999,954.32,0,0,0.2561553699618003,0.25,-0.0,0.04047619047619048,0.09690024262919945,0.018405914923119295,-0.00947562568882014
1c_risk,98,0.645277301702784,True,79,13,74.0,30.0,21,18,3.4000000000000004,18,39,1.5,4.0,2.5,0.028,0.6000000000000001,103.32402676939965,1.3575765587835176,1.5636147294343348,25.842228174677533,116,33,83,28.448275862068964,39228.22,28895.769999999997,10332.450000000004,2979.3,0,0,84.10199328675007,2.000687730904461,2.7472110196554014,13.375929977318227,51,18,33,35.294117647058826,16814.68,8404.45,8410.23,1020.97,0,0,0.2523059798602502,0.25,-0.0,0.04047619047619048,0.1,0.01787882793917588,-0.015383696572832558
1c_risk,99,0.6404262341801679,True,79,13,74.0,30.0,21,18,3.4000000000000004,18,39,1.5,4.0,2.5,0.028,0.55,96.19224437894954,1.3692140047234098,1.5563167062729528,24.145294331355878,116,33,83,28.448275862068964,35672.42,26053.210000000006,9619.209999999992,2664.02,0,0,82.31837353800016,2.0640618799498984,2.781144114231024,12.544756889943024,51,18,33,35.294117647058826,15968.140000000001,7736.27,8231.87,941.42,0,0,0.24695512061400046,0.25,-0.0,0.04047619047619048,0.09619224437894955,0.018460700236170493,-0.011658021525143168
1c_risk,100,0.5883441971306296,True,79,13,74.0,30.0,21,18,3.4000000000000004,18,39,1.5,4.0,3.0,0.021,0.6000000000000001,94.4862498020496,1.3309743707584387,1.5734332309130319,28.326189557483954,116,33,83,28.448275862068964,37996.47,28547.859999999997,9448.610000000004,3129.4,0,0,75.97562155485008,1.9007793057740712,2.805752032982376,12.788400472882314,51,18,33,35.294117647058826,16031.99,8434.43,7597.5599999999995,1081.24,0,0,0.22792686466455023,0.2251948264435178,-0.0,0.04047619047619048,0.09448624980204962,0.016548718537921937,-0.01628865279360047
1c_risk,101,0.6639530546547684,True,79,13,74.0,30.0,21,18,3.4000000000000004,18,39,1.5,4.0,2.5,0.03,0.65,113.27917702854953,1.3470759633679656,1.5654688032774733,27.659284323516047,116,33,83,28.448275862068964,43966.0,32638.1,11327.900000000001,3368.8,0,0,91.77247496510005,1.9861531534726184,2.7452236245951926,14.368878149892392,51,18,33,35.294117647058826,18483.32,9306.09,9177.23,1129.54,0,0,0.27531742489530014,0.2465382883681546,-0.0,0.04047619047619048,0.1,0.01735379816839828,-0.015732647253275146
1c_risk,102,0.6482667413261457,True,79,13,74.0,30.0,21,18,3.4000000000000004,18,39,1.5,4.0,2.5,0.029,0.65,113.08384871449955,1.3500589708427102,1.5789471724024238,27.581357469755474,116,33,83,28.448275862068964,43612.439999999995,32304.100000000002,11308.339999999993,3349.19,0,0,88.8063973533501,1.9676240846127782,2.7306375984118993,14.275841321988041,51,18,33,35.294117647058826,18058.48,9177.81,8880.67,1114.55,0,0,0.2664191920600503,0.24190602115319454,-0.0,0.04047619047619048,0.1,0.01750294854213551,-0.018037610905425175
1c_risk,103,0.6556513001385268,True,79,13,74.0,30.0,21,18,3.4000000000000004,18,39,1.5,4.0,2.5,0.029,0.6000000000000001,104.51407537859967,1.3572362922921006,1.5595111837125126,25.92195261255592,116,33,83,28.448275862068964,39707.78,29256.350000000002,10451.429999999997,3005.79,0,0,87.00801170215,2.0221239873691337,2.7621090570396944,13.469471429526699,51,18,33,35.294117647058826,17213.29,8512.48,8700.810000000001,1034.45,0,0,0.26102403510645,0.25,-0.0,0.04047619047619048,0.1,0.017861814614605034,-0.013710740058718727
1c_risk,104,0.6556513001385268,True,79,13,74.0,30.0,21,18,3.4000000000000004,18,39,1.5,4.0,2.5,0.029,0.6000000000000001,104.51407537859967,1.3572362922921006,1.5595111837125126,25.92195261255592,116,33,83,28.448275862068964,39707.78,29256.350000000002,10451.429999999997,3005.79,0,0,87.00801170215,2.0221239873691337,2.7621090570396944,13.469471429526699,51,18,33,35.294117647058826,17213.29,8512.48,8700.810000000001,1034.45,0,0,0.26102403510645,0.25,-0.0,0.04047619047619048,0.1,0.017861814614605034,-0.013710740058718727
1c_risk,105,0.6303456814343134,True,79,13,74.0,30.0,21,18,3.4000000000000004,18,39,1.5,4.0,3.0,0.029,0.6000000000000001,126.15886031614936,1.3447781397038143,1.6169934117420186,29.74955485775272,116,33,83,28.448275862068964,49207.14,36591.270000000004,12615.869999999995,3848.88,0,0,90.89841765210011,1.9061472284388445,2.685726937842318,15.391007752588893,51,18,33,35.294117647058826,19121.23,10031.349999999999,9089.880000000001,1222.1299999999999,0,0,0.2726952529563003,0.22653680710971114,-0.0022343300147936724,0.04047619047619048,0.1,0.017238906985190715,-0.024367146078285645
1c_risk,106,0.6126207274598353,True,79,13,74.0,30.0,21,18,3.4000000000000004,18,39,1.5,4.0,2.5,0.026000000000000002,0.6000000000000001,102.78830169464956,1.3642562936035751,1.5930710283547058,25.67204465512325,116,33,83,28.448275862068964,38497.58000000001,28218.729999999996,10278.850000000013,2938.58,0,0,78.21274921940004,1.958639345387512,2.7123311757202537,13.18863503943611,51,18,33,35.294117647058826,15979.99,8158.719999999999,7821.27,992.31,0,0,0.2346382476582001,0.23965983634687799,-0.0,0.04047619047619048,0.1,0.018212814680178758,-0.02036636170161203
1c_risk,107,0.6219005275080083,True,79,13,74.0,30.0,21,18,3.4000000000000004,18,39,1.5,4.0,2.5,0.027,0.5,86.76506490199955,1.378406432015282,1.541576542381954,22.330002715597804,116,33,83,28.448275862068964,31605.550000000003,22929.05,8676.500000000004,2329.7,0,0,77.92891374939998,2.118066166522477,2.81994505756359,11.477379349641891,51,18,33,35.294117647058826,14762.9,6969.99,7792.91,850.76,0,0,0.23378674124819995,0.25,-0.0,0.04047619047619048,0.08676506490199956,0.018920321600764102,-0.008047790719145836
1c_risk,108,0.6404262341801679,True,79,13,74.0,30.0,21,18,3.4000000000000004,18,39,1.5,4.0,2.5,0.028,0.55,96.19224437894954,1.3692140047234098,1.5563167062729528,24.145294331355878,116,33,83,28.448275862068964,35672.42,26053.210000000006,9619.209999999992,2664.02,0,0,82.31837353800016,2.0640618799498984,2.781144114231024,12.544756889943024,51,18,33,35.294117647058826,15968.140000000001,7736.27,8231.87,941.42,0,0,0.24695512061400046,0.25,-0.0,0.04047619047619048,0.09619224437894955,0.018460700236170493,-0.011658021525143168
1c_risk,109,0.5019214030668366,True,79,13,74.0,30.0,21,18,3.4000000000000004,18,39,1.5,4.0,3.0,0.03,0.25,46.23399358539993,1.3872033512918671,1.3084564826746048,18.114040155344437,116,33,83,28.448275862068964,16563.86,11940.47,4623.390000000001,1152.39,0,0,51.13253158750002,2.333926391251265,3.005666933980898,7.065985640460794,51,18,33,35.294117647058826,8946.5,3833.2400000000002,5113.26,475.56,0,0,0.15339759476250006,0.25,-0.0,0.04047619047619048,0.04623399358539993,0.019360167564593356,-0.00754654332184718
1c_risk,110,0.6556513001385268,True,79,13,74.0,30.0,21,18,3.4000000000000004,18,39,1.5,4.0,2.5,0.029,0.6000000000000001,104.51407537859967,1.3572362922921006,1.5595111837125126,25.92195261255592,116,33,83,28.448275862068964,39707.78,29256.350000000002,10451.429999999997,3005.79,0,0,87.00801170215,2.0221239873691337,2.7621090570396944,13.469471429526699,51,18,33,35.294117647058826,17213.29,8512.48,8700.810000000001,1034.45,0,0,0.26102403510645,0.25,-0.0,0.04047619047619048,0.1,0.017861814614605034,-0.013710740058718727
1c_risk,111,0.6556513001385268,True,79,13,74.0,30.0,21,18,3.4000000000000004,18,39,1.5,4.0,2.5,0.029,0.6000000000000001,104.51407537859967,1.3572362922921006,1.5595111837125126,25.92195261255592,116,33,83,28.448275862068964,39707.78,29256.350000000002,10451.429999999997,3005.79,0,0,87.00801170215,2.0221239873691337,2.7621090570396944,13.469471429526699,51,18,33,35.294117647058826,17213.29,8512.48,8700.810000000001,1034.45,0,0,0.26102403510645,0.25,-0.0,0.04047619047619048,0.1,0.017861814614605034,-0.013710740058718727
1c_risk,112,0.6556513001385268,True,79,13,74.0,30.0,21,18,3.4000000000000004,18,39,1.5,4.0,2.5,0.029,0.6000000000000001,104.51407537859967,1.3572362922921006,1.5595111837125126,25.92195261255592,116,33,83,28.448275862068964,39707.78,29256.350000000002,10451.429999999997,3005.79,0,0,87.00801170215,2.0221239873691337,2.7621090570396944,13.469471429526699,51,18,33,35.294117647058826,17213.29,8512.48,8700.810000000001,1034.45,0,0,0.26102403510645,0.25,-0.0,0.04047619047619048,0.1,0.017861814614605034,-0.013710740058718727
1c_risk,113,0.6556513001385268,True,79,13,74.0,30.0,21,18,3.4000000000000004,18,39,1.5,4.0,2.5,0.029,0.6000000000000001,104.51407537859967,1.3572362922921006,1.5595111837125126,25.92195261255592,116,33,83,28.448275862068964,39707.78,29256.350000000002,10451.429999999997,3005.79,0,0,87.00801170215,2.0221239873691337,2.7621090570396944,13.469471429526699,51,18,33,35.294117647058826,17213.29,8512.48,8700.810000000001,1034.45,0,0,0.26102403510645,0.25,-0.0,0.04047619047619048,0.1,0.017861814614605034,-0.013710740058718727
1c_risk,114,0.6288694731507214,True,79,13,74.0,30.0,21,18,3.4000000000000004,18,39,1.5,4.0,2.5,0.027,0.55,94.9126543690496,1.3687970186289065,1.5589559625301472,24.064263286853127,116,33,83,28.448275862068964,35227.1,25735.81,9491.289999999997,2640.55,0,0,79.44820331580009,2.0403443873375453,2.765131167827137,12.464673752628544,51,18,33,35.294117647058826,15581.6,7636.75,7944.85,928.82,0,0,0.23834460994740023,0.25,-0.0,0.04047619047619048,0.09491265436904961,0.018439850931445324,-0.013303832573364227
1c_risk,115,0.645277301702784,True,79,13,74.0,30.0,21,18,3.4000000000000004,18,39,1.5,4.0,2.5,0.028,0.6000000000000001,103.32402676939965,1.3575765587835176,1.5636147294343348,25.842228174677533,116,33,83,28.448275862068964,39228.22,28895.769999999997,10332.450000000004,2979.3,0,0,84.10199328675007,2.000687730904461,2.7472110196554014,13.375929977318227,51,18,33,35.294117647058826,16814.68,8404.45,8410.23,1020.97,0,0,0.2523059798602502,0.25,-0.0,0.04047619047619048,0.1,0.01787882793917588,-0.015383696572832558
1c_risk,116,0.6659217780123764,True,79,13,74.0,30.0,21,18,3.4000000000000004,18,39,1.5,4.0,2.5,0.03,0.6000000000000001,105.96278874169984,1.3578314636337234,1.5581886439421055,26.001973460847793,116,33,83,28.448275862068964,40208.92,29612.6,10596.32,3033.09,0,0,89.94063670900003,2.0432357884456347,2.775766911792333,13.56311727131065,51,18,33,35.294117647058826,17615.410000000003,8621.33,8994.080000000004,1047.96,0,0,0.2698219101270001,0.25,-0.0,0.04047619047619048,0.1,0.01789157318168617,-0.012267895772500311
1c_risk,117,0.465985161804103,True,79,13,74.0,30.0,21,18,3.4000000000000004,18,39,1.5,4.0,2.5,0.014000000000000002,0.55,58.08460615474982,1.345578956574613,1.517616153249553,21.18894425895724,116,33,83,28.448275862068964,22616.370000000003,16807.91,5808.460000000003,1873.98,0,0,47.9430403608001,1.8826553061754259,2.7535402926305985,8.877116330781652,51,18,33,35.294117647058826,10226.0,5431.6900000000005,4794.3099999999995,708.92,0,0,0.14382912108240029,0.22066382654385647,-0.0,0.04047619047619048,0.05808460615474982,0.017278947828730653,-0.01434753028182471
1c_risk,118,0.6440186134427409,True,79,13,74.0,30.0,21,18,3.4000000000000004,18,39,1.5,4.0,3.0,0.03,0.6000000000000001,127.64049226534941,1.3431924900301566,1.6095956719191016,29.83917817655351,116,33,83,28.448275862068964,49956.229999999996,37192.16,12764.069999999992,3894.65,0,0,93.89040057715007,1.9212774350037674,2.699647652875762,15.482187422753736,51,18,33,35.294117647058826,19580.429999999997,10191.36,9389.069999999996,1239.43,0,0,0.2816712017314502,0.23031935875094184,-0.0027553567014499186,0.04047619047619048,0.1,0.01715962450150783,-0.022852405315899507
1c_risk,119,0.6659217780123764,True,79,13,74.0,30.0,21,18,3.4000000000000004,18,39,1.5,4.0,2.5,0.03,0.6000000000000001,105.96278874169984,1.3578314636337234,1.5581886439421055,26.001973460847793,116,33,83,28.448275862068964,40208.92,29612.6,10596.32,3033.09,0,0,89.94063670900003,2.0432357884456347,2.775766911792333,13.56311727131065,51,18,33,35.294117647058826,17615.410000000003,8621.33,8994.080000000004,1047.96,0,0,0.2698219101270001,0.25,-0.0,0.04047619047619048,0.1,0.01789157318168617,-0.012267895772500311
1c_risk,120,0.6659217780123764,True,79,13,74.0,30.0,21,18,3.4000000000000004,18,39,1.5,4.0,2.5,0.03,0.6000000000000001,105.96278874169984,1.3578314636337234,1.5581886439421055,26.001973460847793,116,33,83,28.448275862068964,40208.92,29612.6,10596.32,3033.09,0,0,89.94063670900003,2.0432357884456347,2.775766911792333,13.56311727131065,51,18,33,35.294117647058826,17615.410000000003,8621.33,8994.080000000004,1047.96,0,0,0.2698219101270001,0.25,-0.0,0.04047619047619048,0.1,0.01789157318168617,-0.012267895772500311
1c_risk,121,0.6659217780123764,True,79,13,74.0,30.0,21,18,3.4000000000000004,18,39,1.5,4.0,2.5,0.03,0.6000000000000001,105.96278874169984,1.3578314636337234,1.5581886439421055,26.001973460847793,116,33,83,28.448275862068964,40208.92,29612.6,10596.32,3033.09,0,0,89.94063670900003,2.0432357884456347,2.775766911792333,13.56311727131065,51,18,33,35.294117647058826,17615.410000000003,8621.33,8994.080000000004,1047.96,0,0,0.2698219101270001,0.25,-0.0,0.04047619047619048,0.1,0.01789157318168617,-0.012267895772500311
1c_risk,122,0.6659217780123764,True,79,13,74.0,30.0,21,18,3.4000000000000004,18,39,1.5,4.0,2.5,0.03,0.6000000000000001,105.96278874169984,1.3578314636337234,1.5581886439421055,26.001973460847793,116,33,83,28.448275862068964,40208.92,29612.6,10596.32,3033.09,0,0,89.94063670900003,2.0432357884456347,2.775766911792333,13.56311727131065,51,18,33,35.294117647058826,17615.410000000003,8621.33,8994.080000000004,1047.96,0,0,0.2698219101270001,0.25,-0.0,0.04047619047619048,0.1,0.01789157318168617,-0.012267895772500311
1c_risk,123,0.6639530546547684,True,79,13,74.0,30.0,21,18,3.4000000000000004,18,39,1.5,4.0,2.5,0.03,0.65,113.27917702854953,1.3470759633679656,1.5654688032774733,27.659284323516047,116,33,83,28.448275862068964,43966.0,32638.1,11327.900000000001,3368.8,0,0,91.77247496510005,1.9861531534726184,2.7452236245951926,14.368878149892392,51,18,33,35.294117647058826,18483.32,9306.09,9177.23,1129.54,0,0,0.27531742489530014,0.2465382883681546,-0.0,0.04047619047619048,0.1,0.01735379816839828,-0.015732647253275146
1c_risk,124,0.6343797706733819,True,79,13,74.0,30.0,21,18,3.4000000000000004,18,39,1.5,4.0,3.0,0.03,0.65,136.71835920209926,1.3347211640346357,1.6277045498880258,31.969048669023437,116,33,83,28.448275862068964,54517.38,40845.520000000004,13671.859999999993,4323.33,0,0,96.56271747540006,1.8857215188944554,2.681040760692521,16.422905127769617,51,18,33,35.294117647058826,20558.399999999998,10902.14,9656.259999999998,1333.33,0,0,0.28968815242620016,0.22143037972361385,-0.008130886444397812,0.04047619047619048,0.1,0.016736058201731786,-0.0258201237099565
1c_risk,125,0.6639530546547684,True,79,13,74.0,30.0,21,18,3.4000000000000004,18,39,1.5,4.0,2.5,0.03,0.65,113.27917702854953,1.3470759633679656,1.5654688032774733,27.659284323516047,116,33,83,28.448275862068964,43966.0,32638.1,11327.900000000001,3368.8,0,0,91.77247496510005,1.9861531534726184,2.7452236245951926,14.368878149892392,51,18,33,35.294117647058826,18483.32,9306.09,9177.23,1129.54,0,0,0.27531742489530014,0.2465382883681546,-0.0,0.04047619047619048,0.1,0.01735379816839828,-0.015732647253275146
1c_risk,126,0.6639530546547684,True,79,13,74.0,30.0,21,18,3.4000000000000004,18,39,1.5,4.0,2.5,0.03,0.65,113.27917702854953,1.3470759633679656,1.5654688032774733,27.659284323516047,116,33,83,28.448275862068964,43966.0,32638.1,11327.900000000001,3368.8,0,0,91.77247496510005,1.9861531534726184,2.7452236245951926,14.368878149892392,51,18,33,35.294117647058826,18483.32,9306.09,9177.23,1129.54,0,0,0.27531742489530014,0.2465382883681546,-0.0,0.04047619047619048,0.1,0.01735379816839828,-0.015732647253275146
1c_risk,127,0.6639530546547684,True,79,13,74.0,30.0,21,18,3.4000000000000004,18,39,1.5,4.0,2.5,0.03,0.65,113.27917702854953,1.3470759633679656,1.5654688032774733,27.659284323516047,116,33,83,28.448275862068964,43966.0,32638.1,11327.900000000001,3368.8,0,0,91.77247496510005,1.9861531534726184,2.7452236245951926,14.368878149892392,51,18,33,35.294117647058826,18483.32,9306.09,9177.23,1129.54,0,0,0.27531742489530014,0.2465382883681546,-0.0,0.04047619047619048,0.1,0.01735379816839828,-0.015732647253275146
1c_risk,128,0.6639530546547684,True,79,13,74.0,30.0,21,18,3.4000000000000004,18,39,1.5,4.0,2.5,0.03,0.65,113.27917702854953,1.3470759633679656,1.5654688032774733,27.659284323516047,116,33,83,28.448275862068964,43966.0,32638.1,11327.900000000001,3368.8,0,0,91.77247496510005,1.9861531534726184,2.7452236245951926,14.368878149892392,51,18,33,35.294117647058826,18483.32,9306.09,9177.23,1129.54,0,0,0.27531742489530014,0.2465382883681546,-0.0,0.04047619047619048,0.1,0.01735379816839828,-0.015732647253275146
1c_risk,129,0.6639530546547684,True,79,13,74.0,30.0,21,18,3.4000000000000004,18,39,1.5,4.0,2.5,0.03,0.65,113.27917702854953,1.3470759633679656,1.5654688032774733,27.659284323516047,116,33,83,28.448275862068964,43966.0,32638.1,11327.900000000001,3368.8,0,0,91.77247496510005,1.9861531534726184,2.7452236245951926,14.368878149892392,51,18,33,35.294117647058826,18483.32,9306.09,9177.23,1129.54,0,0,0.27531742489530014,0.2465382883681546,-0.0,0.04047619047619048,0.1,0.01735379816839828,-0.015732647253275146
1c_risk,130,0.6343797706733819,True,79,13,74.0,30.0,21,18,3.4000000000000004,18,39,1.5,4.0,3.0,0.03,0.65,136.71835920209926,1.3347211640346357,1.6277045498880258,31.969048669023437,116,33,83,28.448275862068964,54517.38,40845.520000000004,13671.859999999993,4323.33,0,0,96.56271747540006,1.8857215188944554,2.681040760692521,16.422905127769617,51,18,33,35.294117647058826,20558.399999999998,10902.14,9656.259999999998,1333.33,0,0,0.28968815242620016,0.22143037972361385,-0.008130886444397812,0.04047619047619048,0.1,0.016736058201731786,-0.0258201237099565
1c_risk,131,0.6639530546547684,True,79,13,74.0,30.0,21,18,3.4000000000000004,18,39,1.5,4.0,2.5,0.03,0.65,113.27917702854953,1.3470759633679656,1.5654688032774733,27.659284323516047,116,33,83,28.448275862068964,43966.0,32638.1,11327.900000000001,3368.8,0,0,91.77247496510005,1.9861531534726184,2.7452236245951926,14.368878149892392,51,18,33,35.294117647058826,18483.32,9306.09,9177.23,1129.54,0,0,0.27531742489530014,0.2465382883681546,-0.0,0.04047619047619048,0.1,0.01735379816839828,-0.015732647253275146
1c_risk,132,0.6639530546547684,True,79,13,74.0,30.0,21,18,3.4000000000000004,18,39,1.5,4.0,2.5,0.03,0.65,113.27917702854953,1.3470759633679656,1.5654688032774733,27.659284323516047,116,33,83,28.448275862068964,43966.0,32638.1,11327.900000000001,3368.8,0,0,91.77247496510005,1.9861531534726184,2.7452236245951926,14.368878149892392,51,18,33,35.294117647058826,18483.32,9306.09,9177.23,1129.54,0,0,0.27531742489530014,0.2465382883681546,-0.0,0.04047619047619048,0.1,0.01735379816839828,-0.015732647253275146
1c_risk,133,0.6639530546547684,True,79,13,74.0,30.0,21,18,3.4000000000000004,18,39,1.5,4.0,2.5,0.03,0.65,113.27917702854953,1.3470759633679656,1.5654688032774733,27.659284323516047,116,33,83,28.448275862068964,43966.0,32638.1,11327.900000000001,3368.8,0,0,91.77247496510005,1.9861531534726184,2.7452236245951926,14.368878149892392,51,18,33,35.294117647058826,18483.32,9306.09,9177.23,1129.54,0,0,0.27531742489530014,0.2465382883681546,-0.0,0.04047619047619048,0.1,0.01735379816839828,-0.015732647253275146
1c_risk,134,0.6498893306078772,True,79,13,74.0,30.0,21,18,3.4000000000000004,18,39,1.5,4.0,2.5,0.03,0.7,123.51686600069951,1.3440940733887654,1.5970023491113554,29.242963899049062,116,33,83,28.448275862068964,48247.909999999996,35896.229999999996,12351.68,3743.35,0,0,93.23866738645003,1.9375698235544325,2.7108018749665614,15.165687520474558,51,18,33,35.294117647058826,19268.57,9944.71,9323.86,1208.19,0,0,0.2797160021593501,0.23439245588860813,-0.0009467858312831876,0.04047619047619048,0.1,0.01720470366943827,-0.020953235754426557
1c_risk,135,0.6639530546547684,True,79,13,74.0,30.0,21,18,3.4000000000000004,18,39,1.5,4.0,2.5,0.03,0.65,113.27917702854953,1.3470759633679656,1.5654688032774733,27.659284323516047,116,33,83,28.448275862068964,43966.0,32638.1,11327.900000000001,3368.8,0,0,91.77247496510005,1.9861531534726184,2.7452236245951926,14.368878149892392,51,18,33,35.294117647058826,18483.32,9306.09,9177.23,1129.54,0,0,0.27531742489530014,0.2465382883681546,-0.0,0.04047619047619048,0.1,0.01735379816839828,-0.015732647253275146
1c_risk,136,0.6639530546547684,True,79,13,74.0,30.0,21,18,3.4000000000000004,18,39,1.5,4.0,2.5,0.03,0.65,113.27917702854953,1.3470759633679656,1.5654688032774733,27.659284323516047,116,33,83,28.448275862068964,43966.0,32638.1,11327.900000000001,3368.8,0,0,91.77247496510005,1.9861531534726184,2.7452236245951926,14.368878149892392,51,18,33,35.294117647058826,18483.32,9306.09,9177.23,1129.54,0,0,0.27531742489530014,0.2465382883681546,-0.0,0.04047619047619048,0.1,0.01735379816839828,-0.015732647253275146
1c_risk,137,0.6639530546547684,True,79,13,74.0,30.0,21,18,3.4000000000000004,18,39,1.5,4.0,2.5,0.03,0.65,113.27917702854953,1.3470759633679656,1.5654688032774733,27.659284323516047,116,33,83,28.448275862068964,43966.0,32638.1,11327.900000000001,3368.8,0,0,91.77247496510005,1.9861531534726184,2.7452236245951926,14.368878149892392,51,18,33,35.294117647058826,18483.32,9306.09,9177.23,1129.54,0,0,0.27531742489530014,0.2465382883681546,-0.0,0.04047619047619048,0.1,0.01735379816839828,-0.015732647253275146
1c_risk,138,0.6217876049980896,True,79,13,74.0,30.0,21,18,3.4000000000000004,18,39,1.5,4.0,2.5,0.028,0.7,121.58554014664955,1.3491133044247778,1.618467207621575,29.02376575207174,116,33,83,28.448275862068964,46985.65,34827.06,12158.590000000004,3667.04,0,0,87.29504776555001,1.906380305673229,2.6829094317451605,14.98200357082357,51,18,33,35.294117647058826,18360.73,9631.199999999999,8729.53,1174.24,0,0,0.26188514329665,0.22659507641830723,-0.0,0.04047619047619048,0.1,0.017455665221238894,-0.024624470414297044
1c_risk,139,0.6256842537107098,True,79,13,74.0,30.0,21,18,3.4000000000000004,18,39,1.5,4.0,3.0,0.029,0.65,134.3431920788494,1.3352926172325803,1.6327481988422103,32.00497844131806,116,33,83,28.448275862068964,53501.65,40067.36,13434.29,4260.07,0,0,94.14675010800009,1.8794115641524538,2.679363791918471,16.3057426255085,51,18,33,35.294117647058826,20120.36,10705.67,9414.69,1314.56,0,0,0.2824402503240003,0.21985289103811345,-0.007461386431477146,0.04047619047619048,0.1,0.016764630861629017,-0.026388322557746337
1c_risk,140,0.6639530546547684,True,79,13,74.0,30.0,21,18,3.4000000000000004,18,39,1.5,4.0,2.5,0.03,0.65,113.27917702854953,1.3470759633679656,1.5654688032774733,27.659284323516047,116,33,83,28.448275862068964,43966.0,32638.1,11327.900000000001,3368.8,0,0,91.77247496510005,1.9861531534726184,2.7452236245951926,14.368878149892392,51,18,33,35.294117647058826,18483.32,9306.09,9177.23,1129.54,0,0,0.27531742489530014,0.2465382883681546,-0.0,0.04047619047619048,0.1,0.01735379816839828,-0.015732647253275146
1c_risk,141,0.6639530546547684,True,79,13,74.0,30.0,21,18,3.4000000000000004,18,39,1.5,4.0,2.5,0.03,0.65,113.27917702854953,1.3470759633679656,1.5654688032774733,27.659284323516047,116,33,83,28.448275862068964,43966.0,32638.1,11327.900000000001,3368.8,0,0,91.77247496510005,1.9861531534726184,2.7452236245951926,14.368878149892392,51,18,33,35.294117647058826,18483.32,9306.09,9177.23,1129.54,0,0,0.27531742489530014,0.2465382883681546,-0.0,0.04047619047619048,0.1,0.01735379816839828,-0.015732647253275146
1c_risk,142,0.6639530546547684,True,79,13,74.0,30.0,21,18,3.4000000000000004,18,39,1.5,4.0,2.5,0.03,0.65,113.27917702854953,1.3470759633679656,1.5654688032774733,27.659284323516047,116,33,83,28.448275862068964,43966.0,32638.1,11327.900000000001,3368.8,0,0,91.77247496510005,1.9861531534726184,2.7452236245951926,14.368878149892392,51,18,33,35.294117647058826,18483.32,9306.09,9177.23,1129.54,0,0,0.27531742489530014,0.2465382883681546,-0.0,0.04047619047619048,0.1,0.01735379816839828,-0.015732647253275146
1c_risk,143,0.6482667413261457,True,79,13,74.0,30.0,21,18,3.4000000000000004,18,39,1.5,4.0,2.5,0.029,0.65,113.08384871449955,1.3500589708427102,1.5789471724024238,27.581357469755474,116,33,83,28.448275862068964,43612.439999999995,32304.100000000002,11308.339999999993,3349.19,0,0,88.8063973533501,1.9676240846127782,2.7306375984118993,14.275841321988041,51,18,33,35.294117647058826,18058.48,9177.81,8880.67,1114.55,0,0,0.2664191920600503,0.24190602115319454,-0.0,0.04047619047619048,0.1,0.01750294854213551,-0.018037610905425175
1c_risk,144,0.6498893306078772,True,79,13,74.0,30.0,21,18,3.4000000000000004,18,39,1.5,4.0,2.5,0.03,0.7,123.51686600069951,1.3440940733887654,1.5970023491113554,29.242963899049062,116,33,83,28.448275862068964,48247.909999999996,35896.229999999996,12351.68,3743.35,0,0,93.23866738645003,1.9375698235544325,2.7108018749665614,15.165687520474558,51,18,33,35.294117647058826,19268.57,9944.71,9323.86,1208.19,0,0,0.2797160021593501,0.23439245588860813,-0.0009467858312831876,0.04047619047619048,0.1,0.01720470366943827,-0.020953235754426557
1c_risk,145,0.631265643063903,True,79,13,74.0,30.0,21,18,3.4000000000000004,18,39,1.5,4.0,2.5,0.028,0.65,113.03983030314961,1.3540904309670272,1.5952352739066942,27.47787866791339,116,33,83,28.448275862068964,43228.009999999995,31924.02,11303.989999999994,3326.99,0,0,85.62064355700011,1.9477042072837998,2.7111083464897097,14.182748609546714,51,18,33,35.294117647058826,17596.67,9034.57,8562.099999999999,1098.22,0,0,0.2568619306710003,0.23692605182094995,-0.0,0.04047619047619048,0.1,0.01770452154835136,-0.02070305145258917
1c_risk,146,0.6659217780123764,True,79,13,74.0,30.0,21,18,3.4000000000000004,18,39,1.5,4.0,2.5,0.03,0.6000000000000001,105.96278874169984,1.3578314636337234,1.5581886439421055,26.001973460847793,116,33,83,28.448275862068964,40208.92,29612.6,10596.32,3033.09,0,0,89.94063670900003,2.0432357884456347,2.775766911792333,13.56311727131065,51,18,33,35.294117647058826,17615.410000000003,8621.33,8994.080000000004,1047.96,0,0,0.2698219101270001,0.25,-0.0,0.04047619047619048,0.1,0.01789157318168617,-0.012267895772500311
1c_risk,147,0.6556513001385268,True,79,13,74.0,30.0,21,18,3.4000000000000004,18,39,1.5,4.0,2.5,0.029,0.6000000000000001,104.51407537859967,1.3572362922921006,1.5595111837125126,25.92195261255592,116,33,83,28.448275862068964,39707.78,29256.350000000002,10451.429999999997,3005.79,0,0,87.00801170215,2.0221239873691337,2.7621090570396944,13.469471429526699,51,18,33,35.294117647058826,17213.29,8512.48,8700.810000000001,1034.45,0,0,0.26102403510645,0.25,-0.0,0.04047619047619048,0.1,0.017861814614605034,-0.013710740058718727
1c_risk,148,0.6556513001385268,True,79,13,74.0,30.0,21,18,3.4000000000000004,18,39,1.5,4.0,2.5,0.029,0.6000000000000001,104.51407537859967,1.3572362922921006,1.5595111837125126,25.92195261255592,116,33,83,28.448275862068964,39707.78,29256.350000000002,10451.429999999997,3005.79,0,0,87.00801170215,2.0221239873691337,2.7621090570396944,13.469471429526699,51,18,33,35.294117647058826,17213.29,8512.48,8700.810000000001,1034.45,0,0,0.26102403510645,0.25,-0.0,0.04047619047619048,0.1,0.017861814614605034,-0.013710740058718727
1c_risk,149,0.6440186134427409,True,79,13,74.0,30.0,21,18,3.4000000000000004,18,39,1.5,4.0,3.0,0.03,0.6000000000000001,127.64049226534941,1.3431924900301566,1.6095956719191016,29.83917817655351,116,33,83,28.448275862068964,49956.229999999996,37192.16,12764.069999999992,3894.65,0,0,93.89040057715007,1.9212774350037674,2.699647652875762,15.482187422753736,51,18,33,35.294117647058826,19580.429999999997,10191.36,9389.069999999996,1239.43,0,0,0.2816712017314502,0.23031935875094184,-0.0027553567014499186,0.04047619047619048,0.1,0.01715962450150783,-0.022852405315899507
1c_risk,150,0.6556513001385268,True,79,13,74.0,30.0,21,18,3.4000000000000004,18,39,1.5,4.0,2.5,0.029,0.6000000000000001,104.51407537859967,1.3572362922921006,1.5595111837125126,25.92195261255592,116,33,83,28.448275862068964,39707.78,29256.350000000002,10451.429999999997,3005.79,0,0,87.00801170215,2.0221239873691337,2.7621090570396944,13.469471429526699,51,18,33,35.294117647058826,17213.29,8512.48,8700.810000000001,1034.45,0,0,0.26102403510645,0.25,-0.0,0.04047619047619048,0.1,0.017861814614605034,-0.013710740058718727
1c_risk,151,0.6639530546547684,True,79,13,74.0,30.0,21,18,3.4000000000000004,18,39,1.5,4.0,2.5,0.03,0.65,113.27917702854953,1.3470759633679656,1.5654688032774733,27.659284323516047,116,33,83,28.448275862068964,43966.0,32638.1,11327.900000000001,3368.8,0,0,91.77247496510005,1.9861531534726184,2.7452236245951926,14.368878149892392,51,18,33,35.294117647058826,18483.32,9306.09,9177.23,1129.54,0,0,0.27531742489530014,0.2465382883681546,-0.0,0.04047619047619048,0.1,0.01735379816839828,-0.015732647253275146
1c_risk,152,0.6639530546547684,True,79,13,74.0,30.0,21,18,3.4000000000000004,18,39,1.5,4.0,2.5,0.03,0.65,113.27917702854953,1.3470759633679656,1.5654688032774733,27.659284323516047,116,33,83,28.448275862068964,43966.0,32638.1,11327.900000000001,3368.8,0,0,91.77247496510005,1.9861531534726184,2.7452236245951926,14.368878149892392,51,18,33,35.294117647058826,18483.32,9306.09,9177.23,1129.54,0,0,0.27531742489530014,0.2465382883681546,-0.0,0.04047619047619048,0.1,0.01735379816839828,-0.015732647253275146
1c_risk,153,0.6639530546547684,True,79,13,74.0,30.0,21,18,3.4000000000000004,18,39,1.5,4.0,2.5,0.03,0.65,113.27917702854953,1.3470759633679656,1.5654688032774733,27.659284323516047,116,33,83,28.448275862068964,43966.0,32638.1,11327.900000000001,3368.8,0,0,91.77247496510005,1.9861531534726184,2.7452236245951926,14.368878149892392,51,18,33,35.294117647058826,18483.32,9306.09,9177.23,1129.54,0,0,0.27531742489530014,0.2465382883681546,-0.0,0.04047619047619048,0.1,0.01735379816839828,-0.015732647253275146
1c_risk,154,0.6352401898599731,True,79,13,74.0,30.0,21,18,3.4000000000000004,18,39,1.5,4.0,2.5,0.029,0.7,123.20873711784957,1.347777389817907,1.6115779472815719,29.08948725818575,116,33,83,28.448275862068964,47748.37,35427.49,12320.880000000005,3713.11,0,0,90.20564138620004,1.9214961176087209,2.696362651820708,15.073383504285353,51,18,33,35.294117647058826,18809.66,9789.07,9020.59,1191.19,0,0,0.2706169241586001,0.2303740294021802,-0.0004193343102020159,0.04047619047619048,0.1,0.017388869490895353,-0.023196489357691013
1c_risk,155,0.645277301702784,True,79,13,74.0,30.0,21,18,3.4000000000000004,18,39,1.5,4.0,2.5,0.028,0.6000000000000001,103.32402676939965,1.3575765587835176,1.5636147294343348,25.842228174677533,116,33,83,28.448275862068964,39228.22,28895.769999999997,10332.450000000004,2979.3,0,0,84.10199328675007,2.000687730904461,2.7472110196554014,13.375929977318227,51,18,33,35.294117647058826,16814.68,8404.45,8410.23,1020.97,0,0,0.2523059798602502,0.25,-0.0,0.04047619047619048,0.1,0.01787882793917588,-0.015383696572832558
1c_risk,156,0.6482667413261457,True,79,13,74.0,30.0,21,18,3.4000000000000004,18,39,1.5,4.0,2.5,0.029,0.65,113.08384871449955,1.3500589708427102,1.5789471724024238,27.581357469755474,116,33,83,28.448275862068964,43612.439999999995,32304.100000000002,11308.339999999993,3349.19,0,0,88.8063973533501,1.9676240846127782,2.7306375984118993,14.275841321988041,51,18,33,35.294117647058826,18058.48,9177.81,8880.67,1114.55,0,0,0.2664191920600503,0.24190602115319454,-0.0,0.04047619047619048,0.1,0.01750294854213551,-0.018037610905425175
1c_risk,157,0.6659217780123764,True,79,13,74.0,30.0,21,18,3.4000000000000004,18,39,1.5,4.0,2.5,0.03,0.6000000000000001,105.96278874169984,1.3578314636337234,1.5581886439421055,26.001973460847793,116,33,83,28.448275862068964,40208.92,29612.6,10596.32,3033.09,0,0,89.94063670900003,2.0432357884456347,2.775766911792333,13.56311727131065,51,18,33,35.294117647058826,17615.410000000003,8621.33,8994.080000000004,1047.96,0,0,0.2698219101270001,0.25,-0.0,0.04047619047619048,0.1,0.01789157318168617,-0.012267895772500311
1c_risk,158,0.6659217780123764,True,79,13,74.0,30.0,21,18,3.4000000000000004,18,39,1.5,4.0,2.5,0.03,0.6000000000000001,105.96278874169984,1.3578314636337234,1.5581886439421055,26.001973460847793,116,33,83,28.448275862068964,40208.92,29612.6,10596.32,3033.09,0,0,89.94063670900003,2.0432357884456347,2.775766911792333,13.56311727131065,51,18,33,35.294117647058826,17615.410000000003,8621.33,8994.080000000004,1047.96,0,0,0.2698219101270001,0.25,-0.0,0.04047619047619048,0.1,0.01789157318168617,-0.012267895772500311
1c_risk,159,0.6404262341801679,True,79,13,74.0,30.0,21,18,3.4000000000000004,18,39,1.5,4.0,2.5,0.028,0.55,96.19224437894954,1.3692140047234098,1.5563167062729528,24.145294331355878,116,33,83,28.448275862068964,35672.42,26053.210000000006,9619.209999999992,2664.02,0,0,82.31837353800016,2.0640618799498984,2.781144114231024,12.544756889943024,51,18,33,35.294117647058826,15968.140000000001,7736.27,8231.87,941.42,0,0,0.24695512061400046,0.25,-0.0,0.04047619047619048,0.09619224437894955,0.018460700236170493,-0.011658021525143168
1c_risk,160,0.6303456814343134,True,79,13,74.0,30.0,21,18,3.4000000000000004,18,39,1.5,4.0,3.0,0.029,0.6000000000000001,126.15886031614936,1.3447781397038143,1.6169934117420186,29.74955485775272,116,33,83,28.448275862068964,49207.14,36591.270000000004,12615.869999999995,3848.88,0,0,90.89841765210011,1.9061472284388445,2.685726937842318,15.391007752588893,51,18,33,35.294117647058826,19121.23,10031.349999999999,9089.880000000001,1222.1299999999999,0,0,0.2726952529563003,0.22653680710971114,-0.0022343300147936724,0.04047619047619048,0.1,0.017238906985190715,-0.024367146078285645
1c_risk,161,0.6659217780123764,True,79,13,74.0,30.0,21,18,3.4000000000000004,18,39,1.5,4.0,2.5,0.03,0.6000000000000001,105.96278874169984,1.3578314636337234,1.5581886439421055,26.001973460847793,116,33,83,28.448275862068964,40208.92,29612.6,10596.32,3033.09,0,0,89.94063670900003,2.0432357884456347,2.775766911792333,13.56311727131065,51,18,33,35.294117647058826,17615.410000000003,8621.33,8994.080000000004,1047.96,0,0,0.2698219101270001,0.25,-0.0,0.04047619047619048,0.1,0.01789157318168617,-0.012267895772500311
1c_risk,162,0.6659217780123764,True,79,13,74.0,30.0,21,18,3.4000000000000004,18,39,1.5,4.0,2.5,0.03,0.6000000000000001,105.96278874169984,1.3578314636337234,1.5581886439421055,26.001973460847793,116,33,83,28.448275862068964,40208.92,29612.6,10596.32,3033.09,0,0,89.94063670900003,2.0432357884456347,2.775766911792333,13.56311727131065,51,18,33,35.294117647058826,17615.410000000003,8621.33,8994.080000000004,1047.96,0,0,0.2698219101270001,0.25,-0.0,0.04047619047619048,0.1,0.01789157318168617,-0.012267895772500311
1c_risk,163,0.6659217780123764,True,79,13,74.0,30.0,21,18,3.4000000000000004,18,39,1.5,4.0,2.5,0.03,0.6000000000000001,105.96278874169984,1.3578314636337234,1.5581886439421055,26.001973460847793,116,33,83,28.448275862068964,40208.92,29612.6,10596.32,3033.09,0,0,89.94063670900003,2.0432357884456347,2.775766911792333,13.56311727131065,51,18,33,35.294117647058826,17615.410000000003,8621.33,8994.080000000004,1047.96,0,0,0.2698219101270001,0.25,-0.0,0.04047619047619048,0.1,0.01789157318168617,-0.012267895772500311
1c_risk,164,0.6556513001385268,True,79,13,74.0,30.0,21,18,3.4000000000000004,18,39,1.5,4.0,2.5,0.029,0.6000000000000001,104.51407537859967,1.3572362922921006,1.5595111837125126,25.92195261255592,116,33,83,28.448275862068964,39707.78,29256.350000000002,10451.429999999997,3005.79,0,0,87.00801170215,2.0221239873691337,2.7621090570396944,13.469471429526699,51,18,33,35.294117647058826,17213.29,8512.48,8700.810000000001,1034.45,0,0,0.26102403510645,0.25,-0.0,0.04047619047619048,0.1,0.017861814614605034,-0.013710740058718727
1c_risk,165,0.6659217780123764,True,79,13,74.0,30.0,21,18,3.4000000000000004,18,39,1.5,4.0,2.5,0.03,0.6000000000000001,105.96278874169984,1.3578314636337234,1.5581886439421055,26.001973460847793,116,33,83,28.448275862068964,40208.92,29612.6,10596.32,3033.09,0,0,89.94063670900003,2.0432357884456347,2.775766911792333,13.56311727131065,51,18,33,35.294117647058826,17615.410000000003,8621.33,8994.080000000004,1047.96,0,0,0.2698219101270001,0.25,-0.0,0.04047619047619048,0.1,0.01789157318168617,-0.012267895772500311
1c_risk,166,0.6636787810163636,True,79,13,74.0,30.0,21,18,3.4000000000000004,18,39,1.5,4.0,2.5,0.03,0.55,97.05948068649953,1.3661697758653146,1.5389022025553833,24.30863244683192,116,33,83,28.448275862068964,36212.83,26506.83,9706.0,2690.34,0,0,88.30601144305008,2.114711406888264,2.8299918791478595,12.545014746498968,51,18,33,35.294117647058826,16752.49,7921.88,8830.61,966.33,0,0,0.26491803432915023,0.25,-0.0,0.04047619047619048,0.09705948068649953,0.018308488793265732,-0.0070834132687424
1c_risk,167,0.6556513001385268,True,79,13,74.0,30.0,21,18,3.4000000000000004,18,39,1.5,4.0,2.5,0.029,0.6000000000000001,104.51407537859967,1.3572362922921006,1.5595111837125126,25.92195261255592,116,33,83,28.448275862068964,39707.78,29256.350000000002,10451.429999999997,3005.79,0,0,87.00801170215,2.0221239873691337,2.7621090570396944,13.469471429526699,51,18,33,35.294117647058826,17213.29,8512.48,8700.810000000001,1034.45,0,0,0.26102403510645,0.25,-0.0,0.04047619047619048,0.1,0.017861814614605034,-0.013710740058718727
1c_risk,168,0.6556513001385268,True,79,13,74.0,30.0,21,18,3.4000000000000004,18,39,1.5,4.0,2.5,0.029,0.6000000000000001,104.51407537859967,1.3572362922921006,1.5595111837125126,25.92195261255592,116,33,83,28.448275862068964,39707.78,29256.350000000002,10451.429999999997,3005.79,0,0,87.00801170215,2.0221239873691337,2.7621090570396944,13.469471429526699,51,18,33,35.294117647058826,17213.29,8512.48,8700.810000000001,1034.45,0,0,0.26102403510645,0.25,-0.0,0.04047619047619048,0.1,0.017861814614605034,-0.013710740058718727
1c_risk,169,0.6397122662879648,True,79,13,74.0,30.0,21,18,3.4000000000000004,18,39,1.5,4.0,2.0,0.03,0.6000000000000001,84.73996074899965,1.3817520158683605,1.5132435103348314,22.322260990897657,116,33,83,28.448275862068964,30671.62,22197.630000000005,8473.989999999994,2225.6,0,0,82.47891255205006,2.21225113098895,2.9323100067860732,11.046315754174215,51,18,33,35.294117647058826,15051.669999999998,6803.78,8247.89,835.96,0,0,0.24743673765615018,0.25,-0.0,0.04047619047619048,0.08473996074899966,0.019087600793418025,-0.00202822338679344
1c_risk,170,0.6636787810163636,True,79,13,74.0,30.0,21,18,3.4000000000000004,18,39,1.5,4.0,2.5,0.03,0.55,97.05948068649953,1.3661697758653146,1.5389022025553833,24.30863244683192,116,33,83,28.448275862068964,36212.83,26506.83,9706.0,2690.34,0,0,88.30601144305008,2.114711406888264,2.8299918791478595,12.545014746498968,51,18,33,35.294117647058826,16752.49,7921.88,8830.61,966.33,0,0,0.26491803432915023,0.25,-0.0,0.04047619047619048,0.09705948068649953,0.018308488793265732,-0.0070834132687424
1c_risk,171,0.6659217780123764,True,79,13,74.0,30.0,21,18,3.4000000000000004,18,39,1.5,4.0,2.5,0.03,0.6000000000000001,105.96278874169984,1.3578314636337234,1.5581886439421055,26.001973460847793,116,33,83,28.448275862068964,40208.92,29612.6,10596.32,3033.09,0,0,89.94063670900003,2.0432357884456347,2.775766911792333,13.56311727131065,51,18,33,35.294117647058826,17615.410000000003,8621.33,8994.080000000004,1047.96,0,0,0.2698219101270001,0.25,-0.0,0.04047619047619048,0.1,0.01789157318168617,-0.012267895772500311
1c_risk,172,0.6659217780123764,True,79,13,74.0,30.0,21,18,3.4000000000000004,18,39,1.5,4.0,2.5,0.03,0.6000000000000001,105.96278874169984,1.3578314636337234,1.5581886439421055,26.001973460847793,116,33,83,28.448275862068964,40208.92,29612.6,10596.32,3033.09,0,0,89.94063670900003,2.0432357884456347,2.775766911792333,13.56311727131065,51,18,33,35.294117647058826,17615.410000000003,8621.33,8994.080000000004,1047.96,0,0,0.2698219101270001,0.25,-0.0,0.04047619047619048,0.1,0.01789157318168617,-0.012267895772500311
1c_risk,173,0.6556513001385268,True,79,13,74.0,30.0,21,18,3.4000000000000004,18,39,1.5,4.0,2.5,0.029,0.6000000000000001,104.51407537859967,1.3572362922921006,1.5595111837125126,25.92195261255592,116,33,83,28.448275862068964,39707.78,29256.350000000002,10451.429999999997,3005.79,0,0,87.00801170215,2.0221239873691337,2.7621090570396944,13.469471429526699,51,18,33,35.294117647058826,17213.29,8512.48,8700.810000000001,1034.45,0,0,0.26102403510645,0.25,-0.0,0.04047619047619048,0.1,0.017861814614605034,-0.013710740058718727
1c_risk,174,0.6659217780123764,True,79,13,74.0,30.0,21,18,3.4000000000000004,18,39,1.5,4.0,2.5,0.03,0.6000000000000001,105.96278874169984,1.3578314636337234,1.5581886439421055,26.001973460847793,116,33,83,28.448275862068964,40208.92,29612.6,10596.32,3033.09,0,0,89.94063670900003,2.0432357884456347,2.775766911792333,13.56311727131065,51,18,33,35.294117647058826,17615.410000000003,8621.33,8994.080000000004,1047.96,0,0,0.2698219101270001,0.25,-0.0,0.04047619047619048,0.1,0.01789157318168617,-0.012267895772500311
1c_risk,175,0.6659217780123764,True,79,13,74.0,30.0,21,18,3.4000000000000004,18,39,1.5,4.0,2.5,0.03,0.6000000000000001,105.96278874169984,1.3578314636337234,1.5581886439421055,26.001973460847793,116,33,83,28.448275862068964,40208.92,29612.6,10596.32,3033.09,0,0,89.94063670900003,2.0432357884456347,2.775766911792333,13.56311727131065,51,18,33,35.294117647058826,17615.410000000003,8621.33,8994.080000000004,1047.96,0,0,0.2698219101270001,0.25,-0.0,0.04047619047619048,0.1,0.01789157318168617,-0.012267895772500311
1c_risk,176,0.6556513001385268,True,79,13,74.0,30.0,21,18,3.4000000000000004,18,39,1.5,4.0,2.5,0.029,0.6000000000000001,104.51407537859967,1.3572362922921006,1.5595111837125126,25.92195261255592,116,33,83,28.448275862068964,39707.78,29256.350000000002,10451.429999999997,3005.79,0,0,87.00801170215,2.0221239873691337,2.7621090570396944,13.469471429526699,51,18,33,35.294117647058826,17213.29,8512.48,8700.810000000001,1034.45,0,0,0.26102403510645,0.25,-0.0,0.04047619047619048,0.1,0.017861814614605034,-0.013710740058718727
1c_risk,177,0.6367476702856227,True,79,13,74.0,30.0,21,18,3.4000000000000004,18,39,1.5,4.0,4.0,0.03,0.6000000000000001,143.71565917169943,1.2925420067572329,1.5875724829740365,37.08359383488515,116,33,83,28.448275862068964,63498.22,49126.619999999995,14371.600000000006,5329.84,0,0,111.17797668935019,1.8589172092620807,2.764029824773683,17.438996489718704,51,18,33,35.294117647058826,24061.750000000004,12943.960000000001,11117.790000000003,1632.08,0,0,0.3,0.21472930231552018,-0.013937122798392597,0.04047619047619048,0.1,0.014627100337861644,-0.019147800045556964
1c_risk,178,0.6659217780123764,True,79,13,74.0,30.0,21,18,3.4000000000000004,18,39,1.5,4.0,2.5,0.03,0.6000000000000001,105.96278874169984,1.3578314636337234,1.5581886439421055,26.001973460847793,116,33,83,28.448275862068964,40208.92,29612.6,10596.32,3033.09,0,0,89.94063670900003,2.0432357884456347,2.775766911792333,13.56311727131065,51,18,33,35.294117647058826,17615.410000000003,8621.33,8994.080000000004,1047.96,0,0,0.2698219101270001,0.25,-0.0,0.04047619047619048,0.1,0.01789157318168617,-0.012267895772500311
1c_risk,179,0.6556513001385268,True,79,13,74.0,30.0,21,18,3.4000000000000004,18,39,1.5,4.0,2.5,0.029,0.6000000000000001,104.51407537859967,1.3572362922921006,1.5595111837125126,25.92195261255592,116,33,83,28.448275862068964,39707.78,29256.350000000002,10451.429999999997,3005.79,0,0,87.00801170215,2.0221239873691337,2.7621090570396944,13.469471429526699,51,18,33,35.294117647058826,17213.29,8512.48,8700.810000000001,1034.45,0,0,0.26102403510645,0.25,-0.0,0.04047619047619048,0.1,0.017861814614605034,-0.013710740058718727
1c_risk,180,0.645277301702784,True,79,13,74.0,30.0,21,18,3.4000000000000004,18,39,1.5,4.0,2.5,0.028,0.6000000000000001,103.32402676939965,1.3575765587835176,1.5636147294343348,25.842228174677533,116,33,83,28.448275862068964,39228.22,28895.769999999997,10332.450000000004,2979.3,0,0,84.10199328675007,2.000687730904461,2.7472110196554014,13.375929977318227,51,18,33,35.294117647058826,16814.68,8404.45,8410.23,1020.97,0,0,0.2523059798602502,0.25,-0.0,0.04047619047619048,0.1,0.01787882793917588,-0.015383696572832558
1c_risk,181,0.6659217780123764,True,79,13,74.0,30.0,21,18,3.4000000000000004,18,39,1.5,4.0,2.5,0.03,0.6000000000000001,105.96278874169984,1.3578314636337234,1.5581886439421055,26.001973460847793,116,33,83,28.448275862068964,40208.92,29612.6,10596.32,3033.09,0,0,89.94063670900003,2.0432357884456347,2.775766911792333,13.56311727131065,51,18,33,35.294117647058826,17615.410000000003,8621.33,8994.080000000004,1047.96,0,0,0.2698219101270001,0.25,-0.0,0.04047619047619048,0.1,0.01789157318168617,-0.012267895772500311
1c_risk,182,0.6659217780123764,True,79,13,74.0,30.0,21,18,3.4000000000000004,18,39,1.5,4.0,2.5,0.03,0.6000000000000001,105.96278874169984,1.3578314636337234,1.5581886439421055,26.001973460847793,116,33,83,28.448275862068964,40208.92,29612.6,10596.32,3033.09,0,0,89.94063670900003,2.0432357884456347,2.775766911792333,13.56311727131065,51,18,33,35.294117647058826,17615.410000000003,8621.33,8994.080000000004,1047.96,0,0,0.2698219101270001,0.25,-0.0,0.04047619047619048,0.1,0.01789157318168617,-0.012267895772500311
1c_risk,183,0.6659217780123764,True,79,13,74.0,30.0,21,18,3.4000000000000004,18,39,1.5,4.0,2.5,0.03,0.6000000000000001,105.96278874169984,1.3578314636337234,1.5581886439421055,26.001973460847793,116,33,83,28.448275862068964,40208.92,29612.6,10596.32,3033.09,0,0,89.94063670900003,2.0432357884456347,2.775766911792333,13.56311727131065,51,18,33,35.294117647058826,17615.410000000003,8621.33,8994.080000000004,1047.96,0,0,0.2698219101270001,0.25,-0.0,0.04047619047619048,0.1,0.01789157318168617,-0.012267895772500311
1c_risk,184,0.6659217780123764,True,79,13,74.0,30.0,21,18,3.4000000000000004,18,39,1.5,4.0,2.5,0.03,0.6000000000000001,105.96278874169984,1.3578314636337234,1.5581886439421055,26.001973460847793,116,33,83,28.448275862068964,40208.92,29612.6,10596.32,3033.09,0,0,89.94063670900003,2.0432357884456347,2.775766911792333,13.56311727131065,51,18,33,35.294117647058826,17615.410000000003,8621.33,8994.080000000004,1047.96,0,0,0.2698219101270001,0.25,-0.0,0.04047619047619048,0.1,0.01789157318168617,-0.012267895772500311
1c_risk,185,0.6659217780123764,True,79,13,74.0,30.0,21,18,3.4000000000000004,18,39,1.5,4.0,2.5,0.03,0.6000000000000001,105.96278874169984,1.3578314636337234,1.5581886439421055,26.001973460847793,116,33,83,28.448275862068964,40208.92,29612.6,10596.32,3033.09,0,0,89.94063670900003,2.0432357884456347,2.775766911792333,13.56311727131065,51,18,33,35.294117647058826,17615.410000000003,8621.33,8994.080000000004,1047.96,0,0,0.2698219101270001,0.25,-0.0,0.04047619047619048,0.1,0.01789157318168617,-0.012267895772500311
1c_risk,186,0.6524620923014894,True,79,13,74.0,30.0,21,18,3.4000000000000004,18,39,1.5,4.0,2.5,0.029,0.55,96.90024262919945,1.3681182984623859,1.5494060508653023,24.226867596703723,116,33,83,28.448275862068964,36013.32,26323.25,9690.07,2681.64,0,0,85.38512332060012,2.0901910714171716,2.8069111678534067,12.544614526038378,51,18,33,35.294117647058826,16370.689999999999,7832.15,8538.539999999999,954.32,0,0,0.2561553699618003,0.25,-0.0,0.04047619047619048,0.09690024262919945,0.018405914923119295,-0.00947562568882014
1c_risk,187,0.6659217780123764,True,79,13,74.0,30.0,21,18,3.4000000000000004,18,39,1.5,4.0,2.5,0.03,0.6000000000000001,105.96278874169984,1.3578314636337234,1.5581886439421055,26.001973460847793,116,33,83,28.448275862068964,40208.92,29612.6,10596.32,3033.09,0,0,89.94063670900003,2.0432357884456347,2.775766911792333,13.56311727131065,51,18,33,35.294117647058826,17615.410000000003,8621.33,8994.080000000004,1047.96,0,0,0.2698219101270001,0.25,-0.0,0.04047619047619048,0.1,0.01789157318168617,-0.012267895772500311
1c_risk,188,0.6556513001385268,True,79,13,74.0,30.0,21,18,3.4000000000000004,18,39,1.5,4.0,2.5,0.029,0.6000000000000001,104.51407537859967,1.3572362922921006,1.5595111837125126,25.92195261255592,116,33,83,28.448275862068964,39707.78,29256.350000000002,10451.429999999997,3005.79,0,0,87.00801170215,2.0221239873691337,2.7621090570396944,13.469471429526699,51,18,33,35.294117647058826,17213.29,8512.48,8700.810000000001,1034.45,0,0,0.26102403510645,0.25,-0.0,0.04047619047619048,0.1,0.017861814614605034,-0.013710740058718727
1c_risk,189,0.6659217780123764,True,79,13,74.0,30.0,21,18,3.4000000000000004,18,39,1.5,4.0,2.5,0.03,0.6000000000000001,105.96278874169984,1.3578314636337234,1.5581886439421055,26.001973460847793,116,33,83,28.448275862068964,40208.92,29612.6,10596.32,3033.09,0,0,89.94063670900003,2.0432357884456347,2.775766911792333,13.56311727131065,51,18,33,35.294117647058826,17615.410000000003,8621.33,8994.080000000004,1047.96,0,0,0.2698219101270001,0.25,-0.0,0.04047619047619048,0.1,0.01789157318168617,-0.012267895772500311
1c_risk,190,0.6303456814343134,True,79,13,74.0,30.0,21,18,3.4000000000000004,18,39,1.5,4.0,3.0,0.029,0.6000000000000001,126.15886031614936,1.3447781397038143,1.6169934117420186,29.74955485775272,116,33,83,28.448275862068964,49207.14,36591.270000000004,12615.869999999995,3848.88,0,0,90.89841765210011,1.9061472284388445,2.685726937842318,15.391007752588893,51,18,33,35.294117647058826,19121.23,10031.349999999999,9089.880000000001,1222.1299999999999,0,0,0.2726952529563003,0.22653680710971114,-0.0022343300147936724,0.04047619047619048,0.1,0.017238906985190715,-0.024367146078285645
1c_risk,191,0.6659217780123764,True,79,13,74.0,30.0,21,18,3.4000000000000004,18,39,1.5,4.0,2.5,0.03,0.6000000000000001,105.96278874169984,1.3578314636337234,1.5581886439421055,26.001973460847793,116,33,83,28.448275862068964,40208.92,29612.6,10596.32,3033.09,0,0,89.94063670900003,2.0432357884456347,2.775766911792333,13.56311727131065,51,18,33,35.294117647058826,17615.410000000003,8621.33,8994.080000000004,1047.96,0,0,0.2698219101270001,0.25,-0.0,0.04047619047619048,0.1,0.01789157318168617,-0.012267895772500311
1c_risk,192,0.6659217780123764,True,79,13,74.0,30.0,21,18,3.4000000000000004,18,39,1.5,4.0,2.5,0.03,0.6000000000000001,105.96278874169984,1.3578314636337234,1.5581886439421055,26.001973460847793,116,33,83,28.448275862068964,40208.92,29612.6,10596.32,3033.09,0,0,89.94063670900003,2.0432357884456347,2.775766911792333,13.56311727131065,51,18,33,35.294117647058826,17615.410000000003,8621.33,8994.080000000004,1047.96,0,0,0.2698219101270001,0.25,-0.0,0.04047619047619048,0.1,0.01789157318168617,-0.012267895772500311
1c_risk,193,0.6659217780123764,True,79,13,74.0,30.0,21,18,3.4000000000000004,18,39,1.5,4.0,2.5,0.03,0.6000000000000001,105.96278874169984,1.3578314636337234,1.5581886439421055,26.001973460847793,116,33,83,28.448275862068964,40208.92,29612.6,10596.32,3033.09,0,0,89.94063670900003,2.0432357884456347,2.775766911792333,13.56311727131065,51,18,33,35.294117647058826,17615.410000000003,8621.33,8994.080000000004,1047.96,0,0,0.2698219101270001,0.25,-0.0,0.04047619047619048,0.1,0.01789157318168617,-0.012267895772500311
1c_risk,194,0.6659217780123764,True,79,13,74.0,30.0,21,18,3.4000000000000004,18,39,1.5,4.0,2.5,0.03,0.6000000000000001,105.96278874169984,1.3578314636337234,1.5581886439421055,26.001973460847793,116,33,83,28.448275862068964,40208.92,29612.6,10596.32,3033.09,0,0,89.94063670900003,2.0432357884456347,2.775766911792333,13.56311727131065,51,18,33,35.294117647058826,17615.410000000003,8621.33,8994.080000000004,1047.96,0,0,0.2698219101270001,0.25,-0.0,0.04047619047619048,0.1,0.01789157318168617,-0.012267895772500311
1c_risk,195,0.6556513001385268,True,79,13,74.0,30.0,21,18,3.4000000000000004,18,39,1.5,4.0,2.5,0.029,0.6000000000000001,104.51407537859967,1.3572362922921006,1.5595111837125126,25.92195261255592,116,33,83,28.448275862068964,39707.78,29256.350000000002,10451.429999999997,3005.79,0,0,87.00801170215,2.0221239873691337,2.7621090570396944,13.469471429526699,51,18,33,35.294117647058826,17213.29,8512.48,8700.810000000001,1034.45,0,0,0.26102403510645,0.25,-0.0,0.04047619047619048,0.1,0.017861814614605034,-0.013710740058718727
1c_risk,196,0.6659217780123764,True,79,13,74.0,30.0,21,18,3.4000000000000004,18,39,1.5,4.0,2.5,0.03,0.6000000000000001,105.96278874169984,1.3578314636337234,1.5581886439421055,26.001973460847793,116,33,83,28.448275862068964,40208.92,29612.6,10596.32,3033.09,0,0,89.94063670900003,2.0432357884456347,2.775766911792333,13.56311727131065,51,18,33,35.294117647058826,17615.410000000003,8621.33,8994.080000000004,1047.96,0,0,0.2698219101270001,0.25,-0.0,0.04047619047619048,0.1,0.01789157318168617,-0.012267895772500311
1c_risk,197,0.6524620923014894,True,79,13,74.0,30.0,21,18,3.4000000000000004,18,39,1.5,4.0,2.5,0.029,0.55,96.90024262919945,1.3681182984623859,1.5494060508653023,24.226867596703723,116,33,83,28.448275862068964,36013.32,26323.25,9690.07,2681.64,0,0,85.38512332060012,2.0901910714171716,2.8069111678534067,12.544614526038378,51,18,33,35.294117647058826,16370.689999999999,7832.15,8538.539999999999,954.32,0,0,0.2561553699618003,0.25,-0.0,0.04047619047619048,0.09690024262919945,0.018405914923119295,-0.00947562568882014
1c_risk,198,0.6659217780123764,True,79,13,74.0,30.0,21,18,3.4000000000000004,18,39,1.5,4.0,2.5,0.03,0.6000000000000001,105.96278874169984,1.3578314636337234,1.5581886439421055,26.001973460847793,116,33,83,28.448275862068964,40208.92,29612.6,10596.32,3033.09,0,0,89.94063670900003,2.0432357884456347,2.775766911792333,13.56311727131065,51,18,33,35.294117647058826,17615.410000000003,8621.33,8994.080000000004,1047.96,0,0,0.2698219101270001,0.25,-0.0,0.04047619047619048,0.1,0.01789157318168617,-0.012267895772500311
1c_risk,199,0.6556513001385268,True,79,13,74.0,30.0,21,18,3.4000000000000004,18,39,1.5,4.0,2.5,0.029,0.6000000000000001,104.51407537859967,1.3572362922921006,1.5595111837125126,25.92195261255592,116,33,83,28.448275862068964,39707.78,29256.350000000002,10451.429999999997,3005.79,0,0,87.00801170215,2.0221239873691337,2.7621090570396944,13.469471429526699,51,18,33,35.294117647058826,17213.29,8512.48,8700.810000000001,1034.45,0,0,0.26102403510645,0.25,-0.0,0.04047619047619048,0.1,0.017861814614605034,-0.013710740058718727
