stage,trial,score,gated,ema_period,rsi_period,rsi_overbought,rsi_oversold,atr_period,consolidation_candles,consolidation_atr_mult,swing_lookback,volume_sma_period,volume_mult,risk_reward_ratio,leverage,risk_per_trade_pct,max_position_allocation_pct,tr_return_pct,tr_pf,tr_sharpe,tr_max_dd,tr_trades,tr_wins,tr_losses,tr_win_rate,tr_gross_profit,tr_gross_loss,tr_net_pnl,tr_fees,tr_blocked,tr_head_dropped,va_return_pct,va_pf,va_sharpe,va_max_dd,va_trades,va_wins,va_losses,va_win_rate,va_gross_profit,va_gross_loss,va_net_pnl,va_fees,va_blocked,va_head_dropped,c_va_ret,c_va_pf,c_va_dd,c_va_sample,c_tr_ret,c_tr_pf,c_consistency,c_gate_shortfall
1b_narrow,0,0.15433810339976245,True,116,21,73.0,25.0,8,5,3.4,16,39,1.2000000000000002,2.5,1.0,0.015,0.5,6.065224409499915,1.059268322955871,0.384339211019897,9.471413851996667,245,79,166,32.244897959183675,10838.55,10232.110000000002,606.4399999999969,1270.18,0,6,15.0907159924999,1.3862784095999425,1.5886683930175538,9.146789810476857,85,30,55,35.294117647058826,5415.759999999999,3906.69,1509.0699999999993,449.11,0,2,0.0452721479774997,0.09656960239998563,-0.0,0.06746031746031747,0.006065224409499915,0.0029634161477935517,-0.06399260499533382,
1b_narrow,1,0.02504134518648561,True,129,20,66.0,21.0,8,6,3.7,12,35,1.1,2.5,1.0,0.015,0.5,1.1388262359998407,1.0111034951439273,0.127390677215731,14.5474062452673,242,76,166,31.40495867768595,10370.11,10256.23,113.88000000000102,1265.15,0,2,3.887588177999951,1.1050150727706887,0.5226237060609662,13.318305310730526,85,27,58,31.764705882352942,4090.8100000000004,3702.04,388.77000000000044,420.41,0,4,0.011662764533999852,0.026253768192672167,-0.0,0.06746031746031747,0.0011388262359998409,0.000555174757196364,-0.08202950599370008,
1b_narrow,2,-1.0079042192058336,False,114,18,69.0,27.0,8,7,3.8,8,39,0.6,2.5,1.0,0.015,0.5,-4.742531523500183,0.9613768197389446,-0.16745350004908552,18.690787300134843,348,107,241,30.74712643678161,11803.65,12277.86,-474.21000000000095,1696.0,0,7,3.791428357999921,1.0780022920065757,0.4981165659825981,12.379637967105484,126,41,85,32.53968253968254,5239.49,4860.37,379.1199999999999,638.9300000000001,0,1,,,,,,,,0.04742531523500183
1b_narrow,3,0.09864446166162284,True,128,21,75.0,22.0,7,8,3.7,9,38,0.5,3.1,1.0,0.015,0.5,8.275839993999908,1.0777223631069783,0.4632180330506002,15.325788981550165,244,69,175,28.278688524590162,11474.51,10647.000000000002,827.5099999999984,1347.45,0,1,4.672433987999957,1.098106076512829,0.5744360142134907,13.001161149224266,113,33,80,29.20353982300885,5229.839999999999,4762.599999999999,467.2399999999998,567.24,0,6,0.01401730196399987,0.024526519128207247,-0.0,0.0896825396825397,0.008275839993999909,0.003886118155348917,-0.041743857262472796,
1b_narrow,4,0.056839838369859584,True,113,19,67.0,24.0,10,5,4.0,15,44,1.3,2.9,1.0,0.015,0.5,2.349634098000024,1.0241895531534688,0.18887868499704508,10.597160340142768,220,66,154,30.0,9944.010000000002,9709.15,234.8600000000024,1122.71,0,4,6.442122687499868,1.173842529501769,0.7324224085934818,9.054980758701175,76,23,53,30.263157894736842,4349.92,3705.71,644.21,385.81,0,2,0.019326368062499603,0.04346063237544223,-0.0,0.06031746031746032,0.0023496340980000245,0.0012094776576734413,-0.06982373414121604,
1b_narrow,5,0.14821860357146754,True,128,16,65.0,20.0,9,6,3.5,16,36,0.7,2.8,1.0,0.015,0.5,14.383240273499778,1.1297085165400003,0.7480842827466536,11.797278826961605,236,68,168,28.8135593220339,12527.880000000003,11089.48,1438.4000000000033,1365.6,0,1,9.343149137999845,1.2485468093653318,1.0980893699344834,11.672844756137831,87,31,56,35.632183908045974,4693.250000000001,3758.97,934.2800000000011,444.23,0,8,0.028029447413999535,0.06213670234133295,-0.0,0.06904761904761905,0.014383240273499779,0.006485425827000013,-0.03186383133198378,
1b_narrow,6,-1.0164447420850002,False,111,20,64.0,28.0,12,5,3.4,16,41,1.2000000000000002,3.0,1.0,0.015,0.5,-9.866845251000159,0.9007282217625421,-0.46738683061720726,19.88313326526476,221,56,165,25.339366515837103,8952.59,9939.28,-986.6900000000005,1117.02,0,4,6.503655676999916,1.1783052854957312,0.7517351500696259,10.46240420056866,80,24,56,30.0,4297.68,3647.34,650.3400000000001,400.39,0,2,,,,,,,,0.09866845251000159
1b_narrow,7,-1.0114465187650004,False,109,18,64.0,27.0,11,6,3.4,11,36,1.2000000000000002,2.9,1.0,0.015,0.5,-6.867911259000212,0.9290561617630654,-0.3186003171081117,14.162407167784263,240,65,175,27.083333333333332,8994.49,9681.32,-686.8299999999999,1191.4,0,5,4.606137523500001,1.1188929243493142,0.6103879818108854,11.935631530209292,94,28,66,29.78723404255319,4334.58,3873.9900000000002,460.5899999999997,476.31,0,1,,,,,,,,0.06867911259000212
1b_narrow,8,-1.005522404954802,False,127,18,64.0,26.0,12,7,3.9,12,38,0.9,2.5,1.0,0.015,0.5,4.3289011484997895,1.0420165130739827,0.29453153712134367,13.086757577203405,252,78,174,30.952380952380953,10735.000000000002,10302.140000000001,432.8600000000006,1366.09,0,3,0.5846846284998174,1.0152088487847475,0.1395484022432862,11.83840874047245,99,33,66,33.333333333333336,3906.28,3847.76,58.51999999999998,490.99,0,6,,,,,,,,0.03313442972881196
1b_narrow,9,0.10620756354316073,True,110,16,72.0,22.0,10,10,3.5,12,41,0.7,2.5,1.0,0.015,0.5,2.543413423499878,1.0293343973688187,0.20352485348525634,12.041104268621057,229,72,157,31.441048034934497,8925.76,8671.39,254.3700000000008,1172.92,0,5,3.6905274549999922,1.0749100239327205,0.5019693984806632,10.136983323130748,129,43,86,33.333333333333336,5295.34,4926.3099999999995,369.03000000000065,661.94,0,1,0.011071582364999976,0.018727505983180126,-0.0,0.1,0.0025434134234998784,0.0014667198684409355,-0.027601658096960198,
1b_narrow,10,-1.0640456488298258,False,119,21,77.0,24.0,13,10,3.6,14,33,1.4,2.7,1.0,0.015,0.5,-11.444130666000182,0.8529760535893921,-0.6550658160818598,18.401833233208002,184,47,137,25.543478260869566,6639.25,7783.63,-1144.38,897.01,0,4,-6.639020763500065,0.8363855023818502,-0.7763519745205554,12.99682431181255,87,25,62,28.735632183908045,3393.86,4057.77,-663.9099999999999,406.95,0,0,,,,,,,,0.38427389297895476
1b_narrow,11,0.10305608792912171,True,121,16,71.0,20.0,9,4,3.5,17,32,0.9,2.7,1.0,0.015,0.5,3.5133039449997523,1.031116440454915,0.24272418799577045,14.12194610993076,247,72,175,29.149797570850204,11643.14,11291.78,351.35999999999876,1305.68,0,4,12.280441616999834,1.307802399697218,1.2775139772243516,10.628361896943604,85,29,56,34.11764705882353,5217.7,3989.67,1228.0299999999997,432.99,0,4,0.0368413248509995,0.07695059992430447,-0.0,0.06746031746031747,0.0035133039449997527,0.0015558220227457455,-0.08326528027424523,
1b_narrow,12,0.13581246994350435,True,123,17,73.0,24.0,7,4,3.5,17,35,0.9,2.7,1.0,0.015,0.5,5.858005275499744,1.0621289315881648,0.3663876358332584,12.081610111237042,197,62,135,31.472081218274113,10012.87,9427.170000000002,585.6999999999989,1060.51,0,4,11.781065099999797,1.3071770684229325,1.2449598650408737,10.628361896943604,82,28,54,34.146341463414636,5013.5599999999995,3835.41,1178.1499999999996,417.25,0,7,0.03534319529999939,0.07679426710573312,-0.0,0.06507936507936508,0.005858005275499744,0.00310644657940824,-0.05036880939650123,
1b_narrow,13,-1.0006731405325002,False,117,17,69.0,25.0,9,8,3.4,14,40,0.7,2.8,1.0,0.015,0.5,-0.4038843195001027,0.9956235282410067,0.046075716266078016,17.60131188436653,216,66,150,30.555555555555557,9204.43,9244.89,-40.45999999999913,1129.05,0,7,7.72796104449988,1.165538839870016,0.9088889968537073,10.588957259505554,104,32,72,30.76923076923077,5441.05,4668.27,772.7799999999997,532.89,0,1,,,,,,,,0.004038843195001027
1b_narrow,14,0.10737926215278257,True,124,20,77.0,20.0,9,5,3.6,15,44,1.0,2.6,1.0,0.015,0.5,6.943705428999783,1.0636941740269557,0.4072423160191528,12.234451352612924,240,76,164,31.666666666666668,11595.16,10900.84,694.3199999999997,1271.36,0,4,5.226623845999985,1.1283967357927889,0.6391886813005014,14.295465105563828,89,29,60,32.58426966292135,4593.500000000001,4070.82,522.6800000000007,430.93,0,8,0.015679871537999955,0.03209918394819722,-0.0,0.07063492063492065,0.006943705428999783,0.003184708701347783,-0.02116312809868282,
1b_narrow,15,0.10169774258527677,True,117,19,74.0,22.0,8,6,3.6,16,37,1.4,2.8,1.0,0.015,0.5,4.1718373504998265,1.0505997729015226,0.28605656202838264,8.08768409341289,184,54,130,29.347826086956523,8660.219999999998,8243.119999999999,417.09999999999854,950.32,0,4,4.022047872499879,1.1141160481987873,0.503575299799611,10.420789613620741,72,22,50,30.555555555555557,3926.78,3524.57,402.21000000000004,350.02,0,1,0.012066143617499638,0.028529012049696822,-0.0,0.05714285714285714,0.004171837350499827,0.0025299886450761313,-0.002742096220352794,
1b_narrow,16,-1.0052408044108336,False,125,17,69.0,23.0,10,7,3.5,14,34,0.8,2.6,1.0,0.015,0.5,-3.1444826465001463,0.9658457438316753,-0.10592253403784743,18.511172041213328,213,64,149,30.046948356807512,8893.439999999999,9207.93,-314.4900000000016,1109.17,0,3,7.413654234499864,1.1775924346801312,0.8742901590921458,11.470071497148258,95,32,63,33.68421052631579,4916.26,4174.840000000001,741.4199999999992,479.78000000000003,0,6,,,,,,,,0.03144482646500146
1b_narrow,17,0.09595945577125925,True,121,19,67.0,26.0,7,4,3.4,16,42,0.5,3.1,1.0,0.015,0.5,3.9761144154998873,1.0418783663540971,0.26629085641069344,17.33545737446464,194,54,140,27.835051546391753,9894.25,9496.55,397.7000000000007,1053.43,0,5,7.285692598999885,1.1786138914833584,0.7799233325796234,9.772282805062597,85,25,60,29.41176470588235,4807.79,4079.1899999999996,728.6000000000004,431.3,0,4,0.021857077796999653,0.044653472870839594,-0.0,0.06746031746031747,0.003976114415499887,0.002093918317704857,-0.044081445090102214,
1b_narrow,18,-1.0096049832408336,False,115,16,71.0,21.0,8,8,3.7,17,36,1.1,2.9,1.0,0.015,0.5,-5.762989944500187,0.9414781162354767,-0.22787217823660097,13.419905857032651,222,62,160,27.92792792792793,9271.62,9847.94,-576.3199999999997,1078.44,0,6,7.4780219819999365,1.181101542217228,0.8277005132719629,9.2839621885644,83,25,58,30.120481927710845,4876.91,4129.12,747.79,420.71,0,1,,,,,,,,0.05762989944500187
1b_narrow,19,-1.007718994926667,False,108,21,75.0,28.0,9,5,3.5,15,39,0.8,2.6,1.0,0.015,0.5,-4.63139695600019,0.9618033219522658,-0.14849091438167494,16.917239419285828,290,87,203,30.0,11662.250000000002,12125.399999999998,-463.149999999996,1445.41,0,5,4.97064698250002,1.0999599830279778,0.5914275378271133,12.036310335467903,108,34,74,31.48148148148148,5469.9800000000005,4972.889999999999,497.09000000000106,534.32,0,2,,,,,,,,0.046313969560001896
1b_narrow,20,-1.0148011099543772,False,120,17,63.0,23.0,11,9,3.6,13,37,1.1,2.8,1.0,0.015,0.5,8.784600043999834,1.109096441278929,0.5558439250209725,8.50925612993785,221,67,154,30.316742081447963,8930.5,8052.049999999999,878.4500000000007,1157.16,0,4,-1.1782322300001398,0.9691244457024247,-0.10061194662384758,10.587041302396852,90,26,64,28.88888888888889,3697.8300000000004,3815.6400000000003,-117.80999999999995,448.85,0,1,,,,,,,,0.0888066597262636
1b_narrow,21,0.15023678607593924,True,125,16,73.0,25.0,7,4,3.5,17,34,0.7,2.7,1.0,0.015,0.5,6.42900543949976,1.062631885571548,0.3933505100342475,13.00988011660171,214,65,149,30.373831775700936,10907.47,10264.58,642.8899999999994,1182.27,0,3,13.462272751999881,1.3529913050774574,1.3859337398689173,9.862956989239946,82,29,53,35.36585365853659,5159.93,3813.72,1346.2100000000005,423.4,0,9,0.04038681825599964,0.08824782626936434,-0.0,0.06507936507936508,0.006429005439499761,0.0031315942785773987,-0.05303782324686699,
1b_narrow,22,0.09664144894054554,True,126,16,71.0,25.0,7,4,3.4,16,33,0.6,2.7,1.0,0.015,0.5,8.396223523999815,1.083074989733872,0.4886557690689529,14.261594866791539,218,66,152,30.275229357798164,10945.609999999999,10106.050000000001,839.5599999999977,1185.47,0,3,5.297216699999899,1.1165237552629377,0.6258987246440834,14.037243393173188,92,29,63,31.52173913043478,5075.65,4545.9400000000005,529.7099999999991,450.16,0,9,0.015891650099999696,0.02913093881573442,-0.0,0.07301587301587302,0.008396223523999815,0.004153749486693603,-0.033946986001755025,
1b_narrow,23,0.10965151952801125,True,123,16,75.0,25.0,8,6,3.5,17,34,0.7,2.6,1.0,0.015,0.5,3.1022207799997523,1.0310425257486961,0.2281728317730048,12.897622692720665,216,65,151,30.09259259259259,10303.94,9993.71,310.2300000000014,1151.82,0,4,14.038836250999939,1.3772015379531035,1.4580967083506333,9.845886894059724,81,30,51,37.03703703703704,5125.71,3721.8300000000004,1403.8799999999997,418.75,0,6,0.04211650875299982,0.09430038448827588,-0.0,0.0642857142857143,0.0031022207799997524,0.0015521262874348075,-0.0957054350664133,
1b_narrow,24,0.17490644592573074,True,129,17,73.0,26.0,7,5,3.4,15,32,0.8,2.8,1.0,0.015,0.5,14.117820946499796,1.148998598375467,0.7574952470398545,12.684727914709013,195,59,136,30.256410256410255,10886.440000000002,9474.72,1411.720000000003,1101.52,0,2,11.273282608999907,1.2627530685213755,1.2239165861457044,13.267696471827994,89,29,60,32.58426966292135,5417.639999999999,4290.340000000001,1127.2999999999984,445.39,0,8,0.03381984782699972,0.06568826713034387,-0.0,0.07063492063492065,0.014117820946499797,0.0074499299187733466,-0.01680434053180664,
1b_narrow,25,0.04821616314916028,True,129,17,73.0,26.0,7,5,3.4,15,32,0.8,3.0,1.0,0.015,0.5,13.851585087499863,1.144571510278973,0.7300152203955605,13.553300649291106,183,53,130,28.961748633879782,10966.38,9581.21,1385.17,1057.28,0,2,4.360627064999972,1.105403341196489,0.5222598400987665,13.44280542361279,83,23,60,27.710843373493976,4573.540000000001,4137.44,436.1000000000013,408.43,0,8,0.013081881194999914,0.026350835299122244,-0.0,0.06587301587301587,0.013851585087499863,0.007228575513948655,-0.07816972981942627,
1b_narrow,26,0.10349691290864103,True,126,18,73.0,27.0,7,4,3.4,14,33,1.0,2.7,1.0,0.015,0.5,4.272272072499908,1.038675218511092,0.28224196450956074,12.278804697956557,250,78,172,31.2,11473.570000000002,11046.35,427.22000000000116,1330.38,0,3,7.256058198999944,1.1780189746244452,0.8458368530943449,14.402523410717796,88,28,60,31.818181818181817,4801.57,4075.97,725.5999999999999,432.96,0,6,0.021768174596999833,0.04450474365611129,-0.0,0.06984126984126984,0.0042722720724999086,0.0019337609255545953,-0.03882330818379443,
1b_narrow,27,0.10698695459587379,True,118,20,76.0,25.0,8,5,3.6,17,32,0.6,2.6,1.0,0.015,0.5,3.5400453399997605,1.0349290860617162,0.24891712816952977,14.194345665227692,226,71,155,31.41592920353982,10488.820000000002,10134.82,354.0000000000018,1197.33,0,5,12.468655166499902,1.296580759487649,1.300322673376623,9.85994663363894,93,32,61,34.40860215053763,5451.02,4204.150000000001,1246.87,479.75,0,2,0.037405965499499705,0.07414518987191226,-0.0,0.07380952380952381,0.0035400453399997605,0.0017464543030858094,-0.08366022422814756,
1b_narrow,28,0.021763433654314737,True,122,19,70.0,26.0,7,4,3.4,13,34,1.3,2.8,1.0,0.015,0.5,9.398424534499771,1.1061772833781862,0.5415036254076924,9.54591856425975,196,60,136,30.612244897959183,9790.929999999998,8851.14,939.789999999999,1047.41,0,3,2.671850131999927,1.067040886484425,0.37195810821949044,12.147434816499155,83,25,58,30.120481927710845,4252.35,3985.18,267.1700000000005,400.09,0,4,0.00801555039599978,0.01676022162110624,-0.0,0.06587301587301587,0.009398424534499772,0.005308864168909311,-0.08359264293921624,
1b_narrow,29,0.05903280294249052,True,129,17,74.0,24.0,8,6,3.7,15,35,1.0,2.5,1.0,0.015,0.5,1.8056268109998745,1.0166549834898266,0.16154118543358217,13.38907131398238,251,77,174,30.677290836653388,11022.370000000003,10841.800000000001,180.57000000000153,1305.68,0,2,9.93492444849975,1.2583137028543496,1.136779134576236,13.442272635159966,83,28,55,33.734939759036145,4839.55,3846.06,993.4900000000002,418.26,0,5,0.02980477334549925,0.0645784257135874,-0.0,0.06587301587301587,0.0018056268109998747,0.0008327491744913318,-0.10386178797510322,
1b_narrow,30,0.093792381154158,True,112,20,72.0,23.0,7,5,3.5,13,43,1.2000000000000002,2.9,1.0,0.015,0.5,3.6962218244997715,1.0381375958393098,0.2550977383011991,10.542879164490133,223,67,156,30.044843049327355,10060.279999999999,9690.7,369.5799999999981,1167.44,0,4,7.728305599999875,1.1701894786913547,0.8757653551590158,10.77710022864908,95,27,68,28.42105263157895,5313.689999999999,4540.88,772.8099999999986,479.27,0,2,0.023184916799999625,0.042547369672838675,-0.0,0.0753968253968254,0.003696221824499772,0.001906879791965488,-0.05293983233197097,
1b_narrow,31,0.14205721889990353,True,127,16,66.0,21.0,8,6,3.5,16,36,0.7,2.8,1.0,0.015,0.5,14.475017802499696,1.1213306420517222,0.742230640533774,13.679892673236902,252,73,179,28.96825396825397,13377.34,11929.880000000001,1447.4599999999991,1486.38,0,3,9.102420438999852,1.2278415106997052,1.0620137965526655,12.605750625112497,90,32,58,35.55555555555556,4905.1900000000005,3994.97,910.2200000000007,462.18,0,8,0.027307261316999554,0.05696037767492629,-0.0,0.07142857142857144,0.014475017802499697,0.006066532102586109,-0.03418054142567955,
1b_narrow,32,0.059458667674698505,True,129,16,68.0,27.0,9,5,3.5,16,34,0.6,2.8,1.0,0.015,0.5,10.617798636999833,1.1106474905611416,0.5935247374959874,12.86059760214043,203,60,143,29.55665024630542,10657.74,9595.970000000001,1061.7699999999986,1131.16,0,2,4.131453910499913,1.101806927582443,0.5257910590664319,12.135377763694875,90,29,61,32.22222222222222,4471.43,4058.27,413.1600000000003,444.06,0,9,0.012394361731499739,0.02545173189561073,-0.0,0.07142857142857144,0.010617798636999833,0.005532374528057083,-0.06596617054604031,
1b_narrow,33,0.038543871509825786,True,127,16,74.0,25.0,8,7,3.4,16,38,0.5,3.0,1.0,0.015,0.5,5.904748555499937,1.059473000837066,0.35356574205656854,16.046748440685946,190,51,139,26.842105263157894,10517.949999999997,9927.529999999999,590.4199999999983,1057.24,0,3,2.401445314499815,1.0540176483287158,0.32482299678355575,13.443080149554678,91,27,64,29.67032967032967,4687.09,4446.88,240.21000000000004,444.9,0,7,0.0072043359434994445,0.013504412082178952,-0.0,0.07222222222222223,0.005904748555499937,0.0029736500418533042,-0.06326549733542808,
1b_narrow,34,0.0910390591962854,True,125,17,72.0,26.0,9,5,3.6,9,35,0.8,2.9,1.0,0.015,0.5,2.916363954999688,1.029005904023807,0.2165738440704421,15.092991773179742,241,72,169,29.87551867219917,10345.79,10054.16,291.630000000001,1283.55,0,3,9.821370777999928,1.220754203819795,1.0960516778916947,12.571374490517446,105,31,74,29.523809523809526,5431.05,4448.93,982.1199999999999,542.21,0,9,0.02946411233399978,0.055188550954948734,-0.0,0.08333333333333334,0.002916363954999688,0.0014502952011903548,-0.08131359658218651,
1b_narrow,35,0.08462052315381445,True,128,18,70.0,27.0,7,7,3.4,15,39,0.7,2.7,1.0,0.015,0.5,11.698966238999656,1.1215530578931454,0.6519605750661533,13.60097466297678,213,66,147,30.985915492957748,10793.95,9624.11,1169.8400000000001,1184.43,0,1,5.4327097464999135,1.1264071218163798,0.6543897781676192,13.134549637523143,93,30,63,32.25806451612903,4841.05,4297.78,543.2700000000004,458.8,0,7,0.01629812923949974,0.03160178045409495,-0.0,0.07380952380952381,0.011698966238999657,0.006077652894657271,-0.05486552948296099,
1b_narrow,36,0.14707397552637275,True,115,21,76.0,28.0,8,6,3.8,17,33,0.5,2.8,1.0,0.015,0.5,7.216939295499815,1.07167278537389,0.41873624119886627,12.983207580202313,206,64,142,31.067961165048544,10791.970000000001,10070.21,721.760000000002,1122.32,0,9,10.000628725499901,1.2236797079958939,1.0399646931620123,9.432846104436987,94,30,64,31.914893617021278,5471.280000000001,4471.17,1000.1100000000006,486.2,0,1,0.030001886176499702,0.05591992699897347,-0.0,0.0746031746031746,0.007216939295499815,0.0035836392686945055,-0.024251590816469343,
1b_narrow,37,0.15521922306831004,True,128,16,65.0,23.0,10,4,4.0,16,35,0.6,2.5,1.0,0.015,0.5,10.648048640499692,1.0892237821713318,0.5885134545048293,11.880002997728058,276,84,192,30.434782608695652,12998.960000000001,11934.150000000001,1064.8099999999995,1523.47,0,1,8.530945592999888,1.2195386207003043,1.0420579087762174,12.12097798292951,96,36,60,37.5,4738.81,3885.74,853.0700000000006,488.86,0,9,0.025592836778999668,0.05488465517507607,-0.0,0.0761904761904762,0.010648048640499692,0.004461189108566588,-0.01655798282530817,
1b_narrow,38,0.08838969313705299,True,125,17,67.0,23.0,11,4,4.0,15,32,0.6,2.5,1.0,0.015,0.5,9.932021065499848,1.0961559500239617,0.5716093471915429,12.53603408542936,240,76,164,31.666666666666668,11322.14,10328.95,993.1899999999987,1319.91,0,3,5.083800484499825,1.1225564761668283,0.6313033999530042,13.429490796385013,96,33,63,34.375,4656.599999999999,4148.210000000001,508.3899999999985,477.24,0,9,0.015251401453499475,0.030639119041707075,-0.0,0.0761904761904762,0.009932021065499848,0.004807797501198086,-0.0484311221153277,
1b_narrow,39,-1.0211920622950001,False,128,16,65.0,24.0,10,4,3.9,8,37,0.5,2.5,1.0,0.015,0.5,-12.715237377000049,0.8878112262003496,-0.641110304482575,20.570790344171147,332,94,238,28.313253012048193,10062.63,11334.199999999997,-1271.569999999998,1598.44,0,1,3.7979060334997303,1.096725398470545,0.5346816878594757,13.014750536991981,117,42,75,35.8974358974359,4306.719999999999,3926.890000000001,379.82999999999856,586.37,0,9,,,,,,,,0.1271523737700005
1b_narrow,40,0.09948028917044825,True,126,18,70.0,22.0,12,5,3.8,16,40,0.9,2.6,1.0,0.015,0.5,4.132129145999752,1.0365853334596555,0.2732175556415991,14.034594151935096,251,80,171,31.872509960159363,11707.06,11293.87,413.1899999999987,1332.78,0,3,8.131965763999979,1.1864629071273805,0.9194880361649588,12.463837870616912,90,30,60,33.333333333333336,5174.58,4361.349999999999,813.2300000000005,445.29,0,8,0.024395897291999938,0.04661572678184511,-0.0,0.07142857142857144,0.004132129145999751,0.0018292666729827767,-0.04892130215095076,
1b_narrow,41,0.18759007098247601,True,128,16,65.0,26.0,10,4,3.9,16,36,0.7,2.5,1.0,0.015,0.5,10.041060141499674,1.0861990818159029,0.5673160309122273,13.652891969939684,269,83,186,30.855018587360593,12653.22,11649.080000000002,1004.1399999999976,1509.62,0,1,11.037394356999867,1.2999793440092193,1.32246621850336,11.79823039437786,91,36,55,39.56043956043956,4783.04,3679.3199999999993,1103.7200000000007,468.33,0,9,0.0331121830709996,0.07499483600230483,-0.0,0.07222222222222223,0.010041060141499676,0.004309954090795143,-0.00709018454534546,
1b_narrow,42,0.1216191577444619,True,128,16,63.0,26.0,10,4,3.9,17,35,0.6,2.5,1.0,0.015,0.5,10.598278610999824,1.0892917773514674,0.6095193301721722,13.758241154297494,286,91,195,31.818181818181817,12929.119999999999,11869.29,1059.829999999998,1618.23,0,1,6.641529238999882,1.1762977317069934,0.8522420404076517,11.503153626546968,97,36,61,37.11340206185567,4431.290000000001,3767.1500000000005,664.1400000000003,488.43,0,9,0.019924587716999648,0.04407443292674834,-0.0,0.07698412698412699,0.010598278610999825,0.004464588867573372,-0.03442685736198627,
1b_narrow,43,0.08308187827948038,True,129,16,65.0,25.0,10,4,4.0,16,34,0.8,2.5,1.0,0.015,0.5,14.035886359999806,1.1270061024605293,0.7599061242080664,10.721257547205418,254,82,172,32.28346456692913,12454.859999999999,11051.28,1403.579999999998,1420.84,0,2,5.707218565999901,1.1592168328488288,0.7475372141059932,12.583426235670956,87,33,54,37.93103448275862,4155.12,3584.4200000000005,570.6999999999994,436.64,0,8,0.017121655697999703,0.039804208212207204,-0.0,0.06904761904761905,0.014035886359999805,0.006350305123026468,-0.06327779616137184,
1b_narrow,44,0.16469189518850302,True,127,16,66.0,26.0,11,5,3.9,15,36,0.7,2.6,1.0,0.015,0.5,8.271566811499905,1.0691266922948355,0.4751570713515845,14.280431560738496,270,82,188,30.37037037037037,12793.17,11966.0,827.1700000000001,1523.51,0,3,8.428189528499898,1.2147576447086466,1.0120098567329925,13.204816169371874,95,35,60,36.8421052631579,4767.450000000001,3924.6099999999997,842.840000000001,479.64,0,9,0.025284568585499694,0.05368941117716164,-0.0,0.0753968253968254,0.008271566811499906,0.003456334614741774,-0.0014068113972253997,
1b_narrow,45,0.05170767789264671,True,127,17,66.0,27.0,11,5,3.9,14,38,1.3,2.5,1.0,0.015,0.5,2.026839004499925,1.0228435122463728,0.17812970723242982,10.106990103021197,213,70,143,32.863849765258216,9073.430000000002,8870.79,202.64000000000124,1111.15,0,2,5.887238935499973,1.1876097396203449,0.7803017477626755,12.107715629904162,72,27,45,37.5,3726.8500000000004,3138.11,588.7400000000002,354.29,0,5,0.017661716806499916,0.04690243490508622,-0.0,0.05714285714285714,0.002026839004499925,0.0011421756123186412,-0.07316834557861514,
1b_narrow,46,0.15680619722851105,True,124,16,65.0,26.0,13,5,4.0,15,37,0.7,2.6,1.0,0.015,0.5,10.763264489499761,1.0941975651145024,0.5855329092075691,12.453345163174486,265,81,184,30.566037735849058,12502.75,11426.41,1076.3400000000001,1461.64,0,4,8.693308825499898,1.2169091045185763,1.0423491475651625,13.204144795234862,97,36,61,37.11340206185567,4877.250000000001,4007.8999999999996,869.3500000000013,490.33,0,8,0.02607992647649969,0.054227276129644064,-0.0,0.07698412698412699,0.010763264489499762,0.00470987825572512,-0.01595827510698458,
1b_narrow,47,0.11649486187418907,True,124,16,64.0,26.0,13,5,4.0,14,37,0.7,2.6,1.0,0.015,0.5,15.725552115999616,1.1401439805506839,0.8287350414121928,12.835449880419567,278,89,189,32.014388489208635,12793.51,11220.96,1572.550000000001,1590.49,0,4,7.367794689499915,1.1894963429312098,0.918288123644291,12.964514030937266,99,36,63,36.36363636363637,4625.19,3888.3600000000006,736.829999999999,496.36,0,8,0.022103384068499744,0.04737408573280244,-0.0,0.07857142857142857,0.015725552115999616,0.007007199027534195,-0.054286787642075486,
1b_narrow,48,0.11494669733594011,True,127,17,65.0,28.0,12,5,3.8,15,36,0.6,2.6,1.0,0.015,0.5,11.512639565999743,1.0937219895224026,0.617435006942454,13.836731009780825,277,85,192,30.685920577617328,13434.570000000002,12283.349999999999,1151.220000000003,1559.23,0,3,6.607327591499888,1.1606714278419326,0.8119000466394621,13.192946349419074,100,36,64,36.0,4773.179999999999,4112.43,660.7499999999991,500.72,0,9,0.019821982774499664,0.04016785696048314,-0.0,0.07936507936507936,0.011512639565999745,0.004686099476120131,-0.040606960806241925,
1b_narrow,49,0.13297976412365242,True,124,16,68.0,27.0,13,5,4.0,11,37,0.8,2.5,1.0,0.015,0.5,5.293018501999886,1.0548119953529502,0.3485587978966688,12.299908428012289,230,72,158,31.304347826086957,10187.100000000002,9657.740000000002,529.3600000000006,1242.79,0,4,8.139277411499934,1.1990925323484087,0.9855665284890996,12.15276474482017,104,37,67,35.57692307692308,4902.249999999999,4088.2999999999997,813.9499999999994,530.01,0,8,0.024417832234499802,0.049773133087102184,-0.0,0.08253968253968254,0.005293018501999886,0.0027405997676475113,-0.031784502007279496,
1b_narrow,50,0.10510437066591506,True,126,17,64.0,27.0,11,6,3.9,14,36,0.9,2.6,1.0,0.015,0.5,6.247012228499771,1.0592437759798485,0.3893541018680762,13.80581986758053,248,77,171,31.048387096774192,11168.909999999998,10544.23,624.6799999999985,1367.66,0,3,4.6183769544999445,1.1228572796629106,0.6118693994960913,12.70427958864595,93,32,61,34.40860215053763,4221.09,3759.2400000000002,461.8499999999999,461.85,0,7,0.013855130863499834,0.03071431991572765,-0.0,0.07380952380952381,0.006247012228499771,0.002962188798992427,-0.02248380495032843,
1b_narrow,51,0.14663512358251876,True,129,16,66.0,26.0,12,4,4.0,15,39,0.7,2.5,1.0,0.015,0.5,10.908272308499782,1.093032280404296,0.6000881700632161,12.748095035813565,265,83,182,31.32075471698113,12815.880000000001,11725.070000000002,1090.8099999999995,1477.67,0,2,8.147272137499966,1.2150563179887601,1.0075534000694644,12.252262943003513,94,35,59,37.234042553191486,4603.009999999999,3788.3099999999995,814.6999999999998,476.0,0,9,0.0244418164124999,0.05376407949719003,-0.0,0.0746031746031746,0.010908272308499783,0.0046516140202148,-0.021733833259060368,
1b_narrow,52,0.16878956306862283,True,128,16,65.0,26.0,10,5,4.0,16,40,0.6,2.5,1.0,0.015,0.5,10.417492561499639,1.0864824839349947,0.5785723872482155,12.049424481618628,280,85,195,30.357142857142858,13088.170000000002,12046.37,1041.800000000001,1545.46,0,1,9.205250820499842,1.2380333006653415,1.1160756182605955,12.11259224275829,96,37,59,38.541666666666664,4787.710000000001,3867.1899999999996,920.5200000000013,489.7,0,9,0.027615752461499523,0.05950832516633536,-0.0,0.0761904761904762,0.010417492561499639,0.004324124196749735,-0.009266607507937617,
1b_narrow,53,0.11414583359733531,True,128,16,67.0,26.0,10,5,4.0,15,38,0.6,2.5,1.0,0.015,0.5,13.873329351499889,1.1371131290050958,0.7720087790026351,11.663034304431678,229,73,156,31.87772925764192,11505.720000000001,10118.36,1387.3600000000006,1289.58,0,1,7.047479411499825,1.1769236369296117,0.8654924406452044,12.594493683851873,97,36,61,37.11340206185567,4688.240000000001,3983.4700000000003,704.7700000000004,487.88,0,9,0.021142438234499475,0.044230909232402915,-0.0,0.07698412698412699,0.013873329351499888,0.006855656450254788,-0.048940626655448745,
1b_narrow,54,0.1408551011632308,True,128,16,64.0,26.0,10,4,3.9,16,41,0.7,2.6,1.0,0.015,0.5,14.304235687499714,1.1333658421061958,0.7731418913982148,12.231758722569804,266,86,180,32.330827067669176,12155.700000000003,10725.31,1430.390000000003,1464.82,0,1,8.58709507499996,1.2279232602706276,1.0430205663247114,11.77264958414523,94,35,59,37.234042553191486,4626.25,3767.5399999999995,858.7100000000005,469.61,0,9,0.025761285224999878,0.0569808150676569,-0.0,0.0746031746031746,0.014304235687499715,0.006668292105309792,-0.03746270152541008,
1b_narrow,55,0.10479053926833677,True,123,17,66.0,24.0,11,5,4.0,16,35,0.8,2.5,1.0,0.015,0.5,9.468369123999782,1.0983955985483689,0.5581020046721685,11.441744440014768,221,72,149,32.57918552036199,10569.07,9622.28,946.789999999999,1209.86,0,4,5.7435719324999805,1.1475392570634457,0.724255981339487,13.331630220755663,92,34,58,36.95652173913044,4467.29,3892.9300000000003,574.3599999999997,458.33,0,7,0.01723071579749994,0.03688481426586143,-0.0,0.07301587301587302,0.009468369123999782,0.004919779927418444,-0.03672901286231584,
1b_narrow,56,0.12975009066568566,True,127,16,65.0,25.0,13,6,3.9,15,40,0.6,2.6,1.0,0.015,0.5,11.278641121499785,1.0950421127585437,0.6187897355805243,12.090240913023326,279,84,195,30.107526881720432,12994.81,11866.95,1127.8599999999988,1555.61,0,3,7.364379243499916,1.1813688550024382,0.8980547279900308,13.183098573617844,98,36,62,36.734693877551024,4797.09,4060.62,736.4700000000003,492.05,0,8,0.022093137730499746,0.04534221375060954,-0.0,0.07777777777777778,0.011278641121499785,0.0047521056379271846,-0.03149378535262839,
1b_narrow,57,0.08579230682890746,True,126,16,63.0,27.0,11,4,4.0,14,36,0.7,2.5,1.0,0.015,0.5,6.1319370299997535,1.0536098843497506,0.39394753558434126,16.514474689551612,295,93,202,31.52542372881356,12050.210000000003,11437.070000000002,613.1400000000012,1658.8,0,3,3.744710644499864,1.1000689356653894,0.517475107054698,12.580255361449327,97,35,62,36.08247422680412,4117.14,3742.620000000001,374.5199999999995,478.2,0,9,0.011234131933499593,0.02501723391634736,-0.0,0.07698412698412699,0.006131937029999754,0.0026804942174875283,-0.03625561725255377,
1b_narrow,58,0.14393297417115283,True,128,17,68.0,26.0,10,5,3.9,15,43,0.8,2.6,1.0,0.015,0.5,6.942979016499848,1.0727107051960159,0.43203642813557075,12.574515592835079,210,68,142,32.38095238095238,10241.920000000002,9547.7,694.2200000000012,1153.1,0,1,8.036043968999966,1.2045786641277727,0.9350763941433696,10.362409543170829,87,29,58,33.333333333333336,4731.8499999999985,3928.2199999999993,803.6299999999992,435.73,0,9,0.024108131906999897,0.051144666031943176,-0.0,0.06904761904761905,0.0069429790164998485,0.003635535259800793,-0.010945957091709927,
1b_narrow,59,0.13216322063762084,True,122,16,64.0,25.0,12,6,4.0,16,37,0.5,2.7,1.0,0.015,0.5,5.79324761999962,1.0502240029549144,0.35026068137690536,13.695431273113618,284,84,200,29.577464788732396,12112.580000000002,11533.33,579.2500000000018,1529.23,0,5,6.9076411624997665,1.163600925524634,0.8269910725379164,12.183270085398126,95,33,62,34.73684210526316,4913.27,4222.469999999999,690.8000000000011,483.64,0,5,0.0207229234874993,0.0409002313811585,-0.0,0.0753968253968254,0.00579324761999962,0.0025112001477457183,-0.013161207395607716,
1b_narrow,60,0.12875723295247035,True,125,17,65.0,24.0,9,4,3.9,17,38,0.7,2.5,1.0,0.015,0.5,5.350603241999761,1.0447743208537623,0.3354924311981264,15.894195775661665,275,86,189,31.272727272727273,12484.98,11949.93,535.0499999999993,1504.12,0,3,8.536692417999875,1.2119496808502717,1.0337889861399447,12.819225907082,97,37,60,38.144329896907216,4881.6,4027.8899999999994,853.710000000001,490.71,0,9,0.025610077253999625,0.052987420212567915,-0.0,0.07698412698412699,0.005350603241999761,0.002238716042688116,-0.03441371078291204,
1b_narrow,61,0.09975930203651637,True,119,21,65.0,26.0,9,5,4.0,16,41,1.4,2.5,1.0,0.015,0.5,4.122221529999915,1.0466006863281445,0.2894489489099783,10.44053577393909,212,68,144,32.075471698113205,9259.36,8847.08,412.28000000000065,1064.29,0,4,6.1813064544998815,1.1776882902614783,0.7556721216154244,10.32663788776842,76,27,49,35.526315789473685,4097.26,3479.0699999999993,618.190000000001,377.03,0,2,0.018543919363499646,0.044422072565369564,-0.0,0.06031746031746032,0.004122221529999915,0.002330034316407226,-0.029976406056220296,
1b_narrow,62,0.161627497865721,True,127,19,66.0,26.0,10,5,3.8,16,39,0.6,2.5,1.0,0.015,0.5,8.08720630649981,1.0781945450343606,0.4872981622286137,12.211057452261521,241,76,165,31.53526970954357,11150.44,10341.77,808.6700000000001,1309.25,0,3,10.459981512999766,1.2545234665472735,1.1815070595588841,10.013018300583173,93,34,59,36.55913978494624,5155.69,4109.68,1046.0099999999993,478.14,0,9,0.031379944538999296,0.06363086663681838,-0.0,0.07380952380952381,0.008087206306499811,0.003909727251718032,-0.019189770677838336,
1b_narrow,63,0.16455003488630385,True,127,19,66.0,26.0,10,5,3.8,15,40,0.6,2.5,1.0,0.015,0.5,8.358945315499842,1.0809614168247945,0.5009549636002024,12.040767960630394,243,76,167,31.275720164609055,11159.770000000002,10323.93,835.840000000002,1325.11,0,3,9.40488043149986,1.2294542438215128,1.0806198758730836,10.565089348234917,95,34,61,35.78947368421053,5039.41,4098.900000000001,940.5099999999993,485.33,0,9,0.028214641294499576,0.0573635609553782,-0.0,0.0753968253968254,0.008358945315499841,0.004048070841239726,-0.008832008917138891,
1b_narrow,64,0.13215168903175709,True,126,19,67.0,26.0,10,6,3.8,15,40,0.6,2.6,1.0,0.015,0.5,8.178691636999902,1.0810255180695199,0.4841044822778312,14.370934462236825,231,73,158,31.6017316017316,10911.050000000001,10093.24,817.8100000000013,1264.74,0,3,6.684829474499966,1.1581847910706637,0.78645030102225,11.738129631718273,95,32,63,33.68421052631579,4894.57,4226.07,668.5,471.28000000000003,0,8,0.020054488423499897,0.039546197767665936,-0.0,0.0753968253968254,0.008178691636999903,0.004051275903475993,-0.015075790096710047,
1b_narrow,65,0.12348395950864821,True,124,19,66.0,27.0,10,5,3.7,14,42,0.7,2.5,1.0,0.015,0.5,4.9659268174998035,1.0500179308232869,0.3275859439812559,14.154487212998038,233,75,158,32.18884120171674,10423.570000000002,9927.04,496.53000000000065,1247.71,0,4,10.507859144999838,1.2576259800628615,1.1916565591974129,10.512617241925314,93,33,60,35.483870967741936,5129.63,4078.8199999999997,1050.8100000000004,476.89,0,8,0.03152357743499951,0.06440649501571538,-0.0,0.07380952380952381,0.004965926817499804,0.0025008965411643437,-0.05372246011025464,
1b_narrow,66,0.11435841918005829,True,127,19,67.0,26.0,11,5,3.8,15,40,0.5,2.7,1.0,0.015,0.5,6.593706517499869,1.0648892038324695,0.3950790399056828,13.864438547024294,226,67,159,29.646017699115045,10819.86,10160.550000000001,659.3099999999995,1218.45,0,3,5.259341783999917,1.120927002784503,0.6295112059682048,12.451272952113031,95,30,65,31.57894736842105,4874.99,4349.070000000001,525.9199999999992,466.45,0,9,0.01577802535199975,0.03023175069612577,-0.0,0.0753968253968254,0.006593706517499869,0.0032444601916234773,-0.016886348974015985,
1b_narrow,67,0.05441399393732783,True,129,20,66.0,25.0,11,6,3.9,13,41,0.6,3.0,1.0,0.015,0.5,10.58174146399988,1.1100724453746895,0.5845356093084295,13.94402875128935,203,60,143,29.55665024630542,10670.86,9612.76,1058.1000000000004,1144.14,0,2,3.953256830999944,1.0937828419057378,0.49634245005398714,10.46954665533406,90,25,65,27.77777777777778,4610.59,4215.27,395.3199999999997,451.26,0,8,0.011859770492999832,0.023445710476434456,-0.0,0.07142857142857144,0.010581741463999879,0.005503622268734476,-0.06840542219341225,
1b_narrow,68,0.009040493640946138,True,127,18,68.0,26.0,9,9,3.8,16,39,0.8,2.6,1.0,0.015,0.5,0.5353279399998064,1.005647145318394,0.09474342321764641,17.33661550330953,213,65,148,30.516431924882628,9520.189999999999,9466.73,53.45999999999913,1129.1,0,3,7.55160299799989,1.1866455114327235,0.878384441802559,10.821501266162095,87,30,57,34.48275862068966,4801.5,4046.2799999999997,755.2200000000003,435.29,0,6,0.02265480899399967,0.046661377858180864,-0.0,0.06904761904761905,0.0005353279399998064,0.00028235726591969713,-0.13014099746477295,
1b_narrow,69,0.09717316629327952,True,126,19,64.0,27.0,12,5,3.7,15,39,0.7,2.5,1.0,0.015,0.5,8.490972849999762,1.084870317578995,0.5205859502877008,12.191574660912972,235,73,162,31.06382978723404,10853.52,10004.439999999999,849.0800000000017,1300.16,0,3,4.970408937999818,1.1239170811363324,0.6433433854456982,13.257517389124027,98,36,62,36.734693877551024,4508.2,4011.15,497.0499999999997,486.06,0,9,0.014911226813999453,0.030979270284083094,-0.0,0.07777777777777778,0.008490972849999763,0.004243515878949756,-0.03922959731153032,
1b_narrow,70,0.021772967693166622,True,125,20,66.0,25.0,10,6,3.8,15,42,0.9,2.6,1.0,0.015,0.5,0.52251113349972,1.0046995242790728,0.09769757264222977,13.792377642038488,258,81,177,31.3953488372093,11146.880000000001,11094.740000000002,52.13999999999942,1315.41,0,3,8.942373462999894,1.2152690682811165,1.0276364395596316,11.302739624599457,93,31,62,33.333333333333336,5048.410000000001,4154.150000000001,894.2600000000002,470.86,0,7,0.026827120388999683,0.05381726707027912,-0.0,0.07380952380952381,0.0005225111334997201,0.00023497621395364155,-0.13343843092308935,
1b_narrow,71,0.14616455710166096,True,129,16,65.0,20.0,10,5,4.0,16,36,0.6,2.5,1.0,0.015,0.5,8.885950180999917,1.0760143314472264,0.5079082039587156,11.859460375009261,273,82,191,30.036630036630036,12577.51,11688.98,888.5300000000007,1484.32,0,2,7.416275728499895,1.1878962010306926,0.9201869106312932,12.249388216586961,98,36,62,36.734693877551024,4688.459999999999,3946.8599999999997,741.5999999999995,495.12,0,9,0.022248827185499684,0.04697405025767315,-0.0,0.07777777777777778,0.008885950180999918,0.003800716572361318,-0.01352276487265089,
1b_narrow,72,0.15239453957918245,True,128,16,63.0,26.0,9,4,3.9,17,40,0.5,2.5,1.0,0.015,0.5,7.053580643999631,1.0576618853547968,0.4309833660040687,14.566741438266309,294,92,202,31.292517006802722,12936.949999999999,12231.65,705.2999999999993,1634.76,0,1,8.358654633499846,1.218746974205181,1.0223651310532942,11.069919960089008,95,36,59,37.89473684210526,4657.21,3821.3099999999995,835.9000000000005,483.90999999999997,0,9,0.025075963900499536,0.05468674355129527,-0.0,0.0753968253968254,0.007053580643999632,0.0028830942677398387,-0.012701668181177227,
1b_narrow,73,0.090753237236617,True,127,16,66.0,28.0,10,4,3.7,16,38,0.6,3.1,1.0,0.015,0.5,18.974262586499755,1.1520413617251788,0.8953188289062725,15.324859376285668,241,69,172,28.630705394190873,14376.52,12479.17,1897.3500000000004,1462.18,0,3,6.954987310999859,1.1688328081835972,0.8160858111942391,12.395644000914738,89,28,61,31.46067415730337,4814.960000000001,4119.459999999999,695.5000000000018,449.48,0,9,0.020864961932999578,0.04220820204589931,-0.0,0.07063492063492065,0.018974262586499757,0.00760206808625894,-0.06953117804996123,
1b_narrow,74,0.12898009583638378,True,128,18,65.0,21.0,10,5,4.0,15,41,0.7,2.5,1.0,0.015,0.5,17.670091870999784,1.1797714171768778,0.9615916658706177,11.876437211421296,222,74,148,33.333333333333336,11596.28,9829.260000000002,1767.0199999999986,1266.1,0,1,8.49138059949988,1.2226601217727855,1.030805414835113,12.415133928009991,93,36,57,38.70967741935484,4662.81,3813.6599999999994,849.150000000001,471.18,0,9,0.02547414179849964,0.05566503044319637,-0.0,0.07380952380952381,0.01767009187099978,0.008988570858843891,-0.05262726294467972,
1b_narrow,75,0.15817499870024126,True,129,19,67.0,26.0,11,5,3.9,16,35,0.6,2.5,1.0,0.015,0.5,9.244823420999783,1.0900331031984176,0.5377648021583646,14.603482721232833,234,73,161,31.196581196581196,11192.34,10267.89,924.4500000000007,1267.13,0,2,8.494646617499784,1.2059133672546745,0.9852280686900167,10.677960097943787,93,32,61,34.40860215053763,4974.67,4125.23,849.4400000000005,471.96999999999997,0,9,0.025483939852499353,0.051478341813668616,-0.0,0.07380952380952381,0.009244823420999783,0.0045016551599208815,-0.006343285356371191,
1b_narrow,76,0.13868442346962676,True,129,19,69.0,26.0,11,5,3.9,14,37,0.7,2.5,1.0,0.015,0.5,5.939809049999931,1.0592660295970935,0.3782817839132024,14.586865030711285,229,74,155,32.314410480349345,10615.89,10021.93,593.9599999999991,1251.13,0,2,11.850248255499846,1.2873730184327885,1.3160968232639938,11.886078945168377,91,32,59,35.16483516483517,5308.65,4123.63,1185.0199999999995,464.97,0,9,0.03555074476649953,0.07184325460819713,-0.0,0.07222222222222223,0.005939809049999931,0.0029633014798546744,-0.04983490865714673,
1b_narrow,77,0.09655184755728048,True,127,19,67.0,25.0,13,5,3.9,17,33,0.5,2.6,1.0,0.015,0.5,3.6742451149998847,1.0366170399797479,0.25469296699935673,13.971283609828502,221,69,152,31.221719457013574,10400.980000000001,10033.580000000002,367.39999999999964,1175.53,0,3,8.359688870999909,1.2149426262595098,0.9223363977622888,9.881923728819102,89,31,58,34.831460674157306,4725.41,3889.41,836.0,450.34,0,9,0.025079066612999728,0.05373565656487744,-0.0,0.07063492063492065,0.003674245114999885,0.001830851998987393,-0.05840289336950462,
1b_narrow,78,0.0834101289385972,True,129,19,67.0,27.0,11,5,3.8,9,36,0.6,2.9,1.0,0.015,0.5,7.516300334499829,1.072046269723965,0.44167446267870997,13.645360497732137,259,76,183,29.343629343629345,11184.38,10432.740000000002,751.6399999999976,1413.05,0,2,3.9587581274999137,1.09434196071329,0.507873343176289,11.630950523270684,105,30,75,28.571428571428573,4592.22,4196.33,395.8900000000003,521.1,0,9,0.011876274382499741,0.02358549017832251,-0.0,0.08333333333333334,0.007516300334499829,0.00360231348619825,-0.04650358277625647,
1b_narrow,79,0.13455147921868446,True,122,18,64.0,26.0,12,5,3.9,16,39,0.8,2.5,1.0,0.015,0.5,5.804959589499795,1.0514701513911437,0.3570148676734899,12.979481175968422,264,84,180,31.818181818181817,11857.859999999999,11277.41,580.4499999999989,1420.32,0,4,7.868686708499936,1.196062309394247,0.9596491382991607,12.695615065190994,96,36,60,37.5,4800.419999999999,4013.5200000000004,786.8999999999987,484.45,0,6,0.023606060125499807,0.04901557734856177,-0.0,0.0761904761904762,0.005804959589499795,0.0025735075695571875,-0.02263910160491028,
1b_narrow,80,0.11194005089687302,True,126,20,66.0,25.0,9,5,3.8,15,37,0.7,2.7,1.0,0.015,0.5,5.368136419999755,1.053918146395462,0.3440826179099717,14.971713090923059,225,68,157,30.22222222222222,10491.85,9955.09,536.7600000000002,1212.41,0,3,4.643586913499894,1.1079649556830757,0.5696425821444218,12.854474212028814,93,29,64,31.182795698924732,4765.179999999999,4300.84,464.33999999999924,455.23,0,9,0.013930760740499685,0.026991238920768934,-0.0,0.07380952380952381,0.005368136419999755,0.0026959073197731056,-0.010855516313692276,
1b_narrow,81,0.15521922306831004,True,128,16,65.0,26.0,10,4,4.0,16,35,0.6,2.5,1.0,0.015,0.5,10.648048640499692,1.0892237821713318,0.5885134545048293,11.880002997728058,276,84,192,30.434782608695652,12998.960000000001,11934.150000000001,1064.8099999999995,1523.47,0,1,8.530945592999888,1.2195386207003043,1.0420579087762174,12.12097798292951,96,36,60,37.5,4738.81,3885.74,853.0700000000006,488.86,0,9,0.025592836778999668,0.05488465517507607,-0.0,0.0761904761904762,0.010648048640499692,0.004461189108566588,-0.01655798282530817,
1b_narrow,82,0.1009632401439526,True,129,19,65.0,27.0,10,4,4.0,16,35,0.6,2.5,1.0,0.015,0.5,12.889550845499798,1.1254837324724558,0.7211048927431013,13.061119492266931,235,75,160,31.914893617021278,11560.62,10271.69,1288.9300000000003,1304.39,0,2,6.411659110499822,1.162741823313519,0.7762750702197236,12.250071409027058,91,31,60,34.065934065934066,4581.040000000001,3939.86,641.1800000000007,454.58,0,9,0.019234977331499464,0.040685455828379735,-0.0,0.07222222222222223,0.012889550845499798,0.006274186623622791,-0.050343152707271424,
1b_narrow,83,0.15582295845104976,True,128,16,66.0,26.0,11,6,4.0,16,34,0.6,2.5,1.0,0.015,0.5,8.84205653399964,1.0721659918202247,0.4976041325367492,13.892731743088394,275,82,193,29.818181818181817,13136.36,12252.169999999998,884.1900000000023,1528.04,0,1,7.969111030499934,1.2010804836691027,0.9753818955882396,12.128558395064161,97,36,61,37.11340206185567,4759.929999999999,3963.039999999999,796.8900000000003,492.32,0,8,0.0239073330914998,0.050270120917275674,-0.0,0.07698412698412699,0.00884205653399964,0.0036082995910112327,-0.007788978666863569,
1b_narrow,84,0.08934450088230322,True,127,16,66.0,26.0,11,7,3.9,15,34,0.5,2.5,1.0,0.015,0.5,2.9668838744999446,1.0241356811392346,0.21586273551689447,15.588422625314735,281,83,198,29.537366548042705,12588.43,12291.760000000002,296.66999999999825,1509.39,0,3,5.775665834999745,1.1371575395327076,0.7249480538961903,12.870400387291053,103,38,65,36.89320388349515,4788.65,4211.070000000001,577.579999999999,515.44,0,7,0.017326997504999234,0.0342893848831769,-0.0,0.08174603174603175,0.0029668838744999447,0.0012067840569617294,-0.04819158118336633,
1b_narrow,85,0.12810522722848677,True,128,16,68.0,26.0,11,6,3.7,17,33,0.6,2.6,1.0,0.015,0.5,5.186895928499761,1.052917697186375,0.33579788186035586,13.624039334991037,212,64,148,30.18867924528302,10319.52,9800.880000000001,518.6399999999994,1154.4,0,1,5.623641945999971,1.139433399947436,0.6928190237559614,12.188098513144338,94,33,61,35.1063829787234,4595.54,4033.18,562.3600000000001,461.94,0,8,0.01687092583799991,0.034858349986858994,-0.0,0.0746031746031746,0.005186895928499762,0.002645884859318748,-0.00606000398736525,
1b_narrow,86,0.13442493310223713,True,126,18,66.0,26.0,12,6,4.0,16,34,0.7,2.5,1.0,0.015,0.5,6.009120471499846,1.0589378282810944,0.38604165351423736,13.046138454136791,234,73,161,31.196581196581196,10796.03,10195.150000000001,600.8799999999992,1287.11,0,3,5.922621474999778,1.146265029893096,0.7186645004977176,12.90732820235223,91,32,59,35.16483516483517,4641.72,4049.43,592.2900000000004,453.2,0,8,0.017767864424999332,0.03656625747327402,-0.0,0.07222222222222223,0.006009120471499846,0.00294689141405472,-0.0010874229038130166,
1b_narrow,87,0.07050476222039617,True,129,16,67.0,26.0,11,6,3.6,15,32,0.6,2.5,1.0,0.015,0.5,11.976358003999831,1.1215800410735148,0.6833080835333312,12.561148633025937,224,69,155,30.803571428571427,11048.269999999999,9850.630000000001,1197.6399999999976,1252.33,0,2,4.495988328999847,1.1108555283536605,0.58630472192288,12.75301316250276,100,35,65,35.0,4505.73,4056.0900000000006,449.63999999999896,494.02,0,8,0.013487964986999541,0.02771388208841513,-0.0,0.07936507936507936,0.011976358003999831,0.006079002053675742,-0.06811752427777343,
1b_narrow,88,0.14626338907776854,True,127,19,64.0,27.0,13,5,3.9,16,35,0.7,2.6,1.0,0.015,0.5,6.781857549499819,1.0682199536448358,0.4259185003738454,12.842369088461018,225,71,154,31.555555555555557,10618.79,9940.64,678.1500000000015,1250.15,0,3,8.572031541999877,1.2193107682861313,1.0201205209841202,12.62992290005803,92,34,58,36.95652173913044,4765.920000000001,3908.7,857.2200000000012,466.41,0,9,0.02571609462599963,0.05482769207153282,-0.0,0.07301587301587302,0.006781857549499819,0.00341099768224179,-0.017489125867378556,
1b_narrow,89,0.08722733424013564,True,124,17,67.0,25.0,11,5,3.9,14,36,0.5,2.5,1.0,0.015,0.5,3.110057824499927,1.0300222673276695,0.2297028498378345,13.602703197151298,245,77,168,31.428571428571427,10666.89,10355.98,310.90999999999985,1304.0,0,4,7.058896178999821,1.173989771396882,0.8365371339642953,12.619756654448052,96,34,62,35.416666666666664,4763.17,4057.2500000000005,705.9199999999996,480.99,0,8,0.02117668853699946,0.043497442849220525,-0.0,0.0761904761904762,0.003110057824499927,0.0015011133663834775,-0.05824844452744395,
1b_narrow,90,0.13700270634981987,True,128,16,66.0,26.0,12,5,4.0,11,40,0.7,2.5,1.0,0.015,0.5,9.63398230199993,1.083624939559166,0.5482481618014254,12.6310693659996,280,89,191,31.785714285714285,12482.85,11519.53,963.3199999999997,1543.88,0,1,7.026488814499862,1.188051001236491,0.8971319405596299,11.887212737682137,99,36,63,36.36363636363637,4439.01,3736.3799999999997,702.6300000000006,501.84,0,9,0.021079466443499586,0.047012750309122775,-0.0,0.07857142857142857,0.009633982301999931,0.004181246977958297,-0.023476168254189304,
1b_narrow,91,0.15521922306831004,True,128,16,65.0,26.0,10,4,4.0,16,35,0.6,2.5,1.0,0.015,0.5,10.648048640499692,1.0892237821713318,0.5885134545048293,11.880002997728058,276,84,192,30.434782608695652,12998.960000000001,11934.150000000001,1064.8099999999995,1523.47,0,1,8.530945592999888,1.2195386207003043,1.0420579087762174,12.12097798292951,96,36,60,37.5,4738.81,3885.74,853.0700000000006,488.86,0,9,0.025592836778999668,0.05488465517507607,-0.0,0.0761904761904762,0.010648048640499692,0.004461189108566588,-0.01655798282530817,
1b_narrow,92,0.09862895017323332,True,125,16,64.0,22.0,10,4,4.0,17,36,0.6,2.5,1.0,0.015,0.5,11.745371428499784,1.0990638803210755,0.6436953000524329,13.75492406865776,287,93,194,32.40418118466899,13030.929999999997,11856.39,1174.5399999999972,1617.98,0,3,5.694002496999819,1.137431550901513,0.7308250440605729,13.01391620486104,104,38,66,36.53846153846154,4713.05,4143.59,569.46,518.92,0,9,0.017082007490999456,0.03435788772537823,-0.0,0.08253968253968254,0.011745371428499784,0.004953194016053775,-0.052049193027380466,
1b_narrow,93,0.12751981576099602,True,128,16,65.0,25.0,9,8,4.0,16,34,0.6,2.5,1.0,0.015,0.5,9.434820055499658,1.0795830296650202,0.5325817028194345,12.577607946523257,276,82,194,29.71014492753623,12798.500000000002,11855.04,943.460000000001,1525.61,0,1,6.693843248999874,1.1733020228407804,0.8441957876390386,12.12097798292951,96,36,60,37.5,4531.750000000001,3862.3899999999994,669.3600000000015,484.78000000000003,0,6,0.020081529746999623,0.04332550571019511,-0.0,0.0761904761904762,0.009434820055499659,0.003979151483251009,-0.025491667425425576,
1b_narrow,94,0.05930957131163288,True,127,16,65.0,27.0,10,5,4.0,15,35,0.8,2.6,1.0,0.015,0.5,10.431216330499755,1.0948571636423157,0.588066994254501,10.920065751392183,258,80,178,31.007751937984494,12039.98,10996.85,1043.1299999999992,1433.92,0,3,3.992368442499919,1.1044167148345858,0.536875283890476,13.608247800706879,92,33,59,35.869565217391305,4222.66,3823.43,399.23,456.09000000000003,0,9,0.011977105327499757,0.026104178708646453,-0.0,0.07301587301587302,0.010431216330499754,0.004742858182115783,-0.06696166025300189,
1b_narrow,95,0.12384180223386684,True,129,17,66.0,26.0,11,4,3.9,16,36,0.6,2.5,1.0,0.015,0.5,13.158966593999885,1.1302712639945829,0.7399486719382886,12.676574758728739,230,73,157,31.73913043478261,11417.130000000001,10101.23,1315.9000000000015,1281.57,0,2,7.475155376999865,1.1874874588650774,0.9085527950384891,12.256089525137474,96,35,61,36.458333333333336,4734.369999999999,3986.879999999999,747.4899999999998,484.76,0,9,0.022425466130999595,0.04687186471626936,-0.0,0.0761904761904762,0.013158966593999885,0.006513563199729145,-0.041318534597607336,
1b_narrow,96,0.1219743268243953,True,126,16,65.0,23.0,10,5,4.0,15,34,0.5,2.5,1.0,0.015,0.5,4.428113344999801,1.0369953161494652,0.28592768032458105,13.392706731183898,282,85,197,30.141843971631207,12409.359999999999,11966.650000000001,442.7099999999973,1500.05,0,3,5.282896203499695,1.1252201324942812,0.6724912849141728,12.854678535181135,103,38,65,36.89320388349515,4747.359999999999,4219.050000000001,528.3099999999977,514.43,0,9,0.015848688610499085,0.0313050331235703,-0.0,0.08174603174603175,0.004428113344999801,0.0018497658074732581,-0.0132033058081789,
1b_narrow,97,0.13427529257843787,True,129,16,64.0,25.0,11,5,3.9,17,35,0.7,2.6,1.0,0.015,0.5,14.675398184999795,1.133318858183199,0.8044202798685797,12.600467755060563,262,86,176,32.82442748091603,12474.86,11007.37,1467.4899999999998,1483.75,0,2,8.3051324425,1.2199831540136357,1.0153055365641666,11.961079621550477,94,34,60,36.170212765957444,4605.9,3775.38,830.5199999999995,469.21,0,9,0.0249153973275,0.054995788503408916,-0.0,0.0746031746031746,0.014675398184999794,0.00666594290915995,-0.041580408949805386,
1b_narrow,98,0.1621878434608189,True,128,19,76.0,26.0,10,4,3.8,16,33,0.6,2.5,1.0,0.015,0.5,12.107334818999862,1.1136103447628698,0.6671105388930292,12.387568727600563,238,76,162,31.932773109243698,11867.3,10656.6,1210.699999999999,1321.11,0,1,9.874705455499843,1.2216304416134738,1.0982626271114186,12.019940652884355,94,33,61,35.1063829787234,5442.95,4455.48,987.4700000000003,476.57,0,9,0.029624116366499524,0.055407610403368446,-0.0,0.0746031746031746,0.012107334818999862,0.0056805172381434905,-0.015234909969367017,
1b_narrow,99,0.15353810873678103,True,127,19,77.0,26.0,10,6,3.8,16,32,0.6,2.7,1.0,0.015,0.5,10.03568328049978,1.0971525374506907,0.5607835172925864,12.528020515730102,219,67,152,30.59360730593607,11333.859999999999,10330.25,1003.6099999999988,1215.06,0,3,8.764791138999954,1.191548366230179,0.9611416297817548,13.735855041163761,94,32,62,34.04255319148936,5452.43,4575.92,876.5100000000002,464.07,0,8,0.02629437341699986,0.047887091557544725,-0.0,0.0746031746031746,0.01003568328049978,0.004857626872534538,-0.01013984099397246,
1b_narrow,100,0.12357577775357409,True,123,19,76.0,26.0,9,5,3.8,15,33,0.8,2.5,1.0,0.015,0.5,9.306315794999737,1.0952475987247783,0.5370158749058922,11.535685027605593,223,73,150,32.73542600896861,10701.5,9770.85,930.6499999999996,1207.52,0,4,6.721736260999878,1.1461830865851323,0.7805403442259733,13.543385653375854,97,34,63,35.05154639175258,5270.7,4598.4800000000005,672.2199999999993,481.28000000000003,0,7,0.02016520878299963,0.03654577164628309,-0.0,0.07698412698412699,0.009306315794999737,0.004762379936238914,-0.024188025391074272,
1b_narrow,101,0.18497772886013908,True,128,19,72.0,26.0,10,4,3.8,16,33,0.6,2.5,1.0,0.015,0.5,12.079850344999867,1.1133230450261975,0.6671713746300546,12.418051858496636,239,76,163,31.799163179916317,11867.3,10659.35,1207.949999999999,1327.46,0,1,11.22723359249987,1.257736526506212,1.2370609625127844,12.019940652884355,94,33,61,35.1063829787234,5478.650000000001,4355.960000000001,1122.6899999999996,481.56,0,9,0.03368170077749961,0.06443413162655298,-0.0,0.0746031746031746,0.012079850344999869,0.0056661522513098755,-0.00548728074339785,
1b_narrow,102,0.17636981639372606,True,128,19,75.0,26.0,10,4,3.8,16,33,0.7,2.5,1.0,0.015,0.5,9.589293328999721,1.0909109009079903,0.5519292682525815,12.39915178125266,232,74,158,31.896551724137932,11506.35,10547.470000000001,958.8799999999992,1294.64,0,1,12.257123849999898,1.286236055421017,1.3404102350288352,11.695935360896302,91,33,58,36.26373626373626,5507.83,4282.13,1225.6999999999998,468.84,0,9,0.036771371549999696,0.07155901385525426,-0.0,0.07222222222222223,0.009589293328999722,0.004545545045399513,-0.01831762960814937,
1b_narrow,103,0.056887049752250035,True,129,19,75.0,26.0,10,4,3.8,16,33,0.7,3.0,1.0,0.015,0.5,14.797521443999795,1.1454148441576693,0.7647769321127109,13.334180282858393,196,58,138,29.591836734693878,11655.73,10175.99,1479.7399999999998,1146.66,0,2,4.859708662499907,1.114450426009919,0.5678101629622294,12.980991767612645,85,24,61,28.235294117647058,4732.38,4246.38,486.0,419.87,0,9,0.014579125987499721,0.028612606502479765,-0.0,0.06746031746031747,0.014797521443999796,0.007270742207883463,-0.07583326384993018,
1b_narrow,104,0.17568986516742463,True,128,19,74.0,27.0,10,4,3.8,16,32,0.7,2.5,1.0,0.015,0.5,9.309147107999724,1.088102399660788,0.5384038973358766,12.39915178125266,233,74,159,31.759656652360515,11496.52,10565.66,930.8600000000006,1300.0,0,1,13.048459720499869,1.3091312701522628,1.4183058847513557,11.695935360896302,89,33,56,37.07865168539326,5525.83,4220.99,1304.8400000000001,459.93,0,9,0.039145379161499606,0.0772828175380657,-0.0,0.07063492063492065,0.009309147107999724,0.004405119983039396,-0.025087519258100453,
1b_narrow,105,0.2037075454407893,True,128,19,74.0,27.0,10,4,3.8,17,32,0.8,2.5,1.0,0.015,0.5,9.365145232499671,1.093757446271708,0.5477752385819884,11.97345008948953,215,70,145,32.55813953488372,10924.69,9988.220000000001,936.4699999999993,1183.5,0,1,17.12562137549992,1.4844363480012217,1.7552631776774068,9.023970425593477,77,30,47,38.96103896103896,5247.72,3535.1600000000008,1712.5599999999995,411.03,0,8,0.05137686412649976,0.12110908700030543,-0.0,0.061111111111111116,0.00936514523249967,0.0046878723135853955,-0.04394253434321206,
1b_narrow,106,0.11746847867221348,True,128,19,74.0,27.0,10,4,3.8,17,32,0.9,2.5,1.0,0.015,0.5,4.425276608499916,1.0385758021660747,0.29186598719269463,12.070800980102035,260,82,178,31.53846153846154,11913.96,11471.440000000002,442.5199999999968,1373.4,0,1,12.021353053999793,1.301128250860467,1.3294704132716182,13.195552775063737,87,31,56,35.632183908045974,5194.130000000001,3992.02,1202.110000000001,443.5,0,7,0.036064059161999375,0.07528206271511673,-0.0,0.06904761904761905,0.004425276608499917,0.0019287901083037352,-0.06927932896932533,
1b_narrow,107,0.15240809915241668,True,127,19,75.0,27.0,10,4,3.8,17,32,0.8,2.5,1.0,0.015,0.5,5.78158763699983,1.0585301109189795,0.3704029346300792,12.012434880851298,220,70,150,31.818181818181817,10455.61,9877.48,578.130000000001,1181.18,0,3,15.2429975514999,1.4111002931633867,1.5686058026253016,9.996611277885481,79,30,49,37.9746835443038,5232.12,3707.83,1524.29,417.19,0,8,0.0457289926544997,0.10277507329084667,-0.0,0.0626984126984127,0.00578158763699983,0.0029265055459489764,-0.0675024726742912,
1b_narrow,108,0.12774404713794327,True,126,20,74.0,27.0,10,4,3.8,17,32,0.8,2.5,1.0,0.015,0.5,4.218684494499794,1.0426000070685297,0.2902038186334176,12.250777597837214,223,70,153,31.390134529147982,10324.920000000002,9903.05,421.8700000000026,1185.9,0,3,14.447816887999906,1.3806866387373853,1.4961938067694416,9.994546482785257,82,31,51,37.80487804878049,5240.119999999999,3795.3,1444.8199999999988,430.8,0,8,0.043343450663999715,0.09517165968434632,-0.0,0.06507936507936508,0.004218684494499794,0.002130000353426487,-0.08219911313769414,
1b_narrow,109,0.11051355395334582,True,127,19,73.0,27.0,10,4,3.7,17,33,0.7,2.5,1.0,0.015,0.5,2.9406903764998606,1.0284745165325906,0.22220911108139604,13.247827976083304,231,72,159,31.16883116883117,10621.55,10327.480000000001,294.0699999999979,1236.6,0,3,14.595615333999866,1.3815526341242803,1.5053338638828389,9.996611277885481,84,31,53,36.904761904761905,5284.949999999999,3825.370000000001,1459.579999999998,443.15,0,9,0.0437868460019996,0.09538815853107008,-0.0,0.06666666666666667,0.002940690376499861,0.0014237258266295294,-0.09969253344951991,
1b_narrow,110,0.20051370446113448,True,128,19,72.0,27.0,10,4,3.8,16,33,0.8,2.5,1.0,0.015,0.5,12.98610179249972,1.1269329115953188,0.7200265021410047,12.415911723443628,224,74,150,33.035714285714285,11529.289999999997,10230.68,1298.609999999997,1263.77,0,1,12.68879103649988,1.3032157544967273,1.3874084549631576,11.695935360896302,87,32,55,36.7816091954023,5453.58,4184.71,1268.87,448.81,0,8,0.03806637310949964,0.07580393862418183,-0.0,0.06904761904761905,0.012986101792499722,0.006346645579765942,-0.001736973692431715,
1b_narrow,111,0.20051370446113448,True,128,19,72.0,28.0,10,4,3.8,16,33,0.8,2.5,1.0,0.015,0.5,12.98610179249972,1.1269329115953188,0.7200265021410047,12.415911723443628,224,74,150,33.035714285714285,11529.289999999997,10230.68,1298.609999999997,1263.77,0,1,12.68879103649988,1.3032157544967273,1.3874084549631576,11.695935360896302,87,32,55,36.7816091954023,5453.58,4184.71,1268.87,448.81,0,8,0.03806637310949964,0.07580393862418183,-0.0,0.06904761904761905,0.012986101792499722,0.006346645579765942,-0.001736973692431715,
1b_narrow,112,0.149468993003915,True,128,19,72.0,28.0,10,4,3.8,16,33,0.9,2.5,1.0,0.015,0.5,6.939936599999818,1.0703857942363122,0.43263949805988416,12.380723523656554,220,70,150,31.818181818181817,10553.64,9859.660000000002,693.9799999999977,1198.1,0,1,11.51396158449983,1.29039840999203,1.284780380667794,12.776652378040563,87,31,56,35.632183908045974,5116.120000000001,3964.7599999999998,1151.360000000001,443.6,0,7,0.03454188475349949,0.07259960249800751,-0.0,0.06904761904761905,0.006939936599999819,0.00351928971181561,-0.037179339607026476,
1b_narrow,113,0.201143481965331,True,128,19,72.0,28.0,10,4,3.8,16,32,0.8,2.5,1.0,0.015,0.5,12.523678600999718,1.1221188405740574,0.698101067442971,12.407743872145359,225,73,152,32.44444444444444,11507.799999999997,10255.419999999998,1252.3799999999992,1268.55,0,1,12.824770068999877,1.3070945897407655,1.401973544683339,11.614428111569364,87,32,55,36.7816091954023,5458.610000000001,4176.14,1282.4700000000003,449.05,0,8,0.03847431020699963,0.07677364743519138,-0.0,0.06904761904761905,0.012523678600999719,0.006105942028702871,-0.0017817153541816561,
1b_narrow,114,0.1975111907570952,True,128,19,72.0,28.0,10,4,3.7,17,32,0.8,2.5,1.0,0.015,0.5,8.675927837999698,1.0872275239634122,0.5153862284644078,12.004337474437069,215,69,146,32.093023255813954,10812.880000000001,9945.37,867.5100000000002,1179.52,0,1,17.12562137549992,1.4844363480012217,1.7552631776774068,9.023970425593477,77,30,47,38.96103896103896,5247.72,3535.1600000000008,1712.5599999999995,411.03,0,8,0.05137686412649976,0.12110908700030543,-0.0,0.061111111111111116,0.008675927837999697,0.004361376198170608,-0.04912317551699141,
1b_narrow,115,0.19469913681591716,True,129,19,72.0,28.0,10,4,3.7,17,32,0.8,2.5,1.0,0.015,0.5,9.085827684499764,1.0923157586694627,0.5357372155405018,12.998309888617593,213,69,144,32.394366197183096,10749.960000000001,9841.440000000002,908.5199999999986,1158.79,0,2,16.180647717499852,1.4538577190846718,1.6688675837007594,9.157645617640764,77,29,48,37.66233766233766,5183.09,3565.0600000000004,1618.0299999999997,408.93,0,8,0.04854194315249955,0.11346442977116794,-0.0,0.061111111111111116,0.009085827684499765,0.004615787933473137,-0.04211996283683436,
1b_narrow,116,0.19469913681591716,True,129,19,72.0,28.0,10,4,3.7,17,32,0.8,2.5,1.0,0.015,0.5,9.085827684499764,1.0923157586694627,0.5357372155405018,12.998309888617593,213,69,144,32.394366197183096,10749.960000000001,9841.440000000002,908.5199999999986,1158.79,0,2,16.180647717499852,1.4538577190846718,1.6688675837007594,9.157645617640764,77,29,48,37.66233766233766,5183.09,3565.0600000000004,1618.0299999999997,408.93,0,8,0.04854194315249955,0.11346442977116794,-0.0,0.061111111111111116,0.009085827684499765,0.004615787933473137,-0.04211996283683436,
1b_narrow,117,0.19469913681591716,True,129,19,72.0,28.0,10,4,3.7,17,32,0.8,2.5,1.0,0.015,0.5,9.085827684499764,1.0923157586694627,0.5357372155405018,12.998309888617593,213,69,144,32.394366197183096,10749.960000000001,9841.440000000002,908.5199999999986,1158.79,0,2,16.180647717499852,1.4538577190846718,1.6688675837007594,9.157645617640764,77,29,48,37.66233766233766,5183.09,3565.0600000000004,1618.0299999999997,408.93,0,8,0.04854194315249955,0.11346442977116794,-0.0,0.061111111111111116,0.009085827684499765,0.004615787933473137,-0.04211996283683436,
1b_narrow,118,0.19331884248105982,True,129,19,71.0,28.0,10,4,3.7,17,32,0.8,2.5,1.0,0.015,0.5,9.085827684499764,1.0923157586694627,0.5357372155405018,12.998309888617593,213,69,144,32.394366197183096,10749.960000000001,9841.440000000002,908.5199999999986,1158.79,0,2,15.921613493499862,1.4438005402105651,1.6467401273103424,9.157645617640764,78,29,49,37.17948717948718,5179.62,3587.49,1592.13,413.48,0,8,0.04776484048049958,0.11095013505264129,-0.0,0.06190476190476191,0.009085827684499765,0.004615787933473137,-0.04100251057481585,
1b_narrow,119,0.10203459626559114,True,129,19,71.0,28.0,10,4,3.7,17,32,0.9,2.5,1.0,0.015,0.5,4.094301232999806,1.0363468669080618,0.27634781841608896,12.167413319819284,257,80,177,31.1284046692607,11674.519999999999,11265.07,409.4499999999989,1349.11,0,2,9.10392313099981,1.2204457681085727,1.0438873782418143,14.448578771072226,89,30,59,33.70786516853933,5040.380000000001,4129.950000000001,910.4300000000003,445.59,0,6,0.027311769392999428,0.05511144202714319,-0.0,0.07063492063492065,0.004094301232999806,0.0018173433454030886,-0.05693518036787502,
1b_narrow,120,0.19331884248105982,True,129,19,71.0,28.0,10,4,3.7,17,32,0.8,2.5,1.0,0.015,0.5,9.085827684499764,1.0923157586694627,0.5357372155405018,12.998309888617593,213,69,144,32.394366197183096,10749.960000000001,9841.440000000002,908.5199999999986,1158.79,0,2,15.921613493499862,1.4438005402105651,1.6467401273103424,9.157645617640764,78,29,49,37.17948717948718,5179.62,3587.49,1592.13,413.48,0,8,0.04776484048049958,0.11095013505264129,-0.0,0.06190476190476191,0.009085827684499765,0.004615787933473137,-0.04100251057481585,
1b_narrow,121,0.19331884248105982,True,129,19,71.0,28.0,10,4,3.7,17,32,0.8,2.5,1.0,0.015,0.5,9.085827684499764,1.0923157586694627,0.5357372155405018,12.998309888617593,213,69,144,32.394366197183096,10749.960000000001,9841.440000000002,908.5199999999986,1158.79,0,2,15.921613493499862,1.4438005402105651,1.6467401273103424,9.157645617640764,78,29,49,37.17948717948718,5179.62,3587.49,1592.13,413.48,0,8,0.04776484048049958,0.11095013505264129,-0.0,0.06190476190476191,0.009085827684499765,0.004615787933473137,-0.04100251057481585,
1b_narrow,122,0.19469913681591716,True,129,19,72.0,28.0,10,4,3.7,17,32,0.8,2.5,1.0,0.015,0.5,9.085827684499764,1.0923157586694627,0.5357372155405018,12.998309888617593,213,69,144,32.394366197183096,10749.960000000001,9841.440000000002,908.5199999999986,1158.79,0,2,16.180647717499852,1.4538577190846718,1.6688675837007594,9.157645617640764,77,29,48,37.66233766233766,5183.09,3565.0600000000004,1618.0299999999997,408.93,0,8,0.04854194315249955,0.11346442977116794,-0.0,0.061111111111111116,0.009085827684499765,0.004615787933473137,-0.04211996283683436,
1b_narrow,123,0.19331884248105982,True,129,19,71.0,28.0,10,4,3.7,17,32,0.8,2.5,1.0,0.015,0.5,9.085827684499764,1.0923157586694627,0.5357372155405018,12.998309888617593,213,69,144,32.394366197183096,10749.960000000001,9841.440000000002,908.5199999999986,1158.79,0,2,15.921613493499862,1.4438005402105651,1.6467401273103424,9.157645617640764,78,29,49,37.17948717948718,5179.62,3587.49,1592.13,413.48,0,8,0.04776484048049958,0.11095013505264129,-0.0,0.06190476190476191,0.009085827684499765,0.004615787933473137,-0.04100251057481585,
1b_narrow,124,0.19331884248105982,True,129,19,71.0,28.0,10,4,3.7,17,32,0.8,2.5,1.0,0.015,0.5,9.085827684499764,1.0923157586694627,0.5357372155405018,12.998309888617593,213,69,144,32.394366197183096,10749.960000000001,9841.440000000002,908.5199999999986,1158.79,0,2,15.921613493499862,1.4438005402105651,1.6467401273103424,9.157645617640764,78,29,49,37.17948717948718,5179.62,3587.49,1592.13,413.48,0,8,0.04776484048049958,0.11095013505264129,-0.0,0.06190476190476191,0.009085827684499765,0.004615787933473137,-0.04100251057481585,
1b_narrow,125,0.19331884248105982,True,129,19,71.0,28.0,10,4,3.7,17,32,0.8,2.5,1.0,0.015,0.5,9.085827684499764,1.0923157586694627,0.5357372155405018,12.998309888617593,213,69,144,32.394366197183096,10749.960000000001,9841.440000000002,908.5199999999986,1158.79,0,2,15.921613493499862,1.4438005402105651,1.6467401273103424,9.157645617640764,78,29,49,37.17948717948718,5179.62,3587.49,1592.13,413.48,0,8,0.04776484048049958,0.11095013505264129,-0.0,0.06190476190476191,0.009085827684499765,0.004615787933473137,-0.04100251057481585,
1b_narrow,126,0.19469913681591716,True,129,19,72.0,28.0,10,4,3.7,17,32,0.8,2.5,1.0,0.015,0.5,9.085827684499764,1.0923157586694627,0.5357372155405018,12.998309888617593,213,69,144,32.394366197183096,10749.960000000001,9841.440000000002,908.5199999999986,1158.79,0,2,16.180647717499852,1.4538577190846718,1.6688675837007594,9.157645617640764,77,29,48,37.66233766233766,5183.09,3565.0600000000004,1618.0299999999997,408.93,0,8,0.04854194315249955,0.11346442977116794,-0.0,0.061111111111111116,0.009085827684499765,0.004615787933473137,-0.04211996283683436,
1b_narrow,127,0.19469913681591716,True,129,19,72.0,28.0,10,4,3.7,17,32,0.8,2.5,1.0,0.015,0.5,9.085827684499764,1.0923157586694627,0.5357372155405018,12.998309888617593,213,69,144,32.394366197183096,10749.960000000001,9841.440000000002,908.5199999999986,1158.79,0,2,16.180647717499852,1.4538577190846718,1.6688675837007594,9.157645617640764,77,29,48,37.66233766233766,5183.09,3565.0600000000004,1618.0299999999997,408.93,0,8,0.04854194315249955,0.11346442977116794,-0.0,0.061111111111111116,0.009085827684499765,0.004615787933473137,-0.04211996283683436,
1b_narrow,128,0.192222503366391,True,129,19,72.0,28.0,10,4,3.6,17,32,0.8,2.5,1.0,0.015,0.5,8.815945928499751,1.0896661157024798,0.522416602113813,12.998309888617593,212,68,144,32.075471698113205,10712.780000000004,9831.25,881.5300000000043,1151.9,0,2,16.180647717499852,1.4538577190846718,1.6688675837007594,9.157645617640764,77,29,48,37.66233766233766,5183.09,3565.0600000000004,1618.0299999999997,408.93,0,8,0.04854194315249955,0.11346442977116794,-0.0,0.061111111111111116,0.008815945928499751,0.004483305785123993,-0.04419423238201136,
1b_narrow,129,0.19469913681591716,True,129,19,72.0,28.0,10,4,3.7,17,32,0.8,2.5,1.0,0.015,0.5,9.085827684499764,1.0923157586694627,0.5357372155405018,12.998309888617593,213,69,144,32.394366197183096,10749.960000000001,9841.440000000002,908.5199999999986,1158.79,0,2,16.180647717499852,1.4538577190846718,1.6688675837007594,9.157645617640764,77,29,48,37.66233766233766,5183.09,3565.0600000000004,1618.0299999999997,408.93,0,8,0.04854194315249955,0.11346442977116794,-0.0,0.061111111111111116,0.009085827684499765,0.004615787933473137,-0.04211996283683436,
1b_narrow,130,0.10723575867018645,True,129,19,72.0,28.0,10,4,3.7,17,32,0.9,2.5,1.0,0.015,0.5,4.094301232999806,1.0363468669080618,0.27634781841608896,12.167413319819284,257,80,177,31.1284046692607,11674.519999999999,11265.07,409.4499999999989,1349.11,0,2,10.858105001499807,1.270222043034837,1.215386212521984,13.301334119837946,87,30,57,34.48275862068966,5103.93,4018.1400000000003,1085.79,440.37,0,6,0.03257431500449942,0.06755551075870925,-0.0,0.06904761904761905,0.004094301232999806,0.0018173433454030886,-0.06785333071904416,
1b_narrow,131,0.19496899342393656,True,129,19,73.0,28.0,10,4,3.7,17,32,0.8,2.5,1.0,0.015,0.5,9.115319697499745,1.0926432816417968,0.536167458404722,12.962936442010447,212,69,143,32.54716981132076,10749.960000000001,9838.49,911.4700000000012,1152.65,0,2,16.180647717499852,1.4538577190846718,1.6688675837007594,9.157645617640764,77,29,48,37.66233766233766,5183.09,3565.0600000000004,1618.0299999999997,408.93,0,8,0.04854194315249955,0.11346442977116794,-0.0,0.061111111111111116,0.009115319697499746,0.00463216408208984,-0.04189597439043163,
1b_narrow,132,0.19496899342393656,True,129,19,73.0,28.0,10,4,3.7,17,32,0.8,2.5,1.0,0.015,0.5,9.115319697499745,1.0926432816417968,0.536167458404722,12.962936442010447,212,69,143,32.54716981132076,10749.960000000001,9838.49,911.4700000000012,1152.65,0,2,16.180647717499852,1.4538577190846718,1.6688675837007594,9.157645617640764,77,29,48,37.66233766233766,5183.09,3565.0600000000004,1618.0299999999997,408.93,0,8,0.04854194315249955,0.11346442977116794,-0.0,0.061111111111111116,0.009115319697499746,0.00463216408208984,-0.04189597439043163,
1b_narrow,133,0.20087572335410758,True,128,19,73.0,28.0,10,4,3.7,17,33,0.8,2.5,1.0,0.015,0.5,9.044069172999698,1.091132163504609,0.5323188577392178,11.988184714277127,214,70,144,32.71028037383178,10827.730000000001,9923.39,904.340000000002,1173.05,0,1,17.12562137549992,1.4844363480012217,1.7552631776774068,9.023970425593477,77,30,47,38.96103896103896,5247.72,3535.1600000000008,1712.5599999999995,411.03,0,8,0.05137686412649976,0.12110908700030543,-0.0,0.061111111111111116,0.009044069172999698,0.0045566081752304475,-0.04632201623203886,
1b_narrow,134,0.20087572335410758,True,128,19,73.0,28.0,10,4,3.7,17,33,0.8,2.5,1.0,0.015,0.5,9.044069172999698,1.091132163504609,0.5323188577392178,11.988184714277127,214,70,144,32.71028037383178,10827.730000000001,9923.39,904.340000000002,1173.05,0,1,17.12562137549992,1.4844363480012217,1.7552631776774068,9.023970425593477,77,30,47,38.96103896103896,5247.72,3535.1600000000008,1712.5599999999995,411.03,0,8,0.05137686412649976,0.12110908700030543,-0.0,0.061111111111111116,0.009044069172999698,0.0045566081752304475,-0.04632201623203886,
1b_narrow,135,0.088129377303507,True,128,19,73.0,28.0,10,4,3.7,17,33,0.9,2.5,1.0,0.015,0.5,2.5511762009999073,1.0266659003751346,0.2038098830955898,12.245898638298273,210,66,144,31.428571428571427,9825.09,9569.9,255.1900000000005,1107.3,0,1,12.195971286499825,1.306844028018196,1.3495129003125954,12.987543619280482,87,31,56,35.632183908045974,5194.130000000001,3974.5599999999995,1219.5700000000015,443.86,0,7,0.03658791385949947,0.07671100700454903,-0.0,0.06904761904761905,0.0025511762009999073,0.0013332950187567305,-0.09810163382791719,
1b_narrow,136,0.19704235666025283,True,128,19,73.0,28.0,10,4,3.6,17,33,0.8,2.5,1.0,0.015,0.5,8.62384287949968,1.0869481047845964,0.5116796530567127,11.988184714277127,213,69,144,32.394366197183096,10780.210000000003,9917.869999999999,862.3400000000038,1166.41,0,1,17.12562137549992,1.4844363480012217,1.7552631776774068,9.023970425593477,77,30,47,38.96103896103896,5247.72,3535.1600000000008,1712.5599999999995,411.03,0,8,0.05137686412649976,0.12110908700030543,-0.0,0.061111111111111116,0.00862384287949968,0.004347405239229818,-0.049525953696392976,
1b_narrow,137,0.08244606367800918,True,128,19,73.0,28.0,10,4,3.6,17,33,0.9,2.5,1.0,0.015,0.5,2.2471953109999045,1.0235136229221997,0.1874429979713334,12.510130924836352,209,65,144,31.10047846889952,9784.78,9559.99,224.79000000000087,1101.04,0,1,12.195971286499825,1.306844028018196,1.3495129003125954,12.987543619280482,87,31,56,35.632183908045974,5194.130000000001,3974.5599999999995,1219.5700000000015,443.86,0,7,0.03658791385949947,0.07671100700454903,-0.0,0.06904761904761905,0.0022471953109999047,0.001175681146109986,-0.10332335269076827,
1b_narrow,138,0.199031422994132,True,128,20,73.0,28.0,9,4,3.6,17,33,0.8,2.5,1.0,0.015,0.5,8.841225998499686,1.0889748841328712,0.5223519509157779,11.988184714277127,215,70,145,32.55813953488372,10820.000000000002,9935.95,884.0500000000011,1178.14,0,1,17.12562137549992,1.4844363480012217,1.7552631776774068,9.023970425593477,77,30,47,38.96103896103896,5247.72,3535.1600000000008,1712.5599999999995,411.03,0,8,0.05137686412649976,0.12110908700030543,-0.0,0.061111111111111116,0.008841225998499685,0.004448744206643563,-0.047855609448927555,
1b_narrow,139,0.199031422994132,True,128,20,73.0,28.0,9,4,3.6,17,33,0.8,2.5,1.0,0.015,0.5,8.841225998499686,1.0889748841328712,0.5223519509157779,11.988184714277127,215,70,145,32.55813953488372,10820.000000000002,9935.95,884.0500000000011,1178.14,0,1,17.12562137549992,1.4844363480012217,1.7552631776774068,9.023970425593477,77,30,47,38.96103896103896,5247.72,3535.1600000000008,1712.5599999999995,411.03,0,8,0.05137686412649976,0.12110908700030543,-0.0,0.061111111111111116,0.008841225998499685,0.004448744206643563,-0.047855609448927555,
1b_narrow,140,0.1435901049309955,True,127,20,73.0,28.0,9,4,3.6,17,33,0.8,2.5,1.0,0.015,0.5,5.224256613499819,1.0531335426972146,0.34170742751649985,12.02259251335634,220,70,150,31.818181818181817,10355.420000000002,9832.96,522.4600000000028,1175.8,0,3,14.812414904999915,1.3950631442783417,1.5279776786375745,9.996611277885481,81,30,51,37.03703703703704,5230.58,3749.35,1481.23,427.89,0,8,0.04443724471499975,0.09876578606958542,-0.0,0.0642857142857143,0.00522425661349982,0.00265667713486073,-0.0717795738876645,
1b_narrow,141,0.06105497084371302,True,110,20,73.0,28.0,9,4,3.6,17,33,0.8,2.5,1.0,0.015,0.5,0.9352791679997972,1.0098779355811602,0.1169346386544989,13.126355334702868,219,70,149,31.963470319634702,9563.13,9469.59,93.53999999999905,1101.41,0,5,12.797419749999953,1.282572024093406,1.3426665657636663,9.21007691330561,101,36,65,35.64356435643565,5808.82,4529.04,1279.7799999999997,534.06,0,2,0.03839225924999986,0.0706430060233515,-0.0,0.08015873015873017,0.0009352791679997972,0.0004938967790580117,-0.1295682005354263,
1b_narrow,142,0.199031422994132,True,128,20,74.0,28.0,9,4,3.6,17,33,0.8,2.5,1.0,0.015,0.5,8.841225998499686,1.0889748841328712,0.5223519509157779,11.988184714277127,215,70,145,32.55813953488372,10820.000000000002,9935.95,884.0500000000011,1178.14,0,1,17.12562137549992,1.4844363480012217,1.7552631776774068,9.023970425593477,77,30,47,38.96103896103896,5247.72,3535.1600000000008,1712.5599999999995,411.03,0,8,0.05137686412649976,0.12110908700030543,-0.0,0.061111111111111116,0.008841225998499685,0.004448744206643563,-0.047855609448927555,
1b_narrow,143,0.199031422994132,True,128,20,73.0,28.0,9,4,3.6,17,33,0.8,2.5,1.0,0.015,0.5,8.841225998499686,1.0889748841328712,0.5223519509157779,11.988184714277127,215,70,145,32.55813953488372,10820.000000000002,9935.95,884.0500000000011,1178.14,0,1,17.12562137549992,1.4844363480012217,1.7552631776774068,9.023970425593477,77,30,47,38.96103896103896,5247.72,3535.1600000000008,1712.5599999999995,411.03,0,8,0.05137686412649976,0.12110908700030543,-0.0,0.061111111111111116,0.008841225998499685,0.004448744206643563,-0.047855609448927555,
1b_narrow,144,0.199031422994132,True,128,20,74.0,28.0,9,4,3.6,17,33,0.8,2.5,1.0,0.015,0.5,8.841225998499686,1.0889748841328712,0.5223519509157779,11.988184714277127,215,70,145,32.55813953488372,10820.000000000002,9935.95,884.0500000000011,1178.14,0,1,17.12562137549992,1.4844363480012217,1.7552631776774068,9.023970425593477,77,30,47,38.96103896103896,5247.72,3535.1600000000008,1712.5599999999995,411.03,0,8,0.05137686412649976,0.12110908700030543,-0.0,0.061111111111111116,0.008841225998499685,0.004448744206643563,-0.047855609448927555,
1b_narrow,145,0.08474067854823161,True,128,20,73.0,28.0,9,4,3.6,17,33,0.9,2.5,1.0,0.015,0.5,2.3686486284999044,1.0247279497634596,0.19397302567627883,12.404558868018373,211,66,145,31.27962085308057,9818.81,9581.869999999999,236.9400000000005,1112.27,0,1,12.195971286499825,1.306844028018196,1.3495129003125954,12.987543619280482,87,31,56,35.632183908045974,5194.130000000001,3974.5599999999995,1219.5700000000015,443.86,0,7,0.03658791385949947,0.07671100700454903,-0.0,0.06904761904761905,0.0023686486284999046,0.00123639748817298,-0.10121090748010882,
1b_narrow,146,0.1435901049309955,True,127,20,74.0,28.0,9,4,3.6,17,33,0.8,2.5,1.0,0.015,0.5,5.224256613499819,1.0531335426972146,0.34170742751649985,12.02259251335634,220,70,150,31.818181818181817,10355.420000000002,9832.96,522.4600000000028,1175.8,0,3,14.812414904999915,1.3950631442783417,1.5279776786375745,9.996611277885481,81,30,51,37.03703703703704,5230.58,3749.35,1481.23,427.89,0,8,0.04443724471499975,0.09876578606958542,-0.0,0.0642857142857143,0.00522425661349982,0.00265667713486073,-0.0717795738876645,
1b_narrow,147,0.2014865890106609,True,128,20,74.0,28.0,9,4,3.6,17,34,0.8,2.5,1.0,0.015,0.5,9.141584405999692,1.091936716754169,0.5370085936918073,11.988184714277127,215,70,145,32.55813953488372,10856.69,9942.6,914.0900000000001,1179.14,0,1,17.083522229999947,1.4832482829631468,1.7518888961171455,9.023970425593477,77,30,47,38.96103896103896,5243.5199999999995,3535.1600000000008,1708.3599999999988,410.97,0,8,0.05125056668999984,0.1208120707407867,-0.0,0.061111111111111116,0.009141584405999692,0.0045968358377084465,-0.04542557977494489,
1b_narrow,148,0.14631356885259977,True,127,20,74.0,28.0,9,4,3.6,17,34,0.8,2.5,1.0,0.015,0.5,5.452344434999795,1.0554101802461884,0.3534437451275183,12.02259251335634,220,70,150,31.818181818181817,10385.69,9840.43,545.2600000000002,1176.87,0,3,14.792135103499913,1.394524384226599,1.5262030039991004,9.996611277885481,81,30,51,37.03703703703704,5228.5599999999995,3749.35,1479.2099999999996,427.89,0,8,0.04437640531049974,0.09863109605664977,-0.0,0.0642857142857143,0.005452344434999795,0.002770509012309419,-0.06920250024757325,
1b_narrow,149,0.08474067854823161,True,128,20,74.0,28.0,9,4,3.6,17,33,0.9,2.5,1.0,0.015,0.5,2.3686486284999044,1.0247279497634596,0.19397302567627883,12.404558868018373,211,66,145,31.27962085308057,9818.81,9581.869999999999,236.9400000000005,1112.27,0,1,12.195971286499825,1.306844028018196,1.3495129003125954,12.987543619280482,87,31,56,35.632183908045974,5194.130000000001,3974.5599999999995,1219.5700000000015,443.86,0,7,0.03658791385949947,0.07671100700454903,-0.0,0.06904761904761905,0.0023686486284999046,0.00123639748817298,-0.10121090748010882,
1b_narrow,150,0.2014865890106609,True,128,20,73.0,28.0,9,4,3.6,17,34,0.8,2.5,1.0,0.015,0.5,9.141584405999692,1.091936716754169,0.5370085936918073,11.988184714277127,215,70,145,32.55813953488372,10856.69,9942.6,914.0900000000001,1179.14,0,1,17.083522229999947,1.4832482829631468,1.7518888961171455,9.023970425593477,77,30,47,38.96103896103896,5243.5199999999995,3535.1600000000008,1708.3599999999988,410.97,0,8,0.05125056668999984,0.1208120707407867,-0.0,0.061111111111111116,0.009141584405999692,0.0045968358377084465,-0.04542557977494489,
1b_narrow,151,0.2014865890106609,True,128,20,73.0,28.0,9,4,3.6,17,34,0.8,2.5,1.0,0.015,0.5,9.141584405999692,1.091936716754169,0.5370085936918073,11.988184714277127,215,70,145,32.55813953488372,10856.69,9942.6,914.0900000000001,1179.14,0,1,17.083522229999947,1.4832482829631468,1.7518888961171455,9.023970425593477,77,30,47,38.96103896103896,5243.5199999999995,3535.1600000000008,1708.3599999999988,410.97,0,8,0.05125056668999984,0.1208120707407867,-0.0,0.061111111111111116,0.009141584405999692,0.0045968358377084465,-0.04542557977494489,
1b_narrow,152,0.2014865890106609,True,128,20,74.0,28.0,9,4,3.6,17,34,0.8,2.5,1.0,0.015,0.5,9.141584405999692,1.091936716754169,0.5370085936918073,11.988184714277127,215,70,145,32.55813953488372,10856.69,9942.6,914.0900000000001,1179.14,0,1,17.083522229999947,1.4832482829631468,1.7518888961171455,9.023970425593477,77,30,47,38.96103896103896,5243.5199999999995,3535.1600000000008,1708.3599999999988,410.97,0,8,0.05125056668999984,0.1208120707407867,-0.0,0.061111111111111116,0.009141584405999692,0.0045968358377084465,-0.04542557977494489,
1b_narrow,153,0.14631356885259977,True,127,20,74.0,28.0,9,4,3.6,17,34,0.8,2.5,1.0,0.015,0.5,5.452344434999795,1.0554101802461884,0.3534437451275183,12.02259251335634,220,70,150,31.818181818181817,10385.69,9840.43,545.2600000000002,1176.87,0,3,14.792135103499913,1.394524384226599,1.5262030039991004,9.996611277885481,81,30,51,37.03703703703704,5228.5599999999995,3749.35,1479.2099999999996,427.89,0,8,0.04437640531049974,0.09863109605664977,-0.0,0.0642857142857143,0.005452344434999795,0.002770509012309419,-0.06920250024757325,
1b_narrow,154,0.2014865890106609,True,128,20,74.0,28.0,9,4,3.6,17,34,0.8,2.5,1.0,0.015,0.5,9.141584405999692,1.091936716754169,0.5370085936918073,11.988184714277127,215,70,145,32.55813953488372,10856.69,9942.6,914.0900000000001,1179.14,0,1,17.083522229999947,1.4832482829631468,1.7518888961171455,9.023970425593477,77,30,47,38.96103896103896,5243.5199999999995,3535.1600000000008,1708.3599999999988,410.97,0,8,0.05125056668999984,0.1208120707407867,-0.0,0.061111111111111116,0.009141584405999692,0.0045968358377084465,-0.04542557977494489,
1b_narrow,155,0.2014865890106609,True,128,20,74.0,28.0,9,4,3.6,17,34,0.8,2.5,1.0,0.015,0.5,9.141584405999692,1.091936716754169,0.5370085936918073,11.988184714277127,215,70,145,32.55813953488372,10856.69,9942.6,914.0900000000001,1179.14,0,1,17.083522229999947,1.4832482829631468,1.7518888961171455,9.023970425593477,77,30,47,38.96103896103896,5243.5199999999995,3535.1600000000008,1708.3599999999988,410.97,0,8,0.05125056668999984,0.1208120707407867,-0.0,0.061111111111111116,0.009141584405999692,0.0045968358377084465,-0.04542557977494489,
1b_narrow,156,0.0035465646461489233,True,127,20,75.0,28.0,9,4,3.5,17,34,0.9,2.5,1.0,0.015,0.5,0.10336056249983813,1.0010976657650128,0.06999887483896229,12.820186903667674,216,67,149,31.01851851851852,9448.57,9438.21,10.360000000000582,1111.71,0,3,8.844016722999786,1.2078483350841447,1.00013839367709,13.914218944219755,90,31,59,34.44444444444444,5139.600000000001,4255.170000000001,884.4300000000003,449.3,0,8,0.02653205016899936,0.05196208377103617,-0.0,0.07142857142857144,0.00010336056249983814,5.488328825064004e-05,-0.14653438457320853,
1b_narrow,157,0.13164473297671694,True,126,20,74.0,27.0,8,4,3.6,17,34,0.8,2.5,1.0,0.015,0.5,4.5866752764997365,1.0464173196869553,0.3094488393343744,12.264861983076477,223,71,152,31.838565022421523,10339.660000000002,9881.01,458.65000000000146,1185.26,0,3,14.204749558999938,1.3720996023658965,1.4733502094878697,9.994546482785257,83,31,52,37.34939759036145,5238.099999999999,3817.5800000000004,1420.519999999999,436.37,0,8,0.04261424867699981,0.09302490059147411,-0.0,0.06587301587301587,0.004586675276499737,0.0023208659843477644,-0.07677497342562035,
1b_narrow,158,0.2014865890106609,True,128,20,73.0,28.0,9,4,3.6,17,34,0.8,2.5,1.0,0.015,0.5,9.141584405999692,1.091936716754169,0.5370085936918073,11.988184714277127,215,70,145,32.55813953488372,10856.69,9942.6,914.0900000000001,1179.14,0,1,17.083522229999947,1.4832482829631468,1.7518888961171455,9.023970425593477,77,30,47,38.96103896103896,5243.5199999999995,3535.1600000000008,1708.3599999999988,410.97,0,8,0.05125056668999984,0.1208120707407867,-0.0,0.061111111111111116,0.009141584405999692,0.0045968358377084465,-0.04542557977494489,
1b_narrow,159,0.1369001366234055,True,127,20,75.0,28.0,9,4,3.6,17,34,0.8,2.5,1.0,0.015,0.5,5.452344434999795,1.0554101802461884,0.3534437451275183,12.02259251335634,220,70,150,31.818181818181817,10385.69,9840.43,545.2600000000002,1176.87,0,3,13.465855301999854,1.350128446473702,1.399936253201439,9.996611277885481,81,30,51,37.03703703703704,5192.54,3845.9600000000005,1346.5799999999995,422.63,0,8,0.04039756590599956,0.0875321116184255,-0.0,0.0642857142857143,0.005452344434999795,0.002770509012309419,-0.06353810863404306,
1b_narrow,160,0.1967247854925976,True,128,21,74.0,28.0,9,4,3.6,17,34,0.8,2.5,1.0,0.015,0.5,8.618864251499616,1.0866440800651458,0.5115039035746918,12.06810519449327,216,70,146,32.407407407407405,10808.74,9946.900000000001,861.8399999999983,1179.8799999999999,0,1,17.083522229999947,1.4832482829631468,1.7518888961171455,9.023970425593477,77,30,47,38.96103896103896,5243.5199999999995,3535.1600000000008,1708.3599999999988,410.97,0,8,0.05125056668999984,0.1208120707407867,-0.0,0.061111111111111116,0.008618864251499617,0.0043322040032572895,-0.049400031304056985,
1b_narrow,161,0.2014865890106609,True,128,20,73.0,28.0,9,4,3.6,17,34,0.8,2.5,1.0,0.015,0.5,9.141584405999692,1.091936716754169,0.5370085936918073,11.988184714277127,215,70,145,32.55813953488372,10856.69,9942.6,914.0900000000001,1179.14,0,1,17.083522229999947,1.4832482829631468,1.7518888961171455,9.023970425593477,77,30,47,38.96103896103896,5243.5199999999995,3535.1600000000008,1708.3599999999988,410.97,0,8,0.05125056668999984,0.1208120707407867,-0.0,0.061111111111111116,0.009141584405999692,0.0045968358377084465,-0.04542557977494489,
1b_narrow,162,0.14631356885259977,True,127,20,73.0,28.0,9,4,3.6,17,34,0.8,2.5,1.0,0.015,0.5,5.452344434999795,1.0554101802461884,0.3534437451275183,12.02259251335634,220,70,150,31.818181818181817,10385.69,9840.43,545.2600000000002,1176.87,0,3,14.792135103499913,1.394524384226599,1.5262030039991004,9.996611277885481,81,30,51,37.03703703703704,5228.5599999999995,3749.35,1479.2099999999996,427.89,0,8,0.04437640531049974,0.09863109605664977,-0.0,0.0642857142857143,0.005452344434999795,0.002770509012309419,-0.06920250024757325,
1b_narrow,163,0.2014865890106609,True,128,20,74.0,28.0,9,4,3.6,17,34,0.8,2.5,1.0,0.015,0.5,9.141584405999692,1.091936716754169,0.5370085936918073,11.988184714277127,215,70,145,32.55813953488372,10856.69,9942.6,914.0900000000001,1179.14,0,1,17.083522229999947,1.4832482829631468,1.7518888961171455,9.023970425593477,77,30,47,38.96103896103896,5243.5199999999995,3535.1600000000008,1708.3599999999988,410.97,0,8,0.05125056668999984,0.1208120707407867,-0.0,0.061111111111111116,0.009141584405999692,0.0045968358377084465,-0.04542557977494489,
1b_narrow,164,0.19787333459017306,True,128,20,73.0,28.0,9,4,3.5,17,34,0.8,2.5,1.0,0.015,0.5,8.742969487499703,1.0879692333080435,0.517379968278538,11.988184714277127,214,69,145,32.242990654205606,10812.260000000002,9938.02,874.2400000000016,1172.69,0,1,17.083522229999947,1.4832482829631468,1.7518888961171455,9.023970425593477,77,30,47,38.96103896103896,5243.5199999999995,3535.1600000000008,1708.3599999999988,410.97,0,8,0.05125056668999984,0.1208120707407867,-0.0,0.061111111111111116,0.008742969487499704,0.004398461665402176,-0.04844184510462647,
1b_narrow,165,0.15618178274046599,True,127,20,73.0,27.0,8,4,3.6,17,34,0.8,2.5,1.0,0.015,0.5,6.281815726499826,1.0636287018991166,0.3957525953703705,12.02259251335634,221,71,150,32.126696832579185,10500.100000000002,9871.96,628.140000000003,1187.28,0,3,14.792135103499913,1.394524384226599,1.5262030039991004,9.996611277885481,81,30,51,37.03703703703704,5228.5599999999995,3749.35,1479.2099999999996,427.89,0,8,0.04437640531049974,0.09863109605664977,-0.0,0.0642857142857143,0.006281815726499826,0.003181435094955831,-0.060574683733853475,
1b_narrow,166,0.2014865890106609,True,128,20,73.0,28.0,9,4,3.6,17,34,0.8,2.5,1.0,0.015,0.5,9.141584405999692,1.091936716754169,0.5370085936918073,11.988184714277127,215,70,145,32.55813953488372,10856.69,9942.6,914.0900000000001,1179.14,0,1,17.083522229999947,1.4832482829631468,1.7518888961171455,9.023970425593477,77,30,47,38.96103896103896,5243.5199999999995,3535.1600000000008,1708.3599999999988,410.97,0,8,0.05125056668999984,0.1208120707407867,-0.0,0.061111111111111116,0.009141584405999692,0.0045968358377084465,-0.04542557977494489,
1b_narrow,167,0.1221685392028645,True,128,20,74.0,27.0,9,4,3.6,16,34,0.9,2.5,1.0,0.015,0.5,4.821355063499941,1.0493679129556854,0.3228652899059351,12.383283610453937,221,70,151,31.67420814479638,10248.190000000002,9766.060000000001,482.130000000001,1187.16,0,1,11.539274575499821,1.291222367202308,1.2874585649513897,12.776652378040563,87,31,56,35.632183908045974,5116.120000000001,3962.23,1153.8900000000008,443.61,0,8,0.034617823726499464,0.072805591800577,-0.0,0.06904761904761905,0.004821355063499941,0.002468395647784272,-0.06159224608311523,
1b_narrow,168,0.14631356885259977,True,127,20,74.0,28.0,9,4,3.6,17,34,0.8,2.5,1.0,0.015,0.5,5.452344434999795,1.0554101802461884,0.3534437451275183,12.02259251335634,220,70,150,31.818181818181817,10385.69,9840.43,545.2600000000002,1176.87,0,3,14.792135103499913,1.394524384226599,1.5262030039991004,9.996611277885481,81,30,51,37.03703703703704,5228.5599999999995,3749.35,1479.2099999999996,427.89,0,8,0.04437640531049974,0.09863109605664977,-0.0,0.0642857142857143,0.005452344434999795,0.002770509012309419,-0.06920250024757325,
1b_narrow,169,0.12256779744448644,True,128,20,73.0,28.0,9,10,3.6,17,34,0.8,2.5,1.0,0.015,0.5,3.824041710499878,1.0424641181532999,0.27488025543930916,12.419123808206622,200,62,138,31.0,9387.650000000003,9005.25,382.4000000000033,1072.79,0,1,13.198317744999985,1.406778564031757,1.4207750084987927,7.882700083149026,73,28,45,38.35616438356164,4564.49,3244.64,1319.85,387.1,0,5,0.03959495323499995,0.10169464100793923,-0.0,0.057936507936507946,0.003824041710499878,0.0021232059076649935,-0.08260555235312557,
1b_narrow,170,0.13447397639183156,True,126,20,73.0,28.0,9,4,3.6,16,34,0.8,2.5,1.0,0.015,0.5,6.28045286299981,1.0624152695670153,0.39425837830172955,12.570656040248766,227,72,155,31.718061674008812,10689.300000000001,10061.32,627.9800000000014,1228.95,0,3,9.654964775499774,1.216250417145404,1.0783420475217016,12.82369114226831,93,33,60,35.483870967741936,5430.4,4464.87,965.5299999999997,471.8,0,8,0.028964894326499322,0.05406260428635101,-0.0,0.07380952380952381,0.006280452862999809,0.0031207634783507634,-0.03176426237189315,
1b_narrow,171,0.2014865890106609,True,128,20,74.0,28.0,9,4,3.6,17,34,0.8,2.5,1.0,0.015,0.5,9.141584405999692,1.091936716754169,0.5370085936918073,11.988184714277127,215,70,145,32.55813953488372,10856.69,9942.6,914.0900000000001,1179.14,0,1,17.083522229999947,1.4832482829631468,1.7518888961171455,9.023970425593477,77,30,47,38.96103896103896,5243.5199999999995,3535.1600000000008,1708.3599999999988,410.97,0,8,0.05125056668999984,0.1208120707407867,-0.0,0.061111111111111116,0.009141584405999692,0.0045968358377084465,-0.04542557977494489,
1b_narrow,172,0.14631356885259977,True,127,20,74.0,28.0,9,4,3.6,17,34,0.8,2.5,1.0,0.015,0.5,5.452344434999795,1.0554101802461884,0.3534437451275183,12.02259251335634,220,70,150,31.818181818181817,10385.69,9840.43,545.2600000000002,1176.87,0,3,14.792135103499913,1.394524384226599,1.5262030039991004,9.996611277885481,81,30,51,37.03703703703704,5228.5599999999995,3749.35,1479.2099999999996,427.89,0,8,0.04437640531049974,0.09863109605664977,-0.0,0.0642857142857143,0.005452344434999795,0.002770509012309419,-0.06920250024757325,
1b_narrow,173,0.126021166355678,True,128,20,74.0,28.0,9,4,3.6,10,34,0.8,2.5,1.0,0.015,0.5,5.1452219179996606,1.0491521990851316,0.33539844685896547,13.675336826397425,259,85,174,32.818532818532816,10981.560000000001,10467.080000000002,514.4799999999996,1419.91,0,1,8.858666923999845,1.2058378624556476,1.028884417616569,13.11680928479388,101,33,68,32.67326732673267,5189.48,4303.630000000001,885.8499999999985,512.86,0,8,0.026576000771999533,0.0514594656139119,-0.0,0.08015873015873017,0.005145221917999661,0.002457609954256579,-0.03977586206121982,
1b_narrow,174,0.19207446957531896,True,128,20,74.0,28.0,9,4,3.6,17,35,0.8,2.5,1.0,0.015,0.5,8.126788589999725,1.0813203638656217,0.48654394780132315,11.988184714277127,216,70,146,32.407407407407405,10805.31,9992.7,812.6099999999988,1177.89,0,1,17.083522229999947,1.4832482829631468,1.7518888961171455,9.023970425593477,77,30,47,38.96103896103896,5243.5199999999995,3535.1600000000008,1708.3599999999988,410.97,0,9,0.05125056668999984,0.1208120707407867,-0.0,0.061111111111111116,0.008126788589999726,0.004066018193281085,-0.053292085749859504,
1b_narrow,175,0.18957194453863063,True,128,20,75.0,28.0,9,4,3.6,17,34,0.8,2.5,1.0,0.015,0.5,9.141584405999692,1.091936716754169,0.5370085936918073,11.988184714277127,215,70,145,32.55813953488372,10856.69,9942.6,914.0900000000001,1179.14,0,1,15.60532003699991,1.4283420346184883,1.6085598923310762,9.023970425593477,77,30,47,38.96103896103896,5203.65,3643.14,1560.5099999999998,405.8,0,8,0.04681596011099973,0.10708550865462207,-0.0,0.061111111111111116,0.009141584405999692,0.0045968358377084465,-0.03917905558181042,
1b_narrow,176,0.05678724573187114,True,127,21,73.0,28.0,9,4,3.6,17,35,0.9,2.5,1.0,0.015,0.5,1.8126775534999795,1.0188757052615798,0.16362025078774203,12.543992770910961,217,69,148,31.797235023041473,9784.080000000004,9602.82,181.26000000000386,1130.02,0,3,9.408268341499788,1.226831314611943,1.0615946953701152,13.914218944219755,89,30,59,33.70786516853933,5088.700000000002,4147.84,940.8600000000015,447.43,0,8,0.028224805024499363,0.05670782865298574,-0.0,0.07063492063492065,0.0018126775534999797,0.000943785263078989,-0.10153677139711358,
1b_narrow,177,0.20799003214908163,True,128,20,73.0,28.0,8,4,3.6,17,34,0.8,2.5,1.0,0.015,0.5,9.887233932499711,1.0990355585206022,0.5733603203326867,11.988184714277127,216,71,145,32.870370370370374,10971.650000000001,9982.98,988.6700000000019,1189.49,0,1,17.083522229999947,1.4832482829631468,1.7518888961171455,9.023970425593477,77,30,47,38.96103896103896,5243.5199999999995,3535.1600000000008,1708.3599999999988,410.97,0,8,0.05125056668999984,0.1208120707407867,-0.0,0.061111111111111116,0.009887233932499712,0.00495177792603011,-0.040022728251345854,
1b_narrow,178,0.14889946386285985,True,128,20,74.0,28.0,8,9,3.5,16,34,0.8,2.5,1.0,0.015,0.5,7.29991889749981,1.0778442283615548,0.45498428361300464,12.596759101813685,215,69,146,32.093023255813954,10107.01,9377.06,729.9500000000007,1172.3,0,1,8.926566606999915,1.2086203149065262,1.041852455604539,11.708400135977266,93,33,60,35.483870967741936,5171.360000000001,4278.73,892.630000000001,478.87,0,5,0.02677969982099974,0.052155078726631554,-0.0,0.07380952380952381,0.0072999188974998104,0.0038922114180777404,-0.015036968809872809,
1b_narrow,179,0.15618178274046599,True,127,20,73.0,27.0,8,4,3.6,17,34,0.8,2.5,1.0,0.015,0.5,6.281815726499826,1.0636287018991166,0.3957525953703705,12.02259251335634,221,71,150,32.126696832579185,10500.100000000002,9871.96,628.140000000003,1187.28,0,3,14.792135103499913,1.394524384226599,1.5262030039991004,9.996611277885481,81,30,51,37.03703703703704,5228.5599999999995,3749.35,1479.2099999999996,427.89,0,8,0.04437640531049974,0.09863109605664977,-0.0,0.0642857142857143,0.006281815726499826,0.003181435094955831,-0.060574683733853475,
1b_narrow,180,0.19620596655776054,True,128,20,75.0,28.0,8,4,3.6,17,34,0.8,2.5,1.0,0.015,0.5,9.887233932499711,1.0990355585206022,0.5733603203326867,11.988184714277127,216,71,145,32.870370370370374,10971.650000000001,9982.98,988.6700000000019,1189.49,0,1,15.60532003699991,1.4283420346184883,1.6085598923310762,9.023970425593477,77,30,47,38.96103896103896,5203.65,3643.14,1560.5099999999998,405.8,0,8,0.04681596011099973,0.10708550865462207,-0.0,0.061111111111111116,0.009887233932499712,0.00495177792603011,-0.033645625177502185,
1b_narrow,181,0.2014865890106609,True,128,20,73.0,28.0,9,4,3.6,17,34,0.8,2.5,1.0,0.015,0.5,9.141584405999692,1.091936716754169,0.5370085936918073,11.988184714277127,215,70,145,32.55813953488372,10856.69,9942.6,914.0900000000001,1179.14,0,1,17.083522229999947,1.4832482829631468,1.7518888961171455,9.023970425593477,77,30,47,38.96103896103896,5243.5199999999995,3535.1600000000008,1708.3599999999988,410.97,0,8,0.05125056668999984,0.1208120707407867,-0.0,0.061111111111111116,0.009141584405999692,0.0045968358377084465,-0.04542557977494489,
1b_narrow,182,0.2014865890106609,True,128,20,72.0,28.0,9,4,3.6,17,34,0.8,2.5,1.0,0.015,0.5,9.141584405999692,1.091936716754169,0.5370085936918073,11.988184714277127,215,70,145,32.55813953488372,10856.69,9942.6,914.0900000000001,1179.14,0,1,17.083522229999947,1.4832482829631468,1.7518888961171455,9.023970425593477,77,30,47,38.96103896103896,5243.5199999999995,3535.1600000000008,1708.3599999999988,410.97,0,8,0.05125056668999984,0.1208120707407867,-0.0,0.061111111111111116,0.009141584405999692,0.0045968358377084465,-0.04542557977494489,
1b_narrow,183,0.2014865890106609,True,128,20,74.0,28.0,9,4,3.6,17,34,0.8,2.5,1.0,0.015,0.5,9.141584405999692,1.091936716754169,0.5370085936918073,11.988184714277127,215,70,145,32.55813953488372,10856.69,9942.6,914.0900000000001,1179.14,0,1,17.083522229999947,1.4832482829631468,1.7518888961171455,9.023970425593477,77,30,47,38.96103896103896,5243.5199999999995,3535.1600000000008,1708.3599999999988,410.97,0,8,0.05125056668999984,0.1208120707407867,-0.0,0.061111111111111116,0.009141584405999692,0.0045968358377084465,-0.04542557977494489,
1b_narrow,184,0.1337593555674639,True,127,20,74.0,28.0,9,4,3.6,17,35,0.8,2.5,1.0,0.015,0.5,4.478670143999807,1.0453073615231867,0.30314954711727415,12.439370007406197,221,70,151,31.67420814479638,10333.48,9885.59,447.8899999999994,1175.37,0,3,14.792135103499913,1.394524384226599,1.5262030039991004,9.996611277885481,81,30,51,37.03703703703704,5228.5599999999995,3749.35,1479.2099999999996,427.89,0,9,0.04437640531049974,0.09863109605664977,-0.0,0.0642857142857143,0.0044786701439998074,0.0022653680761593356,-0.08027789830555904,
1b_narrow,185,0.2014865890106609,True,128,20,74.0,28.0,9,4,3.6,17,34,0.8,2.5,1.0,0.015,0.5,9.141584405999692,1.091936716754169,0.5370085936918073,11.988184714277127,215,70,145,32.55813953488372,10856.69,9942.6,914.0900000000001,1179.14,0,1,17.083522229999947,1.4832482829631468,1.7518888961171455,9.023970425593477,77,30,47,38.96103896103896,5243.5199999999995,3535.1600000000008,1708.3599999999988,410.97,0,8,0.05125056668999984,0.1208120707407867,-0.0,0.061111111111111116,0.009141584405999692,0.0045968358377084465,-0.04542557977494489,
1b_narrow,186,0.2014865890106609,True,128,20,74.0,28.0,9,4,3.6,17,34,0.8,2.5,1.0,0.015,0.5,9.141584405999692,1.091936716754169,0.5370085936918073,11.988184714277127,215,70,145,32.55813953488372,10856.69,9942.6,914.0900000000001,1179.14,0,1,17.083522229999947,1.4832482829631468,1.7518888961171455,9.023970425593477,77,30,47,38.96103896103896,5243.5199999999995,3535.1600000000008,1708.3599999999988,410.97,0,8,0.05125056668999984,0.1208120707407867,-0.0,0.061111111111111116,0.009141584405999692,0.0045968358377084465,-0.04542557977494489,
1b_narrow,187,0.025363481495692827,True,127,20,74.0,28.0,9,4,3.6,17,34,0.9,2.5,1.0,0.015,0.5,0.42778404299990147,1.0045281764962348,0.08800119091971541,12.533206073374755,217,68,149,31.336405529953918,9492.51,9449.72,42.79000000000087,1117.98,0,3,10.116454861499752,1.2430409244333402,1.1311245048611112,13.914218944219755,90,31,59,34.44444444444444,5174.22,4162.55,1011.6700000000001,454.19,0,8,0.030349364584499255,0.06076023110833506,-0.0,0.07142857142857144,0.00042778404299990145,0.0002264088248117413,-0.13782887849352457,
1b_narrow,188,0.17993694816256825,True,128,20,75.0,28.0,9,4,3.6,17,35,0.8,2.5,1.0,0.015,0.5,8.126788589999725,1.0813203638656217,0.48654394780132315,11.988184714277127,216,70,146,32.407407407407405,10805.31,9992.7,812.6099999999988,1177.89,0,1,15.60532003699991,1.4283420346184883,1.6085598923310762,9.023970425593477,77,30,47,38.96103896103896,5203.65,3643.14,1560.5099999999998,405.8,0,9,0.04681596011099973,0.10708550865462207,-0.0,0.061111111111111116,0.008126788589999726,0.004066018193281085,-0.04726843849744549,
1b_narrow,189,0.19883846320726026,True,129,20,74.0,28.0,9,4,3.6,17,34,0.8,2.5,1.0,0.015,0.5,9.546734846499712,1.0970473957835625,0.5574236123435805,12.95992713583499,213,70,143,32.863849765258216,10791.37,9836.74,954.630000000001,1158.33,0,2,16.180647717499852,1.4538577190846718,1.6688675837007594,9.157645617640764,77,29,48,37.66233766233766,5183.09,3565.0600000000004,1618.0299999999997,408.93,0,8,0.04854194315249955,0.11346442977116794,-0.0,0.061111111111111116,0.009546734846499712,0.004852369789178124,-0.03867812546319618,
1b_narrow,190,0.14631356885259977,True,127,20,74.0,28.0,9,4,3.6,17,34,0.8,2.5,1.0,0.015,0.5,5.452344434999795,1.0554101802461884,0.3534437451275183,12.02259251335634,220,70,150,31.818181818181817,10385.69,9840.43,545.2600000000002,1176.87,0,3,14.792135103499913,1.394524384226599,1.5262030039991004,9.996611277885481,81,30,51,37.03703703703704,5228.5599999999995,3749.35,1479.2099999999996,427.89,0,8,0.04437640531049974,0.09863109605664977,-0.0,0.0642857142857143,0.005452344434999795,0.002770509012309419,-0.06920250024757325,
1b_narrow,191,0.2014865890106609,True,128,20,74.0,28.0,9,4,3.6,17,34,0.8,2.5,1.0,0.015,0.5,9.141584405999692,1.091936716754169,0.5370085936918073,11.988184714277127,215,70,145,32.55813953488372,10856.69,9942.6,914.0900000000001,1179.14,0,1,17.083522229999947,1.4832482829631468,1.7518888961171455,9.023970425593477,77,30,47,38.96103896103896,5243.5199999999995,3535.1600000000008,1708.3599999999988,410.97,0,8,0.05125056668999984,0.1208120707407867,-0.0,0.061111111111111116,0.009141584405999692,0.0045968358377084465,-0.04542557977494489,
1b_narrow,192,0.18957194453863063,True,128,20,75.0,28.0,9,4,3.6,17,34,0.8,2.5,1.0,0.015,0.5,9.141584405999692,1.091936716754169,0.5370085936918073,11.988184714277127,215,70,145,32.55813953488372,10856.69,9942.6,914.0900000000001,1179.14,0,1,15.60532003699991,1.4283420346184883,1.6085598923310762,9.023970425593477,77,30,47,38.96103896103896,5203.65,3643.14,1560.5099999999998,405.8,0,8,0.04681596011099973,0.10708550865462207,-0.0,0.061111111111111116,0.009141584405999692,0.0045968358377084465,-0.03917905558181042,
1b_narrow,193,0.2014865890106609,True,128,20,74.0,28.0,9,4,3.6,17,34,0.8,2.5,1.0,0.015,0.5,9.141584405999692,1.091936716754169,0.5370085936918073,11.988184714277127,215,70,145,32.55813953488372,10856.69,9942.6,914.0900000000001,1179.14,0,1,17.083522229999947,1.4832482829631468,1.7518888961171455,9.023970425593477,77,30,47,38.96103896103896,5243.5199999999995,3535.1600000000008,1708.3599999999988,410.97,0,8,0.05125056668999984,0.1208120707407867,-0.0,0.061111111111111116,0.009141584405999692,0.0045968358377084465,-0.04542557977494489,
1b_narrow,194,0.14631356885259977,True,127,20,74.0,28.0,9,4,3.6,17,34,0.8,2.5,1.0,0.015,0.5,5.452344434999795,1.0554101802461884,0.3534437451275183,12.02259251335634,220,70,150,31.818181818181817,10385.69,9840.43,545.2600000000002,1176.87,0,3,14.792135103499913,1.394524384226599,1.5262030039991004,9.996611277885481,81,30,51,37.03703703703704,5228.5599999999995,3749.35,1479.2099999999996,427.89,0,8,0.04437640531049974,0.09863109605664977,-0.0,0.0642857142857143,0.005452344434999795,0.002770509012309419,-0.06920250024757325,
1b_narrow,195,0.19207446957531896,True,128,20,74.0,28.0,9,4,3.6,17,35,0.8,2.5,1.0,0.015,0.5,8.126788589999725,1.0813203638656217,0.48654394780132315,11.988184714277127,216,70,146,32.407407407407405,10805.31,9992.7,812.6099999999988,1177.89,0,1,17.083522229999947,1.4832482829631468,1.7518888961171455,9.023970425593477,77,30,47,38.96103896103896,5243.5199999999995,3535.1600000000008,1708.3599999999988,410.97,0,9,0.05125056668999984,0.1208120707407867,-0.0,0.061111111111111116,0.008126788589999726,0.004066018193281085,-0.053292085749859504,
1b_narrow,196,0.19883846320726026,True,129,20,74.0,28.0,9,4,3.6,17,34,0.8,2.5,1.0,0.015,0.5,9.546734846499712,1.0970473957835625,0.5574236123435805,12.95992713583499,213,70,143,32.863849765258216,10791.37,9836.74,954.630000000001,1158.33,0,2,16.180647717499852,1.4538577190846718,1.6688675837007594,9.157645617640764,77,29,48,37.66233766233766,5183.09,3565.0600000000004,1618.0299999999997,408.93,0,8,0.04854194315249955,0.11346442977116794,-0.0,0.061111111111111116,0.009546734846499712,0.004852369789178124,-0.03867812546319618,
1b_narrow,197,0.2014865890106609,True,128,20,74.0,28.0,9,4,3.6,17,34,0.8,2.5,1.0,0.015,0.5,9.141584405999692,1.091936716754169,0.5370085936918073,11.988184714277127,215,70,145,32.55813953488372,10856.69,9942.6,914.0900000000001,1179.14,0,1,17.083522229999947,1.4832482829631468,1.7518888961171455,9.023970425593477,77,30,47,38.96103896103896,5243.5199999999995,3535.1600000000008,1708.3599999999988,410.97,0,8,0.05125056668999984,0.1208120707407867,-0.0,0.061111111111111116,0.009141584405999692,0.0045968358377084465,-0.04542557977494489,
1b_narrow,198,-1.0007054621216669,False,112,20,75.0,28.0,9,4,3.6,17,35,0.8,2.5,1.0,0.015,0.5,-0.42327727300016704,0.995614802422832,0.04550806342244508,13.114560214394938,227,73,154,32.158590308370044,9617.41,9659.77,-42.36000000000058,1135.53,0,5,12.557241729999951,1.2778998616874138,1.3203290370595564,9.230430312800877,100,35,65,35.0,5774.510000000001,4518.75,1255.7600000000011,528.3,0,2,,,,,,,,0.00423277273000167
1b_narrow,199,-1.0030644248683336,False,108,20,74.0,28.0,9,4,3.6,17,34,0.8,2.5,1.0,0.015,0.5,-1.8386549210001977,0.9846315722614464,-0.014627347724150822,13.148718319647068,284,89,195,31.338028169014084,11781.55,11965.439999999999,-183.88999999999942,1402.14,0,5,13.565267722999868,1.3025554559363386,1.411197770391402,8.963132408613415,99,36,63,36.36363636363637,5840.32,4483.740000000001,1356.579999999999,526.94,0,2,,,,,,,,0.018386549210001976
1b_narrow,200,0.16869735928457608,True,129,20,73.0,28.0,9,4,3.6,17,34,0.7,2.5,1.0,0.015,0.5,6.331740425499848,1.0621547354563066,0.395816526137919,12.844231784512472,223,71,152,31.838565022421523,10819.140000000001,10186.029999999999,633.1100000000024,1203.02,0,2,16.334956401499838,1.4518344563569774,1.6785674745315227,9.157645617640764,80,30,50,37.5,5248.73,3615.2400000000002,1633.4899999999993,425.71,0,9,0.04900486920449951,0.11295861408924435,-0.0,0.06349206349206349,0.006331740425499848,0.0031077367728153285,-0.06619766469954644,
1b_narrow,201,0.2014865890106609,True,128,20,74.0,28.0,9,4,3.6,17,34,0.8,2.5,1.0,0.015,0.5,9.141584405999692,1.091936716754169,0.5370085936918073,11.988184714277127,215,70,145,32.55813953488372,10856.69,9942.6,914.0900000000001,1179.14,0,1,17.083522229999947,1.4832482829631468,1.7518888961171455,9.023970425593477,77,30,47,38.96103896103896,5243.5199999999995,3535.1600000000008,1708.3599999999988,410.97,0,8,0.05125056668999984,0.1208120707407867,-0.0,0.061111111111111116,0.009141584405999692,0.0045968358377084465,-0.04542557977494489,
1b_narrow,202,0.2014865890106609,True,128,20,74.0,28.0,9,4,3.6,17,34,0.8,2.5,1.0,0.015,0.5,9.141584405999692,1.091936716754169,0.5370085936918073,11.988184714277127,215,70,145,32.55813953488372,10856.69,9942.6,914.0900000000001,1179.14,0,1,17.083522229999947,1.4832482829631468,1.7518888961171455,9.023970425593477,77,30,47,38.96103896103896,5243.5199999999995,3535.1600000000008,1708.3599999999988,410.97,0,8,0.05125056668999984,0.1208120707407867,-0.0,0.061111111111111116,0.009141584405999692,0.0045968358377084465,-0.04542557977494489,
1b_narrow,203,0.2014865890106609,True,128,20,74.0,28.0,9,4,3.6,17,34,0.8,2.5,1.0,0.015,0.5,9.141584405999692,1.091936716754169,0.5370085936918073,11.988184714277127,215,70,145,32.55813953488372,10856.69,9942.6,914.0900000000001,1179.14,0,1,17.083522229999947,1.4832482829631468,1.7518888961171455,9.023970425593477,77,30,47,38.96103896103896,5243.5199999999995,3535.1600000000008,1708.3599999999988,410.97,0,8,0.05125056668999984,0.1208120707407867,-0.0,0.061111111111111116,0.009141584405999692,0.0045968358377084465,-0.04542557977494489,
1b_narrow,204,-1.0033482105958336,False,116,20,74.0,28.0,9,4,3.6,17,34,0.8,2.5,1.0,0.015,0.5,-2.0089263575001133,0.978937602214115,-0.04021683086766127,12.450032158337104,227,71,156,31.277533039647576,9337.89,9538.8,-200.90999999999985,1128.92,0,7,14.805013251499949,1.3394340816551118,1.5378040527501462,9.473301463784734,97,35,62,36.08247422680412,5842.29,4361.759999999999,1480.5300000000007,516.73,0,2,,,,,,,,0.020089263575001133
1b_narrow,205,0.1369001366234055,True,127,20,75.0,28.0,9,4,3.6,17,34,0.8,2.5,1.0,0.015,0.5,5.452344434999795,1.0554101802461884,0.3534437451275183,12.02259251335634,220,70,150,31.818181818181817,10385.69,9840.43,545.2600000000002,1176.87,0,3,13.465855301999854,1.350128446473702,1.399936253201439,9.996611277885481,81,30,51,37.03703703703704,5192.54,3845.9600000000005,1346.5799999999995,422.63,0,8,0.04039756590599956,0.0875321116184255,-0.0,0.0642857142857143,0.005452344434999795,0.002770509012309419,-0.06353810863404306,
1b_narrow,206,0.2014865890106609,True,128,20,74.0,28.0,9,4,3.6,17,34,0.8,2.5,1.0,0.015,0.5,9.141584405999692,1.091936716754169,0.5370085936918073,11.988184714277127,215,70,145,32.55813953488372,10856.69,9942.6,914.0900000000001,1179.14,0,1,17.083522229999947,1.4832482829631468,1.7518888961171455,9.023970425593477,77,30,47,38.96103896103896,5243.5199999999995,3535.1600000000008,1708.3599999999988,410.97,0,8,0.05125056668999984,0.1208120707407867,-0.0,0.061111111111111116,0.009141584405999692,0.0045968358377084465,-0.04542557977494489,
1b_narrow,207,0.2014865890106609,True,128,20,73.0,28.0,9,4,3.6,17,34,0.8,2.5,1.0,0.015,0.5,9.141584405999692,1.091936716754169,0.5370085936918073,11.988184714277127,215,70,145,32.55813953488372,10856.69,9942.6,914.0900000000001,1179.14,0,1,17.083522229999947,1.4832482829631468,1.7518888961171455,9.023970425593477,77,30,47,38.96103896103896,5243.5199999999995,3535.1600000000008,1708.3599999999988,410.97,0,8,0.05125056668999984,0.1208120707407867,-0.0,0.061111111111111116,0.009141584405999692,0.0045968358377084465,-0.04542557977494489,
1b_narrow,208,0.0976084358186046,True,129,20,74.0,28.0,9,4,3.6,17,35,0.9,2.5,1.0,0.015,0.5,3.5507712819998414,1.037537524840387,0.2561757234928185,12.405653733013933,209,67,142,32.057416267942585,9815.519999999999,9460.400000000001,355.11999999999716,1099.98,0,2,10.742350003499816,1.2686888595962449,1.2052967839331061,13.122118064879931,86,29,57,33.72093023255814,5072.179999999999,3997.9700000000003,1074.2099999999991,435.55,0,7,0.03222705001049945,0.06717221489906122,-0.0,0.06825396825396826,0.0035507712819998413,0.0018768762420193542,-0.07547244486894353,
1b_narrow,209,0.14631356885259977,True,127,20,73.0,28.0,9,4,3.6,17,34,0.8,2.5,1.0,0.015,0.5,5.452344434999795,1.0554101802461884,0.3534437451275183,12.02259251335634,220,70,150,31.818181818181817,10385.69,9840.43,545.2600000000002,1176.87,0,3,14.792135103499913,1.394524384226599,1.5262030039991004,9.996611277885481,81,30,51,37.03703703703704,5228.5599999999995,3749.35,1479.2099999999996,427.89,0,8,0.04437640531049974,0.09863109605664977,-0.0,0.0642857142857143,0.005452344434999795,0.002770509012309419,-0.06920250024757325,
1b_narrow,210,0.17993694816256825,True,128,20,75.0,28.0,9,4,3.6,17,35,0.8,2.5,1.0,0.015,0.5,8.126788589999725,1.0813203638656217,0.48654394780132315,11.988184714277127,216,70,146,32.407407407407405,10805.31,9992.7,812.6099999999988,1177.89,0,1,15.60532003699991,1.4283420346184883,1.6085598923310762,9.023970425593477,77,30,47,38.96103896103896,5203.65,3643.14,1560.5099999999998,405.8,0,9,0.04681596011099973,0.10708550865462207,-0.0,0.061111111111111116,0.008126788589999726,0.004066018193281085,-0.04726843849744549,
1b_narrow,211,0.2014865890106609,True,128,20,74.0,28.0,9,4,3.6,17,34,0.8,2.5,1.0,0.015,0.5,9.141584405999692,1.091936716754169,0.5370085936918073,11.988184714277127,215,70,145,32.55813953488372,10856.69,9942.6,914.0900000000001,1179.14,0,1,17.083522229999947,1.4832482829631468,1.7518888961171455,9.023970425593477,77,30,47,38.96103896103896,5243.5199999999995,3535.1600000000008,1708.3599999999988,410.97,0,8,0.05125056668999984,0.1208120707407867,-0.0,0.061111111111111116,0.009141584405999692,0.0045968358377084465,-0.04542557977494489,
1b_narrow,212,0.2014865890106609,True,128,20,74.0,28.0,9,4,3.6,17,34,0.8,2.5,1.0,0.015,0.5,9.141584405999692,1.091936716754169,0.5370085936918073,11.988184714277127,215,70,145,32.55813953488372,10856.69,9942.6,914.0900000000001,1179.14,0,1,17.083522229999947,1.4832482829631468,1.7518888961171455,9.023970425593477,77,30,47,38.96103896103896,5243.5199999999995,3535.1600000000008,1708.3599999999988,410.97,0,8,0.05125056668999984,0.1208120707407867,-0.0,0.061111111111111116,0.009141584405999692,0.0045968358377084465,-0.04542557977494489,
1b_narrow,213,0.19883846320726026,True,129,20,74.0,28.0,9,4,3.6,17,34,0.8,2.5,1.0,0.015,0.5,9.546734846499712,1.0970473957835625,0.5574236123435805,12.95992713583499,213,70,143,32.863849765258216,10791.37,9836.74,954.630000000001,1158.33,0,2,16.180647717499852,1.4538577190846718,1.6688675837007594,9.157645617640764,77,29,48,37.66233766233766,5183.09,3565.0600000000004,1618.0299999999997,408.93,0,8,0.04854194315249955,0.11346442977116794,-0.0,0.061111111111111116,0.009546734846499712,0.004852369789178124,-0.03867812546319618,
1b_narrow,214,0.2014865890106609,True,128,20,73.0,28.0,9,4,3.6,17,34,0.8,2.5,1.0,0.015,0.5,9.141584405999692,1.091936716754169,0.5370085936918073,11.988184714277127,215,70,145,32.55813953488372,10856.69,9942.6,914.0900000000001,1179.14,0,1,17.083522229999947,1.4832482829631468,1.7518888961171455,9.023970425593477,77,30,47,38.96103896103896,5243.5199999999995,3535.1600000000008,1708.3599999999988,410.97,0,8,0.05125056668999984,0.1208120707407867,-0.0,0.061111111111111116,0.009141584405999692,0.0045968358377084465,-0.04542557977494489,
1b_narrow,215,0.14631356885259977,True,127,20,74.0,28.0,9,4,3.6,17,34,0.8,2.5,1.0,0.015,0.5,5.452344434999795,1.0554101802461884,0.3534437451275183,12.02259251335634,220,70,150,31.818181818181817,10385.69,9840.43,545.2600000000002,1176.87,0,3,14.792135103499913,1.394524384226599,1.5262030039991004,9.996611277885481,81,30,51,37.03703703703704,5228.5599999999995,3749.35,1479.2099999999996,427.89,0,8,0.04437640531049974,0.09863109605664977,-0.0,0.0642857142857143,0.005452344434999795,0.002770509012309419,-0.06920250024757325,
1b_narrow,216,0.2014865890106609,True,128,20,73.0,28.0,9,4,3.6,17,34,0.8,2.5,1.0,0.015,0.5,9.141584405999692,1.091936716754169,0.5370085936918073,11.988184714277127,215,70,145,32.55813953488372,10856.69,9942.6,914.0900000000001,1179.14,0,1,17.083522229999947,1.4832482829631468,1.7518888961171455,9.023970425593477,77,30,47,38.96103896103896,5243.5199999999995,3535.1600000000008,1708.3599999999988,410.97,0,8,0.05125056668999984,0.1208120707407867,-0.0,0.061111111111111116,0.009141584405999692,0.0045968358377084465,-0.04542557977494489,
1b_narrow,217,0.19883846320726026,True,129,20,74.0,28.0,9,4,3.6,17,34,0.8,2.5,1.0,0.015,0.5,9.546734846499712,1.0970473957835625,0.5574236123435805,12.95992713583499,213,70,143,32.863849765258216,10791.37,9836.74,954.630000000001,1158.33,0,2,16.180647717499852,1.4538577190846718,1.6688675837007594,9.157645617640764,77,29,48,37.66233766233766,5183.09,3565.0600000000004,1618.0299999999997,408.93,0,8,0.04854194315249955,0.11346442977116794,-0.0,0.061111111111111116,0.009546734846499712,0.004852369789178124,-0.03867812546319618,
1b_narrow,218,0.14631356885259977,True,127,20,73.0,28.0,9,4,3.6,17,34,0.8,2.5,1.0,0.015,0.5,5.452344434999795,1.0554101802461884,0.3534437451275183,12.02259251335634,220,70,150,31.818181818181817,10385.69,9840.43,545.2600000000002,1176.87,0,3,14.792135103499913,1.394524384226599,1.5262030039991004,9.996611277885481,81,30,51,37.03703703703704,5228.5599999999995,3749.35,1479.2099999999996,427.89,0,8,0.04437640531049974,0.09863109605664977,-0.0,0.0642857142857143,0.005452344434999795,0.002770509012309419,-0.06920250024757325,
1b_narrow,219,0.18957194453863063,True,128,20,75.0,28.0,9,4,3.6,17,34,0.8,2.5,1.0,0.015,0.5,9.141584405999692,1.091936716754169,0.5370085936918073,11.988184714277127,215,70,145,32.55813953488372,10856.69,9942.6,914.0900000000001,1179.14,0,1,15.60532003699991,1.4283420346184883,1.6085598923310762,9.023970425593477,77,30,47,38.96103896103896,5203.65,3643.14,1560.5099999999998,405.8,0,8,0.04681596011099973,0.10708550865462207,-0.0,0.061111111111111116,0.009141584405999692,0.0045968358377084465,-0.03917905558181042,
1b_narrow,220,0.19207446957531896,True,128,20,74.0,28.0,9,4,3.6,17,35,0.8,2.5,1.0,0.015,0.5,8.126788589999725,1.0813203638656217,0.48654394780132315,11.988184714277127,216,70,146,32.407407407407405,10805.31,9992.7,812.6099999999988,1177.89,0,1,17.083522229999947,1.4832482829631468,1.7518888961171455,9.023970425593477,77,30,47,38.96103896103896,5243.5199999999995,3535.1600000000008,1708.3599999999988,410.97,0,9,0.05125056668999984,0.1208120707407867,-0.0,0.061111111111111116,0.008126788589999726,0.004066018193281085,-0.053292085749859504,
1b_narrow,221,0.2014865890106609,True,128,20,74.0,28.0,9,4,3.6,17,34,0.8,2.5,1.0,0.015,0.5,9.141584405999692,1.091936716754169,0.5370085936918073,11.988184714277127,215,70,145,32.55813953488372,10856.69,9942.6,914.0900000000001,1179.14,0,1,17.083522229999947,1.4832482829631468,1.7518888961171455,9.023970425593477,77,30,47,38.96103896103896,5243.5199999999995,3535.1600000000008,1708.3599999999988,410.97,0,8,0.05125056668999984,0.1208120707407867,-0.0,0.061111111111111116,0.009141584405999692,0.0045968358377084465,-0.04542557977494489,
1b_narrow,222,0.2014865890106609,True,128,20,74.0,28.0,9,4,3.6,17,34,0.8,2.5,1.0,0.015,0.5,9.141584405999692,1.091936716754169,0.5370085936918073,11.988184714277127,215,70,145,32.55813953488372,10856.69,9942.6,914.0900000000001,1179.14,0,1,17.083522229999947,1.4832482829631468,1.7518888961171455,9.023970425593477,77,30,47,38.96103896103896,5243.5199999999995,3535.1600000000008,1708.3599999999988,410.97,0,8,0.05125056668999984,0.1208120707407867,-0.0,0.061111111111111116,0.009141584405999692,0.0045968358377084465,-0.04542557977494489,
1b_narrow,223,0.2014865890106609,True,128,20,74.0,28.0,9,4,3.6,17,34,0.8,2.5,1.0,0.015,0.5,9.141584405999692,1.091936716754169,0.5370085936918073,11.988184714277127,215,70,145,32.55813953488372,10856.69,9942.6,914.0900000000001,1179.14,0,1,17.083522229999947,1.4832482829631468,1.7518888961171455,9.023970425593477,77,30,47,38.96103896103896,5243.5199999999995,3535.1600000000008,1708.3599999999988,410.97,0,8,0.05125056668999984,0.1208120707407867,-0.0,0.061111111111111116,0.009141584405999692,0.0045968358377084465,-0.04542557977494489,
1b_narrow,224,0.03363272262042091,True,129,20,73.0,28.0,9,4,3.6,17,34,1.1,2.5,1.0,0.015,0.5,0.3404444585000965,1.0032861620470526,0.0857310106023643,12.170723626429211,230,73,157,31.73913043478261,10374.310000000001,10340.330000000002,33.97999999999956,1182.86,0,2,11.751134122999847,1.3037434150325955,1.3174623472243174,12.937890494039452,80,28,52,35.0,5043.740000000001,3868.66,1175.0800000000008,406.46999999999997,0,5,0.03525340236899954,0.07593585375814887,-0.0,0.06349206349206349,0.00034044445850009653,0.00016430810235262827,-0.14155334955964372,
1b_narrow,225,0.14631356885259977,True,127,20,74.0,28.0,9,4,3.6,17,34,0.8,2.5,1.0,0.015,0.5,5.452344434999795,1.0554101802461884,0.3534437451275183,12.02259251335634,220,70,150,31.818181818181817,10385.69,9840.43,545.2600000000002,1176.87,0,3,14.792135103499913,1.394524384226599,1.5262030039991004,9.996611277885481,81,30,51,37.03703703703704,5228.5599999999995,3749.35,1479.2099999999996,427.89,0,8,0.04437640531049974,0.09863109605664977,-0.0,0.0642857142857143,0.005452344434999795,0.002770509012309419,-0.06920250024757325,
1b_narrow,226,0.17993694816256825,True,128,20,75.0,28.0,9,4,3.6,17,35,0.8,2.5,1.0,0.015,0.5,8.126788589999725,1.0813203638656217,0.48654394780132315,11.988184714277127,216,70,146,32.407407407407405,10805.31,9992.7,812.6099999999988,1177.89,0,1,15.60532003699991,1.4283420346184883,1.6085598923310762,9.023970425593477,77,30,47,38.96103896103896,5203.65,3643.14,1560.5099999999998,405.8,0,9,0.04681596011099973,0.10708550865462207,-0.0,0.061111111111111116,0.008126788589999726,0.004066018193281085,-0.04726843849744549,
1b_narrow,227,0.14631356885259977,True,127,20,74.0,28.0,9,4,3.6,17,34,0.8,2.5,1.0,0.015,0.5,5.452344434999795,1.0554101802461884,0.3534437451275183,12.02259251335634,220,70,150,31.818181818181817,10385.69,9840.43,545.2600000000002,1176.87,0,3,14.792135103499913,1.394524384226599,1.5262030039991004,9.996611277885481,81,30,51,37.03703703703704,5228.5599999999995,3749.35,1479.2099999999996,427.89,0,8,0.04437640531049974,0.09863109605664977,-0.0,0.0642857142857143,0.005452344434999795,0.002770509012309419,-0.06920250024757325,
1b_narrow,228,0.2014865890106609,True,128,20,73.0,28.0,9,4,3.6,17,34,0.8,2.5,1.0,0.015,0.5,9.141584405999692,1.091936716754169,0.5370085936918073,11.988184714277127,215,70,145,32.55813953488372,10856.69,9942.6,914.0900000000001,1179.14,0,1,17.083522229999947,1.4832482829631468,1.7518888961171455,9.023970425593477,77,30,47,38.96103896103896,5243.5199999999995,3535.1600000000008,1708.3599999999988,410.97,0,8,0.05125056668999984,0.1208120707407867,-0.0,0.061111111111111116,0.009141584405999692,0.0045968358377084465,-0.04542557977494489,
1b_narrow,229,0.2074368906111888,True,129,20,74.0,28.0,7,4,3.6,17,34,0.8,2.5,1.0,0.015,0.5,10.55278769899969,1.1068853295896879,0.6058799341128536,12.95992713583499,214,71,143,33.177570093457945,10927.979999999998,9872.73,1055.2499999999982,1169.55,0,2,16.180647717499852,1.4538577190846718,1.6688675837007594,9.157645617640764,77,29,48,37.66233766233766,5183.09,3565.0600000000004,1618.0299999999997,408.93,0,8,0.04854194315249955,0.11346442977116794,-0.0,0.061111111111111116,0.010552787698999692,0.005344266479484394,-0.0315776476020739,
1b_narrow,230,0.17798502122257165,True,129,20,73.0,28.0,7,4,3.6,17,34,0.7,2.5,1.0,0.015,0.5,7.202683906499788,1.070493502476762,0.4394492648480785,12.844231784512472,224,72,152,32.142857142857146,10937.2,10216.97,720.2300000000014,1213.25,0,2,16.334956401499838,1.4518344563569774,1.6785674745315227,9.157645617640764,80,30,50,37.5,5248.73,3615.2400000000002,1633.4899999999993,425.71,0,9,0.04900486920449951,0.11295861408924435,-0.0,0.06349206349206349,0.007202683906499788,0.003524675123838095,-0.058197884593573564,
1b_narrow,231,0.2074368906111888,True,129,20,74.0,28.0,8,4,3.6,17,34,0.8,2.5,1.0,0.015,0.5,10.55278769899969,1.1068853295896879,0.6058799341128536,12.95992713583499,214,71,143,33.177570093457945,10927.979999999998,9872.73,1055.2499999999982,1169.55,0,2,16.180647717499852,1.4538577190846718,1.6688675837007594,9.157645617640764,77,29,48,37.66233766233766,5183.09,3565.0600000000004,1618.0299999999997,408.93,0,8,0.04854194315249955,0.11346442977116794,-0.0,0.061111111111111116,0.010552787698999692,0.005344266479484394,-0.0315776476020739,
1b_narrow,232,0.2074368906111888,True,129,20,74.0,28.0,7,4,3.6,17,34,0.8,2.5,1.0,0.015,0.5,10.55278769899969,1.1068853295896879,0.6058799341128536,12.95992713583499,214,71,143,33.177570093457945,10927.979999999998,9872.73,1055.2499999999982,1169.55,0,2,16.180647717499852,1.4538577190846718,1.6688675837007594,9.157645617640764,77,29,48,37.66233766233766,5183.09,3565.0600000000004,1618.0299999999997,408.93,0,8,0.04854194315249955,0.11346442977116794,-0.0,0.061111111111111116,0.010552787698999692,0.005344266479484394,-0.0315776476020739,
1b_narrow,233,0.2074368906111888,True,129,20,74.0,28.0,8,4,3.6,17,34,0.8,2.5,1.0,0.015,0.5,10.55278769899969,1.1068853295896879,0.6058799341128536,12.95992713583499,214,71,143,33.177570093457945,10927.979999999998,9872.73,1055.2499999999982,1169.55,0,2,16.180647717499852,1.4538577190846718,1.6688675837007594,9.157645617640764,77,29,48,37.66233766233766,5183.09,3565.0600000000004,1618.0299999999997,408.93,0,8,0.04854194315249955,0.11346442977116794,-0.0,0.061111111111111116,0.010552787698999692,0.005344266479484394,-0.0315776476020739,
1b_narrow,234,0.2074368906111888,True,129,20,74.0,28.0,8,4,3.6,17,34,0.8,2.5,1.0,0.015,0.5,10.55278769899969,1.1068853295896879,0.6058799341128536,12.95992713583499,214,71,143,33.177570093457945,10927.979999999998,9872.73,1055.2499999999982,1169.55,0,2,16.180647717499852,1.4538577190846718,1.6688675837007594,9.157645617640764,77,29,48,37.66233766233766,5183.09,3565.0600000000004,1618.0299999999997,408.93,0,8,0.04854194315249955,0.11346442977116794,-0.0,0.061111111111111116,0.010552787698999692,0.005344266479484394,-0.0315776476020739,
1b_narrow,235,-1.0063181624608335,False,129,20,74.0,28.0,7,4,3.6,8,34,0.8,2.5,1.0,0.015,0.5,-3.79089747650014,0.9675045852688595,-0.13110677453212172,18.209250182791394,308,94,214,30.51948051948052,11288.649999999998,11667.8,-379.15000000000146,1574.14,0,2,6.161830622499838,1.1479228579247307,0.7532291446114157,13.134053506986291,102,32,70,31.372549019607842,4782.04,4165.819999999999,616.2200000000012,509.69,0,8,,,,,,,,0.0379089747650014
1b_narrow,236,0.2074368906111888,True,129,20,73.0,28.0,8,4,3.6,17,34,0.8,2.5,1.0,0.015,0.5,10.55278769899969,1.1068853295896879,0.6058799341128536,12.95992713583499,214,71,143,33.177570093457945,10927.979999999998,9872.73,1055.2499999999982,1169.55,0,2,16.180647717499852,1.4538577190846718,1.6688675837007594,9.157645617640764,77,29,48,37.66233766233766,5183.09,3565.0600000000004,1618.0299999999997,408.93,0,8,0.04854194315249955,0.11346442977116794,-0.0,0.061111111111111116,0.010552787698999692,0.005344266479484394,-0.0315776476020739,
1b_narrow,237,0.2074368906111888,True,129,20,73.0,28.0,8,4,3.6,17,34,0.8,2.5,1.0,0.015,0.5,10.55278769899969,1.1068853295896879,0.6058799341128536,12.95992713583499,214,71,143,33.177570093457945,10927.979999999998,9872.73,1055.2499999999982,1169.55,0,2,16.180647717499852,1.4538577190846718,1.6688675837007594,9.157645617640764,77,29,48,37.66233766233766,5183.09,3565.0600000000004,1618.0299999999997,408.93,0,8,0.04854194315249955,0.11346442977116794,-0.0,0.061111111111111116,0.010552787698999692,0.005344266479484394,-0.0315776476020739,
1b_narrow,238,0.2074368906111888,True,129,20,73.0,28.0,8,4,3.6,17,34,0.8,2.5,1.0,0.015,0.5,10.55278769899969,1.1068853295896879,0.6058799341128536,12.95992713583499,214,71,143,33.177570093457945,10927.979999999998,9872.73,1055.2499999999982,1169.55,0,2,16.180647717499852,1.4538577190846718,1.6688675837007594,9.157645617640764,77,29,48,37.66233766233766,5183.09,3565.0600000000004,1618.0299999999997,408.93,0,8,0.04854194315249955,0.11346442977116794,-0.0,0.061111111111111116,0.010552787698999692,0.005344266479484394,-0.0315776476020739,
1b_narrow,239,0.19838837560573022,True,129,20,73.0,28.0,8,4,3.6,17,35,0.8,2.5,1.0,0.015,0.5,9.500257823999709,1.095804536437633,0.5546350527467026,12.95992713583499,215,71,144,33.02325581395349,10865.680000000002,9915.710000000001,949.9700000000012,1168.13,0,2,16.180647717499852,1.4538577190846718,1.6688675837007594,9.157645617640764,77,29,48,37.66233766233766,5183.09,3565.0600000000004,1618.0299999999997,408.93,0,9,0.04854194315249955,0.11346442977116794,-0.0,0.061111111111111116,0.009500257823999709,0.004790226821881649,-0.03901959307492975,
1b_narrow,240,0.2074368906111888,True,129,20,73.0,27.0,8,4,3.6,17,34,0.8,2.5,1.0,0.015,0.5,10.55278769899969,1.1068853295896879,0.6058799341128536,12.95992713583499,214,71,143,33.177570093457945,10927.979999999998,9872.73,1055.2499999999982,1169.55,0,2,16.180647717499852,1.4538577190846718,1.6688675837007594,9.157645617640764,77,29,48,37.66233766233766,5183.09,3565.0600000000004,1618.0299999999997,408.93,0,8,0.04854194315249955,0.11346442977116794,-0.0,0.061111111111111116,0.010552787698999692,0.005344266479484394,-0.0315776476020739,
1b_narrow,241,0.2074368906111888,True,129,20,73.0,27.0,8,4,3.6,17,34,0.8,2.5,1.0,0.015,0.5,10.55278769899969,1.1068853295896879,0.6058799341128536,12.95992713583499,214,71,143,33.177570093457945,10927.979999999998,9872.73,1055.2499999999982,1169.55,0,2,16.180647717499852,1.4538577190846718,1.6688675837007594,9.157645617640764,77,29,48,37.66233766233766,5183.09,3565.0600000000004,1618.0299999999997,408.93,0,8,0.04854194315249955,0.11346442977116794,-0.0,0.061111111111111116,0.010552787698999692,0.005344266479484394,-0.0315776476020739,
1b_narrow,242,0.2074368906111888,True,129,20,73.0,27.0,8,4,3.6,17,34,0.8,2.5,1.0,0.015,0.5,10.55278769899969,1.1068853295896879,0.6058799341128536,12.95992713583499,214,71,143,33.177570093457945,10927.979999999998,9872.73,1055.2499999999982,1169.55,0,2,16.180647717499852,1.4538577190846718,1.6688675837007594,9.157645617640764,77,29,48,37.66233766233766,5183.09,3565.0600000000004,1618.0299999999997,408.93,0,8,0.04854194315249955,0.11346442977116794,-0.0,0.061111111111111116,0.010552787698999692,0.005344266479484394,-0.0315776476020739,
1b_narrow,243,0.2074368906111888,True,129,20,73.0,27.0,8,4,3.6,17,34,0.8,2.5,1.0,0.015,0.5,10.55278769899969,1.1068853295896879,0.6058799341128536,12.95992713583499,214,71,143,33.177570093457945,10927.979999999998,9872.73,1055.2499999999982,1169.55,0,2,16.180647717499852,1.4538577190846718,1.6688675837007594,9.157645617640764,77,29,48,37.66233766233766,5183.09,3565.0600000000004,1618.0299999999997,408.93,0,8,0.04854194315249955,0.11346442977116794,-0.0,0.061111111111111116,0.010552787698999692,0.005344266479484394,-0.0315776476020739,
1b_narrow,244,0.2074368906111888,True,129,20,73.0,27.0,8,4,3.6,17,34,0.8,2.5,1.0,0.015,0.5,10.55278769899969,1.1068853295896879,0.6058799341128536,12.95992713583499,214,71,143,33.177570093457945,10927.979999999998,9872.73,1055.2499999999982,1169.55,0,2,16.180647717499852,1.4538577190846718,1.6688675837007594,9.157645617640764,77,29,48,37.66233766233766,5183.09,3565.0600000000004,1618.0299999999997,408.93,0,8,0.04854194315249955,0.11346442977116794,-0.0,0.061111111111111116,0.010552787698999692,0.005344266479484394,-0.0315776476020739,
1b_narrow,245,0.2074368906111888,True,129,20,73.0,27.0,8,4,3.6,17,34,0.8,2.5,1.0,0.015,0.5,10.55278769899969,1.1068853295896879,0.6058799341128536,12.95992713583499,214,71,143,33.177570093457945,10927.979999999998,9872.73,1055.2499999999982,1169.55,0,2,16.180647717499852,1.4538577190846718,1.6688675837007594,9.157645617640764,77,29,48,37.66233766233766,5183.09,3565.0600000000004,1618.0299999999997,408.93,0,8,0.04854194315249955,0.11346442977116794,-0.0,0.061111111111111116,0.010552787698999692,0.005344266479484394,-0.0315776476020739,
1b_narrow,246,0.2074368906111888,True,129,20,73.0,27.0,8,4,3.6,17,34,0.8,2.5,1.0,0.015,0.5,10.55278769899969,1.1068853295896879,0.6058799341128536,12.95992713583499,214,71,143,33.177570093457945,10927.979999999998,9872.73,1055.2499999999982,1169.55,0,2,16.180647717499852,1.4538577190846718,1.6688675837007594,9.157645617640764,77,29,48,37.66233766233766,5183.09,3565.0600000000004,1618.0299999999997,408.93,0,8,0.04854194315249955,0.11346442977116794,-0.0,0.061111111111111116,0.010552787698999692,0.005344266479484394,-0.0315776476020739,
1b_narrow,247,0.2074368906111888,True,129,20,73.0,27.0,8,4,3.6,17,34,0.8,2.5,1.0,0.015,0.5,10.55278769899969,1.1068853295896879,0.6058799341128536,12.95992713583499,214,71,143,33.177570093457945,10927.979999999998,9872.73,1055.2499999999982,1169.55,0,2,16.180647717499852,1.4538577190846718,1.6688675837007594,9.157645617640764,77,29,48,37.66233766233766,5183.09,3565.0600000000004,1618.0299999999997,408.93,0,8,0.04854194315249955,0.11346442977116794,-0.0,0.061111111111111116,0.010552787698999692,0.005344266479484394,-0.0315776476020739,
1b_narrow,248,0.2074368906111888,True,129,20,73.0,27.0,8,4,3.6,17,34,0.8,2.5,1.0,0.015,0.5,10.55278769899969,1.1068853295896879,0.6058799341128536,12.95992713583499,214,71,143,33.177570093457945,10927.979999999998,9872.73,1055.2499999999982,1169.55,0,2,16.180647717499852,1.4538577190846718,1.6688675837007594,9.157645617640764,77,29,48,37.66233766233766,5183.09,3565.0600000000004,1618.0299999999997,408.93,0,8,0.04854194315249955,0.11346442977116794,-0.0,0.061111111111111116,0.010552787698999692,0.005344266479484394,-0.0315776476020739,
1b_narrow,249,0.2074368906111888,True,129,20,73.0,27.0,8,4,3.6,17,34,0.8,2.5,1.0,0.015,0.5,10.55278769899969,1.1068853295896879,0.6058799341128536,12.95992713583499,214,71,143,33.177570093457945,10927.979999999998,9872.73,1055.2499999999982,1169.55,0,2,16.180647717499852,1.4538577190846718,1.6688675837007594,9.157645617640764,77,29,48,37.66233766233766,5183.09,3565.0600000000004,1618.0299999999997,408.93,0,8,0.04854194315249955,0.11346442977116794,-0.0,0.061111111111111116,0.010552787698999692,0.005344266479484394,-0.0315776476020739,
1b_narrow,250,0.19838837560573022,True,129,20,73.0,27.0,8,4,3.6,17,35,0.8,2.5,1.0,0.015,0.5,9.500257823999709,1.095804536437633,0.5546350527467026,12.95992713583499,215,71,144,33.02325581395349,10865.680000000002,9915.710000000001,949.9700000000012,1168.13,0,2,16.180647717499852,1.4538577190846718,1.6688675837007594,9.157645617640764,77,29,48,37.66233766233766,5183.09,3565.0600000000004,1618.0299999999997,408.93,0,9,0.04854194315249955,0.11346442977116794,-0.0,0.061111111111111116,0.009500257823999709,0.004790226821881649,-0.03901959307492975,
1b_narrow,251,0.2074368906111888,True,129,20,73.0,27.0,8,4,3.5,17,34,0.8,2.5,1.0,0.015,0.5,10.55278769899969,1.1068853295896879,0.6058799341128536,12.95992713583499,214,71,143,33.177570093457945,10927.979999999998,9872.73,1055.2499999999982,1169.55,0,2,16.180647717499852,1.4538577190846718,1.6688675837007594,9.157645617640764,77,29,48,37.66233766233766,5183.09,3565.0600000000004,1618.0299999999997,408.93,0,8,0.04854194315249955,0.11346442977116794,-0.0,0.061111111111111116,0.010552787698999692,0.005344266479484394,-0.0315776476020739,
1b_narrow,252,0.2074368906111888,True,129,20,73.0,27.0,8,4,3.5,17,34,0.8,2.5,1.0,0.015,0.5,10.55278769899969,1.1068853295896879,0.6058799341128536,12.95992713583499,214,71,143,33.177570093457945,10927.979999999998,9872.73,1055.2499999999982,1169.55,0,2,16.180647717499852,1.4538577190846718,1.6688675837007594,9.157645617640764,77,29,48,37.66233766233766,5183.09,3565.0600000000004,1618.0299999999997,408.93,0,8,0.04854194315249955,0.11346442977116794,-0.0,0.061111111111111116,0.010552787698999692,0.005344266479484394,-0.0315776476020739,
1b_narrow,253,0.08466689699474117,True,129,20,73.0,27.0,8,4,3.5,17,34,0.9,2.5,1.0,0.015,0.5,2.675184799499893,1.0286043636892466,0.21062799686447253,12.098446506367523,211,67,144,31.753554502369667,9619.22,9351.72,267.5,1101.23,0,2,11.248018581499801,1.2805129573607934,1.2560986696201157,13.122118064879931,87,30,57,34.48275862068966,5134.46,4009.69,1124.77,441.38,0,7,0.0337440557444994,0.07012823934019835,-0.0,0.06904761904761905,0.0026751847994998935,0.0014302181844623287,-0.09235842012153786,
1b_narrow,254,0.2074368906111888,True,129,20,73.0,27.0,8,4,3.5,17,34,0.8,2.5,1.0,0.015,0.5,10.55278769899969,1.1068853295896879,0.6058799341128536,12.95992713583499,214,71,143,33.177570093457945,10927.979999999998,9872.73,1055.2499999999982,1169.55,0,2,16.180647717499852,1.4538577190846718,1.6688675837007594,9.157645617640764,77,29,48,37.66233766233766,5183.09,3565.0600000000004,1618.0299999999997,408.93,0,8,0.04854194315249955,0.11346442977116794,-0.0,0.061111111111111116,0.010552787698999692,0.005344266479484394,-0.0315776476020739,
1b_narrow,255,0.2074368906111888,True,129,20,73.0,27.0,8,4,3.5,17,34,0.8,2.5,1.0,0.015,0.5,10.55278769899969,1.1068853295896879,0.6058799341128536,12.95992713583499,214,71,143,33.177570093457945,10927.979999999998,9872.73,1055.2499999999982,1169.55,0,2,16.180647717499852,1.4538577190846718,1.6688675837007594,9.157645617640764,77,29,48,37.66233766233766,5183.09,3565.0600000000004,1618.0299999999997,408.93,0,8,0.04854194315249955,0.11346442977116794,-0.0,0.061111111111111116,0.010552787698999692,0.005344266479484394,-0.0315776476020739,
1b_narrow,256,0.2074368906111888,True,129,20,73.0,27.0,8,4,3.5,17,34,0.8,2.5,1.0,0.015,0.5,10.55278769899969,1.1068853295896879,0.6058799341128536,12.95992713583499,214,71,143,33.177570093457945,10927.979999999998,9872.73,1055.2499999999982,1169.55,0,2,16.180647717499852,1.4538577190846718,1.6688675837007594,9.157645617640764,77,29,48,37.66233766233766,5183.09,3565.0600000000004,1618.0299999999997,408.93,0,8,0.04854194315249955,0.11346442977116794,-0.0,0.061111111111111116,0.010552787698999692,0.005344266479484394,-0.0315776476020739,
1b_narrow,257,0.2074368906111888,True,129,20,73.0,27.0,8,4,3.5,17,34,0.8,2.5,1.0,0.015,0.5,10.55278769899969,1.1068853295896879,0.6058799341128536,12.95992713583499,214,71,143,33.177570093457945,10927.979999999998,9872.73,1055.2499999999982,1169.55,0,2,16.180647717499852,1.4538577190846718,1.6688675837007594,9.157645617640764,77,29,48,37.66233766233766,5183.09,3565.0600000000004,1618.0299999999997,408.93,0,8,0.04854194315249955,0.11346442977116794,-0.0,0.061111111111111116,0.010552787698999692,0.005344266479484394,-0.0315776476020739,
1b_narrow,258,0.2074368906111888,True,129,20,73.0,27.0,8,4,3.5,17,34,0.8,2.5,1.0,0.015,0.5,10.55278769899969,1.1068853295896879,0.6058799341128536,12.95992713583499,214,71,143,33.177570093457945,10927.979999999998,9872.73,1055.2499999999982,1169.55,0,2,16.180647717499852,1.4538577190846718,1.6688675837007594,9.157645617640764,77,29,48,37.66233766233766,5183.09,3565.0600000000004,1618.0299999999997,408.93,0,8,0.04854194315249955,0.11346442977116794,-0.0,0.061111111111111116,0.010552787698999692,0.005344266479484394,-0.0315776476020739,
1b_narrow,259,0.19109886031763593,True,129,20,73.0,27.0,8,4,3.5,17,44,0.7,2.5,1.0,0.015,0.5,8.730343203999729,1.0883668530164679,0.5111179751730165,12.883651694010709,214,70,144,32.71028037383178,10752.27,9879.27,873.0,1156.41,0,2,15.952597436999858,1.4387872986532877,1.6409195438612552,9.480390937124463,81,30,51,37.03703703703704,5230.74,3635.5199999999995,1595.2200000000003,429.27,0,9,0.04785779231099957,0.10969682466332192,-0.0,0.0642857142857143,0.008730343203999728,0.004418342650823393,-0.04389015679722298,
1b_narrow,260,0.2074368906111888,True,129,20,73.0,27.0,8,4,3.5,17,34,0.8,2.5,1.0,0.015,0.5,10.55278769899969,1.1068853295896879,0.6058799341128536,12.95992713583499,214,71,143,33.177570093457945,10927.979999999998,9872.73,1055.2499999999982,1169.55,0,2,16.180647717499852,1.4538577190846718,1.6688675837007594,9.157645617640764,77,29,48,37.66233766233766,5183.09,3565.0600000000004,1618.0299999999997,408.93,0,8,0.04854194315249955,0.11346442977116794,-0.0,0.061111111111111116,0.010552787698999692,0.005344266479484394,-0.0315776476020739,
1b_narrow,261,0.09904968638225892,True,129,20,73.0,27.0,8,4,3.5,17,34,0.8,3.1,1.0,0.015,0.5,16.10133830449984,1.1641161229561166,0.8252473164170613,13.69775913230672,180,52,128,28.88888888888889,11421.119999999999,9810.98,1610.1399999999994,1058.42,0,2,7.396290736999872,1.2356682418244216,0.7873333692041166,9.652490707234724,62,19,43,30.64516129032258,3877.91,3138.3099999999995,739.6000000000004,312.72,0,8,0.022188872210999615,0.0589170604561054,-0.0,0.049206349206349205,0.016101338304499842,0.008205806147805828,-0.05556973994350097,
1b_narrow,262,0.15876963161091212,True,129,20,72.0,27.0,8,4,3.5,12,35,0.8,2.5,1.0,0.015,0.5,7.939676024499931,1.080855401919338,0.4780124638084121,12.890359111562939,225,75,150,33.333333333333336,10612.93,9819.010000000002,793.9199999999983,1233.63,0,2,10.011283003499866,1.2346682606096835,1.137723163931114,11.688900672882388,95,32,63,33.68421052631579,5267.280000000001,4266.15,1001.130000000001,489.39,0,9,0.030033849010499596,0.05866706515242087,-0.0,0.0753968253968254,0.007939676024499931,0.004042770095966897,-0.017310554069300595,
1b_narrow,263,0.2074368906111888,True,129,20,73.0,27.0,8,4,3.5,17,34,0.8,2.5,1.0,0.015,0.5,10.55278769899969,1.1068853295896879,0.6058799341128536,12.95992713583499,214,71,143,33.177570093457945,10927.979999999998,9872.73,1055.2499999999982,1169.55,0,2,16.180647717499852,1.4538577190846718,1.6688675837007594,9.157645617640764,77,29,48,37.66233766233766,5183.09,3565.0600000000004,1618.0299999999997,408.93,0,8,0.04854194315249955,0.11346442977116794,-0.0,0.061111111111111116,0.010552787698999692,0.005344266479484394,-0.0315776476020739,
1b_narrow,264,0.2074368906111888,True,129,20,73.0,27.0,8,4,3.5,17,34,0.8,2.5,1.0,0.015,0.5,10.55278769899969,1.1068853295896879,0.6058799341128536,12.95992713583499,214,71,143,33.177570093457945,10927.979999999998,9872.73,1055.2499999999982,1169.55,0,2,16.180647717499852,1.4538577190846718,1.6688675837007594,9.157645617640764,77,29,48,37.66233766233766,5183.09,3565.0600000000004,1618.0299999999997,408.93,0,8,0.04854194315249955,0.11346442977116794,-0.0,0.061111111111111116,0.010552787698999692,0.005344266479484394,-0.0315776476020739,
1b_narrow,265,0.08466689699474117,True,129,20,72.0,27.0,8,4,3.5,17,34,0.9,2.5,1.0,0.015,0.5,2.675184799499893,1.0286043636892466,0.21062799686447253,12.098446506367523,211,67,144,31.753554502369667,9619.22,9351.72,267.5,1101.23,0,2,11.248018581499801,1.2805129573607934,1.2560986696201157,13.122118064879931,87,30,57,34.48275862068966,5134.46,4009.69,1124.77,441.38,0,7,0.0337440557444994,0.07012823934019835,-0.0,0.06904761904761905,0.0026751847994998935,0.0014302181844623287,-0.09235842012153786,
1b_narrow,266,0.2074368906111888,True,129,20,73.0,27.0,8,4,3.5,17,34,0.8,2.5,1.0,0.015,0.5,10.55278769899969,1.1068853295896879,0.6058799341128536,12.95992713583499,214,71,143,33.177570093457945,10927.979999999998,9872.73,1055.2499999999982,1169.55,0,2,16.180647717499852,1.4538577190846718,1.6688675837007594,9.157645617640764,77,29,48,37.66233766233766,5183.09,3565.0600000000004,1618.0299999999997,408.93,0,8,0.04854194315249955,0.11346442977116794,-0.0,0.061111111111111116,0.010552787698999692,0.005344266479484394,-0.0315776476020739,
1b_narrow,267,0.2059338050671414,True,129,20,73.0,27.0,8,4,3.5,17,33,0.8,2.5,1.0,0.015,0.5,10.371902349499686,1.10518074708389,0.597226772175752,12.95992713583499,214,71,143,33.177570093457945,10897.899999999998,9860.740000000002,1037.1599999999962,1168.5,0,2,16.180647717499852,1.4538577190846718,1.6688675837007594,9.157645617640764,77,29,48,37.66233766233766,5183.09,3565.0600000000004,1618.0299999999997,408.93,0,8,0.04854194315249955,0.11346442977116794,-0.0,0.061111111111111116,0.010371902349499688,0.005259037354194496,-0.0328146186713314,
1b_narrow,268,0.2074368906111888,True,129,20,73.0,27.0,8,4,3.5,17,34,0.8,2.5,1.0,0.015,0.5,10.55278769899969,1.1068853295896879,0.6058799341128536,12.95992713583499,214,71,143,33.177570093457945,10927.979999999998,9872.73,1055.2499999999982,1169.55,0,2,16.180647717499852,1.4538577190846718,1.6688675837007594,9.157645617640764,77,29,48,37.66233766233766,5183.09,3565.0600000000004,1618.0299999999997,408.93,0,8,0.04854194315249955,0.11346442977116794,-0.0,0.061111111111111116,0.010552787698999692,0.005344266479484394,-0.0315776476020739,
1b_narrow,269,0.19838837560573022,True,129,20,72.0,27.0,8,4,3.5,17,35,0.8,2.5,1.0,0.015,0.5,9.500257823999709,1.095804536437633,0.5546350527467026,12.95992713583499,215,71,144,33.02325581395349,10865.680000000002,9915.710000000001,949.9700000000012,1168.13,0,2,16.180647717499852,1.4538577190846718,1.6688675837007594,9.157645617640764,77,29,48,37.66233766233766,5183.09,3565.0600000000004,1618.0299999999997,408.93,0,9,0.04854194315249955,0.11346442977116794,-0.0,0.061111111111111116,0.009500257823999709,0.004790226821881649,-0.03901959307492975,
1b_narrow,270,0.17798502122257165,True,129,20,73.0,27.0,8,4,3.5,17,34,0.7,2.5,1.0,0.015,0.5,7.202683906499788,1.070493502476762,0.4394492648480785,12.844231784512472,224,72,152,32.142857142857146,10937.2,10216.97,720.2300000000014,1213.25,0,2,16.334956401499838,1.4518344563569774,1.6785674745315227,9.157645617640764,80,30,50,37.5,5248.73,3615.2400000000002,1633.4899999999993,425.71,0,9,0.04900486920449951,0.11295861408924435,-0.0,0.06349206349206349,0.007202683906499788,0.003524675123838095,-0.058197884593573564,
1b_narrow,271,0.1970086949560152,True,129,20,73.0,27.0,8,4,3.4,17,33,0.8,2.5,1.0,0.015,0.5,9.340806211999734,1.0950188912648502,0.5472500032656867,12.95992713583499,213,70,143,32.863849765258216,10763.970000000001,9829.94,934.0300000000007,1157.53,0,2,16.180647717499852,1.4538577190846718,1.6688675837007594,9.157645617640764,77,29,48,37.66233766233766,5183.09,3565.0600000000004,1618.0299999999997,408.93,0,8,0.04854194315249955,0.11346442977116794,-0.0,0.061111111111111116,0.009340806211999736,0.00475094456324251,-0.040200539854005665,
1b_narrow,272,0.2074368906111888,True,129,20,73.0,27.0,8,4,3.5,17,34,0.8,2.5,1.0,0.015,0.5,10.55278769899969,1.1068853295896879,0.6058799341128536,12.95992713583499,214,71,143,33.177570093457945,10927.979999999998,9872.73,1055.2499999999982,1169.55,0,2,16.180647717499852,1.4538577190846718,1.6688675837007594,9.157645617640764,77,29,48,37.66233766233766,5183.09,3565.0600000000004,1618.0299999999997,408.93,0,8,0.04854194315249955,0.11346442977116794,-0.0,0.061111111111111116,0.010552787698999692,0.005344266479484394,-0.0315776476020739,
1b_narrow,273,0.2074368906111888,True,129,20,73.0,27.0,8,4,3.5,17,34,0.8,2.5,1.0,0.015,0.5,10.55278769899969,1.1068853295896879,0.6058799341128536,12.95992713583499,214,71,143,33.177570093457945,10927.979999999998,9872.73,1055.2499999999982,1169.55,0,2,16.180647717499852,1.4538577190846718,1.6688675837007594,9.157645617640764,77,29,48,37.66233766233766,5183.09,3565.0600000000004,1618.0299999999997,408.93,0,8,0.04854194315249955,0.11346442977116794,-0.0,0.061111111111111116,0.010552787698999692,0.005344266479484394,-0.0315776476020739,
1b_narrow,274,0.2074368906111888,True,129,20,72.0,27.0,8,4,3.5,17,34,0.8,2.5,1.0,0.015,0.5,10.55278769899969,1.1068853295896879,0.6058799341128536,12.95992713583499,214,71,143,33.177570093457945,10927.979999999998,9872.73,1055.2499999999982,1169.55,0,2,16.180647717499852,1.4538577190846718,1.6688675837007594,9.157645617640764,77,29,48,37.66233766233766,5183.09,3565.0600000000004,1618.0299999999997,408.93,0,8,0.04854194315249955,0.11346442977116794,-0.0,0.061111111111111116,0.010552787698999692,0.005344266479484394,-0.0315776476020739,
1b_narrow,275,0.2074368906111888,True,129,20,73.0,27.0,8,4,3.5,17,34,0.8,2.5,1.0,0.015,0.5,10.55278769899969,1.1068853295896879,0.6058799341128536,12.95992713583499,214,71,143,33.177570093457945,10927.979999999998,9872.73,1055.2499999999982,1169.55,0,2,16.180647717499852,1.4538577190846718,1.6688675837007594,9.157645617640764,77,29,48,37.66233766233766,5183.09,3565.0600000000004,1618.0299999999997,408.93,0,8,0.04854194315249955,0.11346442977116794,-0.0,0.061111111111111116,0.010552787698999692,0.005344266479484394,-0.0315776476020739,
1b_narrow,276,0.10799990216491397,True,129,20,73.0,27.0,8,4,3.5,17,35,1.3,2.5,1.0,0.015,0.5,3.724497125999878,1.0398410679344714,0.2641507377607073,10.717947770570012,207,67,140,32.367149758454104,9719.8,9347.390000000001,372.40999999999804,1062.45,0,2,12.756013697499894,1.346773163113009,1.4220114632288519,12.93174174290876,75,27,48,36.0,4953.929999999999,3678.37,1275.5599999999995,379.39,0,4,0.03826804109249968,0.08669329077825227,-0.0,0.05952380952380953,0.0037244971259998783,0.00199205339672357,-0.08220178975237095,
1b_narrow,277,0.19883846320726026,True,129,20,72.0,27.0,8,4,3.4,17,34,0.8,2.5,1.0,0.015,0.5,9.546734846499712,1.0970473957835625,0.5574236123435805,12.95992713583499,213,70,143,32.863849765258216,10791.37,9836.74,954.630000000001,1158.33,0,2,16.180647717499852,1.4538577190846718,1.6688675837007594,9.157645617640764,77,29,48,37.66233766233766,5183.09,3565.0600000000004,1618.0299999999997,408.93,0,8,0.04854194315249955,0.11346442977116794,-0.0,0.061111111111111116,0.009546734846499712,0.004852369789178124,-0.03867812546319618,
1b_narrow,278,0.2074368906111888,True,129,20,73.0,27.0,8,4,3.5,17,34,0.8,2.5,1.0,0.015,0.5,10.55278769899969,1.1068853295896879,0.6058799341128536,12.95992713583499,214,71,143,33.177570093457945,10927.979999999998,9872.73,1055.2499999999982,1169.55,0,2,16.180647717499852,1.4538577190846718,1.6688675837007594,9.157645617640764,77,29,48,37.66233766233766,5183.09,3565.0600000000004,1618.0299999999997,408.93,0,8,0.04854194315249955,0.11346442977116794,-0.0,0.061111111111111116,0.010552787698999692,0.005344266479484394,-0.0315776476020739,
1b_narrow,279,0.10220064285699161,True,129,20,73.0,27.0,7,4,3.5,17,33,0.9,2.5,1.0,0.015,0.5,3.700432246499859,1.0392124664559825,0.26538885338917434,12.065476888680154,209,66,143,31.57894736842105,9809.22,9439.09,370.1299999999992,1100.17,0,2,11.070829059999797,1.276499134574318,1.237465319821614,13.122118064879931,87,30,57,34.48275862068966,5110.86,4003.8099999999995,1107.0500000000002,441.23,0,6,0.03321248717999939,0.06912478364357949,-0.0,0.06904761904761905,0.0037004322464998587,0.0019606233227991267,-0.0748453025835053,
1b_narrow,280,0.2074368906111888,True,129,20,73.0,27.0,8,4,3.5,17,34,0.8,2.5,1.0,0.015,0.5,10.55278769899969,1.1068853295896879,0.6058799341128536,12.95992713583499,214,71,143,33.177570093457945,10927.979999999998,9872.73,1055.2499999999982,1169.55,0,2,16.180647717499852,1.4538577190846718,1.6688675837007594,9.157645617640764,77,29,48,37.66233766233766,5183.09,3565.0600000000004,1618.0299999999997,408.93,0,8,0.04854194315249955,0.11346442977116794,-0.0,0.061111111111111116,0.010552787698999692,0.005344266479484394,-0.0315776476020739,
1b_narrow,281,0.2074368906111888,True,129,20,73.0,27.0,8,4,3.5,17,34,0.8,2.5,1.0,0.015,0.5,10.55278769899969,1.1068853295896879,0.6058799341128536,12.95992713583499,214,71,143,33.177570093457945,10927.979999999998,9872.73,1055.2499999999982,1169.55,0,2,16.180647717499852,1.4538577190846718,1.6688675837007594,9.157645617640764,77,29,48,37.66233766233766,5183.09,3565.0600000000004,1618.0299999999997,408.93,0,8,0.04854194315249955,0.11346442977116794,-0.0,0.061111111111111116,0.010552787698999692,0.005344266479484394,-0.0315776476020739,
1b_narrow,282,0.2059338050671414,True,129,20,73.0,27.0,8,4,3.6,17,33,0.8,2.5,1.0,0.015,0.5,10.371902349499686,1.10518074708389,0.597226772175752,12.95992713583499,214,71,143,33.177570093457945,10897.899999999998,9860.740000000002,1037.1599999999962,1168.5,0,2,16.180647717499852,1.4538577190846718,1.6688675837007594,9.157645617640764,77,29,48,37.66233766233766,5183.09,3565.0600000000004,1618.0299999999997,408.93,0,8,0.04854194315249955,0.11346442977116794,-0.0,0.061111111111111116,0.010371902349499688,0.005259037354194496,-0.0328146186713314,
1b_narrow,283,0.18506565834069488,True,129,20,72.0,27.0,8,4,3.6,17,35,0.7,2.5,1.0,0.015,0.5,7.743066997999703,1.0763340566343726,0.46624231219493817,12.88483712663481,222,72,150,32.432432432432435,10917.59,10143.310000000001,774.2799999999988,1204.1,0,2,16.594003927999836,1.4623106197796807,1.702401149300086,9.157645617640764,79,30,49,37.9746835443038,5248.73,3589.34,1659.3899999999994,419.98,0,9,0.04978201178399951,0.11557765494492017,-0.0,0.0626984126984127,0.0077430669979997035,0.0038167028317186327,-0.05455219091635584,
1b_narrow,284,0.2074368906111888,True,129,20,73.0,27.0,8,4,3.6,17,34,0.8,2.5,1.0,0.015,0.5,10.55278769899969,1.1068853295896879,0.6058799341128536,12.95992713583499,214,71,143,33.177570093457945,10927.979999999998,9872.73,1055.2499999999982,1169.55,0,2,16.180647717499852,1.4538577190846718,1.6688675837007594,9.157645617640764,77,29,48,37.66233766233766,5183.09,3565.0600000000004,1618.0299999999997,408.93,0,8,0.04854194315249955,0.11346442977116794,-0.0,0.061111111111111116,0.010552787698999692,0.005344266479484394,-0.0315776476020739,
1b_narrow,285,0.2074368906111888,True,129,20,73.0,27.0,8,4,3.5,17,34,0.8,2.5,1.0,0.015,0.5,10.55278769899969,1.1068853295896879,0.6058799341128536,12.95992713583499,214,71,143,33.177570093457945,10927.979999999998,9872.73,1055.2499999999982,1169.55,0,2,16.180647717499852,1.4538577190846718,1.6688675837007594,9.157645617640764,77,29,48,37.66233766233766,5183.09,3565.0600000000004,1618.0299999999997,408.93,0,8,0.04854194315249955,0.11346442977116794,-0.0,0.061111111111111116,0.010552787698999692,0.005344266479484394,-0.0315776476020739,
1b_narrow,286,0.2074368906111888,True,129,20,73.0,27.0,8,4,3.6,17,34,0.8,2.5,1.0,0.015,0.5,10.55278769899969,1.1068853295896879,0.6058799341128536,12.95992713583499,214,71,143,33.177570093457945,10927.979999999998,9872.73,1055.2499999999982,1169.55,0,2,16.180647717499852,1.4538577190846718,1.6688675837007594,9.157645617640764,77,29,48,37.66233766233766,5183.09,3565.0600000000004,1618.0299999999997,408.93,0,8,0.04854194315249955,0.11346442977116794,-0.0,0.061111111111111116,0.010552787698999692,0.005344266479484394,-0.0315776476020739,
1b_narrow,287,0.08466689699474117,True,129,20,72.0,27.0,7,4,3.6,17,34,0.9,2.5,1.0,0.015,0.5,2.675184799499893,1.0286043636892466,0.21062799686447253,12.098446506367523,211,67,144,31.753554502369667,9619.22,9351.72,267.5,1101.23,0,2,11.248018581499801,1.2805129573607934,1.2560986696201157,13.122118064879931,87,30,57,34.48275862068966,5134.46,4009.69,1124.77,441.38,0,7,0.0337440557444994,0.07012823934019835,-0.0,0.06904761904761905,0.0026751847994998935,0.0014302181844623287,-0.09235842012153786,
1b_narrow,288,0.2074368906111888,True,129,20,73.0,27.0,8,4,3.6,17,34,0.8,2.5,1.0,0.015,0.5,10.55278769899969,1.1068853295896879,0.6058799341128536,12.95992713583499,214,71,143,33.177570093457945,10927.979999999998,9872.73,1055.2499999999982,1169.55,0,2,16.180647717499852,1.4538577190846718,1.6688675837007594,9.157645617640764,77,29,48,37.66233766233766,5183.09,3565.0600000000004,1618.0299999999997,408.93,0,8,0.04854194315249955,0.11346442977116794,-0.0,0.061111111111111116,0.010552787698999692,0.005344266479484394,-0.0315776476020739,
1b_narrow,289,0.13223116935922632,True,129,20,73.0,27.0,8,8,3.6,17,35,0.8,2.5,1.0,0.015,0.5,3.8396706319998706,1.0405036772617373,0.2704634576569938,14.93216895431328,203,65,138,32.01970443349754,9863.849999999999,9479.880000000001,383.9699999999975,1087.17,0,2,15.256041519499904,1.439832900400451,1.5926815430055032,9.157645617640764,76,29,47,38.1578947368421,4994.1900000000005,3468.59,1525.6000000000004,401.01,0,6,0.04576812455849971,0.10995822510011277,-0.0,0.06031746031746032,0.0038396706319998707,0.0020251838630868657,-0.08967749511193322,
1b_narrow,290,0.17798502122257165,True,129,20,72.0,27.0,8,4,3.5,17,34,0.7,2.5,1.0,0.015,0.5,7.202683906499788,1.070493502476762,0.4394492648480785,12.844231784512472,224,72,152,32.142857142857146,10937.2,10216.97,720.2300000000014,1213.25,0,2,16.334956401499838,1.4518344563569774,1.6785674745315227,9.157645617640764,80,30,50,37.5,5248.73,3615.2400000000002,1633.4899999999993,425.71,0,9,0.04900486920449951,0.11295861408924435,-0.0,0.06349206349206349,0.007202683906499788,0.003524675123838095,-0.058197884593573564,
1b_narrow,291,0.2074368906111888,True,129,20,73.0,27.0,8,4,3.6,17,34,0.8,2.5,1.0,0.015,0.5,10.55278769899969,1.1068853295896879,0.6058799341128536,12.95992713583499,214,71,143,33.177570093457945,10927.979999999998,9872.73,1055.2499999999982,1169.55,0,2,16.180647717499852,1.4538577190846718,1.6688675837007594,9.157645617640764,77,29,48,37.66233766233766,5183.09,3565.0600000000004,1618.0299999999997,408.93,0,8,0.04854194315249955,0.11346442977116794,-0.0,0.061111111111111116,0.010552787698999692,0.005344266479484394,-0.0315776476020739,
1b_narrow,292,0.2074368906111888,True,129,20,73.0,27.0,8,4,3.6,17,34,0.8,2.5,1.0,0.015,0.5,10.55278769899969,1.1068853295896879,0.6058799341128536,12.95992713583499,214,71,143,33.177570093457945,10927.979999999998,9872.73,1055.2499999999982,1169.55,0,2,16.180647717499852,1.4538577190846718,1.6688675837007594,9.157645617640764,77,29,48,37.66233766233766,5183.09,3565.0600000000004,1618.0299999999997,408.93,0,8,0.04854194315249955,0.11346442977116794,-0.0,0.061111111111111116,0.010552787698999692,0.005344266479484394,-0.0315776476020739,
1b_narrow,293,0.2059338050671414,True,129,20,73.0,27.0,7,4,3.6,17,33,0.8,2.5,1.0,0.015,0.5,10.371902349499686,1.10518074708389,0.597226772175752,12.95992713583499,214,71,143,33.177570093457945,10897.899999999998,9860.740000000002,1037.1599999999962,1168.5,0,2,16.180647717499852,1.4538577190846718,1.6688675837007594,9.157645617640764,77,29,48,37.66233766233766,5183.09,3565.0600000000004,1618.0299999999997,408.93,0,8,0.04854194315249955,0.11346442977116794,-0.0,0.061111111111111116,0.010371902349499688,0.005259037354194496,-0.0328146186713314,
1b_narrow,294,0.2074368906111888,True,129,20,72.0,27.0,8,4,3.6,17,34,0.8,2.5,1.0,0.015,0.5,10.55278769899969,1.1068853295896879,0.6058799341128536,12.95992713583499,214,71,143,33.177570093457945,10927.979999999998,9872.73,1055.2499999999982,1169.55,0,2,16.180647717499852,1.4538577190846718,1.6688675837007594,9.157645617640764,77,29,48,37.66233766233766,5183.09,3565.0600000000004,1618.0299999999997,408.93,0,8,0.04854194315249955,0.11346442977116794,-0.0,0.061111111111111116,0.010552787698999692,0.005344266479484394,-0.0315776476020739,
1b_narrow,295,0.2074368906111888,True,129,20,73.0,27.0,8,4,3.6,17,34,0.8,2.5,1.0,0.015,0.5,10.55278769899969,1.1068853295896879,0.6058799341128536,12.95992713583499,214,71,143,33.177570093457945,10927.979999999998,9872.73,1055.2499999999982,1169.55,0,2,16.180647717499852,1.4538577190846718,1.6688675837007594,9.157645617640764,77,29,48,37.66233766233766,5183.09,3565.0600000000004,1618.0299999999997,408.93,0,8,0.04854194315249955,0.11346442977116794,-0.0,0.061111111111111116,0.010552787698999692,0.005344266479484394,-0.0315776476020739,
1b_narrow,296,0.2074368906111888,True,129,20,73.0,27.0,8,4,3.5,17,34,0.8,2.5,1.0,0.015,0.5,10.55278769899969,1.1068853295896879,0.6058799341128536,12.95992713583499,214,71,143,33.177570093457945,10927.979999999998,9872.73,1055.2499999999982,1169.55,0,2,16.180647717499852,1.4538577190846718,1.6688675837007594,9.157645617640764,77,29,48,37.66233766233766,5183.09,3565.0600000000004,1618.0299999999997,408.93,0,8,0.04854194315249955,0.11346442977116794,-0.0,0.061111111111111116,0.010552787698999692,0.005344266479484394,-0.0315776476020739,
1b_narrow,297,-1.007083927406667,False,129,20,73.0,27.0,8,4,3.6,17,35,1.2000000000000002,2.5,1.0,0.015,0.5,-4.250356444000154,0.9571352661047763,-0.1648086643812497,12.837134843490302,222,68,154,30.63063063063063,9492.59,9917.71,-425.119999999999,1108.05,0,2,12.793490063999908,1.3451001337994732,1.4256438706213423,12.93174174290876,77,28,49,36.36363636363637,4986.34,3707.0400000000004,1279.2999999999997,390.12,0,4,,,,,,,,0.04250356444000154
1b_narrow,298,0.18336715816514812,True,129,20,73.0,27.0,8,4,3.6,16,33,0.8,2.5,1.0,0.015,0.5,13.485017369999841,1.1334326780932928,0.7408879095481075,13.274280377907225,220,73,147,33.18181818181818,11454.72,10106.220000000001,1348.4999999999982,1230.34,0,2,11.718622830999866,1.2780790158729407,1.2924668575545948,11.840754045001997,87,31,56,35.632183908045974,5385.9400000000005,4214.09,1171.8500000000004,446.36,0,8,0.03515586849299959,0.06951975396823518,-0.0,0.06904761904761905,0.013485017369999842,0.006671633904664642,-0.010512734618370191,
1b_narrow,299,0.2074368906111888,True,129,20,72.0,27.0,8,4,3.6,17,34,0.8,2.5,1.0,0.015,0.5,10.55278769899969,1.1068853295896879,0.6058799341128536,12.95992713583499,214,71,143,33.177570093457945,10927.979999999998,9872.73,1055.2499999999982,1169.55,0,2,16.180647717499852,1.4538577190846718,1.6688675837007594,9.157645617640764,77,29,48,37.66233766233766,5183.09,3565.0600000000004,1618.0299999999997,408.93,0,8,0.04854194315249955,0.11346442977116794,-0.0,0.061111111111111116,0.010552787698999692,0.005344266479484394,-0.0315776476020739,
1b_narrow,300,0.11104455002844653,True,129,20,73.0,27.0,8,4,3.5,17,35,0.9,2.5,1.0,0.015,0.5,4.368054850499884,1.0460094559311268,0.29912802826986346,12.031839226416771,210,68,142,32.38095238095238,9931.409999999998,9494.57,436.8399999999983,1110.59,0,2,10.742350003499816,1.2686888595962449,1.2052967839331061,13.122118064879931,86,29,57,33.72093023255814,5072.179999999999,3997.9700000000003,1074.2099999999991,435.55,0,7,0.03222705001049945,0.06717221489906122,-0.0,0.06825396825396826,0.004368054850499884,0.002300472796556341,-0.06327721078213863,
1b_narrow,301,0.2074368906111888,True,129,20,73.0,27.0,8,4,3.6,17,34,0.8,2.5,1.0,0.015,0.5,10.55278769899969,1.1068853295896879,0.6058799341128536,12.95992713583499,214,71,143,33.177570093457945,10927.979999999998,9872.73,1055.2499999999982,1169.55,0,2,16.180647717499852,1.4538577190846718,1.6688675837007594,9.157645617640764,77,29,48,37.66233766233766,5183.09,3565.0600000000004,1618.0299999999997,408.93,0,8,0.04854194315249955,0.11346442977116794,-0.0,0.061111111111111116,0.010552787698999692,0.005344266479484394,-0.0315776476020739,
1b_narrow,302,0.17798502122257165,True,129,20,72.0,27.0,8,4,3.6,17,34,0.7,2.5,1.0,0.015,0.5,7.202683906499788,1.070493502476762,0.4394492648480785,12.844231784512472,224,72,152,32.142857142857146,10937.2,10216.97,720.2300000000014,1213.25,0,2,16.334956401499838,1.4518344563569774,1.6785674745315227,9.157645617640764,80,30,50,37.5,5248.73,3615.2400000000002,1633.4899999999993,425.71,0,9,0.04900486920449951,0.11295861408924435,-0.0,0.06349206349206349,0.007202683906499788,0.003524675123838095,-0.058197884593573564,
1b_narrow,303,0.16662426890791196,True,129,20,73.0,27.0,8,4,3.6,17,43,0.8,2.5,1.0,0.015,0.5,6.6888452099997995,1.0681715796490212,0.41625445622095264,12.869629446339301,212,70,142,33.0188679245283,10480.280000000002,9811.420000000002,668.8600000000006,1143.04,0,2,15.546318229499883,1.4341196970712415,1.6088657471022463,9.157645617640764,77,28,49,36.36363636363637,5135.6399999999985,3581.04,1554.5999999999985,408.13,0,9,0.04663895468849965,0.10852992426781038,-0.0,0.061111111111111116,0.0066888452099998,0.0034085789824510604,-0.05975314535196005,
1b_narrow,304,-1.010678450555514,False,129,20,73.0,27.0,8,9,3.5,9,34,0.8,2.5,1.0,0.015,0.5,-0.6254812320000565,0.9938095318174037,0.030030520550621862,15.073917128197719,275,88,187,32.0,10046.509999999998,10109.09,-62.580000000001746,1415.86,0,2,-0.3287617220000902,0.9927453125172637,0.027544745699858344,13.06206485208295,116,36,80,31.03448275862069,4492.5199999999995,4525.35,-32.83000000000084,575.05,0,5,,,,,,,,0.06407070333308366
1b_narrow,305,0.2059338050671414,True,129,20,73.0,27.0,8,4,3.6,17,33,0.8,2.5,1.0,0.015,0.5,10.371902349499686,1.10518074708389,0.597226772175752,12.95992713583499,214,71,143,33.177570093457945,10897.899999999998,9860.740000000002,1037.1599999999962,1168.5,0,2,16.180647717499852,1.4538577190846718,1.6688675837007594,9.157645617640764,77,29,48,37.66233766233766,5183.09,3565.0600000000004,1618.0299999999997,408.93,0,8,0.04854194315249955,0.11346442977116794,-0.0,0.061111111111111116,0.010371902349499688,0.005259037354194496,-0.0328146186713314,
1b_narrow,306,0.2074368906111888,True,129,20,73.0,27.0,8,4,3.6,17,34,0.8,2.5,1.0,0.015,0.5,10.55278769899969,1.1068853295896879,0.6058799341128536,12.95992713583499,214,71,143,33.177570093457945,10927.979999999998,9872.73,1055.2499999999982,1169.55,0,2,16.180647717499852,1.4538577190846718,1.6688675837007594,9.157645617640764,77,29,48,37.66233766233766,5183.09,3565.0600000000004,1618.0299999999997,408.93,0,8,0.04854194315249955,0.11346442977116794,-0.0,0.061111111111111116,0.010552787698999692,0.005344266479484394,-0.0315776476020739,
1b_narrow,307,0.1773864860689066,True,129,20,73.0,27.0,7,4,3.6,16,34,0.8,2.6,1.0,0.015,0.5,12.574797997499774,1.1267780874292699,0.6930077865713651,13.085671769069867,210,70,140,33.333333333333336,11175.34,9917.96,1257.380000000001,1174.29,0,2,11.08450877349991,1.26248028680625,1.2137361738663177,11.664681354290712,87,30,57,34.48275862068966,5331.530000000001,4223.0599999999995,1108.4700000000012,439.54,0,8,0.03325352632049973,0.06562007170156248,-0.0,0.06904761904761905,0.012574797997499774,0.006338904371463495,-0.009448433369737908,
1b_narrow,308,0.11516069967340554,True,129,21,73.0,27.0,8,4,3.5,17,34,0.8,3.0,1.0,0.015,0.5,16.36847759149978,1.1657581094177707,0.8401901639668019,13.064288787679768,186,56,130,30.107526881720432,11511.43,9874.63,1636.800000000001,1085.34,0,2,8.247065810499953,1.2641852150847657,0.8715369317446308,9.650128530363409,62,20,42,32.25806451612903,3946.2300000000005,3121.5599999999995,824.670000000001,316.46,0,8,0.024741197431499856,0.06604630377119142,-0.0,0.049206349206349205,0.016368477591499783,0.008287905470888535,-0.049489533798023254,
1b_narrow,309,0.160130187617429,True,120,20,73.0,27.0,8,4,3.6,17,35,0.8,2.5,1.0,0.015,0.5,6.0924246874999515,1.063017303715535,0.38204241397676814,12.097335806412037,222,72,150,32.432432432432435,10275.88,9666.71,609.1700000000001,1168.0,0,4,16.026996943500016,1.37276719261685,1.6541146826321664,9.89264631595212,97,37,60,38.144329896907216,5902.239999999999,4299.5199999999995,1602.7199999999993,516.96,0,2,0.04808099083050005,0.09319179815421252,-0.0,0.07698412698412699,0.006092424687499952,0.0031508651857767526,-0.06737001822468727,
1b_narrow,310,0.08466689699474117,True,129,20,73.0,27.0,8,4,3.6,17,34,0.9,2.5,1.0,0.015,0.5,2.675184799499893,1.0286043636892466,0.21062799686447253,12.098446506367523,211,67,144,31.753554502369667,9619.22,9351.72,267.5,1101.23,0,2,11.248018581499801,1.2805129573607934,1.2560986696201157,13.122118064879931,87,30,57,34.48275862068966,5134.46,4009.69,1124.77,441.38,0,7,0.0337440557444994,0.07012823934019835,-0.0,0.06904761904761905,0.0026751847994998935,0.0014302181844623287,-0.09235842012153786,
1b_narrow,311,0.2074368906111888,True,129,20,72.0,27.0,8,4,3.6,17,34,0.8,2.5,1.0,0.015,0.5,10.55278769899969,1.1068853295896879,0.6058799341128536,12.95992713583499,214,71,143,33.177570093457945,10927.979999999998,9872.73,1055.2499999999982,1169.55,0,2,16.180647717499852,1.4538577190846718,1.6688675837007594,9.157645617640764,77,29,48,37.66233766233766,5183.09,3565.0600000000004,1618.0299999999997,408.93,0,8,0.04854194315249955,0.11346442977116794,-0.0,0.061111111111111116,0.010552787698999692,0.005344266479484394,-0.0315776476020739,
1b_narrow,312,0.2059338050671414,True,129,20,73.0,27.0,8,4,3.5,17,33,0.8,2.5,1.0,0.015,0.5,10.371902349499686,1.10518074708389,0.597226772175752,12.95992713583499,214,71,143,33.177570093457945,10897.899999999998,9860.740000000002,1037.1599999999962,1168.5,0,2,16.180647717499852,1.4538577190846718,1.6688675837007594,9.157645617640764,77,29,48,37.66233766233766,5183.09,3565.0600000000004,1618.0299999999997,408.93,0,8,0.04854194315249955,0.11346442977116794,-0.0,0.061111111111111116,0.010371902349499688,0.005259037354194496,-0.0328146186713314,
1b_narrow,313,0.2074368906111888,True,129,20,72.0,27.0,8,4,3.6,17,34,0.8,2.5,1.0,0.015,0.5,10.55278769899969,1.1068853295896879,0.6058799341128536,12.95992713583499,214,71,143,33.177570093457945,10927.979999999998,9872.73,1055.2499999999982,1169.55,0,2,16.180647717499852,1.4538577190846718,1.6688675837007594,9.157645617640764,77,29,48,37.66233766233766,5183.09,3565.0600000000004,1618.0299999999997,408.93,0,8,0.04854194315249955,0.11346442977116794,-0.0,0.061111111111111116,0.010552787698999692,0.005344266479484394,-0.0315776476020739,
1b_narrow,314,0.1823404515914337,True,129,20,73.0,27.0,8,4,3.5,16,34,0.8,2.5,1.0,0.015,0.5,13.742210164999817,1.1359353238161558,0.7528804459671725,13.274280377907225,220,73,147,33.18181818181818,11483.669999999998,10109.44,1374.2299999999977,1230.97,0,2,11.718622830999866,1.2780790158729407,1.2924668575545948,11.840754045001997,87,31,56,35.632183908045974,5385.9400000000005,4214.09,1171.8500000000004,446.36,0,8,0.03515586849299959,0.06951975396823518,-0.0,0.06904761904761905,0.013742210164999817,0.006796766190807791,-0.011921766273227724,
1b_narrow,315,0.18506565834069488,True,129,20,73.0,27.0,8,4,3.6,17,35,0.7,2.5,1.0,0.015,0.5,7.743066997999703,1.0763340566343726,0.46624231219493817,12.88483712663481,222,72,150,32.432432432432435,10917.59,10143.310000000001,774.2799999999988,1204.1,0,2,16.594003927999836,1.4623106197796807,1.702401149300086,9.157645617640764,79,30,49,37.9746835443038,5248.73,3589.34,1659.3899999999994,419.98,0,9,0.04978201178399951,0.11557765494492017,-0.0,0.0626984126984127,0.0077430669979997035,0.0038167028317186327,-0.05455219091635584,
1b_narrow,316,0.2074368906111888,True,129,20,72.0,27.0,7,4,3.6,17,34,0.8,2.5,1.0,0.015,0.5,10.55278769899969,1.1068853295896879,0.6058799341128536,12.95992713583499,214,71,143,33.177570093457945,10927.979999999998,9872.73,1055.2499999999982,1169.55,0,2,16.180647717499852,1.4538577190846718,1.6688675837007594,9.157645617640764,77,29,48,37.66233766233766,5183.09,3565.0600000000004,1618.0299999999997,408.93,0,8,0.04854194315249955,0.11346442977116794,-0.0,0.061111111111111116,0.010552787698999692,0.005344266479484394,-0.0315776476020739,
1b_narrow,317,0.2074368906111888,True,129,20,73.0,27.0,8,4,3.6,17,34,0.8,2.5,1.0,0.015,0.5,10.55278769899969,1.1068853295896879,0.6058799341128536,12.95992713583499,214,71,143,33.177570093457945,10927.979999999998,9872.73,1055.2499999999982,1169.55,0,2,16.180647717499852,1.4538577190846718,1.6688675837007594,9.157645617640764,77,29,48,37.66233766233766,5183.09,3565.0600000000004,1618.0299999999997,408.93,0,8,0.04854194315249955,0.11346442977116794,-0.0,0.061111111111111116,0.010552787698999692,0.005344266479484394,-0.0315776476020739,
1b_narrow,318,0.2059338050671414,True,129,20,73.0,27.0,8,4,3.5,17,33,0.8,2.5,1.0,0.015,0.5,10.371902349499686,1.10518074708389,0.597226772175752,12.95992713583499,214,71,143,33.177570093457945,10897.899999999998,9860.740000000002,1037.1599999999962,1168.5,0,2,16.180647717499852,1.4538577190846718,1.6688675837007594,9.157645617640764,77,29,48,37.66233766233766,5183.09,3565.0600000000004,1618.0299999999997,408.93,0,8,0.04854194315249955,0.11346442977116794,-0.0,0.061111111111111116,0.010371902349499688,0.005259037354194496,-0.0328146186713314,
1b_narrow,319,0.2074368906111888,True,129,20,73.0,27.0,8,4,3.6,17,34,0.8,2.5,1.0,0.015,0.5,10.55278769899969,1.1068853295896879,0.6058799341128536,12.95992713583499,214,71,143,33.177570093457945,10927.979999999998,9872.73,1055.2499999999982,1169.55,0,2,16.180647717499852,1.4538577190846718,1.6688675837007594,9.157645617640764,77,29,48,37.66233766233766,5183.09,3565.0600000000004,1618.0299999999997,408.93,0,8,0.04854194315249955,0.11346442977116794,-0.0,0.061111111111111116,0.010552787698999692,0.005344266479484394,-0.0315776476020739,
1b_narrow,320,0.08466689699474117,True,129,20,73.0,27.0,8,4,3.6,17,34,0.9,2.5,1.0,0.015,0.5,2.675184799499893,1.0286043636892466,0.21062799686447253,12.098446506367523,211,67,144,31.753554502369667,9619.22,9351.72,267.5,1101.23,0,2,11.248018581499801,1.2805129573607934,1.2560986696201157,13.122118064879931,87,30,57,34.48275862068966,5134.46,4009.69,1124.77,441.38,0,7,0.0337440557444994,0.07012823934019835,-0.0,0.06904761904761905,0.0026751847994998935,0.0014302181844623287,-0.09235842012153786,
1b_narrow,321,0.19838837560573022,True,129,20,72.0,27.0,8,4,3.6,17,35,0.8,2.5,1.0,0.015,0.5,9.500257823999709,1.095804536437633,0.5546350527467026,12.95992713583499,215,71,144,33.02325581395349,10865.680000000002,9915.710000000001,949.9700000000012,1168.13,0,2,16.180647717499852,1.4538577190846718,1.6688675837007594,9.157645617640764,77,29,48,37.66233766233766,5183.09,3565.0600000000004,1618.0299999999997,408.93,0,9,0.04854194315249955,0.11346442977116794,-0.0,0.061111111111111116,0.009500257823999709,0.004790226821881649,-0.03901959307492975,
1b_narrow,322,0.2074368906111888,True,129,20,73.0,27.0,8,4,3.5,17,34,0.8,2.5,1.0,0.015,0.5,10.55278769899969,1.1068853295896879,0.6058799341128536,12.95992713583499,214,71,143,33.177570093457945,10927.979999999998,9872.73,1055.2499999999982,1169.55,0,2,16.180647717499852,1.4538577190846718,1.6688675837007594,9.157645617640764,77,29,48,37.66233766233766,5183.09,3565.0600000000004,1618.0299999999997,408.93,0,8,0.04854194315249955,0.11346442977116794,-0.0,0.061111111111111116,0.010552787698999692,0.005344266479484394,-0.0315776476020739,
1b_narrow,323,0.1823404515914337,True,129,20,73.0,27.0,8,4,3.6,16,34,0.8,2.5,1.0,0.015,0.5,13.742210164999817,1.1359353238161558,0.7528804459671725,13.274280377907225,220,73,147,33.18181818181818,11483.669999999998,10109.44,1374.2299999999977,1230.97,0,2,11.718622830999866,1.2780790158729407,1.2924668575545948,11.840754045001997,87,31,56,35.632183908045974,5385.9400000000005,4214.09,1171.8500000000004,446.36,0,8,0.03515586849299959,0.06951975396823518,-0.0,0.06904761904761905,0.013742210164999817,0.006796766190807791,-0.011921766273227724,
1b_narrow,324,0.1843927785480035,True,129,20,73.0,27.0,8,4,3.4,17,34,0.7,2.6,1.0,0.015,0.5,8.488544619999812,1.0832608292634598,0.49833737656461813,12.736483998136073,215,69,146,32.093023255813954,11043.66,10194.830000000002,848.8299999999981,1184.45,0,2,15.351729587999927,1.4215049394037576,1.572874693712891,9.176835752355055,80,29,51,36.25,5177.320000000001,3642.1399999999994,1535.1800000000012,419.22,0,9,0.04605518876399978,0.10537623485093939,-0.0,0.06349206349206349,0.008488544619999813,0.00416304146317299,-0.04318229464217194,
1b_narrow,325,0.2059338050671414,True,129,20,73.0,21.0,7,4,3.6,17,33,0.8,2.5,1.0,0.015,0.5,10.371902349499686,1.10518074708389,0.597226772175752,12.95992713583499,214,71,143,33.177570093457945,10897.899999999998,9860.740000000002,1037.1599999999962,1168.5,0,2,16.180647717499852,1.4538577190846718,1.6688675837007594,9.157645617640764,77,29,48,37.66233766233766,5183.09,3565.0600000000004,1618.0299999999997,408.93,0,8,0.04854194315249955,0.11346442977116794,-0.0,0.061111111111111116,0.010371902349499688,0.005259037354194496,-0.0328146186713314,
1b_narrow,326,0.2074368906111888,True,129,20,72.0,27.0,8,4,3.6,17,34,0.8,2.5,1.0,0.015,0.5,10.55278769899969,1.1068853295896879,0.6058799341128536,12.95992713583499,214,71,143,33.177570093457945,10927.979999999998,9872.73,1055.2499999999982,1169.55,0,2,16.180647717499852,1.4538577190846718,1.6688675837007594,9.157645617640764,77,29,48,37.66233766233766,5183.09,3565.0600000000004,1618.0299999999997,408.93,0,8,0.04854194315249955,0.11346442977116794,-0.0,0.061111111111111116,0.010552787698999692,0.005344266479484394,-0.0315776476020739,
1b_narrow,327,0.2074368906111888,True,129,20,74.0,27.0,8,4,3.5,17,34,0.8,2.5,1.0,0.015,0.5,10.55278769899969,1.1068853295896879,0.6058799341128536,12.95992713583499,214,71,143,33.177570093457945,10927.979999999998,9872.73,1055.2499999999982,1169.55,0,2,16.180647717499852,1.4538577190846718,1.6688675837007594,9.157645617640764,77,29,48,37.66233766233766,5183.09,3565.0600000000004,1618.0299999999997,408.93,0,8,0.04854194315249955,0.11346442977116794,-0.0,0.061111111111111116,0.010552787698999692,0.005344266479484394,-0.0315776476020739,
1b_narrow,328,0.2074368906111888,True,129,20,73.0,27.0,8,4,3.6,17,34,0.8,2.5,1.0,0.015,0.5,10.55278769899969,1.1068853295896879,0.6058799341128536,12.95992713583499,214,71,143,33.177570093457945,10927.979999999998,9872.73,1055.2499999999982,1169.55,0,2,16.180647717499852,1.4538577190846718,1.6688675837007594,9.157645617640764,77,29,48,37.66233766233766,5183.09,3565.0600000000004,1618.0299999999997,408.93,0,8,0.04854194315249955,0.11346442977116794,-0.0,0.061111111111111116,0.010552787698999692,0.005344266479484394,-0.0315776476020739,
1b_narrow,329,0.20106628093997017,True,128,20,73.0,27.0,8,4,3.6,17,35,0.8,2.5,1.0,0.015,0.5,9.098895544999742,1.0907569261707208,0.5342960437169834,11.988184714277127,217,71,146,32.71889400921659,10934.86,10025.02,909.8400000000001,1188.95,0,1,17.083522229999947,1.4832482829631468,1.7518888961171455,9.023970425593477,77,30,47,38.96103896103896,5243.5199999999995,3535.1600000000008,1708.3599999999988,410.97,0,9,0.05125056668999984,0.1208120707407867,-0.0,0.061111111111111116,0.009098895544999742,0.004537846308536042,-0.04574420945546328,
1b_narrow,330,0.16813782425362328,True,129,20,74.0,27.0,8,4,3.6,17,34,0.8,2.9,1.0,0.015,0.5,19.8745535569998,1.2006541985310821,1.0073470322951406,12.306478247123907,193,61,132,31.60621761658031,11892.78,9905.25,1987.5300000000007,1126.09,0,2,11.71461022849997,1.3482880825811363,1.2035004170620869,9.641692490438206,69,23,46,33.333333333333336,4534.9400000000005,3363.48,1171.4600000000005,355.65,0,8,0.03514383068549991,0.08707202064528408,-0.0,0.05476190476190477,0.0198745535569998,0.010032709926554107,-0.03874719532261939,
1b_narrow,331,0.2059338050671414,True,129,20,73.0,27.0,8,4,3.6,17,33,0.8,2.5,1.0,0.015,0.5,10.371902349499686,1.10518074708389,0.597226772175752,12.95992713583499,214,71,143,33.177570093457945,10897.899999999998,9860.740000000002,1037.1599999999962,1168.5,0,2,16.180647717499852,1.4538577190846718,1.6688675837007594,9.157645617640764,77,29,48,37.66233766233766,5183.09,3565.0600000000004,1618.0299999999997,408.93,0,8,0.04854194315249955,0.11346442977116794,-0.0,0.061111111111111116,0.010371902349499688,0.005259037354194496,-0.0328146186713314,
1b_narrow,332,0.08460476236269496,True,128,20,73.0,27.0,8,4,3.5,17,34,0.9,2.5,1.0,0.015,0.5,2.3730268544998765,1.0249039492541512,0.19415238243521768,12.055508927893536,214,68,146,31.77570093457944,9768.79,9531.42,237.3700000000008,1124.52,0,1,12.167306808999802,1.305904329942526,1.3469818102832432,12.987543619280482,87,31,56,35.632183908045974,5194.130000000001,3977.4199999999996,1216.7100000000014,443.78000000000003,0,8,0.0365019204269994,0.07647608248563148,-0.0,0.06904761904761905,0.0023730268544998765,0.001245197462707559,-0.1010390839147624,
1b_narrow,333,0.2074368906111888,True,129,20,74.0,27.0,8,4,3.6,17,34,0.8,2.5,1.0,0.015,0.5,10.55278769899969,1.1068853295896879,0.6058799341128536,12.95992713583499,214,71,143,33.177570093457945,10927.979999999998,9872.73,1055.2499999999982,1169.55,0,2,16.180647717499852,1.4538577190846718,1.6688675837007594,9.157645617640764,77,29,48,37.66233766233766,5183.09,3565.0600000000004,1618.0299999999997,408.93,0,8,0.04854194315249955,0.11346442977116794,-0.0,0.061111111111111116,0.010552787698999692,0.005344266479484394,-0.0315776476020739,
1b_narrow,334,0.19056292995606083,True,129,20,73.0,27.0,8,4,3.6,16,35,0.8,2.5,1.0,0.015,0.5,12.762616050499892,1.125586589979877,0.7065094943732427,13.274280377907225,221,73,148,33.0316742081448,11438.83,10162.550000000001,1276.2799999999988,1230.46,0,2,11.977952861999892,1.2851874162204378,1.318803811990957,11.64339456014395,87,31,56,35.632183908045974,5397.800000000001,4200.01,1197.7900000000009,447.14,0,9,0.03593385858599968,0.07129685405510944,-0.0,0.06904761904761905,0.012762616050499893,0.006279329498993846,-0.004757347282161088,
1b_narrow,335,0.20799003214908163,True,128,20,72.0,27.0,8,4,3.5,17,34,0.8,2.5,1.0,0.015,0.5,9.887233932499711,1.0990355585206022,0.5733603203326867,11.988184714277127,216,71,145,32.870370370370374,10971.650000000001,9982.98,988.6700000000019,1189.49,0,1,17.083522229999947,1.4832482829631468,1.7518888961171455,9.023970425593477,77,30,47,38.96103896103896,5243.5199999999995,3535.1600000000008,1708.3599999999988,410.97,0,8,0.05125056668999984,0.1208120707407867,-0.0,0.061111111111111116,0.009887233932499712,0.00495177792603011,-0.040022728251345854,
1b_narrow,336,-1.0014033217250005,False,109,20,72.0,27.0,7,4,3.6,17,34,0.8,2.5,1.0,0.015,0.5,-0.841993035000287,0.9929651164734639,0.03336956640173099,13.1218305448485,285,90,195,31.57894736842105,11879.080000000002,11963.24,-84.15999999999804,1423.28,0,6,13.57017782349989,1.302573432685404,1.4143067593513206,8.945033169545004,99,36,63,36.36363636363637,5842.12,4485.060000000001,1357.0599999999986,526.65,0,2,,,,,,,,0.00841993035000287
1b_narrow,337,0.20799003214908163,True,128,20,72.0,27.0,8,4,3.6,17,34,0.8,2.5,1.0,0.015,0.5,9.887233932499711,1.0990355585206022,0.5733603203326867,11.988184714277127,216,71,145,32.870370370370374,10971.650000000001,9982.98,988.6700000000019,1189.49,0,1,17.083522229999947,1.4832482829631468,1.7518888961171455,9.023970425593477,77,30,47,38.96103896103896,5243.5199999999995,3535.1600000000008,1708.3599999999988,410.97,0,8,0.05125056668999984,0.1208120707407867,-0.0,0.061111111111111116,0.009887233932499712,0.00495177792603011,-0.040022728251345854,
1b_narrow,338,0.20770276292054776,True,128,20,71.0,27.0,8,4,3.6,17,34,0.8,2.5,1.0,0.015,0.5,9.853770580499713,1.0986806262168205,0.5729214851371383,12.019110109491084,217,71,146,32.71889400921659,10970.370000000003,9985.04,985.3300000000017,1195.75,0,1,17.083522229999947,1.4832482829631468,1.7518888961171455,9.023970425593477,77,30,47,38.96103896103896,5243.5199999999995,3535.1600000000008,1708.3599999999988,410.97,0,8,0.05125056668999984,0.1208120707407867,-0.0,0.061111111111111116,0.009853770580499714,0.004934031310841025,-0.04025878751269064,
1b_narrow,339,0.07467961080858324,True,128,20,69.0,27.0,8,4,3.6,17,34,0.9,2.5,1.0,0.015,0.5,2.3535981689998517,1.0246953854674532,0.19327914827021314,12.096141695451243,215,68,147,31.627906976744185,9768.79,9533.36,235.4300000000003,1130.42,0,1,10.456079909499785,1.2558692109294325,1.1834019509052793,14.097009342433154,89,31,58,34.831460674157306,5132.21,4086.58,1045.63,449.05,0,8,0.03136823972849936,0.06396730273235812,-0.0,0.07063492063492065,0.002353598168999852,0.0012347692733726602,-0.09487921972956741,
1b_narrow,340,0.16691764138567386,True,114,20,71.0,27.0,8,4,3.6,17,33,0.7,2.5,1.0,0.015,0.5,8.485583150499806,1.081225504931084,0.492037441976385,13.099047303412458,236,79,157,33.47457627118644,11294.460000000003,10445.98,848.4800000000032,1278.03,0,8,11.647575063499898,1.2544842804395797,1.2327874141444004,9.396432016406381,100,35,65,35.0,5741.900000000001,4577.1,1164.8000000000002,527.03,0,2,0.03494272519049969,0.06362107010989493,-0.0,0.07936507936507936,0.008485583150499807,0.004061275246554197,-0.023558091676854128,
1b_narrow,341,0.20799003214908163,True,128,20,72.0,27.0,8,4,3.6,17,34,0.8,2.5,1.0,0.015,0.5,9.887233932499711,1.0990355585206022,0.5733603203326867,11.988184714277127,216,71,145,32.870370370370374,10971.650000000001,9982.98,988.6700000000019,1189.49,0,1,17.083522229999947,1.4832482829631468,1.7518888961171455,9.023970425593477,77,30,47,38.96103896103896,5243.5199999999995,3535.1600000000008,1708.3599999999988,410.97,0,8,0.05125056668999984,0.1208120707407867,-0.0,0.061111111111111116,0.009887233932499712,0.00495177792603011,-0.040022728251345854,
1b_narrow,342,0.20770276292054776,True,128,20,71.0,27.0,8,4,3.6,17,34,0.8,2.5,1.0,0.015,0.5,9.853770580499713,1.0986806262168205,0.5729214851371383,12.019110109491084,217,71,146,32.71889400921659,10970.370000000003,9985.04,985.3300000000017,1195.75,0,1,17.083522229999947,1.4832482829631468,1.7518888961171455,9.023970425593477,77,30,47,38.96103896103896,5243.5199999999995,3535.1600000000008,1708.3599999999988,410.97,0,8,0.05125056668999984,0.1208120707407867,-0.0,0.061111111111111116,0.009853770580499714,0.004934031310841025,-0.04025878751269064,
1b_narrow,343,0.1319057045433687,True,128,20,72.0,27.0,8,4,3.6,10,35,0.8,2.5,1.0,0.015,0.5,5.5175473239997155,1.052173945934803,0.3537551205511702,13.648085869604861,261,86,175,32.95019157088122,11126.750000000002,10575.01,551.7400000000016,1434.36,0,1,9.137767933499854,1.2130443500440655,1.0584834862225436,12.909096381852478,101,33,68,32.67326732673267,5202.82,4289.06,913.7599999999993,513.65,0,9,0.02741330380049956,0.05326108751101638,-0.0,0.08015873015873017,0.005517547323999716,0.002608697296740148,-0.037053661547617286,
1b_narrow,344,0.20575319174288714,True,128,20,70.0,27.0,8,4,3.6,17,34,0.8,2.5,1.0,0.015,0.5,9.853770580499713,1.0986806262168205,0.5729214851371383,12.019110109491084,217,71,146,32.71889400921659,10970.370000000003,9985.04,985.3300000000017,1195.75,0,1,16.748257353999907,1.4707663075405248,1.7239795740827197,9.023970425593477,78,30,48,38.46153846153846,5232.56,3557.71,1674.8500000000004,415.47,0,8,0.05024477206199972,0.11769157688513121,-0.0,0.06190476190476191,0.009853770580499714,0.004934031310841025,-0.038875721000346426,
1b_narrow,345,0.20770276292054776,True,128,20,71.0,27.0,7,4,3.6,17,34,0.8,2.5,1.0,0.015,0.5,9.853770580499713,1.0986806262168205,0.5729214851371383,12.019110109491084,217,71,146,32.71889400921659,10970.370000000003,9985.04,985.3300000000017,1195.75,0,1,17.083522229999947,1.4832482829631468,1.7518888961171455,9.023970425593477,77,30,47,38.96103896103896,5243.5199999999995,3535.1600000000008,1708.3599999999988,410.97,0,8,0.05125056668999984,0.1208120707407867,-0.0,0.061111111111111116,0.009853770580499714,0.004934031310841025,-0.04025878751269064,
1b_narrow,346,0.20570529179302932,True,128,20,71.0,27.0,7,4,3.6,17,33,0.8,2.5,1.0,0.015,0.5,9.592698198999697,1.096126153300391,0.5600896051269544,12.019110109491084,217,71,146,32.71889400921659,10938.210000000003,9978.970000000001,959.2400000000016,1194.74,0,1,17.12562137549992,1.4844363480012217,1.7552631776774068,9.023970425593477,77,30,47,38.96103896103896,5247.72,3535.1600000000008,1712.5599999999995,411.03,0,8,0.05137686412649976,0.12110908700030543,-0.0,0.061111111111111116,0.009592698198999697,0.004806307665019549,-0.04229077630890622,
1b_narrow,347,0.20799003214908163,True,128,20,72.0,20.0,7,4,3.6,17,34,0.8,2.5,1.0,0.015,0.5,9.887233932499711,1.0990355585206022,0.5733603203326867,11.988184714277127,216,71,145,32.870370370370374,10971.650000000001,9982.98,988.6700000000019,1189.49,0,1,17.083522229999947,1.4832482829631468,1.7518888961171455,9.023970425593477,77,30,47,38.96103896103896,5243.5199999999995,3535.1600000000008,1708.3599999999988,410.97,0,8,0.05125056668999984,0.1208120707407867,-0.0,0.061111111111111116,0.009887233932499712,0.00495177792603011,-0.040022728251345854,
1b_narrow,348,0.17415766986624992,True,128,20,71.0,24.0,7,4,3.6,17,34,0.7,2.5,1.0,0.015,0.5,6.245008471999736,1.0603408291525265,0.3917811524495508,12.502053717364872,227,72,155,31.718061674008812,10973.34,10348.880000000001,624.4599999999991,1239.31,0,1,17.200617864499907,1.4795732021825017,1.7579215643980932,9.023970425593477,80,31,49,38.75,5306.8,3586.71,1720.0900000000001,427.7,0,9,0.05160185359349972,0.11989330054562541,-0.0,0.06349206349206349,0.006245008471999736,0.003017041457626324,-0.07009159769456477,
1b_narrow,349,0.2166556007382589,True,128,20,70.0,20.0,7,7,3.6,17,34,0.8,2.5,1.0,0.015,0.5,10.182394313499717,1.104182227833906,0.5909568008364849,12.107695088258486,213,69,144,32.394366197183096,10791.460000000001,9773.26,1018.2000000000007,1179.17,0,1,17.775255438999938,1.510259501664944,1.818469511561551,9.023970425593477,77,30,47,38.96103896103896,5261.14,3483.600000000001,1777.5399999999995,410.86,0,6,0.05332576631699981,0.127564875416236,-0.0,0.061111111111111116,0.010182394313499717,0.005209111391695298,-0.04073765781128305,
1b_narrow,350,0.13359472712089474,True,128,20,71.0,20.0,8,9,3.6,16,34,0.8,2.5,1.0,0.015,0.5,5.869036827499895,1.059505762988906,0.3771574736112946,15.511354835546332,217,69,148,31.797235023041473,10448.92,9862.07,586.8500000000004,1199.32,0,1,11.485839625499885,1.2791674970955242,1.2782788095006272,11.676165399123741,87,32,55,36.7816091954023,5262.929999999999,4114.34,1148.5899999999992,444.77,0,5,0.03445751887649966,0.06979187427388106,-0.0,0.06904761904761905,0.005869036827499895,0.002975288149445299,-0.04854661005405022,
1b_narrow,351,0.1989124094937984,True,128,20,70.0,22.0,7,4,3.6,17,35,0.8,2.5,1.0,0.015,0.5,9.07969915449974,1.0905596240048039,0.5344619391231609,12.019110109491084,218,71,147,32.56880733944954,10933.580000000002,10025.66,907.9200000000019,1195.01,0,1,16.748257353999907,1.4707663075405248,1.7239795740827197,9.023970425593477,78,30,48,38.46153846153846,5232.56,3557.71,1674.8500000000004,415.47,0,9,0.05024477206199972,0.11769157688513121,-0.0,0.06190476190476191,0.009079699154499741,0.004527981200240195,-0.04453638171283436,
1b_narrow,352,0.22552375455767573,True,128,20,70.0,20.0,7,6,3.6,17,34,0.8,2.5,1.0,0.015,0.5,11.323506979999747,1.1139252350553117,0.6454682221050464,12.081169591095696,216,71,145,32.870370370370374,11071.470000000001,9939.15,1132.3200000000015,1203.11,0,1,17.73095026249992,1.509119413784786,1.8139728337893355,9.023970425593477,77,30,47,38.96103896103896,5255.78,3482.6800000000007,1773.099999999999,410.79,0,7,0.05319285078749976,0.12727985344619652,-0.0,0.061111111111111116,0.011323506979999749,0.005696261752765586,-0.03307982951989701,
1b_narrow,353,0.22336116773215126,True,128,20,70.0,21.0,7,8,3.6,17,34,0.8,2.5,1.0,0.015,0.5,12.384030132499701,1.1281220708762592,0.6983942715737115,12.017135345540396,208,69,139,33.17307692307692,10904.269999999999,9665.86,1238.409999999998,1161.57,0,1,15.803870552499937,1.4569870397251798,1.6478708000723623,9.023970425593477,77,30,47,38.96103896103896,5038.64,3458.2599999999998,1580.3800000000006,407.28,0,5,0.04741161165749981,0.11424675993129496,-0.0,0.061111111111111116,0.012384030132499703,0.006406103543812958,-0.0181984486440673,
1b_narrow,354,0.16486925180460998,True,127,20,70.0,20.0,7,7,3.6,17,34,0.8,2.5,1.0,0.015,0.5,6.550440579499664,1.0677200296116167,0.41173101405846113,12.089546459250766,218,69,149,31.65137614678899,10326.860000000002,9671.88,654.9800000000032,1177.97,0,3,15.537380906999914,1.4202636689693975,1.5976807996256437,9.996611277885481,81,30,51,37.03703703703704,5250.8,3697.06,1553.7400000000002,427.72,0,6,0.04661214272099974,0.10506591724234937,-0.0,0.0642857142857143,0.006550440579499665,0.003386001480580836,-0.06103096450453392,
1b_narrow,355,0.21842343508282738,True,128,20,70.0,20.0,7,6,3.6,17,33,0.8,2.6,1.0,0.015,0.5,11.114431692499748,1.1124305731195308,0.627978560618994,11.946615406886401,209,68,141,32.535885167464116,10995.820000000002,9884.5,1111.3200000000015,1170.52,0,1,16.970800491999942,1.483768621615612,1.727313632045916,9.005139899451056,77,29,48,37.66233766233766,5205.089999999999,3508.02,1697.0699999999993,404.78000000000003,0,7,0.05091240147599982,0.12094215540390302,-0.0,0.061111111111111116,0.011114431692499748,0.005621528655976538,-0.03127819325666287,
1b_narrow,356,0.1442496718954765,True,127,20,70.0,20.0,7,7,3.6,17,33,0.8,2.6,1.0,0.015,0.5,6.257211635999775,1.0650832055621549,0.39286140489620586,11.926792585456528,211,66,145,31.27962085308057,10239.22,9613.54,625.6799999999985,1146.12,0,3,12.548265857999905,1.3256017914274074,1.3200200510715348,9.951930070856244,83,29,54,34.93975903614458,5108.75,3853.9100000000003,1254.8399999999997,426.56,0,6,0.03764479757399971,0.08140044785685185,-0.0,0.06587301587301587,0.006257211635999776,0.003254160278107743,-0.05017996132249847,
1b_narrow,357,0.22058629480152525,True,128,20,70.0,20.0,7,4,3.6,17,33,0.8,2.7,1.0,0.015,0.5,11.807725053499798,1.118647610587098,0.6559263601466487,11.800220661879726,205,65,140,31.70731707317073,11131.64,9950.98,1180.6599999999999,1151.28,0,1,16.78970623299985,1.4731649165525287,1.69744575974247,9.016952872752693,76,28,48,36.8421052631579,5227.29,3548.34,1678.9499999999998,400.0,0,8,0.05036911869899955,0.11829122913813217,-0.0,0.06031746031746032,0.0118077250534998,0.005932380529354898,-0.026131618935921495,
1b_narrow,358,0.09537207241166488,True,127,20,70.0,20.0,7,8,3.6,17,33,0.9,2.7,1.0,0.015,0.5,9.138241187499736,1.0977692900243934,0.5408859518821224,11.864633445607922,199,62,137,31.155778894472363,10260.630000000001,9346.800000000001,913.8299999999999,1089.51,0,3,5.39776687199992,1.1261142121483296,0.6514504710505383,14.948891302833339,91,29,62,31.86813186813187,4819.69,4279.929999999999,539.7600000000002,440.1,0,4,0.01619330061599976,0.03152855303708241,-0.0,0.07222222222222223,0.009138241187499735,0.004888464501219669,-0.03859870915235892,
1b_narrow,359,0.17504014959789455,True,128,20,70.0,21.0,7,7,3.6,13,33,0.8,2.7,1.0,0.015,0.5,9.772806954999833,1.1018868750729813,0.563813061470307,12.950942238422513,213,68,145,31.92488262910798,10568.770000000002,9591.52,977.2500000000018,1202.63,0,1,9.727275579999931,1.2206037432900403,1.1030272276380229,11.873451213425582,96,32,64,33.333333333333336,5382.24,4409.49,972.75,483.56,0,6,0.029181826739999795,0.05515093582251007,-0.0,0.0761904761904762,0.009772806954999833,0.005094343753649067,-0.00035023986374042035,
1b_narrow,360,0.20389448851250863,True,128,20,70.0,20.0,7,8,3.6,17,33,0.8,2.6,1.0,0.015,0.5,12.115853065999744,1.125980329969033,0.677040993407767,11.943667788103403,201,66,135,32.83582089552239,10828.17,9616.66,1211.5100000000002,1129.7,0,1,12.840627372499894,1.3544622128733232,1.3629600562842823,9.005139899451056,79,29,50,36.70886075949367,4906.58,3622.53,1284.0499999999997,406.92,0,5,0.03852188211749968,0.08861555321833081,-0.0,0.0626984126984127,0.012115853065999743,0.006299016498451649,-0.004356229086185936,
1b_narrow,361,0.22980531627072467,True,128,20,69.0,20.0,7,6,3.6,17,33,0.7,2.8,1.0,0.015,0.5,13.73057175549986,1.1359718613346852,0.7371315269464603,12.180733711387361,203,62,141,30.541871921182267,11471.679999999998,10098.56,1373.119999999999,1173.27,0,1,16.29929764849985,1.442042801081553,1.6348478796903887,9.025892074147329,79,28,51,35.44303797468354,5317.23,3687.2900000000004,1629.9399999999991,418.13,0,8,0.048897892945499545,0.11051070027038823,-0.0,0.0626984126984127,0.013730571755499861,0.00679859306673426,-0.012830854465809923,
1b_narrow,362,0.15151041197961357,True,127,20,69.0,20.0,7,6,3.6,16,33,0.7,2.8,1.0,0.015,0.5,9.5336144649997,1.0949496820767797,0.5405723399470381,12.78671504077077,212,63,149,29.71698113207547,10993.47,10040.16,953.3099999999995,1194.82,0,3,8.445445910499911,1.182299131425809,0.9269911349091683,13.575116878751722,95,30,65,31.57894736842105,5477.450000000001,4632.879999999999,844.5700000000015,475.18,0,8,0.025336337731499733,0.04557478285645222,-0.0,0.0753968253968254,0.009533614464999701,0.004747484103838984,-0.00907863257400249,
1b_narrow,363,0.19540591814275046,True,128,20,70.0,20.0,7,6,3.6,17,33,0.7,2.9,1.0,0.015,0.5,17.13724045299983,1.1662316246902082,0.886669905417327,11.881122042787856,202,61,141,30.198019801980198,12023.09,10309.350000000002,1713.739999999998,1193.46,0,1,12.858038652999912,1.3793833961306619,1.3052606509097382,9.514861330299397,73,25,48,34.24657534246575,4675.02,3389.21,1285.8100000000004,376.96999999999997,0,8,0.03857411595899973,0.09484584903266546,-0.0,0.057936507936507946,0.01713724045299983,0.008311581234510413,-0.02139937647293293,
1b_narrow,364,0.19058285119440638,True,127,20,69.0,20.0,7,7,3.6,17,33,0.7,2.8,1.0,0.015,0.5,10.264734084999692,1.1024227481493383,0.5790477731793159,12.517588686162847,209,62,147,29.66507177033493,11048.580000000002,10022.09,1026.4900000000016,1184.18,0,3,14.117080219499858,1.3626913719173028,1.4297640115861059,9.967623273407686,83,28,55,33.734939759036145,5303.989999999999,3892.29,1411.699999999999,434.62,0,7,0.04235124065849957,0.09067284297932571,-0.0,0.06587301587301587,0.010264734084999692,0.005121137407466914,-0.023700119808901386,
1b_narrow,365,0.16163934893118484,True,128,20,70.0,20.0,7,7,3.6,17,33,1.0,2.7,1.0,0.015,0.5,9.01201437649983,1.0821387974027563,0.5101429830745176,11.84757088290809,233,71,162,30.472103004291846,11871.160000000003,10970.09,901.0700000000033,1276.09,0,1,9.340038152499892,1.2324080340791466,1.062307458496871,14.030998959489777,82,27,55,32.926829268292686,4952.900000000001,4018.8799999999997,934.0200000000009,405.45,0,4,0.028020114457499672,0.05810200851978664,-0.0,0.06507936507936508,0.009012014376499828,0.0041069398701378155,-0.0026810933721042045,
1b_narrow,366,0.16520730101612618,True,128,20,71.0,20.0,7,6,3.6,17,33,0.9,2.8,1.0,0.015,0.5,8.373371531999783,1.089154789511903,0.4968993587756984,11.719624037055729,193,58,135,30.05181347150259,10229.320000000002,9391.98,837.340000000002,1058.8,0,1,12.375323546499803,1.3100605829796401,1.332969039210379,12.844773273454852,84,28,56,33.333333333333336,5228.74,3991.2200000000003,1237.5199999999995,426.78,0,6,0.037125970639499406,0.07751514574491003,-0.0,0.06666666666666667,0.008373371531999784,0.004457739475595146,-0.028931593042544838,
1b_narrow,367,0.22980531627072467,True,128,20,69.0,20.0,7,6,3.6,17,33,0.7,2.8,1.0,0.015,0.5,13.73057175549986,1.1359718613346852,0.7371315269464603,12.180733711387361,203,62,141,30.541871921182267,11471.679999999998,10098.56,1373.119999999999,1173.27,0,1,16.29929764849985,1.442042801081553,1.6348478796903887,9.025892074147329,79,28,51,35.44303797468354,5317.23,3687.2900000000004,1629.9399999999991,418.13,0,8,0.048897892945499545,0.11051070027038823,-0.0,0.0626984126984127,0.013730571755499861,0.00679859306673426,-0.012830854465809923,
1b_narrow,368,0.1867693414710941,True,127,20,69.0,20.0,7,6,3.6,17,33,0.7,2.8,1.0,0.015,0.5,9.86058561499969,1.0974764180320256,0.5589452673579205,12.651573909003263,211,63,148,29.85781990521327,11101.830000000002,10115.779999999999,986.0500000000029,1192.01,0,3,14.047131985499856,1.3611497474000847,1.4240913814138785,9.967623273407686,83,28,55,33.734939759036145,5294.259999999999,3889.5499999999997,1404.7099999999996,434.42,0,8,0.042141395956499565,0.09028743685002116,-0.0,0.06587301587301587,0.009860585614999692,0.004873820901601278,-0.02626691372504347,
1b_narrow,369,0.1657017816156898,True,128,21,69.0,20.0,7,6,3.6,16,33,0.7,2.8,1.0,0.015,0.5,12.977850289999878,1.1294273214736246,0.6991632091349829,12.285068904798718,205,62,143,30.24390243902439,11325.659999999998,10027.79,1297.8699999999972,1178.94,0,1,10.458861584999795,1.2351033124730257,1.1288671722276176,12.705914284228879,91,30,61,32.967032967032964,5494.530000000001,4448.639999999999,1045.8900000000012,459.88,0,8,0.03137658475499939,0.058775828118256435,-0.0,0.07222222222222223,0.012977850289999879,0.006471366073681229,-0.01612206984346936,
1b_narrow,370,0.19770245500660308,True,128,20,68.0,20.0,7,7,3.6,17,33,0.7,2.7,1.0,0.015,0.5,9.827620599999827,1.0976829256170415,0.5618766288123246,13.365614914869267,211,65,146,30.805687203791468,11042.800000000001,10060.100000000002,982.6999999999989,1188.56,0,1,15.588807233499901,1.433281078887536,1.5882401161152526,9.016952872752693,78,28,50,35.8974358974359,5156.629999999999,3597.7799999999997,1558.8499999999995,408.28,0,7,0.0467664217004997,0.10832026972188402,-0.0,0.06190476190476191,0.009827620599999828,0.004884146280852076,-0.03400076520139446,
1b_narrow,371,0.15051295886024207,True,127,20,71.0,20.0,7,6,3.6,17,33,0.7,2.6,1.0,0.015,0.5,5.789450544499777,1.0562519190482296,0.3662449353410302,13.311637265521863,225,70,155,31.11111111111111,10870.48,10291.560000000001,578.9199999999983,1238.4,0,3,14.566583424499912,1.384886516764869,1.4944707758123712,9.951930070856244,84,30,54,35.714285714285715,5241.38,3784.7000000000003,1456.6799999999998,436.72,0,8,0.04369975027349974,0.09622162919121724,-0.0,0.06666666666666667,0.0057894505444997775,0.002812595952411479,-0.06467713376805283,
1b_narrow,372,0.22980531627072467,True,128,20,69.0,21.0,7,6,3.6,17,33,0.7,2.8,1.0,0.015,0.5,13.73057175549986,1.1359718613346852,0.7371315269464603,12.180733711387361,203,62,141,30.541871921182267,11471.679999999998,10098.56,1373.119999999999,1173.27,0,1,16.29929764849985,1.442042801081553,1.6348478796903887,9.025892074147329,79,28,51,35.44303797468354,5317.23,3687.2900000000004,1629.9399999999991,418.13,0,8,0.048897892945499545,0.11051070027038823,-0.0,0.0626984126984127,0.013730571755499861,0.00679859306673426,-0.012830854465809923,
1b_narrow,373,0.1867693414710941,True,127,20,69.0,20.0,7,6,3.6,17,33,0.7,2.8,1.0,0.015,0.5,9.86058561499969,1.0974764180320256,0.5589452673579205,12.651573909003263,211,63,148,29.85781990521327,11101.830000000002,10115.779999999999,986.0500000000029,1192.01,0,3,14.047131985499856,1.3611497474000847,1.4240913814138785,9.967623273407686,83,28,55,33.734939759036145,5294.259999999999,3889.5499999999997,1404.7099999999996,434.42,0,8,0.042141395956499565,0.09028743685002116,-0.0,0.06587301587301587,0.009860585614999692,0.004873820901601278,-0.02626691372504347,
1b_narrow,374,0.22980531627072467,True,128,20,69.0,21.0,7,6,3.6,17,33,0.7,2.8,1.0,0.015,0.5,13.73057175549986,1.1359718613346852,0.7371315269464603,12.180733711387361,203,62,141,30.541871921182267,11471.679999999998,10098.56,1373.119999999999,1173.27,0,1,16.29929764849985,1.442042801081553,1.6348478796903887,9.025892074147329,79,28,51,35.44303797468354,5317.23,3687.2900000000004,1629.9399999999991,418.13,0,8,0.048897892945499545,0.11051070027038823,-0.0,0.0626984126984127,0.013730571755499861,0.00679859306673426,-0.012830854465809923,
1b_narrow,375,0.22980531627072467,True,128,20,69.0,21.0,7,6,3.6,17,33,0.7,2.8,1.0,0.015,0.5,13.73057175549986,1.1359718613346852,0.7371315269464603,12.180733711387361,203,62,141,30.541871921182267,11471.679999999998,10098.56,1373.119999999999,1173.27,0,1,16.29929764849985,1.442042801081553,1.6348478796903887,9.025892074147329,79,28,51,35.44303797468354,5317.23,3687.2900000000004,1629.9399999999991,418.13,0,8,0.048897892945499545,0.11051070027038823,-0.0,0.0626984126984127,0.013730571755499861,0.00679859306673426,-0.012830854465809923,
1b_narrow,376,0.1867693414710941,True,127,20,69.0,21.0,7,6,3.6,17,33,0.7,2.8,1.0,0.015,0.5,9.86058561499969,1.0974764180320256,0.5589452673579205,12.651573909003263,211,63,148,29.85781990521327,11101.830000000002,10115.779999999999,986.0500000000029,1192.01,0,3,14.047131985499856,1.3611497474000847,1.4240913814138785,9.967623273407686,83,28,55,33.734939759036145,5294.259999999999,3889.5499999999997,1404.7099999999996,434.42,0,8,0.042141395956499565,0.09028743685002116,-0.0,0.06587301587301587,0.009860585614999692,0.004873820901601278,-0.02626691372504347,
1b_narrow,377,0.15702811827252863,True,126,20,68.0,21.0,7,6,3.6,17,33,0.7,2.8,1.0,0.015,0.5,7.722714175999809,1.077709243122497,0.45911315906696526,13.814992385054964,210,63,147,30.0,10710.490000000002,9938.2,772.2900000000009,1166.61,0,3,12.136207189499872,1.3090732209208453,1.2540172361734183,9.965321447927964,82,27,55,32.926829268292686,5140.22,3926.61,1213.6100000000001,426.63,0,8,0.03640862156849962,0.07726830523021133,-0.0,0.06507936507936508,0.00772271417599981,0.0038854621561248527,-0.03333634993767205,
1b_narrow,378,0.22980531627072467,True,128,20,69.0,21.0,7,6,3.6,17,33,0.7,2.8,1.0,0.015,0.5,13.73057175549986,1.1359718613346852,0.7371315269464603,12.180733711387361,203,62,141,30.541871921182267,11471.679999999998,10098.56,1373.119999999999,1173.27,0,1,16.29929764849985,1.442042801081553,1.6348478796903887,9.025892074147329,79,28,51,35.44303797468354,5317.23,3687.2900000000004,1629.9399999999991,418.13,0,8,0.048897892945499545,0.11051070027038823,-0.0,0.0626984126984127,0.013730571755499861,0.00679859306673426,-0.012830854465809923,
1b_narrow,379,0.1867693414710941,True,127,20,69.0,21.0,7,6,3.6,17,33,0.7,2.8,1.0,0.015,0.5,9.86058561499969,1.0974764180320256,0.5589452673579205,12.651573909003263,211,63,148,29.85781990521327,11101.830000000002,10115.779999999999,986.0500000000029,1192.01,0,3,14.047131985499856,1.3611497474000847,1.4240913814138785,9.967623273407686,83,28,55,33.734939759036145,5294.259999999999,3889.5499999999997,1404.7099999999996,434.42,0,8,0.042141395956499565,0.09028743685002116,-0.0,0.06587301587301587,0.009860585614999692,0.004873820901601278,-0.02626691372504347,
1b_narrow,380,0.22980531627072467,True,128,20,69.0,21.0,7,6,3.6,17,33,0.7,2.8,1.0,0.015,0.5,13.73057175549986,1.1359718613346852,0.7371315269464603,12.180733711387361,203,62,141,30.541871921182267,11471.679999999998,10098.56,1373.119999999999,1173.27,0,1,16.29929764849985,1.442042801081553,1.6348478796903887,9.025892074147329,79,28,51,35.44303797468354,5317.23,3687.2900000000004,1629.9399999999991,418.13,0,8,0.048897892945499545,0.11051070027038823,-0.0,0.0626984126984127,0.013730571755499861,0.00679859306673426,-0.012830854465809923,
1b_narrow,381,0.22980531627072467,True,128,20,69.0,21.0,7,6,3.6,17,33,0.7,2.8,1.0,0.015,0.5,13.73057175549986,1.1359718613346852,0.7371315269464603,12.180733711387361,203,62,141,30.541871921182267,11471.679999999998,10098.56,1373.119999999999,1173.27,0,1,16.29929764849985,1.442042801081553,1.6348478796903887,9.025892074147329,79,28,51,35.44303797468354,5317.23,3687.2900000000004,1629.9399999999991,418.13,0,8,0.048897892945499545,0.11051070027038823,-0.0,0.0626984126984127,0.013730571755499861,0.00679859306673426,-0.012830854465809923,
1b_narrow,382,0.1867693414710941,True,127,20,69.0,21.0,7,6,3.6,17,33,0.7,2.8,1.0,0.015,0.5,9.86058561499969,1.0974764180320256,0.5589452673579205,12.651573909003263,211,63,148,29.85781990521327,11101.830000000002,10115.779999999999,986.0500000000029,1192.01,0,3,14.047131985499856,1.3611497474000847,1.4240913814138785,9.967623273407686,83,28,55,33.734939759036145,5294.259999999999,3889.5499999999997,1404.7099999999996,434.42,0,8,0.042141395956499565,0.09028743685002116,-0.0,0.06587301587301587,0.009860585614999692,0.004873820901601278,-0.02626691372504347,
1b_narrow,383,0.22980531627072467,True,128,20,69.0,21.0,7,6,3.6,17,33,0.7,2.8,1.0,0.015,0.5,13.73057175549986,1.1359718613346852,0.7371315269464603,12.180733711387361,203,62,141,30.541871921182267,11471.679999999998,10098.56,1373.119999999999,1173.27,0,1,16.29929764849985,1.442042801081553,1.6348478796903887,9.025892074147329,79,28,51,35.44303797468354,5317.23,3687.2900000000004,1629.9399999999991,418.13,0,8,0.048897892945499545,0.11051070027038823,-0.0,0.0626984126984127,0.013730571755499861,0.00679859306673426,-0.012830854465809923,
1b_narrow,384,0.14226358318022458,True,127,20,68.0,21.0,7,6,3.6,16,33,0.7,2.8,1.0,0.015,0.5,7.69206184749979,1.0778755865573957,0.45489598995055536,13.8954656209458,212,63,149,29.71698113207547,10646.770000000002,9877.55,769.220000000003,1180.0,0,3,7.226475806499858,1.1563056944612669,0.8105188977111741,13.575116878751722,94,29,65,30.851063829787233,5346.110000000001,4623.4400000000005,722.6700000000001,468.77,0,8,0.02167942741949957,0.03907642361531671,-0.0,0.0746031746031746,0.00769206184749979,0.0038937793278697843,-0.004681283633135877,
1b_narrow,385,0.22980531627072467,True,128,20,69.0,21.0,7,6,3.6,17,33,0.7,2.8,1.0,0.015,0.5,13.73057175549986,1.1359718613346852,0.7371315269464603,12.180733711387361,203,62,141,30.541871921182267,11471.679999999998,10098.56,1373.119999999999,1173.27,0,1,16.29929764849985,1.442042801081553,1.6348478796903887,9.025892074147329,79,28,51,35.44303797468354,5317.23,3687.2900000000004,1629.9399999999991,418.13,0,8,0.048897892945499545,0.11051070027038823,-0.0,0.0626984126984127,0.013730571755499861,0.00679859306673426,-0.012830854465809923,
1b_narrow,386,0.22980531627072467,True,128,20,69.0,21.0,7,6,3.6,17,33,0.7,2.8,1.0,0.015,0.5,13.73057175549986,1.1359718613346852,0.7371315269464603,12.180733711387361,203,62,141,30.541871921182267,11471.679999999998,10098.56,1373.119999999999,1173.27,0,1,16.29929764849985,1.442042801081553,1.6348478796903887,9.025892074147329,79,28,51,35.44303797468354,5317.23,3687.2900000000004,1629.9399999999991,418.13,0,8,0.048897892945499545,0.11051070027038823,-0.0,0.0626984126984127,0.013730571755499861,0.00679859306673426,-0.012830854465809923,
1b_narrow,387,0.22980531627072467,True,128,20,69.0,21.0,7,6,3.6,17,33,0.7,2.8,1.0,0.015,0.5,13.73057175549986,1.1359718613346852,0.7371315269464603,12.180733711387361,203,62,141,30.541871921182267,11471.679999999998,10098.56,1373.119999999999,1173.27,0,1,16.29929764849985,1.442042801081553,1.6348478796903887,9.025892074147329,79,28,51,35.44303797468354,5317.23,3687.2900000000004,1629.9399999999991,418.13,0,8,0.048897892945499545,0.11051070027038823,-0.0,0.0626984126984127,0.013730571755499861,0.00679859306673426,-0.012830854465809923,
1b_narrow,388,0.1867693414710941,True,127,20,69.0,21.0,7,6,3.6,17,33,0.7,2.8,1.0,0.015,0.5,9.86058561499969,1.0974764180320256,0.5589452673579205,12.651573909003263,211,63,148,29.85781990521327,11101.830000000002,10115.779999999999,986.0500000000029,1192.01,0,3,14.047131985499856,1.3611497474000847,1.4240913814138785,9.967623273407686,83,28,55,33.734939759036145,5294.259999999999,3889.5499999999997,1404.7099999999996,434.42,0,8,0.042141395956499565,0.09028743685002116,-0.0,0.06587301587301587,0.009860585614999692,0.004873820901601278,-0.02626691372504347,
1b_narrow,389,0.22980531627072467,True,128,20,69.0,21.0,7,6,3.6,17,33,0.7,2.8,1.0,0.015,0.5,13.73057175549986,1.1359718613346852,0.7371315269464603,12.180733711387361,203,62,141,30.541871921182267,11471.679999999998,10098.56,1373.119999999999,1173.27,0,1,16.29929764849985,1.442042801081553,1.6348478796903887,9.025892074147329,79,28,51,35.44303797468354,5317.23,3687.2900000000004,1629.9399999999991,418.13,0,8,0.048897892945499545,0.11051070027038823,-0.0,0.0626984126984127,0.013730571755499861,0.00679859306673426,-0.012830854465809923,
1b_narrow,390,0.22980531627072467,True,128,20,69.0,21.0,7,6,3.6,17,33,0.7,2.8,1.0,0.015,0.5,13.73057175549986,1.1359718613346852,0.7371315269464603,12.180733711387361,203,62,141,30.541871921182267,11471.679999999998,10098.56,1373.119999999999,1173.27,0,1,16.29929764849985,1.442042801081553,1.6348478796903887,9.025892074147329,79,28,51,35.44303797468354,5317.23,3687.2900000000004,1629.9399999999991,418.13,0,8,0.048897892945499545,0.11051070027038823,-0.0,0.0626984126984127,0.013730571755499861,0.00679859306673426,-0.012830854465809923,
1b_narrow,391,0.09832632082482856,True,127,20,69.0,21.0,7,6,3.6,12,33,0.7,2.8,1.0,0.015,0.5,3.1870661089997707,1.0322751162013546,0.2325630256927471,15.508713107651213,225,67,158,29.77777777777778,10193.82,9875.100000000002,318.7199999999975,1229.45,0,3,11.45591358799984,1.2548143436077883,1.2377745388240233,11.90446503035147,101,32,69,31.683168316831683,5641.57,4495.94,1145.63,516.7,0,8,0.03436774076399952,0.06370358590194708,-0.0,0.08015873015873017,0.0031870661089997707,0.0016137558100677296,-0.08470455791891571,
1b_narrow,392,0.22980531627072467,True,128,20,69.0,21.0,7,6,3.6,17,33,0.7,2.8,1.0,0.015,0.5,13.73057175549986,1.1359718613346852,0.7371315269464603,12.180733711387361,203,62,141,30.541871921182267,11471.679999999998,10098.56,1373.119999999999,1173.27,0,1,16.29929764849985,1.442042801081553,1.6348478796903887,9.025892074147329,79,28,51,35.44303797468354,5317.23,3687.2900000000004,1629.9399999999991,418.13,0,8,0.048897892945499545,0.11051070027038823,-0.0,0.0626984126984127,0.013730571755499861,0.00679859306673426,-0.012830854465809923,
1b_narrow,393,0.1867693414710941,True,127,20,69.0,21.0,7,6,3.6,17,33,0.7,2.8,1.0,0.015,0.5,9.86058561499969,1.0974764180320256,0.5589452673579205,12.651573909003263,211,63,148,29.85781990521327,11101.830000000002,10115.779999999999,986.0500000000029,1192.01,0,3,14.047131985499856,1.3611497474000847,1.4240913814138785,9.967623273407686,83,28,55,33.734939759036145,5294.259999999999,3889.5499999999997,1404.7099999999996,434.42,0,8,0.042141395956499565,0.09028743685002116,-0.0,0.06587301587301587,0.009860585614999692,0.004873820901601278,-0.02626691372504347,
1b_narrow,394,0.16449417725801738,True,128,20,69.0,21.0,7,6,3.6,16,33,0.7,2.8,1.0,0.015,0.5,13.270539213499852,1.1324476477803136,0.7120887846744346,12.318473413864481,204,62,142,30.392156862745097,11347.249999999996,10020.109999999999,1327.1399999999976,1175.79,0,1,10.458861584999795,1.2351033124730257,1.1288671722276176,12.705914284228879,91,30,61,32.967032967032964,5494.530000000001,4448.639999999999,1045.8900000000012,459.88,0,8,0.03137658475499939,0.058775828118256435,-0.0,0.07222222222222223,0.013270539213499853,0.00662238238901568,-0.017773379439976204,
1b_narrow,395,0.22980531627072467,True,128,20,69.0,21.0,7,6,3.6,17,33,0.7,2.8,1.0,0.015,0.5,13.73057175549986,1.1359718613346852,0.7371315269464603,12.180733711387361,203,62,141,30.541871921182267,11471.679999999998,10098.56,1373.119999999999,1173.27,0,1,16.29929764849985,1.442042801081553,1.6348478796903887,9.025892074147329,79,28,51,35.44303797468354,5317.23,3687.2900000000004,1629.9399999999991,418.13,0,8,0.048897892945499545,0.11051070027038823,-0.0,0.0626984126984127,0.013730571755499861,0.00679859306673426,-0.012830854465809923,
1b_narrow,396,0.1867693414710941,True,127,20,69.0,21.0,7,6,3.6,17,33,0.7,2.8,1.0,0.015,0.5,9.86058561499969,1.0974764180320256,0.5589452673579205,12.651573909003263,211,63,148,29.85781990521327,11101.830000000002,10115.779999999999,986.0500000000029,1192.01,0,3,14.047131985499856,1.3611497474000847,1.4240913814138785,9.967623273407686,83,28,55,33.734939759036145,5294.259999999999,3889.5499999999997,1404.7099999999996,434.42,0,8,0.042141395956499565,0.09028743685002116,-0.0,0.06587301587301587,0.009860585614999692,0.004873820901601278,-0.02626691372504347,
1b_narrow,397,0.20833887393096734,True,128,20,68.0,21.0,7,6,3.6,17,33,0.7,2.8,1.0,0.015,0.5,12.127797594999702,1.1220654158388534,0.6653527597428108,13.275422814004656,203,62,141,30.541871921182267,11148.639999999998,9935.820000000002,1212.819999999996,1160.8,0,1,14.530529152999808,1.3925241976222438,1.4801350989937028,9.025892074147329,78,27,51,34.61538461538461,5154.859999999999,3701.8100000000004,1453.0499999999984,410.83,0,8,0.04359158745899942,0.09813104940556094,-0.0,0.06190476190476191,0.012127797594999703,0.006103270791942672,-0.013519593225297296,
1b_narrow,398,0.20833887393096734,True,128,20,68.0,21.0,7,6,3.6,17,33,0.7,2.8,1.0,0.015,0.5,12.127797594999702,1.1220654158388534,0.6653527597428108,13.275422814004656,203,62,141,30.541871921182267,11148.639999999998,9935.820000000002,1212.819999999996,1160.8,0,1,14.530529152999808,1.3925241976222438,1.4801350989937028,9.025892074147329,78,27,51,34.61538461538461,5154.859999999999,3701.8100000000004,1453.0499999999984,410.83,0,8,0.04359158745899942,0.09813104940556094,-0.0,0.06190476190476191,0.012127797594999703,0.006103270791942672,-0.013519593225297296,
1b_narrow,399,0.21065780364738582,True,128,20,68.0,21.0,7,6,3.6,17,32,0.7,2.8,1.0,0.015,0.5,11.94347111849971,1.1199914003383602,0.6567604068216806,13.275422814004656,204,62,142,30.392156862745097,11148.259999999998,9953.880000000001,1194.3799999999974,1166.35,0,1,15.301184017999786,1.419920797622282,1.5501797630285257,9.025892074147329,76,27,49,35.526315789473685,5173.95,3643.83,1530.12,402.09,0,8,0.045903552053999354,0.10498019940557052,-0.0,0.06031746031746032,0.01194347111849971,0.0059995700169180105,-0.018486449265062092,
1b_narrow,400,0.1544674165425953,True,126,20,68.0,21.0,7,6,3.6,17,32,0.7,2.8,1.0,0.015,0.5,7.475474466499818,1.0750746166731608,0.4469622061045004,13.814992385054964,211,63,148,29.85781990521327,10705.12,9957.560000000001,747.5599999999995,1171.8,0,3,12.31562052449988,1.314759628900759,1.2701598683019877,9.965321447927964,81,27,54,33.333333333333336,5144.26,3912.7000000000003,1231.56,421.48,0,8,0.03694686157349964,0.07868990722518976,-0.0,0.0642857142857143,0.007475474466499818,0.003753730833658042,-0.036684271841966244,
1b_narrow,401,0.16524203230170584,True,127,20,68.0,21.0,7,6,3.6,17,32,0.7,2.8,1.0,0.015,0.5,8.161739690999765,1.0818401320367637,0.4789808919341217,13.52006531720231,212,63,149,29.71698113207547,10789.170000000002,9972.98,816.1900000000023,1184.77,0,3,13.055263353499921,1.3397066935895168,1.3377646245610748,9.967623273407686,80,27,53,33.75,5148.6,3843.0800000000004,1305.52,417.92,0,8,0.039165790060499764,0.0849266733973792,-0.0,0.06349206349206349,0.008161739690999764,0.004092006601838183,-0.03459624094107455,
1b_narrow,402,0.21065780364738582,True,128,20,68.0,21.0,7,6,3.6,17,32,0.7,2.8,1.0,0.015,0.5,11.94347111849971,1.1199914003383602,0.6567604068216806,13.275422814004656,204,62,142,30.392156862745097,11148.259999999998,9953.880000000001,1194.3799999999974,1166.35,0,1,15.301184017999786,1.419920797622282,1.5501797630285257,9.025892074147329,76,27,49,35.526315789473685,5173.95,3643.83,1530.12,402.09,0,8,0.045903552053999354,0.10498019940557052,-0.0,0.06031746031746032,0.01194347111849971,0.0059995700169180105,-0.018486449265062092,
1b_narrow,403,0.1652026256897091,True,128,20,68.0,21.0,7,6,3.6,16,32,0.7,2.8,1.0,0.015,0.5,11.361116014999716,1.1149686759082265,0.6270454301467941,13.634835111856711,205,62,143,30.24390243902439,11018.310000000001,9882.170000000002,1136.1399999999994,1168.38,0,1,10.047166253499745,1.229266689789883,1.091875123006079,12.705914284228879,88,29,59,32.95454545454545,5387.04,4382.32,1004.7200000000003,445.21,0,8,0.030141498760499236,0.05731667244747074,-0.0,0.06984126984126984,0.011361116014999716,0.0057484337954113235,-0.009206365169941784,
1b_narrow,404,0.187442681390017,True,127,20,69.0,21.0,7,6,3.6,17,32,0.7,2.8,1.0,0.015,0.5,9.602304657999738,1.0947763543744564,0.5467641229894059,12.83475523557571,212,63,149,29.71698113207547,11091.65,10131.43,960.2199999999993,1197.3,0,3,14.754312616999904,1.3851259990916158,1.4880004684927859,9.967623273407686,81,28,53,34.5679012345679,5306.389999999999,3830.9800000000005,1475.409999999999,425.36,0,8,0.04426293785099971,0.09628149977290396,-0.0,0.0642857142857143,0.009602304657999739,0.004738817718722821,-0.031728592896323536,
1b_narrow,405,0.20833887393096734,True,128,20,68.0,21.0,7,6,3.6,17,33,0.7,2.8,1.0,0.015,0.5,12.127797594999702,1.1220654158388534,0.6653527597428108,13.275422814004656,203,62,141,30.541871921182267,11148.639999999998,9935.820000000002,1212.819999999996,1160.8,0,1,14.530529152999808,1.3925241976222438,1.4801350989937028,9.025892074147329,78,27,51,34.61538461538461,5154.859999999999,3701.8100000000004,1453.0499999999984,410.83,0,8,0.04359158745899942,0.09813104940556094,-0.0,0.06190476190476191,0.012127797594999703,0.006103270791942672,-0.013519593225297296,
1b_narrow,406,0.23305216035160903,True,128,20,69.0,21.0,7,6,3.6,17,32,0.7,2.8,1.0,0.015,0.5,13.501756157499859,1.1334352539136812,0.72664392593313,12.34125161951241,204,62,142,30.392156862745097,11469.219999999998,10118.989999999998,1350.2299999999996,1179.17,0,1,17.137182356999855,1.4726162077191436,1.710311464059092,9.025892074147329,77,28,49,36.36363636363637,5339.780000000001,3626.05,1713.7300000000005,409.11,0,8,0.05141154707099956,0.1181540519297859,-0.0,0.061111111111111116,0.013501756157499859,0.0066717626956840585,-0.017798068613471465,
1b_narrow,407,0.187442681390017,True,127,20,69.0,21.0,7,6,3.6,17,32,0.7,2.8,1.0,0.015,0.5,9.602304657999738,1.0947763543744564,0.5467641229894059,12.83475523557571,212,63,149,29.71698113207547,11091.65,10131.43,960.2199999999993,1197.3,0,3,14.754312616999904,1.3851259990916158,1.4880004684927859,9.967623273407686,81,28,53,34.5679012345679,5306.389999999999,3830.9800000000005,1475.409999999999,425.36,0,8,0.04426293785099971,0.09628149977290396,-0.0,0.0642857142857143,0.009602304657999739,0.004738817718722821,-0.031728592896323536,
1b_narrow,408,0.23305216035160903,True,128,20,70.0,21.0,7,6,3.6,17,32,0.7,2.8,1.0,0.015,0.5,13.501756157499859,1.1334352539136812,0.72664392593313,12.34125161951241,204,62,142,30.392156862745097,11469.219999999998,10118.989999999998,1350.2299999999996,1179.17,0,1,17.137182356999855,1.4726162077191436,1.710311464059092,9.025892074147329,77,28,49,36.36363636363637,5339.780000000001,3626.05,1713.7300000000005,409.11,0,8,0.05141154707099956,0.1181540519297859,-0.0,0.061111111111111116,0.013501756157499859,0.0066717626956840585,-0.017798068613471465,
1b_narrow,409,0.23305216035160903,True,128,20,70.0,22.0,7,6,3.6,17,32,0.7,2.8,1.0,0.015,0.5,13.501756157499859,1.1334352539136812,0.72664392593313,12.34125161951241,204,62,142,30.392156862745097,11469.219999999998,10118.989999999998,1350.2299999999996,1179.17,0,1,17.137182356999855,1.4726162077191436,1.710311464059092,9.025892074147329,77,28,49,36.36363636363637,5339.780000000001,3626.05,1713.7300000000005,409.11,0,8,0.05141154707099956,0.1181540519297859,-0.0,0.061111111111111116,0.013501756157499859,0.0066717626956840585,-0.017798068613471465,
1b_narrow,410,0.187442681390017,True,127,20,70.0,22.0,7,6,3.6,17,32,0.7,2.8,1.0,0.015,0.5,9.602304657999738,1.0947763543744564,0.5467641229894059,12.83475523557571,212,63,149,29.71698113207547,11091.65,10131.43,960.2199999999993,1197.3,0,3,14.754312616999904,1.3851259990916158,1.4880004684927859,9.967623273407686,81,28,53,34.5679012345679,5306.389999999999,3830.9800000000005,1475.409999999999,425.36,0,8,0.04426293785099971,0.09628149977290396,-0.0,0.0642857142857143,0.009602304657999739,0.004738817718722821,-0.031728592896323536,
1b_narrow,411,0.23305216035160903,True,128,20,70.0,22.0,7,6,3.6,17,32,0.7,2.8,1.0,0.015,0.5,13.501756157499859,1.1334352539136812,0.72664392593313,12.34125161951241,204,62,142,30.392156862745097,11469.219999999998,10118.989999999998,1350.2299999999996,1179.17,0,1,17.137182356999855,1.4726162077191436,1.710311464059092,9.025892074147329,77,28,49,36.36363636363637,5339.780000000001,3626.05,1713.7300000000005,409.11,0,8,0.05141154707099956,0.1181540519297859,-0.0,0.061111111111111116,0.013501756157499859,0.0066717626956840585,-0.017798068613471465,
1b_narrow,412,0.23305216035160903,True,128,20,70.0,22.0,7,6,3.6,17,32,0.7,2.8,1.0,0.015,0.5,13.501756157499859,1.1334352539136812,0.72664392593313,12.34125161951241,204,62,142,30.392156862745097,11469.219999999998,10118.989999999998,1350.2299999999996,1179.17,0,1,17.137182356999855,1.4726162077191436,1.710311464059092,9.025892074147329,77,28,49,36.36363636363637,5339.780000000001,3626.05,1713.7300000000005,409.11,0,8,0.05141154707099956,0.1181540519297859,-0.0,0.061111111111111116,0.013501756157499859,0.0066717626956840585,-0.017798068613471465,
1b_narrow,413,0.23305216035160903,True,128,20,69.0,22.0,7,6,3.6,17,32,0.7,2.8,1.0,0.015,0.5,13.501756157499859,1.1334352539136812,0.72664392593313,12.34125161951241,204,62,142,30.392156862745097,11469.219999999998,10118.989999999998,1350.2299999999996,1179.17,0,1,17.137182356999855,1.4726162077191436,1.710311464059092,9.025892074147329,77,28,49,36.36363636363637,5339.780000000001,3626.05,1713.7300000000005,409.11,0,8,0.05141154707099956,0.1181540519297859,-0.0,0.061111111111111116,0.013501756157499859,0.0066717626956840585,-0.017798068613471465,
1b_narrow,414,0.16297360657535406,True,127,21,69.0,22.0,7,6,3.6,16,32,0.7,2.8,1.0,0.015,0.5,8.950767033499705,1.0889739608289113,0.5136880882480853,13.04495526074404,214,63,151,29.439252336448597,10954.49,10059.46,895.0300000000007,1202.08,0,3,9.052468420499899,1.1978182867082439,0.986717831761312,13.575116878751722,93,30,63,32.25806451612903,5481.4800000000005,4576.22,905.2600000000002,466.33,0,8,0.027157405261499696,0.049454571677060966,-0.0,0.07380952380952381,0.008950767033499707,0.004448698041445565,-0.000847359247675672,
1b_narrow,415,0.23305216035160903,True,128,20,69.0,22.0,7,6,3.6,17,32,0.7,2.8,1.0,0.015,0.5,13.501756157499859,1.1334352539136812,0.72664392593313,12.34125161951241,204,62,142,30.392156862745097,11469.219999999998,10118.989999999998,1350.2299999999996,1179.17,0,1,17.137182356999855,1.4726162077191436,1.710311464059092,9.025892074147329,77,28,49,36.36363636363637,5339.780000000001,3626.05,1713.7300000000005,409.11,0,8,0.05141154707099956,0.1181540519297859,-0.0,0.061111111111111116,0.013501756157499859,0.0066717626956840585,-0.017798068613471465,
1b_narrow,416,0.06803552661450402,True,117,20,69.0,22.0,7,6,3.6,17,32,0.7,2.8,1.0,0.015,0.5,1.9624855664997993,1.0204012675546759,0.16914481644093576,12.508066158372932,212,65,147,30.660377358490567,9814.750000000002,9618.52,196.23000000000138,1103.49,0,8,11.20116759199991,1.2611832241727847,1.1575050047694282,9.786513547977579,90,29,61,32.22222222222222,5408.949999999999,4288.790000000001,1120.159999999998,467.27,0,1,0.03360350277599973,0.06529580604319618,-0.0,0.07142857142857144,0.0019624855664997997,0.0010200633777337931,-0.10527490257749693,
1b_narrow,417,0.187442681390017,True,127,20,69.0,22.0,7,6,3.6,17,32,0.7,2.8,1.0,0.015,0.5,9.602304657999738,1.0947763543744564,0.5467641229894059,12.83475523557571,212,63,149,29.71698113207547,11091.65,10131.43,960.2199999999993,1197.3,0,3,14.754312616999904,1.3851259990916158,1.4880004684927859,9.967623273407686,81,28,53,34.5679012345679,5306.389999999999,3830.9800000000005,1475.409999999999,425.36,0,8,0.04426293785099971,0.09628149977290396,-0.0,0.0642857142857143,0.009602304657999739,0.004738817718722821,-0.031728592896323536,
1b_narrow,418,0.23305216035160903,True,128,20,69.0,22.0,7,6,3.6,17,32,0.7,2.8,1.0,0.015,0.5,13.501756157499859,1.1334352539136812,0.72664392593313,12.34125161951241,204,62,142,30.392156862745097,11469.219999999998,10118.989999999998,1350.2299999999996,1179.17,0,1,17.137182356999855,1.4726162077191436,1.710311464059092,9.025892074147329,77,28,49,36.36363636363637,5339.780000000001,3626.05,1713.7300000000005,409.11,0,8,0.05141154707099956,0.1181540519297859,-0.0,0.061111111111111116,0.013501756157499859,0.0066717626956840585,-0.017798068613471465,
1b_narrow,419,0.22980531627072467,True,128,20,69.0,22.0,7,6,3.6,17,33,0.7,2.8,1.0,0.015,0.5,13.73057175549986,1.1359718613346852,0.7371315269464603,12.180733711387361,203,62,141,30.541871921182267,11471.679999999998,10098.56,1373.119999999999,1173.27,0,1,16.29929764849985,1.442042801081553,1.6348478796903887,9.025892074147329,79,28,51,35.44303797468354,5317.23,3687.2900000000004,1629.9399999999991,418.13,0,8,0.048897892945499545,0.11051070027038823,-0.0,0.0626984126984127,0.013730571755499861,0.00679859306673426,-0.012830854465809923,
1b_narrow,420,0.23305216035160903,True,128,20,69.0,22.0,7,6,3.6,17,32,0.7,2.8,1.0,0.015,0.5,13.501756157499859,1.1334352539136812,0.72664392593313,12.34125161951241,204,62,142,30.392156862745097,11469.219999999998,10118.989999999998,1350.2299999999996,1179.17,0,1,17.137182356999855,1.4726162077191436,1.710311464059092,9.025892074147329,77,28,49,36.36363636363637,5339.780000000001,3626.05,1713.7300000000005,409.11,0,8,0.05141154707099956,0.1181540519297859,-0.0,0.061111111111111116,0.013501756157499859,0.0066717626956840585,-0.017798068613471465,
1b_narrow,421,0.187442681390017,True,127,20,69.0,22.0,7,6,3.6,17,32,0.7,2.8,1.0,0.015,0.5,9.602304657999738,1.0947763543744564,0.5467641229894059,12.83475523557571,212,63,149,29.71698113207547,11091.65,10131.43,960.2199999999993,1197.3,0,3,14.754312616999904,1.3851259990916158,1.4880004684927859,9.967623273407686,81,28,53,34.5679012345679,5306.389999999999,3830.9800000000005,1475.409999999999,425.36,0,8,0.04426293785099971,0.09628149977290396,-0.0,0.0642857142857143,0.009602304657999739,0.004738817718722821,-0.031728592896323536,
1b_narrow,422,0.23305216035160903,True,128,20,69.0,22.0,7,6,3.6,17,32,0.7,2.8,1.0,0.015,0.5,13.501756157499859,1.1334352539136812,0.72664392593313,12.34125161951241,204,62,142,30.392156862745097,11469.219999999998,10118.989999999998,1350.2299999999996,1179.17,0,1,17.137182356999855,1.4726162077191436,1.710311464059092,9.025892074147329,77,28,49,36.36363636363637,5339.780000000001,3626.05,1713.7300000000005,409.11,0,8,0.05141154707099956,0.1181540519297859,-0.0,0.061111111111111116,0.013501756157499859,0.0066717626956840585,-0.017798068613471465,
1b_narrow,423,0.23305216035160903,True,128,20,69.0,22.0,7,6,3.6,17,32,0.7,2.8,1.0,0.015,0.5,13.501756157499859,1.1334352539136812,0.72664392593313,12.34125161951241,204,62,142,30.392156862745097,11469.219999999998,10118.989999999998,1350.2299999999996,1179.17,0,1,17.137182356999855,1.4726162077191436,1.710311464059092,9.025892074147329,77,28,49,36.36363636363637,5339.780000000001,3626.05,1713.7300000000005,409.11,0,8,0.05141154707099956,0.1181540519297859,-0.0,0.061111111111111116,0.013501756157499859,0.0066717626956840585,-0.017798068613471465,
1b_narrow,424,0.23305216035160903,True,128,20,69.0,22.0,7,6,3.6,17,32,0.7,2.8,1.0,0.015,0.5,13.501756157499859,1.1334352539136812,0.72664392593313,12.34125161951241,204,62,142,30.392156862745097,11469.219999999998,10118.989999999998,1350.2299999999996,1179.17,0,1,17.137182356999855,1.4726162077191436,1.710311464059092,9.025892074147329,77,28,49,36.36363636363637,5339.780000000001,3626.05,1713.7300000000005,409.11,0,8,0.05141154707099956,0.1181540519297859,-0.0,0.061111111111111116,0.013501756157499859,0.0066717626956840585,-0.017798068613471465,
1b_narrow,425,0.187442681390017,True,127,20,69.0,22.0,7,6,3.6,17,32,0.7,2.8,1.0,0.015,0.5,9.602304657999738,1.0947763543744564,0.5467641229894059,12.83475523557571,212,63,149,29.71698113207547,11091.65,10131.43,960.2199999999993,1197.3,0,3,14.754312616999904,1.3851259990916158,1.4880004684927859,9.967623273407686,81,28,53,34.5679012345679,5306.389999999999,3830.9800000000005,1475.409999999999,425.36,0,8,0.04426293785099971,0.09628149977290396,-0.0,0.0642857142857143,0.009602304657999739,0.004738817718722821,-0.031728592896323536,
1b_narrow,426,0.1877934440086789,True,128,20,69.0,22.0,7,6,3.6,11,32,0.7,2.8,1.0,0.015,0.5,10.26270420949977,1.1032501971767508,0.5805714530603838,14.292263374490826,225,70,155,31.11111111111111,10966.66,9940.320000000002,1026.3399999999983,1281.79,0,1,12.24306934049986,1.2810665625968483,1.332402449247526,12.956271273534858,99,32,67,32.323232323232325,5580.390000000001,4356.05,1224.340000000001,503.04,0,8,0.03672920802149958,0.07026664064921206,-0.0,0.07857142857142857,0.01026270420949977,0.0051625098588375384,-0.013199047301798624,
1b_narrow,427,0.17744818145902996,True,128,20,69.0,22.0,7,6,3.6,16,32,0.7,2.8,1.0,0.015,0.5,13.073273912499845,1.1302233205143908,0.7029705115248324,12.473842483872323,205,62,143,30.24390243902439,11347.249999999996,10039.83,1307.4199999999964,1181.68,0,1,11.293554382999735,1.257215803366654,1.2085300180156364,12.705914284228879,89,30,59,33.70786516853933,5520.0700000000015,4390.71,1129.3600000000015,451.61,0,8,0.0338806631489992,0.06430395084166352,-0.0,0.07063492063492065,0.013073273912499845,0.00651116602571954,-0.010955793104772774,
1b_narrow,428,0.21633942354281963,True,127,20,69.0,22.0,7,6,3.6,17,32,0.6,2.8,1.0,0.015,0.5,13.343025645999788,1.133664382978425,0.7107773284386453,11.908072906827966,207,63,144,30.434782608695652,11316.679999999998,9982.39,1334.289999999999,1172.64,0,3,14.329880280499857,1.3680243264136258,1.4492111234795966,9.967623273407686,84,29,55,34.523809523809526,5326.689999999999,3893.71,1432.9799999999987,440.11,0,8,0.04298964084149957,0.09200608160340645,-0.0,0.06666666666666667,0.013343025645999788,0.006683219148921249,-0.005349210363674104,
1b_narrow,429,0.23305216035160903,True,128,20,69.0,22.0,7,6,3.6,17,32,0.7,2.8,1.0,0.015,0.5,13.501756157499859,1.1334352539136812,0.72664392593313,12.34125161951241,204,62,142,30.392156862745097,11469.219999999998,10118.989999999998,1350.2299999999996,1179.17,0,1,17.137182356999855,1.4726162077191436,1.710311464059092,9.025892074147329,77,28,49,36.36363636363637,5339.780000000001,3626.05,1713.7300000000005,409.11,0,8,0.05141154707099956,0.1181540519297859,-0.0,0.061111111111111116,0.013501756157499859,0.0066717626956840585,-0.017798068613471465,
1b_narrow,430,0.18550773961303194,True,126,20,69.0,22.0,7,6,3.6,17,32,0.7,2.8,1.0,0.015,0.5,9.796439205499793,1.0971973762671439,0.5572433589863103,12.393872928286108,211,63,148,29.85781990521327,11058.400000000001,10078.77,979.630000000001,1187.06,0,3,14.108946856999827,1.3620203015467354,1.4294686107555261,9.965321447927964,82,28,54,34.146341463414636,5308.119999999999,3897.24,1410.8799999999992,428.67,0,8,0.04232684057099948,0.09050507538668384,-0.0,0.06507936507936508,0.009796439205499793,0.004859868813357194,-0.027059849442873454,
1b_narrow,431,0.187442681390017,True,127,20,69.0,22.0,7,6,3.6,17,32,0.7,2.8,1.0,0.015,0.5,9.602304657999738,1.0947763543744564,0.5467641229894059,12.83475523557571,212,63,149,29.71698113207547,11091.65,10131.43,960.2199999999993,1197.3,0,3,14.754312616999904,1.3851259990916158,1.4880004684927859,9.967623273407686,81,28,53,34.5679012345679,5306.389999999999,3830.9800000000005,1475.409999999999,425.36,0,8,0.04426293785099971,0.09628149977290396,-0.0,0.0642857142857143,0.009602304657999739,0.004738817718722821,-0.031728592896323536,
1b_narrow,432,0.23305216035160903,True,128,20,69.0,23.0,7,6,3.6,17,32,0.7,2.8,1.0,0.015,0.5,13.501756157499859,1.1334352539136812,0.72664392593313,12.34125161951241,204,62,142,30.392156862745097,11469.219999999998,10118.989999999998,1350.2299999999996,1179.17,0,1,17.137182356999855,1.4726162077191436,1.710311464059092,9.025892074147329,77,28,49,36.36363636363637,5339.780000000001,3626.05,1713.7300000000005,409.11,0,8,0.05141154707099956,0.1181540519297859,-0.0,0.061111111111111116,0.013501756157499859,0.0066717626956840585,-0.017798068613471465,
1b_narrow,433,0.23305216035160903,True,128,20,69.0,23.0,7,6,3.6,17,32,0.7,2.8,1.0,0.015,0.5,13.501756157499859,1.1334352539136812,0.72664392593313,12.34125161951241,204,62,142,30.392156862745097,11469.219999999998,10118.989999999998,1350.2299999999996,1179.17,0,1,17.137182356999855,1.4726162077191436,1.710311464059092,9.025892074147329,77,28,49,36.36363636363637,5339.780000000001,3626.05,1713.7300000000005,409.11,0,8,0.05141154707099956,0.1181540519297859,-0.0,0.061111111111111116,0.013501756157499859,0.0066717626956840585,-0.017798068613471465,
1b_narrow,434,0.23305216035160903,True,128,20,69.0,23.0,7,6,3.6,17,32,0.7,2.8,1.0,0.015,0.5,13.501756157499859,1.1334352539136812,0.72664392593313,12.34125161951241,204,62,142,30.392156862745097,11469.219999999998,10118.989999999998,1350.2299999999996,1179.17,0,1,17.137182356999855,1.4726162077191436,1.710311464059092,9.025892074147329,77,28,49,36.36363636363637,5339.780000000001,3626.05,1713.7300000000005,409.11,0,8,0.05141154707099956,0.1181540519297859,-0.0,0.061111111111111116,0.013501756157499859,0.0066717626956840585,-0.017798068613471465,
1b_narrow,435,0.23305216035160903,True,128,20,70.0,23.0,7,6,3.6,17,32,0.7,2.8,1.0,0.015,0.5,13.501756157499859,1.1334352539136812,0.72664392593313,12.34125161951241,204,62,142,30.392156862745097,11469.219999999998,10118.989999999998,1350.2299999999996,1179.17,0,1,17.137182356999855,1.4726162077191436,1.710311464059092,9.025892074147329,77,28,49,36.36363636363637,5339.780000000001,3626.05,1713.7300000000005,409.11,0,8,0.05141154707099956,0.1181540519297859,-0.0,0.061111111111111116,0.013501756157499859,0.0066717626956840585,-0.017798068613471465,
1b_narrow,436,0.16219041188755823,True,127,20,70.0,23.0,7,6,3.6,16,32,0.7,2.8,1.0,0.015,0.5,9.319701656499728,1.0926208261939498,0.5303381876115172,12.959709003899423,213,63,150,29.577464788732396,10993.47,10061.560000000001,931.909999999998,1200.69,0,3,9.052468420499899,1.1978182867082439,0.986717831761312,13.575116878751722,93,30,63,32.25806451612903,5481.4800000000005,4576.22,905.2600000000002,466.33,0,8,0.027157405261499696,0.049454571677060966,-0.0,0.07380952380952381,0.009319701656499728,0.004631041309697492,-0.0021818318267234657,
1b_narrow,437,0.23305216035160903,True,128,20,70.0,23.0,7,6,3.6,17,32,0.7,2.8,1.0,0.015,0.5,13.501756157499859,1.1334352539136812,0.72664392593313,12.34125161951241,204,62,142,30.392156862745097,11469.219999999998,10118.989999999998,1350.2299999999996,1179.17,0,1,17.137182356999855,1.4726162077191436,1.710311464059092,9.025892074147329,77,28,49,36.36363636363637,5339.780000000001,3626.05,1713.7300000000005,409.11,0,8,0.05141154707099956,0.1181540519297859,-0.0,0.061111111111111116,0.013501756157499859,0.0066717626956840585,-0.017798068613471465,
1b_narrow,438,0.24303880894400753,True,128,20,70.0,23.0,7,6,3.6,17,32,0.6,2.8,1.0,0.015,0.5,15.868088210499845,1.1576015437772682,0.8227916064088839,11.587903498290556,204,63,141,30.88235294117647,11655.669999999998,10068.810000000001,1586.859999999997,1178.26,0,1,15.971642561499849,1.4271368207103126,1.602549396645105,9.348196013212648,82,29,53,35.36585365853659,5336.35,3739.2,1597.1500000000005,433.32,0,8,0.04791492768449954,0.10678420517757814,-0.0,0.06507936507936508,0.015868088210499846,0.00788007718886341,-0.00048785439679849784,
1b_narrow,439,0.21633942354281963,True,127,20,70.0,23.0,7,6,3.6,17,32,0.6,2.8,1.0,0.015,0.5,13.343025645999788,1.133664382978425,0.7107773284386453,11.908072906827966,207,63,144,30.434782608695652,11316.679999999998,9982.39,1334.289999999999,1172.64,0,3,14.329880280499857,1.3680243264136258,1.4492111234795966,9.967623273407686,84,29,55,34.523809523809526,5326.689999999999,3893.71,1432.9799999999987,440.11,0,8,0.04298964084149957,0.09200608160340645,-0.0,0.06666666666666667,0.013343025645999788,0.006683219148921249,-0.005349210363674104,
1b_narrow,440,0.24303880894400753,True,128,20,70.0,23.0,7,6,3.6,17,32,0.6,2.8,1.0,0.015,0.5,15.868088210499845,1.1576015437772682,0.8227916064088839,11.587903498290556,204,63,141,30.88235294117647,11655.669999999998,10068.810000000001,1586.859999999997,1178.26,0,1,15.971642561499849,1.4271368207103126,1.602549396645105,9.348196013212648,82,29,53,35.36585365853659,5336.35,3739.2,1597.1500000000005,433.32,0,8,0.04791492768449954,0.10678420517757814,-0.0,0.06507936507936508,0.015868088210499846,0.00788007718886341,-0.00048785439679849784,
1b_narrow,441,0.24303880894400753,True,128,20,70.0,23.0,7,6,3.6,17,32,0.6,2.8,1.0,0.015,0.5,15.868088210499845,1.1576015437772682,0.8227916064088839,11.587903498290556,204,63,141,30.88235294117647,11655.669999999998,10068.810000000001,1586.859999999997,1178.26,0,1,15.971642561499849,1.4271368207103126,1.602549396645105,9.348196013212648,82,29,53,35.36585365853659,5336.35,3739.2,1597.1500000000005,433.32,0,8,0.04791492768449954,0.10678420517757814,-0.0,0.06507936507936508,0.015868088210499846,0.00788007718886341,-0.00048785439679849784,
1b_narrow,442,0.21633942354281963,True,127,20,70.0,23.0,7,6,3.6,17,32,0.6,2.8,1.0,0.015,0.5,13.343025645999788,1.133664382978425,0.7107773284386453,11.908072906827966,207,63,144,30.434782608695652,11316.679999999998,9982.39,1334.289999999999,1172.64,0,3,14.329880280499857,1.3680243264136258,1.4492111234795966,9.967623273407686,84,29,55,34.523809523809526,5326.689999999999,3893.71,1432.9799999999987,440.11,0,8,0.04298964084149957,0.09200608160340645,-0.0,0.06666666666666667,0.013343025645999788,0.006683219148921249,-0.005349210363674104,
1b_narrow,443,0.24303880894400753,True,128,20,70.0,23.0,7,6,3.6,17,32,0.6,2.8,1.0,0.015,0.5,15.868088210499845,1.1576015437772682,0.8227916064088839,11.587903498290556,204,63,141,30.88235294117647,11655.669999999998,10068.810000000001,1586.859999999997,1178.26,0,1,15.971642561499849,1.4271368207103126,1.602549396645105,9.348196013212648,82,29,53,35.36585365853659,5336.35,3739.2,1597.1500000000005,433.32,0,8,0.04791492768449954,0.10678420517757814,-0.0,0.06507936507936508,0.015868088210499846,0.00788007718886341,-0.00048785439679849784,
1b_narrow,444,0.24303880894400753,True,128,20,70.0,23.0,7,6,3.6,17,32,0.6,2.8,1.0,0.015,0.5,15.868088210499845,1.1576015437772682,0.8227916064088839,11.587903498290556,204,63,141,30.88235294117647,11655.669999999998,10068.810000000001,1586.859999999997,1178.26,0,1,15.971642561499849,1.4271368207103126,1.602549396645105,9.348196013212648,82,29,53,35.36585365853659,5336.35,3739.2,1597.1500000000005,433.32,0,8,0.04791492768449954,0.10678420517757814,-0.0,0.06507936507936508,0.015868088210499846,0.00788007718886341,-0.00048785439679849784,
1b_narrow,445,0.1539912836495696,True,128,20,70.0,23.0,7,6,3.6,16,32,0.6,2.8,1.0,0.015,0.5,15.497529670999846,1.1552269988912711,0.8015199403450358,12.031386257698156,205,63,142,30.73170731707317,11534.259999999997,9984.41,1549.8499999999967,1180.76,0,1,10.183054987499782,1.226487400191277,1.1003255742148166,13.014557777775066,94,31,63,32.97872340425532,5514.41,4496.099999999999,1018.3100000000004,474.65,0,8,0.030549164962499344,0.05662185004781928,-0.0,0.0746031746031746,0.015497529670999847,0.0077613499445635566,-0.031041785579487034,
1b_narrow,446,0.21633942354281963,True,127,20,70.0,23.0,7,6,3.6,17,32,0.6,2.8,1.0,0.015,0.5,13.343025645999788,1.133664382978425,0.7107773284386453,11.908072906827966,207,63,144,30.434782608695652,11316.679999999998,9982.39,1334.289999999999,1172.64,0,3,14.329880280499857,1.3680243264136258,1.4492111234795966,9.967623273407686,84,29,55,34.523809523809526,5326.689999999999,3893.71,1432.9799999999987,440.11,0,8,0.04298964084149957,0.09200608160340645,-0.0,0.06666666666666667,0.013343025645999788,0.006683219148921249,-0.005349210363674104,
1b_narrow,447,0.21057737084149436,True,126,20,70.0,23.0,7,6,3.6,17,32,0.6,2.8,1.0,0.015,0.5,12.58950632049984,1.1260431006432556,0.6783233719823547,12.051877116271397,207,63,144,30.434782608695652,11247.199999999997,9988.25,1258.949999999997,1166.58,0,3,14.321864174999845,1.3668374273199966,1.4481512638656835,9.965321447927964,84,29,55,34.523809523809526,5336.269999999999,3904.1,1432.1699999999987,439.83,0,8,0.042965592524999534,0.09170935682999914,-0.0,0.06666666666666667,0.012589506320499842,0.006302155032162782,-0.0096559065328336,
1b_narrow,448,0.24303880894400753,True,128,20,70.0,23.0,7,6,3.6,17,32,0.6,2.8,1.0,0.015,0.5,15.868088210499845,1.1576015437772682,0.8227916064088839,11.587903498290556,204,63,141,30.88235294117647,11655.669999999998,10068.810000000001,1586.859999999997,1178.26,0,1,15.971642561499849,1.4271368207103126,1.602549396645105,9.348196013212648,82,29,53,35.36585365853659,5336.35,3739.2,1597.1500000000005,433.32,0,8,0.04791492768449954,0.10678420517757814,-0.0,0.06507936507936508,0.015868088210499846,0.00788007718886341,-0.00048785439679849784,
1b_narrow,449,0.21633942354281963,True,127,20,70.0,23.0,7,6,3.6,17,32,0.6,2.8,1.0,0.015,0.5,13.343025645999788,1.133664382978425,0.7107773284386453,11.908072906827966,207,63,144,30.434782608695652,11316.679999999998,9982.39,1334.289999999999,1172.64,0,3,14.329880280499857,1.3680243264136258,1.4492111234795966,9.967623273407686,84,29,55,34.523809523809526,5326.689999999999,3893.71,1432.9799999999987,440.11,0,8,0.04298964084149957,0.09200608160340645,-0.0,0.06666666666666667,0.013343025645999788,0.006683219148921249,-0.005349210363674104,
1b_narrow,450,0.24303880894400753,True,128,20,70.0,23.0,7,6,3.6,17,32,0.6,2.8,1.0,0.015,0.5,15.868088210499845,1.1576015437772682,0.8227916064088839,11.587903498290556,204,63,141,30.88235294117647,11655.669999999998,10068.810000000001,1586.859999999997,1178.26,0,1,15.971642561499849,1.4271368207103126,1.602549396645105,9.348196013212648,82,29,53,35.36585365853659,5336.35,3739.2,1597.1500000000005,433.32,0,8,0.04791492768449954,0.10678420517757814,-0.0,0.06507936507936508,0.015868088210499846,0.00788007718886341,-0.00048785439679849784,
1b_narrow,451,0.24303880894400753,True,128,20,70.0,23.0,7,6,3.6,17,32,0.6,2.8,1.0,0.015,0.5,15.868088210499845,1.1576015437772682,0.8227916064088839,11.587903498290556,204,63,141,30.88235294117647,11655.669999999998,10068.810000000001,1586.859999999997,1178.26,0,1,15.971642561499849,1.4271368207103126,1.602549396645105,9.348196013212648,82,29,53,35.36585365853659,5336.35,3739.2,1597.1500000000005,433.32,0,8,0.04791492768449954,0.10678420517757814,-0.0,0.06507936507936508,0.015868088210499846,0.00788007718886341,-0.00048785439679849784,
1b_narrow,452,0.24303880894400753,True,128,20,70.0,23.0,7,6,3.6,17,32,0.6,2.8,1.0,0.015,0.5,15.868088210499845,1.1576015437772682,0.8227916064088839,11.587903498290556,204,63,141,30.88235294117647,11655.669999999998,10068.810000000001,1586.859999999997,1178.26,0,1,15.971642561499849,1.4271368207103126,1.602549396645105,9.348196013212648,82,29,53,35.36585365853659,5336.35,3739.2,1597.1500000000005,433.32,0,8,0.04791492768449954,0.10678420517757814,-0.0,0.06507936507936508,0.015868088210499846,0.00788007718886341,-0.00048785439679849784,
1b_narrow,453,0.21633942354281963,True,127,20,70.0,23.0,7,6,3.6,17,32,0.6,2.8,1.0,0.015,0.5,13.343025645999788,1.133664382978425,0.7107773284386453,11.908072906827966,207,63,144,30.434782608695652,11316.679999999998,9982.39,1334.289999999999,1172.64,0,3,14.329880280499857,1.3680243264136258,1.4492111234795966,9.967623273407686,84,29,55,34.523809523809526,5326.689999999999,3893.71,1432.9799999999987,440.11,0,8,0.04298964084149957,0.09200608160340645,-0.0,0.06666666666666667,0.013343025645999788,0.006683219148921249,-0.005349210363674104,
1b_narrow,454,0.24303880894400753,True,128,20,70.0,23.0,7,6,3.6,17,32,0.6,2.8,1.0,0.015,0.5,15.868088210499845,1.1576015437772682,0.8227916064088839,11.587903498290556,204,63,141,30.88235294117647,11655.669999999998,10068.810000000001,1586.859999999997,1178.26,0,1,15.971642561499849,1.4271368207103126,1.602549396645105,9.348196013212648,82,29,53,35.36585365853659,5336.35,3739.2,1597.1500000000005,433.32,0,8,0.04791492768449954,0.10678420517757814,-0.0,0.06507936507936508,0.015868088210499846,0.00788007718886341,-0.00048785439679849784,
1b_narrow,455,0.1551214376200514,True,127,20,70.0,23.0,7,6,3.6,10,32,0.6,2.8,1.0,0.015,0.5,6.830575247999568,1.0680585915627667,0.4068965647904279,13.791827980722097,239,73,166,30.543933054393307,10720.039999999999,10036.940000000002,683.0999999999967,1323.91,0,3,10.834398453999874,1.2363245337178033,1.1915842213276922,13.013178742561706,110,34,76,30.90909090909091,5668.14,4584.669999999999,1083.4700000000012,558.1,0,8,0.03250319536199962,0.059081133429450816,-0.0,0.08730158730158731,0.006830575247999568,0.0034029295781383365,-0.03399798329912424,
1b_narrow,456,0.24303880894400753,True,128,20,70.0,24.0,7,6,3.6,17,32,0.6,2.8,1.0,0.015,0.5,15.868088210499845,1.1576015437772682,0.8227916064088839,11.587903498290556,204,63,141,30.88235294117647,11655.669999999998,10068.810000000001,1586.859999999997,1178.26,0,1,15.971642561499849,1.4271368207103126,1.602549396645105,9.348196013212648,82,29,53,35.36585365853659,5336.35,3739.2,1597.1500000000005,433.32,0,8,0.04791492768449954,0.10678420517757814,-0.0,0.06507936507936508,0.015868088210499846,0.00788007718886341,-0.00048785439679849784,
1b_narrow,457,0.24303880894400753,True,128,20,70.0,24.0,7,6,3.6,17,32,0.6,2.8,1.0,0.015,0.5,15.868088210499845,1.1576015437772682,0.8227916064088839,11.587903498290556,204,63,141,30.88235294117647,11655.669999999998,10068.810000000001,1586.859999999997,1178.26,0,1,15.971642561499849,1.4271368207103126,1.602549396645105,9.348196013212648,82,29,53,35.36585365853659,5336.35,3739.2,1597.1500000000005,433.32,0,8,0.04791492768449954,0.10678420517757814,-0.0,0.06507936507936508,0.015868088210499846,0.00788007718886341,-0.00048785439679849784,
1b_narrow,458,0.24303880894400753,True,128,20,70.0,24.0,7,6,3.6,17,32,0.6,2.8,1.0,0.015,0.5,15.868088210499845,1.1576015437772682,0.8227916064088839,11.587903498290556,204,63,141,30.88235294117647,11655.669999999998,10068.810000000001,1586.859999999997,1178.26,0,1,15.971642561499849,1.4271368207103126,1.602549396645105,9.348196013212648,82,29,53,35.36585365853659,5336.35,3739.2,1597.1500000000005,433.32,0,8,0.04791492768449954,0.10678420517757814,-0.0,0.06507936507936508,0.015868088210499846,0.00788007718886341,-0.00048785439679849784,
1b_narrow,459,0.24303880894400753,True,128,20,70.0,24.0,7,6,3.6,17,32,0.6,2.8,1.0,0.015,0.5,15.868088210499845,1.1576015437772682,0.8227916064088839,11.587903498290556,204,63,141,30.88235294117647,11655.669999999998,10068.810000000001,1586.859999999997,1178.26,0,1,15.971642561499849,1.4271368207103126,1.602549396645105,9.348196013212648,82,29,53,35.36585365853659,5336.35,3739.2,1597.1500000000005,433.32,0,8,0.04791492768449954,0.10678420517757814,-0.0,0.06507936507936508,0.015868088210499846,0.00788007718886341,-0.00048785439679849784,
1b_narrow,460,0.1388956556198549,True,127,20,70.0,24.0,7,6,3.6,16,32,0.6,2.8,1.0,0.015,0.5,12.909388398499813,1.130419584305318,0.6875708830258965,12.195355193739788,208,63,145,30.28846153846154,11189.039999999999,9898.130000000001,1290.909999999998,1174.97,0,3,8.669554389999904,1.1869526871564642,0.948663849363753,13.575116878751722,96,31,65,32.291666666666664,5504.410000000001,4637.429999999999,866.9800000000014,480.64,0,8,0.026008663169999714,0.046738171789116045,-0.0,0.0761904761904762,0.012909388398499814,0.0065209792152658985,-0.029472023143502786,
1b_narrow,461,0.19588143582565845,True,128,18,70.0,24.0,7,6,3.6,17,32,0.5,2.8,1.0,0.015,0.5,9.4238915609998,1.0969979115996285,0.5215969225977862,13.292857395682422,197,61,136,30.96446700507614,10657.960000000001,9715.57,942.3900000000012,1085.3,0,1,16.35534812449985,1.4248262283499746,1.6266506211329104,9.348196013212648,84,30,54,35.714285714285715,5485.41,3849.8799999999997,1635.5300000000002,444.78000000000003,0,8,0.049066044373499554,0.10620655708749366,-0.0,0.06666666666666667,0.0094238915609998,0.004849895579981423,-0.04033161944298264,
1b_narrow,462,0.21633942354281963,True,127,20,70.0,24.0,7,6,3.6,17,32,0.6,2.8,1.0,0.015,0.5,13.343025645999788,1.133664382978425,0.7107773284386453,11.908072906827966,207,63,144,30.434782608695652,11316.679999999998,9982.39,1334.289999999999,1172.64,0,3,14.329880280499857,1.3680243264136258,1.4492111234795966,9.967623273407686,84,29,55,34.523809523809526,5326.689999999999,3893.71,1432.9799999999987,440.11,0,8,0.04298964084149957,0.09200608160340645,-0.0,0.06666666666666667,0.013343025645999788,0.006683219148921249,-0.005349210363674104,
1b_narrow,463,0.18756308655677717,True,128,20,70.0,24.0,7,6,3.6,17,32,0.6,2.9,1.0,0.015,0.5,19.31873615249986,1.1879185687174934,0.9686691574038498,11.423288351474842,203,62,141,30.541871921182267,12212.480000000001,10280.57,1931.9100000000017,1198.59,0,1,12.644776207999875,1.3676661297169674,1.2825023749682471,9.8363065662062,76,26,50,34.21052631578947,4703.65,3439.18,1264.4699999999998,392.08,0,8,0.037934328623999626,0.09191653242924186,-0.0,0.06031746031746032,0.019318736152499863,0.009395928435874668,-0.031319899402299164,
1b_narrow,464,0.24303880894400753,True,128,20,70.0,24.0,7,6,3.6,17,32,0.6,2.8,1.0,0.015,0.5,15.868088210499845,1.1576015437772682,0.8227916064088839,11.587903498290556,204,63,141,30.88235294117647,11655.669999999998,10068.810000000001,1586.859999999997,1178.26,0,1,15.971642561499849,1.4271368207103126,1.602549396645105,9.348196013212648,82,29,53,35.36585365853659,5336.35,3739.2,1597.1500000000005,433.32,0,8,0.04791492768449954,0.10678420517757814,-0.0,0.06507936507936508,0.015868088210499846,0.00788007718886341,-0.00048785439679849784,
1b_narrow,465,0.21633942354281963,True,127,20,70.0,24.0,7,6,3.6,17,32,0.6,2.8,1.0,0.015,0.5,13.343025645999788,1.133664382978425,0.7107773284386453,11.908072906827966,207,63,144,30.434782608695652,11316.679999999998,9982.39,1334.289999999999,1172.64,0,3,14.329880280499857,1.3680243264136258,1.4492111234795966,9.967623273407686,84,29,55,34.523809523809526,5326.689999999999,3893.71,1432.9799999999987,440.11,0,8,0.04298964084149957,0.09200608160340645,-0.0,0.06666666666666667,0.013343025645999788,0.006683219148921249,-0.005349210363674104,
1b_narrow,466,0.24303880894400753,True,128,20,70.0,24.0,7,6,3.6,17,32,0.6,2.8,1.0,0.015,0.5,15.868088210499845,1.1576015437772682,0.8227916064088839,11.587903498290556,204,63,141,30.88235294117647,11655.669999999998,10068.810000000001,1586.859999999997,1178.26,0,1,15.971642561499849,1.4271368207103126,1.602549396645105,9.348196013212648,82,29,53,35.36585365853659,5336.35,3739.2,1597.1500000000005,433.32,0,8,0.04791492768449954,0.10678420517757814,-0.0,0.06507936507936508,0.015868088210499846,0.00788007718886341,-0.00048785439679849784,
1b_narrow,467,0.24303880894400753,True,128,20,70.0,24.0,7,6,3.6,17,32,0.6,2.8,1.0,0.015,0.5,15.868088210499845,1.1576015437772682,0.8227916064088839,11.587903498290556,204,63,141,30.88235294117647,11655.669999999998,10068.810000000001,1586.859999999997,1178.26,0,1,15.971642561499849,1.4271368207103126,1.602549396645105,9.348196013212648,82,29,53,35.36585365853659,5336.35,3739.2,1597.1500000000005,433.32,0,8,0.04791492768449954,0.10678420517757814,-0.0,0.06507936507936508,0.015868088210499846,0.00788007718886341,-0.00048785439679849784,
1b_narrow,468,0.21633942354281963,True,127,20,70.0,24.0,7,6,3.6,17,32,0.6,2.8,1.0,0.015,0.5,13.343025645999788,1.133664382978425,0.7107773284386453,11.908072906827966,207,63,144,30.434782608695652,11316.679999999998,9982.39,1334.289999999999,1172.64,0,3,14.329880280499857,1.3680243264136258,1.4492111234795966,9.967623273407686,84,29,55,34.523809523809526,5326.689999999999,3893.71,1432.9799999999987,440.11,0,8,0.04298964084149957,0.09200608160340645,-0.0,0.06666666666666667,0.013343025645999788,0.006683219148921249,-0.005349210363674104,
1b_narrow,469,0.13710811602024817,True,126,20,70.0,24.0,7,6,3.6,16,32,0.6,2.8,1.0,0.015,0.5,12.344207878499837,1.124970514361151,0.6646640118818841,12.438652585597957,208,63,145,30.28846153846154,11112.109999999997,9877.689999999999,1234.4199999999983,1168.23,0,3,8.440538763999884,1.1807016379544732,0.924975470279141,13.875349966915639,96,31,65,32.291666666666664,5515.140000000001,4671.07,844.0700000000015,479.81,0,8,0.025321616291999652,0.04517540948861831,-0.0,0.0761904761904762,0.012344207878499838,0.006248525718057552,-0.028172119547403375,
1b_narrow,470,0.24303880894400753,True,128,20,70.0,24.0,7,6,3.6,17,32,0.6,2.8,1.0,0.015,0.5,15.868088210499845,1.1576015437772682,0.8227916064088839,11.587903498290556,204,63,141,30.88235294117647,11655.669999999998,10068.810000000001,1586.859999999997,1178.26,0,1,15.971642561499849,1.4271368207103126,1.602549396645105,9.348196013212648,82,29,53,35.36585365853659,5336.35,3739.2,1597.1500000000005,433.32,0,8,0.04791492768449954,0.10678420517757814,-0.0,0.06507936507936508,0.015868088210499846,0.00788007718886341,-0.00048785439679849784,
1b_narrow,471,0.22401780411155386,True,128,20,70.0,24.0,7,6,3.6,17,32,0.5,2.8,1.0,0.015,0.5,12.960460591999801,1.1297734689402215,0.6799546189415812,11.629926315853377,199,62,137,31.155778894472363,11282.72,9986.710000000001,1296.0099999999984,1127.58,0,1,16.35534812449985,1.4248262283499746,1.6266506211329104,9.348196013212648,84,30,54,35.714285714285715,5485.41,3849.8799999999997,1635.5300000000002,444.78000000000003,0,8,0.049066044373499554,0.10620655708749366,-0.0,0.06666666666666667,0.012960460591999802,0.0064886734470110735,-0.017370598055116884,
1b_narrow,472,0.21633942354281963,True,127,20,70.0,24.0,7,6,3.6,17,32,0.6,2.8,1.0,0.015,0.5,13.343025645999788,1.133664382978425,0.7107773284386453,11.908072906827966,207,63,144,30.434782608695652,11316.679999999998,9982.39,1334.289999999999,1172.64,0,3,14.329880280499857,1.3680243264136258,1.4492111234795966,9.967623273407686,84,29,55,34.523809523809526,5326.689999999999,3893.71,1432.9799999999987,440.11,0,8,0.04298964084149957,0.09200608160340645,-0.0,0.06666666666666667,0.013343025645999788,0.006683219148921249,-0.005349210363674104,
1b_narrow,473,0.24303880894400753,True,128,20,70.0,24.0,7,6,3.6,17,32,0.6,2.8,1.0,0.015,0.5,15.868088210499845,1.1576015437772682,0.8227916064088839,11.587903498290556,204,63,141,30.88235294117647,11655.669999999998,10068.810000000001,1586.859999999997,1178.26,0,1,15.971642561499849,1.4271368207103126,1.602549396645105,9.348196013212648,82,29,53,35.36585365853659,5336.35,3739.2,1597.1500000000005,433.32,0,8,0.04791492768449954,0.10678420517757814,-0.0,0.06507936507936508,0.015868088210499846,0.00788007718886341,-0.00048785439679849784,
1b_narrow,474,0.24303880894400753,True,128,20,70.0,24.0,7,6,3.6,17,32,0.6,2.8,1.0,0.015,0.5,15.868088210499845,1.1576015437772682,0.8227916064088839,11.587903498290556,204,63,141,30.88235294117647,11655.669999999998,10068.810000000001,1586.859999999997,1178.26,0,1,15.971642561499849,1.4271368207103126,1.602549396645105,9.348196013212648,82,29,53,35.36585365853659,5336.35,3739.2,1597.1500000000005,433.32,0,8,0.04791492768449954,0.10678420517757814,-0.0,0.06507936507936508,0.015868088210499846,0.00788007718886341,-0.00048785439679849784,
1b_narrow,475,0.24303880894400753,True,128,20,70.0,24.0,7,6,3.6,17,32,0.6,2.8,1.0,0.015,0.5,15.868088210499845,1.1576015437772682,0.8227916064088839,11.587903498290556,204,63,141,30.88235294117647,11655.669999999998,10068.810000000001,1586.859999999997,1178.26,0,1,15.971642561499849,1.4271368207103126,1.602549396645105,9.348196013212648,82,29,53,35.36585365853659,5336.35,3739.2,1597.1500000000005,433.32,0,8,0.04791492768449954,0.10678420517757814,-0.0,0.06507936507936508,0.015868088210499846,0.00788007718886341,-0.00048785439679849784,
1b_narrow,476,0.1388956556198549,True,127,20,70.0,24.0,7,6,3.6,16,32,0.6,2.8,1.0,0.015,0.5,12.909388398499813,1.130419584305318,0.6875708830258965,12.195355193739788,208,63,145,30.28846153846154,11189.039999999999,9898.130000000001,1290.909999999998,1174.97,0,3,8.669554389999904,1.1869526871564642,0.948663849363753,13.575116878751722,96,31,65,32.291666666666664,5504.410000000001,4637.429999999999,866.9800000000014,480.64,0,8,0.026008663169999714,0.046738171789116045,-0.0,0.0761904761904762,0.012909388398499814,0.0065209792152658985,-0.029472023143502786,
1b_narrow,477,0.24549079452539357,True,128,20,71.0,24.0,7,6,3.6,17,32,0.6,2.8,1.0,0.015,0.5,15.868088210499845,1.1576015437772682,0.8227916064088839,11.587903498290556,204,63,141,30.88235294117647,11655.669999999998,10068.810000000001,1586.859999999997,1178.26,0,1,16.414746976999886,1.4430107468841593,1.6419562089744102,9.348196013212648,81,29,52,35.80246913580247,5346.7300000000005,3705.26,1641.4700000000003,429.36,0,8,0.049244240930999654,0.11075268672103983,-0.0,0.0642857142857143,0.015868088210499846,0.00788007718886341,-0.002540012811723458,
1b_narrow,478,0.24549079452539357,True,128,20,71.0,24.0,7,6,3.6,17,32,0.6,2.8,1.0,0.015,0.5,15.868088210499845,1.1576015437772682,0.8227916064088839,11.587903498290556,204,63,141,30.88235294117647,11655.669999999998,10068.810000000001,1586.859999999997,1178.26,0,1,16.414746976999886,1.4430107468841593,1.6419562089744102,9.348196013212648,81,29,52,35.80246913580247,5346.7300000000005,3705.26,1641.4700000000003,429.36,0,8,0.049244240930999654,0.11075268672103983,-0.0,0.0642857142857143,0.015868088210499846,0.00788007718886341,-0.002540012811723458,
1b_narrow,479,0.21809786760944866,True,127,20,71.0,24.0,7,6,3.6,17,32,0.6,2.8,1.0,0.015,0.5,13.343025645999788,1.133664382978425,0.7107773284386453,11.908072906827966,207,63,144,30.434782608695652,11316.679999999998,9982.39,1334.289999999999,1172.64,0,3,14.751184432499887,1.3818538585596054,1.4862089600500537,9.967623273407686,83,29,54,34.93975903614458,5338.0599999999995,3862.9700000000003,1475.0899999999992,436.39,0,8,0.04425355329749966,0.09546346463990135,-0.0,0.06587301587301587,0.013343025645999788,0.006683219148921249,-0.0075184109958892605,
1b_narrow,480,0.24549079452539357,True,128,20,71.0,24.0,7,6,3.6,17,32,0.6,2.8,1.0,0.015,0.5,15.868088210499845,1.1576015437772682,0.8227916064088839,11.587903498290556,204,63,141,30.88235294117647,11655.669999999998,10068.810000000001,1586.859999999997,1178.26,0,1,16.414746976999886,1.4430107468841593,1.6419562089744102,9.348196013212648,81,29,52,35.80246913580247,5346.7300000000005,3705.26,1641.4700000000003,429.36,0,8,0.049244240930999654,0.11075268672103983,-0.0,0.0642857142857143,0.015868088210499846,0.00788007718886341,-0.002540012811723458,
1b_narrow,481,0.24549079452539357,True,128,20,71.0,24.0,7,6,3.6,17,32,0.6,2.8,1.0,0.015,0.5,15.868088210499845,1.1576015437772682,0.8227916064088839,11.587903498290556,204,63,141,30.88235294117647,11655.669999999998,10068.810000000001,1586.859999999997,1178.26,0,1,16.414746976999886,1.4430107468841593,1.6419562089744102,9.348196013212648,81,29,52,35.80246913580247,5346.7300000000005,3705.26,1641.4700000000003,429.36,0,8,0.049244240930999654,0.11075268672103983,-0.0,0.0642857142857143,0.015868088210499846,0.00788007718886341,-0.002540012811723458,
1b_narrow,482,0.21809786760944866,True,127,20,71.0,24.0,7,6,3.6,17,32,0.6,2.8,1.0,0.015,0.5,13.343025645999788,1.133664382978425,0.7107773284386453,11.908072906827966,207,63,144,30.434782608695652,11316.679999999998,9982.39,1334.289999999999,1172.64,0,3,14.751184432499887,1.3818538585596054,1.4862089600500537,9.967623273407686,83,29,54,34.93975903614458,5338.0599999999995,3862.9700000000003,1475.0899999999992,436.39,0,8,0.04425355329749966,0.09546346463990135,-0.0,0.06587301587301587,0.013343025645999788,0.006683219148921249,-0.0075184109958892605,
1b_narrow,483,0.24549079452539357,True,128,20,71.0,24.0,7,6,3.6,17,32,0.6,2.8,1.0,0.015,0.5,15.868088210499845,1.1576015437772682,0.8227916064088839,11.587903498290556,204,63,141,30.88235294117647,11655.669999999998,10068.810000000001,1586.859999999997,1178.26,0,1,16.414746976999886,1.4430107468841593,1.6419562089744102,9.348196013212648,81,29,52,35.80246913580247,5346.7300000000005,3705.26,1641.4700000000003,429.36,0,8,0.049244240930999654,0.11075268672103983,-0.0,0.0642857142857143,0.015868088210499846,0.00788007718886341,-0.002540012811723458,
1b_narrow,484,0.24549079452539357,True,128,20,71.0,24.0,7,6,3.6,17,32,0.6,2.8,1.0,0.015,0.5,15.868088210499845,1.1576015437772682,0.8227916064088839,11.587903498290556,204,63,141,30.88235294117647,11655.669999999998,10068.810000000001,1586.859999999997,1178.26,0,1,16.414746976999886,1.4430107468841593,1.6419562089744102,9.348196013212648,81,29,52,35.80246913580247,5346.7300000000005,3705.26,1641.4700000000003,429.36,0,8,0.049244240930999654,0.11075268672103983,-0.0,0.0642857142857143,0.015868088210499846,0.00788007718886341,-0.002540012811723458,
1b_narrow,485,0.24549079452539357,True,128,20,71.0,24.0,7,6,3.6,17,32,0.6,2.8,1.0,0.015,0.5,15.868088210499845,1.1576015437772682,0.8227916064088839,11.587903498290556,204,63,141,30.88235294117647,11655.669999999998,10068.810000000001,1586.859999999997,1178.26,0,1,16.414746976999886,1.4430107468841593,1.6419562089744102,9.348196013212648,81,29,52,35.80246913580247,5346.7300000000005,3705.26,1641.4700000000003,429.36,0,8,0.049244240930999654,0.11075268672103983,-0.0,0.0642857142857143,0.015868088210499846,0.00788007718886341,-0.002540012811723458,
1b_narrow,486,0.19215764901943014,True,111,20,71.0,24.0,7,6,3.6,17,32,0.6,2.8,1.0,0.015,0.5,11.176824623499707,1.1099773967824118,0.6036312340764539,12.178635787401868,212,63,149,29.71698113207547,11279.89,10162.27,1117.619999999999,1182.08,0,5,12.437546911999853,1.2862973116683123,1.2662354826708866,9.037211401524686,94,31,63,32.97872340425532,5588.1,4344.330000000001,1243.7699999999995,486.9,0,1,0.037312640735999554,0.07157432791707807,-0.0,0.0746031746031746,0.011176824623499707,0.005498869839120591,-0.008008188699442401,
1b_narrow,487,0.21525762172756233,True,127,21,71.0,24.0,7,6,3.6,17,32,0.6,2.8,1.0,0.015,0.5,12.948148312499836,1.1296681661412493,0.692272440516477,11.847803846769626,207,63,144,30.434782608695652,11280.549999999997,9985.720000000001,1294.8299999999963,1168.02,0,3,14.751184432499887,1.3818538585596054,1.4862089600500537,9.967623273407686,83,29,54,34.93975903614458,5338.0599999999995,3862.9700000000003,1475.0899999999992,436.39,0,8,0.04425355329749966,0.09546346463990135,-0.0,0.06587301587301587,0.012948148312499836,0.006483408307062466,-0.009763968702416857,
1b_narrow,488,0.21220482238948246,True,126,20,71.0,24.0,7,6,3.6,17,32,0.6,2.8,1.0,0.015,0.5,12.58950632049984,1.1260431006432556,0.6783233719823547,12.051877116271397,207,63,144,30.434782608695652,11247.199999999997,9988.25,1258.949999999997,1166.58,0,3,14.703690214499876,1.37979346079733,1.4830473885913595,9.965321447927964,83,29,54,34.93975903614458,5341.759999999999,3871.42,1470.3399999999992,435.83,0,8,0.044111070643499624,0.09494836519933247,-0.0,0.06587301587301587,0.012589506320499842,0.006302155032162782,-0.011619290679028138,
1b_narrow,489,0.24549079452539357,True,128,20,71.0,24.0,7,6,3.6,17,32,0.6,2.8,1.0,0.015,0.5,15.868088210499845,1.1576015437772682,0.8227916064088839,11.587903498290556,204,63,141,30.88235294117647,11655.669999999998,10068.810000000001,1586.859999999997,1178.26,0,1,16.414746976999886,1.4430107468841593,1.6419562089744102,9.348196013212648,81,29,52,35.80246913580247,5346.7300000000005,3705.26,1641.4700000000003,429.36,0,8,0.049244240930999654,0.11075268672103983,-0.0,0.0642857142857143,0.015868088210499846,0.00788007718886341,-0.002540012811723458,
1b_narrow,490,0.21809786760944866,True,127,20,71.0,24.0,7,6,3.6,17,32,0.6,2.8,1.0,0.015,0.5,13.343025645999788,1.133664382978425,0.7107773284386453,11.908072906827966,207,63,144,30.434782608695652,11316.679999999998,9982.39,1334.289999999999,1172.64,0,3,14.751184432499887,1.3818538585596054,1.4862089600500537,9.967623273407686,83,29,54,34.93975903614458,5338.0599999999995,3862.9700000000003,1475.0899999999992,436.39,0,8,0.04425355329749966,0.09546346463990135,-0.0,0.06587301587301587,0.013343025645999788,0.006683219148921249,-0.0075184109958892605,
1b_narrow,491,0.19403146504485924,True,128,20,71.0,24.0,7,6,3.6,17,32,0.6,2.9,1.0,0.015,0.5,19.31873615249986,1.1879185687174934,0.9686691574038498,11.423288351474842,203,62,141,30.541871921182267,12212.480000000001,10280.57,1931.9100000000017,1198.59,0,1,13.047580747499943,1.3828543594739404,1.318191562907213,9.8363065662062,75,26,49,34.666666666666664,4712.74,3407.98,1304.7599999999998,387.92,0,8,0.03914274224249983,0.0957135898684851,-0.0,0.05952380952380953,0.019318736152499863,0.009395928435874668,-0.029063341178309762,
1b_narrow,492,0.1447672751025654,True,127,20,71.0,23.0,7,6,3.6,16,32,0.6,2.8,1.0,0.015,0.5,12.909388398499813,1.130419584305318,0.6875708830258965,12.195355193739788,208,63,145,30.28846153846154,11189.039999999999,9898.130000000001,1290.909999999998,1174.97,0,3,9.049810163999936,1.1966194123078595,0.9861524597503547,13.575116878751722,95,31,64,32.63157894736842,5507.740000000001,4602.75,904.9900000000007,476.3,0,8,0.027149430491999808,0.04915485307696488,-0.0,0.0753968253968254,0.012909388398499814,0.0065209792152658985,-0.026364201476990402,
1b_narrow,493,0.24549079452539357,True,128,20,71.0,24.0,7,6,3.6,17,32,0.6,2.8,1.0,0.015,0.5,15.868088210499845,1.1576015437772682,0.8227916064088839,11.587903498290556,204,63,141,30.88235294117647,11655.669999999998,10068.810000000001,1586.859999999997,1178.26,0,1,16.414746976999886,1.4430107468841593,1.6419562089744102,9.348196013212648,81,29,52,35.80246913580247,5346.7300000000005,3705.26,1641.4700000000003,429.36,0,8,0.049244240930999654,0.11075268672103983,-0.0,0.0642857142857143,0.015868088210499846,0.00788007718886341,-0.002540012811723458,
1b_narrow,494,0.19330599806530713,True,121,20,71.0,23.0,7,6,3.6,17,32,0.6,2.8,1.0,0.015,0.5,10.072811461999773,1.1018948548282836,0.5628411159176091,12.983415540891535,212,66,146,31.132075471698112,10892.440000000002,9885.19,1007.2500000000018,1172.52,0,5,15.109831912499866,1.3782316364947134,1.5011789392765613,9.88509057632498,86,30,56,34.883720930232556,5505.870000000001,3994.88,1510.9900000000007,452.01,0,3,0.045329495737499594,0.09455790912367834,-0.0,0.06825396825396826,0.010072811461999773,0.005094742741414183,-0.03000292925325303,
1b_narrow,495,0.21809786760944866,True,127,20,71.0,24.0,7,6,3.6,17,32,0.6,2.8,1.0,0.015,0.5,13.343025645999788,1.133664382978425,0.7107773284386453,11.908072906827966,207,63,144,30.434782608695652,11316.679999999998,9982.39,1334.289999999999,1172.64,0,3,14.751184432499887,1.3818538585596054,1.4862089600500537,9.967623273407686,83,29,54,34.93975903614458,5338.0599999999995,3862.9700000000003,1475.0899999999992,436.39,0,8,0.04425355329749966,0.09546346463990135,-0.0,0.06587301587301587,0.013343025645999788,0.006683219148921249,-0.0075184109958892605,
1b_narrow,496,0.22665290151756884,True,128,20,71.0,23.0,7,6,3.6,17,32,0.5,2.8,1.0,0.015,0.5,12.960460591999801,1.1297734689402215,0.6799546189415812,11.629926315853377,199,62,137,31.155778894472363,11282.72,9986.710000000001,1296.0099999999984,1127.58,0,1,16.84910322799984,1.4414034664878232,1.669164198956773,9.348196013212648,83,30,53,36.144578313253014,5502.009999999999,3817.12,1684.8899999999994,440.83,0,8,0.050547309683999515,0.11035086662195581,-0.0,0.06587301587301587,0.012960460591999802,0.0064886734470110735,-0.019567424700413238,
1b_narrow,497,0.24549079452539357,True,128,20,71.0,24.0,7,6,3.6,17,32,0.6,2.8,1.0,0.015,0.5,15.868088210499845,1.1576015437772682,0.8227916064088839,11.587903498290556,204,63,141,30.88235294117647,11655.669999999998,10068.810000000001,1586.859999999997,1178.26,0,1,16.414746976999886,1.4430107468841593,1.6419562089744102,9.348196013212648,81,29,52,35.80246913580247,5346.7300000000005,3705.26,1641.4700000000003,429.36,0,8,0.049244240930999654,0.11075268672103983,-0.0,0.0642857142857143,0.015868088210499846,0.00788007718886341,-0.002540012811723458,
1b_narrow,498,0.17975999331609907,True,119,20,71.0,23.0,7,6,3.6,17,32,0.6,2.8,1.0,0.015,0.5,9.555956675999715,1.0972903682993556,0.538130840428758,13.621655263437106,209,65,144,31.10047846889952,10777.18,9821.630000000001,955.5499999999993,1149.94,0,5,13.547449588499857,1.3199088504769996,1.3693541475217499,9.889345628660882,89,30,59,33.70786516853933,5589.549999999999,4234.800000000001,1354.7499999999982,466.54,0,1,0.04064234876549957,0.0799772126192499,-0.0,0.07063492063492065,0.009555956675999715,0.004864518414967778,-0.02591496379453854,
1b_narrow,499,0.16019794878304341,True,128,20,71.0,24.0,7,6,3.6,16,32,0.6,2.8,1.0,0.015,0.5,15.497529670999846,1.1552269988912711,0.8015199403450358,12.031386257698156,205,63,142,30.73170731707317,11534.259999999997,9984.41,1549.8499999999967,1180.76,0,1,10.607814601999781,1.2376086372188873,1.140432400895572,13.014557777775066,93,31,62,33.333333333333336,5525.18,4464.4,1060.7800000000007,470.43,0,8,0.031823443805999344,0.05940215930472181,-0.0,0.07380952380952381,0.015497529670999847,0.0077613499445635566,-0.028096057752764966,
1b_narrow,500,0.24549079452539357,True,128,20,71.0,24.0,7,6,3.6,17,32,0.6,2.8,1.0,0.015,0.5,15.868088210499845,1.1576015437772682,0.8227916064088839,11.587903498290556,204,63,141,30.88235294117647,11655.669999999998,10068.810000000001,1586.859999999997,1178.26,0,1,16.414746976999886,1.4430107468841593,1.6419562089744102,9.348196013212648,81,29,52,35.80246913580247,5346.7300000000005,3705.26,1641.4700000000003,429.36,0,8,0.049244240930999654,0.11075268672103983,-0.0,0.0642857142857143,0.015868088210499846,0.00788007718886341,-0.002540012811723458,
1b_narrow,501,0.19161114129800141,True,127,20,71.0,25.0,7,6,3.6,17,32,0.5,2.8,1.0,0.015,0.5,9.837768851999826,1.099404757694651,0.5384068176645056,11.819918184207822,202,62,140,30.693069306930692,10880.600000000002,9896.810000000001,983.7900000000009,1114.83,0,3,15.22209554299985,1.383621265388929,1.5196329910174318,9.967623273407686,85,30,55,35.294117647058826,5490.140000000001,3967.9500000000003,1522.190000000001,447.72,0,8,0.04566628662899955,0.09590531634723226,-0.0,0.06746031746031747,0.009837768851999827,0.0049702378847325535,-0.03222878587528023,
1b_narrow,502,0.24549079452539357,True,128,20,71.0,23.0,7,6,3.6,17,32,0.6,2.8,1.0,0.015,0.5,15.868088210499845,1.1576015437772682,0.8227916064088839,11.587903498290556,204,63,141,30.88235294117647,11655.669999999998,10068.810000000001,1586.859999999997,1178.26,0,1,16.414746976999886,1.4430107468841593,1.6419562089744102,9.348196013212648,81,29,52,35.80246913580247,5346.7300000000005,3705.26,1641.4700000000003,429.36,0,8,0.049244240930999654,0.11075268672103983,-0.0,0.0642857142857143,0.015868088210499846,0.00788007718886341,-0.002540012811723458,
1b_narrow,503,0.24549079452539357,True,128,20,71.0,23.0,7,6,3.6,17,32,0.6,2.8,1.0,0.015,0.5,15.868088210499845,1.1576015437772682,0.8227916064088839,11.587903498290556,204,63,141,30.88235294117647,11655.669999999998,10068.810000000001,1586.859999999997,1178.26,0,1,16.414746976999886,1.4430107468841593,1.6419562089744102,9.348196013212648,81,29,52,35.80246913580247,5346.7300000000005,3705.26,1641.4700000000003,429.36,0,8,0.049244240930999654,0.11075268672103983,-0.0,0.0642857142857143,0.015868088210499846,0.00788007718886341,-0.002540012811723458,
1b_narrow,504,0.21809786760944866,True,127,20,71.0,23.0,7,6,3.6,17,32,0.6,2.8,1.0,0.015,0.5,13.343025645999788,1.133664382978425,0.7107773284386453,11.908072906827966,207,63,144,30.434782608695652,11316.679999999998,9982.39,1334.289999999999,1172.64,0,3,14.751184432499887,1.3818538585596054,1.4862089600500537,9.967623273407686,83,29,54,34.93975903614458,5338.0599999999995,3862.9700000000003,1475.0899999999992,436.39,0,8,0.04425355329749966,0.09546346463990135,-0.0,0.06587301587301587,0.013343025645999788,0.006683219148921249,-0.0075184109958892605,
1b_narrow,505,0.24549079452539357,True,128,20,71.0,23.0,7,6,3.6,17,32,0.6,2.8,1.0,0.015,0.5,15.868088210499845,1.1576015437772682,0.8227916064088839,11.587903498290556,204,63,141,30.88235294117647,11655.669999999998,10068.810000000001,1586.859999999997,1178.26,0,1,16.414746976999886,1.4430107468841593,1.6419562089744102,9.348196013212648,81,29,52,35.80246913580247,5346.7300000000005,3705.26,1641.4700000000003,429.36,0,8,0.049244240930999654,0.11075268672103983,-0.0,0.0642857142857143,0.015868088210499846,0.00788007718886341,-0.002540012811723458,
1b_narrow,506,0.24549079452539357,True,128,20,71.0,23.0,7,6,3.6,17,32,0.6,2.8,1.0,0.015,0.5,15.868088210499845,1.1576015437772682,0.8227916064088839,11.587903498290556,204,63,141,30.88235294117647,11655.669999999998,10068.810000000001,1586.859999999997,1178.26,0,1,16.414746976999886,1.4430107468841593,1.6419562089744102,9.348196013212648,81,29,52,35.80246913580247,5346.7300000000005,3705.26,1641.4700000000003,429.36,0,8,0.049244240930999654,0.11075268672103983,-0.0,0.0642857142857143,0.015868088210499846,0.00788007718886341,-0.002540012811723458,
1b_narrow,507,0.21809786760944866,True,127,20,71.0,23.0,7,6,3.6,17,32,0.6,2.8,1.0,0.015,0.5,13.343025645999788,1.133664382978425,0.7107773284386453,11.908072906827966,207,63,144,30.434782608695652,11316.679999999998,9982.39,1334.289999999999,1172.64,0,3,14.751184432499887,1.3818538585596054,1.4862089600500537,9.967623273407686,83,29,54,34.93975903614458,5338.0599999999995,3862.9700000000003,1475.0899999999992,436.39,0,8,0.04425355329749966,0.09546346463990135,-0.0,0.06587301587301587,0.013343025645999788,0.006683219148921249,-0.0075184109958892605,
1b_narrow,508,0.23369842373854136,True,128,20,71.0,23.0,7,6,3.7,17,32,0.6,2.8,1.0,0.015,0.5,14.05954270449978,1.1389796632485425,0.7413323287754704,11.664312867270343,205,63,142,30.73170731707317,11522.67,10116.66,1406.0100000000002,1170.36,0,1,16.414746976999886,1.4430107468841593,1.6419562089744102,9.348196013212648,81,29,52,35.80246913580247,5346.7300000000005,3705.26,1641.4700000000003,429.36,0,8,0.049244240930999654,0.11075268672103983,-0.0,0.0642857142857143,0.014059542704499781,0.006948983162427125,-0.01159274406613932,
1b_narrow,509,0.04513651982643621,True,127,20,71.0,23.0,7,6,3.6,8,32,0.6,2.8,1.0,0.015,0.5,0.36175524499996753,1.0032075944463301,0.08923556035846948,13.995195274929703,300,90,210,30.0,11290.640000000001,11254.54,36.100000000000364,1529.55,0,3,11.034694434499889,1.2492196851638553,1.2346382726690694,12.986069238005769,113,36,77,31.858407079646017,5531.170000000001,4427.699999999999,1103.470000000002,584.51,0,8,0.03310408330349966,0.06230492129096382,-0.0,0.0896825396825397,0.00036175524499996753,0.000160379722316506,-0.14047715941788344,
1b_narrow,510,0.22665290151756884,True,128,20,71.0,23.0,7,6,3.6,17,32,0.5,2.8,1.0,0.015,0.5,12.960460591999801,1.1297734689402215,0.6799546189415812,11.629926315853377,199,62,137,31.155778894472363,11282.72,9986.710000000001,1296.0099999999984,1127.58,0,1,16.84910322799984,1.4414034664878232,1.669164198956773,9.348196013212648,83,30,53,36.144578313253014,5502.009999999999,3817.12,1684.8899999999994,440.83,0,8,0.050547309683999515,0.11035086662195581,-0.0,0.06587301587301587,0.012960460591999802,0.0064886734470110735,-0.019567424700413238,
1b_narrow,511,0.17781027997216528,True,128,20,71.0,23.0,7,6,3.6,13,32,0.6,2.8,1.0,0.015,0.5,9.58090715999968,1.0978354775000359,0.5414846829146562,13.499244379972462,216,67,149,31.01851851851852,10750.51,9792.46,958.0500000000011,1213.37,0,1,11.838091519999889,1.2729354043653986,1.281930727566756,12.026892132971437,95,32,63,33.68421052631579,5521.09,4337.29,1183.8000000000002,484.79,0,8,0.03551427455999966,0.06823385109134966,-0.0,0.0753968253968254,0.00958090715999968,0.004891773875001793,-0.015807352111010926,
1b_narrow,512,0.16019794878304341,True,128,20,71.0,23.0,7,6,3.6,16,32,0.6,2.8,1.0,0.015,0.5,15.497529670999846,1.1552269988912711,0.8015199403450358,12.031386257698156,205,63,142,30.73170731707317,11534.259999999997,9984.41,1549.8499999999967,1180.76,0,1,10.607814601999781,1.2376086372188873,1.140432400895572,13.014557777775066,93,31,62,33.333333333333336,5525.18,4464.4,1060.7800000000007,470.43,0,8,0.031823443805999344,0.05940215930472181,-0.0,0.07380952380952381,0.015497529670999847,0.0077613499445635566,-0.028096057752764966,
1b_narrow,513,0.21809786760944866,True,127,20,71.0,23.0,7,6,3.6,17,32,0.6,2.8,1.0,0.015,0.5,13.343025645999788,1.133664382978425,0.7107773284386453,11.908072906827966,207,63,144,30.434782608695652,11316.679999999998,9982.39,1334.289999999999,1172.64,0,3,14.751184432499887,1.3818538585596054,1.4862089600500537,9.967623273407686,83,29,54,34.93975903614458,5338.0599999999995,3862.9700000000003,1475.0899999999992,436.39,0,8,0.04425355329749966,0.09546346463990135,-0.0,0.06587301587301587,0.013343025645999788,0.006683219148921249,-0.0075184109958892605,
1b_narrow,514,0.24549079452539357,True,128,20,71.0,23.0,7,6,3.6,17,32,0.6,2.8,1.0,0.015,0.5,15.868088210499845,1.1576015437772682,0.8227916064088839,11.587903498290556,204,63,141,30.88235294117647,11655.669999999998,10068.810000000001,1586.859999999997,1178.26,0,1,16.414746976999886,1.4430107468841593,1.6419562089744102,9.348196013212648,81,29,52,35.80246913580247,5346.7300000000005,3705.26,1641.4700000000003,429.36,0,8,0.049244240930999654,0.11075268672103983,-0.0,0.0642857142857143,0.015868088210499846,0.00788007718886341,-0.002540012811723458,
1b_narrow,515,0.24549079452539357,True,128,20,71.0,23.0,7,6,3.6,17,32,0.6,2.8,1.0,0.015,0.5,15.868088210499845,1.1576015437772682,0.8227916064088839,11.587903498290556,204,63,141,30.88235294117647,11655.669999999998,10068.810000000001,1586.859999999997,1178.26,0,1,16.414746976999886,1.4430107468841593,1.6419562089744102,9.348196013212648,81,29,52,35.80246913580247,5346.7300000000005,3705.26,1641.4700000000003,429.36,0,8,0.049244240930999654,0.11075268672103983,-0.0,0.0642857142857143,0.015868088210499846,0.00788007718886341,-0.002540012811723458,
1b_narrow,516,0.24549079452539357,True,128,20,71.0,23.0,7,6,3.6,17,32,0.6,2.8,1.0,0.015,0.5,15.868088210499845,1.1576015437772682,0.8227916064088839,11.587903498290556,204,63,141,30.88235294117647,11655.669999999998,10068.810000000001,1586.859999999997,1178.26,0,1,16.414746976999886,1.4430107468841593,1.6419562089744102,9.348196013212648,81,29,52,35.80246913580247,5346.7300000000005,3705.26,1641.4700000000003,429.36,0,8,0.049244240930999654,0.11075268672103983,-0.0,0.0642857142857143,0.015868088210499846,0.00788007718886341,-0.002540012811723458,
1b_narrow,517,0.24549079452539357,True,128,20,71.0,23.0,7,6,3.6,17,32,0.6,2.8,1.0,0.015,0.5,15.868088210499845,1.1576015437772682,0.8227916064088839,11.587903498290556,204,63,141,30.88235294117647,11655.669999999998,10068.810000000001,1586.859999999997,1178.26,0,1,16.414746976999886,1.4430107468841593,1.6419562089744102,9.348196013212648,81,29,52,35.80246913580247,5346.7300000000005,3705.26,1641.4700000000003,429.36,0,8,0.049244240930999654,0.11075268672103983,-0.0,0.0642857142857143,0.015868088210499846,0.00788007718886341,-0.002540012811723458,
1b_narrow,518,0.21809786760944866,True,127,20,71.0,23.0,7,6,3.6,17,32,0.6,2.8,1.0,0.015,0.5,13.343025645999788,1.133664382978425,0.7107773284386453,11.908072906827966,207,63,144,30.434782608695652,11316.679999999998,9982.39,1334.289999999999,1172.64,0,3,14.751184432499887,1.3818538585596054,1.4862089600500537,9.967623273407686,83,29,54,34.93975903614458,5338.0599999999995,3862.9700000000003,1475.0899999999992,436.39,0,8,0.04425355329749966,0.09546346463990135,-0.0,0.06587301587301587,0.013343025645999788,0.006683219148921249,-0.0075184109958892605,
1b_narrow,519,0.21220482238948246,True,126,20,71.0,23.0,7,6,3.6,17,32,0.6,2.8,1.0,0.015,0.5,12.58950632049984,1.1260431006432556,0.6783233719823547,12.051877116271397,207,63,144,30.434782608695652,11247.199999999997,9988.25,1258.949999999997,1166.58,0,3,14.703690214499876,1.37979346079733,1.4830473885913595,9.965321447927964,83,29,54,34.93975903614458,5341.759999999999,3871.42,1470.3399999999992,435.83,0,8,0.044111070643499624,0.09494836519933247,-0.0,0.06587301587301587,0.012589506320499842,0.006302155032162782,-0.011619290679028138,
1b_narrow,520,0.14094181422845128,True,116,20,71.0,23.0,7,6,3.6,17,32,0.6,2.9,1.0,0.015,0.5,7.002592161999856,1.0699103593016452,0.41256639313237775,14.857291484012075,204,61,143,29.901960784313726,10715.730000000001,10015.54,700.1900000000005,1120.0,0,8,9.65134086749993,1.2251961118292416,1.008930906303691,9.463913470784844,87,27,60,31.03448275862069,5250.97,4285.82,965.1500000000005,447.37,0,1,0.02895402260249979,0.0562990279573104,-0.0,0.06904761904761905,0.007002592161999856,0.0034955179650822624,-0.023856965506060087,
1b_narrow,521,0.24549079452539357,True,128,20,71.0,23.0,7,6,3.6,17,32,0.6,2.8,1.0,0.015,0.5,15.868088210499845,1.1576015437772682,0.8227916064088839,11.587903498290556,204,63,141,30.88235294117647,11655.669999999998,10068.810000000001,1586.859999999997,1178.26,0,1,16.414746976999886,1.4430107468841593,1.6419562089744102,9.348196013212648,81,29,52,35.80246913580247,5346.7300000000005,3705.26,1641.4700000000003,429.36,0,8,0.049244240930999654,0.11075268672103983,-0.0,0.0642857142857143,0.015868088210499846,0.00788007718886341,-0.002540012811723458,
1b_narrow,522,0.24549079452539357,True,128,20,71.0,23.0,7,6,3.6,17,32,0.6,2.8,1.0,0.015,0.5,15.868088210499845,1.1576015437772682,0.8227916064088839,11.587903498290556,204,63,141,30.88235294117647,11655.669999999998,10068.810000000001,1586.859999999997,1178.26,0,1,16.414746976999886,1.4430107468841593,1.6419562089744102,9.348196013212648,81,29,52,35.80246913580247,5346.7300000000005,3705.26,1641.4700000000003,429.36,0,8,0.049244240930999654,0.11075268672103983,-0.0,0.0642857142857143,0.015868088210499846,0.00788007718886341,-0.002540012811723458,
1b_narrow,523,0.21809786760944866,True,127,20,71.0,23.0,7,6,3.6,17,32,0.6,2.8,1.0,0.015,0.5,13.343025645999788,1.133664382978425,0.7107773284386453,11.908072906827966,207,63,144,30.434782608695652,11316.679999999998,9982.39,1334.289999999999,1172.64,0,3,14.751184432499887,1.3818538585596054,1.4862089600500537,9.967623273407686,83,29,54,34.93975903614458,5338.0599999999995,3862.9700000000003,1475.0899999999992,436.39,0,8,0.04425355329749966,0.09546346463990135,-0.0,0.06587301587301587,0.013343025645999788,0.006683219148921249,-0.0075184109958892605,
1b_narrow,524,0.18147902612049596,True,128,20,71.0,23.0,7,6,3.6,16,32,0.5,2.8,1.0,0.015,0.5,12.996066424999809,1.1313928317579267,0.6776139732907227,12.000455125753133,200,62,138,31.0,11190.119999999997,9890.57,1299.5499999999975,1134.01,0,1,11.410139012499748,1.2513072053777126,1.2073031584810356,12.607217411145639,94,32,62,34.04255319148936,5681.21,4540.220000000001,1140.9899999999989,478.35,0,8,0.034230417037499246,0.06282680134442814,-0.0,0.0746031746031746,0.012996066424999808,0.006569641587896336,-0.009747074877502182,
1b_narrow,525,0.21809786760944866,True,127,20,71.0,25.0,7,6,3.6,17,32,0.6,2.8,1.0,0.015,0.5,13.343025645999788,1.133664382978425,0.7107773284386453,11.908072906827966,207,63,144,30.434782608695652,11316.679999999998,9982.39,1334.289999999999,1172.64,0,3,14.751184432499887,1.3818538585596054,1.4862089600500537,9.967623273407686,83,29,54,34.93975903614458,5338.0599999999995,3862.9700000000003,1475.0899999999992,436.39,0,8,0.04425355329749966,0.09546346463990135,-0.0,0.06587301587301587,0.013343025645999788,0.006683219148921249,-0.0075184109958892605,
1b_narrow,526,0.24549079452539357,True,128,20,71.0,23.0,7,6,3.6,17,32,0.6,2.8,1.0,0.015,0.5,15.868088210499845,1.1576015437772682,0.8227916064088839,11.587903498290556,204,63,141,30.88235294117647,11655.669999999998,10068.810000000001,1586.859999999997,1178.26,0,1,16.414746976999886,1.4430107468841593,1.6419562089744102,9.348196013212648,81,29,52,35.80246913580247,5346.7300000000005,3705.26,1641.4700000000003,429.36,0,8,0.049244240930999654,0.11075268672103983,-0.0,0.0642857142857143,0.015868088210499846,0.00788007718886341,-0.002540012811723458,
1b_narrow,527,0.16852757879537372,True,113,20,71.0,23.0,7,6,3.6,17,32,0.6,2.8,1.0,0.015,0.5,9.413700771499753,1.093702498474476,0.5249318327275256,12.11500049417399,213,64,149,30.046948356807512,10987.039999999999,10045.73,941.3099999999995,1176.58,0,6,9.369253886499882,1.2114656754213133,0.9843385787598483,9.32012352642201,93,29,64,31.182795698924732,5367.750000000002,4430.790000000001,936.960000000001,478.82,0,1,0.028107761659499644,0.052866418855328334,-0.0,0.07380952380952381,0.009413700771499754,0.004685124923723805,-0.00035495122420163143,
1b_narrow,528,0.24549079452539357,True,128,20,71.0,23.0,7,6,3.6,17,32,0.6,2.8,1.0,0.015,0.5,15.868088210499845,1.1576015437772682,0.8227916064088839,11.587903498290556,204,63,141,30.88235294117647,11655.669999999998,10068.810000000001,1586.859999999997,1178.26,0,1,16.414746976999886,1.4430107468841593,1.6419562089744102,9.348196013212648,81,29,52,35.80246913580247,5346.7300000000005,3705.26,1641.4700000000003,429.36,0,8,0.049244240930999654,0.11075268672103983,-0.0,0.0642857142857143,0.015868088210499846,0.00788007718886341,-0.002540012811723458,
1b_narrow,529,0.22358527832346084,True,127,18,71.0,24.0,7,6,3.6,17,32,0.6,2.8,1.0,0.015,0.5,14.318738903999675,1.1440499615711173,0.7558426329369875,11.896105634138188,204,63,141,30.88235294117647,11372.359999999997,9940.44,1431.9199999999964,1163.14,0,3,14.519165025499877,1.3747041775167168,1.466785459460744,9.967623273407686,83,29,54,34.93975903614458,5326.689999999999,3874.79,1451.8999999999987,435.04,0,8,0.043557495076499635,0.0936760443791792,-0.0,0.06587301587301587,0.014318738903999676,0.007202498078555864,-0.0010425139877894044,
1b_narrow,530,0.24549079452539357,True,128,20,71.0,23.0,7,6,3.6,17,32,0.6,2.8,1.0,0.015,0.5,15.868088210499845,1.1576015437772682,0.8227916064088839,11.587903498290556,204,63,141,30.88235294117647,11655.669999999998,10068.810000000001,1586.859999999997,1178.26,0,1,16.414746976999886,1.4430107468841593,1.6419562089744102,9.348196013212648,81,29,52,35.80246913580247,5346.7300000000005,3705.26,1641.4700000000003,429.36,0,8,0.049244240930999654,0.11075268672103983,-0.0,0.0642857142857143,0.015868088210499846,0.00788007718886341,-0.002540012811723458,
1b_narrow,531,0.16019794878304341,True,128,20,71.0,24.0,7,6,3.6,16,32,0.6,2.8,1.0,0.015,0.5,15.497529670999846,1.1552269988912711,0.8015199403450358,12.031386257698156,205,63,142,30.73170731707317,11534.259999999997,9984.41,1549.8499999999967,1180.76,0,1,10.607814601999781,1.2376086372188873,1.140432400895572,13.014557777775066,93,31,62,33.333333333333336,5525.18,4464.4,1060.7800000000007,470.43,0,8,0.031823443805999344,0.05940215930472181,-0.0,0.07380952380952381,0.015497529670999847,0.0077613499445635566,-0.028096057752764966,
1b_narrow,532,0.21809786760944866,True,127,20,71.0,23.0,7,6,3.6,17,32,0.6,2.8,1.0,0.015,0.5,13.343025645999788,1.133664382978425,0.7107773284386453,11.908072906827966,207,63,144,30.434782608695652,11316.679999999998,9982.39,1334.289999999999,1172.64,0,3,14.751184432499887,1.3818538585596054,1.4862089600500537,9.967623273407686,83,29,54,34.93975903614458,5338.0599999999995,3862.9700000000003,1475.0899999999992,436.39,0,8,0.04425355329749966,0.09546346463990135,-0.0,0.06587301587301587,0.013343025645999788,0.006683219148921249,-0.0075184109958892605,
1b_narrow,533,0.22665290151756884,True,128,20,71.0,24.0,7,6,3.6,17,32,0.5,2.8,1.0,0.015,0.5,12.960460591999801,1.1297734689402215,0.6799546189415812,11.629926315853377,199,62,137,31.155778894472363,11282.72,9986.710000000001,1296.0099999999984,1127.58,0,1,16.84910322799984,1.4414034664878232,1.669164198956773,9.348196013212648,83,30,53,36.144578313253014,5502.009999999999,3817.12,1684.8899999999994,440.83,0,8,0.050547309683999515,0.11035086662195581,-0.0,0.06587301587301587,0.012960460591999802,0.0064886734470110735,-0.019567424700413238,
1b_narrow,534,0.2211369976852021,True,128,17,71.0,23.0,7,6,3.6,17,32,0.6,2.8,1.0,0.015,0.5,12.601201383999813,1.1290247603523091,0.6811574078303757,13.251720754067033,199,61,138,30.65326633165829,11026.529999999999,9766.42,1260.1099999999988,1126.69,0,1,15.971642561499849,1.4271368207103126,1.602549396645105,9.348196013212648,82,29,53,35.36585365853659,5336.35,3739.2,1597.1500000000005,433.32,0,8,0.04791492768449954,0.10678420517757814,-0.0,0.06507936507936508,0.012601201383999814,0.0064512380176154575,-0.017693939657855935,
1b_narrow,535,0.16169638625420577,True,127,21,71.0,23.0,7,6,3.6,9,32,0.6,2.8,1.0,0.015,0.5,7.091462810999638,1.0662250851661488,0.41966706422593275,12.490026232542533,269,82,187,30.483271375464685,11417.65,10708.48,709.1700000000001,1467.16,0,3,11.39253046449996,1.2525236404261262,1.26846706710054,12.798607137281978,112,36,76,32.142857142857146,5650.56,4511.34,1139.2200000000003,582.83,0,8,0.03417759139349987,0.06313091010653155,-0.0,0.08888888888888889,0.007091462810999639,0.0033112542583074393,-0.03490372120402161,
1b_narrow,536,0.23369842373854136,True,128,20,71.0,24.0,7,6,3.7,17,32,0.6,2.8,1.0,0.015,0.5,14.05954270449978,1.1389796632485425,0.7413323287754704,11.664312867270343,205,63,142,30.73170731707317,11522.67,10116.66,1406.0100000000002,1170.36,0,1,16.414746976999886,1.4430107468841593,1.6419562089744102,9.348196013212648,81,29,52,35.80246913580247,5346.7300000000005,3705.26,1641.4700000000003,429.36,0,8,0.049244240930999654,0.11075268672103983,-0.0,0.0642857142857143,0.014059542704499781,0.006948983162427125,-0.01159274406613932,
1b_narrow,537,0.24549079452539357,True,128,20,71.0,23.0,7,6,3.6,17,32,0.6,2.8,1.0,0.015,0.5,15.868088210499845,1.1576015437772682,0.8227916064088839,11.587903498290556,204,63,141,30.88235294117647,11655.669999999998,10068.810000000001,1586.859999999997,1178.26,0,1,16.414746976999886,1.4430107468841593,1.6419562089744102,9.348196013212648,81,29,52,35.80246913580247,5346.7300000000005,3705.26,1641.4700000000003,429.36,0,8,0.049244240930999654,0.11075268672103983,-0.0,0.0642857142857143,0.015868088210499846,0.00788007718886341,-0.002540012811723458,
1b_narrow,538,0.19403146504485924,True,128,20,71.0,25.0,7,6,3.6,17,32,0.6,2.9,1.0,0.015,0.5,19.31873615249986,1.1879185687174934,0.9686691574038498,11.423288351474842,203,62,141,30.541871921182267,12212.480000000001,10280.57,1931.9100000000017,1198.59,0,1,13.047580747499943,1.3828543594739404,1.318191562907213,9.8363065662062,75,26,49,34.666666666666664,4712.74,3407.98,1304.7599999999998,387.92,0,8,0.03914274224249983,0.0957135898684851,-0.0,0.05952380952380953,0.019318736152499863,0.009395928435874668,-0.029063341178309762,
1b_narrow,539,0.18117205889018803,True,127,20,71.0,24.0,7,10,3.6,17,32,0.6,2.8,1.0,0.015,0.5,13.10467089449974,1.1352374426207852,0.7186752038009949,12.930507010290922,207,62,145,29.95169082125604,11000.359999999997,9689.919999999998,1310.4399999999987,1162.91,0,3,11.19506717599992,1.3008896175450853,1.1806898008598663,8.83694793924326,81,27,54,33.333333333333336,4840.219999999999,3720.7000000000007,1119.5199999999986,422.36,0,6,0.03358520152799976,0.07522240438627131,-0.0,0.0642857142857143,0.01310467089449974,0.00676187213103926,-0.011787804335336324,
1b_narrow,540,0.24549079452539357,True,128,20,71.0,24.0,7,6,3.6,17,32,0.6,2.8,1.0,0.015,0.5,15.868088210499845,1.1576015437772682,0.8227916064088839,11.587903498290556,204,63,141,30.88235294117647,11655.669999999998,10068.810000000001,1586.859999999997,1178.26,0,1,16.414746976999886,1.4430107468841593,1.6419562089744102,9.348196013212648,81,29,52,35.80246913580247,5346.7300000000005,3705.26,1641.4700000000003,429.36,0,8,0.049244240930999654,0.11075268672103983,-0.0,0.0642857142857143,0.015868088210499846,0.00788007718886341,-0.002540012811723458,
1b_narrow,541,0.21809786760944866,True,127,20,71.0,23.0,7,6,3.6,17,32,0.6,2.8,1.0,0.015,0.5,13.343025645999788,1.133664382978425,0.7107773284386453,11.908072906827966,207,63,144,30.434782608695652,11316.679999999998,9982.39,1334.289999999999,1172.64,0,3,14.751184432499887,1.3818538585596054,1.4862089600500537,9.967623273407686,83,29,54,34.93975903614458,5338.0599999999995,3862.9700000000003,1475.0899999999992,436.39,0,8,0.04425355329749966,0.09546346463990135,-0.0,0.06587301587301587,0.013343025645999788,0.006683219148921249,-0.0075184109958892605,
1b_narrow,542,0.24549079452539357,True,128,20,71.0,23.0,7,6,3.6,17,32,0.6,2.8,1.0,0.015,0.5,15.868088210499845,1.1576015437772682,0.8227916064088839,11.587903498290556,204,63,141,30.88235294117647,11655.669999999998,10068.810000000001,1586.859999999997,1178.26,0,1,16.414746976999886,1.4430107468841593,1.6419562089744102,9.348196013212648,81,29,52,35.80246913580247,5346.7300000000005,3705.26,1641.4700000000003,429.36,0,8,0.049244240930999654,0.11075268672103983,-0.0,0.0642857142857143,0.015868088210499846,0.00788007718886341,-0.002540012811723458,
1b_narrow,543,0.24549079452539357,True,128,20,71.0,24.0,7,6,3.6,17,32,0.6,2.8,1.0,0.015,0.5,15.868088210499845,1.1576015437772682,0.8227916064088839,11.587903498290556,204,63,141,30.88235294117647,11655.669999999998,10068.810000000001,1586.859999999997,1178.26,0,1,16.414746976999886,1.4430107468841593,1.6419562089744102,9.348196013212648,81,29,52,35.80246913580247,5346.7300000000005,3705.26,1641.4700000000003,429.36,0,8,0.049244240930999654,0.11075268672103983,-0.0,0.0642857142857143,0.015868088210499846,0.00788007718886341,-0.002540012811723458,
1b_narrow,544,0.1447672751025654,True,127,20,71.0,23.0,7,6,3.6,16,32,0.6,2.8,1.0,0.015,0.5,12.909388398499813,1.130419584305318,0.6875708830258965,12.195355193739788,208,63,145,30.28846153846154,11189.039999999999,9898.130000000001,1290.909999999998,1174.97,0,3,9.049810163999936,1.1966194123078595,0.9861524597503547,13.575116878751722,95,31,64,32.63157894736842,5507.740000000001,4602.75,904.9900000000007,476.3,0,8,0.027149430491999808,0.04915485307696488,-0.0,0.0753968253968254,0.012909388398499814,0.0065209792152658985,-0.026364201476990402,
1b_narrow,545,0.21220482238948246,True,126,20,71.0,24.0,7,6,3.6,17,32,0.6,2.8,1.0,0.015,0.5,12.58950632049984,1.1260431006432556,0.6783233719823547,12.051877116271397,207,63,144,30.434782608695652,11247.199999999997,9988.25,1258.949999999997,1166.58,0,3,14.703690214499876,1.37979346079733,1.4830473885913595,9.965321447927964,83,29,54,34.93975903614458,5341.759999999999,3871.42,1470.3399999999992,435.83,0,8,0.044111070643499624,0.09494836519933247,-0.0,0.06587301587301587,0.012589506320499842,0.006302155032162782,-0.011619290679028138,
1b_narrow,546,0.24549079452539357,True,128,20,71.0,23.0,7,6,3.6,17,32,0.6,2.8,1.0,0.015,0.5,15.868088210499845,1.1576015437772682,0.8227916064088839,11.587903498290556,204,63,141,30.88235294117647,11655.669999999998,10068.810000000001,1586.859999999997,1178.26,0,1,16.414746976999886,1.4430107468841593,1.6419562089744102,9.348196013212648,81,29,52,35.80246913580247,5346.7300000000005,3705.26,1641.4700000000003,429.36,0,8,0.049244240930999654,0.11075268672103983,-0.0,0.0642857142857143,0.015868088210499846,0.00788007718886341,-0.002540012811723458,
1b_narrow,547,-1.0022478834383335,False,127,20,71.0,24.0,13,6,3.6,17,32,1.4,2.8,1.0,0.015,0.5,-1.3487300630000574,0.9829597409355219,-0.01026294687222827,10.746632557662373,172,49,123,28.488372093023255,7782.8,7917.72,-134.92000000000007,878.27,0,2,5.6167046319999825,1.157921522866904,0.6803309818117639,12.660831523568797,69,21,48,30.434782608695652,4118.09,3556.45,561.6400000000003,334.59000000000003,0,2,,,,,,,,0.013487300630000573
1b_narrow,548,0.22665290151756884,True,128,20,71.0,23.0,7,6,3.6,17,32,0.5,2.8,1.0,0.015,0.5,12.960460591999801,1.1297734689402215,0.6799546189415812,11.629926315853377,199,62,137,31.155778894472363,11282.72,9986.710000000001,1296.0099999999984,1127.58,0,1,16.84910322799984,1.4414034664878232,1.669164198956773,9.348196013212648,83,30,53,36.144578313253014,5502.009999999999,3817.12,1684.8899999999994,440.83,0,8,0.050547309683999515,0.11035086662195581,-0.0,0.06587301587301587,0.012960460591999802,0.0064886734470110735,-0.019567424700413238,
1b_narrow,549,0.24549079452539357,True,128,20,71.0,24.0,7,6,3.6,17,32,0.6,2.8,1.0,0.015,0.5,15.868088210499845,1.1576015437772682,0.8227916064088839,11.587903498290556,204,63,141,30.88235294117647,11655.669999999998,10068.810000000001,1586.859999999997,1178.26,0,1,16.414746976999886,1.4430107468841593,1.6419562089744102,9.348196013212648,81,29,52,35.80246913580247,5346.7300000000005,3705.26,1641.4700000000003,429.36,0,8,0.049244240930999654,0.11075268672103983,-0.0,0.0642857142857143,0.015868088210499846,0.00788007718886341,-0.002540012811723458,
1b_narrow,550,0.23456211215856054,True,128,20,71.0,23.0,7,6,3.6,17,32,0.6,2.7,1.0,0.015,0.5,13.015406838999787,1.1268584996325401,0.7014739230291579,11.806773641657681,214,67,147,31.30841121495327,11561.14,10259.619999999999,1301.5200000000004,1213.06,0,1,17.316908185999875,1.4809568644442035,1.7350708203581728,9.340120284480143,81,30,51,37.03703703703704,5332.2,3600.51,1731.6899999999996,426.62,0,8,0.05195072455799962,0.12023921611105087,-0.0,0.0642857142857143,0.013015406838999788,0.006342924981627008,-0.02127187461683104,
1b_narrow,551,0.2054471975346091,True,127,20,71.0,24.0,7,6,3.6,17,42,0.6,2.8,1.0,0.015,0.5,10.878623741499723,1.1094118664625694,0.6010094914131492,11.88250467410223,210,64,146,30.476190476190474,11030.86,9942.980000000001,1087.8799999999992,1171.89,0,3,15.990504134499862,1.4215136585661605,1.5958422323468164,9.967623273407686,81,29,52,35.80246913580247,5392.640000000001,3793.59,1599.050000000001,427.64,0,8,0.04797151240349958,0.10537841464154013,-0.0,0.0642857142857143,0.010878623741499723,0.00547059332312847,-0.028537660860773098,
1b_narrow,552,0.16019794878304341,True,128,20,71.0,23.0,7,6,3.6,16,32,0.6,2.8,1.0,0.015,0.5,15.497529670999846,1.1552269988912711,0.8015199403450358,12.031386257698156,205,63,142,30.73170731707317,11534.259999999997,9984.41,1549.8499999999967,1180.76,0,1,10.607814601999781,1.2376086372188873,1.140432400895572,13.014557777775066,93,31,62,33.333333333333336,5525.18,4464.4,1060.7800000000007,470.43,0,8,0.031823443805999344,0.05940215930472181,-0.0,0.07380952380952381,0.015497529670999847,0.0077613499445635566,-0.028096057752764966,
1b_narrow,553,0.21809786760944866,True,127,20,71.0,24.0,7,6,3.6,17,32,0.6,2.8,1.0,0.015,0.5,13.343025645999788,1.133664382978425,0.7107773284386453,11.908072906827966,207,63,144,30.434782608695652,11316.679999999998,9982.39,1334.289999999999,1172.64,0,3,14.751184432499887,1.3818538585596054,1.4862089600500537,9.967623273407686,83,29,54,34.93975903614458,5338.0599999999995,3862.9700000000003,1475.0899999999992,436.39,0,8,0.04425355329749966,0.09546346463990135,-0.0,0.06587301587301587,0.013343025645999788,0.006683219148921249,-0.0075184109958892605,
1b_narrow,554,0.24549079452539357,True,128,20,71.0,23.0,7,6,3.6,17,32,0.6,2.8,1.0,0.015,0.5,15.868088210499845,1.1576015437772682,0.8227916064088839,11.587903498290556,204,63,141,30.88235294117647,11655.669999999998,10068.810000000001,1586.859999999997,1178.26,0,1,16.414746976999886,1.4430107468841593,1.6419562089744102,9.348196013212648,81,29,52,35.80246913580247,5346.7300000000005,3705.26,1641.4700000000003,429.36,0,8,0.049244240930999654,0.11075268672103983,-0.0,0.0642857142857143,0.015868088210499846,0.00788007718886341,-0.002540012811723458,
1b_narrow,555,0.24549079452539357,True,128,20,71.0,23.0,7,6,3.6,17,32,0.6,2.8,1.0,0.015,0.5,15.868088210499845,1.1576015437772682,0.8227916064088839,11.587903498290556,204,63,141,30.88235294117647,11655.669999999998,10068.810000000001,1586.859999999997,1178.26,0,1,16.414746976999886,1.4430107468841593,1.6419562089744102,9.348196013212648,81,29,52,35.80246913580247,5346.7300000000005,3705.26,1641.4700000000003,429.36,0,8,0.049244240930999654,0.11075268672103983,-0.0,0.0642857142857143,0.015868088210499846,0.00788007718886341,-0.002540012811723458,
1b_narrow,556,0.2265663540711399,True,128,20,72.0,24.0,7,6,3.7,17,32,0.5,2.8,1.0,0.015,0.5,12.948530907499809,1.129638863024259,0.6773994785079606,11.64711815333391,198,62,136,31.31313131313131,11282.72,9987.900000000001,1294.819999999998,1121.12,0,1,16.84910322799984,1.4414034664878232,1.669164198956773,9.348196013212648,83,30,53,36.144578313253014,5502.009999999999,3817.12,1684.8899999999994,440.83,0,8,0.050547309683999515,0.11035086662195581,-0.0,0.06587301587301587,0.01294853090749981,0.006481943151212955,-0.01963531216654406,
1b_narrow,557,0.21809786760944866,True,127,20,71.0,23.0,7,6,3.6,17,32,0.6,2.8,1.0,0.015,0.5,13.343025645999788,1.133664382978425,0.7107773284386453,11.908072906827966,207,63,144,30.434782608695652,11316.679999999998,9982.39,1334.289999999999,1172.64,0,3,14.751184432499887,1.3818538585596054,1.4862089600500537,9.967623273407686,83,29,54,34.93975903614458,5338.0599999999995,3862.9700000000003,1475.0899999999992,436.39,0,8,0.04425355329749966,0.09546346463990135,-0.0,0.06587301587301587,0.013343025645999788,0.006683219148921249,-0.0075184109958892605,
1b_narrow,558,0.24549079452539357,True,128,20,71.0,24.0,7,6,3.6,17,32,0.6,2.8,1.0,0.015,0.5,15.868088210499845,1.1576015437772682,0.8227916064088839,11.587903498290556,204,63,141,30.88235294117647,11655.669999999998,10068.810000000001,1586.859999999997,1178.26,0,1,16.414746976999886,1.4430107468841593,1.6419562089744102,9.348196013212648,81,29,52,35.80246913580247,5346.7300000000005,3705.26,1641.4700000000003,429.36,0,8,0.049244240930999654,0.11075268672103983,-0.0,0.0642857142857143,0.015868088210499846,0.00788007718886341,-0.002540012811723458,
1b_narrow,559,0.21809786760944866,True,127,20,71.0,23.0,7,6,3.6,17,32,0.6,2.8,1.0,0.015,0.5,13.343025645999788,1.133664382978425,0.7107773284386453,11.908072906827966,207,63,144,30.434782608695652,11316.679999999998,9982.39,1334.289999999999,1172.64,0,3,14.751184432499887,1.3818538585596054,1.4862089600500537,9.967623273407686,83,29,54,34.93975903614458,5338.0599999999995,3862.9700000000003,1475.0899999999992,436.39,0,8,0.04425355329749966,0.09546346463990135,-0.0,0.06587301587301587,0.013343025645999788,0.006683219148921249,-0.0075184109958892605,
1b_narrow,560,0.16297250994643128,True,115,20,71.0,24.0,7,6,3.6,17,32,0.6,2.8,1.0,0.015,0.5,8.837745020499806,1.0875898808196438,0.4999619148206261,12.744214749089863,214,66,148,30.8411214953271,10973.51,10089.75,883.7600000000002,1175.06,0,8,10.096301863499866,1.2288589128379959,1.0509097386285629,9.39359649244532,91,29,62,31.86813186813187,5421.320000000001,4411.669999999999,1009.6500000000015,470.99,0,1,0.030288905590499595,0.057214728209498966,-0.0,0.07222222222222223,0.008837745020499806,0.00437949404098219,-0.009970585137271504,
1b_narrow,561,0.24573927870504986,True,128,20,72.0,23.0,7,6,3.6,17,32,0.6,2.8,1.0,0.015,0.5,15.908203449499853,1.1579826475194215,0.8228976635871448,11.552076728140943,203,63,140,31.03448275862069,11660.919999999998,10070.029999999999,1590.8899999999994,1172.03,0,1,16.414746976999886,1.4430107468841593,1.6419562089744102,9.348196013212648,81,29,52,35.80246913580247,5346.7300000000005,3705.26,1641.4700000000003,429.36,0,8,0.049244240930999654,0.11075268672103983,-0.0,0.0642857142857143,0.015908203449499853,0.007899132375971075,-0.0023506990581748416,
1b_narrow,562,0.24573927870504986,True,128,20,72.0,24.0,7,6,3.6,17,32,0.6,2.8,1.0,0.015,0.5,15.908203449499853,1.1579826475194215,0.8228976635871448,11.552076728140943,203,63,140,31.03448275862069,11660.919999999998,10070.029999999999,1590.8899999999994,1172.03,0,1,16.414746976999886,1.4430107468841593,1.6419562089744102,9.348196013212648,81,29,52,35.80246913580247,5346.7300000000005,3705.26,1641.4700000000003,429.36,0,8,0.049244240930999654,0.11075268672103983,-0.0,0.0642857142857143,0.015908203449499853,0.007899132375971075,-0.0023506990581748416,
1b_narrow,563,0.14540925083428027,True,123,20,72.0,24.0,7,6,3.6,16,32,0.6,3.1,1.0,0.015,0.5,6.857620506499716,1.070406497386876,0.39900805979657544,16.388256445887514,189,51,138,26.984126984126984,10425.010000000002,9739.3,685.7100000000028,1050.28,0,5,11.869018742499957,1.3106427416104396,1.2118814131585438,9.752358435915063,78,24,54,30.76923076923077,5007.7300000000005,3820.8200000000006,1186.9099999999999,403.65,0,6,0.03560705622749987,0.0776606854026099,-0.0,0.06190476190476191,0.006857620506499716,0.0035203248693438053,-0.04014119807643491,
1b_narrow,564,0.24573927870504986,True,128,20,72.0,24.0,7,6,3.6,17,32,0.6,2.8,1.0,0.015,0.5,15.908203449499853,1.1579826475194215,0.8228976635871448,11.552076728140943,203,63,140,31.03448275862069,11660.919999999998,10070.029999999999,1590.8899999999994,1172.03,0,1,16.414746976999886,1.4430107468841593,1.6419562089744102,9.348196013212648,81,29,52,35.80246913580247,5346.7300000000005,3705.26,1641.4700000000003,429.36,0,8,0.049244240930999654,0.11075268672103983,-0.0,0.0642857142857143,0.015908203449499853,0.007899132375971075,-0.0023506990581748416,
1b_narrow,565,0.21825396204693362,True,127,20,72.0,24.0,7,6,3.6,17,32,0.6,2.8,1.0,0.015,0.5,13.36500328999977,1.1338841634017898,0.7104526530302729,11.88615249263531,206,63,143,30.58252427184466,11319.009999999998,9982.509999999998,1336.5,1166.33,0,3,14.751184432499887,1.3818538585596054,1.4862089600500537,9.967623273407686,83,29,54,34.93975903614458,5338.0599999999995,3862.9700000000003,1475.0899999999992,436.39,0,8,0.04425355329749966,0.09546346463990135,-0.0,0.06587301587301587,0.01336500328999977,0.006694208170089489,-0.007395283223572528,
1b_narrow,566,0.2265663540711399,True,128,20,72.0,24.0,7,6,3.6,17,32,0.5,2.8,1.0,0.015,0.5,12.948530907499809,1.129638863024259,0.6773994785079606,11.64711815333391,198,62,136,31.31313131313131,11282.72,9987.900000000001,1294.819999999998,1121.12,0,1,16.84910322799984,1.4414034664878232,1.669164198956773,9.348196013212648,83,30,53,36.144578313253014,5502.009999999999,3817.12,1684.8899999999994,440.83,0,8,0.050547309683999515,0.11035086662195581,-0.0,0.06587301587301587,0.01294853090749981,0.006481943151212955,-0.01963531216654406,
1b_narrow,567,0.23589546210811102,True,129,20,72.0,24.0,7,6,3.6,17,32,0.6,2.8,1.0,0.015,0.5,15.658887352999844,1.1560750849160406,0.8119355373237328,12.47229672406194,204,63,141,30.88235294117647,11599.409999999998,10033.439999999999,1565.9699999999993,1174.15,0,2,15.40247142349992,1.4127118530526936,1.5511831067595665,9.492523496730945,81,28,53,34.5679012345679,5272.17,3731.95,1540.2200000000003,426.89,0,8,0.04620741427049976,0.10317796326317341,-0.0,0.0642857142857143,0.015658887352999844,0.007803754245802031,-0.0012382713100783074,
1b_narrow,568,0.24573927870504986,True,128,20,72.0,24.0,7,6,3.6,17,32,0.6,2.8,1.0,0.015,0.5,15.908203449499853,1.1579826475194215,0.8228976635871448,11.552076728140943,203,63,140,31.03448275862069,11660.919999999998,10070.029999999999,1590.8899999999994,1172.03,0,1,16.414746976999886,1.4430107468841593,1.6419562089744102,9.348196013212648,81,29,52,35.80246913580247,5346.7300000000005,3705.26,1641.4700000000003,429.36,0,8,0.049244240930999654,0.11075268672103983,-0.0,0.0642857142857143,0.015908203449499853,0.007899132375971075,-0.0023506990581748416,
1b_narrow,569,0.24573927870504986,True,128,20,72.0,25.0,7,6,3.6,17,32,0.6,2.8,1.0,0.015,0.5,15.908203449499853,1.1579826475194215,0.8228976635871448,11.552076728140943,203,63,140,31.03448275862069,11660.919999999998,10070.029999999999,1590.8899999999994,1172.03,0,1,16.414746976999886,1.4430107468841593,1.6419562089744102,9.348196013212648,81,29,52,35.80246913580247,5346.7300000000005,3705.26,1641.4700000000003,429.36,0,8,0.049244240930999654,0.11075268672103983,-0.0,0.0642857142857143,0.015908203449499853,0.007899132375971075,-0.0023506990581748416,
1b_narrow,570,0.20598767519864714,True,127,20,72.0,24.0,7,5,3.6,17,32,0.6,2.8,1.0,0.015,0.5,11.804745304499756,1.117697733268723,0.6391379723067556,11.803027573536177,207,63,144,30.434782608695652,11209.859999999997,10029.42,1180.4399999999969,1158.73,0,3,14.603045114999896,1.3780425293962315,1.4737590820025828,9.967623273407686,83,29,54,34.93975903614458,5323.0199999999995,3862.7400000000002,1460.2799999999993,436.32,0,9,0.04380913534499969,0.09451063234905788,-0.0,0.06587301587301587,0.011804745304499757,0.005884886663436151,-0.015894740336362224,
1b_narrow,571,0.24573927870504986,True,128,20,72.0,25.0,7,6,3.6,17,32,0.6,2.8,1.0,0.015,0.5,15.908203449499853,1.1579826475194215,0.8228976635871448,11.552076728140943,203,63,140,31.03448275862069,11660.919999999998,10070.029999999999,1590.8899999999994,1172.03,0,1,16.414746976999886,1.4430107468841593,1.6419562089744102,9.348196013212648,81,29,52,35.80246913580247,5346.7300000000005,3705.26,1641.4700000000003,429.36,0,8,0.049244240930999654,0.11075268672103983,-0.0,0.0642857142857143,0.015908203449499853,0.007899132375971075,-0.0023506990581748416,
1b_narrow,572,0.23589546210811102,True,129,20,72.0,25.0,7,6,3.6,17,32,0.6,2.8,1.0,0.015,0.5,15.658887352999844,1.1560750849160406,0.8119355373237328,12.47229672406194,204,63,141,30.88235294117647,11599.409999999998,10033.439999999999,1565.9699999999993,1174.15,0,2,15.40247142349992,1.4127118530526936,1.5511831067595665,9.492523496730945,81,28,53,34.5679012345679,5272.17,3731.95,1540.2200000000003,426.89,0,8,0.04620741427049976,0.10317796326317341,-0.0,0.0642857142857143,0.015658887352999844,0.007803754245802031,-0.0012382713100783074,
1b_narrow,573,0.1778468865406562,True,128,20,72.0,25.0,7,7,3.6,12,32,0.6,2.8,1.0,0.015,0.5,8.82685285849975,1.0899137484044932,0.5049062857859538,13.817287574959058,222,67,155,30.18018018018018,10699.28,9816.630000000001,882.6499999999996,1241.34,0,1,13.31177192849991,1.3056204798530593,1.4281314310282902,11.659508045988716,99,33,66,33.333333333333336,5686.63,4355.5,1331.13,510.53,0,7,0.03993531578549973,0.07640511996326482,-0.0,0.07857142857142857,0.008826852858499752,0.004495687420224659,-0.03038751805826133,
1b_narrow,574,0.21825396204693362,True,127,20,72.0,25.0,7,6,3.6,17,32,0.6,2.8,1.0,0.015,0.5,13.36500328999977,1.1338841634017898,0.7104526530302729,11.88615249263531,206,63,143,30.58252427184466,11319.009999999998,9982.509999999998,1336.5,1166.33,0,3,14.751184432499887,1.3818538585596054,1.4862089600500537,9.967623273407686,83,29,54,34.93975903614458,5338.0599999999995,3862.9700000000003,1475.0899999999992,436.39,0,8,0.04425355329749966,0.09546346463990135,-0.0,0.06587301587301587,0.01336500328999977,0.006694208170089489,-0.007395283223572528,
1b_narrow,575,0.2265663540711399,True,128,20,72.0,25.0,7,6,3.6,17,32,0.5,2.8,1.0,0.015,0.5,12.948530907499809,1.129638863024259,0.6773994785079606,11.64711815333391,198,62,136,31.31313131313131,11282.72,9987.900000000001,1294.819999999998,1121.12,0,1,16.84910322799984,1.4414034664878232,1.669164198956773,9.348196013212648,83,30,53,36.144578313253014,5502.009999999999,3817.12,1684.8899999999994,440.83,0,8,0.050547309683999515,0.11035086662195581,-0.0,0.06587301587301587,0.01294853090749981,0.006481943151212955,-0.01963531216654406,
1b_narrow,576,0.21825396204693362,True,127,20,72.0,25.0,7,6,3.6,17,32,0.6,2.8,1.0,0.015,0.5,13.36500328999977,1.1338841634017898,0.7104526530302729,11.88615249263531,206,63,143,30.58252427184466,11319.009999999998,9982.509999999998,1336.5,1166.33,0,3,14.751184432499887,1.3818538585596054,1.4862089600500537,9.967623273407686,83,29,54,34.93975903614458,5338.0599999999995,3862.9700000000003,1475.0899999999992,436.39,0,8,0.04425355329749966,0.09546346463990135,-0.0,0.06587301587301587,0.01336500328999977,0.006694208170089489,-0.007395283223572528,
1b_narrow,577,0.060473754017389185,True,126,20,72.0,25.0,7,6,3.6,16,32,0.6,3.0,1.0,0.015,0.5,12.148463600499799,1.1215766567695307,0.6427209503966593,14.516117861853644,194,56,138,28.8659793814433,11207.68,9992.79,1214.8899999999994,1114.71,0,3,4.591872142999855,1.1053584251180908,0.5369125966872355,14.041007455091483,88,26,62,29.545454545454547,4818.18,4358.93,459.25,432.3,0,8,0.013775616428999566,0.026339606279522698,-0.0,0.06984126984126984,0.0121484636004998,0.006078832838476534,-0.06771003497137926,
1b_narrow,578,0.23589546210811102,True,129,20,72.0,24.0,7,6,3.6,17,32,0.6,2.8,1.0,0.015,0.5,15.658887352999844,1.1560750849160406,0.8119355373237328,12.47229672406194,204,63,141,30.88235294117647,11599.409999999998,10033.439999999999,1565.9699999999993,1174.15,0,2,15.40247142349992,1.4127118530526936,1.5511831067595665,9.492523496730945,81,28,53,34.5679012345679,5272.17,3731.95,1540.2200000000003,426.89,0,8,0.04620741427049976,0.10317796326317341,-0.0,0.0642857142857143,0.015658887352999844,0.007803754245802031,-0.0012382713100783074,
1b_narrow,579,0.23589546210811102,True,129,20,72.0,24.0,7,6,3.6,17,32,0.6,2.8,1.0,0.015,0.5,15.658887352999844,1.1560750849160406,0.8119355373237328,12.47229672406194,204,63,141,30.88235294117647,11599.409999999998,10033.439999999999,1565.9699999999993,1174.15,0,2,15.40247142349992,1.4127118530526936,1.5511831067595665,9.492523496730945,81,28,53,34.5679012345679,5272.17,3731.95,1540.2200000000003,426.89,0,8,0.04620741427049976,0.10317796326317341,-0.0,0.0642857142857143,0.015658887352999844,0.007803754245802031,-0.0012382713100783074,
1b_narrow,580,0.24573927870504986,True,128,20,72.0,25.0,7,6,3.6,17,32,0.6,2.8,1.0,0.015,0.5,15.908203449499853,1.1579826475194215,0.8228976635871448,11.552076728140943,203,63,140,31.03448275862069,11660.919999999998,10070.029999999999,1590.8899999999994,1172.03,0,1,16.414746976999886,1.4430107468841593,1.6419562089744102,9.348196013212648,81,29,52,35.80246913580247,5346.7300000000005,3705.26,1641.4700000000003,429.36,0,8,0.049244240930999654,0.11075268672103983,-0.0,0.0642857142857143,0.015908203449499853,0.007899132375971075,-0.0023506990581748416,
1b_narrow,581,0.19389781455619823,True,128,20,72.0,25.0,7,6,3.6,17,32,0.6,2.9,1.0,0.015,0.5,19.378765850999844,1.188522676420803,0.9690997681214404,11.405952507290646,202,62,140,30.693069306930692,12217.300000000001,10279.4,1937.9000000000015,1192.16,0,1,13.047580747499943,1.3828543594739404,1.318191562907213,9.8363065662062,75,26,49,34.666666666666664,4712.74,3407.98,1304.7599999999998,387.92,0,8,0.03914274224249983,0.0957135898684851,-0.0,0.05952380952380953,0.019378765850999846,0.00942613382104015,-0.02928722675063623,
1b_narrow,582,0.21825396204693362,True,127,20,72.0,25.0,7,6,3.6,17,32,0.6,2.8,1.0,0.015,0.5,13.36500328999977,1.1338841634017898,0.7104526530302729,11.88615249263531,206,63,143,30.58252427184466,11319.009999999998,9982.509999999998,1336.5,1166.33,0,3,14.751184432499887,1.3818538585596054,1.4862089600500537,9.967623273407686,83,29,54,34.93975903614458,5338.0599999999995,3862.9700000000003,1475.0899999999992,436.39,0,8,0.04425355329749966,0.09546346463990135,-0.0,0.06587301587301587,0.01336500328999977,0.006694208170089489,-0.007395283223572528,
1b_narrow,583,0.24573927870504986,True,128,20,72.0,25.0,7,6,3.6,17,32,0.6,2.8,1.0,0.015,0.5,15.908203449499853,1.1579826475194215,0.8228976635871448,11.552076728140943,203,63,140,31.03448275862069,11660.919999999998,10070.029999999999,1590.8899999999994,1172.03,0,1,16.414746976999886,1.4430107468841593,1.6419562089744102,9.348196013212648,81,29,52,35.80246913580247,5346.7300000000005,3705.26,1641.4700000000003,429.36,0,8,0.049244240930999654,0.11075268672103983,-0.0,0.0642857142857143,0.015908203449499853,0.007899132375971075,-0.0023506990581748416,
1b_narrow,584,0.15438824176188262,True,129,20,72.0,25.0,7,6,3.7,16,32,0.5,2.8,1.0,0.015,0.5,14.203034762499719,1.1445293459800325,0.7293620997452764,12.61599944815802,197,62,135,31.472081218274113,11247.369999999999,9827.07,1420.2999999999993,1122.73,0,2,9.946876480999908,1.2166285909668035,1.0714662836089073,13.167540813801004,95,31,64,32.63157894736842,5586.43,4591.73,994.7000000000007,478.39,0,8,0.029840629442999724,0.054157147741700884,-0.0,0.0753968253968254,0.01420303476249972,0.007226467299001627,-0.026435862881144735,
1b_narrow,585,0.24573927870504986,True,128,20,72.0,25.0,7,6,3.6,17,32,0.6,2.8,1.0,0.015,0.5,15.908203449499853,1.1579826475194215,0.8228976635871448,11.552076728140943,203,63,140,31.03448275862069,11660.919999999998,10070.029999999999,1590.8899999999994,1172.03,0,1,16.414746976999886,1.4430107468841593,1.6419562089744102,9.348196013212648,81,29,52,35.80246913580247,5346.7300000000005,3705.26,1641.4700000000003,429.36,0,8,0.049244240930999654,0.11075268672103983,-0.0,0.0642857142857143,0.015908203449499853,0.007899132375971075,-0.0023506990581748416,
1b_narrow,586,0.19667268116202266,True,127,20,72.0,25.0,7,5,3.6,17,32,0.6,2.7,1.0,0.015,0.5,9.819038198999696,1.0957899748483388,0.5526762511353283,12.262299027712514,218,68,150,31.192660550458715,11231.65,10249.82,981.8299999999999,1206.29,0,3,15.541998356999883,1.4136562645551933,1.5683465994701469,9.961207029529477,83,30,53,36.144578313253014,5311.46,3757.25,1554.21,433.41,0,9,0.04662599507099965,0.10341406613879833,-0.0,0.06587301587301587,0.009819038198999696,0.004789498742416943,-0.033848932862207824,
1b_narrow,587,0.24573927870504986,True,128,20,72.0,25.0,7,6,3.6,17,32,0.6,2.8,1.0,0.015,0.5,15.908203449499853,1.1579826475194215,0.8228976635871448,11.552076728140943,203,63,140,31.03448275862069,11660.919999999998,10070.029999999999,1590.8899999999994,1172.03,0,1,16.414746976999886,1.4430107468841593,1.6419562089744102,9.348196013212648,81,29,52,35.80246913580247,5346.7300000000005,3705.26,1641.4700000000003,429.36,0,8,0.049244240930999654,0.11075268672103983,-0.0,0.0642857142857143,0.015908203449499853,0.007899132375971075,-0.0023506990581748416,
1b_narrow,588,0.23589546210811102,True,129,20,72.0,25.0,7,6,3.6,17,32,0.6,2.8,1.0,0.015,0.5,15.658887352999844,1.1560750849160406,0.8119355373237328,12.47229672406194,204,63,141,30.88235294117647,11599.409999999998,10033.439999999999,1565.9699999999993,1174.15,0,2,15.40247142349992,1.4127118530526936,1.5511831067595665,9.492523496730945,81,28,53,34.5679012345679,5272.17,3731.95,1540.2200000000003,426.89,0,8,0.04620741427049976,0.10317796326317341,-0.0,0.0642857142857143,0.015658887352999844,0.007803754245802031,-0.0012382713100783074,
1b_narrow,589,0.24573927870504986,True,128,20,72.0,25.0,7,6,3.6,17,32,0.6,2.8,1.0,0.015,0.5,15.908203449499853,1.1579826475194215,0.8228976635871448,11.552076728140943,203,63,140,31.03448275862069,11660.919999999998,10070.029999999999,1590.8899999999994,1172.03,0,1,16.414746976999886,1.4430107468841593,1.6419562089744102,9.348196013212648,81,29,52,35.80246913580247,5346.7300000000005,3705.26,1641.4700000000003,429.36,0,8,0.049244240930999654,0.11075268672103983,-0.0,0.0642857142857143,0.015908203449499853,0.007899132375971075,-0.0023506990581748416,
1b_narrow,590,0.1423879633926669,True,128,20,72.0,25.0,7,6,3.6,17,32,1.3,2.8,1.0,0.015,0.5,6.488703834999761,1.0688041044914616,0.3972688953587086,10.233822207755608,194,59,135,30.412371134020617,10078.470000000001,9429.67,648.8000000000011,1031.46,0,1,12.491328274999905,1.3442994363518592,1.3641376550892343,12.645879312626343,71,24,47,33.80281690140845,4877.32,3628.150000000001,1249.1699999999987,355.2,0,4,0.037473984824999716,0.0860748590879648,-0.0,0.05634920634920635,0.006488703834999761,0.003440205224573079,-0.04743899592907682,
1b_narrow,591,0.21525762172756233,True,127,21,72.0,25.0,7,6,3.6,17,32,0.6,2.8,1.0,0.015,0.5,12.948148312499836,1.1296681661412493,0.692272440516477,11.847803846769626,207,63,144,30.434782608695652,11280.549999999997,9985.720000000001,1294.8299999999963,1168.02,0,3,14.751184432499887,1.3818538585596054,1.4862089600500537,9.967623273407686,83,29,54,34.93975903614458,5338.0599999999995,3862.9700000000003,1475.0899999999992,436.39,0,8,0.04425355329749966,0.09546346463990135,-0.0,0.06587301587301587,0.012948148312499836,0.006483408307062466,-0.009763968702416857,
1b_narrow,592,0.23589546210811102,True,129,20,72.0,25.0,7,6,3.6,17,32,0.6,2.8,1.0,0.015,0.5,15.658887352999844,1.1560750849160406,0.8119355373237328,12.47229672406194,204,63,141,30.88235294117647,11599.409999999998,10033.439999999999,1565.9699999999993,1174.15,0,2,15.40247142349992,1.4127118530526936,1.5511831067595665,9.492523496730945,81,28,53,34.5679012345679,5272.17,3731.95,1540.2200000000003,426.89,0,8,0.04620741427049976,0.10317796326317341,-0.0,0.0642857142857143,0.015658887352999844,0.007803754245802031,-0.0012382713100783074,
1b_narrow,593,0.16450797164797623,True,108,20,72.0,25.0,7,6,3.6,17,32,0.6,2.8,1.0,0.015,0.5,8.146545853999832,1.0791630185826353,0.4607191761301461,13.899009819365451,213,63,150,29.577464788732396,11105.439999999999,10290.79,814.6499999999978,1163.89,0,5,12.283848023999836,1.282123950713687,1.250388843734263,9.061115218327505,95,31,64,32.63157894736842,5582.5599999999995,4354.15,1228.4099999999999,492.06,0,1,0.036851544071999504,0.07053098767842175,-0.0,0.0753968253968254,0.008146545853999832,0.003958150929131765,-0.03037608228240202,
1b_narrow,594,0.16007488253696286,True,128,20,72.0,25.0,7,6,3.6,16,32,0.6,2.8,1.0,0.015,0.5,15.537435643499848,1.1556888387462647,0.8017738987728715,11.995595408766228,204,63,141,30.88235294117647,11534.259999999997,9980.420000000002,1553.8399999999947,1174.08,0,1,10.607814601999781,1.2376086372188873,1.140432400895572,13.014557777775066,93,31,62,33.333333333333336,5525.18,4464.4,1060.7800000000007,470.43,0,8,0.031823443805999344,0.05940215930472181,-0.0,0.07380952380952381,0.015537435643499848,0.007784441937313236,-0.02828212196409518,
1b_narrow,595,0.21825396204693362,True,127,20,72.0,25.0,7,6,3.6,17,32,0.6,2.8,1.0,0.015,0.5,13.36500328999977,1.1338841634017898,0.7104526530302729,11.88615249263531,206,63,143,30.58252427184466,11319.009999999998,9982.509999999998,1336.5,1166.33,0,3,14.751184432499887,1.3818538585596054,1.4862089600500537,9.967623273407686,83,29,54,34.93975903614458,5338.0599999999995,3862.9700000000003,1475.0899999999992,436.39,0,8,0.04425355329749966,0.09546346463990135,-0.0,0.06587301587301587,0.01336500328999977,0.006694208170089489,-0.007395283223572528,
1b_narrow,596,0.24573927870504986,True,128,20,72.0,25.0,7,6,3.6,17,32,0.6,2.8,1.0,0.015,0.5,15.908203449499853,1.1579826475194215,0.8228976635871448,11.552076728140943,203,63,140,31.03448275862069,11660.919999999998,10070.029999999999,1590.8899999999994,1172.03,0,1,16.414746976999886,1.4430107468841593,1.6419562089744102,9.348196013212648,81,29,52,35.80246913580247,5346.7300000000005,3705.26,1641.4700000000003,429.36,0,8,0.049244240930999654,0.11075268672103983,-0.0,0.0642857142857143,0.015908203449499853,0.007899132375971075,-0.0023506990581748416,
1b_narrow,597,0.22199497148632316,True,128,20,72.0,25.0,7,7,3.6,17,32,0.5,2.8,1.0,0.015,0.5,12.291053409999787,1.1233460856021131,0.648937420426546,12.326020303576527,197,61,136,30.96446700507614,11193.289999999999,9964.24,1229.0499999999993,1115.96,0,1,16.898186246499826,1.4425781679701208,1.6736315496464784,9.348196013212648,83,30,53,36.144578313253014,5507.849999999999,3818.06,1689.7899999999995,440.91,0,7,0.05069455873949947,0.11064454199253021,-0.0,0.06587301587301587,0.012291053409999787,0.006167304280105657,-0.02367550280882785,
1b_narrow,598,0.23589546210811102,True,129,20,72.0,25.0,7,6,3.6,17,32,0.6,2.8,1.0,0.015,0.5,15.658887352999844,1.1560750849160406,0.8119355373237328,12.47229672406194,204,63,141,30.88235294117647,11599.409999999998,10033.439999999999,1565.9699999999993,1174.15,0,2,15.40247142349992,1.4127118530526936,1.5511831067595665,9.492523496730945,81,28,53,34.5679012345679,5272.17,3731.95,1540.2200000000003,426.89,0,8,0.04620741427049976,0.10317796326317341,-0.0,0.0642857142857143,0.015658887352999844,0.007803754245802031,-0.0012382713100783074,
1b_narrow,599,0.24573927870504986,True,128,20,72.0,25.0,7,6,3.6,17,32,0.6,2.8,1.0,0.015,0.5,15.908203449499853,1.1579826475194215,0.8228976635871448,11.552076728140943,203,63,140,31.03448275862069,11660.919999999998,10070.029999999999,1590.8899999999994,1172.03,0,1,16.414746976999886,1.4430107468841593,1.6419562089744102,9.348196013212648,81,29,52,35.80246913580247,5346.7300000000005,3705.26,1641.4700000000003,429.36,0,8,0.049244240930999654,0.11075268672103983,-0.0,0.0642857142857143,0.015908203449499853,0.007899132375971075,-0.0023506990581748416,
1b_narrow,600,0.25269026823458757,True,128,20,72.0,25.0,7,6,3.6,17,38,0.6,2.8,1.0,0.015,0.5,16.512500486499828,1.1650677886302225,0.8514611548984582,11.572526655344182,201,63,138,31.34328358208955,11655.209999999997,10003.89,1651.319999999998,1163.84,0,1,17.042511409499873,1.4626962924350038,1.695790351739936,9.348196013212648,80,29,51,36.25,5387.52,3683.2799999999997,1704.2400000000007,424.34,0,8,0.05112753422849962,0.11567407310875094,-0.0,0.06349206349206349,0.01651250048649983,0.008253389431511127,-0.002369292512737409,
1b_narrow,601,0.242100117942332,True,129,20,72.0,25.0,7,6,3.6,17,39,0.6,2.8,1.0,0.015,0.5,16.120527777499866,1.1613011348059863,0.8337519797783712,12.487911225382971,203,63,140,31.03448275862069,11606.809999999998,9994.66,1612.1499999999978,1171.48,0,2,15.937604185999898,1.4298622274487804,1.5985371845591914,9.492523496730945,80,28,52,35.0,5301.3,3707.56,1593.7400000000002,421.31,0,8,0.04781281255799969,0.10746555686219511,-0.0,0.06349206349206349,0.016120527777499866,0.008065056740299314,-0.0008558994877254767,
1b_narrow,602,0.1197600240948836,True,127,20,72.0,25.0,7,6,3.6,14,44,0.6,2.8,1.0,0.015,0.5,4.618427949999786,1.046980295862141,0.3009071569013577,14.041708172332381,218,66,152,30.275229357798164,10292.789999999999,9830.93,461.85999999999876,1180.74,0,3,12.085868473499922,1.2727748726548056,1.2774053184213663,13.506565025146783,95,32,63,33.68421052631579,5639.5,4430.870000000001,1208.6299999999992,479.07,0,8,0.036257605420499765,0.0681937181637014,-0.0,0.0753968253968254,0.004618427949999786,0.002349014793107052,-0.06705556762924982,
1b_narrow,603,0.24255020525089818,True,128,20,72.0,25.0,7,6,3.6,17,43,0.6,2.8,1.0,0.015,0.5,15.283455751499787,1.1526083726725933,0.7964009619863628,11.62319465503232,202,63,139,31.18811881188119,11543.88,10015.44,1528.4399999999987,1156.13,0,1,16.804497143499884,1.4545390611898232,1.6675741860456406,9.348196013212648,79,29,50,36.70886075949367,5377.46,3697.02,1680.44,418.87,0,8,0.05041349143049965,0.11363476529745581,-0.0,0.0626984126984127,0.015283455751499787,0.007630418633629666,-0.007110338560599436,
1b_narrow,604,0.19748462685661872,True,126,20,72.0,25.0,7,6,3.6,17,41,0.6,2.8,1.0,0.015,0.5,10.481591269999772,1.1055021399783387,0.5826269005796552,12.100337259714443,208,64,144,30.76923076923077,10982.810000000001,9934.68,1048.130000000001,1154.52,0,3,15.210993940499865,1.3945082619870781,1.5264110237383226,9.965321447927964,82,29,53,35.36585365853659,5376.679999999999,3855.6100000000006,1521.0699999999988,430.79,0,8,0.045632981821499594,0.09862706549676953,-0.0,0.06507936507936508,0.010481591269999773,0.005275106998916934,-0.027611483809932193,
1b_narrow,605,0.2103917212962797,True,128,20,72.0,25.0,7,6,3.6,17,32,0.5,2.7,1.0,0.015,0.5,10.01307859599976,1.0982575627468782,0.5508014304826098,11.78028209555622,209,66,143,31.57894736842105,11190.970000000003,10189.75,1001.220000000003,1161.53,0,1,17.454603296999885,1.4682927221897284,1.7349968094077848,9.340120284480143,84,31,53,36.904761904761905,5472.65,3727.2200000000003,1745.4299999999994,443.39,0,8,0.05236380989099965,0.1170731805474321,-0.0,0.06666666666666667,0.01001307859599976,0.004912878137343913,-0.04063789254216238,
1b_narrow,606,0.20926397618796078,True,125,20,72.0,25.0,7,6,3.6,17,38,0.6,2.8,1.0,0.015,0.5,12.412840124499853,1.122837260668722,0.6652765151404312,11.992052954070557,208,66,142,31.73076923076923,11346.539999999999,10105.240000000002,1241.2999999999975,1173.28,0,3,14.237023092999898,1.3695707477130423,1.4442649196216089,9.869556895772122,83,29,54,34.93975903614458,5275.969999999999,3852.28,1423.6899999999991,434.11,0,8,0.042711069278999696,0.09239268692826058,-0.0,0.06587301587301587,0.012412840124499855,0.006141863033436102,-0.010267499050251339,
1b_narrow,607,0.1472650311690646,True,127,20,72.0,25.0,12,6,3.6,16,36,0.6,2.8,1.0,0.015,0.5,7.346727793999672,1.076049559060986,0.4335840052597102,13.844712749116622,205,60,145,29.26829268292683,10395.929999999998,9661.2,734.7299999999977,1131.95,0,3,9.012153863499934,1.1958135249997828,0.9827627865672109,13.575116878751722,95,31,64,32.63157894736842,5503.660000000001,4602.4400000000005,901.2200000000003,476.36,0,8,0.027036461590499803,0.04895338124994569,-0.0,0.0753968253968254,0.007346727793999672,0.0038024779530492995,-0.015270842815255288,
1b_narrow,608,0.15815318475933757,True,109,20,72.0,25.0,7,6,3.6,17,38,0.6,2.8,1.0,0.015,0.5,7.273116861499875,1.0714901446964777,0.42379859186626906,12.837072229875343,212,63,149,29.71698113207547,10901.030000000002,10173.71,727.3200000000033,1149.99,0,6,12.97336091399984,1.2977055093934367,1.3138780769496743,9.037211401524686,96,32,64,33.333333333333336,5655.18,4357.83,1297.3500000000004,498.75,0,1,0.03892008274199952,0.07442637734835916,-0.0,0.0761904761904762,0.0072731168614998745,0.003574507234823887,-0.04223137561782107,
1b_narrow,609,0.23589546210811102,True,129,20,72.0,25.0,7,6,3.6,17,32,0.6,2.8,1.0,0.015,0.5,15.658887352999844,1.1560750849160406,0.8119355373237328,12.47229672406194,204,63,141,30.88235294117647,11599.409999999998,10033.439999999999,1565.9699999999993,1174.15,0,2,15.40247142349992,1.4127118530526936,1.5511831067595665,9.492523496730945,81,28,53,34.5679012345679,5272.17,3731.95,1540.2200000000003,426.89,0,8,0.04620741427049976,0.10317796326317341,-0.0,0.0642857142857143,0.015658887352999844,0.007803754245802031,-0.0012382713100783074,
1b_narrow,610,0.2513019818235539,True,128,20,72.0,25.0,7,6,3.6,17,37,0.6,2.8,1.0,0.015,0.5,16.512500486499828,1.1650677886302225,0.8514611548984582,11.572526655344182,201,63,138,31.34328358208955,11655.209999999997,10003.89,1651.319999999998,1163.84,0,1,16.78346388299988,1.4524827589925537,1.6727689776155166,9.348196013212648,81,29,52,35.80246913580247,5387.52,3709.18,1678.3400000000006,430.07,0,8,0.05035039164899964,0.11312068974813844,-0.0,0.0642857142857143,0.01651250048649983,0.008253389431511127,-0.001220703777309403,
1b_narrow,611,0.2515952535662929,True,128,20,72.0,25.0,7,6,3.6,17,40,0.6,2.8,1.0,0.015,0.5,16.334915550999796,1.1629328410089457,0.8436262000718646,11.570320734539646,202,63,139,31.18811881188119,11659.459999999997,10025.91,1633.5499999999975,1169.42,0,1,17.042511409499873,1.4626962924350038,1.695790351739936,9.348196013212648,80,29,51,36.25,5387.52,3683.2799999999997,1704.2400000000007,424.34,0,8,0.05112753422849962,0.11567407310875094,-0.0,0.06349206349206349,0.016334915550999796,0.008146642050447284,-0.003179974864468184,
1b_narrow,612,0.1874342711046605,True,129,20,72.0,25.0,7,6,3.6,17,41,0.6,2.9,1.0,0.015,0.5,18.661998291999808,1.1830188938293495,0.9406844132271985,12.35893581237817,202,62,140,30.693069306930692,12063.220000000001,10196.98,1866.2400000000016,1182.61,0,2,12.589121687499938,1.3690902694303555,1.2774636955650729,9.964126083799094,74,25,49,33.78378378378378,4669.83,3410.9,1258.9299999999998,380.45,0,8,0.037767365062499815,0.09227256735758887,-0.0,0.05873015873015874,0.01866199829199981,0.009150944691467478,-0.029148763029054232,
1b_narrow,613,0.21760279218462186,True,127,20,72.0,25.0,7,6,3.6,17,38,0.6,2.8,1.0,0.015,0.5,12.955362904499706,1.1295082475226441,0.6950573706902826,11.888607845965057,209,65,144,31.10047846889952,11299.159999999998,10003.61,1295.5499999999975,1183.49,0,3,15.316568424499891,1.3986823816043603,1.5350222430299225,9.967623273407686,82,29,53,35.36585365853659,5373.429999999999,3841.78,1531.6499999999992,431.44,0,8,0.04594970527349967,0.09967059540109008,-0.0,0.06507936507936508,0.012955362904499708,0.006475412376132206,-0.012527648849964875,
1b_narrow,614,0.25269026823458757,True,128,20,72.0,25.0,7,6,3.6,17,38,0.6,2.8,1.0,0.015,0.5,16.512500486499828,1.1650677886302225,0.8514611548984582,11.572526655344182,201,63,138,31.34328358208955,11655.209999999997,10003.89,1651.319999999998,1163.84,0,1,17.042511409499873,1.4626962924350038,1.695790351739936,9.348196013212648,80,29,51,36.25,5387.52,3683.2799999999997,1704.2400000000007,424.34,0,8,0.05112753422849962,0.11567407310875094,-0.0,0.06349206349206349,0.01651250048649983,0.008253389431511127,-0.002369292512737409,
1b_narrow,615,0.16809439271167334,True,128,20,72.0,25.0,7,6,3.6,16,41,0.6,2.8,1.0,0.015,0.5,15.561504421999853,1.1566048159623719,0.8048158670596034,11.923734378448101,203,63,140,31.03448275862069,11493.609999999997,9937.37,1556.2399999999961,1165.92,0,1,11.168682208499776,1.251326537500844,1.1925024858138642,13.014557777775066,92,31,61,33.69565217391305,5560.77,4443.9,1116.8700000000008,465.87,0,8,0.03350604662549933,0.062831634375211,-0.0,0.07301587301587302,0.015561504421999854,0.007830240798118593,-0.024650906525028448,
1b_narrow,616,0.20691245298632419,True,127,20,72.0,25.0,7,5,3.7,17,37,0.6,2.8,1.0,0.015,0.5,11.762774484999754,1.1172740605443066,0.6406970609911687,11.777658077392076,210,65,145,30.952380952380953,11206.269999999999,10030.009999999998,1176.2600000000002,1175.88,0,3,14.90994230949991,1.3855277447380667,1.499480776510488,9.967623273407686,83,29,54,34.93975903614458,5358.389999999999,3867.4,1490.9899999999993,437.1,0,9,0.04472982692849973,0.09638193618451668,-0.0,0.06587301587301587,0.011762774484999756,0.005863703027215329,-0.017698803511923187,
1b_narrow,617,0.14959001356663568,True,129,20,72.0,25.0,7,6,3.6,17,40,1.1,2.8,1.0,0.015,0.5,7.760251898999868,1.074971476929884,0.4464281671870545,11.364958762398732,213,65,148,30.516431924882628,11127.32,10351.27,776.0499999999993,1147.64,0,2,10.566954077999835,1.272963275807289,1.1645087813508546,12.95799017586071,77,24,53,31.16883116883117,4928.01,3871.29,1056.7200000000003,386.63,0,4,0.031700862233999504,0.06824081895182227,-0.0,0.061111111111111116,0.007760251898999868,0.0037485738464941966,-0.022971604475791278,
1b_narrow,618,0.2074032793964703,True,128,20,72.0,25.0,7,6,3.6,17,39,0.5,2.8,1.0,0.015,0.5,10.834373774999822,1.1073279213864358,0.5877535913558036,12.375501185394192,202,61,141,30.198019801980198,11178.42,10094.95,1083.4699999999993,1133.86,0,1,16.33436743249993,1.4299431459254581,1.6250869690487642,9.314659727094865,82,29,53,35.36585365853659,5432.640000000001,3799.2000000000003,1633.440000000001,432.5,0,8,0.04900310229749979,0.10748578648136453,-0.0,0.06507936507936508,0.010834373774999823,0.005366396069321789,-0.030365744306080723,
1b_narrow,619,0.2513019818235539,True,128,20,72.0,25.0,7,6,3.6,17,37,0.6,2.8,1.0,0.015,0.5,16.512500486499828,1.1650677886302225,0.8514611548984582,11.572526655344182,201,63,138,31.34328358208955,11655.209999999997,10003.89,1651.319999999998,1163.84,0,1,16.78346388299988,1.4524827589925537,1.6727689776155166,9.348196013212648,81,29,52,35.80246913580247,5387.52,3709.18,1678.3400000000006,430.07,0,8,0.05035039164899964,0.11312068974813844,-0.0,0.0642857142857143,0.01651250048649983,0.008253389431511127,-0.001220703777309403,
1b_narrow,620,0.21769947901957165,True,127,20,72.0,25.0,7,6,3.6,17,37,0.6,2.8,1.0,0.015,0.5,13.11078047749972,1.131222982988353,0.7021308597205856,11.888607845965057,209,65,144,31.10047846889952,11302.49,9991.39,1311.1000000000004,1183.68,0,3,15.060352189499898,1.389416662357139,1.5120805726499098,9.967623273407686,83,29,54,34.93975903614458,5373.429999999999,3867.4,1506.0299999999993,437.11,0,8,0.045181056568499696,0.09735416558928472,-0.0,0.06587301587301587,0.013110780477499721,0.006561149149417656,-0.010380688638146009,
1b_narrow,621,0.23778408372198792,True,129,20,72.0,25.0,7,6,3.6,17,37,0.6,2.8,1.0,0.015,0.5,16.341914816999868,1.1638781733421708,0.843541381064253,12.487911225382971,202,63,139,31.18811881188119,11606.809999999998,9972.529999999999,1634.2799999999988,1166.34,0,2,15.681387950999905,1.4200493948858615,1.5755651040622451,9.492523496730945,81,28,53,34.5679012345679,5301.3,3733.18,1568.1200000000003,426.98,0,8,0.04704416385299972,0.10501234872146537,-0.0,0.0642857142857143,0.016341914816999866,0.00819390866710854,-0.00309396662229987,
1b_narrow,622,0.25109093283192185,True,128,20,72.0,25.0,7,7,3.6,17,38,0.6,2.8,1.0,0.015,0.5,16.202594412999787,1.1622376642101888,0.8373921646789498,11.645125320759195,200,62,138,31.0,11607.499999999998,9987.2,1620.2999999999975,1160.14,0,1,17.096232875999867,1.4640849333438297,1.7007200430232576,9.348196013212648,80,29,51,36.25,5393.4400000000005,3683.83,1709.6100000000006,424.42,0,7,0.0512886986279996,0.11602123333595743,-0.0,0.06349206349206349,0.016202594412999788,0.008111883210509442,-0.00402554024760789,
1b_narrow,623,0.2414361729734541,True,128,20,72.0,25.0,7,7,3.6,17,43,0.6,2.8,1.0,0.015,0.5,15.008612903499872,1.149983661910467,0.7840677572033016,11.519154842347156,201,62,139,30.845771144278608,11508.22,10007.29,1500.9299999999985,1153.85,0,1,16.93386031099988,1.4578769336430226,1.6784669341284875,9.348196013212648,79,29,50,36.70886075949367,5391.71,3698.3300000000004,1693.3799999999997,419.15,0,7,0.050801580932999635,0.11446923341075566,-0.0,0.0626984126984127,0.015008612903499871,0.007499183095523354,-0.009040850067737118,
1b_narrow,624,0.25269026823458757,True,128,20,72.0,25.0,7,6,3.6,17,38,0.6,2.8,1.0,0.015,0.5,16.512500486499828,1.1650677886302225,0.8514611548984582,11.572526655344182,201,63,138,31.34328358208955,11655.209999999997,10003.89,1651.319999999998,1163.84,0,1,17.042511409499873,1.4626962924350038,1.695790351739936,9.348196013212648,80,29,51,36.25,5387.52,3683.2799999999997,1704.2400000000007,424.34,0,8,0.05112753422849962,0.11567407310875094,-0.0,0.06349206349206349,0.01651250048649983,0.008253389431511127,-0.002369292512737409,
1b_narrow,625,0.15936687467254881,True,127,20,72.0,25.0,7,7,3.6,16,38,0.6,2.8,1.0,0.015,0.5,11.888397309999764,1.120150431870049,0.6436806878081653,12.177389458242907,210,64,146,30.476190476190474,11082.970000000001,9894.18,1188.7900000000009,1183.27,0,3,9.70546897049997,1.211659619196741,1.0473860352434075,13.575116878751722,94,31,63,32.97872340425532,5556.150000000001,4585.570000000001,970.5799999999999,472.04,0,7,0.029116406911499908,0.05291490479918526,-0.0,0.0746031746031746,0.011888397309999764,0.006007521593502452,-0.015163530544813182,
1b_narrow,626,0.24298756841592817,True,129,20,72.0,25.0,7,7,3.6,17,38,0.6,2.8,1.0,0.015,0.5,15.941844012999828,1.1601906335158076,0.8257604271891763,12.507204033301281,201,62,139,30.845771144278608,11546.309999999998,9952.079999999998,1594.2299999999996,1161.86,0,2,15.994552312999932,1.4312321380425994,1.6037332004526257,9.492523496730945,80,28,52,35.0,5308.4400000000005,3708.9999999999995,1599.440000000001,421.53000000000003,0,7,0.047983656938999794,0.10780803451064985,-0.0,0.06349206349206349,0.01594184401299983,0.008009531675790382,-0.0002475622145751936,
1b_narrow,627,0.17014473751555506,True,122,20,72.0,25.0,7,5,3.6,17,38,0.6,2.8,1.0,0.015,0.5,8.302381300499746,1.0841349077024103,0.47640219000907646,12.280252133150382,211,67,144,31.753554502369667,10698.330000000002,9868.08,830.2500000000018,1147.96,0,5,13.558407350999879,1.3486084971151766,1.387800863994164,9.88509057632498,83,29,54,34.93975903614458,5245.169999999999,3889.3200000000006,1355.8499999999985,432.1,0,6,0.040675222052999636,0.08715212427879415,-0.0,0.06587301587301587,0.008302381300499746,0.004206745385120514,-0.03606475137487486,
1b_narrow,628,0.20588480333002004,True,128,20,72.0,25.0,7,8,3.6,17,38,0.5,2.8,1.0,0.015,0.5,11.85986713649976,1.1170046201611874,0.6404486262731558,12.602690411434017,203,61,142,30.049261083743843,11321.97,10136.010000000002,1185.9599999999973,1150.12,0,1,14.143926911999916,1.3753556187766711,1.436912107692423,9.314659727094865,82,29,53,35.36585365853659,5182.449999999999,3768.08,1414.369999999999,428.07,0,6,0.04243178073599974,0.09383890469416778,-0.0,0.06507936507936508,0.01185986713649976,0.00585023100805937,-0.013175345324071686,
1b_narrow,629,0.24969652142150425,True,128,20,72.0,25.0,7,7,3.6,17,37,0.6,2.8,1.0,0.015,0.5,16.202594412999787,1.1622376642101888,0.8373921646789498,11.645125320759195,200,62,138,31.0,11607.499999999998,9987.2,1620.2999999999975,1160.14,0,1,16.83718534949987,1.4538632191561112,1.6777033219464526,9.348196013212648,81,29,52,35.80246913580247,5393.4400000000005,3709.73,1683.7100000000005,430.15,0,7,0.050511556048499606,0.11346580478902779,-0.0,0.0642857142857143,0.016202594412999788,0.008111883210509442,-0.0028810313252466647,
1b_narrow,630,0.21541541092070954,True,127,20,72.0,25.0,7,7,3.6,17,37,0.6,2.8,1.0,0.015,0.5,12.7633193319997,1.1279632494408112,0.6868440256400317,11.844956229300418,208,64,144,30.76923076923077,11250.61,9974.27,1276.3400000000001,1180.32,0,3,15.114073655999928,1.3907496218927335,1.517031823202256,9.967623273407686,83,29,54,34.93975903614458,5379.349999999999,3867.9500000000003,1511.3999999999992,437.19,0,7,0.04534222096799978,0.09768740547318339,-0.0,0.06587301587301587,0.0127633193319997,0.006398162472040558,-0.012648713197529748,
1b_narrow,631,0.2412511662867157,True,129,20,72.0,25.0,7,7,3.6,17,39,0.6,2.8,1.0,0.015,0.5,15.666945465499849,1.1570508226185259,0.8137344054836595,12.507204033301281,202,62,140,30.693069306930692,11542.819999999998,9976.07,1566.7499999999982,1167.26,0,2,15.994552312999932,1.4312321380425994,1.6037332004526257,9.492523496730945,80,28,52,35.0,5308.4400000000005,3708.9999999999995,1599.440000000001,421.53000000000003,0,7,0.047983656938999794,0.10780803451064985,-0.0,0.06349206349206349,0.01566694546549985,0.007852541130926293,-0.0015520752514235924,
1b_narrow,632,0.24969652142150425,True,128,20,72.0,25.0,7,7,3.6,17,37,0.6,2.8,1.0,0.015,0.5,16.202594412999787,1.1622376642101888,0.8373921646789498,11.645125320759195,200,62,138,31.0,11607.499999999998,9987.2,1620.2999999999975,1160.14,0,1,16.83718534949987,1.4538632191561112,1.6777033219464526,9.348196013212648,81,29,52,35.80246913580247,5393.4400000000005,3709.73,1683.7100000000005,430.15,0,7,0.050511556048499606,0.11346580478902779,-0.0,0.0642857142857143,0.016202594412999788,0.008111883210509442,-0.0028810313252466647,
1b_narrow,633,0.24969652142150425,True,128,20,72.0,25.0,7,7,3.6,17,37,0.6,2.8,1.0,0.015,0.5,16.202594412999787,1.1622376642101888,0.8373921646789498,11.645125320759195,200,62,138,31.0,11607.499999999998,9987.2,1620.2999999999975,1160.14,0,1,16.83718534949987,1.4538632191561112,1.6777033219464526,9.348196013212648,81,29,52,35.80246913580247,5393.4400000000005,3709.73,1683.7100000000005,430.15,0,7,0.050511556048499606,0.11346580478902779,-0.0,0.0642857142857143,0.016202594412999788,0.008111883210509442,-0.0028810313252466647,
1b_narrow,634,0.21541541092070954,True,127,20,72.0,25.0,7,7,3.6,17,37,0.6,2.8,1.0,0.015,0.5,12.7633193319997,1.1279632494408112,0.6868440256400317,11.844956229300418,208,64,144,30.76923076923077,11250.61,9974.27,1276.3400000000001,1180.32,0,3,15.114073655999928,1.3907496218927335,1.517031823202256,9.967623273407686,83,29,54,34.93975903614458,5379.349999999999,3867.9500000000003,1511.3999999999992,437.19,0,7,0.04534222096799978,0.09768740547318339,-0.0,0.06587301587301587,0.0127633193319997,0.006398162472040558,-0.012648713197529748,
1b_narrow,635,0.23984194728663466,True,129,20,72.0,25.0,7,7,3.6,17,37,0.6,2.8,1.0,0.015,0.5,15.941844012999828,1.1601906335158076,0.8257604271891763,12.507204033301281,201,62,139,30.845771144278608,11546.309999999998,9952.079999999998,1594.2299999999996,1161.86,0,2,15.738336077999938,1.421413691352802,1.5807628201171209,9.492523496730945,81,28,53,34.5679012345679,5308.4400000000005,3734.6199999999994,1573.820000000001,427.2,0,7,0.04721500823399981,0.10535342283820048,-0.0,0.0642857142857143,0.01594184401299983,0.008009531675790382,-0.0009635737600701339,
1b_narrow,636,0.24969652142150425,True,128,20,72.0,25.0,7,7,3.6,17,37,0.6,2.8,1.0,0.015,0.5,16.202594412999787,1.1622376642101888,0.8373921646789498,11.645125320759195,200,62,138,31.0,11607.499999999998,9987.2,1620.2999999999975,1160.14,0,1,16.83718534949987,1.4538632191561112,1.6777033219464526,9.348196013212648,81,29,52,35.80246913580247,5393.4400000000005,3709.73,1683.7100000000005,430.15,0,7,0.050511556048499606,0.11346580478902779,-0.0,0.0642857142857143,0.016202594412999788,0.008111883210509442,-0.0028810313252466647,
1b_narrow,637,0.24969652142150425,True,128,20,72.0,25.0,7,7,3.6,17,37,0.6,2.8,1.0,0.015,0.5,16.202594412999787,1.1622376642101888,0.8373921646789498,11.645125320759195,200,62,138,31.0,11607.499999999998,9987.2,1620.2999999999975,1160.14,0,1,16.83718534949987,1.4538632191561112,1.6777033219464526,9.348196013212648,81,29,52,35.80246913580247,5393.4400000000005,3709.73,1683.7100000000005,430.15,0,7,0.050511556048499606,0.11346580478902779,-0.0,0.0642857142857143,0.016202594412999788,0.008111883210509442,-0.0028810313252466647,
1b_narrow,638,0.2111647624313968,True,126,20,72.0,25.0,7,7,3.6,17,37,0.6,2.8,1.0,0.015,0.5,12.228268776499771,1.122984907106342,0.6636797038035512,12.106369749600136,207,64,143,30.917874396135264,11165.939999999999,9943.09,1222.8499999999985,1167.72,0,3,15.103501294499875,1.3895333842281186,1.516896393406163,9.965321447927964,83,29,54,34.93975903614458,5387.61,3877.28,1510.3299999999995,436.83,0,7,0.04531050388349962,0.09738334605702964,-0.0,0.06587301587301587,0.012228268776499771,0.0061492453553171015,-0.015779617513965186,
1b_narrow,639,0.1551429044548813,True,127,20,72.0,25.0,7,7,3.6,16,37,0.6,2.8,1.0,0.015,0.5,12.005400678499754,1.1214668829243761,0.6491300054244333,12.177389458242907,210,64,146,30.476190476190474,11083.76,9883.27,1200.4899999999998,1183.61,0,3,9.445757799999974,1.204914778828445,1.0229443683992758,13.575116878751722,95,31,64,32.63157894736842,5554.380000000001,4609.7699999999995,944.6100000000015,477.33,0,7,0.028337273399999918,0.05122869470711128,-0.0,0.0753968253968254,0.012005400678499756,0.006073344146218807,-0.017898633873773877,
1b_narrow,640,0.24969652142150425,True,128,20,72.0,26.0,7,7,3.6,17,37,0.6,2.8,1.0,0.015,0.5,16.202594412999787,1.1622376642101888,0.8373921646789498,11.645125320759195,200,62,138,31.0,11607.499999999998,9987.2,1620.2999999999975,1160.14,0,1,16.83718534949987,1.4538632191561112,1.6777033219464526,9.348196013212648,81,29,52,35.80246913580247,5393.4400000000005,3709.73,1683.7100000000005,430.15,0,7,0.050511556048499606,0.11346580478902779,-0.0,0.0642857142857143,0.016202594412999788,0.008111883210509442,-0.0028810313252466647,
1b_narrow,641,0.18583031673060782,True,129,20,72.0,26.0,7,7,3.6,17,37,0.5,2.9,1.0,0.015,0.5,15.59776428999994,1.1513351301948411,0.7951018252581497,11.851671626385416,203,60,143,29.55665024630542,11866.650000000001,10306.86,1559.7900000000009,1179.46,0,2,12.057840252499936,1.341499403829651,1.2244129492946787,9.952169291373195,76,25,51,32.89473684210526,4736.660000000001,3530.870000000001,1205.79,388.87,0,7,0.03617352075749981,0.08537485095741276,-0.0,0.06031746031746032,0.01559776428999994,0.007566756509742057,-0.01920003610150707,
1b_narrow,642,0.23870597244969025,True,128,20,72.0,26.0,7,7,3.6,17,36,0.6,2.7,1.0,0.015,0.5,13.383241453499814,1.1314586224814036,0.7189388885384526,11.69105651084773,210,66,144,31.428571428571427,11519.12,10180.77,1338.3500000000004,1194.86,0,1,17.551752248499888,1.4849111077343868,1.754754628895031,9.340120284480143,82,30,52,36.58536585365854,5374.71,3619.55,1755.1599999999999,432.97,0,7,0.052655256745499666,0.12122777693359671,-0.0,0.06507936507936508,0.013383241453499815,0.006572931124070181,-0.020212598886341197,
1b_narrow,643,0.23984194728663466,True,129,20,72.0,25.0,7,7,3.6,17,37,0.6,2.8,1.0,0.015,0.5,15.941844012999828,1.1601906335158076,0.8257604271891763,12.507204033301281,201,62,139,30.845771144278608,11546.309999999998,9952.079999999998,1594.2299999999996,1161.86,0,2,15.738336077999938,1.421413691352802,1.5807628201171209,9.492523496730945,81,28,53,34.5679012345679,5308.4400000000005,3734.6199999999994,1573.820000000001,427.2,0,7,0.04721500823399981,0.10535342283820048,-0.0,0.0642857142857143,0.01594184401299983,0.008009531675790382,-0.0009635737600701339,
1b_narrow,644,0.21541541092070954,True,127,20,72.0,25.0,7,7,3.6,17,37,0.6,2.8,1.0,0.015,0.5,12.7633193319997,1.1279632494408112,0.6868440256400317,11.844956229300418,208,64,144,30.76923076923077,11250.61,9974.27,1276.3400000000001,1180.32,0,3,15.114073655999928,1.3907496218927335,1.517031823202256,9.967623273407686,83,29,54,34.93975903614458,5379.349999999999,3867.9500000000003,1511.3999999999992,437.19,0,7,0.04534222096799978,0.09768740547318339,-0.0,0.06587301587301587,0.0127633193319997,0.006398162472040558,-0.012648713197529748,
1b_narrow,645,0.24969652142150425,True,128,20,72.0,26.0,7,7,3.6,17,37,0.6,2.8,1.0,0.015,0.5,16.202594412999787,1.1622376642101888,0.8373921646789498,11.645125320759195,200,62,138,31.0,11607.499999999998,9987.2,1620.2999999999975,1160.14,0,1,16.83718534949987,1.4538632191561112,1.6777033219464526,9.348196013212648,81,29,52,35.80246913580247,5393.4400000000005,3709.73,1683.7100000000005,430.15,0,7,0.050511556048499606,0.11346580478902779,-0.0,0.0642857142857143,0.016202594412999788,0.008111883210509442,-0.0028810313252466647,
1b_narrow,646,0.24703427427776942,True,128,20,72.0,26.0,7,7,3.7,17,36,0.6,2.8,1.0,0.015,0.5,15.774838437499858,1.1576531560611845,0.818853578186041,11.758275694648887,201,62,139,30.845771144278608,11584.009999999998,10006.46,1577.5499999999993,1163.61,0,1,16.83718534949987,1.4538632191561112,1.6777033219464526,9.348196013212648,81,29,52,35.80246913580247,5393.4400000000005,3709.73,1683.7100000000005,430.15,0,7,0.050511556048499606,0.11346580478902779,-0.0,0.0642857142857143,0.01577483843749986,0.007882657803059223,-0.004886297086031346,
1b_narrow,647,0.20068397082406295,True,128,20,72.0,26.0,7,7,3.7,11,37,0.6,2.8,1.0,0.015,0.5,13.304399801499859,1.1366875801979301,0.7172975422559358,13.512811836833407,222,70,152,31.53153153153153,11064.21,9733.730000000001,1330.4799999999977,1274.01,0,1,12.134884494999879,1.2739871081358727,1.3208989175831212,13.194269891350096,104,34,70,32.69230769230769,5642.68,4429.15,1213.5300000000007,528.04,0,7,0.03640465348499963,0.06849677703396817,-0.0,0.08253968253968254,0.01330439980149986,0.006834379009896508,-0.006895921045983771,
1b_narrow,648,0.24006673691386646,True,129,20,72.0,26.0,7,7,3.6,17,36,0.6,2.8,1.0,0.015,0.5,15.670857013499862,1.1572798482559974,0.8142339184018622,12.507204033301281,202,62,140,30.693069306930692,11531.309999999998,9964.150000000001,1567.1599999999962,1165.8,0,2,15.738336077999938,1.421413691352802,1.5807628201171209,9.492523496730945,81,28,53,34.5679012345679,5308.4400000000005,3734.6199999999994,1573.820000000001,427.2,0,7,0.04721500823399981,0.10535342283820048,-0.0,0.0642857142857143,0.01567085701349986,0.00786399241279987,-0.00032225787034785444,
1b_narrow,649,0.21472791692053933,True,127,20,72.0,26.0,7,7,3.7,17,38,0.6,2.8,1.0,0.015,0.5,12.530037855999762,1.1254382294229888,0.6761472511380934,12.035327480274582,208,64,144,30.76923076923077,11242.07,9989.06,1253.0100000000002,1179.71,0,3,15.370289890999919,1.4000229027699336,1.5399671931857968,9.967623273407686,82,29,53,35.36585365853659,5379.349999999999,3842.3300000000004,1537.019999999999,431.52,0,7,0.04611086967299976,0.1000057256924834,-0.0,0.06507936507936508,0.012530037855999763,0.006271911471149439,-0.015269992851458112,
1b_narrow,650,0.007406195521278272,True,128,20,72.0,26.0,7,7,3.8,16,37,1.2000000000000002,2.8,1.0,0.015,0.5,0.3910382869998284,1.0039223794430383,0.08986909194954197,11.775342693176741,206,60,146,29.12621359223301,10002.420000000002,9963.34,39.080000000001746,1067.25,0,1,8.782891611499963,1.223112468214069,1.0036888364371055,12.456623698474809,78,25,53,32.05128205128205,4814.77,3936.49,878.2800000000007,389.12,0,4,0.02634867483449989,0.05577811705351726,-0.0,0.06190476190476191,0.00039103828699982844,0.0001961189721519152,-0.13721251553065253,
1b_narrow,651,0.2124967938965179,True,128,20,72.0,26.0,7,7,3.7,17,36,0.5,2.8,1.0,0.015,0.5,11.070471428499786,1.10923492430948,0.5973410811463846,12.084041016588905,204,62,142,30.392156862745097,11241.019999999999,10134.03,1106.989999999998,1146.52,0,1,16.820667210499888,1.442217647692886,1.6671234233517132,9.314659727094865,83,30,53,36.144578313253014,5485.72,3803.67,1682.0500000000002,438.59000000000003,0,7,0.05046200163149966,0.11055441192322152,-0.0,0.06587301587301587,0.011070471428499788,0.005461746215473995,-0.03092485317519293,
1b_narrow,652,0.2399302467341429,True,129,20,72.0,26.0,7,7,3.7,17,37,0.6,2.8,1.0,0.015,0.5,15.913838354999863,1.1598794045372987,0.8244984427961218,12.507204033301281,201,62,139,30.845771144278608,11545.369999999997,9953.939999999999,1591.4299999999985,1161.54,0,2,15.738336077999938,1.421413691352802,1.5807628201171209,9.492523496730945,81,28,53,34.5679012345679,5308.4400000000005,3734.6199999999994,1573.820000000001,427.2,0,7,0.04721500823399981,0.10535342283820048,-0.0,0.0642857142857143,0.015913838354999862,0.007993970226864933,-0.0008317072056364818,
1b_narrow,653,0.21542943435105705,True,127,20,72.0,26.0,7,7,3.6,17,38,0.6,2.8,1.0,0.015,0.5,12.624581645999752,1.126414763709552,0.6803938504784351,11.959279108265182,208,64,144,30.76923076923077,11249.11,9986.650000000001,1262.4599999999991,1180.01,0,3,15.370289890999919,1.4000229027699336,1.5399671931857968,9.967623273407686,82,29,53,35.36585365853659,5379.349999999999,3842.3300000000004,1537.019999999999,431.52,0,7,0.04611086967299976,0.1000057256924834,-0.0,0.06507936507936508,0.012624581645999753,0.006320738185477604,-0.014711845925268544,
1b_narrow,654,0.24945247011605393,True,128,20,72.0,26.0,7,7,3.7,17,37,0.6,2.8,1.0,0.015,0.5,16.163324866499806,1.1617804993028813,0.8355993895826741,11.675906901652143,200,62,138,31.0,11607.499999999998,9991.130000000001,1616.3699999999972,1159.9,0,1,16.83718534949987,1.4538632191561112,1.6777033219464526,9.348196013212648,81,29,52,35.80246913580247,5393.4400000000005,3709.73,1683.7100000000005,430.15,0,7,0.050511556048499606,0.11346580478902779,-0.0,0.0642857142857143,0.016163324866499806,0.008089024965144066,-0.003062954838831646,
1b_narrow,655,0.24690696177685956,True,128,21,72.0,26.0,7,7,3.7,17,37,0.6,2.8,1.0,0.015,0.5,15.752937473499843,1.1576266353153062,0.8181129009660905,11.691828617431833,201,62,139,30.845771144278608,11569.609999999999,9994.25,1575.3599999999988,1162.33,0,1,16.83718534949987,1.4538632191561112,1.6777033219464526,9.348196013212648,81,29,52,35.80246913580247,5393.4400000000005,3709.73,1683.7100000000005,430.15,0,7,0.050511556048499606,0.11346580478902779,-0.0,0.0642857142857143,0.01575293747349984,0.007881331765765309,-0.004990382585647285,
1b_narrow,656,0.23985124953706347,True,129,21,72.0,26.0,7,7,3.7,17,37,0.6,2.8,1.0,0.015,0.5,15.635772696999883,1.1570337653677512,0.8127649401928981,12.490463886044404,202,62,140,30.693069306930692,11521.209999999997,9957.54,1563.6699999999964,1164.57,0,2,15.738336077999938,1.421413691352802,1.5807628201171209,9.492523496730945,81,28,53,34.5679012345679,5308.4400000000005,3734.6199999999994,1573.820000000001,427.2,0,7,0.04721500823399981,0.10535342283820048,-0.0,0.0642857142857143,0.015635772696999884,0.007851688268387558,-0.0004903567862385687,
1b_narrow,657,0.24690696177685956,True,128,21,72.0,26.0,7,7,3.7,17,37,0.6,2.8,1.0,0.015,0.5,15.752937473499843,1.1576266353153062,0.8181129009660905,11.691828617431833,201,62,139,30.845771144278608,11569.609999999999,9994.25,1575.3599999999988,1162.33,0,1,16.83718534949987,1.4538632191561112,1.6777033219464526,9.348196013212648,81,29,52,35.80246913580247,5393.4400000000005,3709.73,1683.7100000000005,430.15,0,7,0.050511556048499606,0.11346580478902779,-0.0,0.0642857142857143,0.01575293747349984,0.007881331765765309,-0.004990382585647285,
1b_narrow,658,0.17565338324430818,True,127,21,72.0,26.0,7,7,3.7,17,37,0.6,2.9,1.0,0.015,0.5,15.354621364499854,1.151375341839139,0.7993893192768309,11.839118787786553,206,63,143,30.58252427184466,11679.16,10143.66,1535.5,1186.76,0,3,11.376914784499913,1.31923376936761,1.161905312889743,10.469268708889375,77,26,51,33.76623376623377,4701.67,3563.9400000000005,1137.7299999999996,394.89,0,7,0.034130744353499734,0.07980844234190249,-0.0,0.061111111111111116,0.015354621364499854,0.007568767091956952,-0.02232030301866197,
1b_narrow,659,0.16789046264322124,True,128,21,72.0,26.0,7,7,3.7,16,37,0.6,2.8,1.0,0.015,0.5,15.230690445999844,1.1536569643276875,0.7901444647310434,11.93653138992968,203,62,141,30.541871921182267,11435.889999999998,9912.73,1523.159999999998,1167.73,0,1,11.05461578949975,1.2473391342481448,1.1813113482033957,13.014557777775066,93,31,62,33.333333333333336,5574.870000000001,4469.41,1105.460000000001,471.69,0,7,0.03316384736849925,0.0618347835620362,-0.0,0.07380952380952381,0.015230690445999846,0.007682848216384375,-0.023831230759222246,
1b_narrow,660,0.15930465126995175,True,127,21,72.0,26.0,7,7,3.7,17,37,0.5,2.8,1.0,0.015,0.5,6.722686513999815,1.067019451342732,0.396506560738895,12.957487805156658,207,60,147,28.985507246376812,10702.920000000002,10030.67,672.2500000000018,1130.3,0,3,14.981130106499913,1.378787648926917,1.4969844226853002,9.942310561222572,84,29,55,34.523809523809526,5453.05,3954.96,1498.0900000000001,440.44,0,7,0.04494339031949974,0.09469691223172927,-0.0,0.06666666666666667,0.006722686513999815,0.003350972567136601,-0.05707597702908035,
1b_narrow,661,0.23985124953706347,True,129,21,72.0,26.0,7,7,3.7,17,37,0.6,2.8,1.0,0.015,0.5,15.635772696999883,1.1570337653677512,0.8127649401928981,12.490463886044404,202,62,140,30.693069306930692,11521.209999999997,9957.54,1563.6699999999964,1164.57,0,2,15.738336077999938,1.421413691352802,1.5807628201171209,9.492523496730945,81,28,53,34.5679012345679,5308.4400000000005,3734.6199999999994,1573.820000000001,427.2,0,7,0.04721500823399981,0.10535342283820048,-0.0,0.0642857142857143,0.015635772696999884,0.007851688268387558,-0.0004903567862385687,
1b_narrow,662,0.2460013163160386,True,128,21,72.0,26.0,7,7,3.7,17,36,0.6,2.8,1.0,0.015,0.5,15.610177424999838,1.15600728325132,0.8119360786320434,11.647755792507358,202,62,140,30.693069306930692,11567.609999999999,10006.52,1561.0899999999983,1166.34,0,1,16.83718534949987,1.4538632191561112,1.6777033219464526,9.348196013212648,81,29,52,35.80246913580247,5393.4400000000005,3709.73,1683.7100000000005,430.15,0,7,0.050511556048499606,0.11346580478902779,-0.0,0.0642857142857143,0.015610177424999839,0.007800364162565999,-0.005672300394768906,
1b_narrow,663,0.22691459451904614,True,129,21,72.0,26.0,7,7,3.7,17,36,0.6,2.7,1.0,0.015,0.5,12.668978571999814,1.1247868753638264,0.6859926555277794,12.647761149750755,212,66,146,31.132075471698112,11419.410000000002,10152.51,1266.9000000000015,1198.0,0,2,16.489090068999886,1.4524468712700132,1.6637584293328382,9.455446410826157,82,29,53,35.36585365853659,5293.37,3644.4500000000003,1648.9199999999996,430.07,0,7,0.04946727020699966,0.11311171781750329,-0.0,0.06507936507936508,0.012668978571999815,0.006239343768191319,-0.01965208092501303,
1b_narrow,664,0.24830234081741603,True,128,21,72.0,26.0,7,7,3.7,17,38,0.6,2.8,1.0,0.015,0.5,15.752937473499843,1.1576266353153062,0.8181129009660905,11.691828617431833,201,62,139,30.845771144278608,11569.609999999999,9994.25,1575.3599999999988,1162.33,0,1,17.096232875999867,1.4640849333438297,1.7007200430232576,9.348196013212648,80,29,51,36.25,5393.4400000000005,3683.83,1709.6100000000006,424.42,0,7,0.0512886986279996,0.11602123333595743,-0.0,0.06349206349206349,0.01575293747349984,0.007881331765765309,-0.0061339238778696376,
1b_narrow,665,0.24830234081741603,True,128,21,72.0,26.0,7,7,3.7,17,38,0.6,2.8,1.0,0.015,0.5,15.752937473499843,1.1576266353153062,0.8181129009660905,11.691828617431833,201,62,139,30.845771144278608,11569.609999999999,9994.25,1575.3599999999988,1162.33,0,1,17.096232875999867,1.4640849333438297,1.7007200430232576,9.348196013212648,80,29,51,36.25,5393.4400000000005,3683.83,1709.6100000000006,424.42,0,7,0.0512886986279996,0.11602123333595743,-0.0,0.06349206349206349,0.01575293747349984,0.007881331765765309,-0.0061339238778696376,
1b_narrow,666,0.21151781001704653,True,127,21,72.0,26.0,7,7,3.7,17,38,0.6,2.8,1.0,0.015,0.5,12.10340064399972,1.1210981820364794,0.6561403078341871,12.044478592725573,209,64,145,30.62200956937799,11205.04,9994.7,1210.3400000000001,1181.56,0,3,15.370289890999919,1.4000229027699336,1.5399671931857968,9.967623273407686,82,29,53,35.36585365853659,5379.349999999999,3842.3300000000004,1537.019999999999,431.52,0,7,0.04611086967299976,0.1000057256924834,-0.0,0.06507936507936508,0.012103400643999722,0.006054909101823969,-0.017836460173625387,
1b_narrow,667,0.2086010372746211,True,126,21,72.0,26.0,7,7,3.7,17,38,0.6,2.8,1.0,0.015,0.5,11.8070929229998,1.118507448305488,0.6441119056310955,12.085490585842567,208,64,144,30.76923076923077,11144.07,9963.34,1180.7299999999996,1169.86,0,3,15.302949616999866,1.3968918018160548,1.534683396408085,9.965321447927964,82,29,53,35.36585365853659,5385.87,3855.6100000000006,1530.2599999999993,430.93,0,7,0.0459088488509996,0.09922295045401369,-0.0,0.06507936507936508,0.0118070929229998,0.0059253724152744,-0.019342592448031486,
1b_narrow,668,0.2218941984188936,True,129,21,77.0,26.0,7,7,3.7,17,38,0.6,2.8,1.0,0.015,0.5,14.149947319499914,1.14044720228117,0.7436150031729114,12.490463886044404,202,62,140,30.693069306930692,11490.609999999999,10075.530000000002,1415.0799999999963,1160.07,0,2,14.599717479999871,1.3831093173504356,1.4727757242942436,9.492523496730945,80,28,52,35.0,5270.669999999999,3810.74,1459.9299999999994,416.37,0,7,0.043799152439999614,0.09577732933760891,-0.0,0.06349206349206349,0.014149947319499916,0.007022360114058501,-0.002346654284336819,
1b_narrow,669,0.24690696177685956,True,128,21,72.0,26.0,7,7,3.7,17,37,0.6,2.8,1.0,0.015,0.5,15.752937473499843,1.1576266353153062,0.8181129009660905,11.691828617431833,201,62,139,30.845771144278608,11569.609999999999,9994.25,1575.3599999999988,1162.33,0,1,16.83718534949987,1.4538632191561112,1.6777033219464526,9.348196013212648,81,29,52,35.80246913580247,5393.4400000000005,3709.73,1683.7100000000005,430.15,0,7,0.050511556048499606,0.11346580478902779,-0.0,0.0642857142857143,0.01575293747349984,0.007881331765765309,-0.004990382585647285,
1b_narrow,670,0.2460013163160386,True,128,21,72.0,26.0,7,7,3.7,17,36,0.6,2.8,1.0,0.015,0.5,15.610177424999838,1.15600728325132,0.8119360786320434,11.647755792507358,202,62,140,30.693069306930692,11567.609999999999,10006.52,1561.0899999999983,1166.34,0,1,16.83718534949987,1.4538632191561112,1.6777033219464526,9.348196013212648,81,29,52,35.80246913580247,5393.4400000000005,3709.73,1683.7100000000005,430.15,0,7,0.050511556048499606,0.11346580478902779,-0.0,0.0642857142857143,0.015610177424999839,0.007800364162565999,-0.005672300394768906,
1b_narrow,671,0.15824503373776974,True,127,21,72.0,26.0,7,7,3.7,16,36,0.6,2.8,1.0,0.015,0.5,11.360983653499806,1.114570128810592,0.6190302087538814,12.167783551509203,212,64,148,30.18867924528302,11052.2,9916.11,1136.0900000000001,1190.25,0,3,9.445757799999974,1.204914778828445,1.0229443683992758,13.575116878751722,95,31,64,32.63157894736842,5554.380000000001,4609.7699999999995,944.6100000000015,477.33,0,7,0.028337273399999918,0.05122869470711128,-0.0,0.0753968253968254,0.011360983653499808,0.005728506440529602,-0.01380724986019627,
1b_narrow,672,0.2460013163160386,True,128,21,72.0,26.0,7,7,3.7,17,36,0.6,2.8,1.0,0.015,0.5,15.610177424999838,1.15600728325132,0.8119360786320434,11.647755792507358,202,62,140,30.693069306930692,11567.609999999999,10006.52,1561.0899999999983,1166.34,0,1,16.83718534949987,1.4538632191561112,1.6777033219464526,9.348196013212648,81,29,52,35.80246913580247,5393.4400000000005,3709.73,1683.7100000000005,430.15,0,7,0.050511556048499606,0.11346580478902779,-0.0,0.0642857142857143,0.015610177424999839,0.007800364162565999,-0.005672300394768906,
1b_narrow,673,0.2089939318313484,True,128,21,72.0,26.0,7,7,3.7,17,36,0.5,2.8,1.0,0.015,0.5,10.637561440499757,1.1048855759655298,0.5772409545094941,12.093685222203312,205,62,143,30.24390243902439,11205.859999999999,10142.099999999999,1063.7600000000002,1148.07,0,1,16.820667210499888,1.442217647692886,1.6671234233517132,9.314659727094865,83,30,53,36.144578313253014,5485.72,3803.67,1682.0500000000002,438.59000000000003,0,7,0.05046200163149966,0.11055441192322152,-0.0,0.06587301587301587,0.010637561440499758,0.005244278798276492,-0.033777337835164914,
1b_narrow,674,0.23851884044031926,True,129,21,72.0,26.0,7,7,3.7,17,36,0.6,2.8,1.0,0.015,0.5,15.427659109999842,1.1546460986403249,0.8032447790755035,12.490463886044404,203,62,141,30.541871921182267,11519.499999999998,9976.650000000001,1542.8499999999967,1169.28,0,2,15.738336077999938,1.421413691352802,1.5807628201171209,9.492523496730945,81,28,53,34.5679012345679,5308.4400000000005,3734.6199999999994,1573.820000000001,427.2,0,7,0.04721500823399981,0.10535342283820048,-0.0,0.0642857142857143,0.015427659109999842,0.0077323049320162434,-0.001495268959611398,
1b_narrow,675,0.21130107119905636,True,127,21,72.0,26.0,7,7,3.7,17,37,0.6,2.8,1.0,0.015,0.5,12.212103845499714,1.1223187894825934,0.6611941737061179,11.956691474296147,209,64,145,30.62200956937799,11205.04,9983.83,1221.210000000001,1181.67,0,3,15.114073655999928,1.3907496218927335,1.517031823202256,9.967623273407686,83,29,54,34.93975903614458,5379.349999999999,3867.9500000000003,1511.3999999999992,437.19,0,7,0.04534222096799978,0.09768740547318339,-0.0,0.06587301587301587,0.012212103845499714,0.006115939474129673,-0.015929614434772053,
1b_narrow,676,0.24690696177685956,True,128,21,72.0,26.0,7,7,3.7,17,37,0.6,2.8,1.0,0.015,0.5,15.752937473499843,1.1576266353153062,0.8181129009660905,11.691828617431833,201,62,139,30.845771144278608,11569.609999999999,9994.25,1575.3599999999988,1162.33,0,1,16.83718534949987,1.4538632191561112,1.6777033219464526,9.348196013212648,81,29,52,35.80246913580247,5393.4400000000005,3709.73,1683.7100000000005,430.15,0,7,0.050511556048499606,0.11346580478902779,-0.0,0.0642857142857143,0.01575293747349984,0.007881331765765309,-0.004990382585647285,
1b_narrow,677,0.24690696177685956,True,128,21,72.0,26.0,7,7,3.7,17,37,0.6,2.8,1.0,0.015,0.5,15.752937473499843,1.1576266353153062,0.8181129009660905,11.691828617431833,201,62,139,30.845771144278608,11569.609999999999,9994.25,1575.3599999999988,1162.33,0,1,16.83718534949987,1.4538632191561112,1.6777033219464526,9.348196013212648,81,29,52,35.80246913580247,5393.4400000000005,3709.73,1683.7100000000005,430.15,0,7,0.050511556048499606,0.11346580478902779,-0.0,0.0642857142857143,0.01575293747349984,0.007881331765765309,-0.004990382585647285,
1b_narrow,678,0.23985124953706347,True,129,21,72.0,26.0,7,7,3.7,17,37,0.6,2.8,1.0,0.015,0.5,15.635772696999883,1.1570337653677512,0.8127649401928981,12.490463886044404,202,62,140,30.693069306930692,11521.209999999997,9957.54,1563.6699999999964,1164.57,0,2,15.738336077999938,1.421413691352802,1.5807628201171209,9.492523496730945,81,28,53,34.5679012345679,5308.4400000000005,3734.6199999999994,1573.820000000001,427.2,0,7,0.04721500823399981,0.10535342283820048,-0.0,0.0642857142857143,0.015635772696999884,0.007851688268387558,-0.0004903567862385687,
1b_narrow,679,0.24690696177685956,True,128,21,72.0,26.0,7,7,3.7,17,37,0.6,2.8,1.0,0.015,0.5,15.752937473499843,1.1576266353153062,0.8181129009660905,11.691828617431833,201,62,139,30.845771144278608,11569.609999999999,9994.25,1575.3599999999988,1162.33,0,1,16.83718534949987,1.4538632191561112,1.6777033219464526,9.348196013212648,81,29,52,35.80246913580247,5393.4400000000005,3709.73,1683.7100000000005,430.15,0,7,0.050511556048499606,0.11346580478902779,-0.0,0.0642857142857143,0.01575293747349984,0.007881331765765309,-0.004990382585647285,
1b_narrow,680,0.21130107119905636,True,127,21,72.0,26.0,7,7,3.7,17,37,0.6,2.8,1.0,0.015,0.5,12.212103845499714,1.1223187894825934,0.6611941737061179,11.956691474296147,209,64,145,30.62200956937799,11205.04,9983.83,1221.210000000001,1181.67,0,3,15.114073655999928,1.3907496218927335,1.517031823202256,9.967623273407686,83,29,54,34.93975903614458,5379.349999999999,3867.9500000000003,1511.3999999999992,437.19,0,7,0.04534222096799978,0.09768740547318339,-0.0,0.06587301587301587,0.012212103845499714,0.006115939474129673,-0.015929614434772053,
1b_narrow,681,0.16789046264322124,True,128,21,72.0,26.0,7,7,3.7,16,37,0.6,2.8,1.0,0.015,0.5,15.230690445999844,1.1536569643276875,0.7901444647310434,11.93653138992968,203,62,141,30.541871921182267,11435.889999999998,9912.73,1523.159999999998,1167.73,0,1,11.05461578949975,1.2473391342481448,1.1813113482033957,13.014557777775066,93,31,62,33.333333333333336,5574.870000000001,4469.41,1105.460000000001,471.69,0,7,0.03316384736849925,0.0618347835620362,-0.0,0.07380952380952381,0.015230690445999846,0.007682848216384375,-0.023831230759222246,
1b_narrow,682,0.12791157385427535,True,127,21,63.0,26.0,7,7,3.7,17,37,0.6,2.8,1.0,0.015,0.5,14.188201454999671,1.146740277094029,0.7654445371377989,11.700879611432583,210,64,146,30.476190476190474,11087.74,9668.920000000002,1418.819999999998,1207.07,0,3,8.309468761999833,1.2032491689964118,0.9535120942300929,12.693859595949593,88,29,59,32.95454545454545,4919.4,4088.43,830.9699999999998,449.46,0,7,0.0249284062859995,0.05081229224910294,-0.0,0.06984126984126984,0.014188201454999673,0.007337013854701447,-0.039195609831798046,
1b_narrow,683,0.1879608878718009,True,110,21,72.0,26.0,7,7,3.7,17,38,0.6,2.8,1.0,0.015,0.5,10.290932195499863,1.1031358179605961,0.562570814270775,12.860791991395113,209,63,146,30.14354066985646,11006.670000000004,9977.62,1029.050000000003,1144.33,0,5,13.237359424499864,1.3047545157770173,1.3371940184997615,9.037211401524686,95,32,63,33.68421052631579,5667.41,4343.660000000001,1323.749999999999,493.68,0,1,0.03971207827349959,0.07618862894425432,-0.0,0.0753968253968254,0.010290932195499864,0.005156790898029806,-0.018784367836308092,
1b_narrow,684,0.13672406387298405,True,124,21,72.0,26.0,7,7,3.7,17,37,0.5,2.8,1.0,0.015,0.5,5.250448604999783,1.0526091648688376,0.3281689545352758,13.713859065843609,206,60,146,29.12621359223301,10504.65,9979.630000000001,525.0199999999986,1111.5,0,4,13.97442695599988,1.35328440580355,1.4124590227806728,9.843818643017247,84,29,55,34.523809523809526,5352.93,3955.51,1397.42,437.98,0,6,0.04192328086799964,0.08832110145088751,-0.0,0.06666666666666667,0.005250448604999783,0.00263045824344188,-0.06806789196101143,
1b_narrow,685,0.24106978089550984,True,129,21,72.0,26.0,7,7,3.7,17,38,0.6,2.8,1.0,0.015,0.5,15.635772696999883,1.1570337653677512,0.8127649401928981,12.490463886044404,202,62,140,30.693069306930692,11521.209999999997,9957.54,1563.6699999999964,1164.57,0,2,15.994552312999932,1.4312321380425994,1.6037332004526257,9.492523496730945,80,28,52,35.0,5308.4400000000005,3708.9999999999995,1599.440000000001,421.53000000000003,0,7,0.047983656938999794,0.10780803451064985,-0.0,0.06349206349206349,0.015635772696999884,0.007851688268387558,-0.001701435011590724,
1b_narrow,686,0.15937235001346403,True,118,21,72.0,26.0,7,7,3.7,17,37,0.6,2.8,1.0,0.015,0.5,7.215098792999779,1.074129819907473,0.42825208765772665,13.459289174068356,209,65,144,31.10047846889952,10454.86,9733.329999999998,721.5300000000025,1136.15,0,6,13.854012363999846,1.3245524440467207,1.3958285653176075,9.886288230953323,92,31,61,33.69565217391305,5654.169999999999,4268.740000000001,1385.4299999999985,482.74,0,1,0.041562037091999536,0.08113811101168017,-0.0,0.07301587301587302,0.007215098792999779,0.003706490995373646,-0.047265260894462126,
1b_narrow,687,0.15297899004089335,True,128,21,72.0,26.0,13,7,3.7,17,38,0.6,2.8,1.0,0.015,0.5,6.977677253999809,1.071335688699151,0.4191435096518493,15.361713496447809,201,57,144,28.35820895522388,10479.72,9781.92,697.7999999999993,1121.51,0,1,12.074812347499956,1.3345654246004477,1.2566472457950029,9.348196013212648,79,28,51,35.44303797468354,4816.5,3609.04,1207.46,412.35,0,7,0.03622443704249986,0.08364135615011192,-0.0,0.0626984126984127,0.006977677253999809,0.0035667844349575486,-0.040129677539088485,
1b_narrow,688,0.24690696177685956,True,128,21,72.0,26.0,7,7,3.7,17,37,0.6,2.8,1.0,0.015,0.5,15.752937473499843,1.1576266353153062,0.8181129009660905,11.691828617431833,201,62,139,30.845771144278608,11569.609999999999,9994.25,1575.3599999999988,1162.33,0,1,16.83718534949987,1.4538632191561112,1.6777033219464526,9.348196013212648,81,29,52,35.80246913580247,5393.4400000000005,3709.73,1683.7100000000005,430.15,0,7,0.050511556048499606,0.11346580478902779,-0.0,0.0642857142857143,0.01575293747349984,0.007881331765765309,-0.004990382585647285,
1b_narrow,689,0.23985124953706347,True,129,21,72.0,26.0,7,7,3.7,17,37,0.6,2.8,1.0,0.015,0.5,15.635772696999883,1.1570337653677512,0.8127649401928981,12.490463886044404,202,62,140,30.693069306930692,11521.209999999997,9957.54,1563.6699999999964,1164.57,0,2,15.738336077999938,1.421413691352802,1.5807628201171209,9.492523496730945,81,28,53,34.5679012345679,5308.4400000000005,3734.6199999999994,1573.820000000001,427.2,0,7,0.04721500823399981,0.10535342283820048,-0.0,0.0642857142857143,0.015635772696999884,0.007851688268387558,-0.0004903567862385687,
1b_narrow,690,0.21130107119905636,True,127,21,72.0,26.0,7,7,3.7,17,37,0.6,2.8,1.0,0.015,0.5,12.212103845499714,1.1223187894825934,0.6611941737061179,11.956691474296147,209,64,145,30.62200956937799,11205.04,9983.83,1221.210000000001,1181.67,0,3,15.114073655999928,1.3907496218927335,1.517031823202256,9.967623273407686,83,29,54,34.93975903614458,5379.349999999999,3867.9500000000003,1511.3999999999992,437.19,0,7,0.04534222096799978,0.09768740547318339,-0.0,0.06587301587301587,0.012212103845499714,0.006115939474129673,-0.015929614434772053,
1b_narrow,691,0.24690696177685956,True,128,21,72.0,26.0,7,7,3.7,17,37,0.6,2.8,1.0,0.015,0.5,15.752937473499843,1.1576266353153062,0.8181129009660905,11.691828617431833,201,62,139,30.845771144278608,11569.609999999999,9994.25,1575.3599999999988,1162.33,0,1,16.83718534949987,1.4538632191561112,1.6777033219464526,9.348196013212648,81,29,52,35.80246913580247,5393.4400000000005,3709.73,1683.7100000000005,430.15,0,7,0.050511556048499606,0.11346580478902779,-0.0,0.0642857142857143,0.01575293747349984,0.007881331765765309,-0.004990382585647285,
1b_narrow,692,0.0885938939252427,True,129,21,72.0,26.0,7,7,3.7,16,37,0.6,2.9,1.0,0.015,0.5,19.136867060499828,1.1898016322863025,0.9573182132060564,12.66366471586153,204,62,142,30.392156862745097,11996.520000000004,10082.789999999997,1913.7300000000068,1195.41,0,2,6.819996157999868,1.1601959877014427,0.761029144460803,13.519204758533357,89,27,62,30.337078651685392,4939.429999999999,4257.41,682.0199999999995,440.38,0,7,0.020459988473999602,0.04004899692536068,-0.0,0.07063492063492065,0.01913686706049983,0.009490081614315127,-0.07117696078385319,
1b_narrow,693,0.21151781001704653,True,127,21,72.0,26.0,7,7,3.7,17,38,0.6,2.8,1.0,0.015,0.5,12.10340064399972,1.1210981820364794,0.6561403078341871,12.044478592725573,209,64,145,30.62200956937799,11205.04,9994.7,1210.3400000000001,1181.56,0,3,15.370289890999919,1.4000229027699336,1.5399671931857968,9.967623273407686,82,29,53,35.36585365853659,5379.349999999999,3842.3300000000004,1537.019999999999,431.52,0,7,0.04611086967299976,0.1000057256924834,-0.0,0.06507936507936508,0.012103400643999722,0.006054909101823969,-0.017836460173625387,
1b_narrow,694,0.24690696177685956,True,128,21,72.0,26.0,7,7,3.7,17,37,0.6,2.8,1.0,0.015,0.5,15.752937473499843,1.1576266353153062,0.8181129009660905,11.691828617431833,201,62,139,30.845771144278608,11569.609999999999,9994.25,1575.3599999999988,1162.33,0,1,16.83718534949987,1.4538632191561112,1.6777033219464526,9.348196013212648,81,29,52,35.80246913580247,5393.4400000000005,3709.73,1683.7100000000005,430.15,0,7,0.050511556048499606,0.11346580478902779,-0.0,0.0642857142857143,0.01575293747349984,0.007881331765765309,-0.004990382585647285,
1b_narrow,695,0.19056021180904828,True,128,21,72.0,26.0,7,7,3.7,17,38,0.5,2.8,1.0,0.015,0.5,8.844010554999768,1.087084440654635,0.4963837954454568,13.461222085115985,205,60,145,29.26829268292683,11040.31,10155.89,884.4200000000001,1142.8700000000001,0,1,16.416983472999927,1.4320001684108596,1.6321459882149767,9.314659727094865,82,29,53,35.36585365853659,5441.930000000001,3800.23,1641.7000000000012,432.66,0,7,0.04925095041899978,0.10800004210271491,-0.0,0.06507936507936508,0.008844010554999768,0.0043542220327317475,-0.04496837837976301,
1b_narrow,696,0.22803495163872078,True,128,21,76.0,26.0,7,7,3.7,17,37,0.6,2.8,1.0,0.015,0.5,14.387719559999878,1.1424612368561755,0.7543763836823182,12.711431746402003,200,62,138,31.0,11538.630000000001,10099.8,1438.8300000000017,1152.1,0,1,15.420546049499897,1.4046966690811364,1.5457483718619374,9.348196013212648,81,29,52,35.80246913580247,5352.4,3810.36,1542.0399999999995,424.75,0,7,0.04626163814849969,0.10117416727028411,-0.0,0.0642857142857143,0.01438771955999988,0.007123061842808776,-0.005197349468585962,
1b_narrow,697,0.19093891724350676,True,129,21,72.0,26.0,7,7,3.7,10,39,0.6,2.8,1.0,0.015,0.5,10.153376585499647,1.103611799654464,0.5640476359140135,12.259071489271141,231,72,159,31.16883116883117,10814.59,9799.27,1015.3199999999997,1293.74,0,2,11.874467565999858,1.267123164411172,1.3063170033636042,13.079051671207868,107,34,73,31.77570093457944,5632.92,4445.44,1187.4800000000005,542.47,0,7,0.03562340269799957,0.066780791102793,-0.0,0.08492063492063492,0.010153376585499647,0.005180589982723205,-0.011719878046143597,
1b_narrow,698,0.15937235001346403,True,118,21,72.0,26.0,7,7,3.7,17,37,0.6,2.8,1.0,0.015,0.5,7.215098792999779,1.074129819907473,0.42825208765772665,13.459289174068356,209,65,144,31.10047846889952,10454.86,9733.329999999998,721.5300000000025,1136.15,0,6,13.854012363999846,1.3245524440467207,1.3958285653176075,9.886288230953323,92,31,61,33.69565217391305,5654.169999999999,4268.740000000001,1385.4299999999985,482.74,0,1,0.041562037091999536,0.08113811101168017,-0.0,0.07301587301587302,0.007215098792999779,0.003706490995373646,-0.047265260894462126,
1b_narrow,699,0.14646425060258234,True,127,21,72.0,26.0,7,7,3.7,17,37,1.0,2.8,1.0,0.015,0.5,7.626111408999896,1.0706088882387037,0.4394948058920144,11.668704967243396,228,68,160,29.82456140350877,11562.940000000002,10800.34,762.6000000000022,1224.6299999999999,0,3,8.137718568499931,1.1963841873350032,0.9242035257960131,12.817278045373307,84,26,58,30.952380952380953,4957.839999999999,4144.0199999999995,813.8199999999997,417.5,0,5,0.024413155705499793,0.049096046833750795,-0.0,0.06666666666666667,0.007626111408999896,0.0035304444119351854,-0.004868174424269992,
1b_narrow,700,0.17115251017078292,True,128,21,72.0,26.0,7,7,3.7,16,38,0.6,2.8,1.0,0.015,0.5,15.230690445999844,1.1536569643276875,0.7901444647310434,11.93653138992968,203,62,141,30.541871921182267,11435.889999999998,9912.73,1523.159999999998,1167.73,0,1,11.29940685849975,1.2542087276964993,1.2046659025144393,13.014557777775066,92,31,61,33.69565217391305,5574.870000000001,4444.93,1129.9400000000005,466.28,0,7,0.03389822057549925,0.06355218192412482,-0.0,0.07301587301587302,0.015230690445999846,0.007682848216384375,-0.022227304007098388,
1b_narrow,701,0.24690696177685956,True,128,21,72.0,26.0,7,7,3.7,17,37,0.6,2.8,1.0,0.015,0.5,15.752937473499843,1.1576266353153062,0.8181129009660905,11.691828617431833,201,62,139,30.845771144278608,11569.609999999999,9994.25,1575.3599999999988,1162.33,0,1,16.83718534949987,1.4538632191561112,1.6777033219464526,9.348196013212648,81,29,52,35.80246913580247,5393.4400000000005,3709.73,1683.7100000000005,430.15,0,7,0.050511556048499606,0.11346580478902779,-0.0,0.0642857142857143,0.01575293747349984,0.007881331765765309,-0.004990382585647285,
1b_narrow,702,0.16241946238195037,True,120,21,72.0,26.0,7,7,3.7,17,38,0.6,2.8,1.0,0.015,0.5,7.080614756499835,1.0741142383412747,0.42085773937435406,13.835733534047382,203,63,140,31.03448275862069,10261.4,9553.359999999999,708.0400000000009,1099.51,0,6,14.93923982749986,1.3588548697820333,1.4934014864855287,9.889345628660882,89,32,57,35.95505617977528,5656.94,4163.0199999999995,1493.92,467.08,0,1,0.044817719482499574,0.08971371744550832,-0.0,0.07063492063492065,0.007080614756499836,0.0037057119170637366,-0.05353322185454174,
1b_narrow,703,0.23985124953706347,True,129,21,72.0,26.0,7,7,3.7,17,37,0.6,2.8,1.0,0.015,0.5,15.635772696999883,1.1570337653677512,0.8127649401928981,12.490463886044404,202,62,140,30.693069306930692,11521.209999999997,9957.54,1563.6699999999964,1164.57,0,2,15.738336077999938,1.421413691352802,1.5807628201171209,9.492523496730945,81,28,53,34.5679012345679,5308.4400000000005,3734.6199999999994,1573.820000000001,427.2,0,7,0.04721500823399981,0.10535342283820048,-0.0,0.0642857142857143,0.015635772696999884,0.007851688268387558,-0.0004903567862385687,
1b_narrow,704,0.15930465126995175,True,127,21,72.0,26.0,7,7,3.7,17,37,0.5,2.8,1.0,0.015,0.5,6.722686513999815,1.067019451342732,0.396506560738895,12.957487805156658,207,60,147,28.985507246376812,10702.920000000002,10030.67,672.2500000000018,1130.3,0,3,14.981130106499913,1.378787648926917,1.4969844226853002,9.942310561222572,84,29,55,34.523809523809526,5453.05,3954.96,1498.0900000000001,440.44,0,7,0.04494339031949974,0.09469691223172927,-0.0,0.06666666666666667,0.006722686513999815,0.003350972567136601,-0.05707597702908035,
1b_narrow,705,0.24830234081741603,True,128,21,72.0,26.0,7,7,3.7,17,38,0.6,2.8,1.0,0.015,0.5,15.752937473499843,1.1576266353153062,0.8181129009660905,11.691828617431833,201,62,139,30.845771144278608,11569.609999999999,9994.25,1575.3599999999988,1162.33,0,1,17.096232875999867,1.4640849333438297,1.7007200430232576,9.348196013212648,80,29,51,36.25,5393.4400000000005,3683.83,1709.6100000000006,424.42,0,7,0.0512886986279996,0.11602123333595743,-0.0,0.06349206349206349,0.01575293747349984,0.007881331765765309,-0.0061339238778696376,
1b_narrow,706,-1.0031869560858335,False,128,21,72.0,26.0,7,8,3.7,8,38,0.6,2.8,1.0,0.015,0.5,-1.9121736515000523,0.9825251165464417,-0.025871700109899722,15.896448322792203,290,86,204,29.655172413793103,10750.779999999999,10941.99,-191.21000000000095,1467.1,0,1,9.961372351999925,1.226727724620133,1.1598096341294364,13.016242017617724,116,39,77,33.62068965517241,5389.800000000001,4393.64,996.1600000000008,594.75,0,6,,,,,,,,0.01912173651500052
1b_narrow,707,0.1524592704721274,True,114,21,72.0,26.0,7,7,3.7,17,38,0.6,2.8,1.0,0.015,0.5,7.672808203499754,1.0776286797064532,0.4455144642360666,12.833069022124812,212,63,149,29.71698113207547,10651.95,9884.619999999999,767.3300000000017,1154.65,0,9,10.775769287499898,1.2463390771228327,1.112361271402859,9.32012352642201,91,30,61,32.967032967032964,5452.210000000001,4374.58,1077.630000000001,470.38,0,1,0.03232730786249969,0.06158476928070816,-0.0,0.07222222222222223,0.007672808203499754,0.0038814339853226578,-0.0252292710821251,
1b_narrow,708,0.2086010372746211,True,126,21,72.0,26.0,7,7,3.7,17,38,0.6,2.8,1.0,0.015,0.5,11.8070929229998,1.118507448305488,0.6441119056310955,12.085490585842567,208,64,144,30.76923076923077,11144.07,9963.34,1180.7299999999996,1169.86,0,3,15.302949616999866,1.3968918018160548,1.534683396408085,9.965321447927964,82,29,53,35.36585365853659,5385.87,3855.6100000000006,1530.2599999999993,430.93,0,7,0.0459088488509996,0.09922295045401369,-0.0,0.06507936507936508,0.0118070929229998,0.0059253724152744,-0.019342592448031486,
1b_narrow,709,0.21130107119905636,True,127,21,72.0,26.0,7,7,3.7,17,37,0.6,2.8,1.0,0.015,0.5,12.212103845499714,1.1223187894825934,0.6611941737061179,11.956691474296147,209,64,145,30.62200956937799,11205.04,9983.83,1221.210000000001,1181.67,0,3,15.114073655999928,1.3907496218927335,1.517031823202256,9.967623273407686,83,29,54,34.93975903614458,5379.349999999999,3867.9500000000003,1511.3999999999992,437.19,0,7,0.04534222096799978,0.09768740547318339,-0.0,0.06587301587301587,0.012212103845499714,0.006115939474129673,-0.015929614434772053,
1b_narrow,710,0.22816114954668162,True,129,21,72.0,26.0,7,7,3.7,17,39,0.6,2.7,1.0,0.015,0.5,12.643857236499805,1.1244472309135343,0.6850062987481159,12.647761149750755,212,66,146,31.132075471698112,11424.62,10160.210000000001,1264.4099999999999,1199.43,0,2,16.748137595499884,1.4628428514183858,1.6871055770626735,9.455446410826157,81,29,52,35.80246913580247,5293.37,3618.55,1674.8199999999997,424.34,0,7,0.05024441278649965,0.11571071285459644,-0.0,0.0642857142857143,0.012643857236499807,0.006222361545676714,-0.020945909162305282,
1b_narrow,711,0.24830234081741603,True,128,21,72.0,26.0,7,7,3.7,17,38,0.6,2.8,1.0,0.015,0.5,15.752937473499843,1.1576266353153062,0.8181129009660905,11.691828617431833,201,62,139,30.845771144278608,11569.609999999999,9994.25,1575.3599999999988,1162.33,0,1,17.096232875999867,1.4640849333438297,1.7007200430232576,9.348196013212648,80,29,51,36.25,5393.4400000000005,3683.83,1709.6100000000006,424.42,0,7,0.0512886986279996,0.11602123333595743,-0.0,0.06349206349206349,0.01575293747349984,0.007881331765765309,-0.0061339238778696376,
1b_narrow,712,0.17115251017078292,True,128,21,72.0,25.0,7,7,3.7,16,38,0.6,2.8,1.0,0.015,0.5,15.230690445999844,1.1536569643276875,0.7901444647310434,11.93653138992968,203,62,141,30.541871921182267,11435.889999999998,9912.73,1523.159999999998,1167.73,0,1,11.29940685849975,1.2542087276964993,1.2046659025144393,13.014557777775066,92,31,61,33.69565217391305,5574.870000000001,4444.93,1129.9400000000005,466.28,0,7,0.03389822057549925,0.06355218192412482,-0.0,0.07301587301587302,0.015230690445999846,0.007682848216384375,-0.022227304007098388,
1b_narrow,713,0.2095658962481947,True,127,21,72.0,26.0,7,7,3.7,17,39,0.6,2.8,1.0,0.015,0.5,11.850732078999718,1.1182708131860675,0.6446586298981402,12.256156165846384,210,64,146,30.476190476190474,11205.04,10019.970000000001,1185.0699999999997,1186.93,0,3,15.370289890999919,1.4000229027699336,1.5399671931857968,9.967623273407686,82,29,53,35.36585365853659,5379.349999999999,3842.3300000000004,1537.019999999999,431.52,0,7,0.04611086967299976,0.1000057256924834,-0.0,0.06507936507936508,0.01185073207899972,0.005913540659303374,-0.01939433693495664,
1b_narrow,714,0.24106978089550984,True,129,21,72.0,25.0,7,7,3.7,17,38,0.6,2.8,1.0,0.015,0.5,15.635772696999883,1.1570337653677512,0.8127649401928981,12.490463886044404,202,62,140,30.693069306930692,11521.209999999997,9957.54,1563.6699999999964,1164.57,0,2,15.994552312999932,1.4312321380425994,1.6037332004526257,9.492523496730945,80,28,52,35.0,5308.4400000000005,3708.9999999999995,1599.440000000001,421.53000000000003,0,7,0.047983656938999794,0.10780803451064985,-0.0,0.06349206349206349,0.015635772696999884,0.007851688268387558,-0.001701435011590724,
1b_narrow,715,0.19056021180904828,True,128,21,72.0,26.0,7,7,3.7,17,38,0.5,2.8,1.0,0.015,0.5,8.844010554999768,1.087084440654635,0.4963837954454568,13.461222085115985,205,60,145,29.26829268292683,11040.31,10155.89,884.4200000000001,1142.8700000000001,0,1,16.416983472999927,1.4320001684108596,1.6321459882149767,9.314659727094865,82,29,53,35.36585365853659,5441.930000000001,3800.23,1641.7000000000012,432.66,0,7,0.04925095041899978,0.10800004210271491,-0.0,0.06507936507936508,0.008844010554999768,0.0043542220327317475,-0.04496837837976301,
1b_narrow,716,0.21151781001704653,True,127,21,72.0,25.0,7,7,3.7,17,38,0.6,2.8,1.0,0.015,0.5,12.10340064399972,1.1210981820364794,0.6561403078341871,12.044478592725573,209,64,145,30.62200956937799,11205.04,9994.7,1210.3400000000001,1181.56,0,3,15.370289890999919,1.4000229027699336,1.5399671931857968,9.967623273407686,82,29,53,35.36585365853659,5379.349999999999,3842.3300000000004,1537.019999999999,431.52,0,7,0.04611086967299976,0.1000057256924834,-0.0,0.06507936507936508,0.012103400643999722,0.006054909101823969,-0.017836460173625387,
1b_narrow,717,0.24690696177685956,True,128,21,72.0,26.0,7,7,3.7,17,37,0.6,2.8,1.0,0.015,0.5,15.752937473499843,1.1576266353153062,0.8181129009660905,11.691828617431833,201,62,139,30.845771144278608,11569.609999999999,9994.25,1575.3599999999988,1162.33,0,1,16.83718534949987,1.4538632191561112,1.6777033219464526,9.348196013212648,81,29,52,35.80246913580247,5393.4400000000005,3709.73,1683.7100000000005,430.15,0,7,0.050511556048499606,0.11346580478902779,-0.0,0.0642857142857143,0.01575293747349984,0.007881331765765309,-0.004990382585647285,
1b_narrow,718,0.23967820149916577,True,129,21,72.0,25.0,7,7,3.7,17,39,0.6,2.8,1.0,0.015,0.5,15.418638898499884,1.1545166219906302,0.8031960313834827,12.490463886044404,203,62,141,30.541871921182267,11521.209999999997,9979.25,1541.9599999999973,1169.9,0,2,15.994552312999932,1.4312321380425994,1.6037332004526257,9.492523496730945,80,28,52,35.0,5308.4400000000005,3708.9999999999995,1599.440000000001,421.53000000000003,0,7,0.047983656938999794,0.10780803451064985,-0.0,0.06349206349206349,0.015418638898499884,0.0077258310995315105,-0.002750023440578762,
1b_narrow,719,0.24830234081741603,True,128,21,72.0,26.0,7,7,3.7,17,38,0.6,2.8,1.0,0.015,0.5,15.752937473499843,1.1576266353153062,0.8181129009660905,11.691828617431833,201,62,139,30.845771144278608,11569.609999999999,9994.25,1575.3599999999988,1162.33,0,1,17.096232875999867,1.4640849333438297,1.7007200430232576,9.348196013212648,80,29,51,36.25,5393.4400000000005,3683.83,1709.6100000000006,424.42,0,7,0.0512886986279996,0.11602123333595743,-0.0,0.06349206349206349,0.01575293747349984,0.007881331765765309,-0.0061339238778696376,
1b_narrow,720,0.21978970422204608,True,129,21,72.0,26.0,7,7,3.8,17,38,0.6,2.8,1.0,0.015,0.5,13.39455978949978,1.13376734394692,0.7119475245284076,12.597915165829956,203,62,141,30.541871921182267,11353.07,10013.58,1339.4899999999998,1153.33,0,2,14.962827298999908,1.395312524768955,1.511784465347175,9.492523496730945,81,28,53,34.5679012345679,5281.23,3784.98,1496.2499999999995,426.44,0,7,0.044888481896999725,0.09882813119223877,-0.0,0.0642857142857143,0.01339455978949978,0.006688367197346001,-0.008295550139752495,
1b_narrow,721,0.24830234081741603,True,128,21,72.0,26.0,7,7,3.7,17,38,0.6,2.8,1.0,0.015,0.5,15.752937473499843,1.1576266353153062,0.8181129009660905,11.691828617431833,201,62,139,30.845771144278608,11569.609999999999,9994.25,1575.3599999999988,1162.33,0,1,17.096232875999867,1.4640849333438297,1.7007200430232576,9.348196013212648,80,29,51,36.25,5393.4400000000005,3683.83,1709.6100000000006,424.42,0,7,0.0512886986279996,0.11602123333595743,-0.0,0.06349206349206349,0.01575293747349984,0.007881331765765309,-0.0061339238778696376,
1b_narrow,722,0.21151781001704653,True,127,21,72.0,25.0,7,7,3.7,17,38,0.6,2.8,1.0,0.015,0.5,12.10340064399972,1.1210981820364794,0.6561403078341871,12.044478592725573,209,64,145,30.62200956937799,11205.04,9994.7,1210.3400000000001,1181.56,0,3,15.370289890999919,1.4000229027699336,1.5399671931857968,9.967623273407686,82,29,53,35.36585365853659,5379.349999999999,3842.3300000000004,1537.019999999999,431.52,0,7,0.04611086967299976,0.1000057256924834,-0.0,0.06507936507936508,0.012103400643999722,0.006054909101823969,-0.017836460173625387,
1b_narrow,723,0.24830234081741603,True,128,21,72.0,25.0,7,7,3.7,17,38,0.6,2.8,1.0,0.015,0.5,15.752937473499843,1.1576266353153062,0.8181129009660905,11.691828617431833,201,62,139,30.845771144278608,11569.609999999999,9994.25,1575.3599999999988,1162.33,0,1,17.096232875999867,1.4640849333438297,1.7007200430232576,9.348196013212648,80,29,51,36.25,5393.4400000000005,3683.83,1709.6100000000006,424.42,0,7,0.0512886986279996,0.11602123333595743,-0.0,0.06349206349206349,0.01575293747349984,0.007881331765765309,-0.0061339238778696376,
1b_narrow,724,0.22504155430388256,True,128,21,72.0,25.0,7,8,3.7,17,38,0.6,2.8,1.0,0.015,0.5,16.261667256499805,1.1627905114362675,0.8405751616296081,11.620766512757717,200,62,138,31.0,11615.939999999997,9989.710000000001,1626.229999999996,1159.28,0,1,14.697106612999905,1.402550056150538,1.4957662698253604,9.348196013212648,80,29,51,36.25,5120.569999999999,3650.9,1469.6699999999987,419.62,0,6,0.044091319838999714,0.10063751403763449,-0.0,0.06349206349206349,0.016261667256499808,0.008139525571813378,-0.007580535893128302,
1b_narrow,725,0.12353031155319849,True,127,21,72.0,25.0,7,7,3.7,16,38,0.5,2.8,1.0,0.015,0.5,5.508124590499828,1.055376643015356,0.33856847689654457,13.06167766841629,210,60,150,28.571428571428573,10496.659999999998,9945.89,550.7699999999986,1135.16,0,3,9.780213473999956,1.2097242473625525,1.0472441324559252,13.171862718322078,95,31,64,32.63157894736842,5641.67,4663.6,978.0699999999997,477.28000000000003,0,7,0.029340640421999867,0.052431061840638116,-0.0,0.0753968253968254,0.005508124590499828,0.0027688321507677973,-0.04191517284753252,
1b_narrow,726,0.24106978089550984,True,129,21,72.0,25.0,7,7,3.7,17,38,0.6,2.8,1.0,0.015,0.5,15.635772696999883,1.1570337653677512,0.8127649401928981,12.490463886044404,202,62,140,30.693069306930692,11521.209999999997,9957.54,1563.6699999999964,1164.57,0,2,15.994552312999932,1.4312321380425994,1.6037332004526257,9.492523496730945,80,28,52,35.0,5308.4400000000005,3708.9999999999995,1599.440000000001,421.53000000000003,0,7,0.047983656938999794,0.10780803451064985,-0.0,0.06349206349206349,0.015635772696999884,0.007851688268387558,-0.001701435011590724,
1b_narrow,727,0.24830234081741603,True,128,21,72.0,25.0,7,7,3.7,17,38,0.6,2.8,1.0,0.015,0.5,15.752937473499843,1.1576266353153062,0.8181129009660905,11.691828617431833,201,62,139,30.845771144278608,11569.609999999999,9994.25,1575.3599999999988,1162.33,0,1,17.096232875999867,1.4640849333438297,1.7007200430232576,9.348196013212648,80,29,51,36.25,5393.4400000000005,3683.83,1709.6100000000006,424.42,0,7,0.0512886986279996,0.11602123333595743,-0.0,0.06349206349206349,0.01575293747349984,0.007881331765765309,-0.0061339238778696376,
1b_narrow,728,0.20523400731664676,True,127,21,72.0,25.0,7,7,3.7,17,38,0.6,2.7,1.0,0.015,0.5,10.456518087499699,1.1027971780472843,0.5860074123787309,12.164282601678696,217,68,149,31.336405529953918,11217.300000000001,10171.68,1045.6200000000008,1213.58,0,3,16.126838904999897,1.4295184397030898,1.6181022768685536,9.961207029529477,83,30,53,36.144578313253014,5367.37,3754.6699999999996,1612.7000000000003,434.22,0,7,0.04838051671499969,0.10737960992577245,-0.0,0.06587301587301587,0.0104565180874997,0.005139858902364214,-0.03199551218700516,
1b_narrow,729,0.24106978089550984,True,129,21,72.0,25.0,7,7,3.7,17,38,0.6,2.8,1.0,0.015,0.5,15.635772696999883,1.1570337653677512,0.8127649401928981,12.490463886044404,202,62,140,30.693069306930692,11521.209999999997,9957.54,1563.6699999999964,1164.57,0,2,15.994552312999932,1.4312321380425994,1.6037332004526257,9.492523496730945,80,28,52,35.0,5308.4400000000005,3708.9999999999995,1599.440000000001,421.53000000000003,0,7,0.047983656938999794,0.10780803451064985,-0.0,0.06349206349206349,0.015635772696999884,0.007851688268387558,-0.001701435011590724,
1b_narrow,730,0.24830234081741603,True,128,21,72.0,25.0,7,7,3.7,17,38,0.6,2.8,1.0,0.015,0.5,15.752937473499843,1.1576266353153062,0.8181129009660905,11.691828617431833,201,62,139,30.845771144278608,11569.609999999999,9994.25,1575.3599999999988,1162.33,0,1,17.096232875999867,1.4640849333438297,1.7007200430232576,9.348196013212648,80,29,51,36.25,5393.4400000000005,3683.83,1709.6100000000006,424.42,0,7,0.0512886986279996,0.11602123333595743,-0.0,0.06349206349206349,0.01575293747349984,0.007881331765765309,-0.0061339238778696376,
1b_narrow,731,0.24830234081741603,True,128,21,72.0,25.0,7,7,3.7,17,38,0.6,2.8,1.0,0.015,0.5,15.752937473499843,1.1576266353153062,0.8181129009660905,11.691828617431833,201,62,139,30.845771144278608,11569.609999999999,9994.25,1575.3599999999988,1162.33,0,1,17.096232875999867,1.4640849333438297,1.7007200430232576,9.348196013212648,80,29,51,36.25,5393.4400000000005,3683.83,1709.6100000000006,424.42,0,7,0.0512886986279996,0.11602123333595743,-0.0,0.06349206349206349,0.01575293747349984,0.007881331765765309,-0.0061339238778696376,
1b_narrow,732,0.1295584788285948,True,128,21,72.0,25.0,7,7,3.7,17,38,0.6,3.1,1.0,0.015,0.5,16.166768160499814,1.1644779945876655,0.820691764561294,14.241916377564365,183,52,131,28.415300546448087,11446.119999999999,9829.4,1616.7199999999993,1078.25,0,1,8.874747249499869,1.282543432098844,0.9170193309595326,9.832132027473465,65,21,44,32.30769230769231,4028.61,3141.11,887.5,328.68,0,7,0.026624241748499606,0.070635858024711,-0.0,0.0515873015873016,0.016166768160499816,0.008223899729383278,-0.043679590421800495,
1b_narrow,733,0.16136212013995832,True,127,21,72.0,25.0,7,7,3.7,16,38,0.6,2.8,1.0,0.015,0.5,11.476102938499844,1.1158100182053776,0.6244722590425725,12.167783551509203,211,64,147,30.33175355450237,11056.74,9909.16,1147.58,1185.76,0,3,9.70546897049997,1.211659619196741,1.0473860352434075,13.575116878751722,94,31,63,32.97872340425532,5556.150000000001,4585.570000000001,970.5799999999999,472.04,0,7,0.029116406911499908,0.05291490479918526,-0.0,0.0746031746031746,0.011476102938499844,0.005790500910268882,-0.012538970022670166,
1b_narrow,734,0.18548644980962448,True,129,21,72.0,25.0,7,7,3.7,17,38,0.6,2.9,1.0,0.015,0.5,19.927488127999858,1.1959603310011164,0.994832762144609,12.309992905453909,202,62,140,30.693069306930692,12161.900000000003,10169.15,1992.7500000000036,1190.45,0,2,12.642734394499966,1.3706081338562826,1.283074291107658,9.964126083799094,74,25,49,33.78378378378378,4675.719999999999,3411.42,1264.2999999999993,380.54,0,7,0.037928203183499896,0.09265203346407064,-0.0,0.05873015873015874,0.01992748812799986,0.009798016550055822,-0.03354945024616049,
1b_narrow,735,0.24681873342656047,True,128,21,73.0,25.0,7,7,3.7,17,39,0.6,2.8,1.0,0.015,0.5,15.519802540999844,1.1549376621587493,0.8078333673395119,11.875553921738742,202,62,140,30.693069306930692,11569.23,10017.189999999999,1552.0400000000009,1167.61,0,1,17.096232875999867,1.4640849333438297,1.7007200430232576,9.348196013212648,80,29,51,36.25,5393.4400000000005,3683.83,1709.6100000000006,424.42,0,7,0.0512886986279996,0.11602123333595743,-0.0,0.06349206349206349,0.015519802540999845,0.007746883107937464,-0.007249947678397369,
1b_narrow,736,0.19056021180904828,True,128,21,72.0,25.0,7,7,3.7,17,38,0.5,2.8,1.0,0.015,0.5,8.844010554999768,1.087084440654635,0.4963837954454568,13.461222085115985,205,60,145,29.26829268292683,11040.31,10155.89,884.4200000000001,1142.8700000000001,0,1,16.416983472999927,1.4320001684108596,1.6321459882149767,9.314659727094865,82,29,53,35.36585365853659,5441.930000000001,3800.23,1641.7000000000012,432.66,0,7,0.04925095041899978,0.10800004210271491,-0.0,0.06507936507936508,0.008844010554999768,0.0043542220327317475,-0.04496837837976301,
1b_narrow,737,0.21151781001704653,True,127,21,72.0,25.0,7,7,3.7,17,38,0.6,2.8,1.0,0.015,0.5,12.10340064399972,1.1210981820364794,0.6561403078341871,12.044478592725573,209,64,145,30.62200956937799,11205.04,9994.7,1210.3400000000001,1181.56,0,3,15.370289890999919,1.4000229027699336,1.5399671931857968,9.967623273407686,82,29,53,35.36585365853659,5379.349999999999,3842.3300000000004,1537.019999999999,431.52,0,7,0.04611086967299976,0.1000057256924834,-0.0,0.06507936507936508,0.012103400643999722,0.006054909101823969,-0.017836460173625387,
1b_narrow,738,0.14677346854743817,True,129,21,72.0,25.0,7,7,3.8,16,39,0.6,2.8,1.0,0.015,0.5,13.025464599499756,1.1308247795432176,0.6914346560115274,12.927785619098605,205,62,143,30.24390243902439,11259.169999999998,9956.599999999999,1302.5699999999997,1162.9,0,2,9.25378601399996,1.204118185527897,1.0122666151911546,13.167540813801004,93,30,63,32.25806451612903,5458.929999999999,4533.550000000001,925.3799999999983,467.08,0,7,0.02776135804199988,0.05102954638197427,-0.0,0.07380952380952381,0.013025464599499756,0.0065412389771608796,-0.02539366326272043,
1b_narrow,739,0.24830234081741603,True,128,21,73.0,25.0,7,7,3.7,17,38,0.6,2.8,1.0,0.015,0.5,15.752937473499843,1.1576266353153062,0.8181129009660905,11.691828617431833,201,62,139,30.845771144278608,11569.609999999999,9994.25,1575.3599999999988,1162.33,0,1,17.096232875999867,1.4640849333438297,1.7007200430232576,9.348196013212648,80,29,51,36.25,5393.4400000000005,3683.83,1709.6100000000006,424.42,0,7,0.0512886986279996,0.11602123333595743,-0.0,0.06349206349206349,0.01575293747349984,0.007881331765765309,-0.0061339238778696376,
1b_narrow,740,0.24830234081741603,True,128,21,72.0,25.0,7,7,3.7,17,38,0.6,2.8,1.0,0.015,0.5,15.752937473499843,1.1576266353153062,0.8181129009660905,11.691828617431833,201,62,139,30.845771144278608,11569.609999999999,9994.25,1575.3599999999988,1162.33,0,1,17.096232875999867,1.4640849333438297,1.7007200430232576,9.348196013212648,80,29,51,36.25,5393.4400000000005,3683.83,1709.6100000000006,424.42,0,7,0.0512886986279996,0.11602123333595743,-0.0,0.06349206349206349,0.01575293747349984,0.007881331765765309,-0.0061339238778696376,
1b_narrow,741,0.2095658962481947,True,127,21,72.0,25.0,7,7,3.7,17,39,0.6,2.8,1.0,0.015,0.5,11.850732078999718,1.1182708131860675,0.6446586298981402,12.256156165846384,210,64,146,30.476190476190474,11205.04,10019.970000000001,1185.0699999999997,1186.93,0,3,15.370289890999919,1.4000229027699336,1.5399671931857968,9.967623273407686,82,29,53,35.36585365853659,5379.349999999999,3842.3300000000004,1537.019999999999,431.52,0,7,0.04611086967299976,0.1000057256924834,-0.0,0.06507936507936508,0.01185073207899972,0.005913540659303374,-0.01939433693495664,
1b_narrow,742,0.24106978089550984,True,129,21,72.0,25.0,7,7,3.7,17,38,0.6,2.8,1.0,0.015,0.5,15.635772696999883,1.1570337653677512,0.8127649401928981,12.490463886044404,202,62,140,30.693069306930692,11521.209999999997,9957.54,1563.6699999999964,1164.57,0,2,15.994552312999932,1.4312321380425994,1.6037332004526257,9.492523496730945,80,28,52,35.0,5308.4400000000005,3708.9999999999995,1599.440000000001,421.53000000000003,0,7,0.047983656938999794,0.10780803451064985,-0.0,0.06349206349206349,0.015635772696999884,0.007851688268387558,-0.001701435011590724,
1b_narrow,743,0.24830234081741603,True,128,21,73.0,25.0,7,7,3.7,17,38,0.6,2.8,1.0,0.015,0.5,15.752937473499843,1.1576266353153062,0.8181129009660905,11.691828617431833,201,62,139,30.845771144278608,11569.609999999999,9994.25,1575.3599999999988,1162.33,0,1,17.096232875999867,1.4640849333438297,1.7007200430232576,9.348196013212648,80,29,51,36.25,5393.4400000000005,3683.83,1709.6100000000006,424.42,0,7,0.0512886986279996,0.11602123333595743,-0.0,0.06349206349206349,0.01575293747349984,0.007881331765765309,-0.0061339238778696376,
1b_narrow,744,0.21151781001704653,True,127,21,72.0,25.0,7,7,3.7,17,38,0.6,2.8,1.0,0.015,0.5,12.10340064399972,1.1210981820364794,0.6561403078341871,12.044478592725573,209,64,145,30.62200956937799,11205.04,9994.7,1210.3400000000001,1181.56,0,3,15.370289890999919,1.4000229027699336,1.5399671931857968,9.967623273407686,82,29,53,35.36585365853659,5379.349999999999,3842.3300000000004,1537.019999999999,431.52,0,7,0.04611086967299976,0.1000057256924834,-0.0,0.06507936507936508,0.012103400643999722,0.006054909101823969,-0.017836460173625387,
1b_narrow,745,0.22504155430388256,True,128,21,72.0,25.0,7,8,3.7,17,38,0.6,2.8,1.0,0.015,0.5,16.261667256499805,1.1627905114362675,0.8405751616296081,11.620766512757717,200,62,138,31.0,11615.939999999997,9989.710000000001,1626.229999999996,1159.28,0,1,14.697106612999905,1.402550056150538,1.4957662698253604,9.348196013212648,80,29,51,36.25,5120.569999999999,3650.9,1469.6699999999987,419.62,0,6,0.044091319838999714,0.10063751403763449,-0.0,0.06349206349206349,0.016261667256499808,0.008139525571813378,-0.007580535893128302,
1b_narrow,746,0.19056021180904828,True,128,21,72.0,25.0,7,7,3.7,17,38,0.5,2.8,1.0,0.015,0.5,8.844010554999768,1.087084440654635,0.4963837954454568,13.461222085115985,205,60,145,29.26829268292683,11040.31,10155.89,884.4200000000001,1142.8700000000001,0,1,16.416983472999927,1.4320001684108596,1.6321459882149767,9.314659727094865,82,29,53,35.36585365853659,5441.930000000001,3800.23,1641.7000000000012,432.66,0,7,0.04925095041899978,0.10800004210271491,-0.0,0.06507936507936508,0.008844010554999768,0.0043542220327317475,-0.04496837837976301,
1b_narrow,747,0.1738220011469989,True,126,21,73.0,25.0,7,7,3.8,17,40,0.6,2.8,1.0,0.015,0.5,8.40955260699977,1.083347704310699,0.484083881068061,13.081809458621091,211,64,147,30.33175355450237,10930.740000000002,10089.779999999999,840.9600000000028,1160.63,0,3,14.377658135499841,1.366099847727886,1.452454859046497,9.965321447927964,83,29,54,34.93975903614458,5364.919999999999,3927.18,1437.7399999999993,435.26,0,7,0.04313297440649952,0.09152496193197152,-0.0,0.06587301587301587,0.008409552606999769,0.004167385215534947,-0.039285888887022745,
1b_narrow,748,0.24106978089550984,True,129,21,72.0,25.0,7,7,3.7,17,38,0.6,2.8,1.0,0.015,0.5,15.635772696999883,1.1570337653677512,0.8127649401928981,12.490463886044404,202,62,140,30.693069306930692,11521.209999999997,9957.54,1563.6699999999964,1164.57,0,2,15.994552312999932,1.4312321380425994,1.6037332004526257,9.492523496730945,80,28,52,35.0,5308.4400000000005,3708.9999999999995,1599.440000000001,421.53000000000003,0,7,0.047983656938999794,0.10780803451064985,-0.0,0.06349206349206349,0.015635772696999884,0.007851688268387558,-0.001701435011590724,
1b_narrow,749,0.24681873342656047,True,128,21,72.0,25.0,7,7,3.7,17,39,0.6,2.8,1.0,0.015,0.5,15.519802540999844,1.1549376621587493,0.8078333673395119,11.875553921738742,202,62,140,30.693069306930692,11569.23,10017.189999999999,1552.0400000000009,1167.61,0,1,17.096232875999867,1.4640849333438297,1.7007200430232576,9.348196013212648,80,29,51,36.25,5393.4400000000005,3683.83,1709.6100000000006,424.42,0,7,0.0512886986279996,0.11602123333595743,-0.0,0.06349206349206349,0.015519802540999845,0.007746883107937464,-0.007249947678397369,
1b_narrow,750,0.23040737239508144,True,129,21,72.0,25.0,7,7,3.7,17,38,0.6,2.7,1.0,0.015,0.5,12.951505900499832,1.1278032857414924,0.6992591483756105,12.647761149750755,211,66,145,31.27962085308057,11429.26,10134.09,1295.17,1194.29,0,2,16.748137595499884,1.4628428514183858,1.6871055770626735,9.455446410826157,81,29,52,35.80246913580247,5293.37,3618.55,1674.8199999999997,424.34,0,7,0.05024441278649965,0.11571071285459644,-0.0,0.0642857142857143,0.012951505900499833,0.006390164287074618,-0.01917513771930339,
1b_narrow,751,0.24681873342656047,True,128,21,73.0,25.0,7,7,3.7,17,39,0.6,2.8,1.0,0.015,0.5,15.519802540999844,1.1549376621587493,0.8078333673395119,11.875553921738742,202,62,140,30.693069306930692,11569.23,10017.189999999999,1552.0400000000009,1167.61,0,1,17.096232875999867,1.4640849333438297,1.7007200430232576,9.348196013212648,80,29,51,36.25,5393.4400000000005,3683.83,1709.6100000000006,424.42,0,7,0.0512886986279996,0.11602123333595743,-0.0,0.06349206349206349,0.015519802540999845,0.007746883107937464,-0.007249947678397369,
1b_narrow,752,0.16136212013995832,True,127,21,72.0,25.0,7,7,3.7,16,38,0.6,2.8,1.0,0.015,0.5,11.476102938499844,1.1158100182053776,0.6244722590425725,12.167783551509203,211,64,147,30.33175355450237,11056.74,9909.16,1147.58,1185.76,0,3,9.70546897049997,1.211659619196741,1.0473860352434075,13.575116878751722,94,31,63,32.97872340425532,5556.150000000001,4585.570000000001,970.5799999999999,472.04,0,7,0.029116406911499908,0.05291490479918526,-0.0,0.0746031746031746,0.011476102938499844,0.005790500910268882,-0.012538970022670166,
1b_narrow,753,0.24830234081741603,True,128,21,72.0,25.0,7,7,3.7,17,38,0.6,2.8,1.0,0.015,0.5,15.752937473499843,1.1576266353153062,0.8181129009660905,11.691828617431833,201,62,139,30.845771144278608,11569.609999999999,9994.25,1575.3599999999988,1162.33,0,1,17.096232875999867,1.4640849333438297,1.7007200430232576,9.348196013212648,80,29,51,36.25,5393.4400000000005,3683.83,1709.6100000000006,424.42,0,7,0.0512886986279996,0.11602123333595743,-0.0,0.06349206349206349,0.01575293747349984,0.007881331765765309,-0.0061339238778696376,
1b_narrow,754,0.21151781001704653,True,127,21,72.0,25.0,7,7,3.7,17,38,0.6,2.8,1.0,0.015,0.5,12.10340064399972,1.1210981820364794,0.6561403078341871,12.044478592725573,209,64,145,30.62200956937799,11205.04,9994.7,1210.3400000000001,1181.56,0,3,15.370289890999919,1.4000229027699336,1.5399671931857968,9.967623273407686,82,29,53,35.36585365853659,5379.349999999999,3842.3300000000004,1537.019999999999,431.52,0,7,0.04611086967299976,0.1000057256924834,-0.0,0.06507936507936508,0.012103400643999722,0.006054909101823969,-0.017836460173625387,
1b_narrow,755,0.1943461132495739,True,129,21,72.0,25.0,7,7,3.7,17,38,0.5,2.8,1.0,0.015,0.5,9.885606223499781,1.0980098047477185,0.5438699101232795,12.545995627642531,204,60,144,29.41176470588235,11075.57,10086.95,988.619999999999,1143.87,0,2,15.486520234999897,1.404534768298417,1.552437560520365,9.463123962295795,82,28,54,34.146341463414636,5376.84,3828.2000000000003,1548.6399999999999,430.35,0,7,0.046459560704999694,0.10113369207460426,-0.0,0.06507936507936508,0.009885606223499783,0.004900490237385924,-0.03311260107028084,
1b_narrow,756,0.24830234081741603,True,128,21,73.0,25.0,7,7,3.7,17,38,0.6,2.8,1.0,0.015,0.5,15.752937473499843,1.1576266353153062,0.8181129009660905,11.691828617431833,201,62,139,30.845771144278608,11569.609999999999,9994.25,1575.3599999999988,1162.33,0,1,17.096232875999867,1.4640849333438297,1.7007200430232576,9.348196013212648,80,29,51,36.25,5393.4400000000005,3683.83,1709.6100000000006,424.42,0,7,0.0512886986279996,0.11602123333595743,-0.0,0.06349206349206349,0.01575293747349984,0.007881331765765309,-0.0061339238778696376,
1b_narrow,757,0.24681873342656047,True,128,21,72.0,25.0,7,7,3.7,17,39,0.6,2.8,1.0,0.015,0.5,15.519802540999844,1.1549376621587493,0.8078333673395119,11.875553921738742,202,62,140,30.693069306930692,11569.23,10017.189999999999,1552.0400000000009,1167.61,0,1,17.096232875999867,1.4640849333438297,1.7007200430232576,9.348196013212648,80,29,51,36.25,5393.4400000000005,3683.83,1709.6100000000006,424.42,0,7,0.0512886986279996,0.11602123333595743,-0.0,0.06349206349206349,0.015519802540999845,0.007746883107937464,-0.007249947678397369,
1b_narrow,758,0.18136809358612968,True,128,21,72.0,25.0,7,7,3.7,13,38,0.6,2.8,1.0,0.015,0.5,9.83049403949968,1.1011414449248191,0.552782030362144,13.899969179554589,214,66,148,30.8411214953271,10702.28,9719.260000000002,983.0199999999986,1204.1200000000001,0,1,12.285746404999827,1.2835153372534176,1.324255770381194,12.026892132971437,95,32,63,33.68421052631579,5561.78,4333.240000000001,1228.539999999999,485.36,0,7,0.036857239214999477,0.0708788343133544,-0.0,0.0753968253968254,0.00983049403949968,0.0050570722462409574,-0.01665237162479025,
1b_narrow,759,0.13483734213501325,True,127,21,72.0,25.0,7,7,3.7,17,37,0.6,3.0,1.0,0.015,0.5,11.658073208999795,1.1173051420798128,0.6245535335673302,15.0712452449527,193,56,137,29.015544041450777,11104.65,9938.779999999999,1165.8700000000008,1106.28,0,3,8.304605071999976,1.2513452982657913,0.8673045191484552,10.465073909535507,69,23,46,33.333333333333336,4134.570000000001,3304.0999999999995,830.4700000000012,350.65,0,7,0.02491381521599993,0.06283632456644783,-0.0,0.05476190476190477,0.011658073208999795,0.00586525710399064,-0.02519803272232971,
1b_narrow,760,0.24106978089550984,True,129,21,72.0,25.0,7,7,3.7,17,38,0.6,2.8,1.0,0.015,0.5,15.635772696999883,1.1570337653677512,0.8127649401928981,12.490463886044404,202,62,140,30.693069306930692,11521.209999999997,9957.54,1563.6699999999964,1164.57,0,2,15.994552312999932,1.4312321380425994,1.6037332004526257,9.492523496730945,80,28,52,35.0,5308.4400000000005,3708.9999999999995,1599.440000000001,421.53000000000003,0,7,0.047983656938999794,0.10780803451064985,-0.0,0.06349206349206349,0.015635772696999884,0.007851688268387558,-0.001701435011590724,
1b_narrow,761,0.1808467851589118,True,129,21,73.0,25.0,7,7,3.4,17,42,0.6,2.8,1.0,0.015,0.5,13.701394091499768,1.1379241269831684,0.7269256919167599,12.439027382327154,202,61,141,30.198019801980198,11304.4,9934.23,1370.17,1150.19,0,2,11.305413684499909,1.3152006022248863,1.1864381289136523,9.492523496730945,78,27,51,34.61538461538461,4717.23,3586.7,1130.5299999999997,405.91,0,7,0.033916241053499725,0.07880015055622158,-0.0,0.06190476190476191,0.01370139409149977,0.0068962063491584185,-0.014371968796229595,
1b_narrow,762,0.24690696177685956,True,128,21,72.0,25.0,7,7,3.7,17,37,0.6,2.8,1.0,0.015,0.5,15.752937473499843,1.1576266353153062,0.8181129009660905,11.691828617431833,201,62,139,30.845771144278608,11569.609999999999,9994.25,1575.3599999999988,1162.33,0,1,16.83718534949987,1.4538632191561112,1.6777033219464526,9.348196013212648,81,29,52,35.80246913580247,5393.4400000000005,3709.73,1683.7100000000005,430.15,0,7,0.050511556048499606,0.11346580478902779,-0.0,0.0642857142857143,0.01575293747349984,0.007881331765765309,-0.004990382585647285,
1b_narrow,763,0.12223056430470063,True,127,21,72.0,25.0,7,8,3.7,16,40,0.6,2.8,1.0,0.015,0.5,11.801227804999744,1.1188467712859063,0.6394940219525281,12.184777105676792,211,64,147,30.33175355450237,11109.41,9929.34,1180.0699999999997,1189.11,0,3,7.480150422999886,1.1642372386416282,0.8369076490283146,13.575116878751722,94,31,63,32.97872340425532,5302.6,4554.57,748.0300000000007,467.62,0,6,0.022440451268999656,0.04105930966040705,-0.0,0.0746031746031746,0.011801227804999745,0.005942338564295314,-0.033615937597175745,
1b_narrow,764,0.19056021180904828,True,128,21,72.0,25.0,7,7,3.7,17,38,0.5,2.8,1.0,0.015,0.5,8.844010554999768,1.087084440654635,0.4963837954454568,13.461222085115985,205,60,145,29.26829268292683,11040.31,10155.89,884.4200000000001,1142.8700000000001,0,1,16.416983472999927,1.4320001684108596,1.6321459882149767,9.314659727094865,82,29,53,35.36585365853659,5441.930000000001,3800.23,1641.7000000000012,432.66,0,7,0.04925095041899978,0.10800004210271491,-0.0,0.06507936507936508,0.008844010554999768,0.0043542220327317475,-0.04496837837976301,
1b_narrow,765,0.2239261661878615,True,127,18,73.0,25.0,7,7,3.7,17,37,0.6,2.8,1.0,0.015,0.5,13.758154618999797,1.1385961678135421,0.7344510681254423,11.777206839780236,206,64,142,31.067961165048544,11302.81,9926.970000000001,1375.8399999999983,1176.42,0,3,15.470191204499914,1.4021377752476611,1.5483463552625332,9.967623273407686,82,29,53,35.36585365853659,5394.01,3846.9900000000002,1547.02,432.27,0,7,0.04641057361349974,0.10053444381191529,-0.0,0.06507936507936508,0.013758154618999797,0.006929808390677106,-0.008786179326595518,
1b_narrow,766,0.23742551980353238,True,128,17,72.0,25.0,7,7,3.7,17,38,0.6,2.8,1.0,0.015,0.5,14.50227991949998,1.147346646834589,0.7664372130444572,12.163242518800207,196,60,136,30.612244897959183,11292.919999999998,9842.64,1450.2799999999988,1126.1,0,1,16.596391184999902,1.4463266656267986,1.656781593342846,9.348196013212648,81,29,52,35.80246913580247,5378.05,3718.4199999999996,1659.6300000000006,428.58,0,7,0.04978917355499971,0.11158166640669964,-0.0,0.0642857142857143,0.014502279919499981,0.007367332341729449,-0.010100646705110709,
1b_narrow,767,0.24106978089550984,True,129,21,72.0,25.0,7,7,3.7,17,38,0.6,2.8,1.0,0.015,0.5,15.635772696999883,1.1570337653677512,0.8127649401928981,12.490463886044404,202,62,140,30.693069306930692,11521.209999999997,9957.54,1563.6699999999964,1164.57,0,2,15.994552312999932,1.4312321380425994,1.6037332004526257,9.492523496730945,80,28,52,35.0,5308.4400000000005,3708.9999999999995,1599.440000000001,421.53000000000003,0,7,0.047983656938999794,0.10780803451064985,-0.0,0.06349206349206349,0.015635772696999884,0.007851688268387558,-0.001701435011590724,
1b_narrow,768,0.2176837546675422,True,128,21,72.0,25.0,7,9,3.7,17,39,0.6,2.8,1.0,0.015,0.5,15.411548217499933,1.1521243036445399,0.8081680138986146,11.609267105093217,203,63,140,31.03448275862069,11672.539999999999,10131.32,1541.2199999999993,1173.27,0,1,14.076109298499922,1.386129841059094,1.440240336754374,9.348196013212648,79,28,51,35.44303797468354,5052.97,3645.3799999999997,1407.5900000000006,413.62,0,6,0.04222832789549977,0.09653246026477352,-0.0,0.0626984126984127,0.015411548217499932,0.007606215182226994,-0.006793209590870728,
1b_narrow,769,0.1555325258773389,True,111,21,72.0,25.0,7,7,3.7,14,37,0.6,2.9,1.0,0.015,0.5,10.222630781499902,1.0995918820676547,0.5537215714560125,14.166653999555908,221,67,154,30.316742081447963,11286.42,10264.19,1022.2299999999996,1237.02,0,5,8.420558782499938,1.1722394379161172,0.9199361659544897,10.995772448358808,109,34,75,31.192660550458715,5731.020000000001,4888.95,842.0700000000015,552.71,0,1,0.025261676347499814,0.043059859479029294,-0.0,0.08650793650793652,0.010222630781499903,0.004979594103382734,-0.014499171342009363,
1b_narrow,770,0.21151781001704653,True,127,21,73.0,25.0,7,7,3.7,17,38,0.6,2.8,1.0,0.015,0.5,12.10340064399972,1.1210981820364794,0.6561403078341871,12.044478592725573,209,64,145,30.62200956937799,11205.04,9994.7,1210.3400000000001,1181.56,0,3,15.370289890999919,1.4000229027699336,1.5399671931857968,9.967623273407686,82,29,53,35.36585365853659,5379.349999999999,3842.3300000000004,1537.019999999999,431.52,0,7,0.04611086967299976,0.1000057256924834,-0.0,0.06507936507936508,0.012103400643999722,0.006054909101823969,-0.017836460173625387,
1b_narrow,771,0.24830234081741603,True,128,21,72.0,25.0,7,7,3.7,17,38,0.6,2.8,1.0,0.015,0.5,15.752937473499843,1.1576266353153062,0.8181129009660905,11.691828617431833,201,62,139,30.845771144278608,11569.609999999999,9994.25,1575.3599999999988,1162.33,0,1,17.096232875999867,1.4640849333438297,1.7007200430232576,9.348196013212648,80,29,51,36.25,5393.4400000000005,3683.83,1709.6100000000006,424.42,0,7,0.0512886986279996,0.11602123333595743,-0.0,0.06349206349206349,0.01575293747349984,0.007881331765765309,-0.0061339238778696376,
1b_narrow,772,0.22470601512568036,True,129,21,72.0,25.0,7,7,3.9,17,37,0.6,2.8,1.0,0.015,0.5,14.263534595999772,1.142278048697772,0.750599940750996,12.597915165829956,204,63,141,30.88235294117647,11451.92,10025.51,1426.4099999999999,1160.36,0,2,14.691690962499907,1.3855686661487747,1.4879952818137223,9.492523496730945,82,28,54,34.146341463414636,5279.459999999999,3810.32,1469.139999999999,431.99,0,7,0.04407507288749972,0.09639216653719368,-0.0,0.06507936507936508,0.014263534595999772,0.007113902434888597,-0.0022180264092664854,
1b_narrow,773,0.1524634993662421,True,126,21,72.0,25.0,7,7,3.7,17,38,0.5,2.8,1.0,0.015,0.5,6.1531280284998315,1.0617486278472983,0.3706961899539468,12.357210304804239,206,60,146,29.12621359223301,10579.55,9964.27,615.2799999999988,1113.2,0,3,14.948332080999863,1.3769283916746937,1.4939073277485484,9.940004480781285,84,29,55,34.523809523809526,5460.54,3965.74,1494.8000000000002,440.15,0,7,0.044844996242999584,0.09423209791867343,-0.0,0.06666666666666667,0.006153128028499832,0.0030874313923649147,-0.06252082088296232,
1b_narrow,774,0.16376308746335622,True,128,21,73.0,25.0,7,7,3.8,16,37,0.6,2.8,1.0,0.015,0.5,12.264924141499778,1.1225407964767105,0.6568937912883578,12.909220700720308,204,62,142,30.392156862745097,11235.319999999996,10008.830000000002,1226.4899999999943,1152.21,0,1,10.06075320349979,1.2215795965113208,1.0871956165792813,13.014557777775066,94,31,63,32.97872340425532,5546.46,4540.4,1006.0600000000004,475.92,0,7,0.030182259610499366,0.05539489912783019,-0.0,0.0746031746031746,0.012264924141499779,0.006127039823835523,-0.014809209843483233,
1b_narrow,775,0.21151781001704653,True,127,21,72.0,25.0,7,7,3.7,17,38,0.6,2.8,1.0,0.015,0.5,12.10340064399972,1.1210981820364794,0.6561403078341871,12.044478592725573,209,64,145,30.62200956937799,11205.04,9994.7,1210.3400000000001,1181.56,0,3,15.370289890999919,1.4000229027699336,1.5399671931857968,9.967623273407686,82,29,53,35.36585365853659,5379.349999999999,3842.3300000000004,1537.019999999999,431.52,0,7,0.04611086967299976,0.1000057256924834,-0.0,0.06507936507936508,0.012103400643999722,0.006054909101823969,-0.017836460173625387,
1b_narrow,776,0.16096901623237236,True,128,21,72.0,25.0,12,7,3.7,17,37,0.6,2.8,1.0,0.015,0.5,7.765630101499737,1.0791304082006972,0.45671517617779317,14.492180612925038,202,58,144,28.712871287128714,10590.37,9813.8,776.5700000000015,1125.71,0,1,11.827189986999965,1.3254719577301997,1.2336267667172105,9.348196013212648,80,28,52,35.0,4816.5,3633.8,1182.6999999999998,417.82,0,7,0.035481569960999895,0.08136798943254991,-0.0,0.06349206349206349,0.007765630101499738,0.003956520410034858,-0.031094757164775534,
1b_narrow,777,0.23967820149916577,True,129,21,72.0,25.0,7,7,3.7,17,39,0.6,2.8,1.0,0.015,0.5,15.418638898499884,1.1545166219906302,0.8031960313834827,12.490463886044404,203,62,141,30.541871921182267,11521.209999999997,9979.25,1541.9599999999973,1169.9,0,2,15.994552312999932,1.4312321380425994,1.6037332004526257,9.492523496730945,80,28,52,35.0,5308.4400000000005,3708.9999999999995,1599.440000000001,421.53000000000003,0,7,0.047983656938999794,0.10780803451064985,-0.0,0.06349206349206349,0.015418638898499884,0.0077258310995315105,-0.002750023440578762,
1b_narrow,778,0.12554598523221563,True,128,21,73.0,26.0,7,7,3.7,17,38,1.1,2.8,1.0,0.015,0.5,5.943957683999869,1.057391049116604,0.36160866617420945,11.363705429683545,214,64,150,29.906542056074766,10951.599999999999,10357.189999999999,594.4099999999999,1148.89,0,1,9.554892641499956,1.2412660337339665,1.0728104172489306,12.817278045373307,79,25,54,31.645569620253166,4915.910000000001,3960.3999999999996,955.5100000000011,394.94,0,4,0.028664677924499865,0.06031650843349162,-0.0,0.0626984126984127,0.00594395768399987,0.0028695524558302044,-0.03494712396401863,
1b_narrow,779,0.24690696177685956,True,128,21,72.0,25.0,7,7,3.7,17,37,0.6,2.8,1.0,0.015,0.5,15.752937473499843,1.1576266353153062,0.8181129009660905,11.691828617431833,201,62,139,30.845771144278608,11569.609999999999,9994.25,1575.3599999999988,1162.33,0,1,16.83718534949987,1.4538632191561112,1.6777033219464526,9.348196013212648,81,29,52,35.80246913580247,5393.4400000000005,3709.73,1683.7100000000005,430.15,0,7,0.050511556048499606,0.11346580478902779,-0.0,0.0642857142857143,0.01575293747349984,0.007881331765765309,-0.004990382585647285,
1b_narrow,780,0.24106978089550984,True,129,21,72.0,25.0,7,7,3.7,17,38,0.6,2.8,1.0,0.015,0.5,15.635772696999883,1.1570337653677512,0.8127649401928981,12.490463886044404,202,62,140,30.693069306930692,11521.209999999997,9957.54,1563.6699999999964,1164.57,0,2,15.994552312999932,1.4312321380425994,1.6037332004526257,9.492523496730945,80,28,52,35.0,5308.4400000000005,3708.9999999999995,1599.440000000001,421.53000000000003,0,7,0.047983656938999794,0.10780803451064985,-0.0,0.06349206349206349,0.015635772696999884,0.007851688268387558,-0.001701435011590724,
1b_narrow,781,0.21130107119905636,True,127,21,72.0,26.0,7,7,3.7,17,37,0.6,2.8,1.0,0.015,0.5,12.212103845499714,1.1223187894825934,0.6611941737061179,11.956691474296147,209,64,145,30.62200956937799,11205.04,9983.83,1221.210000000001,1181.67,0,3,15.114073655999928,1.3907496218927335,1.517031823202256,9.967623273407686,83,29,54,34.93975903614458,5379.349999999999,3867.9500000000003,1511.3999999999992,437.19,0,7,0.04534222096799978,0.09768740547318339,-0.0,0.06587301587301587,0.012212103845499714,0.006115939474129673,-0.015929614434772053,
1b_narrow,782,0.11740697184767947,True,128,21,73.0,25.0,7,7,3.7,17,38,1.0,2.8,1.0,0.015,0.5,5.432362071499756,1.0501738684695419,0.3361250763427726,11.979656010506815,227,66,161,29.07488986784141,11370.390000000001,10827.150000000001,543.2399999999998,1222.87,0,1,9.25593240999995,1.232187293050511,1.0415474892999168,12.817278045373307,79,25,54,31.645569620253166,4912.09,3986.4799999999996,925.6100000000006,394.15,0,5,0.027767797229999853,0.05804682326262772,-0.0,0.0626984126984127,0.005432362071499756,0.002508693423477093,-0.03904711683833765,
1b_narrow,783,0.16789046264322124,True,128,21,72.0,26.0,7,7,3.7,16,37,0.6,2.8,1.0,0.015,0.5,15.230690445999844,1.1536569643276875,0.7901444647310434,11.93653138992968,203,62,141,30.541871921182267,11435.889999999998,9912.73,1523.159999999998,1167.73,0,1,11.05461578949975,1.2473391342481448,1.1813113482033957,13.014557777775066,93,31,62,33.333333333333336,5574.870000000001,4469.41,1105.460000000001,471.69,0,7,0.03316384736849925,0.0618347835620362,-0.0,0.07380952380952381,0.015230690445999846,0.007682848216384375,-0.023831230759222246,
1b_narrow,784,0.17594614323577662,True,121,21,72.0,25.0,7,7,3.7,17,38,0.6,2.8,1.0,0.015,0.5,7.854204571999817,1.0813550860264396,0.45885589249077435,13.47252603080144,207,64,143,30.917874396135264,10440.04,9654.589999999998,785.4500000000025,1128.88,0,6,15.819077191999858,1.398296464521847,1.562179290166466,9.88509057632498,85,30,55,35.294117647058826,5553.670000000001,3971.7400000000002,1581.9300000000007,446.86,0,2,0.04745723157599958,0.09957411613046174,-0.0,0.06746031746031747,0.007854204571999817,0.00406775430132198,-0.050467480804323964,
1b_narrow,785,0.18092423713827346,True,127,21,72.0,26.0,7,7,3.8,17,37,0.6,2.8,1.0,0.015,0.5,9.183924711999698,1.0910733427935928,0.5201633464440669,12.800694921260563,211,64,147,30.33175355450237,11002.7,10084.29,918.4099999999999,1167.53,0,3,14.193781510999889,1.3603349047862032,1.4352694996479536,9.967623273407686,84,29,55,34.523809523809526,5358.399999999999,3939.03,1419.3699999999985,441.47,0,7,0.042581344532999665,0.0900837261965508,-0.0,0.06666666666666667,0.009183924711999697,0.00455366713967964,-0.03214509210962301,
1b_narrow,786,0.20708721391890866,True,129,21,72.0,25.0,7,8,3.7,17,39,0.5,2.8,1.0,0.015,0.5,12.678444932499715,1.1258541756832414,0.6779744880797242,12.452438393956387,204,61,143,29.901960784313726,11341.9,10074.039999999999,1267.8600000000006,1161.84,0,2,13.066590284999874,1.3443936047400409,1.342607681677153,9.463123962295795,82,28,54,34.146341463414636,5100.71,3794.0600000000004,1306.6499999999996,425.09,0,6,0.03919977085499962,0.08609840118501022,-0.0,0.06507936507936508,0.012678444932499717,0.006292708784162071,-0.0022614769171280394,
1b_narrow,787,0.25164438635829034,True,128,19,73.0,25.0,7,7,3.7,17,38,0.6,2.8,1.0,0.015,0.5,16.291907407999805,1.163280134292085,0.8413673495620867,11.614165788935907,199,62,137,31.155778894472363,11607.499999999998,9978.25,1629.2499999999982,1154.42,0,1,17.096232875999867,1.4640849333438297,1.7007200430232576,9.348196013212648,80,29,51,36.25,5393.4400000000005,3683.83,1709.6100000000006,424.42,0,7,0.0512886986279996,0.11602123333595743,-0.0,0.06349206349206349,0.016291907407999805,0.008164006714604256,-0.0036135232203342235,
1b_narrow,788,0.17505212081749189,True,127,21,73.0,26.0,7,7,3.7,11,38,0.6,2.9,1.0,0.015,0.5,9.343900805499652,1.0963191290856324,0.5293838377309763,13.68356759460094,222,67,155,30.18018018018018,10634.46,9700.150000000001,934.3099999999977,1243.3,0,3,9.36951793850003,1.201797459521625,1.0332832937909373,13.16280730389194,104,31,73,29.807692307692307,5580.21,4643.22,936.9899999999998,527.84,0,7,0.02810855381550009,0.050449364880406244,-0.0,0.08253968253968254,0.009343900805499654,0.0048159564542816224,-0.00020533767787827106,
1b_narrow,789,0.25025011115661727,True,128,19,73.0,25.0,7,7,3.7,17,37,0.6,2.8,1.0,0.015,0.5,16.291907407999805,1.163280134292085,0.8413673495620867,11.614165788935907,199,62,137,31.155778894472363,11607.499999999998,9978.25,1629.2499999999982,1154.42,0,1,16.83718534949987,1.4538632191561112,1.6777033219464526,9.348196013212648,81,29,52,35.80246913580247,5393.4400000000005,3709.73,1683.7100000000005,430.15,0,7,0.050511556048499606,0.11346580478902779,-0.0,0.0642857142857143,0.016291907407999805,0.008164006714604256,-0.002468878089228502,
1b_narrow,790,0.2399302467341429,True,129,19,73.0,25.0,7,7,3.7,17,37,0.6,2.8,1.0,0.015,0.5,15.913838354999863,1.1598794045372987,0.8244984427961218,12.507204033301281,201,62,139,30.845771144278608,11545.369999999997,9953.939999999999,1591.4299999999985,1161.54,0,2,15.738336077999938,1.421413691352802,1.5807628201171209,9.492523496730945,81,28,53,34.5679012345679,5308.4400000000005,3734.6199999999994,1573.820000000001,427.2,0,7,0.04721500823399981,0.10535342283820048,-0.0,0.0642857142857143,0.015913838354999862,0.007993970226864933,-0.0008317072056364818,
1b_narrow,791,0.25025011115661727,True,128,19,73.0,26.0,7,7,3.7,17,37,0.6,2.8,1.0,0.015,0.5,16.291907407999805,1.163280134292085,0.8413673495620867,11.614165788935907,199,62,137,31.155778894472363,11607.499999999998,9978.25,1629.2499999999982,1154.42,0,1,16.83718534949987,1.4538632191561112,1.6777033219464526,9.348196013212648,81,29,52,35.80246913580247,5393.4400000000005,3709.73,1683.7100000000005,430.15,0,7,0.050511556048499606,0.11346580478902779,-0.0,0.0642857142857143,0.016291907407999805,0.008164006714604256,-0.002468878089228502,
1b_narrow,792,0.22155673035442924,True,127,19,73.0,26.0,7,7,3.7,17,37,0.6,2.8,1.0,0.015,0.5,13.422496780499788,1.1348142508768195,0.7174416825299339,11.8026498062291,206,64,142,31.067961165048544,11298.71,9956.439999999999,1342.2700000000004,1175.08,0,3,15.470191204499914,1.4021377752476611,1.5483463552625332,9.967623273407686,82,29,53,35.36585365853659,5394.01,3846.9900000000002,1547.02,432.27,0,7,0.04641057361349974,0.10053444381191529,-0.0,0.06507936507936508,0.013422496780499789,0.006740712543840977,-0.010630861474691621,
1b_narrow,793,0.2399302467341429,True,129,19,73.0,26.0,7,7,3.7,17,37,0.6,2.8,1.0,0.015,0.5,15.913838354999863,1.1598794045372987,0.8244984427961218,12.507204033301281,201,62,139,30.845771144278608,11545.369999999997,9953.939999999999,1591.4299999999985,1161.54,0,2,15.738336077999938,1.421413691352802,1.5807628201171209,9.492523496730945,81,28,53,34.5679012345679,5308.4400000000005,3734.6199999999994,1573.820000000001,427.2,0,7,0.04721500823399981,0.10535342283820048,-0.0,0.0642857142857143,0.015913838354999862,0.007993970226864933,-0.0008317072056364818,
1b_narrow,794,0.11911438768683057,True,113,19,73.0,26.0,7,7,3.7,9,37,0.6,2.8,1.0,0.015,0.5,4.149309262999795,1.0388490043854228,0.27253521535932457,14.530232480928454,269,81,188,30.111524163568774,11095.779999999999,10680.84,414.9399999999987,1411.03,0,6,9.211130401999926,1.1784005732989873,1.032106075718003,11.641275331447591,123,39,84,31.70731707317073,6084.200000000001,5163.099999999999,921.1000000000013,645.1,0,1,0.027633391205999776,0.04460014332474682,-0.0,0.09761904761904762,0.004149309262999795,0.0019424502192711413,-0.05682995394523459,
1b_narrow,795,0.25025011115661727,True,128,19,73.0,26.0,7,7,3.7,17,37,0.6,2.8,1.0,0.015,0.5,16.291907407999805,1.163280134292085,0.8413673495620867,11.614165788935907,199,62,137,31.155778894472363,11607.499999999998,9978.25,1629.2499999999982,1154.42,0,1,16.83718534949987,1.4538632191561112,1.6777033219464526,9.348196013212648,81,29,52,35.80246913580247,5393.4400000000005,3709.73,1683.7100000000005,430.15,0,7,0.050511556048499606,0.11346580478902779,-0.0,0.0642857142857143,0.016291907407999805,0.008164006714604256,-0.002468878089228502,
1b_narrow,796,0.2191642870888695,True,126,19,73.0,26.0,7,7,3.7,17,37,0.6,2.8,1.0,0.015,0.5,13.168774913999732,1.1326154623883087,0.7075133303243049,11.98499746475701,205,64,141,31.21951219512195,11247.199999999999,9930.29,1316.909999999998,1164.17,0,3,15.394411854999907,1.3991604155916892,1.5428346981742282,9.965321447927964,82,29,53,35.36585365853659,5396.1,3856.67,1539.4300000000003,431.74,0,7,0.04618323556499972,0.09979010389792231,-0.0,0.06507936507936508,0.013168774913999731,0.0066307731194154345,-0.011687965486832772,
1b_narrow,797,0.18618071465723263,True,128,19,73.0,26.0,7,7,3.7,16,36,0.5,2.8,1.0,0.015,0.5,12.25741560649978,1.121633087264106,0.647641391280156,12.047581348015477,205,63,142,30.73170731707317,11302.819999999996,10077.11,1225.7099999999955,1159.64,0,1,11.502414655499834,1.2539907212556556,1.2157623372517832,12.593549263860195,94,32,62,34.04255319148936,5678.860000000001,4528.630000000001,1150.2299999999996,476.9,0,7,0.0345072439664995,0.0634976803139139,-0.0,0.0746031746031746,0.012257415606499782,0.006081654363205302,-0.004766454196060442,
1b_narrow,798,0.25025011115661727,True,128,19,73.0,26.0,7,7,3.7,17,37,0.6,2.8,1.0,0.015,0.5,16.291907407999805,1.163280134292085,0.8413673495620867,11.614165788935907,199,62,137,31.155778894472363,11607.499999999998,9978.25,1629.2499999999982,1154.42,0,1,16.83718534949987,1.4538632191561112,1.6777033219464526,9.348196013212648,81,29,52,35.80246913580247,5393.4400000000005,3709.73,1683.7100000000005,430.15,0,7,0.050511556048499606,0.11346580478902779,-0.0,0.0642857142857143,0.016291907407999805,0.008164006714604256,-0.002468878089228502,
1b_narrow,799,0.2399302467341429,True,129,19,73.0,26.0,7,7,3.7,17,37,0.6,2.8,1.0,0.015,0.5,15.913838354999863,1.1598794045372987,0.8244984427961218,12.507204033301281,201,62,139,30.845771144278608,11545.369999999997,9953.939999999999,1591.4299999999985,1161.54,0,2,15.738336077999938,1.421413691352802,1.5807628201171209,9.492523496730945,81,28,53,34.5679012345679,5308.4400000000005,3734.6199999999994,1573.820000000001,427.2,0,7,0.04721500823399981,0.10535342283820048,-0.0,0.0642857142857143,0.015913838354999862,0.007993970226864933,-0.0008317072056364818,
