stage,trial,score,gated,ema_period,rsi_period,rsi_overbought,rsi_oversold,atr_period,consolidation_candles,consolidation_atr_mult,swing_lookback,volume_sma_period,volume_mult,risk_reward_ratio,leverage,risk_per_trade_pct,max_position_allocation_pct,tr_return_pct,tr_pf,tr_sharpe,tr_max_dd,tr_trades,tr_wins,tr_losses,tr_win_rate,tr_gross_profit,tr_gross_loss,tr_net_pnl,tr_fees,tr_blocked,tr_head_dropped,va_return_pct,va_pf,va_sharpe,va_max_dd,va_trades,va_wins,va_losses,va_win_rate,va_gross_profit,va_gross_loss,va_net_pnl,va_fees,va_blocked,va_head_dropped,c_gate_shortfall,c_va_ret,c_va_pf,c_va_dd,c_va_sample,c_tr_ret,c_tr_pf,c_consistency
1a_broad,0,-1.3259637188208617,False,69,21,74.0,35.0,9,6,1.1,18,34,1.6,1.0,1.0,0.015,0.5,0.7816263000000071,99.0,1.2676072648437815,0.20446019413188013,2.0,2.0,0.0,100.0,78.16,0.0,78.16,10.02,0.0,0.0,0.15445404050000433,99.0,1.2437790620702036,0.07491321849998712,1.0,1.0,0.0,100.0,15.45,0.0,15.45,5.01,0.0,0.0,1.95578231292517,,,,,,,
1a_broad,1,-1.1065736786088505,False,147,19,60.0,24.0,9,9,2.6,11,21,1.4,1.4,1.0,0.015,0.5,-14.281687262999968,0.5550002492646692,-2.1630843187521447,15.419860352499981,128.0,46.0,82.0,35.9375,1781.24,3209.44,-1428.2,587.23,0.0,1.0,-6.038194686500101,0.5919445852339921,-1.7780492556084748,6.708448781008124,46.0,15.0,31.0,32.608695652173914,875.9299999999998,1479.7500000000002,-603.8200000000004,220.88,0.0,0.0,0.6394420716531035,,,,,,,
1a_broad,2,-1.0918998702098193,False,58,12,66.0,40.0,9,12,2.8,4,34,0.7,1.2,1.0,0.015,0.5,-8.88215088150033,0.8782093915886273,-0.9163941579208494,15.6870652759256,438.0,203.0,235.0,46.34703196347032,6404.139999999999,7292.27,-888.130000000001,2083.53,0.0,5.0,-9.177602575000057,0.6606582289713921,-2.3461296959525586,10.929644835976209,149.0,71.0,78.0,47.651006711409394,1786.77,2704.530000000001,-917.7600000000011,701.04,0.0,4.0,0.5513992212589162,,,,,,,
1a_broad,3,-1.2160808247919896,False,144,21,76.0,27.0,8,15,2.3,6,30,0.5,3.8000000000000003,1.0,0.015,0.5,-0.056658140499948786,0.9930800493061744,0.021167360177944357,5.003670810178033,34.0,7.0,27.0,20.58823529411765,813.7,819.3699999999999,-5.669999999999845,171.64,0.0,0.0,1.8029944980000254,1.3903986487949587,0.4968786243396958,2.8942649733024064,15.0,4.0,11.0,26.666666666666668,642.0999999999999,461.81000000000006,180.28999999999985,76.89,0.0,1.0,1.2964849487519383,,,,,,,
1a_broad,4,-1.0610031675300005,False,53,16,63.0,33.0,15,7,4.0,17,48,1.9000000000000001,2.8,1.0,0.015,0.5,12.828538555999877,1.17652951561612,0.7896662869207248,7.50797693376146,173.0,51.0,122.0,29.479768786127167,8550.039999999999,7267.17,1282.869999999999,936.37,0.0,3.0,-8.419118244500078,0.7540807861282481,-1.1106701367200402,12.628464587570631,75.0,19.0,56.0,25.333333333333332,2581.49,3423.36,-841.8700000000003,352.88,0.0,2.0,0.3660190051800026,,,,,,,
1a_broad,5,-1.3026573954525624,False,140,8,60.0,21.0,11,10,1.8,18,24,0.9,2.6,1.0,0.015,0.5,-1.3223284280000007,0.314214593164964,-1.1166773259232559,1.4394686593373613,10.0,2.0,8.0,20.0,60.59,192.83,-132.24,49.07,0.0,0.0,1.9644194589999824,99.0,2.9045055499620434,0.2802455311906812,4.0,4.0,0.0,100.0,196.45,0.0,196.45,20.11,0.0,0.0,1.8159443727153741,,,,,,,
1a_broad,6,-2.0,False,38,19,56.0,45.0,18,7,1.0,17,38,1.6,3.3000000000000003,1.0,0.015,0.5,,,,,,,,,,,,,,,0.36228543600000196,99.0,1.9337767680791922,0.08824426417354399,1.0,1.0,0.0,100.0,36.23,0.0,36.23,4.94,0.0,0.0,6.0,,,,,,,
1a_broad,7,-2.0,False,29,12,58.0,42.0,16,9,1.1,9,23,1.6,2.9000000000000004,1.0,0.015,0.5,,,,,,,,,,,,,,,,,,,,,,,,,,,,,6.0,,,,,,,
1a_broad,8,-1.102283854344146,False,136,14,58.0,38.0,18,13,3.3000000000000003,12,31,1.1,1.0,1.0,0.015,0.5,-3.5618529555001075,0.8135028872682726,-0.7183927298819406,5.710748654115038,134.0,78.0,56.0,58.208955223880594,1553.88,1910.11,-356.2299999999998,643.48,0.0,0.0,-3.3126764565001214,0.5527942764578833,-2.1688566216664507,3.750238329048007,39.0,17.0,22.0,43.58974358974359,409.51,740.8000000000001,-331.2900000000001,190.28,0.0,2.0,0.6137031260648754,,,,,,,
1a_broad,9,-2.0,False,34,7,71.0,28.0,14,19,1.7000000000000002,10,40,0.8,1.2,1.0,0.015,0.5,,,,,,,,,,,,,,,,,,,,,,,,,,,,,6.0,,,,,,,
1a_broad,10,-0.06201205234944252,True,102,16,80.0,33.0,21,4,3.9000000000000004,14,49,2.0,2.2,1.0,0.015,0.5,0.024660524500031897,1.0003975712013877,0.056136231113630614,9.582857446450118,142.0,49.0,93.0,34.50704225352113,6366.169999999999,6363.64,2.529999999998836,709.7,0.0,3.0,2.6949829725000565,1.0736321343593862,0.4194710305697,10.552732230710092,74.0,27.0,47.0,36.486486486486484,3930.1700000000005,3660.6300000000006,269.53999999999996,366.97,0.0,2.0,,0.00808494891750017,0.01840803358984655,-0.0,0.05873015873015874,2.46605245000319e-05,1.9878560069386266e-05,-0.1472797326715174
1a_broad,11,-1.0022116897935236,False,100,16,80.0,33.0,21,4,4.0,15,49,2.0,2.2,1.0,0.015,0.5,5.193279043499879,1.0795039993876536,0.3811909905482777,9.987471595357407,147.0,52.0,95.0,35.374149659863946,7051.59,6532.25,519.3400000000001,752.21,0.0,3.0,1.3332125609999639,1.036066354300802,0.2396471891168818,10.542318134039336,75.0,26.0,49.0,34.666666666666664,3829.8400000000006,3696.52,133.32000000000062,369.95,0.0,2.0,0.013270138761141031,,,,,,,
1a_broad,12,-1.018049498664876,False,100,16,80.0,32.0,21,4,4.0,14,50,2.0,2.0,1.0,0.015,0.5,1.7332524064999597,1.0265734244299565,0.16598832714138034,11.661882595864173,153.0,56.0,97.0,36.60130718954248,6698.33,6524.94,173.39000000000033,771.98,0.0,3.0,-1.661281042000064,0.9537316093522816,-0.16845093359618124,10.16271354519346,75.0,26.0,49.0,34.666666666666664,3424.0299999999997,3590.1399999999994,-166.10999999999967,364.85,0.0,2.0,0.10829699198925627,,,,,,,
1a_broad,13,-1.0178531412793232,False,102,16,80.0,30.0,21,4,3.4000000000000004,14,11,2.0,2.1,1.0,0.015,0.5,-7.462276959499886,0.8786462000809859,-0.4793186006278828,16.165008561522782,156.0,51.0,105.0,32.69230769230769,5402.98,6149.21,-746.2300000000005,712.16,0.0,2.0,0.48735163349991123,1.0158791180150122,0.12876685954164657,9.625625491162715,70.0,26.0,44.0,37.142857142857146,3118.18,3069.4400000000005,48.73999999999933,343.33,0.0,2.0,0.10711884767593968,,,,,,,
1a_broad,14,-1.0029044869234913,False,101,13,76.0,35.0,19,4,3.5,20,44,1.8,2.0,1.0,0.015,0.5,8.665478526999959,1.1123071858662155,0.5787618258025669,8.70669543381474,178.0,67.0,111.0,37.640449438202246,8582.54,7715.98,866.5600000000013,951.39,0.0,3.0,1.1447181114999512,1.0317017323820046,0.21289724705627622,11.113435814726632,78.0,27.0,51.0,34.61538461538461,3726.29,3611.7899999999995,114.50000000000045,384.09,0.0,1.0,0.017426921540948062,,,,,,,
1a_broad,15,-1.049342149537087,False,118,10,71.0,37.0,20,6,3.7,14,45,1.8,2.3,1.0,0.015,0.5,0.6579007760000786,1.0118780508073462,0.0968025796512893,11.050781743529772,140.0,45.0,95.0,32.142857142857146,5601.17,5535.42,65.75,716.47,0.0,2.0,-5.771643290500106,0.7997467124666039,-0.9314335412436744,12.020121623415438,63.0,17.0,46.0,26.984126984126984,2304.95,2882.100000000001,-577.150000000001,304.04,0.0,0.0,0.2960528972225212,,,,,,,
1a_broad,16,-1.049808674188311,False,84,17,78.0,31.0,18,6,3.2,15,43,1.3,1.7000000000000002,1.0,0.015,0.5,-5.523279531000116,0.9410659451108261,-0.30008542835029084,10.363916000154216,263.0,106.0,157.0,40.3041825095057,8819.99,9372.34,-552.3500000000004,1297.93,0.0,5.0,-6.188264361500151,0.8591765634848938,-0.8905215153089215,11.684793561283847,115.0,42.0,73.0,36.52173913043478,3775.66,4394.509999999999,-618.8499999999995,552.46,0.0,3.0,0.29885204512986574,,,,,,,
1a_broad,17,-1.022398590731301,False,118,18,72.0,27.0,21,4,3.8000000000000003,12,50,1.8,2.5,1.0,0.015,0.5,2.852754506499968,1.0443229049324496,0.23060742056756206,8.91303459539886,147.0,46.0,101.0,31.292517006802722,6721.209999999999,6435.95,285.2599999999993,752.97,0.0,3.0,-2.346768729500036,0.9335299500525541,-0.238120063124956,14.953959822229018,73.0,19.0,54.0,26.027397260273972,3295.09,3529.709999999999,-234.61999999999898,342.22,0.0,1.0,0.13439154438780598,,,,,,,
1a_broad,18,-1.324295579633015,False,85,15,68.0,35.0,16,19,3.0,8,40,2.0,3.2,1.0,0.015,0.5,-8.455068902999974,0.5479794064656854,-1.1666834446026009,12.953639695017555,48.0,8.0,40.0,16.666666666666668,1024.99,1870.49,-845.5,234.06,0.0,1.0,-5.054741330000016,0.3345051414727917,-1.5492524047745713,6.229705235656149,16.0,2.0,14.0,12.5,254.06,759.51,-505.45,76.34,0.0,1.0,1.9457734777980895,,,,,,,
1a_broad,19,-1.0508872820261033,False,121,10,77.0,23.0,19,8,3.6,16,46,1.7000000000000002,1.7000000000000002,1.0,0.015,0.5,-8.148440183000021,0.8570355722209255,-0.639282939973711,12.111438456426866,154.0,60.0,94.0,38.96103896103896,4884.339999999999,5699.110000000001,-814.7700000000013,732.54,0.0,3.0,-4.1772708625001185,0.8588300892133011,-0.6700251583200183,9.125414621201045,67.0,25.0,42.0,37.3134328358209,2541.4500000000003,2959.2,-417.74999999999955,320.06,0.0,0.0,0.3053236921566195,,,,,,,
1a_broad,20,-1.0162267642574028,False,81,14,80.0,29.0,13,5,4.0,20,42,1.4,4.0,1.0,0.015,0.5,5.757242725999932,1.0669920988631207,0.3242194253225323,10.90558437569318,167.0,41.0,126.0,24.550898203592816,9169.41,8593.699999999999,575.710000000001,864.25,0.0,5.0,-1.3236258520000956,0.9616694566243634,-0.043621798319352596,17.862200570953316,61.0,11.0,50.0,18.0327868852459,3320.5099999999998,3452.86,-132.35000000000036,284.03000000000003,0.0,2.0,0.09736058554441678,,,,,,,
1a_broad,21,-1.0086786024750762,False,100,13,75.0,34.0,19,4,3.5,20,46,1.8,1.9,1.0,0.015,0.5,9.93991752849999,1.1333836993817856,0.6628518279391548,8.959182802747259,177.0,69.0,108.0,38.983050847457626,8446.099999999999,7452.110000000001,993.989999999998,941.82,0.0,3.0,-0.12200413550004668,0.9966058478297702,0.04655497494979566,10.5770208162279,80.0,28.0,52.0,35.0,3588.09,3600.31,-12.2199999999998,393.21,0.0,1.0,0.052071614850457415,,,,,,,
1a_broad,22,-1.0035268253135163,False,107,11,78.0,37.0,20,6,3.7,19,50,1.9000000000000001,2.3,1.0,0.015,0.5,1.3848677629999293,1.0231714294317804,0.14547918080603742,9.920916490216683,139.0,47.0,92.0,33.81294964028777,6116.13,5977.620000000001,138.5099999999993,701.51,0.0,3.0,1.0058143334999476,1.0277810005248473,0.19453808833709121,10.371878560649712,74.0,22.0,52.0,29.72972972972973,3720.67,3620.1,100.57000000000016,365.77,0.0,0.0,0.02116095188109782,,,,,,,
1a_broad,23,-1.0052177178966666,False,94,14,74.0,40.0,17,5,3.1,13,44,1.7000000000000002,2.3,1.0,0.015,0.5,-3.1306307379999456,0.9586897443339225,-0.14406902665705304,15.658176297386516,179.0,57.0,122.0,31.843575418994412,7267.06,7580.200000000001,-313.1400000000003,898.18,0.0,3.0,7.323963403999878,1.2296505338413055,1.0250109321142025,11.192977670879461,79.0,28.0,51.0,35.44303797468354,3921.539999999999,3189.1499999999996,732.3899999999994,394.83,0.0,0.0,0.031306307379999454,,,,,,,
1a_broad,24,-1.0276940472695557,False,130,17,78.0,33.0,20,8,3.8000000000000003,16,37,2.0,1.7000000000000002,1.0,0.015,0.5,-3.173255808000085,0.9392657368092594,-0.21712109410698052,10.685392059096097,127.0,50.0,77.0,39.37007874015748,4906.4800000000005,5223.74,-317.2599999999993,623.25,0.0,1.0,-1.9834436645001003,0.9296728466630504,-0.2707893878122803,9.545548355950359,64.0,25.0,39.0,39.0625,2622.0400000000004,2820.39,-198.34999999999945,312.13,0.0,0.0,0.16616428361733487,,,,,,,
1a_broad,25,-1.0175203708352125,False,111,15,73.0,31.0,19,5,3.5,16,47,1.5,1.5,1.0,0.015,0.5,-1.5915454500003035,0.9787078366878501,-0.06924445315891793,10.234692663347186,225.0,97.0,128.0,43.111111111111114,7316.81,7475.99,-159.17999999999938,1108.37,0.0,4.0,-1.179851725000026,0.9687213340756647,-0.1175400261523386,9.431437580504042,96.0,40.0,56.0,41.666666666666664,3653.92,3771.9,-117.98000000000002,462.85,0.0,2.0,0.10512222501127501,,,,,,,
1a_broad,26,-1.0182848057895273,False,72,19,76.0,36.0,21,4,2.8,18,42,1.9000000000000001,2.1,1.0,0.015,0.5,-3.6562130690001866,0.9493229943499693,-0.20851391026481128,11.66400195770115,179.0,59.0,120.0,32.960893854748605,6848.53,7214.12,-365.59000000000015,906.2,0.0,4.0,-0.6878185555000891,0.980418055583231,-0.027614170556199674,13.524870959309087,79.0,28.0,51.0,35.44303797468354,3444.14,3512.9300000000003,-68.79000000000042,383.04,0.0,2.0,0.10970883473716372,,,,,,,
1a_broad,27,-1.085044149232138,False,90,13,69.0,38.0,19,7,3.8000000000000003,13,38,1.7000000000000002,2.7,1.0,0.015,0.5,-1.3722371485000804,0.9822020447224686,-0.029141499106215402,13.58595318425463,187.0,54.0,133.0,28.877005347593585,7574.3099999999995,7711.5599999999995,-137.25,943.41,0.0,3.0,-12.59954202800007,0.6609255411907811,-1.756735113702247,14.694072675277578,83.0,17.0,66.0,20.481927710843372,2455.92,3715.8800000000006,-1259.9600000000005,387.41,0.0,0.0,0.510264895392829,,,,,,,
1a_broad,28,-1.0741383701317595,False,126,18,79.0,25.0,17,11,3.4000000000000004,15,48,1.8,3.1,1.0,0.015,0.5,-3.5536376865000783,0.9251679477729807,-0.19965209801378084,11.065301492838968,109.0,27.0,82.0,24.770642201834864,4393.16,4748.500000000001,-355.34000000000106,528.75,0.0,2.0,-8.173741482500063,0.7060657494444164,-1.2036551904576807,15.065852337681255,54.0,14.0,40.0,25.925925925925927,1963.4699999999998,2780.86,-817.3900000000003,245.16,0.0,1.0,0.4448302207905573,,,,,,,
1a_broad,29,-1.00840727415922,False,78,15,75.0,35.0,20,5,4.0,19,10,1.2000000000000002,2.4000000000000004,1.0,0.015,0.5,0.9075917184997888,1.0076143345826714,0.11612725187159405,13.171449804417962,289.0,87.0,202.0,30.103806228373703,12009.06,11918.310000000001,90.74999999999818,1499.92,0.0,4.0,-0.09105211000020064,0.9979902199519152,0.061169632261221164,11.516298286929691,111.0,37.0,74.0,33.333333333333336,4528.6900000000005,4537.81,-9.11999999999989,549.11,0.0,3.0,0.05044364495532093,,,,,,,
1a_broad,30,-1.0735151819625277,False,64,21,77.0,40.0,17,6,3.0,7,33,1.5,1.9,1.0,0.015,0.5,-7.069863086000206,0.9190859615087471,-0.4805546427561638,19.288402103591714,276.0,92.0,184.0,33.333333333333336,8030.099999999999,8737.050000000001,-706.9500000000016,1424.68,0.0,3.0,-9.55364731050011,0.7614012127993286,-1.516288112854109,13.391113705101674,119.0,41.0,78.0,34.45378151260504,3048.62,4003.9600000000005,-955.3400000000006,551.39,0.0,3.0,0.4410910917751665,,,,,,,
1a_broad,31,-1.0067993414144298,False,110,10,78.0,36.0,20,6,3.7,19,50,1.9000000000000001,2.2,1.0,0.015,0.5,-0.5833244280001054,0.9896847610644817,0.010209422981115058,8.750089942588088,139.0,48.0,91.0,34.53237410071942,5597.37,5655.71,-58.340000000000146,681.68,0.0,3.0,0.46386771399993454,1.0132890555830938,0.1241950981419361,10.048744404995782,74.0,23.0,51.0,31.08108108108108,3536.47,3490.09,46.379999999999654,360.96,0.0,0.0,0.04079604848657844,,,,,,,
1a_broad,32,-1.087759056303339,False,108,11,80.0,33.0,21,8,3.6,19,48,1.9000000000000001,2.5,1.0,0.015,0.5,-8.537776088000046,0.8466385837592174,-0.5521581419718015,13.497222499381559,127.0,37.0,90.0,29.133858267716537,4713.11,5566.85,-853.7400000000007,592.83,0.0,3.0,-10.528646844000178,0.6973153860749669,-1.4797542833756354,15.14724094949239,71.0,18.0,53.0,25.35211267605634,2425.5,3478.3399999999997,-1052.8399999999997,321.38,0.0,0.0,0.5265543378200338,,,,,,,
1a_broad,33,-1.0397480429411423,False,94,12,74.0,38.0,20,5,3.3000000000000003,18,44,2.0,1.9,1.0,0.015,0.5,-12.699454221000215,0.79635925132455,-0.9471812225750091,18.16396310928352,154.0,50.0,104.0,32.467532467532465,4966.16,6236.08,-1269.92,716.77,0.0,3.0,-1.458123907500012,0.9482418998200552,-0.16161046182252517,10.757286441772882,69.0,25.0,44.0,36.231884057971016,2671.7000000000007,2817.5300000000007,-145.82999999999993,336.73,0.0,0.0,0.23848825764685444,,,,,,,
1a_broad,34,-1.0268235218162745,False,103,9,77.0,42.0,19,7,3.9000000000000004,20,50,1.7000000000000002,1.5,1.0,0.015,0.5,0.9343548709997593,1.013842102766048,0.11752869133388529,11.965825143277508,198.0,87.0,111.0,43.93939393939394,6838.0,6744.640000000001,93.35999999999876,974.27,0.0,2.0,-2.766480745000081,0.9100598603799719,-0.369109260288569,11.071066656225696,76.0,31.0,45.0,40.78947368421053,2798.8799999999997,3075.49,-276.6100000000001,362.27,0.0,1.0,0.16094113089764667,,,,,,,
1a_broad,35,-1.057717387726946,False,114,11,76.0,34.0,18,17,3.6,11,41,1.9000000000000001,3.5,1.0,0.015,0.5,-11.48130723500004,0.7066229209946008,-0.9539215705029542,18.60218911621927,98.0,19.0,79.0,19.387755102040817,2765.39,3913.5299999999997,-1148.1399999999999,457.77,0.0,4.0,-1.249627828000048,0.9200552754817412,-0.19115063018239403,8.21311126952323,38.0,8.0,30.0,21.05263157894737,1438.12,1563.08,-124.96000000000004,185.06,0.0,0.0,0.34630432636167596,,,,,,,
1a_broad,36,-1.0442845840164,False,94,13,79.0,32.0,7,9,2.5,17,47,1.8,2.8,1.0,0.015,0.5,0.5144442889999845,1.013146223943356,0.08583455480645587,12.02907159338437,95.0,25.0,70.0,26.31578947368421,3963.58,3912.15,51.429999999999836,457.62,0.0,3.0,-3.257007369500043,0.8373485552192889,-0.48306865448300845,10.720944204560999,43.0,10.0,33.0,23.25581395348837,1676.6899999999998,2002.38,-325.6900000000003,204.45,0.0,0.0,0.26570750409839883,,,,,,,
1a_broad,37,-1.0186649540148904,False,49,11,78.0,36.0,20,6,3.8000000000000003,15,36,1.9000000000000001,2.3,1.0,0.015,0.5,13.45170664849984,1.1707687092879622,0.8602938546251012,9.014967333044714,199.0,64.0,135.0,32.1608040201005,9222.109999999999,7876.969999999999,1345.1399999999994,1078.79,0.0,2.0,-1.8784323830000722,0.9521343297276907,-0.18891976824315887,9.769537266820922,95.0,30.0,65.0,31.57894736842105,3735.6800000000003,3923.48,-187.79999999999973,474.51,0.0,2.0,0.11198972408934292,,,,,,,
1a_broad,38,-1.0440549960682182,False,72,17,75.0,40.0,10,7,3.2,17,45,1.5,2.6,1.0,0.015,0.5,-1.7867183350000413,0.9799796806023681,-0.03865294955799338,13.844750369877271,207.0,56.0,151.0,27.053140096618357,8748.699999999999,8927.43,-178.73000000000138,1067.48,0.0,4.0,-5.806652504000085,0.8521839185797273,-0.6235491418320521,16.498915701194093,85.0,25.0,60.0,29.41176470588235,3347.6,3928.26,-580.6600000000003,387.3,0.0,2.0,0.2643299764093086,,,,,,,
1a_broad,39,-1.0097869324923843,False,130,20,73.0,30.0,21,4,3.5,4,27,0.5,3.0,1.0,0.015,0.5,0.8349819694997312,1.0068870693931045,0.11301982331345048,17.35999329747987,371.0,102.0,269.0,27.493261455525605,12200.36,12116.91,83.45000000000073,1963.41,0.0,1.0,-0.3700156615000924,0.9922274897437298,0.02680404043825808,11.390100352948469,133.0,36.0,97.0,27.06766917293233,4725.92,4762.94,-37.01999999999953,658.64,0.0,9.0,0.05872159495430595,,,,,,,
1a_broad,40,-1.05342028054547,False,21,12,79.0,45.0,16,10,2.8,19,19,1.6,2.1,1.0,0.015,0.5,3.6510539289996085,1.0437875597718957,0.3132756593312777,14.251550961763293,267.0,88.0,179.0,32.95880149812734,8705.23,8340.039999999999,365.1900000000005,1458.4,0.0,1.0,-7.85168443000015,0.7958949190785404,-1.2842756293890647,14.250071628074737,126.0,42.0,84.0,33.333333333333336,3061.7599999999998,3846.9399999999996,-785.1799999999998,598.98,0.0,1.0,0.3205216832728202,,,,,,,
1a_broad,41,-1.0316500738985797,False,91,14,74.0,40.0,17,5,3.0,13,44,1.7000000000000002,2.3,1.0,0.015,0.5,-3.544903973500022,0.9506718782395496,-0.17637751094428766,16.540213830694007,174.0,55.0,119.0,31.60919540229885,6832.07,7186.57,-354.5,871.9,0.0,3.0,-2.7795966965000662,0.9170117914739493,-0.35160991394370095,13.026232000740295,81.0,24.0,57.0,29.62962962962963,3071.1,3349.0299999999993,-277.9299999999994,391.63,0.0,0.0,0.1899004433914778,,,,,,,
1a_broad,42,-1.051808959267399,False,105,16,63.0,42.0,18,5,3.1,12,49,1.7000000000000002,2.5,1.0,0.015,0.5,-3.8963903575001497,0.9318495432675912,-0.2309020863354906,12.592811840356404,157.0,48.0,109.0,30.573248407643312,5328.120000000001,5717.790000000001,-389.6700000000001,767.51,0.0,3.0,-4.831658244500141,0.8152480669363905,-0.7708742859174785,10.121763562350349,62.0,15.0,47.0,24.193548387096776,2131.8900000000003,2615.0200000000004,-483.1300000000001,296.34,0.0,0.0,0.31085375560439293,,,,,,,
1a_broad,43,-1.1147545641510592,False,97,14,76.0,39.0,15,6,2.1,13,40,2.0,2.2,1.0,0.015,0.5,1.0853091930000118,1.0367281736093248,0.1407484921459136,10.478874216405814,76.0,27.0,49.0,35.526315789473685,3063.2000000000003,2954.6800000000003,108.51999999999998,382.84,0.0,3.0,-7.6137229935001045,0.6427046229943637,-1.4513020422806535,11.109563172118555,46.0,10.0,36.0,21.73913043478261,1369.52,2130.8700000000003,-761.3500000000004,217.23,0.0,0.0,0.6885273849063553,,,,,,,
1a_broad,44,-1.0385507393548181,False,77,15,69.0,37.0,19,4,2.6,11,47,1.9000000000000001,1.8,1.0,0.015,0.5,-10.214194493999948,0.8311674787932485,-0.7913972411163276,13.760825943695004,173.0,59.0,114.0,34.104046242774565,5028.530000000002,6049.96,-1021.4299999999985,809.26,0.0,3.0,-1.9200397060000614,0.9345398011646459,-0.2495895059525542,8.574268590214125,77.0,29.0,48.0,37.66233766233766,2741.0799999999995,2933.08,-192.00000000000045,380.35,0.0,2.0,0.23130443612890883,,,,,,,
1a_broad,45,-1.0376887242132655,False,85,13,72.0,43.0,17,5,3.9000000000000004,10,44,1.8,2.0,1.0,0.015,0.5,-7.452417914500038,0.9042677671641254,-0.4511788173033128,16.384549439564584,196.0,64.0,132.0,32.6530612244898,7040.24,7785.57,-745.3299999999999,986.33,0.0,1.0,-2.7449991964999754,0.9196339171219281,-0.3390221771442077,10.408292826564864,85.0,28.0,57.0,32.94117647058823,3141.12,3415.62,-274.5,417.51,0.0,0.0,0.22613234527959247,,,,,,,
1a_broad,46,-1.0529828068281994,False,148,16,77.0,34.0,12,8,3.3000000000000003,14,48,1.6,2.7,1.0,0.015,0.5,-14.412184984000087,0.7744798113440795,-0.9972425280096154,19.500425146005263,143.0,38.0,105.0,26.573426573426573,4949.290000000001,6390.470000000001,-1441.1800000000003,652.93,0.0,1.0,-2.830155196500018,0.8972528888775942,-0.3289059528568663,11.629552699673965,58.0,15.0,43.0,25.862068965517242,2471.5099999999998,2754.53,-283.02000000000044,275.24,0.0,0.0,0.317896840969197,,,,,,,
1a_broad,47,-1.0133862764725514,False,106,14,79.0,32.0,20,4,1.2,17,43,1.0,2.2,1.0,0.015,0.5,-5.990949557000204,0.822659806875973,-0.5841322044486736,11.419939081517645,96.0,30.0,66.0,31.25,2779.0599999999995,3378.1400000000003,-599.0800000000008,461.98,0.0,0.0,1.790677386499956,1.0970959082404619,0.39007177999185355,7.3615803305709,48.0,15.0,33.0,31.25,2022.9899999999998,1843.9500000000003,179.0399999999995,248.97,0.0,0.0,0.08031765883530818,,,,,,,
1a_broad,48,0.038108172706422486,True,90,18,80.0,37.0,18,6,3.7,13,46,2.0,2.4000000000000004,1.0,0.015,0.5,1.3111047179999513,1.0199378501254102,0.13979156921207767,10.229880899036758,150.0,46.0,104.0,30.666666666666668,6705.510000000001,6574.43,131.08000000000084,765.64,0.0,3.0,2.6452635329999064,1.0788677389061962,0.40631031151906616,11.71676289680894,74.0,25.0,49.0,33.78378378378378,3618.8999999999996,3354.35,264.5499999999997,369.84,0.0,1.0,,0.00793579059899972,0.019716934726549062,-0.0,0.05873015873015874,0.0013111047179999514,0.000996892506270508,-0.05058270857355549
1a_broad,49,-1.090204432750829,False,122,18,80.0,37.0,18,7,3.7,15,46,2.0,1.3,1.0,0.015,0.5,-14.674975378000054,0.6994874357246855,-1.3194530871022596,16.835216748312657,132.0,53.0,79.0,40.15151515151515,3415.8,4883.290000000001,-1467.4900000000007,596.96,0.0,2.0,-8.602827659000086,0.7261290055582791,-1.552271151694864,11.527736146741896,75.0,30.0,45.0,40.0,2280.9599999999996,3141.2599999999998,-860.3000000000002,347.36,0.0,0.0,0.5412265965049737,,,,,,,
1a_broad,50,-1.086085878626346,False,114,8,78.0,35.0,21,9,3.9000000000000004,12,50,2.0,2.5,1.0,0.015,0.5,-6.421808263500024,0.8677256850048605,-0.4466990290029393,12.456720174348341,119.0,35.0,84.0,29.41176470588235,4213.19,4855.44,-642.25,574.82,0.0,3.0,-9.229364203000042,0.6719962755522702,-1.5652990887101468,13.229712518669414,60.0,14.0,46.0,23.333333333333332,1890.8899999999999,2813.84,-922.9500000000003,279.16,0.0,0.0,0.5165152717580768,,,,,,,
1a_broad,51,-1.0033243927902358,False,88,17,80.0,39.0,15,5,3.4000000000000004,13,45,1.8,2.3,1.0,0.015,0.5,2.41057587649997,1.031278217729297,0.20428600357339424,12.011292391535658,175.0,55.0,120.0,31.428571428571427,7949.01,7707.919999999998,241.09000000000196,935.92,0.0,3.0,0.996342724499973,1.029056325421515,0.19436141703438542,11.971986811171274,77.0,25.0,52.0,32.467532467532465,3529.5499999999997,3429.89,99.65999999999985,381.83,0.0,1.0,0.01994635674141429,,,,,,,
1a_broad,52,-1.0042443592508334,False,99,19,80.0,38.0,14,14,3.4000000000000004,14,46,1.9000000000000001,2.4000000000000004,1.0,0.015,0.5,-2.546615550500046,0.942678513557308,-0.17472232211192285,13.058459003679657,111.0,31.0,80.0,27.92792792792793,4188.66,4443.36,-254.69999999999982,560.05,0.0,4.0,1.1309368154999355,1.0537989281111646,0.2424359012012301,7.766367647627505,53.0,16.0,37.0,30.18867924528302,2215.96,2102.83,113.13000000000011,261.57,0.0,1.0,0.025466155505000462,,,,,,,
1a_broad,53,-1.0156735040333336,False,89,17,79.0,39.0,15,6,3.6,10,48,1.8,2.1,1.0,0.015,0.5,-9.404102420000145,0.8705804319077233,-0.5887751840282418,15.063325198399378,178.0,55.0,123.0,30.89887640449438,6326.360000000001,7266.83,-940.4699999999993,874.33,0.0,3.0,5.090743347999997,1.1563248461623492,0.7452566250186449,9.588923422912677,81.0,30.0,51.0,37.03703703703704,3765.7799999999997,3256.6800000000003,509.09999999999945,402.41,0.0,1.0,0.09404102420000145,,,,,,,
1a_broad,54,-1.0279484927156104,False,82,18,80.0,34.0,21,4,4.0,16,42,2.0,2.0,1.0,0.015,0.5,1.2467183419998218,1.0172600859129355,0.13532770245330092,10.121473455289788,172.0,62.0,110.0,36.04651162790697,7350.639999999999,7225.92,124.71999999999935,895.78,0.0,3.0,-3.28871253700001,0.9084559775301541,-0.37923825640101355,12.755209284565575,77.0,27.0,50.0,35.064935064935064,3263.5099999999998,3592.3700000000003,-328.8600000000006,372.38,0.0,2.0,0.16769095629366293,,,,,,,
1a_broad,55,-1.0158022059407037,False,88,19,77.0,36.0,19,6,3.8000000000000003,11,45,1.9000000000000001,1.8,1.0,0.015,0.5,-8.380795967500145,0.882273785226773,-0.5470273106538593,15.341294264100172,179.0,63.0,116.0,35.19553072625698,6281.11,7119.2300000000005,-838.1200000000008,886.49,0.0,3.0,1.2987793849999434,1.0384444602323186,0.24776660656913885,9.913507733225051,85.0,33.0,52.0,38.8235294117647,3507.99,3378.12,129.8699999999999,426.01,0.0,1.0,0.09481323564422185,,,,,,,
1a_broad,56,0.1148497336018542,True,98,17,78.0,35.0,20,5,3.7,13,39,1.8,2.4000000000000004,1.0,0.015,0.5,4.797617872499959,1.061814546054259,0.3423413688476762,10.67890519807017,173.0,57.0,116.0,32.947976878612714,8241.039999999999,7761.28,479.7599999999993,920.81,0.0,4.0,5.564457892999908,1.14833188937021,0.7475477030077167,12.005641683448175,81.0,26.0,55.0,32.098765432098766,4307.68,3751.25,556.4300000000003,410.29,0.0,2.0,,0.016693373678999722,0.03708297234255248,-0.0,0.0642857142857143,0.004797617872499959,0.003090727302712948,-0.011100671880625206
1a_broad,57,-1.0331352000746827,False,67,17,76.0,30.0,14,20,3.5,13,39,1.8,2.8,1.0,0.015,0.5,-10.357310521000162,0.7401100031615871,-0.8770098242173269,17.12110174452487,101.0,22.0,79.0,21.782178217821784,2949.59,3985.3400000000006,-1035.7500000000005,481.19,0.0,2.0,4.460097781499972,1.3141082519964509,0.817990948102778,6.343597446508185,38.0,11.0,27.0,28.94736842105263,1866.0600000000002,1420.02,446.0400000000002,192.26,0.0,2.0,0.19881120044809686,,,,,,,
1a_broad,58,0.06860111130183666,True,97,20,79.0,31.0,13,5,3.9000000000000004,12,36,1.8,2.6,1.0,0.015,0.5,14.81852944649978,1.1792091158002689,0.8338146689834544,6.297675825629666,181.0,59.0,122.0,32.59668508287293,9750.55,8268.72,1481.83,979.92,0.0,4.0,5.301346709999889,1.1391692368265636,0.7028502361553874,11.125063911885903,82.0,25.0,57.0,30.48780487804878,4339.950000000001,3809.75,530.2000000000007,411.0,0.0,2.0,,0.015904040129999665,0.03479230920664089,-0.0,0.06507936507936508,0.014818529446499779,0.008960455790013444,-0.0709535883506822
1a_broad,59,-1.0483889277673584,False,99,20,55.0,31.0,9,4,3.9000000000000004,9,35,1.6,2.6,1.0,0.015,0.5,-8.746683147000095,0.8009815654991331,-0.788300752122427,11.470541174087193,148.0,42.0,106.0,28.37837837837838,3520.33,4395.0199999999995,-874.6899999999996,687.38,0.0,4.0,-2.2774935525,0.8609036104103932,-0.42216359877689685,7.534131634761966,48.0,13.0,35.0,27.083333333333332,1409.48,1637.2100000000003,-227.73000000000025,232.2,0.0,3.0,0.29033356660415033,,,,,,,
1a_broad,60,-1.025942448818749,False,117,20,79.0,28.0,8,7,3.7,12,32,2.0,2.9000000000000004,1.0,0.015,0.5,7.417713646499796,1.1289095424377713,0.4752962115069753,9.113375162484214,124.0,39.0,85.0,31.451612903225808,6495.96,5754.1900000000005,741.7699999999995,644.29,0.0,3.0,-2.937507620000142,0.9174064024518831,-0.32730247726891226,13.02309780893337,69.0,17.0,52.0,24.63768115942029,3262.71,3556.4500000000003,-293.74000000000024,332.13,0.0,0.0,0.15565469291249373,,,,,,,
1a_broad,61,-1.010081676891903,False,94,16,80.0,33.0,12,5,4.0,14,37,1.8,2.4000000000000004,1.0,0.015,0.5,10.117869542999832,1.1189953930817427,0.6188138163785134,9.328014082147538,186.0,61.0,125.0,32.795698924731184,9514.180000000002,8502.43,1011.7500000000018,995.9,0.0,4.0,-0.36115052400007697,0.9902775160830125,0.019175518158173914,12.093753443640583,81.0,25.0,56.0,30.864197530864196,3678.98,3715.1000000000004,-36.120000000000346,404.52,0.0,2.0,0.06049006135141747,,,,,,,
1a_broad,62,0.08694943118822955,True,103,18,78.0,20.0,11,5,3.6,12,29,1.7000000000000002,2.7,1.0,0.015,0.5,3.630182628499951,1.046144792250563,0.2628504364754277,8.901870374521959,185.0,55.0,130.0,29.72972972972973,8230.45,7867.41,363.0400000000009,949.34,0.0,4.0,2.9747520394999083,1.0748752205506655,0.4206895203573206,11.991944894061026,86.0,24.0,62.0,27.906976744186046,4270.49,3973.0099999999998,297.48,422.49,0.0,2.0,,0.008924256118499724,0.018718805137666383,-0.0,0.06825396825396826,0.0036301826284999513,0.002307239612528145,-0.01488502056293292
1a_broad,63,0.0787537255383875,True,101,18,78.0,35.0,11,4,3.6,12,28,1.7000000000000002,2.7,1.0,0.015,0.5,5.82483150449998,1.067843419089341,0.3736941279357678,10.461152259357368,194.0,59.0,135.0,30.412371134020617,9167.660000000002,8585.21,582.4500000000025,1007.81,0.0,4.0,3.7293395649999725,1.0951500153076845,0.5104591493169878,11.31928676655598,85.0,24.0,61.0,28.235294117647058,4292.55,3919.6,372.9500000000003,419.59,0.0,2.0,,0.011188018694999918,0.02378750382692113,-0.0,0.06746031746031747,0.005824831504499981,0.0033921709544670556,-0.032899116902818056
1a_broad,64,0.08519713604447637,True,103,18,78.0,25.0,11,4,3.6,12,27,1.7000000000000002,2.8,1.0,0.015,0.5,2.8253239819998455,1.0338882839146686,0.21454787332715186,12.719093128852933,191.0,55.0,136.0,28.79581151832461,8620.850000000002,8338.279999999999,282.57000000000335,959.85,0.0,4.0,3.9074073175000015,1.0960621170546525,0.5258269943017857,11.919019360469358,87.0,24.0,63.0,27.586206896551722,4457.86,4067.1599999999994,390.7000000000003,430.13,0.0,2.0,,0.011722221952500004,0.024015529263663127,-0.0,0.06904761904761905,0.0028253239819998454,0.0016944141957334292,-0.024107972397039087
1a_broad,65,0.14963957916200343,True,112,18,78.0,20.0,11,4,3.6,11,29,1.7000000000000002,3.0,1.0,0.015,0.5,7.875032398999957,1.1118041347624166,0.4745032599443421,7.581592847928976,160.0,47.0,113.0,29.375,7830.67,7043.21,787.46,829.14,0.0,4.0,7.821377837499877,1.202098136999044,0.9511588594079226,9.244940178290886,79.0,21.0,58.0,26.582278481012658,4652.24,3870.1,782.1399999999999,395.44,0.0,1.0,,0.023464133512499628,0.050524534249761,-0.0,0.0626984126984127,0.007875032398999957,0.005590206738120829,-0.000512740435790667
1a_broad,66,-1.0191651500033334,False,113,18,77.0,20.0,11,5,3.3000000000000003,10,28,1.4,3.4000000000000004,1.0,0.015,0.5,-11.499090002000102,0.8741080128310396,-0.5696579644915266,19.64586193919034,211.0,49.0,162.0,23.222748815165875,7984.1900000000005,9134.100000000002,-1149.9100000000017,1016.91,0.0,4.0,3.488424316999936,1.0862776813228667,0.4507163862697676,10.225333078576842,82.0,18.0,64.0,21.951219512195124,4392.1900000000005,4043.34,348.85000000000036,404.93,0.0,1.0,0.11499090002000102,,,,,,,
1a_broad,67,-1.0059492271616668,False,109,20,78.0,22.0,11,4,3.6,11,24,1.6,3.1,1.0,0.015,0.5,-3.5695362970000857,0.9562860466540134,-0.11726788398107649,11.589717828826176,186.0,50.0,136.0,26.881720430107528,7809.51,8166.5,-356.9899999999998,904.32,0.0,4.0,8.229473968999972,1.2024262817674665,0.9891827077351449,9.114331775096462,85.0,22.0,63.0,25.88235294117647,4888.44,4065.48,822.9599999999996,426.34,0.0,1.0,0.03569536297000086,,,,,,,
1a_broad,68,-1.02323736584748,False,96,19,78.0,25.0,10,7,3.7,12,29,1.5,2.9000000000000004,1.0,0.015,0.5,-4.253389915500084,0.9573582098828551,-0.16036604726823686,12.845567375722108,223.0,60.0,163.0,26.905829596412556,9550.280000000002,9975.66,-425.3799999999974,1106.32,0.0,4.0,-1.5110509690000435,0.9641312244481269,-0.1087647002768171,12.666690745640786,92.0,23.0,69.0,25.0,4060.94,4212.02,-151.08000000000038,443.58,0.0,1.0,0.13942419508488044,,,,,,,
1a_broad,69,-1.024159053915,False,103,19,75.0,20.0,12,5,3.5,9,26,1.7000000000000002,2.7,1.0,0.015,0.5,-14.495432349000021,0.8173217609600012,-0.8344993856443808,17.013531369877903,200.0,51.0,149.0,25.5,6485.44,7934.99,-1449.5500000000002,913.41,0.0,4.0,9.628575383499902,1.2530518813255085,1.2136752743617183,10.293767501334964,89.0,27.0,62.0,30.337078651685392,4767.9,3805.0299999999997,962.8699999999999,461.94,0.0,2.0,0.1449543234900002,,,,,,,
1a_broad,70,-1.0112770625334764,False,123,21,77.0,22.0,13,6,3.8000000000000003,10,21,1.7000000000000002,3.0,1.0,0.015,0.5,-0.598928159500174,0.9919267464424321,0.031106654796025222,10.320582083492658,167.0,45.0,122.0,26.94610778443114,7360.89,7420.8,-59.909999999999854,825.76,0.0,2.0,-0.38986679200004803,0.9893368530298506,0.022834738259446877,10.940305581938519,76.0,18.0,58.0,23.68421052631579,3612.89,3651.8300000000004,-38.94000000000051,371.52,0.0,1.0,0.0676623752008588,,,,,,,
1a_broad,71,0.10988861103406282,True,105,18,79.0,21.0,10,4,3.9000000000000004,12,30,1.7000000000000002,2.7,1.0,0.015,0.5,4.404301549999873,1.054525396153246,0.304051778220296,11.293404583996146,191.0,59.0,132.0,30.89005235602094,8516.789999999999,8076.42,440.369999999999,989.71,0.0,4.0,5.590130377999976,1.1357748832374377,0.7171277708332041,9.410208585390736,88.0,25.0,63.0,28.40909090909091,4676.36,4117.33,559.0299999999997,443.59,0.0,3.0,,0.01677039113399993,0.03394372080935942,-0.0,0.06984126984126984,0.004404301549999873,0.0027262698076622963,-0.01779734210822854
1a_broad,72,0.04957789241611357,True,105,18,79.0,21.0,10,4,3.6,12,30,1.7000000000000002,2.8,1.0,0.015,0.5,1.847316033499883,1.023456366891403,0.16552634195949523,11.081563659712979,186.0,54.0,132.0,29.032258064516128,8060.64,7875.900000000001,184.73999999999978,934.33,0.0,4.0,7.405854626499822,1.1784260057921292,0.9158475997679314,9.219287370143759,88.0,25.0,63.0,28.40909090909091,4891.009999999999,4150.459999999999,740.5500000000002,447.51,0.0,2.0,,0.022217563879499466,0.0446065014480323,-0.0,0.06984126984126984,0.001847316033499883,0.001172818344570148,-0.09010757713075807
1a_broad,73,0.13372869030754667,True,105,18,79.0,21.0,10,4,3.4000000000000004,11,30,0.6,2.7,1.0,0.015,0.5,6.714796441499675,1.061393114520875,0.3946712857718463,14.032908894497071,255.0,78.0,177.0,30.58823529411765,11608.690000000002,10937.219999999998,671.4700000000048,1404.84,0.0,5.0,5.355847176999977,1.1022311893122803,0.6251507775534149,11.903118834844577,125.0,38.0,87.0,30.4,5774.489999999999,5238.910000000001,535.5799999999981,630.67,0.0,4.0,,0.01606754153099993,0.025557797328070064,-0.0,0.09920634920634921,0.006714796441499676,0.003069655726043752,-0.016887449925415965
1a_broad,74,-1.0024169411666668,False,117,18,76.0,24.0,11,4,3.2,11,25,0.9,3.0,1.0,0.015,0.5,-1.4501647000000595,0.9865796212283805,0.0057295294731843855,14.6006068021917,251.0,67.0,184.0,26.693227091633467,10664.61,10809.68,-145.0699999999997,1273.95,0.0,6.0,2.718468464999951,1.0548276175014373,0.3606280652855589,13.369530585910223,106.0,29.0,77.0,27.358490566037737,5230.31,4958.449999999999,271.8600000000015,525.94,0.0,2.0,0.014501647000000594,,,,,,,
1a_broad,75,0.10564161655689133,True,110,17,78.0,21.0,9,5,3.4000000000000004,9,31,0.7,2.6,1.0,0.015,0.5,3.3610520094997813,1.0270171839098017,0.23491156594895132,16.119687473016047,311.0,96.0,215.0,30.868167202572348,12774.43,12438.380000000001,336.0499999999993,1643.79,0.0,5.0,5.4334371074999215,1.1116511338765525,0.6502708783005688,11.457108763188053,116.0,35.0,81.0,30.17241379310345,5409.3499999999985,4866.05,543.2999999999984,592.16,0.0,2.0,,0.016300311322499764,0.027912783469138114,-0.0,0.09206349206349207,0.0033610520094997814,0.001350859195490084,-0.03534688150322848
1a_broad,76,-1.004756072628333,False,109,17,78.0,21.0,9,4,3.4000000000000004,9,31,0.6,3.2,1.0,0.015,0.5,-2.85364357699993,0.9736604077292832,-0.06079423606381425,20.723833724169502,232.0,58.0,174.0,25.0,10549.26,10834.64,-285.3799999999992,1231.03,0.0,6.0,7.608146324999944,1.152636974827007,0.8330915222751291,10.733234547036647,113.0,31.0,82.0,27.43362831858407,5745.099999999999,4984.3099999999995,760.79,578.38,0.0,2.0,0.0285364357699993,,,,,,,
1a_broad,77,0.06849302004489598,True,114,19,75.0,23.0,8,5,3.4000000000000004,8,33,0.7,2.7,1.0,0.015,0.5,1.9424900740000521,1.0168690811669845,0.16728743122623022,15.252619008013282,308.0,97.0,211.0,31.493506493506494,11709.400000000001,11515.15,194.25000000000182,1549.65,0.0,7.0,7.433670687999838,1.1535877357905826,0.8539068410862711,12.330842284941795,117.0,36.0,81.0,30.76923076923077,5583.479999999999,4840.099999999999,743.3799999999992,600.13,0.0,2.0,,0.022301012063999513,0.03839693394764565,-0.0,0.09285714285714286,0.0019424900740000522,0.0008434540583492245,-0.08784801295624133
1a_broad,78,-1.0208709398000002,False,102,17,77.0,21.0,10,4,3.1,8,29,0.7,2.9000000000000004,1.0,0.015,0.5,-12.522563880000071,0.8983723738541046,-0.5506071815596602,21.00910242745118,326.0,89.0,237.0,27.300613496932517,11069.960000000001,12322.239999999998,-1252.279999999997,1553.91,0.0,5.0,6.35877046549991,1.1253845304390353,0.7307569530057013,11.635591600304048,123.0,36.0,87.0,29.26829268292683,5706.96,5071.119999999999,635.840000000001,631.02,0.0,3.0,0.1252256388000007,,,,,,,
1a_broad,79,-1.0169084156320611,False,137,18,78.0,22.0,11,6,3.2,11,27,1.3,2.6,1.0,0.015,0.5,-4.412142090499984,0.9488521944585819,-0.20121425102145066,15.083598562359915,202.0,57.0,145.0,28.217821782178216,8184.41,8625.59,-441.1800000000003,1010.39,0.0,1.0,-0.284013398000061,0.9927866141472659,0.03310852142202775,13.698863842471415,92.0,25.0,67.0,27.17391304347826,3914.2300000000005,3942.6699999999996,-28.439999999999145,442.74,0.0,1.0,0.10145049379236631,,,,,,,
1a_broad,80,0.15491796769371954,True,120,17,76.0,20.0,9,5,3.5,10,31,0.7,2.8,1.0,0.015,0.5,6.733379568999863,1.0685719581396678,0.39812865978418827,12.556567309172204,224.0,68.0,156.0,30.357142857142858,10492.650000000001,9819.32,673.3300000000017,1218.25,0.0,4.0,10.935824037499861,1.228593347282871,1.1885266930610487,12.694663617337323,114.0,36.0,78.0,31.57894736842105,5877.4800000000005,4783.910000000001,1093.5699999999997,580.22,0.0,2.0,,0.03280747211249958,0.05714833682071774,-0.0,0.09047619047619049,0.006733379568999863,0.0034285979069833884,-0.03567600919167152
1a_broad,81,0.15847975407696188,True,119,17,76.0,20.0,9,5,3.5,10,31,0.6,2.8,1.0,0.015,0.5,7.1657363884998455,1.0705219367353587,0.41724958432163767,13.676030115903645,233.0,72.0,161.0,30.901287553648068,10877.369999999999,10160.81,716.5599999999995,1270.55,0.0,4.0,10.579708744499822,1.2177219201593683,1.1482617882526704,13.19955650825125,114.0,35.0,79.0,30.70175438596491,5917.13,4859.18,1057.9499999999998,579.57,0.0,2.0,,0.03173912623349946,0.05443048003984208,-0.0,0.09047619047619049,0.007165736388499846,0.003526096836767934,-0.028857875897837927
1a_broad,82,0.13646881652221562,True,127,17,76.0,20.0,8,5,3.3000000000000003,9,31,0.6,2.8,1.0,0.015,0.5,4.215098275999862,1.0403993839412613,0.27963163427259924,13.77344016770046,257.0,76.0,181.0,29.571984435797667,10855.599999999999,10434.070000000002,421.529999999997,1380.21,0.0,3.0,14.615090071999967,1.3340792824259269,1.5742510847875224,12.798607137281978,108.0,36.0,72.0,33.333333333333336,5836.249999999999,4374.74,1461.5099999999993,563.92,0.0,9.0,,0.0438452702159999,0.08351982060648172,-0.0,0.08571428571428572,0.004215098275999862,0.002019969197063065,-0.08284562748761465
1a_broad,83,0.10650998846124828,True,131,17,74.0,20.0,8,5,3.3000000000000003,9,32,0.5,3.2,1.0,0.015,0.5,3.83627081299981,1.0328848951515353,0.25247788794965154,15.75982767461259,257.0,68.0,189.0,26.459143968871594,12048.529999999999,11664.93,383.59999999999854,1363.2,0.0,1.0,9.955333864499844,1.220703324184473,1.0874840383366253,12.293321969899525,104.0,29.0,75.0,27.884615384615383,5506.08,4510.58,995.5,531.46,0.0,9.0,,0.02986600159349953,0.05517583104611823,-0.0,0.08253968253968254,0.00383627081299981,0.0016442447575767628,-0.0665520422886286
1a_broad,84,0.133581189913095,True,129,16,73.0,23.0,9,6,3.3000000000000003,5,34,0.5,3.2,1.0,0.015,0.5,3.9975800774998604,1.0330987962342673,0.2659638030830455,14.717090316230394,335.0,87.0,248.0,25.970149253731343,12475.979999999996,12076.27,399.7099999999955,1787.58,0.0,2.0,4.5433577639999205,1.0955352129558946,0.598736211913367,12.054496778396336,131.0,38.0,93.0,29.00763358778626,5209.5,4755.21,454.28999999999996,658.98,0.0,8.0,,0.01363007329199976,0.023883803238973655,-0.0,0.1,0.00399758007749986,0.001654939811713363,-0.009585206507091649
1a_broad,85,-1.0095921662913818,False,131,16,73.0,23.0,8,6,3.0,5,34,0.6,3.6,1.0,0.015,0.5,-5.619007903500187,0.9456811438967779,-0.21370340887063904,18.231008874911954,296.0,68.0,228.0,22.972972972972972,9782.4,10344.289999999999,-561.8899999999994,1461.54,0.0,1.0,2.2156892219999826,1.048568935351046,0.32393262263876516,13.823625276362444,122.0,33.0,89.0,27.049180327868854,4782.46,4560.9400000000005,221.51999999999953,603.81,0.0,8.0,0.05755299774829154,,,,,,,
1a_broad,86,-1.0087516010547801,False,143,16,72.0,20.0,7,8,3.1,7,32,0.6,3.2,1.0,0.015,0.5,-1.5746100070001194,0.9847290922336831,-0.01722720711964672,17.111127491023105,276.0,74.0,202.0,26.81159420289855,10151.07,10308.49,-157.42000000000007,1405.54,0.0,1.0,0.48193272900007283,1.0113983184283863,0.12684699401694835,13.291397367918542,110.0,29.0,81.0,26.363636363636363,4271.57,4223.43,48.13999999999942,548.12,0.0,3.0,0.0525096063286809,,,,,,,
1a_broad,87,-1.0301188972106103,False,134,15,71.0,22.0,8,7,3.3000000000000003,5,34,0.5,3.1,1.0,0.015,0.5,1.8787985954999749,1.01580717102114,0.16568983619731725,17.776856571413465,338.0,90.0,248.0,26.62721893491124,12074.91,11887.009999999998,187.90000000000146,1796.15,0.0,1.0,-4.2783094844999505,0.9051731971604043,-0.4537708111126133,10.63986062103302,124.0,32.0,92.0,25.806451612903224,4084.0600000000004,4511.910000000001,-427.85000000000036,598.1,0.0,7.0,0.18071338326366207,,,,,,,
1a_broad,88,-1.0033024953575003,False,127,17,74.0,20.0,9,5,2.9000000000000004,8,32,0.5,3.3000000000000003,1.0,0.015,0.5,-1.9814972145001046,0.9834666964759429,-0.02304271330084095,20.98348067152409,294.0,73.0,221.0,24.829931972789115,11789.13,11987.32,-198.1900000000005,1546.91,0.0,3.0,10.602067687999915,1.2343883680160233,1.1627685292596435,12.097054547458107,111.0,33.0,78.0,29.72972972972973,5583.62,4523.39,1060.2299999999996,577.89,0.0,9.0,0.019814972145001046,,,,,,,
1a_broad,89,0.09763308949417257,True,124,15,70.0,24.0,7,6,3.2,10,30,0.8,3.4000000000000004,1.0,0.015,0.5,3.713319751499876,1.0399435968920208,0.2541261631435982,15.694677180239813,194.0,49.0,145.0,25.257731958762886,9668.73,9297.36,371.369999999999,1056.78,0.0,4.0,9.972901701999927,1.2303703139040383,1.0795097287737758,11.715181873412943,92.0,24.0,68.0,26.08695652173913,5326.3099999999995,4329.030000000001,997.2799999999988,483.03,0.0,7.0,,0.02991870510599978,0.05759257847600957,-0.0,0.07301587301587302,0.003713319751499876,0.001997179844601038,-0.06860456669981072
1a_broad,90,-1.0027856456407793,False,120,16,74.0,23.0,8,5,3.3000000000000003,7,33,0.6,3.0,1.0,0.015,0.5,-1.081553405000177,0.9906262357862897,0.024169311709462748,14.796137186790355,295.0,82.0,213.0,27.796610169491526,11423.03,11531.119999999999,-108.08999999999833,1480.72,0.0,4.0,2.12102484199997,1.0438067432155915,0.3050198817751724,11.777842243139828,121.0,34.0,87.0,28.09917355371901,5055.25,4843.090000000001,212.15999999999894,603.68,0.0,2.0,0.016713873844676548,,,,,,,
1a_broad,91,0.12210637469082884,True,127,17,76.0,21.0,9,5,3.5,9,31,0.8,2.9000000000000004,1.0,0.015,0.5,4.804367893499912,1.0478502018283564,0.31164894573032886,13.98667435565284,238.0,71.0,167.0,29.831932773109244,10521.159999999998,10040.710000000001,480.4499999999971,1290.89,0.0,3.0,10.201432589999857,1.2323850136792205,1.1302393729270974,12.733616750779037,101.0,30.0,71.0,29.702970297029704,5410.01,4389.870000000001,1020.1399999999994,522.66,0.0,8.0,,0.030604297769999574,0.05809625341980512,-0.0,0.08015873015873017,0.004804367893499913,0.0023925100914178213,-0.053949784642623747
1a_broad,92,0.16280486743489575,True,127,17,76.0,21.0,10,5,3.5,9,35,0.8,3.3000000000000003,1.0,0.015,0.5,8.498075798499595,1.0885356164654723,0.48004711486927815,14.016166018519055,211.0,57.0,154.0,27.01421800947867,10448.32,9598.51,849.8099999999995,1170.65,0.0,3.0,8.584438846499962,1.201127462810363,0.9367362658914583,13.348727587246273,94.0,26.0,68.0,27.659574468085108,5126.400000000001,4267.99,858.4100000000008,478.56,0.0,9.0,,0.025753316539499884,0.050281865702590745,-0.0,0.0746031746031746,0.008498075798499595,0.004426780823273613,-0.0007583460321427021
1a_broad,93,0.11679151079857956,True,126,17,76.0,21.0,10,6,3.5,10,35,0.8,3.3000000000000003,1.0,0.015,0.5,4.886099496999577,1.051020290974771,0.31113815154874047,16.403092496246725,202.0,53.0,149.0,26.237623762376238,10066.83,9578.149999999998,488.6800000000021,1103.39,0.0,3.0,9.3688493844999,1.2089113260179767,1.006377766357237,13.75008354400622,96.0,27.0,69.0,28.125,5421.52,4484.630000000001,936.8899999999994,490.47,0.0,8.0,,0.028106548153499698,0.05222783150449417,-0.0,0.0761904761904762,0.004886099496999577,0.0025510145487385506,-0.047170459095628635
1a_broad,94,0.13928886448473854,True,135,16,75.0,22.0,9,6,3.5,10,36,0.8,3.3000000000000003,1.0,0.015,0.5,6.812555714999853,1.0596199321219844,0.3949318515574492,15.991964456247537,237.0,62.0,175.0,26.160337552742615,12107.62,11426.380000000001,681.2399999999998,1297.85,0.0,1.0,7.784068455999914,1.1819671594617591,0.8659683976344347,12.814527416506225,89.0,24.0,65.0,26.96629213483146,5056.03,4277.64,778.3899999999994,447.34,0.0,6.0,,0.02335220536799974,0.04549178986543978,-0.0,0.07063492063492065,0.006812555714999853,0.0029809966060992178,-0.009983603704720711
1a_broad,95,0.0712673945245881,True,141,16,75.0,22.0,9,7,3.5,10,35,0.8,3.3000000000000003,1.0,0.015,0.5,11.781535322999826,1.1108541405762642,0.6214371300018664,13.249473855033173,223.0,60.0,163.0,26.905829596412556,11806.279999999997,10628.109999999999,1178.1699999999983,1234.96,0.0,1.0,4.975716894500001,1.1172093264297522,0.5972229867247884,13.93710299587309,89.0,23.0,66.0,25.84269662921348,4742.709999999999,4245.14,497.5699999999988,439.99,0.0,4.0,,0.014927150683500003,0.02930233160743806,-0.0,0.07063492063492065,0.011781535322999826,0.00554270702881321,-0.06092125075308363
1a_broad,96,-1.0021125565348508,False,135,15,75.0,24.0,10,6,3.5,10,35,0.8,3.5,1.0,0.015,0.5,8.887950736499898,1.0773732668741705,0.4856695511330298,15.168025694063179,229.0,58.0,171.0,25.32751091703057,12374.440000000002,11485.75,888.6900000000023,1265.11,0.0,1.0,1.4250631145000079,1.0366908938304407,0.22559196898440292,14.242676466066301,83.0,19.0,64.0,22.89156626506024,4026.58,3884.07,142.50999999999976,407.39,0.0,6.0,0.012675339209104172,,,,,,,
1a_broad,97,-1.001144008574167,False,127,17,73.0,21.0,9,6,3.4000000000000004,9,37,0.9,3.7,1.0,0.015,0.5,-0.6864051445001133,0.9921081949910493,0.0411270485416746,18.142471733079155,185.0,44.0,141.0,23.783783783783782,8628.99,8697.63,-68.63999999999942,965.04,0.0,3.0,10.52913551249987,1.2549029576315707,1.1231936962667757,11.93432133174782,89.0,23.0,66.0,25.84269662921348,5183.589999999999,4130.669999999999,1052.92,468.63,0.0,7.0,0.006864051445001133,,,,,,,
1a_broad,98,-1.0350323291594348,False,139,16,76.0,22.0,10,16,3.5,8,36,0.7,3.3000000000000003,1.0,0.015,0.5,-0.8035925450002651,0.9896065964710589,0.010479597380972533,15.895637052764522,211.0,54.0,157.0,25.592417061611375,7643.85,7724.13,-80.27999999999975,1080.43,0.0,1.0,-4.07293271849996,0.8804998415623129,-0.5109401225372243,11.758817536078325,93.0,23.0,70.0,24.731182795698924,3000.9900000000002,3408.2800000000007,-407.2900000000004,446.87,0.0,3.0,0.21019397495660908,,,,,,,
1a_broad,99,0.09020087169286897,True,119,17,76.0,21.0,9,7,3.2,10,31,0.8,3.1,1.0,0.015,0.5,2.692693804499741,1.0300407394471887,0.2059322963778972,15.756998157200671,208.0,54.0,154.0,25.96153846153846,9231.05,8961.83,269.21999999999935,1119.21,0.0,4.0,4.708338356999975,1.0985513980547166,0.5842526603528616,12.604033505069728,111.0,32.0,79.0,28.82882882882883,5248.5599999999995,4777.71,470.84999999999945,552.45,0.0,1.0,,0.014125015070999924,0.024637849513679144,-0.0,0.0880952380952381,0.002692693804499741,0.001502036972359433,-0.04085196176390737
1a_broad,100,0.05439207851516263,True,150,16,75.0,23.0,10,6,3.3000000000000003,6,33,1.0,3.4000000000000004,1.0,0.015,0.5,1.2941638874998354,1.0141188696608048,0.13552731327297893,15.191628269069069,225.0,55.0,170.0,24.444444444444443,9290.130000000003,9160.789999999999,129.34000000000378,1168.57,0.0,1.0,2.3962616774999694,1.0615822737635354,0.3486591469493688,13.317140986274895,94.0,25.0,69.0,26.595744680851062,4130.33,3890.7299999999996,239.60000000000036,462.63,0.0,0.0,,0.007188785032499909,0.015395568440883856,-0.0,0.0746031746031746,0.0012941638874998354,0.000705943483040239,-0.04479555693193581
1a_broad,101,0.16895628754004324,True,128,17,76.0,20.0,9,5,3.7,11,39,0.6,2.9000000000000004,1.0,0.015,0.5,8.641537400999878,1.089560561429984,0.4963291085890812,13.684063741173578,214.0,65.0,149.0,30.373831775700936,10512.32,9648.220000000001,864.0999999999985,1192.48,0.0,1.0,10.334562817499936,1.2290539072924007,1.1386790113756124,13.101843035216238,102.0,32.0,70.0,31.372549019607842,5545.27,4511.820000000001,1033.4499999999998,518.07,0.0,9.0,,0.031003688452499806,0.05726347682310018,-0.0,0.08095238095238096,0.008641537400999879,0.0044780280714991965,-0.013382824160436764
1a_broad,102,0.16380308781827227,True,129,17,76.0,20.0,9,5,3.5,11,38,0.6,2.9000000000000004,1.0,0.015,0.5,8.25640566799986,1.0863280992677464,0.4782060305854177,13.107730807011217,211.0,63.0,148.0,29.85781990521327,10389.239999999998,9563.630000000001,825.609999999997,1170.92,0.0,2.0,9.290805582499944,1.2049916379473915,1.037439795233035,13.191796421800644,102.0,31.0,71.0,30.392156862745097,5461.48,4532.380000000001,929.0999999999985,514.84,0.0,9.0,,0.027872416747499833,0.051247909486847876,-0.0,0.08095238095238096,0.008256405667999862,0.0043164049633873216,-0.008842429999843592
1a_broad,103,0.15423130056944814,True,132,16,73.0,20.0,9,5,3.4000000000000004,11,38,0.6,2.9000000000000004,1.0,0.015,0.5,8.577775008499774,1.0759098661054467,0.4708860350304139,12.584217574255444,251.0,75.0,176.0,29.8804780876494,12156.91,11299.189999999999,857.7200000000012,1353.13,0.0,1.0,7.855811533999968,1.1693629754831365,0.8957224631059018,13.096020376496064,104.0,30.0,74.0,28.846153846153847,5424.0199999999995,4638.44,785.5799999999999,520.14,0.0,9.0,,0.023567434601999903,0.042340743870784125,-0.0,0.08253968253968254,0.008577775008499775,0.0037954933052723352,-0.006589828756790547
1a_broad,104,0.1542033732883189,True,130,16,72.0,20.0,9,5,3.4000000000000004,11,38,0.6,3.0,1.0,0.015,0.5,7.414626854999824,1.0669865105394878,0.4135962936608132,13.641109194040336,244.0,71.0,173.0,29.098360655737704,11809.3,11067.900000000001,741.3999999999978,1309.24,0.0,1.0,10.851945983499864,1.2358046340419337,1.1851185810276006,12.891888697698326,101.0,30.0,71.0,29.702970297029704,5687.21,4602.03,1085.1800000000003,521.92,0.0,9.0,,0.03255583795049959,0.05895115851048344,-0.0,0.08015873015873017,0.007414626854999825,0.0033493255269743897,-0.028226305713368517
1a_broad,105,-1.0073119581776595,False,135,16,66.0,20.0,8,5,3.4000000000000004,11,39,0.6,2.8,1.0,0.015,0.5,10.972260931499859,1.0962536680366517,0.6037715739820143,13.211594913872418,263.0,75.0,188.0,28.517110266159698,12496.36,11399.150000000001,1097.2099999999991,1474.06,0.0,1.0,0.15661962749996747,1.0039346634807451,0.08980244882869998,13.796833030798727,98.0,30.0,68.0,30.612244897959183,3995.67,3980.0099999999993,15.660000000000764,472.61,0.0,7.0,0.043871749065957075,,,,,,,
1a_broad,106,-1.0495469307148664,False,145,15,72.0,20.0,7,4,1.5,11,38,0.7,3.0,1.0,0.015,0.5,-6.708684354000106,0.9021629276160836,-0.41530487625599966,16.53592909346732,185.0,46.0,139.0,24.864864864864863,6186.05,6856.91,-670.8599999999997,908.77,0.0,1.0,-4.003137080500055,0.8503284615585941,-0.5781370091367016,11.033400753617137,68.0,18.0,50.0,26.470588235294116,2274.28,2674.59,-400.30999999999995,324.74,0.0,2.0,0.29728158428919776,,,,,,,
1a_broad,107,0.051210753922190363,True,133,17,77.0,20.0,8,5,3.8000000000000003,11,38,0.6,2.9000000000000004,1.0,0.015,0.5,8.41957598099978,1.0742496412794527,0.46171695847521427,12.457648071008347,249.0,76.0,173.0,30.522088353413654,12180.819999999998,11338.91,841.909999999998,1333.82,0.0,1.0,3.1116145864999454,1.0650047109404546,0.40462025107809313,14.666693640592996,104.0,29.0,75.0,27.884615384615383,5097.890000000001,4786.73,311.1600000000017,502.68,0.0,8.0,,0.009334843759499837,0.016251177735113642,-0.0,0.08253968253968254,0.008419575980999778,0.003712482063972633,-0.06904700815707807
1a_broad,108,-1.005909142325984,False,139,16,71.0,22.0,9,5,3.7,10,40,0.6,3.1,1.0,0.015,0.5,1.9522550349999255,1.0176203221831543,0.16740594899312167,15.717557531848467,245.0,64.0,181.0,26.122448979591837,11272.74,11077.55,195.1900000000005,1274.68,0.0,1.0,0.5565339385000152,1.0127724033463008,0.13700422225443448,15.234056661661391,96.0,24.0,72.0,25.0,4412.700000000001,4357.050000000001,55.649999999999636,459.25,0.0,4.0,0.03545485395590403,,,,,,,
1a_broad,109,0.1268323042999424,True,122,18,74.0,20.0,10,4,3.6,11,36,0.7,2.9000000000000004,1.0,0.015,0.5,11.67345273149982,1.1235361417538672,0.6317649234942573,10.758897077783638,208.0,64.0,144.0,30.76923076923077,10615.72,9448.490000000002,1167.2299999999977,1159.06,0.0,4.0,7.354317060999984,1.160061549578098,0.8361913003714788,12.089752526703014,102.0,30.0,72.0,29.41176470588235,5330.099999999999,4594.67,735.4299999999994,515.38,0.0,6.0,,0.02206295118299995,0.04001538739452448,-0.0,0.08095238095238096,0.01167345273149982,0.006176807087693359,-0.034048675049156166
1a_broad,110,-1.021088914183814,False,124,15,75.0,21.0,9,12,3.4000000000000004,11,41,0.6,3.0,1.0,0.015,0.5,-7.7453940720000904,0.9191405980862742,-0.3506864730941863,14.70134631239336,266.0,72.0,194.0,27.06766917293233,8804.65,9579.22,-774.5699999999997,1276.83,0.0,4.0,-0.04643971500012413,0.9989540954054745,0.06414601276103882,11.485475624044334,111.0,30.0,81.0,27.027027027027028,4422.16,4426.789999999999,-4.6299999999992,545.73,0.0,5.0,0.1265334851028836,,,,,,,
1a_broad,111,0.0955424837882516,True,129,16,73.0,23.0,9,6,3.3000000000000003,11,39,0.5,3.2,1.0,0.015,0.5,5.531739954999812,1.0596921835158586,0.3406013592379199,16.111156210077198,187.0,48.0,139.0,25.668449197860962,9820.39,9267.21,553.1800000000003,1034.81,0.0,2.0,3.839545942999848,1.0802145963991592,0.4759854675419,14.262293680896457,104.0,26.0,78.0,25.0,5170.62,4786.660000000001,383.9599999999991,511.78000000000003,0.0,8.0,,0.011518637828999544,0.020053649099789794,-0.0,0.08253968253968254,0.005531739954999813,0.0029846091757929297,-0.027085834811013013
1a_broad,112,0.08165468155735839,True,133,16,73.0,22.0,8,5,3.2,10,37,0.5,2.8,1.0,0.015,0.5,2.433705496499897,1.0212945251150265,0.19015124266420647,13.7852099049887,264.0,77.0,187.0,29.166666666666668,11671.170000000002,11427.82,243.35000000000218,1381.94,0.0,1.0,5.150222935499987,1.107008547718877,0.6296350042753269,13.320599324615692,113.0,31.0,82.0,27.43362831858407,5328.01,4812.9800000000005,515.0299999999997,565.59,0.0,8.0,,0.015450668806499961,0.026752136929719228,-0.0,0.0896825396825397,0.002433705496499897,0.0010647262557513248,-0.05372909561365172
1a_broad,113,0.10815004866148413,True,129,17,77.0,20.0,10,4,3.5,10,34,0.6,3.1,1.0,0.015,0.5,8.165526376499766,1.0816558590921637,0.46231537566501657,15.062524406249011,213.0,59.0,154.0,27.699530516431924,10815.65,9999.16,816.4899999999998,1193.94,0.0,2.0,5.376064194999927,1.1125307433882092,0.631877344533466,14.079128816468655,104.0,28.0,76.0,26.923076923076923,5315.0599999999995,4777.45,537.6099999999997,515.75,0.0,9.0,,0.01612819258499978,0.028132685847052308,-0.0,0.08253968253968254,0.008165526376499766,0.004082792954608183,-0.030898831641358447
1a_broad,114,-1.0463416369880114,False,137,17,70.0,22.0,9,6,3.4000000000000004,9,13,0.7,3.0,1.0,0.015,0.5,1.260323972499973,1.0111728028845854,0.13419967640810423,18.946392967832058,261.0,71.0,190.0,27.203065134099617,11402.48,11276.490000000002,125.98999999999796,1383.06,0.0,1.0,-7.386597194000115,0.8356069575125292,-0.8008833582790045,15.186120112130293,104.0,24.0,80.0,23.076923076923077,3754.8500000000004,4493.5599999999995,-738.7099999999991,494.61,0.0,4.0,0.2780498219280686,,,,,,,
1a_broad,115,0.1965181811151301,True,120,18,72.0,20.0,10,5,3.7,11,41,0.5,2.8,1.0,0.015,0.5,11.192539932999827,1.1157814263502055,0.6020358868029431,12.779579953753842,219.0,69.0,150.0,31.506849315068493,10785.69,9666.490000000002,1119.199999999999,1208.7,0.0,5.0,11.092955006499814,1.2321564228506614,1.1881533723016369,12.513102102953145,112.0,36.0,76.0,32.142857142857146,5887.650000000001,4778.33,1109.3200000000006,571.34,0.0,2.0,,0.03327886501949944,0.05803910571266535,-0.0,0.08888888888888889,0.011192539932999828,0.005789071317510275,-0.0006702897564337115
1a_broad,116,0.15388492814424462,True,116,19,72.0,21.0,10,5,3.6,11,38,0.7,2.8,1.0,0.015,0.5,11.317845995499793,1.115319914207258,0.6168168117335036,11.758537034896667,224.0,70.0,154.0,31.25,10946.140000000001,9814.349999999999,1131.7900000000027,1231.76,0.0,7.0,8.611592700499951,1.1793085354477613,0.9531852303557522,12.096400327735353,109.0,33.0,76.0,30.275229357798164,5663.700000000001,4802.56,861.1400000000003,552.34,0.0,2.0,,0.025834778101499853,0.044827133861940316,-0.0,0.08650793650793652,0.011317845995499794,0.005765995710362903,-0.020368762032994762
1a_broad,117,0.05435471847170017,True,115,19,72.0,20.0,10,5,3.8000000000000003,10,42,0.7,2.9000000000000004,1.0,0.015,0.5,6.011666128999914,1.0586321188131942,0.36338161041451583,12.811550240613645,241.0,74.0,167.0,30.70539419087137,10853.159999999998,10252.060000000001,601.0999999999967,1287.44,0.0,7.0,2.516979054499934,1.0512655468963243,0.3399472847428983,12.650532575783396,109.0,30.0,79.0,27.522935779816514,5161.02,4909.339999999999,251.6800000000012,540.51,0.0,2.0,,0.007550937163499801,0.012816386724081086,-0.0,0.08650793650793652,0.006011666128999914,0.0029316059406597097,-0.06146381399347686
1a_broad,118,0.18713326400133418,True,119,19,70.0,21.0,11,5,3.6,11,41,0.7,2.8,1.0,0.015,0.5,14.8596918404998,1.1582607917672736,0.7819537304452894,11.701163573856768,213.0,69.0,144.0,32.394366197183096,10874.760000000002,9388.87,1485.8900000000012,1196.89,0.0,4.0,11.666962639999802,1.2499716106915206,1.2480016037894326,12.50809552690778,107.0,34.0,73.0,31.77570093457944,5833.93,4667.250000000001,1166.6799999999994,544.66,0.0,2.0,,0.035000887919999404,0.06249290267288016,-0.0,0.08492063492063492,0.014859691840499801,0.00791303958836368,-0.018053892941043797
1a_broad,119,0.20228270522502376,True,120,19,70.0,21.0,12,5,3.6,11,41,0.7,2.8,1.0,0.015,0.5,12.526560136499828,1.1341736166602756,0.6770590626390368,12.63264374577176,212.0,67.0,145.0,31.60377358490566,10588.35,9335.74,1252.6100000000006,1180.0,0.0,4.0,11.962536284999842,1.2596012578152294,1.2807661302752906,12.03348965032871,108.0,35.0,73.0,32.407407407407405,5804.23,4607.990000000001,1196.2399999999989,550.29,0.0,2.0,,0.035887608854999524,0.06490031445380734,-0.0,0.08571428571428572,0.01252656013649983,0.006708680833013781,-0.0034547447675824412
1a_broad,120,0.1463481925139468,True,117,20,68.0,21.0,12,4,3.6,11,41,0.7,2.8,1.0,0.015,0.5,6.475357470499821,1.0699617734194529,0.3926256864721711,12.8222918576775,218.0,69.0,149.0,31.65137614678899,9902.859999999999,9255.34,647.5199999999986,1155.97,0.0,8.0,7.437295613999904,1.1548790417465804,0.8378852111205308,12.405601499373804,108.0,32.0,76.0,29.62962962962963,5545.8099999999995,4802.069999999999,743.7400000000007,542.84,0.0,2.0,,0.022311886841999713,0.0387197604366451,-0.0,0.08571428571428572,0.006475357470499821,0.0034980886709726437,-0.010371186620456213
1a_broad,121,0.14547688373876316,True,117,19,68.0,21.0,12,4,3.6,11,41,0.7,2.8,1.0,0.015,0.5,6.483535470499828,1.07005657775876,0.39301943178712756,12.8222918576775,218.0,69.0,149.0,31.65137614678899,9902.859999999999,9254.519999999999,648.3400000000001,1155.97,0.0,7.0,7.628484967999903,1.1594174732935454,0.8568479119028711,12.405601499373804,107.0,32.0,75.0,29.906542056074766,5548.23,4785.36,762.8699999999999,538.12,0.0,2.0,,0.022885454903999708,0.03985436832338635,-0.0,0.08492063492063492,0.006483535470499829,0.0035028288879380034,-0.012169938767695647
1a_broad,122,0.0913920062577494,True,120,20,68.0,21.0,12,5,3.7,12,43,0.7,2.9000000000000004,1.0,0.015,0.5,10.706192357999827,1.1146299863273157,0.5903945309747792,12.419289478835635,211.0,66.0,145.0,31.27962085308057,10410.410000000002,9339.79,1070.6200000000008,1154.84,0.0,5.0,5.284779994999881,1.1096589058178354,0.6172040291752876,11.772287543402584,104.0,30.0,74.0,28.846153846153847,5347.99,4819.49,528.5,522.2,0.0,2.0,,0.015854339984999643,0.02741472645445886,-0.0,0.08253968253968254,0.010706192357999827,0.005731499316365785,-0.05085443439575726
1a_broad,123,0.16582595609641548,True,112,19,67.0,20.0,11,4,3.7,11,41,0.7,2.6,1.0,0.015,0.5,12.16274785499967,1.1194215529269447,0.6614453034757978,11.89686198330281,240.0,77.0,163.0,32.083333333333336,11400.759999999998,10184.51,1216.2499999999982,1335.24,0.0,5.0,9.227880105499935,1.1941020571284338,1.0467377982965504,9.56964457428462,116.0,37.0,79.0,31.896551724137932,5677.000000000001,4754.200000000001,922.8000000000002,606.5,0.0,2.0,,0.027683640316499804,0.04852551428210844,-0.0,0.09206349206349207,0.012162747854999672,0.005971077646347234,-0.02058051606703173
1a_broad,124,0.05465091357808914,True,111,19,70.0,20.0,11,5,3.7,11,40,0.5,2.6,1.0,0.015,0.5,10.832996747999823,1.1035735593324054,0.5879251987921509,12.51198889840307,248.0,76.0,172.0,30.64516129032258,11542.320000000002,10459.04,1083.2800000000007,1376.68,0.0,5.0,3.180639010499963,1.0630759803192475,0.4102275749056467,11.971395776063215,120.0,36.0,84.0,30.0,5360.550000000001,5042.489999999999,318.0600000000022,596.81,0.0,2.0,,0.009541917031499888,0.015768995079811887,-0.0,0.09523809523809523,0.010832996747999825,0.005178677966620271,-0.08190976848593796
1a_broad,125,-1.0166661648367674,False,124,19,66.0,20.0,10,4,3.8000000000000003,12,38,0.6,4.0,1.0,0.015,0.5,-7.815555014000056,0.9028362428422602,-0.3139012409507189,19.480363889934228,167.0,35.0,132.0,20.95808383233533,7262.180000000001,8043.74,-781.5599999999986,825.52,0.0,4.0,0.965760012999981,1.027066489175366,0.1790369890657056,11.985786803557312,69.0,13.0,56.0,18.840579710144926,3664.8299999999995,3568.25,96.57999999999947,336.35,0.0,8.0,0.09999698902060439,,,,,,,
1a_broad,126,0.049213087215900925,True,120,18,65.0,21.0,11,5,3.6,11,42,0.6,2.7,1.0,0.015,0.5,15.455759193499835,1.1619044725901049,0.823709848508938,12.856442517001126,221.0,74.0,147.0,33.484162895927604,11091.97,9546.369999999999,1545.6000000000004,1269.88,0.0,4.0,3.6906724174998273,1.0841908133495437,0.4814566754894262,12.649961007293479,108.0,34.0,74.0,31.48148148148148,4753.0599999999995,4383.97,369.08999999999924,546.37,0.0,2.0,,0.011072017252499481,0.021047703337385926,-0.0,0.08571428571428572,0.015455759193499835,0.008095223629505243,-0.09217190191127528
1a_broad,127,-1.0004429433991666,False,113,19,69.0,20.0,11,4,3.7,12,40,0.9,2.5,1.0,0.015,0.5,-0.2657660395000312,0.9976199406994605,0.05963808226135962,11.66195821794938,288.0,91.0,197.0,31.59722222222222,11170.55,11197.2,-26.650000000001455,1438.8,0.0,6.0,8.364095142999904,1.1703436239259843,0.9585535188193414,11.478889168965289,113.0,38.0,75.0,33.6283185840708,5746.749999999999,4910.3099999999995,836.4399999999996,585.03,0.0,2.0,0.002657660395000312,,,,,,,
1a_broad,128,0.11894604846805307,True,122,19,71.0,22.0,12,5,3.8000000000000003,11,39,0.7,3.0,1.0,0.015,0.5,13.265387409499946,1.1411721259309557,0.6977177889068701,12.139821500433118,204.0,62.0,142.0,30.392156862745097,10722.75,9396.259999999998,1326.4900000000016,1148.9,0.0,4.0,7.326134297499958,1.1621734702913311,0.8281098760252648,11.790326506107252,100.0,28.0,72.0,28.0,5249.77,4517.2,732.5700000000006,505.62,0.0,6.0,,0.02197840289249987,0.04054336757283278,-0.0,0.07936507936507936,0.013265387409499946,0.0070586062965477874,-0.04326479506840667
1a_broad,129,-1.0733530046401838,False,124,18,69.0,20.0,13,5,3.6,12,43,0.5,1.0,1.0,0.015,0.5,-16.868207130500195,0.8514048972314326,-1.199037715057829,19.46303234960635,496.0,248.0,248.0,50.0,9664.91,11351.720000000001,-1686.8100000000013,2300.18,0.0,4.0,-7.370955992500167,0.8423872835583457,-1.0737810437179653,11.414277904097359,164.0,84.0,80.0,51.21951219512195,3939.66,4676.78,-737.1199999999999,791.36,0.0,8.0,0.440118027841103,,,,,,,
1a_broad,130,0.15000891600142297,True,115,18,67.0,21.0,11,4,3.7,10,41,0.6,2.5,1.0,0.015,0.5,5.9468194584999035,1.0531715867323668,0.37117452687859553,12.560121916972275,294.0,95.0,199.0,32.31292517006803,11776.67,11182.1,594.5699999999997,1557.17,0.0,7.0,6.782060800999952,1.139473045617008,0.8104264558342819,11.01114106304789,121.0,40.0,81.0,33.05785123966942,5540.87,4862.66,678.21,622.64,0.0,2.0,,0.020346182402999857,0.03486826140425198,-0.0,0.09603174603174604,0.005946819458499904,0.0026585793366183386,-0.00984267263269315
1a_broad,131,-1.0003722701797877,False,115,18,64.0,21.0,11,4,3.7,10,41,0.6,2.5,1.0,0.015,0.5,3.6910073994999224,1.0295886500940077,0.25219221823192833,14.020077757064954,327.0,104.0,223.0,31.804281345565748,12841.39,12472.350000000002,369.03999999999724,1726.57,0.0,7.0,2.132729277999933,1.0476546978673382,0.3180818705651311,12.227699282136886,117.0,38.0,79.0,32.47863247863248,4687.93,4474.6900000000005,213.23999999999978,591.23,0.0,2.0,0.0022336210787255424,,,,,,,
1a_broad,132,0.1613404451035578,True,112,18,67.0,21.0,10,4,3.5,10,38,0.6,2.7,1.0,0.015,0.5,7.126024758499934,1.0668247214425248,0.42172696312600866,13.999110474153746,256.0,78.0,178.0,30.46875,11375.52,10662.970000000001,712.5499999999993,1401.09,0.0,5.0,9.63452486399985,1.1999008224680683,1.0833692604393472,10.514198048303712,119.0,37.0,82.0,31.092436974789916,5783.090000000001,4819.64,963.4500000000007,623.24,0.0,2.0,,0.02890357459199955,0.04997520561701707,-0.0,0.09444444444444444,0.007126024758499935,0.0033412360721262416,-0.02245004038052943
1a_broad,133,0.16404423098268864,True,118,20,67.0,21.0,10,5,3.5,10,38,0.6,2.6,1.0,0.015,0.5,7.546134340999797,1.0715964501611621,0.4413218165075336,13.91500360610601,268.0,87.0,181.0,32.46268656716418,11293.630000000001,10539.070000000002,754.5599999999995,1424.05,0.0,5.0,8.073205240499902,1.1667875226992421,0.9222259588738196,13.489745561964526,116.0,36.0,80.0,31.03448275862069,5647.799999999999,4840.469999999999,807.3299999999999,589.66,0.0,2.0,,0.024219615721499704,0.04169688067481053,-0.0,0.09206349206349207,0.007546134340999797,0.003579822508058106,-0.005061714326171581
1a_broad,134,0.10897222693653745,True,118,20,67.0,22.0,10,6,3.5,11,38,0.7,2.6,1.0,0.015,0.5,11.644616478999852,1.1230383170707228,0.6485657473200185,12.900252673148044,228.0,76.0,152.0,33.333333333333336,10628.94,9464.449999999999,1164.4900000000016,1249.6299999999999,0.0,5.0,6.066839872499987,1.1284746193430888,0.7161575298891382,12.756270661110076,111.0,34.0,77.0,30.63063063063063,5328.77,4722.1,606.6700000000001,552.75,0.0,1.0,,0.01820051961749996,0.0321186548357722,-0.0,0.0880952380952381,0.011644616478999854,0.0061519158535361385,-0.0472387179445088
1a_broad,135,-1.0088392019100003,False,121,19,67.0,20.0,10,5,3.5,9,37,0.5,2.7,1.0,0.015,0.5,-5.303521146000148,0.9540798876436597,-0.19477210282168514,16.826218560729796,303.0,89.0,214.0,29.372937293729372,11018.639999999998,11548.970000000001,-530.3300000000036,1485.59,0.0,5.0,8.328406422499903,1.1835337878634296,0.9540510346149035,12.576906719265388,115.0,35.0,80.0,30.434782608695652,5370.9,4538.0199999999995,832.8800000000001,580.17,0.0,4.0,0.05303521146000148,,,,,,,
1a_broad,136,0.03729150229101092,True,125,21,70.0,21.0,10,5,3.4000000000000004,10,39,0.7,2.8,1.0,0.015,0.5,0.34154039999963065,1.0035078425998072,0.08691359528056207,17.36971713065604,229.0,66.0,163.0,28.820960698689955,9775.199999999999,9741.029999999999,34.17000000000007,1224.61,0.0,3.0,10.839412938999885,1.2406868328903513,1.1943724902037214,12.897186403534386,107.0,33.0,74.0,30.8411214953271,5587.52,4503.570000000001,1083.9499999999998,540.78,0.0,9.0,,0.03251823881699965,0.06017170822258783,-0.0,0.08492063492063492,0.0003415403999996307,0.00017539212999035937,-0.14083601219920147
1a_broad,137,-1.0001168723566656,False,131,20,65.0,22.0,9,6,3.6,11,40,0.6,2.7,1.0,0.015,0.5,14.605693087499876,1.124450954178798,0.7587661110337439,10.628975197590027,282.0,88.0,194.0,31.20567375886525,13196.86,11736.27,1460.5900000000001,1571.85,0.0,1.0,2.0467115274998835,1.049263704153007,0.3017627283210509,10.187838177381071,99.0,29.0,70.0,29.292929292929294,4359.250000000001,4154.580000000001,204.67000000000007,486.95,0.0,8.0,0.0007012341399933082,,,,,,,
1a_broad,138,0.1644853197927054,True,118,19,71.0,21.0,10,5,3.5,10,37,0.8,2.6,1.0,0.015,0.5,7.674986264999915,1.0766773897058823,0.45073042788835876,12.380614643051361,248.0,80.0,168.0,32.25806451612903,10777.11,10009.6,767.5100000000002,1311.32,0.0,4.0,9.98631330999986,1.2118616920847802,1.1173686506203353,13.283303953519518,113.0,36.0,77.0,31.858407079646017,5712.509999999999,4713.83,998.6799999999994,576.59,0.0,2.0,,0.029958939929999578,0.05296542302119506,-0.0,0.0896825396825397,0.007674986264999916,0.003833869485294117,-0.01963043859132298
1a_broad,139,-1.0061195773583338,False,107,20,71.0,20.0,9,5,3.5,10,37,0.8,2.6,1.0,0.015,0.5,-3.671746415000307,0.9698989580976182,-0.1054442758877264,15.428054801594016,315.0,93.0,222.0,29.523809523809526,11829.78,12196.92,-367.1399999999994,1558.37,0.0,5.0,7.491580118499915,1.1489476771352163,0.8614854386954739,12.115278601134314,122.0,38.0,84.0,31.147540983606557,5778.46,5029.35,749.1099999999997,628.08,0.0,2.0,0.03671746415000307,,,,,,,
1a_broad,140,0.06963949831360887,True,112,19,69.0,23.0,10,4,3.9000000000000004,10,39,0.8,2.9000000000000004,1.0,0.015,0.5,2.0169959294999535,1.019889389432825,0.17151124226750428,14.332147762839002,242.0,72.0,170.0,29.75206611570248,10341.76,10140.080000000002,201.67999999999847,1272.79,0.0,5.0,8.91370200699981,1.1857357789141587,0.9804472893747517,11.014671025883478,111.0,33.0,78.0,29.72972972972973,5690.18,4798.860000000001,891.3199999999997,567.32,0.0,2.0,,0.026741106020999425,0.04643394472853968,-0.0,0.0880952380952381,0.0020169959294999537,0.0009944694716412462,-0.09464225593230953
1a_broad,141,0.18446204345901207,True,119,19,72.0,21.0,9,5,3.6,9,38,0.7,2.8,1.0,0.015,0.5,9.041048091999784,1.0887064489161535,0.506397522667709,13.443643058016214,256.0,80.0,176.0,31.25,11095.53,10191.48,904.0500000000011,1361.92,0.0,4.0,13.339580263999906,1.2803764836444425,1.4251563517086614,12.782612950788932,113.0,36.0,77.0,31.858407079646017,6091.660000000001,4757.71,1333.9500000000007,589.19,0.0,2.0,,0.04001874079199972,0.07009412091111061,-0.0,0.0896825396825397,0.009041048091999784,0.004435322445807677,-0.028809728464445412
1a_broad,142,0.15584382031798466,True,119,21,71.0,21.0,9,5,3.4000000000000004,9,38,0.6,2.6,1.0,0.015,0.5,6.693336653499828,1.0576444901878879,0.39468844276957216,14.176515535787978,296.0,94.0,202.0,31.756756756756758,12279.94,11610.650000000001,669.289999999999,1559.07,0.0,6.0,8.41476626749989,1.1778571579548098,0.9597293673163912,13.136329115244186,118.0,37.0,81.0,31.35593220338983,5572.56,4731.099999999999,841.460000000001,601.18,0.0,2.0,,0.02524429880249967,0.04446428948870246,-0.0,0.09365079365079365,0.006693336653499828,0.0028822245093943935,-0.01709112278690534
1a_broad,143,0.023573130136134803,True,119,21,71.0,21.0,9,5,3.5,8,37,0.7,2.5,1.0,0.015,0.5,0.6653832110000257,1.005570303795089,0.104486768634253,15.989951691746363,332.0,103.0,229.0,31.02409638554217,11984.949999999997,11918.560000000001,66.38999999999578,1660.14,0.0,6.0,4.826081114499866,1.1030767982162002,0.6022577014543633,12.862654260030512,121.0,38.0,83.0,31.40495867768595,5164.759999999999,4682.139999999999,482.6199999999999,606.26,0.0,2.0,,0.014478243343499597,0.02576919955405005,-0.0,0.09603174603174604,0.0006653832110000258,0.0002785151897544469,-0.11364995719391535
1a_broad,144,0.12084273445761172,True,122,20,70.0,22.0,10,6,3.7,9,40,0.9,2.6,1.0,0.015,0.5,7.312070469499904,1.065246446326413,0.41989551132082154,12.685059053161819,274.0,86.0,188.0,31.386861313868614,11939.409999999998,11208.12,731.2899999999972,1436.17,0.0,4.0,5.4832896579999035,1.1276957433975974,0.6745153754947295,12.091036696510457,105.0,32.0,73.0,30.476190476190474,4842.63,4294.2699999999995,548.3600000000006,529.09,0.0,5.0,,0.01644986897399971,0.03192393584939934,-0.0,0.08333333333333334,0.007312070469499905,0.003262322316320654,-0.021438796484941233
1a_broad,145,0.02370087099256173,True,118,21,71.0,21.0,9,5,3.5,9,43,0.6,2.7,1.0,0.015,0.5,0.19773213849992316,1.0017578618442924,0.08252987753541866,13.762381858016864,292.0,90.0,202.0,30.82191780821918,11300.580000000002,11280.75,19.830000000001746,1457.44,0.0,6.0,8.850152384999909,1.180282017225785,0.9950627618078771,13.453528447816735,120.0,37.0,83.0,30.833333333333332,5793.910000000001,4908.92,884.9900000000007,612.79,0.0,2.0,,0.026550457154999724,0.04507050430644627,-0.0,0.09523809523809523,0.00019773213849992317,8.789309221461928e-05,-0.14344381093769404
1a_broad,146,-1.001442933356667,False,109,21,68.0,20.0,11,4,2.2,9,36,0.5,2.6,1.0,0.015,0.5,-0.8657600140002615,0.992608563853179,0.0260586000880682,15.27877932612453,320.0,94.0,226.0,29.375,11624.29,11710.85,-86.55999999999949,1656.98,0.0,5.0,6.310180931999984,1.1252255059370826,0.7842886444628372,8.557066888414369,140.0,46.0,94.0,32.857142857142854,5669.64,5038.67,630.9700000000003,727.05,0.0,2.0,0.008657600140002615,,,,,,,
1a_broad,147,-1.0054541880391383,False,127,19,67.0,22.0,10,6,3.4000000000000004,10,39,0.8,2.4000000000000004,1.0,0.015,0.5,-2.651713262000212,0.9727889830117136,-0.08382476747211218,17.428420632114385,252.0,78.0,174.0,30.952380952380953,9479.779999999999,9744.95,-265.1700000000019,1313.87,0.0,3.0,1.752757577499815,1.0434816046044308,0.27498458968045514,11.497359785973222,102.0,32.0,70.0,31.372549019607842,4206.17,4030.9,175.26999999999998,499.85,0.0,8.0,0.032725128234829925,,,,,,,
1a_broad,148,-1.0061575969068932,False,121,18,61.0,21.0,9,5,3.6,8,42,0.6,3.9000000000000004,1.0,0.015,0.5,-0.4287242345001687,0.995693018351618,0.05452666577482663,16.610676725865698,268.0,61.0,207.0,22.761194029850746,9915.36,9958.25,-42.88999999999942,1338.96,0.0,4.0,0.5813154924998526,1.0157087439488242,0.13947117626411976,12.341947729319802,94.0,21.0,73.0,22.340425531914892,3759.91,3701.76,58.149999999999636,455.15,0.0,4.0,0.036945581441359676,,,,,,,
1a_broad,149,0.14831346259916103,True,112,20,69.0,23.0,8,4,3.7,10,40,0.7,2.7,1.0,0.015,0.5,7.6326826439999245,1.0710366236776334,0.44142684074854244,13.988970937363812,256.0,81.0,175.0,31.640625,11506.199999999999,10743.05,763.1499999999996,1399.99,0.0,5.0,6.6609341964998015,1.1347722802729239,0.7705845983650292,11.326027303997051,118.0,35.0,83.0,29.661016949152543,5608.09,4942.04,666.0500000000002,598.19,0.0,2.0,,0.019982802589499405,0.03369307006823097,-0.0,0.09365079365079365,0.007632682643999925,0.003551831183881671,-0.010197717537244575
1a_broad,150,-1.0532042669971726,False,49,19,70.0,20.0,10,5,3.8000000000000003,9,35,0.8,2.8,1.0,0.015,0.5,-5.373120166500211,0.9609103554238954,-0.16374995325416788,17.036303324609552,361.0,98.0,263.0,27.14681440443213,13208.519999999999,13745.84,-537.3200000000015,1806.3,0.0,6.0,-5.727092883500063,0.8313653549428157,-0.69775553336507,16.52038883228005,84.0,20.0,64.0,23.80952380952381,2823.35,3396.04,-572.69,409.24,0.0,7.0,0.31922560198303546,,,,,,,
1a_broad,151,0.12957669425644966,True,132,17,72.0,20.0,9,5,3.4000000000000004,10,38,0.6,2.9000000000000004,1.0,0.015,0.5,5.307011797999785,1.0465873810738051,0.32476423685239086,13.688180899701335,258.0,76.0,182.0,29.45736434108527,11923.32,11392.57,530.75,1370.87,0.0,1.0,7.328939283999898,1.1593143701835809,0.8453492761014078,12.923610721074821,106.0,30.0,76.0,28.30188679245283,5333.0199999999995,4600.15,732.8699999999999,529.15,0.0,9.0,,0.021986817851999695,0.039828592545895214,-0.0,0.08412698412698413,0.005307011797999785,0.0023293690536902558,-0.024002081120119412
1a_broad,152,0.13507166883407293,True,125,17,72.0,21.0,9,6,3.4000000000000004,11,37,0.6,2.8,1.0,0.015,0.5,6.725770818499786,1.0710400983578503,0.4050498867422718,15.103786104241756,214.0,65.0,149.0,30.373831775700936,10140.039999999999,9467.470000000001,672.5699999999979,1180.31,0.0,3.0,5.891680328499787,1.1284565288960688,0.697721196135198,13.366748695583427,107.0,32.0,75.0,29.906542056074766,5175.789999999999,4586.610000000001,589.1799999999985,534.26,0.0,8.0,,0.017675040985499362,0.03211413222401721,-0.0,0.08492063492063492,0.006725770818499787,0.003552004917892515,-0.009915915032470862
1a_broad,153,0.14811276882463367,True,128,18,71.0,20.0,9,5,3.5,10,40,0.5,2.9000000000000004,1.0,0.015,0.5,6.69925120799975,1.0655416254487495,0.3938998636201208,15.19183973086609,232.0,69.0,163.0,29.74137931034483,10889.910000000002,10220.07,669.840000000002,1283.79,0.0,1.0,8.207260735999935,1.1782493679793584,0.9253638104623959,13.391409678391557,106.0,32.0,74.0,30.18867924528302,5424.99,4604.28,820.71,532.31,0.0,9.0,,0.024621782207999803,0.044562341994839605,-0.0,0.08412698412698413,0.00669925120799975,0.0032770812724374765,-0.015174671985627091
1a_broad,154,0.14563564998139258,True,119,20,72.0,21.0,8,5,3.6,11,39,0.7,2.7,1.0,0.015,0.5,13.121081934499742,1.1353159820629284,0.7044599503308556,12.449366517347972,222.0,73.0,149.0,32.88288288288288,11008.16,9696.119999999999,1312.0400000000009,1244.08,0.0,5.0,8.539949079999932,1.1813790876882952,0.9559626857780982,12.633802190770268,109.0,34.0,75.0,31.192660550458715,5561.9800000000005,4708.039999999999,853.9400000000014,548.81,0.0,2.0,,0.025619847239999795,0.04534477192207381,-0.0,0.08650793650793652,0.013121081934499743,0.00676579910314642,-0.03172378672626371
1a_broad,155,-1.0037698857833337,False,123,19,66.0,20.0,10,4,3.3000000000000003,9,38,0.6,2.6,1.0,0.015,0.5,-2.2619314700002358,0.9800361663014443,-0.050406707633922805,18.72286979946577,303.0,90.0,213.0,29.702970297029704,11104.780000000002,11330.99,-226.2099999999973,1534.57,0.0,4.0,6.736950930499988,1.1593838423029972,0.8064916536042691,10.6333427164126,107.0,34.0,73.0,31.77570093457944,4900.53,4226.839999999999,673.6900000000005,548.49,0.0,7.0,0.022619314700002356,,,,,,,
1a_broad,156,0.11896992498717567,True,115,18,73.0,22.0,9,5,3.4000000000000004,11,36,0.7,2.8,1.0,0.015,0.5,10.509686908499717,1.104691022513202,0.5841060118560184,11.762990908926415,229.0,72.0,157.0,31.441048034934497,11089.01,10038.11,1050.8999999999996,1275.54,0.0,7.0,6.448713202499894,1.1299919165774668,0.736379233147077,12.29641341668689,110.0,33.0,77.0,30.0,5605.63,4960.77,644.8599999999997,553.54,0.0,2.0,,0.01934613960749968,0.032497979144366695,-0.0,0.08730158730158731,0.010509686908499717,0.0052345511256601035,-0.03592001910043784
1a_broad,157,0.12218370452604277,True,129,17,71.0,20.0,8,6,3.5,10,41,0.5,2.9000000000000004,1.0,0.015,0.5,4.708091735999806,1.0478154242976607,0.30260967069795647,15.384642757108116,227.0,67.0,160.0,29.515418502202643,10318.31,9847.45,470.85999999999876,1240.61,0.0,2.0,6.8729131854998196,1.1503390497856332,0.7966238960293553,12.950243243919122,107.0,32.0,75.0,29.906542056074766,5258.889999999999,4571.5999999999985,687.2900000000009,534.93,0.0,8.0,,0.020618739556499458,0.03758476244640829,-0.0,0.08492063492063492,0.004708091735999806,0.0023907712148830366,-0.028039295348382745
1a_broad,158,-1.0009748020750002,False,125,19,74.0,21.0,10,4,3.6,9,38,0.6,2.7,1.0,0.015,0.5,-0.5848812450001424,0.9948080461507008,0.042229932813799116,15.947715194573059,286.0,87.0,199.0,30.41958041958042,11191.69,11250.1,-58.409999999999854,1451.58,0.0,3.0,10.239063490499865,1.2280308682531376,1.1473340361461668,13.049701526100991,111.0,35.0,76.0,31.53153153153153,5513.92,4490.05,1023.8699999999999,568.92,0.0,9.0,0.005848812450001423,,,,,,,
1a_broad,159,0.062139167372676996,True,117,18,72.0,22.0,9,6,3.4000000000000004,12,36,0.7,2.5,1.0,0.015,0.5,1.7296769449999374,1.0178055411717108,0.1582387752386651,12.661753398554195,236.0,76.0,160.0,32.20338983050848,9886.789999999999,9713.83,172.95999999999913,1232.74,0.0,7.0,5.312993077499978,1.1049982411692862,0.6468843818136628,12.783914246268926,118.0,39.0,79.0,33.05084745762712,5591.489999999999,5060.18,531.3099999999986,601.95,0.0,1.0,,0.01593897923249993,0.02624956029232156,-0.0,0.09365079365079365,0.0017296769449999375,0.0008902770585855424,-0.07632011980652363
1a_broad,160,0.07195824181748628,True,120,21,70.0,21.0,11,5,3.7,10,42,0.6,3.0,1.0,0.015,0.5,11.32230681799987,1.1147753872293147,0.5989983459200922,13.497026831047663,221.0,67.0,154.0,30.316742081447963,10996.490000000002,9864.310000000001,1132.1800000000003,1226.34,0.0,6.0,4.330068025999881,1.0896284797681883,0.5209622311816181,12.835334952896712,109.0,31.0,78.0,28.440366972477065,5264.540000000001,4831.499999999999,433.0400000000018,545.18,0.0,2.0,,0.012990204077999641,0.022407119942047082,-0.0,0.08650793650793652,0.01132230681799987,0.005738769361465734,-0.06700809488996257
1a_broad,161,0.14963831306543476,True,110,19,73.0,20.0,10,5,3.6,11,38,0.7,2.8,1.0,0.015,0.5,12.062580915999751,1.1178601823470609,0.6479047840622606,12.429733886803891,234.0,71.0,163.0,30.34188034188034,11440.549999999997,10234.330000000002,1206.2199999999957,1298.09,0.0,5.0,8.548282503999872,1.1740748056750816,0.9414586535950283,10.554247552705446,111.0,34.0,77.0,30.63063063063063,5765.4,4910.59,854.8099999999995,569.56,0.0,2.0,,0.02564484751199961,0.0435187014187704,-0.0,0.0880952380952381,0.012062580915999752,0.005893009117353043,-0.02557606399392615
1a_broad,162,0.14740010665289033,True,116,20,72.0,21.0,9,5,3.5,11,39,0.7,2.8,1.0,0.015,0.5,11.34649077349979,1.1165956423580963,0.6163635211916543,11.734796664961578,222.0,70.0,152.0,31.53153153153153,10866.050000000001,9731.41,1134.6400000000012,1219.28,0.0,8.0,8.1555954224999,1.1688181302553189,0.9090720066953908,12.096400327735353,111.0,33.0,78.0,29.72972972972973,5646.35,4830.820000000001,815.5299999999997,560.7,0.0,2.0,,0.0244667862674997,0.04220453256382972,-0.0,0.0880952380952381,0.011346490773499791,0.005829782117904814,-0.024542723165081794
1a_broad,163,0.001486823049039366,True,113,19,72.0,20.0,10,4,3.6,11,38,0.8,2.9000000000000004,1.0,0.015,0.5,0.32669560599990294,1.0034785443596974,0.08626685051710253,12.8035935917328,221.0,64.0,157.0,28.959276018099548,9418.76,9386.11,32.649999999999636,1138.13,0.0,6.0,5.999201890999848,1.120775047715687,0.68933698417217,10.64607265373869,110.0,32.0,78.0,29.09090909090909,5566.8,4966.92,599.8800000000001,562.27,0.0,2.0,,0.017997605672999545,0.03019376192892176,-0.0,0.08730158730158731,0.00032669560599990293,0.00017392721798487054,-0.13450675467845402
1a_broad,164,0.07849140366922594,True,116,7,73.0,22.0,9,5,3.5,12,37,0.9,2.7,1.0,0.015,0.5,13.541513255499757,1.1484597184976306,0.790514639064526,8.0178492490656,260.0,84.0,176.0,32.30769230769231,10475.17,9121.060000000001,1354.1099999999988,1383.48,0.0,7.0,4.833428383499795,1.132643485132866,0.6861785930282869,10.24042971090116,102.0,30.0,72.0,29.41176470588235,4127.67,3644.2799999999997,483.3900000000003,521.14,0.0,2.0,,0.014500285150499385,0.033160871283216486,-0.0,0.08095238095238096,0.013541513255499758,0.007422985924881532,-0.07108663289725217
1a_broad,165,-1.0119311583376498,False,121,19,71.0,21.0,10,18,3.6,10,40,0.6,2.8,1.0,0.015,0.5,-1.316638065500265,0.9837953018192741,-0.017868842738302488,11.873623917327771,235.0,68.0,167.0,28.93617021276596,7991.93,8123.57,-131.63999999999942,1154.57,0.0,3.0,-0.28362894300014885,0.9916365060620606,0.018379955980806755,11.711187439032814,95.0,28.0,67.0,29.473684210526315,3367.3099999999995,3395.71,-28.400000000000546,462.62,0.0,1.0,0.07158695002589889,,,,,,,
1a_broad,166,0.04958564677597371,True,123,17,76.0,21.0,12,5,3.3000000000000003,11,38,0.7,2.6,1.0,0.015,0.5,1.5999557244997777,1.0168084534037223,0.1517056740557506,16.755988867184683,227.0,67.0,160.0,29.515418502202643,9676.599999999999,9516.64,159.95999999999913,1211.08,0.0,4.0,7.216835160499905,1.1699330553194298,0.8389060967111756,12.295313790245071,99.0,33.0,66.0,33.333333333333336,4968.46,4246.789999999999,721.670000000001,494.99,0.0,7.0,,0.021650505481499712,0.042483263829857454,-0.0,0.07857142857142857,0.0015999557244997778,0.000840422670186114,-0.09555992950149791
1a_broad,167,0.1355232626889968,True,131,18,74.0,20.0,11,6,3.8000000000000003,11,41,0.5,3.0,1.0,0.015,0.5,8.946391394500042,1.0765028911374088,0.47472992909122286,13.323346023900948,245.0,72.0,173.0,29.387755102040817,12587.150000000001,11692.630000000001,894.5200000000004,1335.8,0.0,1.0,7.035852418499926,1.1513173599895052,0.8017613185528348,12.858470241533487,103.0,29.0,74.0,28.155339805825243,5353.430000000001,4649.83,703.6000000000013,514.66,0.0,8.0,,0.021107557255499777,0.03782933999737631,-0.0,0.08174603174603175,0.008946391394500042,0.003825144556870441,-0.017931202261281507
1a_broad,168,0.15406375477107262,True,118,20,68.0,22.0,9,4,3.5,10,37,0.6,2.7,1.0,0.015,0.5,6.404079585000018,1.062416357928123,0.3863224449455945,14.384898688985704,251.0,80.0,171.0,31.872509960159363,10899.85,10259.490000000002,640.3599999999988,1347.68,0.0,5.0,6.625637609999958,1.1342470361057138,0.7687369145322552,13.290953077411293,118.0,35.0,83.0,29.661016949152543,5597.770000000001,4935.23,662.5400000000018,591.28,0.0,2.0,,0.019876912829999874,0.03356175902642844,-0.0,0.09365079365079365,0.006404079585000018,0.0031208178964061473,-0.0025506082175554977
1a_broad,169,-1.0039267253408335,False,126,20,67.0,23.0,9,4,3.4000000000000004,9,37,0.6,2.5,1.0,0.015,0.5,-2.356035204500149,0.9798756308348754,-0.055745458091590934,19.548708616259443,309.0,94.0,215.0,30.42071197411003,11473.06,11708.690000000002,-235.63000000000284,1582.8,0.0,3.0,3.3850421929998085,1.0769099687588755,0.44727723341600434,13.398802327854515,110.0,33.0,77.0,30.0,4739.75,4401.249999999999,338.5000000000009,546.28,0.0,9.0,0.023560352045001492,,,,,,,
1a_broad,170,0.08963327485850212,True,118,21,69.0,22.0,8,4,3.7,8,39,0.6,2.7,1.0,0.015,0.5,2.619283903999949,1.023156296159446,0.20003023133565612,14.708558215779119,309.0,99.0,210.0,32.03883495145631,11574.650000000001,11312.689999999999,261.96000000000276,1543.56,0.0,6.0,7.625738778499927,1.1578174021738232,0.8776984219778674,12.799351367900218,122.0,37.0,85.0,30.327868852459016,5594.62,4832.039999999999,762.5800000000008,619.5,0.0,2.0,,0.02287721633549978,0.03945435054345581,-0.0,0.09682539682539683,0.002619283903999949,0.0011578148079723018,-0.07330078755782254
1a_broad,171,0.18595329772516014,True,114,19,66.0,21.0,10,5,3.5,10,37,0.7,2.8,1.0,0.015,0.5,9.303030327499872,1.0916668144671005,0.5289454207580352,12.249824836380624,251.0,78.0,173.0,31.07569721115538,11079.13,10148.82,930.3099999999995,1356.18,0.0,7.0,11.700394948499834,1.2417447542694204,1.28470576138244,10.31709334060316,118.0,36.0,82.0,30.508474576271187,6009.610000000001,4839.65,1169.960000000001,619.11,0.0,2.0,,0.035101184845499504,0.06043618856735511,-0.0,0.09365079365079365,0.009303030327499873,0.0045833407233550226,-0.017121240389343022
1a_broad,172,0.167639423564872,True,112,20,65.0,21.0,9,5,3.5,10,35,0.6,2.9000000000000004,1.0,0.015,0.5,7.758915142999885,1.0719510521415616,0.44595719827655994,14.981832171114204,249.0,72.0,177.0,28.91566265060241,11559.62,10783.72,775.9000000000015,1375.34,0.0,5.0,10.24501230399992,1.2167895351592917,1.11971840898207,9.519927393139373,116.0,34.0,82.0,29.310344827586206,5750.45,4725.92,1024.5299999999997,610.57,0.0,2.0,,0.030735036911999754,0.05419738378982292,-0.0,0.09206349206349207,0.007758915142999885,0.003597552607078081,-0.020712956950520712
1a_broad,173,0.018620802168066445,True,107,19,65.0,20.0,10,5,3.5,10,35,0.7,2.9000000000000004,1.0,0.015,0.5,0.6638263494998864,1.005388663007056,0.10725078499732636,13.947719386465494,293.0,83.0,210.0,28.32764505119454,12373.640000000001,12307.32,66.32000000000153,1522.3700000000001,0.0,5.0,5.036591194999983,1.1054890321986082,0.6079269984073616,11.017493803273892,115.0,32.0,83.0,27.82608695652174,5278.08,4774.429999999999,503.65000000000055,584.69,0.0,2.0,,0.015109773584999948,0.026372258049652042,-0.0,0.09126984126984128,0.0006638263494998865,0.0002694331503528047,-0.11506433023627952
1a_broad,174,-1.0020246665958334,False,113,17,64.0,21.0,9,5,3.4000000000000004,9,35,0.8,2.9000000000000004,1.0,0.015,0.5,-1.2147999575001087,0.9885867425420571,0.012284152563124703,13.29085745892001,274.0,78.0,196.0,28.467153284671532,10520.55,10642.010000000002,-121.46000000000276,1374.75,0.0,6.0,2.210225793499994,1.0533703930877603,0.3252821604262039,11.00150759531803,110.0,32.0,78.0,29.09090909090909,4362.07,4141.0599999999995,221.01000000000022,557.21,0.0,2.0,0.012147999575001088,,,,,,,
1a_broad,175,0.043391028408657085,True,109,16,66.0,20.0,10,5,3.3000000000000003,10,36,0.6,2.8,1.0,0.015,0.5,1.0941799339999851,1.0108933286077804,0.1251580827456121,15.841276066603537,243.0,69.0,174.0,28.395061728395063,10154.099999999999,10044.68,109.41999999999825,1285.28,0.0,6.0,4.036877441999877,1.0880672459569307,0.5190432461439592,11.928881860284395,118.0,33.0,85.0,27.966101694915253,4987.45,4583.7699999999995,403.6800000000003,604.2,0.0,2.0,,0.012110632325999631,0.02201681148923268,-0.0,0.09365079365079365,0.0010941799339999852,0.0005446664303890181,-0.08602605542175788
1a_broad,176,0.05846426935101738,True,114,20,65.0,21.0,9,6,3.5,9,39,0.5,3.0,1.0,0.015,0.5,1.5966890769999191,1.0147110871881464,0.15047297076821772,17.69442902777301,265.0,74.0,191.0,27.92452830188679,11009.25,10849.64,159.61000000000058,1408.08,0.0,8.0,4.469766091000001,1.0931465290916214,0.5431553259128152,10.095095568125064,114.0,34.0,80.0,29.82456140350877,5246.36,4799.32,447.03999999999996,595.95,0.0,1.0,,0.013409298273000003,0.02328663227290534,-0.0,0.09047619047619049,0.0015966890769999191,0.00073555435940732,-0.07104009510748568
1a_broad,177,0.17557671931684446,True,111,19,66.0,20.0,11,5,3.7,10,33,0.7,2.6,1.0,0.015,0.5,8.38802802949991,1.076423574603163,0.4832648100762082,12.34726179115944,272.0,84.0,188.0,30.88235294117647,11814.33,10975.54,838.789999999999,1471.36,0.0,5.0,8.507245289999991,1.1810136817243655,0.9732840502895911,10.494068746850447,118.0,37.0,81.0,31.35593220338983,5550.410000000001,4699.7,850.710000000001,613.37,0.0,2.0,,0.025521735869999975,0.04525342043109137,-0.0,0.09365079365079365,0.008388028029499912,0.003821178730158148,-0.0010584373946985943
1a_broad,178,0.03437766142359289,True,111,19,64.0,21.0,11,5,3.7,10,33,0.7,2.6,1.0,0.015,0.5,9.72199573749991,1.0888257672657635,0.5517557346613452,13.154295665268398,276.0,87.0,189.0,31.52173913043478,11917.589999999998,10945.36,972.2299999999977,1506.39,0.0,5.0,2.329610041999913,1.0526847708861362,0.33554471934685187,11.890717635329876,116.0,34.0,82.0,29.310344827586206,4655.93,4422.91,233.02000000000044,586.58,0.0,2.0,,0.006988830125999739,0.013171192721534053,-0.0,0.09206349206349207,0.00972199573749991,0.004441288363288176,-0.09200913758822106
1a_broad,179,-1.0094633418708339,False,107,18,66.0,20.0,11,6,3.6,9,34,0.8,2.6,1.0,0.015,0.5,-5.678005122500253,0.9517525188023273,-0.21699427233790233,17.625798133016175,312.0,93.0,219.0,29.807692307692307,11200.690000000002,11768.490000000002,-567.7999999999993,1534.17,0.0,5.0,2.602191377999916,1.0544223520897569,0.3678958420956754,11.204881393561344,124.0,38.0,86.0,30.64516129032258,5041.130000000002,4780.94,260.1900000000023,631.54,0.0,1.0,0.056780051225002535,,,,,,,
1a_broad,180,0.07670252006191122,True,120,19,67.0,21.0,12,4,3.7,10,32,0.7,2.4000000000000004,1.0,0.015,0.5,2.009006811999843,1.0184729551117495,0.17276822862626923,13.414949814656582,286.0,90.0,196.0,31.46853146853147,11072.950000000003,10872.11,200.84000000000196,1493.6,0.0,4.0,4.803103885999881,1.102589511676829,0.6066346865093614,12.11526090466316,120.0,40.0,80.0,33.333333333333336,5162.71,4682.35,480.3599999999997,605.96,0.0,2.0,,0.014409311657999642,0.025647377919207237,-0.0,0.09523809523809523,0.002009006811999843,0.0009236477555874756,-0.061524919320978214
1a_broad,181,-1.0037764921208336,False,123,19,66.0,20.0,13,5,3.6,11,35,0.6,2.7,1.0,0.015,0.5,-2.2658952725001837,0.9761493965503629,-0.055697843117032554,19.453520680852048,232.0,68.0,164.0,29.310344827586206,9272.98,9499.55,-226.5699999999997,1216.99,0.0,4.0,11.83697888749999,1.2863338832419775,1.3172076628635607,10.035282327939026,99.0,32.0,67.0,32.323232323232325,5317.7300000000005,4134.02,1183.71,517.33,0.0,7.0,0.022658952725001836,,,,,,,
1a_broad,182,0.11657379958776896,True,115,18,63.0,20.0,10,5,3.4000000000000004,10,36,0.7,2.8,1.0,0.015,0.5,6.730862865999843,1.0578005589557455,0.39822322049311937,12.04374792779794,291.0,83.0,208.0,28.522336769759452,12316.119999999999,11643.14,672.9799999999996,1573.46,0.0,7.0,4.916931709499986,1.10986653796395,0.6198444572472609,12.095287667673823,111.0,32.0,79.0,28.82882882882883,4967.13,4475.429999999999,491.7000000000007,570.09,0.0,2.0,,0.014750795128499958,0.027466634490987518,-0.0,0.0880952380952381,0.006730862865999843,0.0028900279477872774,-0.023359758940743734
1a_broad,183,-1.000697408946756,False,111,17,65.0,21.0,9,5,3.5,11,33,0.6,2.9000000000000004,1.0,0.015,0.5,4.745799078999935,1.0388046715414418,0.2936034741445926,16.5067533668918,287.0,81.0,206.0,28.222996515679444,12703.480000000001,12228.940000000002,474.53999999999905,1546.47,0.0,5.0,2.0936581445000044,1.045606323635437,0.30305063603173543,12.021835421188207,113.0,31.0,82.0,27.43362831858407,4800.41,4591.03,209.3800000000001,572.0600000000001,0.0,2.0,0.0041844536805362995,,,,,,,
1a_broad,184,0.17296841989590753,True,121,20,66.0,20.0,11,5,3.8000000000000003,10,37,0.7,2.6,1.0,0.015,0.5,9.870352712999903,1.0945302555625047,0.5531268878540904,14.21291347950963,261.0,85.0,176.0,32.56704980842912,11427.869999999999,10440.89,986.9799999999996,1411.31,0.0,5.0,9.014022353999936,1.2033191838723212,1.029150347922548,11.63736039068172,110.0,35.0,75.0,31.818181818181817,5335.06,4433.62,901.4400000000005,559.56,0.0,4.0,,0.027042067061999808,0.050829795968080294,-0.0,0.08730158730158731,0.009870352712999903,0.0047265127781252365,-0.006801895926885014
1a_broad,185,0.1343768959445465,True,120,20,67.0,21.0,11,6,3.8000000000000003,10,37,0.8,2.5,1.0,0.015,0.5,5.243753416499858,1.0505847950395413,0.3369556215074324,14.422039674837517,263.0,83.0,180.0,31.55893536121673,10889.49,10365.169999999998,524.3200000000015,1390.25,0.0,4.0,8.793782035499971,1.187548121938058,1.0205288721919665,12.926514596407296,115.0,38.0,77.0,33.04347826086956,5567.95,4688.6100000000015,879.3399999999983,589.71,0.0,1.0,,0.026381346106499913,0.04688703048451448,-0.0,0.09126984126984128,0.005243753416499858,0.002529239751977064,-0.03793431508478611
1a_broad,186,0.016049006380086227,True,117,20,66.0,22.0,11,5,3.8000000000000003,9,34,0.7,2.6,1.0,0.015,0.5,0.5390444459996979,1.0047342422446157,0.0980626940402692,16.000278813566204,296.0,92.0,204.0,31.08108108108108,11441.16,11387.25,53.909999999999854,1505.48,0.0,8.0,5.410686103499883,1.1160164249032407,0.6593891814391821,11.913844072721368,117.0,35.0,82.0,29.914529914529915,5204.709999999999,4663.650000000001,541.0599999999986,591.83,0.0,2.0,,0.01623205831049965,0.029004106225810178,-0.0,0.09285714285714286,0.0005390444459996979,0.00023671211223078581,-0.12282005757159695
1a_broad,187,0.16373118110432397,True,113,20,65.0,20.0,10,4,3.6,10,40,0.7,2.7,1.0,0.015,0.5,7.276626930999937,1.0702985965786895,0.43097807216801265,11.502589835470458,253.0,79.0,174.0,31.225296442687746,11078.039999999997,10350.419999999998,727.619999999999,1362.52,0.0,6.0,10.910206741499932,1.2292825110222885,1.2192225853651237,8.93235491248401,117.0,36.0,81.0,30.76923076923077,5849.59,4758.54,1091.0500000000002,620.53,0.0,2.0,,0.032730620224499796,0.05732062775557212,-0.0,0.09285714285714286,0.007276626930999937,0.0035149298289344766,-0.029968766492825205
1a_broad,188,0.1013805431741599,True,112,20,65.0,20.0,11,4,1.9,10,40,0.7,2.7,1.0,0.015,0.5,3.6529802584999196,1.0419817057050706,0.2692254856428691,15.135969089905885,231.0,68.0,163.0,29.437229437229437,9065.22,8699.98,365.2399999999998,1209.05,0.0,5.0,2.8696181794999394,1.0709319597922882,0.41960944385544163,8.134711486547788,110.0,33.0,77.0,30.0,4332.9800000000005,4045.9900000000007,286.9899999999998,558.37,0.0,1.0,,0.008608854538499819,0.017732989948072042,-0.0,0.08730158730158731,0.0036529802584999195,0.0020990852852535327,-0.01801495415775273
1a_broad,189,0.13976497200046797,True,114,21,64.0,21.0,10,4,3.9000000000000004,10,42,0.8,2.6,1.0,0.015,0.5,5.394753566499748,1.053508759748208,0.3433886356953734,14.830738610403612,262.0,86.0,176.0,32.82442748091603,10620.779999999999,10081.34,539.4399999999987,1354.83,0.0,8.0,9.343646600999964,1.2008115508444344,1.0764191913169625,9.351641709702827,118.0,37.0,81.0,31.35593220338983,5587.160000000001,4652.82,934.340000000001,611.9399999999999,0.0,2.0,,0.02803093980299989,0.05020288771110859,-0.0,0.09365079365079365,0.0053947535664997485,0.002675437987410401,-0.0401898407183443
1a_broad,190,0.016731836415761717,True,122,20,66.0,20.0,11,4,3.7,9,32,0.7,2.5,1.0,0.015,0.5,0.6449932044999331,1.0054888200952985,0.1026777953188393,16.6801603245968,310.0,94.0,216.0,30.322580645161292,11806.499999999998,11742.05,64.44999999999891,1603.46,0.0,5.0,4.739359091499846,1.1102479811833026,0.5988009592582129,11.655951798881466,111.0,35.0,76.0,31.53153153153153,4772.1900000000005,4298.3099999999995,473.880000000001,554.98,0.0,6.0,,0.014218077274499539,0.027561995295825648,-0.0,0.0880952380952381,0.0006449932044999332,0.00027444100476492483,-0.11406290845906643
1a_broad,191,0.1581596670032577,True,118,19,65.0,20.0,10,5,3.6,10,39,0.6,2.8,1.0,0.015,0.5,6.57431433099986,1.0671601538078055,0.3961428511163259,12.338175633257396,238.0,74.0,164.0,31.092436974789916,10446.259999999998,9788.84,657.4199999999983,1270.57,0.0,4.0,12.285594274499873,1.265273381326032,1.343976612662659,10.300979252548464,114.0,36.0,78.0,31.57894736842105,5859.8099999999995,4631.26,1228.5499999999993,598.88,0.0,2.0,,0.03685678282349961,0.06631834533150799,-0.0,0.09047619047619049,0.006574314330999861,0.0033580076903902746,-0.04542397364933053
1a_broad,192,0.1676761378469224,True,118,19,65.0,20.0,10,5,3.6,10,41,0.7,2.7,1.0,0.015,0.5,7.708543236999777,1.0782701668666952,0.45560990476317687,12.589009379486251,242.0,79.0,163.0,32.64462809917355,10619.429999999998,9848.580000000002,770.8499999999967,1295.56,0.0,4.0,11.168075280499835,1.2509555428224746,1.2516627529681308,10.234465659910285,110.0,35.0,75.0,31.818181818181817,5567.1900000000005,4450.35,1116.8400000000001,571.69,0.0,2.0,,0.03350422584149951,0.06273888570561864,-0.0,0.08730158730158731,0.007708543236999777,0.0039135083433347595,-0.027490612582117588
1a_broad,193,0.0967103596575365,True,116,19,64.0,21.0,10,5,3.6,10,41,0.7,2.7,1.0,0.015,0.5,11.18029054149989,1.1094518985544846,0.6228462209363599,12.841889209724721,250.0,82.0,168.0,32.8,11332.33,10214.35,1117.9799999999996,1371.89,0.0,7.0,5.300447146499901,1.121480568059923,0.6611343166469097,11.958546581683464,110.0,33.0,77.0,30.0,4892.929999999999,4362.92,530.0099999999993,561.87,0.0,2.0,,0.015901341439499703,0.030370142014980728,-0.0,0.08730158730158731,0.011180290541499889,0.005472594927724228,-0.05351559656775537
1a_broad,194,-1.0000761390208333,False,109,19,65.0,20.0,10,4,3.7,10,43,0.8,2.6,1.0,0.015,0.5,-0.04568341249996593,0.9996138624234906,0.06945424345047896,14.510042100502469,311.0,96.0,215.0,30.868167202572348,11830.589999999998,11835.16,-4.570000000001528,1555.63,0.0,6.0,9.322920018500044,1.2087738352498572,1.080872917771678,8.952193381967563,115.0,38.0,77.0,33.04347826086956,5397.840000000001,4465.550000000001,932.29,598.9,0.0,2.0,0.0004568341249996593,,,,,,,
1a_broad,195,0.1264935525358523,True,118,19,65.0,21.0,10,5,3.6,9,40,0.7,2.8,1.0,0.015,0.5,4.21089640749964,1.042824346028772,0.28102257760580523,13.47119877001386,257.0,79.0,178.0,30.739299610894943,10252.1,9831.09,421.0100000000002,1314.61,0.0,4.0,12.13424639899984,1.2734253884702744,1.340794329451531,9.895784462977186,111.0,35.0,76.0,31.53153153153153,5651.360000000001,4437.92,1213.4400000000005,582.07,0.0,2.0,,0.03640273919699952,0.0683563471175686,-0.0,0.0880952380952381,0.00421089640749964,0.0021412173014386028,-0.07271288558289218
1a_broad,196,0.1155647161631481,True,113,19,67.0,22.0,12,6,3.7,10,41,0.6,2.7,1.0,0.015,0.5,3.961462235500003,1.0384634433653062,0.26738780354328384,15.760552453960372,255.0,77.0,178.0,30.19607843137255,10693.380000000001,10297.31,396.0700000000015,1358.31,0.0,6.0,9.538440153999854,1.197523348035866,1.0753210824740163,10.605846602284295,118.0,37.0,81.0,31.35593220338983,5782.960000000001,4829.1,953.8600000000006,618.03,0.0,1.0,,0.02861532046199956,0.049380837008966505,-0.0,0.09365079365079365,0.003961462235500003,0.001923172168265308,-0.06196686936237692
1a_broad,197,0.10599255654201321,True,119,20,63.0,20.0,10,4,3.6,9,39,0.7,2.7,1.0,0.015,0.5,11.363702202500043,1.1023060800420632,0.627203384249528,13.692714173672426,283.0,92.0,191.0,32.50883392226148,12243.490000000002,11107.16,1136.3300000000017,1523.57,0.0,5.0,5.696462134499925,1.1334559469559413,0.7077827326323629,12.217154969098702,112.0,34.0,78.0,30.357142857142858,4837.76,4268.15,569.6100000000006,571.3,0.0,2.0,,0.017089386403499773,0.03336398673898533,-0.0,0.08888888888888889,0.011363702202500044,0.005115304002103161,-0.04982871169396399
1a_broad,198,0.13868169027429622,True,123,19,66.0,21.0,11,5,3.8000000000000003,10,40,0.6,2.6,1.0,0.015,0.5,5.5120618144997575,1.052713578652894,0.34828149814728376,13.512865421916315,266.0,84.0,182.0,31.57894736842105,11006.909999999998,10455.75,551.159999999998,1410.28,0.0,4.0,10.17766469199987,1.2419159313911916,1.161259236585829,10.825801526490313,106.0,35.0,71.0,33.0188679245283,5224.789999999999,4207.04,1017.7499999999991,545.59,0.0,7.0,,0.030532994075999614,0.0604789828477979,-0.0,0.08412698412698413,0.005512061814499758,0.002635678932644703,-0.044605011523629876
1a_broad,199,0.12546311725484505,True,115,20,65.0,20.0,10,5,3.6,10,39,0.5,2.8,1.0,0.015,0.5,4.529690420499773,1.043060786442302,0.2949035714896216,13.10602128299301,259.0,78.0,181.0,30.115830115830114,10972.769999999999,10519.779999999999,452.9899999999998,1375.78,0.0,8.0,10.978894187999831,1.224629259829116,1.2014050912333292,9.8798733705079,116.0,36.0,80.0,31.03448275862069,5985.4000000000015,4887.52,1097.880000000001,609.5,0.0,2.0,,0.032936682563999495,0.05615731495727899,-0.0,0.09206349206349207,0.004529690420499773,0.002153039322115102,-0.06237710207254039
1a_broad,200,0.14184081330813259,True,125,19,66.0,21.0,11,4,3.7,11,42,0.8,2.7,1.0,0.015,0.5,6.124986686499778,1.0660883321606933,0.38651464571713584,12.707678788038296,212.0,68.0,144.0,32.075471698113205,9879.27,9266.84,612.4300000000003,1158.46,0.0,3.0,10.290561833999892,1.2441279247691142,1.1625302095615384,10.328553116292154,99.0,31.0,68.0,31.31313131313131,5244.359999999999,4215.29,1029.0699999999988,513.41,0.0,9.0,,0.030871685501999674,0.06103198119227854,-0.0,0.07857142857142857,0.006124986686499778,0.003304416608034666,-0.03806368525210864
1a_broad,201,0.16028365666837793,True,120,19,64.0,20.0,10,5,3.5,10,38,0.7,2.8,1.0,0.015,0.5,11.924757199999748,1.1267133003858278,0.6605610519826424,11.602198911711074,227.0,71.0,156.0,31.277533039647576,10603.42,9410.93,1192.4899999999998,1257.24,0.0,4.0,8.706864271499835,1.2016363981639735,1.0228108971213046,11.83589766363574,112.0,35.0,77.0,31.25,5188.6900000000005,4318.0199999999995,870.670000000001,578.3,0.0,2.0,,0.026120592814499504,0.050409099540993374,-0.0,0.08888888888888889,0.011924757199999749,0.006335665019291392,-0.023395346795294977
1a_broad,202,0.15999686205987687,True,121,19,63.0,20.0,10,5,3.5,10,38,0.7,2.8,1.0,0.015,0.5,6.952255431499744,1.0657264434471616,0.4066751669175102,11.971246787739156,266.0,79.0,187.0,29.69924812030075,11272.86,10577.630000000001,695.2299999999996,1393.61,0.0,4.0,9.957168132999795,1.2401392111368907,1.1581914726215188,11.829571503647426,109.0,35.0,74.0,32.11009174311926,5141.889999999999,4146.22,995.6699999999992,562.11,0.0,4.0,,0.029871504398999386,0.060034802784222685,-0.0,0.08650793650793652,0.006952255431499743,0.0032863221723580804,-0.026655959235139543
1a_broad,203,0.16970349077794966,True,121,19,64.0,20.0,10,5,3.5,10,37,0.7,2.8,1.0,0.015,0.5,11.16534489799973,1.1166177499712766,0.6258025631274449,12.004279774620745,233.0,72.0,161.0,30.901287553648068,10690.61,9574.1,1116.5100000000002,1288.86,0.0,4.0,9.065051026999862,1.2151333058035607,1.0642032045348973,11.835767887141863,110.0,35.0,75.0,31.818181818181817,5120.11,4213.62,906.4899999999998,565.13,0.0,4.0,,0.027195153080999585,0.05378332645089018,-0.0,0.08730158730158731,0.01116534489799973,0.005830887498563831,-0.015572808452090964
1a_broad,204,0.143766162573686,True,122,19,62.0,20.0,10,5,3.5,10,36,0.7,2.8,1.0,0.015,0.5,11.809051750999696,1.111231790200502,0.635273703219212,10.380668610979475,268.0,81.0,187.0,30.223880597014926,11796.67,10615.85,1180.8199999999997,1464.87,0.0,4.0,7.753799650999809,1.19088084840309,0.9622836427914463,12.065609629402731,109.0,35.0,74.0,32.11009174311926,4837.62,4062.22,775.4000000000001,556.09,0.0,6.0,,0.023261398952999425,0.047720212100772486,-0.0,0.08650793650793652,0.011809051750999697,0.005561589510025101,-0.031094026249047235
1a_broad,205,0.07001236897011343,True,126,19,63.0,20.0,10,6,3.5,11,37,0.7,2.9000000000000004,1.0,0.015,0.5,9.657846665999822,1.0887877277734155,0.5353113823110907,12.930311321224607,258.0,75.0,183.0,29.069767441860463,11841.59,10875.94,965.6499999999996,1431.8,0.0,3.0,4.0623724819998825,1.0989732819405797,0.5312729658082637,12.6774364158042,101.0,30.0,71.0,29.702970297029704,4510.5599999999995,4104.34,406.21999999999935,510.66,0.0,8.0,,0.012187117445999648,0.024743320485144937,-0.0,0.08015873015873017,0.009657846665999822,0.004439386388670774,-0.061174032174431923
1a_broad,206,0.17538414926006432,True,121,20,64.0,20.0,11,5,3.5,10,37,0.7,2.7,1.0,0.015,0.5,8.556987807499736,1.0858840345210397,0.5013455782834966,13.104989943109008,240.0,75.0,165.0,31.25,10818.25,9962.62,855.6299999999992,1332.46,0.0,5.0,9.793154438999954,1.2270015436605615,1.1177181575578365,9.662759106274525,109.0,34.0,75.0,31.192660550458715,5293.799999999999,4314.42,979.3799999999992,560.92,0.0,4.0,,0.029379463316999862,0.05675038591514037,-0.0,0.08650793650793652,0.008556987807499736,0.0042942017260519825,-0.01010482601356416
1a_broad,207,0.17538414926006432,True,121,20,64.0,20.0,11,5,3.5,10,37,0.7,2.7,1.0,0.015,0.5,8.556987807499736,1.0858840345210397,0.5013455782834966,13.104989943109008,240.0,75.0,165.0,31.25,10818.25,9962.62,855.6299999999992,1332.46,0.0,5.0,9.793154438999954,1.2270015436605615,1.1177181575578365,9.662759106274525,109.0,34.0,75.0,31.192660550458715,5293.799999999999,4314.42,979.3799999999992,560.92,0.0,4.0,,0.029379463316999862,0.05675038591514037,-0.0,0.08650793650793652,0.008556987807499736,0.0042942017260519825,-0.01010482601356416
1a_broad,208,0.1441417811203448,True,116,20,64.0,21.0,11,5,3.6,11,37,0.8,2.7,1.0,0.015,0.5,5.668805889999821,1.0618133560728902,0.362447078758468,12.355389499361948,220.0,70.0,150.0,31.818181818181817,9737.37,9170.51,566.8600000000006,1172.33,0.0,7.0,5.860220584999952,1.1319619433654224,0.7176648391322307,10.374958268183928,110.0,33.0,77.0,30.0,5026.760000000001,4440.750000000001,586.0100000000002,558.09,0.0,2.0,,0.01758066175499985,0.03299048584135561,-0.0,0.08730158730158731,0.005668805889999822,0.003090667803644509,-0.002490427471242329
1a_broad,209,0.09402272739679844,True,111,20,64.0,20.0,11,4,3.7,11,36,0.7,2.5,1.0,0.015,0.5,15.174915160499749,1.1455676349240305,0.8194083154601727,9.939265856280468,255.0,85.0,170.0,33.333333333333336,11942.05,10424.57,1517.4799999999996,1435.47,0.0,5.0,5.482179161499989,1.11472239720566,0.6733009925910158,9.994889565907041,122.0,40.0,82.0,32.78688524590164,5326.4,4778.23,548.1700000000001,628.41,0.0,2.0,,0.016446537484499965,0.028680599301414977,-0.0,0.09682539682539683,0.01517491516049975,0.007278381746201524,-0.0703831031212146
1a_broad,210,0.08557009257546812,True,128,20,64.0,22.0,11,6,3.8000000000000003,10,37,0.7,2.7,1.0,0.015,0.5,10.912594433499818,1.108647127812303,0.6245408140592889,14.158944674848156,241.0,78.0,163.0,32.365145228215766,11135.540000000003,10044.260000000002,1091.2800000000007,1384.34,0.0,1.0,5.045180965499985,1.132206694321645,0.64096559466374,12.050924099183218,96.0,30.0,66.0,31.25,4320.58,3816.07,504.50999999999976,474.36,0.0,8.0,,0.015135542896499956,0.03305167358041122,-0.0,0.0761904761904762,0.010912594433499817,0.005432356390615145,-0.055152550916034215
1a_broad,211,-1.0063418431150004,False,121,20,62.0,20.0,12,5,3.5,10,38,0.7,2.8,1.0,0.015,0.5,-3.8051058690003083,0.9642963370248637,-0.12784271869555516,18.15976839576847,276.0,74.0,202.0,26.81159420289855,10277.210000000001,10657.73,-380.5199999999986,1403.49,0.0,5.0,9.50602282499978,1.2270373554982321,1.1142296887062013,11.829571503647426,110.0,35.0,75.0,31.818181818181817,5137.36,4186.800000000001,950.5599999999986,566.82,0.0,4.0,0.03805105869000308,,,,,,,
1a_broad,212,0.14002454967297684,True,124,19,63.0,20.0,10,5,3.5,10,38,0.7,2.7,1.0,0.015,0.5,5.638903123999716,1.0511909916926978,0.34996805911060686,12.080239325025472,275.0,83.0,192.0,30.181818181818183,11579.51,11015.61,563.8999999999996,1459.16,0.0,4.0,8.164061346499874,1.2121174330995064,1.0023801205416958,11.947524433896037,103.0,35.0,68.0,33.980582524271846,4665.44,3848.9999999999995,816.44,525.49,0.0,8.0,,0.024492184039499622,0.05302935827487659,-0.0,0.08174603174603175,0.0056389031239997165,0.0025595495846348904,-0.02744147709606574
1a_broad,213,0.12171133360715165,True,121,20,62.0,21.0,11,5,3.6,11,37,0.7,2.6,1.0,0.015,0.5,14.759924810499832,1.1298023565251192,0.7679396100883348,12.25920865654116,284.0,91.0,193.0,32.04225352112676,12846.96,11370.98,1475.9799999999996,1584.39,0.0,5.0,7.232412214499946,1.1743918022905362,0.8806245479294597,12.060996682237807,109.0,36.0,73.0,33.027522935779814,4870.789999999999,4147.5,723.289999999999,552.38,0.0,4.0,,0.02169723664349984,0.04359795057263405,-0.0,0.08650793650793652,0.014759924810499835,0.00649011782625596,-0.05134183275367455
1a_broad,214,0.055210680786979605,True,114,19,64.0,21.0,11,4,3.5,10,35,0.8,2.8,1.0,0.015,0.5,1.3667381499995646,1.0148295701259227,0.13929520070658774,12.669118455687531,241.0,72.0,169.0,29.87551867219917,9348.61,9212.0,136.61000000000058,1225.26,0.0,7.0,3.9826626395000133,1.0897715079214796,0.5244897538518177,12.27756927590219,116.0,34.0,82.0,29.310344827586206,4834.27,4436.04,398.2300000000005,591.53,0.0,2.0,,0.01194798791850004,0.022442876980369897,-0.0,0.09206349206349207,0.0013667381499995646,0.0007414785062961338,-0.0733518928316781
1a_broad,215,0.1358354924494196,True,118,19,63.0,44.0,10,5,3.6,10,40,0.7,2.9000000000000004,1.0,0.015,0.5,5.001945980999953,1.0465378950766777,0.3122157861078409,12.393688733021866,270.0,81.0,189.0,30.0,11248.43,10748.23,500.2000000000007,1375.22,0.0,3.0,5.308628196999998,1.1221379841929062,0.646947988624214,12.29003052729991,109.0,31.0,78.0,28.440366972477065,4876.98,4346.150000000001,530.829999999999,555.94,0.0,1.0,,0.015925884590999993,0.030534496048226556,-0.0,0.08650793650793652,0.005001945980999954,0.002326894753833886,-0.004461665432577323
1a_broad,216,0.17357608951061218,True,125,20,65.0,20.0,10,5,3.5,11,36,0.8,2.6,1.0,0.015,0.5,7.9600613774997875,1.0848230792427256,0.4832325806287045,12.509202370605,225.0,73.0,152.0,32.44444444444444,10180.75,9384.710000000001,796.039999999999,1231.53,0.0,3.0,12.644819362499893,1.3063690810768904,1.4147026491070962,9.614522417881197,102.0,34.0,68.0,33.333333333333336,5391.96,4127.44,1264.5200000000004,534.89,0.0,9.0,,0.03793445808749968,0.0765922702692226,-0.0,0.08095238095238096,0.007960061377499788,0.00424115396213628,-0.034104235138127124
1a_broad,217,0.14938586223182226,True,127,20,65.0,21.0,11,6,3.6,11,36,0.8,2.6,1.0,0.015,0.5,6.661243371499749,1.0714641284663515,0.4236728699049755,11.885946102843066,222.0,69.0,153.0,31.08108108108108,9987.160000000002,9321.04,666.1200000000008,1226.99,0.0,3.0,8.615892310999952,1.218871452013595,1.0231847166677617,10.092227685329346,98.0,32.0,66.0,32.6530612244898,4798.38,3936.74,861.6400000000003,500.23,0.0,8.0,,0.025847676932999854,0.05471786300339876,-0.0,0.07777777777777778,0.006661243371499749,0.0035732064233175765,-0.019191905277171458
1a_broad,218,-1.0020385354458337,False,124,20,65.0,20.0,12,5,3.4000000000000004,11,36,0.9,2.5,1.0,0.015,0.5,-1.2231212675001732,0.9865421720410709,-0.006310589658581354,15.664994350410272,218.0,66.0,152.0,30.275229357798164,8968.279999999999,9090.619999999999,-122.34000000000015,1143.16,0.0,4.0,6.27772877649988,1.1596895793907576,0.7764311628519639,11.185492062558417,101.0,32.0,69.0,31.683168316831683,4559.25,3931.44,627.81,513.72,0.0,8.0,0.012231212675001733,,,,,,,
1a_broad,219,-1.001497758993334,False,116,20,67.0,20.0,10,4,3.5,12,35,0.8,2.7,1.0,0.015,0.5,-0.8986553960003949,0.9901106189580018,0.02105386604454832,13.675771173255466,217.0,67.0,150.0,30.87557603686636,9001.66,9091.57,-89.90999999999985,1103.31,0.0,7.0,5.8265992034999545,1.1201683809319525,0.6828991531495774,11.98192001572426,108.0,32.0,76.0,29.62962962962963,5431.17,4848.530000000001,582.6399999999994,542.43,0.0,2.0,0.00898655396000395,,,,,,,
1a_broad,220,0.1368779562701163,True,126,20,66.0,20.0,11,5,3.7,11,41,0.8,2.6,1.0,0.015,0.5,5.664130139499758,1.0594265906820983,0.36469125253152856,13.531774761749382,222.0,71.0,151.0,31.98198198198198,10098.199999999997,9531.76,566.4399999999969,1205.07,0.0,3.0,6.395290740999918,1.1519694730489412,0.7720935596347297,11.593128466988926,101.0,32.0,69.0,31.683168316831683,4848.34,4208.74,639.6000000000004,508.84,0.0,9.0,,0.019185872222999754,0.03799236826223529,-0.0,0.08015873015873017,0.005664130139499758,0.0029713295341049165,-0.00909447404745357
1a_broad,221,0.1355606126767756,True,122,19,64.0,20.0,10,5,3.5,10,38,0.7,2.8,1.0,0.015,0.5,11.735915357999783,1.1231054387766557,0.6536045258537602,11.963680764784009,230.0,72.0,158.0,31.304347826086957,10706.800000000001,9533.21,1173.590000000002,1274.73,0.0,4.0,7.37529839649982,1.1793939364455426,0.9049756259345795,11.835767887141863,107.0,34.0,73.0,31.77570093457944,4848.629999999999,4111.12,737.5099999999993,544.54,0.0,6.0,,0.02212589518949946,0.044848484111385645,-0.0,0.08492063492063492,0.011735915357999784,0.006155271938832785,-0.034225588841577
1a_broad,222,0.1278604070031712,True,121,19,64.0,21.0,10,5,3.5,10,37,0.7,2.7,1.0,0.015,0.5,12.987677475999698,1.131049430739751,0.7189519812048505,12.164585419067416,242.0,78.0,164.0,32.231404958677686,11208.960000000001,9910.23,1298.7300000000014,1362.78,0.0,4.0,7.16215584949985,1.171594911234098,0.8715834956025897,11.895718051787894,110.0,35.0,75.0,31.818181818181817,4890.120000000001,4173.9,716.2200000000012,559.22,0.0,4.0,,0.02148646754849955,0.042898727808524495,-0.0,0.08730158730158731,0.0129876774759997,0.006552471536987548,-0.04336652466842742
1a_broad,223,0.10273255282914205,True,119,19,63.0,20.0,10,5,3.6,9,37,0.7,2.6,1.0,0.015,0.5,9.159765712999834,1.0822117606932733,0.5193057912010045,14.340884806877636,296.0,95.0,201.0,32.0945945945946,12057.300000000001,11141.35,915.9500000000007,1565.46,0.0,4.0,4.967451832999868,1.1175618519246109,0.6310663337734839,12.247463280464146,113.0,35.0,78.0,30.97345132743363,4721.709999999999,4225.009999999999,496.6999999999998,573.84,0.0,2.0,,0.014902355498999601,0.02939046298115272,-0.0,0.0896825396825397,0.009159765712999833,0.004110588034663665,-0.04451315908121346
1a_broad,224,-1.0463835798715793,False,124,18,65.0,21.0,10,6,3.6,10,39,0.7,1.1,1.0,0.015,0.5,-9.089739834500325,0.9145817377044559,-0.6350959548729459,14.476111249206912,444.0,219.0,225.0,49.32432432432432,9732.11,10641.05,-908.9399999999987,2175.89,0.0,4.0,-4.122585467000208,0.8965128624748059,-0.6434583160158287,8.809607224761475,150.0,73.0,77.0,48.666666666666664,3571.77,3984.07,-412.3000000000002,735.78,0.0,7.0,0.27830147922947596,,,,,,,
1a_broad,225,0.06848301078898117,True,113,19,65.0,20.0,11,5,3.5,11,38,0.8,2.8,1.0,0.015,0.5,1.3620898654998927,1.014499481971214,0.1390965172319449,12.859288001063973,227.0,66.0,161.0,29.07488986784141,9527.54,9391.369999999999,136.1700000000019,1187.17,0.0,6.0,11.234907661999769,1.2486301794265786,1.2471820241482832,8.530178551552956,111.0,35.0,76.0,31.53153153153153,5642.360000000001,4518.84,1123.5200000000004,584.91,0.0,2.0,,0.0337047229859993,0.06215754485664465,-0.0,0.0880952380952381,0.0013620898654998928,0.0007249740985607045,-0.11756155911296148
1a_broad,226,0.08161943007511512,True,117,20,66.0,21.0,10,4,3.4000000000000004,10,36,0.7,2.7,1.0,0.015,0.5,2.4748870244998034,1.0248403137026647,0.1952684306996433,14.104030230966142,244.0,77.0,167.0,31.557377049180328,10212.380000000001,9964.850000000002,247.52999999999884,1280.41,0.0,8.0,6.294484585499868,1.129159014661072,0.7474081809635822,12.086288838764188,116.0,34.0,82.0,29.310344827586206,5502.900000000001,4873.45,629.4500000000007,590.77,0.0,2.0,,0.018883453756499604,0.032289753665267984,-0.0,0.09206349206349207,0.0024748870244998035,0.0012420156851332355,-0.06533417211977759
1a_broad,227,0.12087540225309046,True,129,19,64.0,20.0,10,5,3.7,11,38,0.8,2.9000000000000004,1.0,0.015,0.5,12.600230452999877,1.135449297485568,0.7128556318528907,11.873527402867726,209.0,65.0,144.0,31.10047846889952,10562.289999999999,9302.3,1259.9899999999998,1201.11,0.0,2.0,7.143546238999934,1.1940497178886058,0.8819886732542939,11.52499402930824,92.0,30.0,62.0,32.608695652173914,4395.499999999999,3681.17,714.329999999999,463.09000000000003,0.0,9.0,,0.0214306387169998,0.04851242947215145,-0.0,0.07301587301587302,0.012600230452999878,0.0067724648742784055,-0.0414562342792121
1a_broad,228,-1.0012124737016668,False,109,18,68.0,21.0,11,4,3.5,10,34,0.7,2.7,1.0,0.015,0.5,-0.7274842210000679,0.9941188604988858,0.04061370359964469,15.745239798779116,308.0,92.0,216.0,29.87012987012987,12288.85,12361.55,-72.69999999999891,1562.41,0.0,6.0,8.862519627999882,1.1834478019134678,1.007464760391546,10.304751111360881,118.0,36.0,82.0,30.508474576271187,5717.26,4831.0199999999995,886.2400000000007,617.96,0.0,2.0,0.007274842210000679,,,,,,,
1a_broad,229,-1.0589075474377987,False,30,20,66.0,20.0,10,5,3.6,9,40,0.9,2.5,1.0,0.015,0.5,10.96792071699956,1.0669597397872097,0.558755053392937,9.745887677302575,467.0,147.0,320.0,31.477516059957175,17477.27,16380.44,1096.83,2509.2,0.0,6.0,-11.996455625500221,0.8048452352096203,-1.1990419180991936,20.2343947822281,175.0,50.0,125.0,28.571428571428573,4947.44,6147.069999999999,-1199.6299999999992,805.76,0.0,5.0,0.3534452846267925,,,,,,,
1a_broad,230,0.09576402596423984,True,120,19,63.0,21.0,11,5,3.4000000000000004,11,39,0.7,2.6,1.0,0.015,0.5,3.0522840504998565,1.0282957280998817,0.22382710849786494,15.437455246136498,277.0,84.0,193.0,30.32490974729242,11089.1,10783.960000000001,305.1399999999994,1459.3,0.0,4.0,6.779393865499933,1.1589093048494352,0.8245989055481452,12.073980282004364,111.0,36.0,75.0,32.432432432432435,4944.22,4266.27,677.9499999999998,564.33,0.0,2.0,,0.020338181596499798,0.039727326212358804,-0.0,0.0880952380952381,0.0030522840504998566,0.001414786404994084,-0.056863790395350805
1a_broad,231,-1.2976190476190477,False,119,18,65.0,20.0,10,5,1.0,10,37,0.6,2.8,1.0,0.015,0.5,0.36738430599998534,1.32856248322748,0.37708612875371006,0.8655301899062231,7.0,3.0,4.0,42.857142857142854,148.51999999999998,111.78999999999999,36.72999999999999,34.83,0.0,0.0,1.6829043674999957,2.279945242984257,0.8190409565658046,2.0969275817775985,6.0,3.0,3.0,50.0,299.78999999999996,131.49,168.29999999999995,30.369999999999997,0.0,0.0,1.7857142857142858,,,,,,,
1a_broad,232,0.16231346446551626,True,122,20,64.0,20.0,10,5,3.5,10,35,0.7,2.8,1.0,0.015,0.5,7.47019914649989,1.0773091901883285,0.44336985665435613,12.008049516644837,230.0,71.0,159.0,30.869565217391305,10409.359999999999,9662.369999999999,746.9899999999998,1255.9,0.0,5.0,9.583639249499921,1.2235815317427545,1.1077220463316304,9.748154163906946,107.0,33.0,74.0,30.8411214953271,5244.870000000001,4286.490000000001,958.3800000000001,550.03,0.0,6.0,,0.028750917748499763,0.05589538293568863,-0.0,0.08492063492063492,0.00747019914649989,0.0038654595094164248,-0.018589129795223387
1a_broad,233,0.12302519438657257,True,123,21,59.0,20.0,10,5,3.5,10,35,0.7,2.9000000000000004,1.0,0.015,0.5,4.197642571999858,1.0412343483664335,0.2873507934397642,12.472792701650953,285.0,79.0,206.0,27.719298245614034,10598.36,10178.650000000001,419.7099999999991,1486.3,0.0,6.0,4.103591550999954,1.1198561924287826,0.5796878211975836,10.87029298289394,96.0,30.0,66.0,31.25,3834.4100000000003,3424.02,410.3900000000003,489.01,0.0,7.0,,0.012310774652999863,0.029964048107195662,-0.0,0.0761904761904762,0.004197642571999858,0.0020617174183216735,-0.0016994645544206842
1a_broad,234,0.09780057692125728,True,125,20,64.0,21.0,10,5,3.7,10,36,0.7,2.8,1.0,0.015,0.5,3.334790521999857,1.0340485617497093,0.24031740341181487,15.41943243005408,237.0,72.0,165.0,30.379746835443036,10128.029999999999,9794.54,333.48999999999796,1289.7,0.0,3.0,8.126366214499866,1.1973954297346605,0.9621163171301569,12.784616197565235,103.0,32.0,71.0,31.067961165048544,4929.21,4116.61,812.6000000000004,522.35,0.0,9.0,,0.024379098643499596,0.04934885743366513,-0.0,0.08174603174603175,0.003334790521999857,0.0017024280874854637,-0.06271062951142452
1a_broad,235,0.15566723283146158,True,116,20,64.0,20.0,10,5,3.6,10,35,0.7,2.7,1.0,0.015,0.5,7.431454212499938,1.0716474349580012,0.44315916918938814,13.079755342421832,250.0,80.0,170.0,32.0,11114.869999999999,10371.76,743.1099999999988,1364.44,0.0,8.0,6.986056099999932,1.1514119077497256,0.8279117632568366,9.98282566400123,114.0,34.0,80.0,29.82456140350877,5312.580000000001,4613.969999999999,698.6100000000015,586.02,0.0,2.0,,0.020958168299999795,0.03785297693743139,-0.0,0.09047619047619049,0.007431454212499938,0.0035823717479000596,-0.004633928842560101
1a_broad,236,0.07805007616584421,True,122,20,65.0,21.0,11,6,3.5,9,41,0.7,2.9000000000000004,1.0,0.015,0.5,2.3397973849997653,1.024089736791982,0.18842424926701395,13.25059635600111,246.0,72.0,174.0,29.26829268292683,9946.83,9712.849999999999,233.98000000000138,1271.34,0.0,5.0,4.662043637999959,1.1077426526494831,0.5874368194537931,9.277552371570756,105.0,29.0,76.0,27.61904761904762,4793.279999999999,4327.07,466.2099999999991,544.85,0.0,5.0,,0.013986130913999879,0.026935663162370782,-0.0,0.08333333333333334,0.0023397973849997654,0.001204486839599095,-0.04974933546845866
1a_broad,237,-1.0038245702400006,False,112,19,63.0,22.0,10,4,3.4000000000000004,10,37,0.8,2.8,1.0,0.015,0.5,-2.29474214400032,0.9793903109141386,-0.04412551408347491,13.519668304187205,293.0,83.0,210.0,28.32764505119454,10907.94,11137.48,-229.53999999999905,1451.08,0.0,5.0,4.8348370105000145,1.1089357655944407,0.615920783477724,11.960234933492982,116.0,33.0,83.0,28.448275862068964,4921.589999999999,4438.12,483.46999999999935,593.99,0.0,2.0,0.0229474214400032,,,,,,,
1a_broad,238,0.14902449858480485,True,115,19,67.0,20.0,11,5,3.6,11,34,0.6,2.7,1.0,0.015,0.5,9.433159474499806,1.0913373277458036,0.534523485766113,14.096698132196378,243.0,77.0,166.0,31.68724279835391,11271.07,10327.759999999998,943.3100000000013,1354.68,0.0,7.0,7.619357233499905,1.160104049352003,0.8782672741160923,11.06842363540501,111.0,34.0,77.0,30.63063063063063,5521.26,4759.28,761.9800000000005,573.43,0.0,2.0,,0.02285807170049971,0.04002601233800074,-0.0,0.0880952380952381,0.009433159474499807,0.004566866387290181,-0.0159548494107237
1a_broad,239,0.12116100833201461,True,120,20,66.0,20.0,10,5,3.5,10,38,0.7,3.6,1.0,0.015,0.5,6.1939346744998325,1.0687590054637772,0.3601979873964819,16.86346032384899,188.0,48.0,140.0,25.53191489361702,9627.830000000002,9008.420000000002,619.4099999999999,1017.61,0.0,5.0,5.362863970499947,1.1201473276696416,0.6086777788502145,10.39858675503317,96.0,23.0,73.0,23.958333333333332,4999.799999999999,4463.52,536.2799999999988,484.28,0.0,2.0,,0.01608859191149984,0.03003683191741041,-0.0,0.0761904761904762,0.006193934674499833,0.0034379502731888612,-0.01078677663506053
1a_broad,240,0.11849219837625362,True,127,19,64.0,21.0,10,6,3.6,11,39,0.8,2.8,1.0,0.015,0.5,8.981470352499727,1.098892446879735,0.5422089245030459,13.528440873495793,210.0,64.0,146.0,30.476190476190474,9979.349999999999,9081.279999999999,898.0699999999997,1184.88,0.0,3.0,6.043758783499961,1.1551139615397448,0.7514516957579569,11.811280006300445,97.0,31.0,66.0,31.95876288659794,4500.89,3896.4900000000002,604.4000000000001,495.65,0.0,8.0,,0.018131276350499884,0.03877849038493619,-0.0,0.07698412698412699,0.008981470352499727,0.004944622343986749,-0.029327788039795924
1a_broad,241,-1.0116785912753306,False,118,20,76.0,20.0,9,14,3.4000000000000004,10,36,0.6,2.9000000000000004,1.0,0.015,0.5,-4.8829322895004585,0.9506318747978003,-0.20288739559118207,16.51388515676864,278.0,81.0,197.0,29.136690647482013,9402.890000000003,9891.2,-488.3099999999977,1388.5,0.0,5.0,1.1904498994998722,1.0276956640051726,0.2186361323323463,9.111150304456539,122.0,33.0,89.0,27.049180327868854,4418.669999999999,4299.589999999999,119.07999999999993,624.0,0.0,1.0,0.07007154765198306,,,,,,,
1a_broad,242,0.1748359286629408,True,122,19,65.0,20.0,9,5,3.5,10,37,0.6,2.7,1.0,0.015,0.5,8.529975914499827,1.0840767457953249,0.4948166764043662,12.31290998007978,249.0,80.0,169.0,32.1285140562249,10997.59,10144.66,852.9300000000003,1357.89,0.0,4.0,10.251279811999902,1.2438752254116883,1.1685403431524912,9.87346478376993,106.0,34.0,72.0,32.075471698113205,5228.529999999999,4203.42,1025.1099999999988,547.7,0.0,6.0,,0.030753839435999707,0.06096880635292207,-0.0,0.08412698412698413,0.008529975914499827,0.004203837289766243,-0.013747514457231196
1a_broad,243,-1.0098613628350004,False,123,19,65.0,20.0,12,5,3.5,9,37,0.6,2.7,1.0,0.015,0.5,-5.916817701000273,0.9470464312498545,-0.2505980680619081,20.413420654221937,296.0,85.0,211.0,28.716216216216218,10582.24,11173.94,-591.7000000000007,1501.61,0.0,4.0,10.980220107499864,1.2740833560065798,1.2534995655385974,9.69703923441398,105.0,34.0,71.0,32.38095238095238,5104.22,4006.19,1098.0300000000002,545.14,0.0,7.0,0.05916817701000273,,,,,,,
1a_broad,244,0.1811389674968157,True,121,19,66.0,21.0,9,5,3.5,10,42,0.7,2.6,1.0,0.015,0.5,9.368276479499729,1.0912078250464188,0.5351984999866869,13.154964213575735,259.0,85.0,174.0,32.818532818532816,11207.37,10270.61,936.7600000000002,1386.58,0.0,4.0,9.780252741999902,1.224704490367937,1.1066129197107815,10.825801526490313,107.0,34.0,73.0,31.77570093457944,5330.71,4352.65,978.0600000000004,547.61,0.0,4.0,,0.029340758225999707,0.056176122591984234,-0.0,0.08492063492063492,0.00936827647949973,0.004560391252320939,-0.003227215973623818
1a_broad,245,0.15597320744745496,True,117,19,66.0,21.0,9,4,3.6,11,42,0.7,2.6,1.0,0.015,0.5,12.120404139499733,1.1252486506985986,0.6725989011202972,13.1450473890005,235.0,80.0,155.0,34.04255319148936,10889.29,9677.230000000001,1212.0599999999995,1277.86,0.0,7.0,8.826335598499991,1.1895946555538846,1.0066669158194483,10.557083843302024,110.0,35.0,75.0,31.818181818181817,5537.92,4655.300000000001,882.619999999999,568.22,0.0,2.0,,0.026479006795499974,0.04739866388847114,-0.0,0.08730158730158731,0.012120404139499734,0.006262432534929929,-0.02358888721253313
1a_broad,246,-1.021745003476667,False,125,20,67.0,22.0,9,5,3.7,10,15,0.6,2.4000000000000004,1.0,0.015,0.5,-13.047002086000267,0.8792052256598045,-0.6740844565222287,23.610299181379975,304.0,87.0,217.0,28.61842105263158,9495.900000000001,10800.55,-1304.6499999999978,1456.11,0.0,3.0,2.2909990294998535,1.0503023277258896,0.32767461040220774,14.264466307348108,114.0,34.0,80.0,29.82456140350877,4783.77,4554.66,229.11000000000058,561.47,0.0,9.0,0.13047002086000267,,,,,,,
1a_broad,247,-1.0216070129501766,False,58,19,65.0,21.0,9,5,3.6,11,43,0.7,2.6,1.0,0.015,0.5,8.081762257499504,1.0617571770243526,0.44797023283442683,13.75055787371116,331.0,104.0,227.0,31.419939577039276,13895.11,13086.900000000001,808.2099999999991,1803.01,0.0,9.0,-3.0009082045001927,0.9453853545611388,-0.23860506786617589,16.460121426916963,139.0,45.0,94.0,32.37410071942446,5194.589999999999,5494.680000000001,-300.09000000000196,671.53,0.0,7.0,0.12964207770106023,,,,,,,
1a_broad,248,0.1445788657162545,True,121,18,66.0,21.0,9,5,3.5,10,42,0.6,2.5,1.0,0.015,0.5,5.8499909764997575,1.054034005775402,0.3677947150976228,12.394528226906207,285.0,92.0,193.0,32.280701754385966,11410.15,10825.220000000001,584.9299999999985,1510.96,0.0,4.0,10.157635020499765,1.2376450274788906,1.1561201314253142,10.536615068473706,109.0,37.0,72.0,33.944954128440365,5289.9299999999985,4274.19,1015.7399999999989,562.13,0.0,4.0,,0.03047290506149929,0.05941125686972265,-0.0,0.08650793650793652,0.005849990976499758,0.0027017002887701038,-0.04036492398817383
1a_broad,249,0.16876789954189705,True,114,20,65.0,20.0,11,4,3.5,9,41,0.7,2.6,1.0,0.015,0.5,7.739283814999635,1.065639662501654,0.44793884608168716,14.356549368789286,304.0,98.0,206.0,32.23684210526316,12564.19,11790.28,773.9099999999999,1611.02,0.0,8.0,7.680914830499932,1.1664835152925979,0.8981744886811874,9.629717085941397,118.0,37.0,81.0,31.35593220338983,5381.769999999999,4613.669999999999,768.0999999999995,607.91,0.0,2.0,,0.023042744491499796,0.041620878823149465,-0.0,0.09365079365079365,0.007739283814999636,0.0032819831250826994,-0.0005677843636282015
1a_broad,250,-1.0024913130116668,False,111,21,65.0,22.0,11,4,3.8000000000000003,9,41,0.8,2.6,1.0,0.015,0.5,-1.4947878070001026,0.986713906898709,-0.003937317692312433,16.025215446423054,293.0,91.0,202.0,31.0580204778157,11103.61,11253.12,-149.51000000000022,1465.4,0.0,5.0,8.697259305499975,1.190523862307062,0.9995101414347763,10.188688543124023,116.0,37.0,79.0,31.896551724137932,5434.67,4564.9400000000005,869.7299999999996,602.33,0.0,2.0,0.014947878070001025,,,,,,,
1a_broad,251,-1.0118586486425003,False,114,20,66.0,21.0,12,4,3.4000000000000004,8,42,0.7,2.6,1.0,0.015,0.5,-7.115189185500204,0.936812862302912,-0.3017166448089128,19.357835365318234,319.0,97.0,222.0,30.407523510971785,10548.109999999999,11259.57,-711.460000000001,1528.58,0.0,8.0,3.397726501999914,1.0717781885397417,0.44451170927889344,11.360247288037046,120.0,36.0,84.0,30.0,5073.530000000002,4733.749999999999,339.7800000000025,608.65,0.0,2.0,0.07115189185500204,,,,,,,
1a_broad,252,-1.003412656386667,False,108,20,65.0,20.0,11,4,3.6,9,44,0.6,2.5,1.0,0.015,0.5,-2.047593832000148,0.9835109543230413,-0.031242957103893083,14.960973273832561,326.0,97.0,229.0,29.754601226993866,12216.760000000002,12421.58,-204.8199999999979,1665.12,0.0,5.0,6.5450784114998894,1.1338099726242488,0.7812940046458479,10.307341723931405,127.0,42.0,85.0,33.07086614173228,5545.679999999999,4891.19,654.4899999999998,660.3100000000001,0.0,2.0,0.02047593832000148,,,,,,,
1a_broad,253,-1.0014174066625001,False,129,20,67.0,21.0,13,4,3.5,9,41,0.8,2.7,1.0,0.015,0.5,-0.8504439975000241,0.992112369087752,0.02273726957396764,17.422075989627047,269.0,81.0,188.0,30.111524163568774,10706.460000000003,10791.58,-85.11999999999716,1403.94,0.0,2.0,8.773383925999878,1.2102114262164674,1.0201880765009623,11.903674753947625,99.0,29.0,70.0,29.292929292929294,5050.89,4173.56,877.3299999999999,504.38,0.0,9.0,0.008504439975000241,,,,,,,
1a_broad,254,-1.0031276280714079,False,106,21,66.0,20.0,9,6,3.7,9,40,0.7,2.6,1.0,0.015,0.5,0.5828518909997001,1.0046186266121622,0.10291573295946121,14.766200586827555,321.0,98.0,223.0,30.529595015576323,12681.1,12622.800000000001,58.29999999999927,1635.36,0.0,5.0,1.5156963399998495,1.0302959431501304,0.2424295810922503,12.258768396331272,129.0,39.0,90.0,30.232558139534884,5154.210000000001,5002.650000000001,151.5600000000004,649.72,0.0,2.0,0.01876576842844728,,,,,,,
1a_broad,255,-1.0026288239975,False,113,20,65.0,21.0,11,4,3.4000000000000004,8,35,0.6,2.7,1.0,0.015,0.5,-1.5772943985000347,0.9866672412452808,-0.008935824908630959,16.08416146867796,327.0,98.0,229.0,29.96941896024465,11676.970000000001,11834.760000000002,-157.79000000000087,1636.22,0.0,6.0,6.812916666999845,1.1454199296079777,0.8034184830213645,11.181202920492089,120.0,35.0,85.0,29.166666666666668,5366.51,4685.19,681.3200000000006,629.64,0.0,2.0,0.015772943985000346,,,,,,,
1a_broad,256,0.12685800149244686,True,116,20,66.0,20.0,9,5,3.6,11,40,0.7,2.6,1.0,0.015,0.5,13.089455871999872,1.1312886339952077,0.7072489346985786,14.138521873112092,237.0,80.0,157.0,33.755274261603375,11279.14,9970.17,1308.9699999999993,1308.89,0.0,8.0,7.247627149999898,1.1522902158884123,0.8450740285843591,11.147866980118208,114.0,35.0,79.0,30.70175438596491,5483.68,4758.94,724.7400000000007,584.45,0.0,2.0,,0.021742881449999692,0.038072553972103074,-0.0,0.09047619047619049,0.013089455871999873,0.006564431699760388,-0.04308751197760666
1a_broad,257,0.06511138634457789,True,118,19,70.0,22.0,11,4,3.4000000000000004,12,43,0.5,2.5,1.0,0.015,0.5,1.889338103999853,1.0188355737647725,0.16585267236240234,15.69020966656994,245.0,79.0,166.0,32.244897959183675,10220.500000000004,10031.55,188.95000000000437,1274.8,0.0,5.0,6.726210639999863,1.1306505818132369,0.7803855733558144,13.312414894945645,118.0,39.0,79.0,33.05084745762712,5820.249999999999,5147.7,672.5499999999993,601.54,0.0,2.0,,0.02017863191999959,0.032662645453309214,-0.0,0.09365079365079365,0.001889338103999853,0.0009417786882386259,-0.08421180147176305
1a_broad,258,-1.0105974715583335,False,110,18,65.0,20.0,12,5,3.7,10,36,1.0,2.7,1.0,0.015,0.5,-6.358482935000029,0.939959587184983,-0.2708120561409262,13.219012657129948,282.0,84.0,198.0,29.78723404255319,9954.83,10590.7,-635.8700000000008,1364.77,0.0,4.0,4.8063943224999095,1.1144033705458094,0.6318027021134374,11.940533923745017,111.0,32.0,79.0,28.82882882882883,4681.719999999999,4201.099999999999,480.6199999999999,565.22,0.0,2.0,0.06358482935000029,,,,,,,
1a_broad,259,-1.0014189191450003,False,124,19,67.0,21.0,11,5,3.5,12,37,0.7,2.4000000000000004,1.0,0.015,0.5,-0.8513514870001928,0.991504140210611,0.018228065076116743,17.28917687214569,250.0,78.0,172.0,31.2,9940.879999999997,10026.06,-85.18000000000211,1305.48,0.0,4.0,6.52326987849996,1.1551521983680204,0.7840472315365047,11.02131479326182,101.0,35.0,66.0,34.65346534653465,4857.079999999999,4204.71,652.369999999999,512.26,0.0,8.0,0.008513514870001928,,,,,,,
1a_broad,260,0.06813824836475914,True,114,20,68.0,20.0,9,6,3.6,11,41,0.6,2.6,1.0,0.015,0.5,10.765803431999958,1.1076424230668476,0.5988034557533377,13.986683312505491,249.0,80.0,169.0,32.1285140562249,11078.13,10001.54,1076.5899999999983,1366.06,0.0,8.0,3.7166050149999497,1.0744549353815707,0.4707433649383137,12.464035219142252,120.0,36.0,84.0,30.0,5363.260000000001,4991.61,371.65000000000146,596.45,0.0,1.0,,0.01114981504499985,0.018613733845392666,-0.0,0.09523809523809523,0.01076580343199996,0.005382121153342379,-0.07301132034907094
1a_broad,261,-0.003723995189473057,True,126,18,64.0,21.0,10,4,3.5,9,42,0.7,2.7,1.0,0.015,0.5,0.2243526059998112,1.0020859628938756,0.07987879307386295,13.41836392320619,274.0,82.0,192.0,29.927007299270073,10765.65,10743.24,22.409999999999854,1409.26,0.0,3.0,5.669408073999839,1.1494422537587248,0.725751931213544,11.905883766193108,101.0,33.0,68.0,32.67326732673267,4360.8,3793.8399999999997,566.9600000000005,510.73,0.0,9.0,,0.017008224221999515,0.037360563439681194,-0.0,0.08015873015873017,0.00022435260599981121,0.00010429814469378185,-0.13858016376057752
1a_broad,262,0.06184251681735532,True,122,9,65.0,20.0,11,5,3.6,10,39,0.8,2.6,1.0,0.015,0.5,1.5638390084998173,1.0203904408236495,0.1573318841148203,9.065884422062712,262.0,84.0,178.0,32.06106870229008,7825.66,7669.280000000001,156.3799999999992,1325.67,0.0,4.0,3.29648215299987,1.1161331684755227,0.574935540127699,5.446163240348185,93.0,31.0,62.0,33.333333333333336,3168.49,2838.810000000001,329.6799999999989,471.86,0.0,5.0,,0.009889446458999609,0.02903329211888067,-0.0,0.07380952380952381,0.0015638390084998174,0.0010195220411824747,-0.05347310661973106
1a_broad,263,0.0895903442159893,True,117,19,66.0,21.0,9,5,3.8000000000000003,10,36,0.7,2.7,1.0,0.015,0.5,2.824307431999805,1.0283675051619279,0.21394153850500305,13.11967258870137,246.0,78.0,168.0,31.70731707317073,10239.99,9957.52,282.46999999999935,1290.47,0.0,7.0,8.60587541349989,1.182879509726006,0.9865673937082915,11.033584636559375,113.0,34.0,79.0,30.088495575221238,5566.56,4705.94,860.6200000000008,581.91,0.0,2.0,,0.02581762624049967,0.04571987743150152,-0.0,0.0896825396825397,0.002824307431999805,0.0014183752580963938,-0.07587238182864779
1a_broad,264,0.09932700617763646,True,119,20,57.0,20.0,10,5,3.4000000000000004,11,40,0.6,2.8,1.0,0.015,0.5,4.217928319499842,1.044926142167938,0.31872173652092584,11.079799355530604,306.0,93.0,213.0,30.392156862745097,9809.380000000001,9387.630000000001,421.75,1623.75,0.0,5.0,3.0599343869999394,1.087341815504221,0.482390670485939,10.19101181671245,108.0,33.0,75.0,30.555555555555557,3809.85,3503.8200000000006,306.0299999999993,554.9,0.0,2.0,,0.009179803160999818,0.021835453876055233,-0.0,0.08571428571428572,0.0042179283194998425,0.0022463071083969055,-0.02386677200160105
1a_broad,265,-1.0008899078500002,False,112,19,67.0,22.0,10,4,3.9000000000000004,10,41,0.8,2.5,1.0,0.015,0.5,-0.5339447100001417,0.9949302746812454,0.041085757007226074,13.33457353475216,278.0,88.0,190.0,31.654676258992804,10491.49,10544.95,-53.460000000000946,1403.77,0.0,5.0,11.183522391499936,1.2379558192085585,1.2644165141008832,10.415825454993282,119.0,41.0,78.0,34.45378151260504,5818.12,4699.780000000001,1118.3399999999992,627.6,0.0,2.0,0.005339447100001417,,,,,,,
1a_broad,266,-1.0048647317030965,False,130,20,66.0,21.0,11,6,3.5,11,37,0.7,2.7,1.0,0.015,0.5,2.490121554499747,1.0223220208322128,0.19411733782746443,13.682708524581802,271.0,82.0,189.0,30.25830258302583,11404.82,11155.8,249.02000000000044,1429.88,0.0,1.0,0.8294250474999354,1.0193521902704923,0.16704684952520682,11.572912205319726,98.0,27.0,71.0,27.551020408163264,4370.34,4287.37,82.97000000000025,482.84,0.0,8.0,0.029188390218578816,,,,,,,
1a_broad,267,0.08062361862815495,True,123,19,64.0,20.0,9,5,3.7,9,34,0.5,2.6,1.0,0.015,0.5,2.0545506619998197,1.017178885095711,0.17383524056209956,14.76542285866797,325.0,99.0,226.0,30.46153846153846,12159.57,11954.21,205.36000000000058,1685.49,0.0,5.0,4.046603992999899,1.0994536781493378,0.536463445696257,13.06158097016179,113.0,39.0,74.0,34.51327433628319,4473.710000000001,4069.0300000000007,404.6800000000003,562.27,0.0,7.0,,0.0121398119789997,0.024863419537334452,-0.0,0.0896825396825397,0.0020545506619998196,0.0008589442547855541,-0.04897564748750426
1a_broad,268,-1.110650384793194,False,115,21,65.0,21.0,8,4,1.2,10,35,0.6,2.7,1.0,0.015,0.5,11.284578262499908,1.4103224211219105,0.9633689944507229,5.5758515803115705,88.0,31.0,57.0,35.22727272727273,3878.57,2750.13,1128.44,474.46,0.0,1.0,-4.4247398200000685,0.6565052010557366,-1.2269051908557718,5.068368040820393,36.0,7.0,29.0,19.444444444444443,845.71,1288.2000000000003,-442.49000000000024,175.67,0.0,0.0,0.6639023087591631,,,,,,,
1a_broad,269,0.14610386866201372,True,127,20,69.0,41.0,10,6,3.5,10,39,0.7,2.9000000000000004,1.0,0.015,0.5,6.916517493999727,1.0694678653247214,0.41436832976891763,14.23059630946798,233.0,69.0,164.0,29.613733905579398,10648.360000000002,9956.690000000002,691.6700000000001,1289.78,0.0,3.0,6.597007709999944,1.1445446278909257,0.764368052293553,12.695918783239613,105.0,29.0,76.0,27.61904761904762,5223.53,4563.8499999999985,659.6800000000012,530.34,0.0,8.0,,0.01979102312999983,0.036136156972731426,-0.0,0.08333333333333334,0.006916517493999727,0.003473393266236069,-0.003546555534286675
1a_broad,270,0.047265692507336726,True,120,19,65.0,20.0,11,10,3.6,11,38,0.7,2.8,1.0,0.015,0.5,9.388998815999784,1.1136351532580961,0.5638600689910308,10.553859982945555,207.0,62.0,145.0,29.95169082125604,9200.72,8261.88,938.8400000000001,1121.32,0.0,4.0,2.7515058789998874,1.0618907012150558,0.39555731957365037,9.746157868283484,114.0,35.0,79.0,30.70175438596491,4721.920000000001,4446.71,275.21000000000095,574.66,0.0,1.0,,0.008254517636999662,0.01547267530376395,-0.0,0.09047619047619049,0.009388998815999784,0.005681757662904807,-0.08200844738852196
1a_broad,271,-1.0401530225752404,False,42,18,75.0,22.0,12,5,3.3000000000000003,10,44,0.8,2.8,1.0,0.015,0.5,4.004693954999785,1.028364584713043,0.25331326284917505,14.369570598655804,347.0,98.0,249.0,28.24207492795389,14518.77,14118.31,400.46000000000095,1827.92,0.0,7.0,-4.99203379200002,0.849452312591985,-0.5817979697446884,16.224183684084988,84.0,21.0,63.0,25.0,2816.58,3315.7599999999998,-499.17999999999984,409.68,0.0,7.0,0.24091813545144314,,,,,,,
1a_broad,272,-1.0005939588868107,False,117,20,77.0,21.0,10,5,3.7,9,40,0.6,3.0,1.0,0.015,0.5,1.2751688454999384,1.0122693363798143,0.13517308667480818,16.163793795850005,248.0,72.0,176.0,29.032258064516128,10517.61,10390.130000000001,127.47999999999956,1291.1,0.0,8.0,2.223561754499897,1.046258059013092,0.3084722058417539,12.538647555897342,110.0,30.0,80.0,27.272727272727273,5029.08,4806.73,222.35000000000036,546.45,0.0,2.0,0.003563753320864708,,,,,,,
1a_broad,273,0.15964722752034213,True,110,17,68.0,20.0,10,4,3.4000000000000004,11,36,0.7,2.7,1.0,0.015,0.5,12.15719340299982,1.1191408872402253,0.6661848073689721,12.333720215598563,234.0,72.0,162.0,30.76923076923077,11419.210000000001,10203.55,1215.6600000000017,1318.62,0.0,5.0,9.001835536499893,1.188855275083079,1.0172925226053748,9.60432780017223,113.0,35.0,78.0,30.97345132743363,5666.750000000002,4766.56,900.1900000000014,593.58,0.0,2.0,,0.02700550660949968,0.047213818770769744,-0.0,0.0896825396825397,0.01215719340299982,0.005957044362011266,-0.022368875307478064
1a_broad,274,-1.0084473707658337,False,122,19,66.0,20.0,9,5,3.5,10,33,0.7,3.8000000000000003,1.0,0.015,0.5,-5.06842245950018,0.9431468209907695,-0.17114410381737238,21.045374944739816,192.0,43.0,149.0,22.395833333333332,8409.38,8916.300000000001,-506.9200000000019,976.19,0.0,4.0,7.4844155864999085,1.1730619379810903,0.8165980196877672,11.311377671050804,90.0,20.0,70.0,22.22222222222222,5073.2699999999995,4324.81,748.4599999999991,454.2,0.0,6.0,0.0506842245950018,,,,,,,
1a_broad,275,0.06819249573739344,True,125,20,67.0,21.0,11,5,3.6,10,42,0.6,2.5,1.0,0.015,0.5,2.104620313999876,1.0197357869412904,0.1772858139568468,15.535685383706053,278.0,88.0,190.0,31.654676258992804,10872.27,10661.850000000002,210.41999999999825,1451.72,0.0,3.0,6.474578253499821,1.1454722737709562,0.7716196389488102,13.24734692844004,108.0,34.0,74.0,31.48148148148148,5098.52,4451.0199999999995,647.5000000000009,543.42,0.0,9.0,,0.019423734760499464,0.03636806844273904,-0.0,0.08571428571428572,0.002104620313999876,0.0009867893470645206,-0.07640500284119517
1a_broad,276,-1.0220926219392104,False,114,19,70.0,20.0,10,6,2.5,9,37,0.8,2.6,1.0,0.015,0.5,-4.138174279000086,0.9565423735220214,-0.1741734062584941,19.551553351366568,273.0,80.0,193.0,29.304029304029303,9110.099999999999,9523.990000000002,-413.89000000000306,1386.52,0.0,7.0,-1.418647505000099,0.9691631105149773,-0.12078752643857288,9.73714817804364,128.0,39.0,89.0,30.46875,4458.16,4600.009999999999,-141.84999999999945,634.85,0.0,1.0,0.13255573163526163,,,,,,,
1a_broad,277,-1.017489063336268,False,133,20,64.0,21.0,9,4,3.5,12,39,0.9,2.9000000000000004,1.0,0.015,0.5,14.153971617499975,1.1261009869904008,0.7487731936488504,13.399146415576135,239.0,75.0,164.0,31.380753138075313,12639.38,11224.02,1415.3599999999988,1373.72,0.0,1.0,-1.705360045000125,0.9577251814540118,-0.12447936167530128,12.139838747611433,87.0,22.0,65.0,25.28735632183908,3863.5399999999995,4034.08,-170.54000000000042,420.88,0.0,6.0,0.10493438001760914,,,,,,,
1a_broad,278,-1.075527102477494,False,21,18,66.0,22.0,11,5,3.6,11,38,0.7,3.1,1.0,0.015,0.5,12.563982562499367,1.0680279586089567,0.5609504865731731,14.97777145074742,475.0,120.0,355.0,25.263157894736842,19725.12,18468.730000000003,1256.3899999999958,2610.42,0.0,6.0,-14.172064231000094,0.7229859288172896,-1.5938516904935829,22.724321079853244,129.0,31.0,98.0,24.031007751937985,3698.8900000000003,5116.13,-1417.2399999999998,596.0600000000001,0.0,7.0,0.45316261486496323,,,,,,,
1a_broad,279,0.11673966109030735,True,120,21,65.0,20.0,10,5,3.4000000000000004,10,36,0.6,2.8,1.0,0.015,0.5,3.592942253499714,1.037066229784214,0.24860708157539094,15.540320073731268,231.0,70.0,161.0,30.303030303030305,10052.2,9692.919999999998,359.2800000000025,1229.26,0.0,6.0,11.685094784999727,1.2449702206876596,1.2832970324162343,11.619895365338413,119.0,37.0,82.0,31.092436974789916,5938.62,4770.090000000001,1168.5299999999988,618.32,0.0,2.0,,0.035055284354999175,0.0612425551719149,-0.0,0.09444444444444444,0.0035929422534997143,0.001853311489210696,-0.07944887662376157
1a_broad,280,0.10709084501293939,True,105,19,64.0,21.0,11,5,3.7,11,37,0.5,2.7,1.0,0.015,0.5,3.1261226909999094,1.0283665289477435,0.22660083390492322,13.2388771605284,273.0,80.0,193.0,29.304029304029303,11332.630000000001,11020.029999999999,312.6000000000022,1470.74,0.0,5.0,5.059932198999977,1.1007295084578377,0.6144166885463032,11.425639290122692,123.0,39.0,84.0,31.70731707317073,5528.479999999999,5022.560000000001,505.91999999999734,639.8100000000001,0.0,5.0,,0.015179796596999931,0.02518237711445942,-0.0,0.09761904761904762,0.0031261226909999095,0.001418326447387175,-0.035434825455954666
1a_broad,281,0.1464913548289064,True,118,20,71.0,20.0,9,6,3.6,10,41,0.7,2.5,1.0,0.015,0.5,5.863659253499882,1.0551281496762641,0.3645401425923902,12.832839839720183,280.0,91.0,189.0,32.5,11221.519999999999,10635.220000000001,586.2999999999975,1463.61,0.0,5.0,6.880333194999875,1.1421840125650988,0.8196545313115079,13.396673611697526,118.0,38.0,80.0,32.20338983050848,5526.799999999999,4838.799999999999,688.0,599.64,0.0,1.0,,0.020640999584999625,0.03554600314127471,-0.0,0.09365079365079365,0.005863659253499882,0.002756407483813206,-0.011966508285474674
1a_broad,282,0.07675686886087758,True,128,19,65.0,22.0,8,4,3.5,10,35,0.8,2.6,1.0,0.015,0.5,9.1785366884997,1.0900428228761474,0.5417599716693265,11.697359084602418,252.0,84.0,168.0,33.333333333333336,11110.970000000001,10193.15,917.8200000000015,1405.7,0.0,1.0,4.3938468684999865,1.119033880811709,0.5714942056072428,12.729188800071695,92.0,29.0,63.0,31.52173913043478,4130.88,3691.4700000000003,439.40999999999985,451.22,0.0,9.0,,0.01318154060549996,0.029758470202927267,-0.0,0.07301587301587302,0.009178536688499701,0.00450214114380737,-0.05287969279572973
1a_broad,283,0.20694430375021267,True,112,18,68.0,21.0,12,5,3.8000000000000003,11,39,0.7,2.8,1.0,0.015,0.5,11.966751922999865,1.1172978674184353,0.6472805754038984,13.259304828027279,235.0,72.0,163.0,30.638297872340427,11398.359999999999,10201.72,1196.6399999999994,1313.13,0.0,5.0,12.625074447000062,1.26863077178395,1.3599222759206895,9.343305510009792,111.0,35.0,76.0,31.53153153153153,5962.59,4700.0199999999995,1262.5700000000006,592.6,0.0,2.0,,0.037875223341000186,0.0671576929459875,-0.0,0.0880952380952381,0.011966751922999867,0.005864893370921765,-0.004015495925934748
1a_broad,284,-1.0211785885583538,False,116,19,69.0,20.0,13,5,3.8000000000000003,11,40,0.7,1.6,1.0,0.015,0.5,-7.054510701500203,0.9368024677310831,-0.3699300127257616,12.323925933972376,374.0,149.0,225.0,39.839572192513366,10456.279999999999,11161.67,-705.3900000000012,1778.35,0.0,7.0,-0.310595979500049,0.9939085122328738,0.026625880126075908,9.739203858377586,142.0,57.0,85.0,40.140845070422536,5079.280000000001,5110.41,-31.1299999999992,705.89,0.0,2.0,0.12707153135012275,,,,,,,
1a_broad,285,0.1522171600464283,True,123,20,68.0,21.0,12,6,3.8000000000000003,11,39,0.7,2.9000000000000004,1.0,0.015,0.5,8.799880230999715,1.0939362464145148,0.5030110335612578,12.767099577883162,212.0,64.0,148.0,30.18867924528302,10247.59,9367.63,879.960000000001,1160.53,0.0,5.0,7.849587675999955,1.1742977684023534,0.8883546253260868,11.893682289089856,101.0,29.0,72.0,28.712871287128714,5288.449999999999,4503.5,784.9499999999989,511.1,0.0,6.0,,0.023548763027999867,0.04357444210058836,-0.0,0.08015873015873017,0.008799880230999715,0.004696812320725741,-0.008561467792615556
1a_broad,286,0.1791301244362487,True,120,18,66.0,20.0,12,5,3.7,12,43,1.3,2.8,1.0,0.015,0.5,8.614863994999833,1.0971459890810713,0.5129175264207315,9.15937324366214,201.0,63.0,138.0,31.34328358208955,9728.580000000002,8867.169999999998,861.4100000000035,1056.5,0.0,3.0,14.063538177499884,1.3681830914750517,1.584595785480573,7.8735282712724395,85.0,29.0,56.0,34.11764705882353,5226.09,3819.7300000000005,1406.3599999999997,442.31,0.0,2.0,,0.04219061453249965,0.09204577286876292,-0.0,0.06746031746031747,0.008614863994999833,0.004857299454053565,-0.036038743874384736
1a_broad,287,-1.002034772076667,False,113,18,66.0,21.0,12,5,3.9000000000000004,12,45,1.0,3.0,1.0,0.015,0.5,-1.220863246000099,0.9882673197852243,0.009876039937030682,12.93736468794206,246.0,70.0,176.0,28.45528455284553,10281.359999999999,10403.42,-122.06000000000131,1248.55,0.0,6.0,9.941654849999923,1.229831886148639,1.1108785447808849,9.646938189403134,98.0,29.0,69.0,29.591836734693878,5319.8099999999995,4325.64,994.1699999999992,518.06,0.0,2.0,0.01220863246000099,,,,,,,
1a_broad,288,-1.0260405911306734,False,119,18,67.0,20.0,12,20,3.8000000000000003,12,42,0.7,2.4000000000000004,1.0,0.015,0.5,-1.444479314500186,0.9810675113724681,-0.04243134585385793,12.079822076579196,226.0,69.0,157.0,30.530973451327434,7485.810000000001,7630.2699999999995,-144.45999999999822,1118.42,0.0,2.0,-2.2413419365000844,0.9246453990122607,-0.3185715618261543,12.22252974360874,90.0,31.0,59.0,34.44444444444444,2750.33,2974.4700000000007,-224.14000000000078,433.99,0.0,1.0,0.15624354678404015,,,,,,,
1a_broad,289,-1.001827909624167,False,116,17,66.0,21.0,12,6,3.7,13,43,1.1,2.8,1.0,0.015,0.5,-1.0967457745000864,0.9886057226900881,0.010902906369436633,9.800359292975635,229.0,64.0,165.0,27.94759825327511,9517.939999999999,9627.64,-109.70000000000073,1154.55,0.0,6.0,4.928807051999957,1.1254844048376829,0.62457455672826,11.3974579893502,88.0,26.0,62.0,29.545454545454547,4420.339999999999,3927.5,492.83999999999924,447.61,0.0,1.0,0.010967457745000863,,,,,,,
1a_broad,290,0.13029599579828025,True,108,18,70.0,20.0,14,5,3.9000000000000004,12,43,1.3,2.7,1.0,0.015,0.5,6.876329242999963,1.0686137854171636,0.4214585198375314,10.514704091666617,227.0,73.0,154.0,32.158590308370044,10710.0,10022.33,687.6700000000001,1218.34,0.0,5.0,6.151474703999938,1.1442835430211942,0.7442268489707198,10.863625142598655,93.0,27.0,66.0,29.032258064516128,4878.63,4263.48,615.1500000000005,460.04,0.0,2.0,,0.018454424111999813,0.03607088575529854,-0.0,0.07380952380952381,0.006876329242999964,0.0034306892708581786,-0.008345856392400057
1a_broad,291,0.13610318616362965,True,111,18,66.0,21.0,12,5,3.8000000000000003,11,44,1.2000000000000002,2.8,1.0,0.015,0.5,4.8363455664999675,1.0493391018885863,0.3160557778452488,9.928169204005382,242.0,75.0,167.0,30.99173553719008,10286.22,9802.57,483.64999999999964,1221.66,0.0,4.0,13.374265158999934,1.31220470970513,1.4925253752278373,8.914962261750992,102.0,32.0,70.0,31.372549019607842,5621.38,4283.92,1337.46,538.71,0.0,2.0,,0.040122795476999804,0.07805117742628248,-0.0,0.08095238095238096,0.004836345566499967,0.002466955094429313,-0.07032646835296287
1a_broad,292,-1.0049789719750002,False,125,17,77.0,20.0,12,5,3.7,11,41,1.5,2.9000000000000004,1.0,0.015,0.5,-2.9873831850001626,0.9608762504485768,-0.1027081709444434,13.170046358667836,176.0,49.0,127.0,27.84090909090909,7336.54,7635.259999999999,-298.71999999999935,846.98,0.0,2.0,4.1359753950000595,1.1086881110059918,0.5331641054424991,13.859753380766993,77.0,23.0,54.0,29.87012987012987,4218.780000000001,3805.2000000000003,413.5800000000004,369.79,0.0,4.0,0.029873831850001628,,,,,,,
1a_broad,293,0.1263544108661726,True,120,19,67.0,22.0,13,5,4.0,13,42,0.6,2.6,1.0,0.015,0.5,12.258827312999765,1.126568935060001,0.6668404271762474,13.641280975365413,225.0,77.0,148.0,34.22222222222222,10911.62,9685.71,1225.9100000000017,1236.11,0.0,4.0,7.208326586999901,1.1478498979560439,0.8384957686442076,11.894116260459631,111.0,37.0,74.0,33.333333333333336,5596.169999999999,4875.35,720.8199999999988,568.53,0.0,2.0,,0.021624979760999703,0.036962474489010966,-0.0,0.0880952380952381,0.012258827312999765,0.00632844675300005,-0.03891555554507598
1a_broad,294,0.12053922255253632,True,115,19,65.0,20.0,12,6,3.7,12,40,1.1,2.8,1.0,0.015,0.5,4.579366633999707,1.045791472739528,0.2992597888850277,10.048932990856624,238.0,71.0,167.0,29.831932773109244,10457.35,9999.46,457.89000000000124,1227.24,0.0,6.0,11.127550655499872,1.2697020814549826,1.2741890818705008,8.657225951043504,95.0,30.0,65.0,31.57894736842105,5238.740000000001,4125.96,1112.7800000000007,494.18,0.0,1.0,,0.033382651966499616,0.06742552036374566,-0.0,0.0753968253968254,0.004579366633999707,0.0022895736369764053,-0.06253471544551047
1a_broad,295,0.0338574727100258,True,130,17,71.0,21.0,11,5,3.7,9,38,0.7,2.7,1.0,0.015,0.5,1.1055291869999382,1.0098846964292745,0.12631659206153384,14.057155827364836,278.0,86.0,192.0,30.93525179856115,11291.440000000002,11180.919999999998,110.52000000000407,1439.76,0.0,1.0,5.375040358999977,1.1233127792918032,0.6550834899207737,12.468239746361736,106.0,31.0,75.0,29.245283018867923,4896.79,4359.24,537.5500000000002,526.87,0.0,9.0,,0.01612512107699993,0.030828194822950794,-0.0,0.08412698412698413,0.0011055291869999382,0.0004942348214637238,-0.09882259132537272
1a_broad,296,-1.005195193441667,False,118,19,66.0,22.0,11,5,3.8000000000000003,8,41,0.7,2.5,1.0,0.015,0.5,-3.117116065000155,0.972879636364902,-0.09236061122299911,16.510730144569802,328.0,101.0,227.0,30.79268292682927,11181.150000000001,11492.84,-311.6899999999987,1591.22,0.0,4.0,7.070206752999892,1.159723477317911,0.8612205210694873,10.842389865531397,122.0,41.0,81.0,33.60655737704918,5133.400000000001,4426.4,707.0000000000009,616.77,0.0,2.0,0.03117116065000155,,,,,,,
1a_broad,297,0.07533137430427168,True,121,18,65.0,20.0,13,6,3.6,11,43,0.6,2.9000000000000004,1.0,0.015,0.5,1.9125764314999651,1.0208312229806784,0.1673102001484361,16.996747624017885,226.0,66.0,160.0,29.20353982300885,9372.18,9180.93,191.25,1196.46,0.0,4.0,3.1715819179998834,1.0730456489249256,0.4191463437584313,12.55949134740674,103.0,31.0,72.0,30.097087378640776,4659.69,4342.49,317.1999999999998,517.6,0.0,3.0,,0.00951474575399965,0.0182614122312314,-0.0,0.08174603174603175,0.0019125764314999651,0.0010415611490339205,-0.037144953007525
1a_broad,298,0.0844606597751724,True,113,19,70.0,21.0,11,4,3.6,11,39,0.8,2.7,1.0,0.015,0.5,2.732102300999941,1.028641071877883,0.2094563658166107,12.122271519915756,233.0,72.0,161.0,30.901287553648068,9811.59,9538.400000000001,273.1899999999987,1220.47,0.0,6.0,8.373709476999885,1.1762873076591096,0.9403749065060619,10.93885919918894,110.0,34.0,76.0,30.90909090909091,5587.4,4750.03,837.3699999999999,561.64,0.0,2.0,,0.025121128430999656,0.0440718269147774,-0.0,0.08730158730158731,0.002732102300999941,0.0014320535938941448,-0.07619803876708604
1a_broad,299,-1.0025210991375002,False,126,19,76.0,20.0,12,5,3.7,12,37,1.2000000000000002,2.7,1.0,0.015,0.5,-1.5126594825001667,0.9843440744515204,-0.01508325865690671,15.006789982098065,215.0,63.0,152.0,29.302325581395348,9514.03,9665.349999999999,-151.3199999999979,1123.88,0.0,2.0,5.965081844499965,1.1517173145595312,0.7265189565582063,13.790554589337662,84.0,27.0,57.0,32.142857142857146,4528.2300000000005,3931.7200000000003,596.5100000000002,408.96,0.0,6.0,0.015126594825001666,,,,,,,
1a_broad,300,0.03762921254094943,True,123,18,66.0,21.0,9,5,3.9000000000000004,9,39,0.5,2.6,1.0,0.015,0.5,0.39726371399989147,1.003359807623918,0.0903236282934037,15.2816943847903,315.0,96.0,219.0,30.476190476190474,11849.88,11810.2,39.67999999999847,1614.51,0.0,5.0,10.109673090499854,1.2450602275289138,1.1508685761359543,10.181985672776616,106.0,35.0,71.0,33.0188679245283,5136.11,4125.19,1010.9200000000001,549.01,0.0,7.0,,0.03032901927149956,0.06126505688222844,-0.0,0.08412698412698413,0.00039726371399989146,0.00016799038119590383,-0.1386571018349585
1a_broad,301,0.09590256799731217,True,117,19,67.0,20.0,11,4,3.6,10,36,0.7,3.0,1.0,0.015,0.5,2.3265120739998384,1.0241834033713917,0.18647716663810862,14.479549445893761,223.0,66.0,157.0,29.59641255605381,9851.19,9618.58,232.61000000000058,1179.52,0.0,7.0,2.97335603399988,1.0609849650277934,0.38906319221874935,11.674947928938261,109.0,29.0,80.0,26.605504587155963,5172.62,4875.299999999999,297.3200000000006,553.8,0.0,2.0,,0.008920068101999641,0.015246241256948345,-0.0,0.08650793650793652,0.002326512073999838,0.0012091701685695844,-0.01830736011214176
1a_broad,302,-1.0017574051483336,False,109,20,68.0,27.0,12,5,3.6,9,41,1.3,2.8,1.0,0.015,0.5,-1.0544430890000875,0.9893708776759208,0.011939030664046743,9.796026335018633,235.0,69.0,166.0,29.361702127659573,9819.13,9924.620000000003,-105.49000000000342,1186.28,0.0,5.0,13.725506497999904,1.3141423088278712,1.5145654545712388,10.933491078294965,102.0,32.0,70.0,31.372549019607842,5741.79,4369.2300000000005,1372.5599999999995,533.75,0.0,2.0,0.010544430890000876,,,,,,,
1a_broad,303,0.062128520848365454,True,114,17,65.0,21.0,11,6,3.7,11,38,0.6,2.6,1.0,0.015,0.5,8.149767123499842,1.0676876588032331,0.45636005179427325,13.38036313153174,303.0,93.0,210.0,30.693069306930692,12854.18,12039.27,814.9099999999999,1648.69,0.0,7.0,3.1652422124999426,1.0699783797645215,0.42628100872710845,12.236530277040895,113.0,35.0,78.0,30.97345132743363,4840.090000000001,4523.539999999998,316.5500000000029,569.7,0.0,1.0,,0.009495726637499828,0.01749459494113037,-0.0,0.0896825396825397,0.008149767123499843,0.003384382940161657,-0.06607849047646594
1a_broad,304,0.18545358740512677,True,119,19,75.0,22.0,9,5,3.5,10,40,0.7,2.8,1.0,0.015,0.5,9.729563038999805,1.1001291623998477,0.5373219770937713,12.22540649337733,229.0,73.0,156.0,31.87772925764192,10689.35,9716.45,972.8999999999996,1236.53,0.0,4.0,11.126222972499871,1.2308059329945025,1.2029864966766206,13.000247658827687,113.0,35.0,78.0,30.97345132743363,5933.1,4820.500000000001,1112.5999999999995,574.32,0.0,2.0,,0.03337866891749961,0.05770148324862562,-0.0,0.0896825396825397,0.009729563038999807,0.005006458119992386,-0.010045125602530361
1a_broad,305,0.06548971762580524,True,119,19,75.0,23.0,9,4,3.4000000000000004,10,42,0.7,2.9000000000000004,1.0,0.015,0.5,11.512391293499968,1.1165280572684908,0.6147765884915976,12.117298049232957,225.0,71.0,154.0,31.555555555555557,11030.270000000004,9879.080000000002,1151.1900000000023,1236.13,0.0,4.0,4.111514412999914,1.0846219551100638,0.5021194194174076,13.057819253852077,108.0,30.0,78.0,27.77777777777778,5269.69,4858.549999999999,411.1400000000003,536.64,0.0,2.0,,0.012334543238999742,0.02115548877751594,-0.0,0.08571428571428572,0.01151239129349997,0.005826402863424541,-0.07105339426192066
1a_broad,306,0.0935404752672463,True,118,19,71.0,22.0,8,5,3.6,10,40,0.7,2.9000000000000004,1.0,0.015,0.5,9.292027232499786,1.0952707586779655,0.5155877606100965,12.180299490099541,229.0,72.0,157.0,31.441048034934497,10682.34,9753.150000000001,929.1899999999987,1232.55,0.0,4.0,4.840196082499934,1.099658614526796,0.5751527906650593,12.895998791922892,110.0,31.0,79.0,28.181818181818183,5340.69,4856.68,484.0099999999993,548.64,0.0,2.0,,0.014520588247499801,0.02491465363169898,-0.0,0.08730158730158731,0.009292027232499786,0.004763537933898276,-0.047251919079937844
1a_broad,307,0.20925359330017576,True,121,19,66.0,22.0,9,5,3.8000000000000003,11,40,0.6,2.8,1.0,0.015,0.5,10.818572290499796,1.114221220868236,0.6043025762102278,12.235480571306873,224.0,70.0,154.0,31.25,10553.480000000001,9471.619999999999,1081.8600000000024,1233.35,0.0,4.0,15.828141750499963,1.366773724116197,1.6581211087886238,9.939146710777928,103.0,34.0,69.0,33.00970873786408,5898.2300000000005,4315.44,1582.7900000000009,547.75,0.0,4.0,,0.04748442525149989,0.09169343102904925,-0.0,0.08174603174603175,0.010818572290499796,0.005711061043411803,-0.02819992806031673
1a_broad,308,0.14373554968017485,True,122,19,66.0,22.0,8,5,3.8000000000000003,11,41,1.4,2.8,1.0,0.015,0.5,6.853572684499977,1.0812085117677868,0.4274008872030431,10.653346834450389,199.0,62.0,137.0,31.155778894472363,9124.47,8439.14,685.3299999999999,1010.07,0.0,3.0,8.899448454999892,1.2611461603920304,1.0749203782172232,10.196535489366845,76.0,25.0,51.0,32.89473684210526,4297.860000000001,3407.9,889.9600000000005,381.62,0.0,4.0,,0.026698345364999675,0.0652865400980076,-0.0,0.06031746031746032,0.006853572684499977,0.0040604255883893384,-0.019480794373182064
1a_broad,309,0.11914234207374563,True,120,19,67.0,23.0,9,6,3.4000000000000004,11,39,0.6,2.9000000000000004,1.0,0.015,0.5,9.19827747349984,1.09946421137429,0.5174910210639854,12.83754417425188,213.0,66.0,147.0,30.985915492957748,10167.900000000001,9248.05,919.8500000000022,1161.35,0.0,4.0,5.986604558499967,1.1257405925580555,0.7004063990118314,10.816149814160509,110.0,32.0,78.0,29.09090909090909,5360.09,4761.39,598.6999999999998,566.52,0.0,1.0,,0.0179598136754999,0.03143514813951387,-0.0,0.08730158730158731,0.00919827747349984,0.004973210568714504,-0.03172569508506979
1a_broad,310,0.11293143087832863,True,123,19,66.0,23.0,9,5,3.9000000000000004,12,40,0.5,2.8,1.0,0.015,0.5,3.5418720109998505,1.0365435100261697,0.24845715113665806,13.493082430905407,227.0,67.0,160.0,29.515418502202643,10044.77,9690.64,354.130000000001,1199.66,0.0,5.0,13.16404717899988,1.300405052314503,1.4205621008139737,10.019160018858996,100.0,33.0,67.0,33.0,5698.57,4382.150000000001,1316.4199999999992,527.57,0.0,7.0,,0.03949214153699964,0.07510126307862575,-0.0,0.07936507936507936,0.0035418720109998505,0.0018271755013084868,-0.08639610061468446
1a_broad,311,0.11289802051312756,True,116,18,68.0,22.0,9,5,3.7,11,39,0.6,3.0,1.0,0.015,0.5,8.682558897499803,1.0905455971366476,0.488045849279884,14.334441380455546,213.0,65.0,148.0,30.516431924882628,10456.98,9588.759999999998,868.2200000000012,1173.97,0.0,7.0,5.699982580000015,1.1182698651794494,0.6630177370999535,10.832933807892827,106.0,30.0,76.0,28.30188679245283,5389.7699999999995,4819.74,570.0299999999997,549.54,0.0,2.0,,0.017099947740000045,0.029567466294862343,-0.0,0.08412698412698413,0.008682558897499802,0.004527279856832378,-0.03110621640305114
1a_broad,312,0.19940117425626913,True,120,19,67.0,22.0,9,6,3.8000000000000003,11,42,0.6,2.8,1.0,0.015,0.5,10.831191488499808,1.11589035848457,0.5966940673137046,13.001696170621827,219.0,70.0,149.0,31.963470319634702,10428.810000000001,9345.73,1083.0800000000017,1199.62,0.0,4.0,12.805346471999782,1.2751695447004925,1.3781867946281223,11.39667541086975,111.0,36.0,75.0,32.432432432432435,5934.179999999999,4653.639999999999,1280.54,583.51,0.0,1.0,,0.038416039415999345,0.06879238617512312,-0.0,0.0880952380952381,0.010831191488499809,0.005794517924228504,-0.012528198842819749
1a_broad,313,0.18596700932866167,True,120,19,67.0,23.0,9,7,3.8000000000000003,11,42,0.6,2.8,1.0,0.015,0.5,9.300506851499705,1.1002228587562584,0.5258945761578929,13.001696170621827,218.0,69.0,149.0,31.65137614678899,10209.429999999998,9279.42,930.0099999999984,1184.23,0.0,4.0,12.858963877499791,1.276283334908944,1.3835001884178622,11.39667541086975,111.0,36.0,75.0,32.432432432432435,5940.179999999999,4654.28,1285.8999999999996,583.59,0.0,1.0,,0.03857689163249937,0.06907083372723599,-0.0,0.0880952380952381,0.009300506851499706,0.005011142937812918,-0.02408760391562442
1a_broad,314,0.14406853416759813,True,121,19,67.0,23.0,8,6,3.8000000000000003,12,43,0.5,2.8,1.0,0.015,0.5,5.228667707499771,1.0542775366388681,0.328814222472592,13.158814949468612,231.0,71.0,160.0,30.735930735930737,10155.359999999997,9632.53,522.8299999999963,1221.77,0.0,5.0,14.630028454499897,1.3228325606335765,1.5287367522739892,11.152017039809992,104.0,35.0,69.0,33.65384615384615,5994.719999999998,4531.7300000000005,1462.989999999998,548.06,0.0,3.0,,0.04389008536349969,0.08070814015839411,-0.0,0.08253968253968254,0.005228667707499772,0.002713876831943407,-0.07101191843342139
1a_broad,315,0.18042734695172263,True,119,19,68.0,23.0,9,7,3.9000000000000004,11,42,0.6,2.8,1.0,0.015,0.5,10.000539663499712,1.1068452959691948,0.5603639243754082,12.999332588634251,221.0,70.0,151.0,31.67420814479638,10359.43,9359.42,1000.0100000000002,1204.45,0.0,4.0,9.739407383499838,1.2021961048101295,1.0583002157518724,13.122397066553656,110.0,34.0,76.0,30.90909090909091,5790.629999999999,4816.71,973.9199999999992,558.81,0.0,1.0,,0.02921822215049951,0.05054902620253238,-0.0,0.08730158730158731,0.010000539663499713,0.0053422647984597395,-0.001984293164856025
1a_broad,316,0.14978664609960773,True,124,19,68.0,23.0,9,8,3.9000000000000004,11,42,0.6,2.8,1.0,0.015,0.5,6.825440335999901,1.0728932353249037,0.411585110860273,12.965208622083862,222.0,68.0,154.0,30.63063063063063,10044.919999999998,9362.460000000001,682.4599999999973,1197.15,0.0,4.0,7.560905314499832,1.1702246444836153,0.8656117837074068,13.122363696269526,103.0,32.0,71.0,31.067961165048544,5198.290000000001,4442.129999999999,756.1600000000017,514.19,0.0,5.0,,0.022682715943499496,0.042556161120903824,-0.0,0.08174603174603175,0.006825440335999901,0.003644661766245183,-0.007668364813072424
1a_broad,317,0.09605980947281127,True,120,19,68.0,23.0,9,7,3.9000000000000004,11,42,0.6,2.9000000000000004,1.0,0.015,0.5,10.446064076999829,1.112177793813813,0.5746333691587833,12.826345103001108,215.0,68.0,147.0,31.627906976744185,10357.000000000002,9312.36,1044.6400000000012,1174.29,0.0,4.0,5.266652411999876,1.1085669525065964,0.6170320783830198,12.494040600230589,109.0,32.0,77.0,29.357798165137616,5377.88,4851.2,526.6800000000003,546.71,0.0,1.0,,0.015799957235999626,0.027141738126649106,-0.0,0.08650793650793652,0.010446064076999828,0.005608889690690655,-0.04944477616546446
1a_broad,318,0.1412633231582828,True,122,19,68.0,24.0,9,7,3.8000000000000003,11,44,0.6,2.8,1.0,0.015,0.5,6.254140184499757,1.0672905281302554,0.3814776364298551,12.690886498141454,224.0,69.0,155.0,30.803571428571427,9919.11,9293.730000000001,625.3799999999992,1185.11,0.0,4.0,8.820960321499841,1.1959042898133592,0.9813594996334604,12.625883216881675,103.0,32.0,71.0,31.067961165048544,5384.87,4502.759999999999,882.1100000000006,516.95,0.0,4.0,,0.026462880964499527,0.04897607245333979,-0.0,0.08174603174603175,0.0062541401844997575,0.0033645264065127693,-0.025540328596600787
1a_broad,319,0.09379747582866046,True,117,19,69.0,23.0,9,8,4.0,12,42,0.5,2.8,1.0,0.015,0.5,2.8378467734996957,1.0296256618604454,0.21190787551354223,13.540541055276666,226.0,70.0,156.0,30.97345132743363,9860.9,9577.169999999998,283.7300000000014,1181.91,0.0,7.0,4.672581252999917,1.0928618132747179,0.5586969459237255,12.816275313980952,112.0,34.0,78.0,30.357142857142858,5498.92,5031.67,467.25,557.57,0.0,1.0,,0.01401774375899975,0.02321545331867947,-0.0,0.08888888888888889,0.002837846773499696,0.0014812830930222677,-0.03664374000442961
1a_broad,320,0.15760867678281892,True,120,18,67.0,24.0,8,7,3.9000000000000004,11,43,0.6,2.9000000000000004,1.0,0.015,0.5,10.417335215499806,1.1133037127272534,0.5770015754641054,11.156932982242616,213.0,68.0,145.0,31.92488262910798,10235.770000000002,9194.05,1041.720000000003,1153.11,0.0,4.0,8.506130863499948,1.178597223505304,0.9494577779639497,10.198588890101364,109.0,33.0,76.0,30.275229357798164,5613.470000000001,4762.839999999999,850.6300000000019,571.34,0.0,1.0,,0.02551839259049984,0.044649305876325984,-0.0,0.08650793650793652,0.010417335215499807,0.005665185636362669,-0.015149479043805909
1a_broad,321,0.09933782393180529,True,125,19,67.0,24.0,9,7,3.8000000000000003,11,43,0.6,2.8,1.0,0.015,0.5,3.0336001614996895,1.0328694672042311,0.2233775348861734,13.949708757359222,220.0,67.0,153.0,30.454545454545453,9530.08,9226.8,303.28000000000065,1161.16,0.0,3.0,11.67040414899975,1.264040634863174,1.2814542042597865,11.87009666891585,103.0,33.0,70.0,32.03883495145631,5586.870000000001,4419.85,1167.0200000000004,533.84,0.0,7.0,,0.03501121244699925,0.06601015871579352,-0.0,0.08174603174603175,0.0030336001614996895,0.001643473360211556,-0.08810665249873047
1a_broad,322,0.10099778213208917,True,115,19,69.0,22.0,9,7,4.0,11,45,0.7,2.7,1.0,0.015,0.5,8.91782885449993,1.089768200820815,0.5127026257455958,13.946090527466156,234.0,77.0,157.0,32.9059829059829,10825.79,9934.03,891.7600000000002,1281.38,0.0,7.0,5.047551484499873,1.1036948160809967,0.6052519109208119,12.421158507080634,111.0,33.0,78.0,29.72972972972973,5372.08,4867.36,504.72000000000025,554.85,0.0,1.0,,0.015142654453499617,0.025923704020249183,-0.0,0.0880952380952381,0.00891782885449993,0.004488410041040747,-0.041570053332438406
1a_broad,323,0.19403004950521358,True,119,18,66.0,22.0,8,8,3.8000000000000003,12,41,0.6,2.8,1.0,0.015,0.5,10.62194296099984,1.1151711313154313,0.5953259905738459,11.537240016212188,217.0,70.0,147.0,32.25806451612903,10284.61,9222.45,1062.1599999999999,1183.79,0.0,4.0,12.509123742499979,1.2697580236477382,1.3490549098909619,9.978729159532195,107.0,35.0,72.0,32.71028037383178,5888.16,4637.23,1250.9300000000003,566.96,0.0,1.0,,0.03752737122749993,0.06743950591193454,-0.0,0.08492063492063492,0.010621942960999841,0.0057585565657715665,-0.01223796208162722
1a_broad,324,0.18526039318059068,True,121,18,66.0,24.0,8,8,3.9000000000000004,13,41,0.6,2.8,1.0,0.015,0.5,10.036256580499831,1.1073588655759732,0.5668379816614835,12.049986205226592,218.0,70.0,148.0,32.11009174311926,10351.79,9348.18,1003.6100000000006,1194.48,0.0,4.0,12.6267190044999,1.2885498695161357,1.3559133806470953,10.15250319739093,97.0,33.0,64.0,34.02061855670103,5638.72,4376.02,1262.6999999999998,508.35,0.0,1.0,,0.0378801570134997,0.07213746737903393,-0.0,0.07698412698412699,0.01003625658049983,0.0053679432787986595,-0.017145558055368437
1a_broad,325,0.1260937489948817,True,123,18,66.0,25.0,7,9,3.9000000000000004,13,41,0.5,2.8,1.0,0.015,0.5,5.219208799999924,1.0538195393349385,0.3335240343551706,12.576721251484368,225.0,69.0,156.0,30.666666666666668,10218.73,9696.85,521.8799999999992,1200.37,0.0,5.0,10.443541993499949,1.239606109343202,1.159690817543052,10.415762057897988,97.0,33.0,64.0,34.02061855670103,5402.91,4358.57,1044.3400000000001,503.13,0.0,4.0,,0.03133062598049984,0.05990152733580051,-0.0,0.07698412698412699,0.005219208799999924,0.0026909769667469276,-0.050032717072292475
1a_broad,326,0.1925589871870066,True,120,18,66.0,25.0,8,8,4.0,12,41,0.6,2.8,1.0,0.015,0.5,9.509804226499728,1.1038491317694517,0.540676290243047,11.874593377211868,214.0,69.0,145.0,32.242990654205606,10108.089999999998,9157.13,950.9599999999991,1162.03,0.0,4.0,14.8185865394999,1.3216747998541232,1.5677837659710494,9.483531173972228,108.0,36.0,72.0,33.333333333333336,6088.479999999999,4606.64,1481.8399999999983,577.9,0.0,1.0,,0.0444557596184997,0.0804186999635308,-0.0,0.08571428571428572,0.009509804226499729,0.005192456588472583,-0.03273201892428194
1a_broad,327,0.17115851697604292,True,121,18,66.0,24.0,7,9,4.0,14,42,0.6,2.9000000000000004,1.0,0.015,0.5,8.913661917499848,1.0924879603774231,0.5107319142571807,13.616803998647933,215.0,68.0,147.0,31.627906976744185,10528.23,9636.93,891.2999999999993,1193.14,0.0,4.0,12.491406020499852,1.291982899470108,1.321507326876953,9.651012513342078,91.0,30.0,61.0,32.967032967032964,5527.4,4278.23,1249.17,478.33,0.0,1.0,,0.03747421806149956,0.07299572486752698,-0.0,0.07222222222222223,0.008913661917499848,0.004624398018871156,-0.025071708111576847
1a_broad,328,0.1196782768565117,True,125,18,66.0,26.0,7,8,4.0,14,44,0.6,2.9000000000000004,1.0,0.015,0.5,5.100845379499933,1.0525476410997658,0.32532967345455416,13.986219523699514,215.0,66.0,149.0,30.697674418604652,10216.48,9706.43,510.0499999999993,1168.7,0.0,3.0,9.518744503499912,1.2291751936939324,1.067636750012079,12.455126762463212,90.0,29.0,61.0,32.22222222222222,5105.33,4153.46,951.8699999999999,463.46,0.0,6.0,,0.028556233510499737,0.05729379842348309,-0.0,0.07142857142857144,0.005100845379499934,0.0026273820549882923,-0.04532855394053079
1a_broad,329,0.1812475753259579,True,122,18,66.0,26.0,7,9,4.0,15,42,0.6,2.9000000000000004,1.0,0.015,0.5,9.26921603299983,1.095767488234413,0.5272777923942851,11.808841344123918,213.0,65.0,148.0,30.516431924882628,10605.550000000001,9678.65,926.9000000000015,1172.0,0.0,4.0,13.319866156999923,1.3530208421677548,1.3706940918811201,9.183746456953115,83.0,28.0,55.0,33.734939759036145,5105.11,3773.1200000000003,1331.9899999999993,441.25,0.0,3.0,,0.03995959847099977,0.08825521054193869,-0.0,0.06587301587301587,0.00926921603299983,0.004788374411720653,-0.026897840004716924
1a_broad,330,0.17986448610980724,True,121,18,67.0,25.0,7,9,4.0,15,42,0.6,2.8,1.0,0.015,0.5,8.2990071504998,1.0871740950396165,0.48716195594013206,12.605486047455495,217.0,67.0,150.0,30.87557603686636,10349.93,9520.03,829.8999999999996,1183.82,0.0,4.0,14.544469923499873,1.3853190593134799,1.4532198562584482,9.154431251131086,86.0,30.0,56.0,34.883720930232556,5229.149999999999,3774.6899999999996,1454.4599999999991,451.69,0.0,1.0,,0.043633409770499614,0.09632976482836997,-0.0,0.06825396825396826,0.0082990071504998,0.0043587047519808245,-0.04101036864551124
1a_broad,331,0.15364191109966363,True,121,18,67.0,25.0,7,8,4.0,16,42,0.6,3.0,1.0,0.015,0.5,8.161200631499923,1.0862061134098047,0.4711751640395807,15.410793665073976,196.0,59.0,137.0,30.102040816326532,10282.82,9466.73,816.0900000000001,1087.91,0.0,4.0,8.80374728150002,1.2246187680665797,0.9294350634191453,8.60449443950106,81.0,25.0,56.0,30.864197530864196,4799.93,3919.5299999999997,880.4000000000005,420.19,0.0,1.0,,0.02641124184450006,0.056154692016644914,-0.0,0.0642857142857143,0.008161200631499924,0.004310305670490233,-0.0056812433491857965
1a_broad,332,0.09200456772628034,True,123,18,67.0,26.0,7,9,4.0,15,43,0.5,2.9000000000000004,1.0,0.015,0.5,3.321214557499825,1.0343634113634856,0.2365162467259841,11.85999277997915,211.0,60.0,151.0,28.436018957345972,9996.75,9664.640000000001,332.10999999999876,1108.75,0.0,5.0,10.038959013999865,1.2560685400050502,1.055994496896068,9.165583608920183,86.0,28.0,58.0,32.55813953488372,4924.58,3920.63,1003.9499999999998,446.58,0.0,4.0,,0.030116877041999595,0.06401713500126255,-0.0,0.06825396825396826,0.0033212145574998252,0.0017181705681742821,-0.07542279769662417
1a_broad,333,0.18453789179723376,True,119,18,66.0,25.0,7,9,4.0,16,42,0.6,2.8,1.0,0.015,0.5,9.4435167069998,1.101264682606915,0.5416962426826984,12.372367860244703,205.0,65.0,140.0,31.70731707317073,10270.020000000002,9325.66,944.3600000000024,1123.03,0.0,4.0,14.488482760999904,1.3533802126398506,1.4815233047495062,8.885420111985958,88.0,31.0,57.0,35.22727272727273,5548.709999999997,4099.89,1448.819999999997,475.55,0.0,1.0,,0.04346544828299971,0.08834505315996266,-0.0,0.06984126984126984,0.0094435167069998,0.005063234130345751,-0.03162063032434399
1a_broad,334,0.1490243986435669,True,119,18,66.0,26.0,7,10,4.0,16,42,0.5,2.8,1.0,0.015,0.5,7.306607660499867,1.0781159957961226,0.43307127309985494,12.121311442687036,203.0,63.0,140.0,31.03448275862069,10083.91,9353.27,730.6399999999994,1097.28,0.0,5.0,10.20359023899995,1.2518816759691036,1.0929402876422316,8.644843419020344,87.0,29.0,58.0,33.333333333333336,5071.260000000001,4050.91,1020.3500000000013,458.72,0.0,1.0,,0.03061077071699985,0.0629704189922759,-0.0,0.06904761904761905,0.007306607660499867,0.0039057997898061304,-0.0248168175636339
1a_broad,335,0.1465240157012894,True,119,18,67.0,26.0,7,9,4.0,15,43,0.6,2.8,1.0,0.015,0.5,6.1785545214998825,1.06551292655511,0.38191158135799663,12.062228144597649,214.0,66.0,148.0,30.8411214953271,10048.0,9430.2,617.7999999999993,1139.89,0.0,4.0,12.682600850999826,1.3109274599839664,1.294327231826742,9.135958941585539,92.0,31.0,61.0,33.69565217391305,5347.259999999999,4078.9900000000002,1268.269999999999,482.96,0.0,1.0,,0.03804780255299948,0.0777318649959916,-0.0,0.07301587301587302,0.0061785545214998825,0.0032756463277554995,-0.05172572571283009
1a_broad,336,0.09290458489768706,True,124,18,66.0,25.0,7,10,3.9000000000000004,16,42,0.6,2.8,1.0,0.015,0.5,12.957086715999703,1.1368655986496807,0.7044568998678851,12.072268916679816,205.0,64.0,141.0,31.21951219512195,10763.15,9467.39,1295.7600000000002,1154.11,0.0,4.0,6.280033107999825,1.1554705061047463,0.7453209141554548,12.235420437889093,85.0,28.0,57.0,32.94117647058823,4667.5,4039.4799999999996,628.0200000000004,429.6,0.0,5.0,,0.018840099323999472,0.03886762652618658,-0.0,0.06746031746031747,0.012957086715999704,0.006843279932484037,-0.05206382506130021
1a_broad,337,0.10053959830682302,True,118,18,67.0,25.0,8,8,4.0,17,44,0.6,2.8,1.0,0.015,0.5,3.5662238059998526,1.037812114297348,0.2508541142679803,13.108343953206752,208.0,64.0,144.0,30.76923076923077,9787.44,9430.84,356.60000000000036,1098.33,0.0,4.0,11.448893776999812,1.2753940076203676,1.1975118634677273,8.871938883347534,89.0,30.0,59.0,33.70786516853933,5302.170000000002,4157.28,1144.8900000000021,466.9,0.0,1.0,,0.03434668133099943,0.0688485019050919,-0.0,0.07063492063492065,0.0035662238059998527,0.0018906057148673995,-0.07874733508505621
1a_broad,338,0.098872677028944,True,122,18,68.0,25.0,7,9,3.9000000000000004,15,41,0.5,2.7,1.0,0.015,0.5,3.803020378500023,1.0385528538032798,0.26079721677973444,13.633167970638633,231.0,71.0,160.0,30.735930735930737,10244.679999999998,9864.380000000001,380.29999999999745,1214.85,0.0,5.0,6.215013213999955,1.1599072732839508,0.7023488396634477,10.297274165295606,89.0,30.0,59.0,33.70786516853933,4508.2,3886.6900000000005,621.5099999999993,445.53,0.0,3.0,,0.018645039641999865,0.039976818320987706,-0.0,0.07063492063492065,0.0038030203785000233,0.0019276426901639887,-0.03611476463762822
1a_broad,339,0.09966843332156648,True,126,18,66.0,24.0,8,8,3.9000000000000004,18,41,0.6,2.8,1.0,0.015,0.5,11.01228673549971,1.1139506006767312,0.6155513798621405,12.015942374602414,204.0,63.0,141.0,30.88235294117647,10765.330000000002,9664.100000000002,1101.2299999999996,1142.77,0.0,3.0,6.254991055499741,1.1522388858871577,0.7255383901489503,13.12661067062876,85.0,29.0,56.0,34.11764705882353,4734.250000000001,4108.740000000001,625.5100000000002,428.59000000000003,0.0,6.0,,0.01876497316649922,0.03805972147178943,-0.0,0.06746031746031747,0.011012286735499711,0.005697530033836562,-0.04132639554637591
1a_broad,340,0.12286068834892476,True,120,18,66.0,25.0,8,9,3.9000000000000004,13,43,0.6,2.9000000000000004,1.0,0.015,0.5,7.768227552499867,1.0831062714023922,0.45455549042517135,12.796610568345498,212.0,68.0,144.0,32.075471698113205,10124.52,9347.67,776.8500000000004,1147.72,0.0,4.0,5.979906179999961,1.126226625773864,0.6981570727545489,10.35867387648156,102.0,32.0,70.0,31.372549019607842,5335.6,4737.59,598.0100000000002,527.9,0.0,1.0,,0.017939718539999885,0.031556656443466,-0.0,0.08095238095238096,0.007768227552499867,0.004155313570119612,-0.019511608709541564
1a_broad,341,0.11747335943358383,True,124,18,67.0,24.0,8,8,4.0,14,42,0.6,2.7,1.0,0.015,0.5,4.888112039999905,1.0498072696482554,0.31864660691570995,15.621121050336878,224.0,71.0,153.0,31.696428571428573,10303.05,9814.230000000001,488.8199999999979,1221.38,0.0,4.0,8.647546393999855,1.2048420793322188,0.9762425736010345,11.157968446350448,94.0,31.0,63.0,32.97872340425532,5086.530000000001,4221.74,864.7900000000009,473.68,0.0,5.0,,0.025942639181999565,0.05121051983305469,-0.0,0.0746031746031746,0.004888112039999906,0.002490363482412772,-0.04166144970705771
1a_broad,342,0.12091657546367063,True,117,18,67.0,26.0,7,9,4.0,15,41,0.6,2.8,1.0,0.015,0.5,4.917398807499794,1.051299441158917,0.319811615164277,12.55188936340607,219.0,68.0,151.0,31.050228310502284,10075.779999999999,9584.119999999999,491.65999999999985,1164.98,0.0,7.0,10.404675624999928,1.251694525750502,1.083236257961539,9.064215889449507,92.0,30.0,62.0,32.608695652173914,5174.38,4133.9,1040.4800000000005,478.31,0.0,1.0,,0.031214026874999787,0.06292363143762553,-0.0,0.07301587301587302,0.0049173988074997935,0.002564972057945847,-0.05371932673027335
1a_broad,343,0.14573233898989651,True,121,12,66.0,24.0,7,8,3.9000000000000004,16,40,0.5,2.7,1.0,0.015,0.5,11.09681625699981,1.0976382151414334,0.6167604456428799,11.14195807499208,289.0,89.0,200.0,30.79584775086505,12474.34,11364.71,1109.630000000001,1591.37,0.0,5.0,8.031263215499767,1.1822900825733467,0.9853059183919042,10.420374860268238,106.0,36.0,70.0,33.9622641509434,5208.909999999999,4405.78,803.1299999999992,557.46,0.0,1.0,,0.0240937896464993,0.04557252064333667,-0.0,0.08412698412698413,0.011096816256999811,0.0048819107570716724,-0.024039682440995077
1a_broad,344,-1.4267949775449702,False,117,18,68.0,26.0,8,8,1.5,15,42,0.6,2.8,1.0,0.015,0.5,-0.08758372799999052,0.9777018934277922,-0.023014537053489572,4.402294172054351,14.0,3.0,11.0,21.428571428571427,383.65999999999997,392.41,-8.750000000000057,70.58,0.0,0.0,-1.9895544520000112,0.20800159235668791,-1.1527372502927657,2.4989874248407533,5.0,1.0,4.0,20.0,52.25,251.2,-198.95,24.17,0.0,0.0,2.5607698652698208,,,,,,,
1a_broad,345,0.058702338021630114,True,119,18,66.0,25.0,8,9,3.9000000000000004,17,43,1.4,2.9000000000000004,1.0,0.015,0.5,4.777095201500014,1.0575513995944184,0.31780917829914085,9.229010946383877,184.0,54.0,130.0,29.347826086956523,8776.82,8299.189999999999,477.630000000001,939.59,0.0,3.0,2.997534847499865,1.0865086052658919,0.4059949604026696,10.722039884620035,69.0,21.0,48.0,30.434782608695652,3765.1,3465.3199999999997,299.7800000000002,340.57,0.0,1.0,,0.008992604542499595,0.02162715131647297,-0.0,0.05476190476190477,0.004777095201500014,0.0028775699797209176,-0.03433398778046815
1a_broad,346,0.0875823709304482,True,127,18,67.0,26.0,7,8,3.8000000000000003,13,44,0.6,2.7,1.0,0.015,0.5,3.1288391719998074,1.0318186024423752,0.2314688540083926,13.71799599905896,231.0,71.0,160.0,30.735930735930737,10146.77,9833.869999999999,312.90000000000146,1232.98,0.0,3.0,5.658609474499899,1.131515890999942,0.6790334691779526,10.766535451421214,96.0,31.0,65.0,32.291666666666664,4868.630000000001,4302.75,565.880000000001,480.98,0.0,6.0,,0.016975828423499695,0.032878972749985524,-0.0,0.0761904761904762,0.0031288391719998076,0.0015909301221187612,-0.04318267572763179
1a_broad,347,0.126635403841171,True,123,18,66.0,24.0,8,9,3.9000000000000004,18,41,0.6,2.8,1.0,0.015,0.5,4.485188560499701,1.047505845137492,0.29648218656515435,12.702975858009083,204.0,62.0,142.0,30.392156862745097,9887.900000000001,9439.470000000001,448.4300000000003,1086.83,0.0,4.0,13.580156661499823,1.3705877697822093,1.4104924638281322,8.8175819805523,78.0,29.0,49.0,37.17948717948718,5022.5599999999995,3664.5299999999997,1358.0299999999997,416.33,0.0,4.0,,0.04074046998449947,0.09264694244555233,-0.0,0.06190476190476191,0.004485188560499701,0.002375292256874595,-0.075517251311017
1a_broad,348,0.09913287466516393,True,121,18,68.0,23.0,8,7,4.0,13,40,0.5,2.9000000000000004,1.0,0.015,0.5,6.117596261499821,1.0640341135674491,0.36926331014176134,14.089811141763755,219.0,68.0,151.0,31.050228310502284,10165.750000000002,9553.97,611.7800000000025,1180.42,0.0,5.0,4.369997550999942,1.0925095210776228,0.5252680825605758,11.393260801620292,99.0,29.0,70.0,29.292929292929294,5160.719999999998,4723.73,436.9899999999989,496.54,0.0,2.0,,0.013109992652999825,0.023127380269405695,-0.0,0.07857142857142857,0.006117596261499821,0.0032017056783724576,-0.024995228768542436
1a_broad,349,0.1153129924575403,True,125,18,67.0,27.0,8,9,3.8000000000000003,12,42,0.6,2.7,1.0,0.015,0.5,4.343274981999748,1.0452364561929346,0.2949480574348923,13.218441839619546,231.0,73.0,158.0,31.6017316017316,10036.349999999999,9601.990000000002,434.35999999999694,1227.01,0.0,3.0,9.803806600999833,1.2313153238173884,1.109430676206129,10.073248369012369,100.0,33.0,67.0,33.0,5218.93,4238.5,980.4300000000003,519.48,0.0,6.0,,0.029411419802999498,0.0578288309543471,-0.0,0.07936507936507936,0.004343274981999748,0.0022618228096467296,-0.05789743545653213
1a_broad,350,0.15094093893263022,True,116,18,66.0,23.0,7,7,4.0,16,41,0.6,2.8,1.0,0.015,0.5,7.172615702499807,1.074739515220606,0.42855594346975057,12.734637314784752,210.0,65.0,145.0,30.952380952380953,10313.77,9596.529999999999,717.2400000000016,1135.05,0.0,7.0,11.860376099999922,1.283039129822619,1.2399084614102183,10.453418286585396,89.0,30.0,59.0,33.70786516853933,5376.46,4190.41,1186.0500000000002,476.13,0.0,1.0,,0.035581128299999765,0.07075978245565473,-0.0,0.07063492063492065,0.007172615702499808,0.0037369757610303035,-0.03694448392147502
1a_broad,351,0.14445232309298736,True,120,18,66.0,25.0,7,9,3.9000000000000004,12,43,0.6,3.0,1.0,0.015,0.5,9.334910412999834,1.0996587125445827,0.5250320398374068,11.939655788203854,209.0,64.0,145.0,30.62200956937799,10301.02,9367.47,933.5500000000011,1143.2,0.0,4.0,7.655710929500073,1.1641584315508033,0.8594029461902313,9.592107093965344,102.0,31.0,71.0,30.392156862745097,5429.6,4663.97,765.6300000000001,536.24,0.0,1.0,,0.022967132788500218,0.041039607887700835,-0.0,0.08095238095238096,0.009334910412999836,0.004982935627229135,-0.01482464457582361
1a_broad,352,0.06570021266929747,True,118,18,69.0,24.0,8,8,3.8000000000000003,13,40,0.5,2.7,1.0,0.015,0.5,5.083015155999874,1.0522403553816013,0.32300074093291825,14.05132155562855,226.0,73.0,153.0,32.30088495575221,10237.519999999999,9729.26,508.2599999999984,1207.39,0.0,5.0,2.595833347999942,1.052353792972705,0.3504168273711276,13.488605763102676,108.0,33.0,75.0,30.555555555555557,5217.97,4958.379999999999,259.59000000000106,528.94,0.0,1.0,,0.007787500043999826,0.013088448243176232,-0.0,0.08571428571428572,0.005083015155999874,0.0026120177690800665,-0.048585054257244235
1a_broad,353,0.08394996424647656,True,122,18,67.0,23.0,7,10,3.8000000000000003,14,42,0.6,2.9000000000000004,1.0,0.015,0.5,8.599950415499844,1.0905526942885693,0.5021952380954094,11.633105681697268,221.0,71.0,150.0,32.126696832579185,10356.509999999998,9496.57,859.9399999999987,1207.56,0.0,4.0,4.716148542499978,1.112804127015256,0.5803207857879836,9.609698416468623,91.0,27.0,64.0,29.67032967032967,4652.8899999999985,4181.23,471.65999999999894,454.99,0.0,3.0,,0.014148445627499933,0.028201031753814,-0.0,0.07222222222222223,0.008599950415499843,0.0045276347144284634,-0.04374932048698791
1a_broad,354,0.1376158424493169,True,116,18,66.0,24.0,8,10,3.9000000000000004,12,41,0.6,2.8,1.0,0.015,0.5,5.9984546614998,1.0640297538729564,0.3753478344884891,12.128985074479132,225.0,71.0,154.0,31.555555555555557,9967.319999999998,9367.52,599.7999999999975,1193.25,0.0,7.0,7.936571218999944,1.1748900464493155,0.9065987785590176,9.612820717756225,103.0,32.0,71.0,31.067961165048544,5331.98,4538.28,793.6999999999998,532.9,0.0,1.0,,0.02380971365699983,0.043722511612328874,-0.0,0.08174603174603175,0.0059984546614998,0.00320148769364782,-0.020862356921191153
1a_broad,355,0.07637705431248654,True,123,19,67.0,27.0,7,7,3.8000000000000003,12,45,0.6,2.8,1.0,0.015,0.5,2.0333776164998745,1.0218838637452299,0.17296606108179613,13.52244555343623,224.0,67.0,157.0,29.910714285714285,9493.25,9289.95,203.29999999999927,1159.73,0.0,4.0,11.485634508499862,1.2572195112119375,1.2595749199257096,10.995651895353154,100.0,33.0,67.0,33.0,5613.900000000001,4465.33,1148.5700000000006,522.22,0.0,5.0,,0.034456903525499585,0.06430487780298438,-0.0,0.07936507936507936,0.0020333776164998744,0.001094193187261494,-0.10487737718483817
1a_broad,356,0.10164358611526786,True,127,19,65.0,25.0,8,9,4.0,15,44,0.7,2.7,1.0,0.015,0.5,10.26581136249988,1.1050897152269679,0.5932560284540523,12.902005945648776,222.0,69.0,153.0,31.08108108108108,10794.660000000002,9768.130000000001,1026.5300000000007,1216.74,0.0,3.0,5.995726469999899,1.1539067693721399,0.7267764940076056,13.118607933910878,87.0,29.0,58.0,33.333333333333336,4495.540000000001,3895.9300000000003,599.6100000000006,433.2,0.0,6.0,,0.017987179409999696,0.03847669234303497,-0.0,0.06904761904761905,0.01026581136249988,0.005254485761348394,-0.039388201809234136
1a_broad,357,0.10187208990790025,True,119,19,66.0,23.0,8,8,3.9000000000000004,12,43,0.5,2.9000000000000004,1.0,0.015,0.5,10.400375008499815,1.1089856439274863,0.5743130292057627,11.692121020901743,219.0,69.0,150.0,31.506849315068493,10583.050000000003,9543.0,1040.050000000003,1195.9,0.0,5.0,5.599884159999983,1.1140494689571603,0.6559761893297571,10.358394993290647,108.0,32.0,76.0,29.62962962962963,5470.15,4910.15,560.0,559.65,0.0,1.0,,0.01679965247999995,0.02851236723929007,-0.0,0.08571428571428572,0.010400375008499815,0.005449282196374317,-0.04500387273054962
1a_broad,358,-1.0324805379119266,False,125,18,68.0,25.0,16,8,3.9000000000000004,13,18,1.5,2.8,1.0,0.015,0.5,-9.609884151500118,0.8810632660108094,-0.5183743528826183,16.66033938699236,192.0,53.0,139.0,27.604166666666668,7119.0,8080.01,-961.0100000000002,919.42,0.0,2.0,-1.3424867975000963,0.9603725061193639,-0.11487272197929453,10.851135555008069,77.0,22.0,55.0,28.571428571428573,3252.5800000000004,3386.79,-134.20999999999958,373.28000000000003,0.0,1.0,0.1948832274715604,,,,,,,
1a_broad,359,-1.0384336604840299,False,116,19,67.0,22.0,7,9,3.8000000000000003,12,40,0.7,1.4,1.0,0.015,0.5,-11.33931784300039,0.895347710402379,-0.7045471667599449,16.554955002787082,389.0,167.0,222.0,42.9305912596401,9701.369999999999,10835.309999999998,-1133.9399999999987,1818.39,0.0,7.0,-2.3326519395001015,0.9514236216668678,-0.25089632607966805,9.721739379656356,143.0,64.0,79.0,44.75524475524475,4569.25,4802.540000000001,-233.29000000000087,704.15,0.0,1.0,0.2306019629041785,,,,,,,
1a_broad,360,0.07213282025389316,True,119,18,65.0,22.0,8,7,4.0,12,41,0.6,2.7,1.0,0.015,0.5,11.38199174649997,1.1200204144685435,0.6349574954116634,11.564849666085463,226.0,75.0,151.0,33.1858407079646,10621.68,9483.470000000001,1138.2099999999991,1251.79,0.0,4.0,4.430238782499854,1.0994640615913802,0.5562900370800171,12.716739683320435,104.0,33.0,71.0,31.73076923076923,4896.870000000001,4453.87,443.0000000000009,531.3,0.0,1.0,,0.013290716347499561,0.024866015397845054,-0.0,0.08253968253968254,0.01138199174649997,0.006001020723427175,-0.06594660650106114
1a_broad,361,0.13668821691907224,True,121,18,66.0,26.0,12,8,3.8000000000000003,17,42,0.7,2.9000000000000004,1.0,0.015,0.5,6.5632476914999645,1.070690173326971,0.4017359176966842,15.297092308045881,201.0,59.0,142.0,29.35323383084577,9939.87,9283.61,656.2600000000002,1095.09,0.0,4.0,9.550234058999976,1.2331408902830496,1.0334934505231166,8.73681924655082,85.0,27.0,58.0,31.764705882352942,5051.5,4096.450000000001,955.0499999999993,446.72,0.0,1.0,,0.02865070217699993,0.05828522257076241,-0.0,0.06746031746031747,0.006563247691499964,0.0035345086663485462,-0.027805781646856088
1a_broad,362,-1.0103985878435904,False,123,19,74.0,23.0,9,16,4.0,12,40,0.6,2.8,1.0,0.015,0.5,-0.3061119664999933,0.9969800916304551,0.05493246815036834,14.770534860612782,273.0,78.0,195.0,28.571428571428573,10131.869999999999,10162.560000000001,-30.69000000000233,1361.99,0.0,4.0,-0.35380145300016014,0.9914179874901317,0.02990175481965672,13.958814480324836,102.0,30.0,72.0,29.41176470588235,4081.4199999999996,4116.75,-35.33000000000038,502.36,0.0,2.0,0.062391527061542856,,,,,,,
1a_broad,363,0.11757897519482853,True,115,18,66.0,24.0,8,10,3.9000000000000004,16,42,0.6,3.0,1.0,0.015,0.5,5.3463753559998075,1.057159904024225,0.3365256178396465,14.169554818285981,194.0,58.0,136.0,29.896907216494846,9886.94,9352.36,534.5799999999999,1058.07,0.0,7.0,7.929190464499988,1.1924138968557856,0.8662388572914691,9.97905944854106,84.0,26.0,58.0,30.952380952380953,4914.200000000001,4121.22,792.9800000000005,439.45,0.0,1.0,,0.023787571393499966,0.048103474213946396,-0.0,0.06666666666666667,0.005346375355999808,0.00285799520121125,-0.02918310763649556
1a_broad,364,0.10711015830491752,True,118,19,67.0,22.0,9,9,3.8000000000000003,11,41,0.7,2.7,1.0,0.015,0.5,3.9067588424999666,1.041577350859454,0.27100067535709976,15.287936116278539,230.0,73.0,157.0,31.73913043478261,9786.14,9395.5,390.6399999999994,1224.68,0.0,4.0,6.735534838499879,1.1529960428337127,0.8030852169321949,11.441934308192241,104.0,32.0,72.0,30.76923076923077,5075.65,4402.139999999999,673.5100000000002,527.74,0.0,1.0,,0.020206604515499636,0.03824901070842818,-0.0,0.08253968253968254,0.003906758842499967,0.0020788675429726958,-0.03987076584416549
1a_broad,365,-1.0142253058506272,False,121,8,65.0,22.0,7,11,4.0,11,40,0.5,2.7,1.0,0.015,0.5,2.129877464999863,1.0262185747012114,0.19438199002977025,8.28234813163614,295.0,91.0,204.0,30.847457627118644,8336.62,8123.629999999999,212.9900000000016,1522.4,0.0,6.0,-0.9099173530000735,0.9699347053475493,-0.10111634706841591,6.531354065449517,103.0,32.0,71.0,31.067961165048544,2933.81,3024.75,-90.94000000000005,518.71,0.0,1.0,0.08535183510376332,,,,,,,
1a_broad,366,0.03156120187248366,True,124,19,55.0,25.0,9,7,3.9000000000000004,12,43,0.7,2.8,1.0,0.015,0.5,10.118201868999805,1.1549950597048078,0.7779545413717838,8.790096734917395,257.0,84.0,173.0,32.68482490272373,7539.75,6527.950000000001,1011.7999999999993,1356.47,0.0,4.0,2.7466398704999664,1.12751842979964,0.5241656143655453,7.82497994275007,75.0,26.0,49.0,34.666666666666664,2428.8100000000004,2154.12,274.6900000000005,379.52,0.0,6.0,,0.008239919611499898,0.031879607449909975,-0.0,0.05952380952380953,0.010118201868999805,0.007749752985240388,-0.08595008956697593
1a_broad,367,-1.004073128253235,False,127,19,69.0,23.0,12,8,3.8000000000000003,14,42,0.6,2.9000000000000004,1.0,0.015,0.5,3.0497954789998585,1.031694400219485,0.22514812056383232,18.045781243101906,212.0,61.0,151.0,28.77358490566038,9927.5,9622.52,304.97999999999956,1156.54,0.0,3.0,1.0913039679998655,1.0243392920046195,0.19366575629965319,13.800237972493456,97.0,29.0,68.0,29.896907216494846,4594.510000000001,4485.340000000001,109.17000000000007,474.17,0.0,6.0,0.024438769519410056,,,,,,,
1a_broad,368,0.08245336986094043,True,119,18,65.0,22.0,8,7,3.9000000000000004,11,41,0.7,2.7,1.0,0.015,0.5,17.305835794499853,1.1830174153239625,0.9264548028694796,11.436715569890728,222.0,76.0,146.0,34.234234234234236,11186.660000000002,9456.039999999999,1730.6200000000026,1276.99,0.0,4.0,5.629383674999899,1.1317387692055654,0.6890946792134968,12.511103124860504,104.0,32.0,72.0,30.76923076923077,4835.75,4272.85,562.8999999999996,531.89,0.0,1.0,,0.016888151024999697,0.032934692301391344,-0.0,0.08253968253968254,0.017305835794499853,0.009150870766198128,-0.07636586256583114
1a_broad,369,-1.032020500077437,False,72,19,66.0,24.0,13,9,3.8000000000000003,15,43,0.6,2.8,1.0,0.015,0.5,-3.7992268480001625,0.9636641016934564,-0.10931632922470359,13.32222188973444,281.0,75.0,206.0,26.690391459074732,10075.06,10454.949999999997,-379.8899999999976,1378.7,0.0,10.0,-3.7375610615001276,0.9274071225619002,-0.32309722780616235,12.65106434620308,126.0,36.0,90.0,28.571428571428573,4775.209999999999,5148.990000000001,-373.78000000000156,616.57,0.0,6.0,0.1921230004646218,,,,,,,
1a_broad,370,-1.003603347306667,False,115,18,68.0,22.0,9,6,3.7,16,40,1.1,2.9000000000000004,1.0,0.015,0.5,-2.162008384000146,0.9783462930372183,-0.03370354638561965,13.49100919218885,223.0,63.0,160.0,28.251121076233183,9767.329999999998,9983.509999999998,-216.1800000000003,1108.78,0.0,6.0,11.19211160949988,1.283735515485217,1.1858250802170194,9.14206788445803,80.0,25.0,55.0,31.25,5063.99,3944.7299999999996,1119.2600000000002,419.79,0.0,1.0,0.02162008384000146,,,,,,,
1a_broad,371,0.12499703024324328,True,122,19,73.0,23.0,12,8,4.0,11,44,0.5,2.7,1.0,0.015,0.5,4.496233121999921,1.0461257319692139,0.295215974698942,14.988262067287053,234.0,72.0,162.0,30.76923076923077,10195.51,9745.970000000001,449.53999999999905,1249.17,0.0,5.0,5.088621727499885,1.1122894352429245,0.6107162961971945,12.659479206480679,106.0,34.0,72.0,32.075471698113205,5040.74,4531.860000000001,508.8799999999992,523.6,0.0,3.0,,0.015265865182499654,0.028072358810731113,-0.0,0.08412698412698413,0.004496233121999922,0.002306286598460694,-0.009270697597432234
1a_broad,372,0.13711640218255872,True,117,18,67.0,25.0,7,6,3.9000000000000004,12,42,0.6,2.8,1.0,0.015,0.5,5.775719924999794,1.0614753836623387,0.36025533943606747,12.10942792703988,222.0,71.0,151.0,31.98198198198198,9972.539999999999,9394.98,577.5599999999995,1173.28,0.0,7.0,10.730899909999863,1.2215558106501057,1.1675673789890038,10.290785436316096,108.0,34.0,74.0,31.48148148148148,5916.629999999999,4843.5199999999995,1073.1099999999997,569.38,0.0,1.0,,0.03219269972999959,0.055388952662526414,-0.0,0.08571428571428572,0.005775719924999794,0.003073769183116937,-0.04502902503236974
1a_broad,373,0.13765758530931052,True,125,19,66.0,26.0,9,9,3.8000000000000003,11,41,0.7,3.0,1.0,0.015,0.5,5.866906565999889,1.0644413399844923,0.36775910460338196,14.550941412320725,208.0,62.0,146.0,29.807692307692307,9691.93,9105.18,586.75,1127.24,0.0,3.0,10.603188376500057,1.2421170168311881,1.1813484459059165,9.873290333335403,100.0,29.0,71.0,29.0,5439.6900000000005,4379.37,1060.3200000000006,528.16,0.0,6.0,,0.03180956512950017,0.060529254207797034,-0.0,0.07936507936507936,0.005866906565999889,0.0032220669992246154,-0.04313528695829056
1a_broad,374,0.1366681242185911,True,121,19,65.0,22.0,8,6,3.7,11,41,1.6,2.9000000000000004,1.0,0.015,0.5,6.684388485999934,1.0912182400999992,0.42283371892803284,9.732824036743198,171.0,53.0,118.0,30.994152046783626,7996.479999999999,7328.030000000001,668.449999999998,865.24,0.0,3.0,6.609933707499895,1.1971609585567957,0.8434315213583193,9.150381700710902,72.0,22.0,50.0,30.555555555555557,4013.5299999999997,3352.54,660.9899999999998,360.35,0.0,1.0,,0.01982980112249968,0.04929023963919893,-0.0,0.05714285714285714,0.006684388485999934,0.004560912004999962,-0.0008400741769645436
1a_broad,375,0.205061044291762,True,119,18,66.0,24.0,7,8,3.8000000000000003,12,39,0.6,2.8,1.0,0.015,0.5,11.312270252999932,1.121562504365543,0.6268784051645341,11.573983737623355,217.0,70.0,147.0,32.25806451612903,10437.070000000002,9305.83,1131.2400000000016,1191.43,0.0,4.0,14.56120250649994,1.3116076319934258,1.537878354657477,9.978729159532195,107.0,35.0,72.0,32.71028037383178,6129.089999999999,4672.96,1456.1299999999992,572.07,0.0,1.0,,0.04368360751949982,0.07790190799835645,-0.0,0.08492063492063492,0.011312270252999933,0.0060781252182771535,-0.01883550161800628
1a_broad,376,0.19803487465902972,True,113,18,67.0,24.0,7,8,3.9000000000000004,12,39,0.6,2.8,1.0,0.015,0.5,10.854572049999716,1.107995112749039,0.6008748043159096,12.693704214850529,236.0,73.0,163.0,30.93220338983051,11136.060000000001,10050.64,1085.420000000002,1305.36,0.0,6.0,12.947396039499944,1.2657791827895188,1.3832240842548236,9.466687617948212,113.0,36.0,77.0,31.858407079646017,6166.18,4871.449999999999,1294.7300000000014,607.48,0.0,1.0,,0.038842188118499835,0.06644479569737971,-0.0,0.0896825396825397,0.010854572049999716,0.005399755637451953,-0.013188976526841199
1a_broad,377,0.1584962516416266,True,113,18,68.0,28.0,7,8,4.0,13,39,0.5,2.8,1.0,0.015,0.5,7.3029659449999045,1.071582257449501,0.4238620287757985,13.075503516372638,234.0,72.0,162.0,30.76923076923077,10931.95,10201.69,730.2600000000002,1267.31,0.0,6.0,7.5719980239998765,1.1485396935004204,0.8520870310148705,11.131069880740476,114.0,36.0,78.0,31.57894736842105,5854.750000000001,5097.559999999999,757.1900000000023,590.06,0.0,1.0,,0.022715994071999628,0.0371349233751051,-0.0,0.09047619047619049,0.007302965944999905,0.0035791128724750546,-0.0027129350991435936
1a_broad,378,0.1714993594124725,True,112,17,67.0,24.0,7,8,3.9000000000000004,12,40,0.6,2.8,1.0,0.015,0.5,8.49539299399983,1.0836737126079372,0.492026950409525,13.16719237411884,238.0,72.0,166.0,30.252100840336134,11002.42,10152.89,849.5300000000007,1310.77,0.0,5.0,10.478329351999891,1.2135167793166826,1.1460894207052637,10.11620423467447,113.0,35.0,78.0,30.97345132743363,5955.37,4907.530000000001,1047.8399999999992,599.16,0.0,1.0,,0.03143498805599967,0.05337919482917064,-0.0,0.0896825396825397,0.008495392993999831,0.004183685630396861,-0.0156764417796342
1a_broad,379,0.11696428907487058,True,115,18,67.0,24.0,7,8,4.0,12,39,0.6,2.9000000000000004,1.0,0.015,0.5,11.111346031999947,1.1127400497373618,0.6111945807699386,12.274808408308056,228.0,72.0,156.0,31.57894736842105,10966.91,9855.77,1111.1399999999994,1259.08,0.0,7.0,6.5885655515000145,1.132259191161712,0.7535856428903279,11.34906133671748,108.0,32.0,76.0,29.62962962962963,5640.870000000001,4981.959999999999,658.9100000000017,567.55,0.0,1.0,,0.01976569665450004,0.03306479779042798,-0.0,0.08571428571428572,0.011111346031999947,0.005637002486868093,-0.03832883960321119
1a_broad,380,0.1887974058894617,True,111,18,68.0,25.0,7,8,3.8000000000000003,12,40,0.6,2.9000000000000004,1.0,0.015,0.5,10.357794224499976,1.100900137358623,0.5673213282654368,13.088880766476901,234.0,70.0,164.0,29.914529914529915,11300.85,10265.1,1035.75,1298.92,0.0,5.0,10.385039891999913,1.2078412772744649,1.1258349058845925,9.39941443953965,114.0,35.0,79.0,30.70175438596491,6035.450000000001,4996.89,1038.5600000000004,605.0,0.0,1.0,,0.031155119675999737,0.05196031931861622,-0.0,0.09047619047619049,0.010357794224499978,0.005045006867931146,-0.00019702467377587718
1a_broad,381,0.03163290748021163,True,107,18,68.0,25.0,7,8,3.8000000000000003,12,40,0.5,3.0,1.0,0.015,0.5,0.7007658469999478,1.006829261636645,0.10720529136227798,15.975006109952405,232.0,63.0,169.0,27.155172413793103,10330.330000000002,10260.259999999998,70.07000000000335,1235.92,0.0,5.0,8.353773332999936,1.1609908194648926,0.9130087378092729,10.047040133112679,116.0,35.0,81.0,30.17241379310345,6024.659999999999,5189.24,835.4199999999992,609.63,0.0,1.0,,0.025061319998999805,0.040247704866223144,-0.0,0.09206349206349207,0.0007007658469999479,0.0003414630818322495,-0.1267818383773356
1a_broad,382,0.08206219641362955,True,103,18,69.0,25.0,7,8,3.9000000000000004,13,40,0.6,2.9000000000000004,1.0,0.015,0.5,2.7553028704997997,1.0254068434190158,0.20747655466414858,17.116619201809804,245.0,70.0,175.0,28.571428571428573,11116.209999999997,10840.779999999999,275.4299999999985,1331.71,0.0,5.0,6.731369391999888,1.146334623244489,0.7248487641496635,9.855587499696608,106.0,32.0,74.0,30.18867924528302,5272.91,4599.799999999999,673.1100000000006,542.41,0.0,5.0,,0.02019410817599966,0.03658365581112227,-0.0,0.08412698412698413,0.0027553028704998,0.001270342170950789,-0.0628681967419271
1a_broad,383,0.1438012305800692,True,112,17,69.0,24.0,7,8,3.8000000000000003,12,41,0.6,3.0,1.0,0.015,0.5,6.347083537499838,1.0629338939268484,0.378960147021681,14.940453048770513,224.0,63.0,161.0,28.125,10719.21,10084.55,634.6599999999999,1233.98,0.0,5.0,10.269889279999953,1.2127773300489142,1.1029066610230658,9.64331513975103,108.0,33.0,75.0,30.555555555555557,5853.87,4826.83,1027.04,572.05,0.0,1.0,,0.030809667839999857,0.05319433251222855,-0.0,0.08571428571428572,0.006347083537499839,0.0031466946963424228,-0.03541083372028719
1a_broad,384,0.1799054304377239,True,109,18,68.0,27.0,7,7,3.9000000000000004,12,39,0.6,2.9000000000000004,1.0,0.015,0.5,9.335723520999819,1.09086157407092,0.5168327776979177,13.620622274459762,232.0,69.0,163.0,29.74137931034483,11207.37,10273.869999999999,933.5000000000018,1279.04,0.0,6.0,10.109864670499883,1.2015951507417453,1.0997339162606805,9.398152114865567,115.0,35.0,80.0,30.434782608695652,6026.240000000001,5015.2,1011.0400000000009,609.12,0.0,1.0,,0.03032959401149965,0.05039878768543632,-0.0,0.09126984126984128,0.00933572352099982,0.004543078703546,-0.00597159475359917
1a_broad,385,0.17741695637684998,True,112,18,68.0,26.0,7,7,3.9000000000000004,12,39,0.6,2.9000000000000004,1.0,0.015,0.5,12.972369272499945,1.12621932648905,0.6835174879577971,13.486345946213948,232.0,71.0,161.0,30.603448275862068,11574.369999999999,10277.189999999999,1297.1800000000003,1305.3,0.0,5.0,10.453384686499922,1.209707444674466,1.132471382202499,9.433085387367985,114.0,35.0,79.0,30.70175438596491,6030.4400000000005,4985.04,1045.4000000000005,603.8100000000001,0.0,1.0,,0.03136015405949976,0.0524268611686165,-0.0,0.09047619047619049,0.012972369272499945,0.006310966324452505,-0.016129584924409204
1a_broad,386,0.15893940145736468,True,109,18,68.0,27.0,7,7,3.9000000000000004,12,39,0.5,2.9000000000000004,1.0,0.015,0.5,7.163748972499798,1.0691216626945457,0.41326899462707933,13.869276005199982,236.0,70.0,166.0,29.661016949152543,11080.27,10363.9,716.3700000000008,1287.97,0.0,6.0,10.275292434499898,1.1960767851009428,1.1097993186499295,9.46933310275712,120.0,38.0,82.0,31.666666666666668,6268.160000000001,5240.599999999999,1027.5600000000013,636.54,0.0,1.0,,0.030825877303499692,0.04901919627523571,-0.0,0.09523809523809523,0.007163748972499798,0.0034560831347272836,-0.02676359946669304
1a_broad,387,0.1514127809246705,True,106,18,68.0,27.0,7,7,3.9000000000000004,13,40,0.6,3.0,1.0,0.015,0.5,6.6537075224998254,1.0625570591647715,0.39151201449165535,13.980394967067769,231.0,65.0,166.0,28.138528138528137,11301.24,10635.89,665.3500000000004,1272.98,0.0,5.0,6.727671076999996,1.1335536829149666,0.7592634696600786,10.255072333295393,112.0,32.0,80.0,28.571428571428573,5710.219999999999,5037.450000000001,672.7699999999986,579.99,0.0,2.0,,0.020183013230999986,0.03338842072874165,-0.0,0.08888888888888889,0.006653707522499826,0.0031278529582385753,-0.0008291024046984391
1a_broad,388,0.16107776905523521,True,109,18,68.0,25.0,7,7,3.9000000000000004,12,39,0.6,3.1,1.0,0.015,0.5,7.813294419499781,1.0773505166171846,0.4422854009944075,15.594400639883798,218.0,59.0,159.0,27.06422018348624,10882.630000000001,10101.29,781.3400000000001,1199.09,0.0,6.0,8.92132951349995,1.1842273729772592,0.9662558328689773,9.421612123472872,109.0,31.0,78.0,28.440366972477065,5734.549999999999,4842.4400000000005,892.1099999999988,567.33,0.0,1.0,,0.02676398854049985,0.046056843244314805,-0.0,0.08650793650793652,0.00781329441949978,0.003867525830859231,-0.009931819487874959
1a_broad,389,0.169883548111068,True,110,17,69.0,26.0,7,7,4.0,12,40,0.6,3.0,1.0,0.015,0.5,8.606592174999788,1.0861765627706754,0.4798549851221742,13.865590796694951,220.0,63.0,157.0,28.636363636363637,10847.199999999999,9986.59,860.6099999999988,1214.65,0.0,5.0,10.17150932449993,1.2097850611076508,1.0931064630383827,9.62031156746623,109.0,33.0,76.0,30.275229357798164,5866.03,4848.820000000001,1017.2099999999991,577.91,0.0,1.0,,0.030514527973499787,0.05244626527691271,-0.0,0.08650793650793652,0.008606592174999789,0.004308828138533771,-0.01250060196081457
1a_broad,390,0.17819584918746884,True,111,18,68.0,27.0,7,7,3.8000000000000003,12,41,0.6,2.9000000000000004,1.0,0.015,0.5,12.296139721999971,1.1206121636229163,0.6534621434475785,12.704654854318157,231.0,70.0,161.0,30.303030303030305,11424.259999999998,10194.66,1229.5999999999985,1294.1,0.0,5.0,10.318270179999908,1.2062287526705933,1.119620142539255,9.39941443953965,114.0,35.0,79.0,30.70175438596491,6035.450000000001,5003.570000000001,1031.88,605.0,0.0,1.0,,0.030954810539999725,0.051557188167648316,-0.0,0.09047619047619049,0.012296139721999971,0.006030608181145813,-0.013119087899515469
1a_broad,391,0.08427514666971377,True,107,18,68.0,29.0,7,7,3.9000000000000004,12,41,0.5,3.1,1.0,0.015,0.5,2.7077742629999193,1.0264058841826997,0.20311402198538694,15.398083012260738,224.0,58.0,166.0,25.892857142857142,10526.09,10255.29,270.7999999999993,1208.88,0.0,5.0,8.987247469999875,1.1733979256378202,0.9701342274912298,9.822521664252056,114.0,33.0,81.0,28.94736842105263,6082.05,5183.28,898.7700000000004,598.98,0.0,1.0,,0.02696174240999963,0.04334948140945505,-0.0,0.09047619047619049,0.0027077742629999196,0.0013202942091349867,-0.08054033609806631
1a_broad,392,0.12818818343248672,True,111,18,69.0,28.0,7,7,3.8000000000000003,12,42,0.6,2.9000000000000004,1.0,0.015,0.5,12.461314108999941,1.1223503328990245,0.660863144668483,12.75256804872464,230.0,70.0,160.0,30.434782608695652,11430.88,10184.77,1246.1099999999988,1290.04,0.0,5.0,7.383037487499896,1.1446540387614517,0.8207554443069511,10.899940389211308,113.0,34.0,79.0,30.088495575221238,5842.360000000001,5104.040000000001,738.3199999999997,578.06,0.0,1.0,,0.02214911246249969,0.036163509690362916,-0.0,0.0896825396825397,0.012461314108999942,0.006117516644951227,-0.03838580915686674
1a_broad,393,0.15056475220642546,True,113,18,68.0,27.0,7,7,3.8000000000000003,12,40,0.6,3.0,1.0,0.015,0.5,8.818436345999798,1.0873563355039662,0.49171850480722223,13.990573292391362,224.0,65.0,159.0,29.017857142857142,10975.59,10093.830000000002,881.7599999999984,1248.73,0.0,6.0,7.748333288499907,1.1587820670436848,0.8585954674015547,11.72689055114169,106.0,32.0,74.0,30.18867924528302,5655.32,4880.400000000001,774.9199999999992,559.37,0.0,1.0,,0.023244999865499723,0.0396955167609212,-0.0,0.08412698412698413,0.008818436345999797,0.0043678167751983075,-0.009689001668177717
1a_broad,394,0.12355024652423535,True,110,17,70.0,26.0,7,8,3.9000000000000004,13,41,0.6,2.9000000000000004,1.0,0.015,0.5,7.49752684499981,1.0735291665726765,0.4329862856450029,14.128937196450773,226.0,67.0,159.0,29.646017699115045,10945.800000000001,10196.09,749.710000000001,1245.74,0.0,5.0,5.717693901499915,1.112494687800041,0.657584497933184,11.10404432104715,110.0,33.0,77.0,30.0,5654.410000000001,5082.64,571.7700000000004,556.45,0.0,1.0,,0.017153081704499744,0.028123671950010254,-0.0,0.08730158730158731,0.007497526844999811,0.003676458328633825,-0.020202079605495585
1a_broad,395,0.12465259784929296,True,114,18,68.0,27.0,7,7,4.0,12,39,0.6,2.9000000000000004,1.0,0.015,0.5,12.208767334999974,1.1229963763261366,0.6544720416448849,13.624149672335854,230.0,72.0,158.0,31.304347826086957,11147.3,9926.39,1220.9099999999999,1273.9,0.0,7.0,7.195146077499976,1.1414825199024001,0.8106140757054512,11.350532647273388,111.0,34.0,77.0,30.63063063063063,5805.66,5086.07,719.5900000000001,582.27,0.0,1.0,,0.021585438232499924,0.03537062997560003,-0.0,0.0880952380952381,0.012208767334999975,0.006149818816306829,-0.038757294605351905
1a_broad,396,0.09758407814881306,True,105,18,67.0,26.0,7,8,3.8000000000000003,13,42,0.5,3.0,1.0,0.015,0.5,3.2940674005000252,1.031016401283931,0.23290732535097247,14.81921639708817,235.0,63.0,172.0,26.80851063829787,10949.919999999998,10620.509999999998,329.40999999999985,1274.1,0.0,5.0,10.268347951999932,1.2197701769367912,1.0647127662765792,10.568022175719651,106.0,34.0,72.0,32.075471698113205,5699.12,4672.29,1026.83,568.27,0.0,5.0,,0.030805043855999793,0.05494254423419781,-0.0,0.08412698412698413,0.0032940674005000254,0.0015508200641965453,-0.07713538153306525
1a_broad,397,0.12465259784929296,True,114,18,68.0,28.0,7,7,3.9000000000000004,12,39,0.6,2.9000000000000004,1.0,0.015,0.5,12.208767334999974,1.1229963763261366,0.6544720416448849,13.624149672335854,230.0,72.0,158.0,31.304347826086957,11147.3,9926.39,1220.9099999999999,1273.9,0.0,7.0,7.195146077499976,1.1414825199024001,0.8106140757054512,11.350532647273388,111.0,34.0,77.0,30.63063063063063,5805.66,5086.07,719.5900000000001,582.27,0.0,1.0,,0.021585438232499924,0.03537062997560003,-0.0,0.0880952380952381,0.012208767334999975,0.006149818816306829,-0.038757294605351905
1a_broad,398,-1.0393822510215665,False,111,17,69.0,26.0,7,8,4.0,4,40,0.5,2.9000000000000004,1.0,0.015,0.5,-11.897086799499993,0.9017230170930499,-0.5290732204420217,18.245663549561524,387.0,105.0,282.0,27.131782945736433,10916.34,12106.09,-1189.75,1841.0,0.0,5.0,-2.4845714920001227,0.9528992306248829,-0.22145365752426274,11.238752418422553,158.0,46.0,112.0,29.11392405063291,5027.22,5275.709999999999,-248.48999999999887,791.39,0.0,1.0,0.23629350612939842,,,,,,,
1a_broad,399,0.1255719870218351,True,115,18,67.0,27.0,7,7,3.8000000000000003,17,41,0.6,2.8,1.0,0.015,0.5,5.393728390499819,1.055925824913695,0.3404382383361633,12.839538352122485,207.0,64.0,143.0,30.917874396135264,10182.43,9643.130000000001,539.2999999999993,1109.98,0.0,7.0,10.814303411999882,1.254704494175613,1.1340164995712043,9.53227079443717,90.0,30.0,60.0,33.333333333333336,5327.4000000000015,4245.94,1081.4600000000019,472.0,0.0,1.0,,0.03244291023599964,0.06367612354390323,-0.0,0.07142857142857144,0.005393728390499819,0.0027962912456847458,-0.050165637822823766
