trial,score,gated,ema_period,rsi_period,rsi_overbought,rsi_oversold,atr_period,consolidation_candles,consolidation_atr_mult,swing_lookback,volume_sma_period,volume_mult,risk_reward_ratio,leverage,risk_per_trade_pct,max_position_allocation_pct,tr_return_pct,tr_pf,tr_sharpe,tr_max_dd,tr_trades,tr_wins,tr_losses,tr_win_rate,tr_gross_profit,tr_gross_loss,tr_net_pnl,tr_fees,tr_blocked,tr_head_dropped,va_return_pct,va_pf,va_sharpe,va_max_dd,va_trades,va_wins,va_losses,va_win_rate,va_gross_profit,va_gross_loss,va_net_pnl,va_fees,va_blocked,va_head_dropped,c_va_ret,c_va_pf,c_va_dd,c_va_sample,c_tr_ret,c_tr_pf,c_consistency,c_gate_shortfall
0,0.31317428964952965,True,128,20,72.0,25.0,7,6,3.6,17,38,0.6,2.8,2.5,0.03,0.5,39.80838079749925,1.1318079809498711,0.8859561700508481,25.782624969360334,201.0,63.0,138.0,31.34328358208955,34183.340000000004,30202.42,3980.9200000000055,3602.2599999999998,0.0,1.0,43.10558202299969,1.4461962226183305,1.7513027566323829,20.53304058322357,80.0,29.0,51.0,36.25,13971.210000000001,9660.66,4310.550000000001,1147.46,0.0,8.0,0.12931674606899907,0.11154905565458262,-0.031617374761277545,0.06349206349206349,0.03980838079749925,0.006590399047493556,-0.005964980649830801,
1,-1.3259637188208617,False,69,21,74.0,35.0,9,6,1.1,18,34,1.6,1.0,5.0,0.026000000000000002,0.35,2.758795629499982,99.0,1.27042778699991,0.7180446228542172,2.0,2.0,0.0,100.0,275.88,0.0,275.88,35.34,0.0,0.0,0.5394149835000098,99.0,1.244185466644316,0.26135842949997823,1.0,1.0,0.0,100.0,53.94,0.0,53.94,17.46,0.0,0.0,,,,,,,,1.95578231292517
2,-1.1577975154011366,False,43,9,62.0,33.0,13,8,2.8,6,21,1.0,2.4000000000000004,4.5,0.01,0.5,-52.169939402500454,0.7007715541321049,-2.269501147534757,58.924062369045416,352.0,96.0,256.0,27.272727272727273,12217.91,17434.94,-5217.029999999999,4116.6,0.0,6.0,-18.507016511500378,0.7979836900698484,-1.484409359568985,21.972787613549656,146.0,49.0,97.0,33.56164383561644,7310.56,9161.289999999999,-1850.7299999999987,2381.23,0.0,4.0,,,,,,,,0.9467850924068194
3,-1.136506108442051,False,97,7,70.0,24.0,7,20,3.9000000000000004,17,22,0.6,3.1,2.5,0.008,0.5,-27.877312210000337,0.7849387710390178,-1.3231783584302113,31.519618160676693,249.0,62.0,187.0,24.899598393574298,10175.02,12962.82,-2787.7999999999993,2204.31,0.0,4.0,-17.52342775050018,0.6667192864003346,-1.9001821422959853,21.773471197218615,98.0,22.0,76.0,22.448979591836736,3505.5099999999998,5257.85,-1752.3400000000006,853.68,0.0,4.0,,,,,,,,0.8190366506523056
4,-1.0748349122720247,False,24,20,61.0,37.0,11,12,2.6,7,49,1.7000000000000002,3.9000000000000004,5.0,0.02,0.75,-30.61523307750047,0.8011828371076015,-0.6588434958882643,59.391164527622884,109.0,22.0,87.0,20.18348623853211,12337.07,15398.57,-3061.5,2524.24,0.0,2.0,14.09684025949984,1.2400678463715644,0.9394962107197289,27.44101211201843,36.0,11.0,25.0,30.555555555555557,7281.79,5872.09,1409.6999999999998,1118.03,0.0,3.0,,,,,,,,0.4490094736321476
5,-1.112496143091076,False,31,9,56.0,28.0,12,8,3.5,10,21,1.3,1.4,4.5,0.006,0.75,-15.259117999000319,0.795802760243184,-1.280887928697443,20.44199163204311,201.0,92.0,109.0,45.77114427860697,5946.66,7472.530000000001,-1525.8700000000008,2640.15,0.0,2.0,-11.16430545600022,0.6187202448037268,-2.5094800554769296,15.397213429277917,71.0,29.0,42.0,40.84507042253521,1811.65,2928.06,-1116.4099999999999,975.27,0.0,3.0,,,,,,,,0.6749768585464561
6,-1.1240463006606494,False,121,9,55.0,41.0,17,16,3.3000000000000003,5,24,0.6,3.6,3.5,0.013000000000000001,0.25,-9.940045023500153,0.7665096832536673,-0.8523997756601216,15.473229702778617,140.0,33.0,107.0,23.571428571428573,3263.3,4257.349999999999,-994.0499999999993,1197.39,0.0,1.0,-8.537999906500081,0.4625277776029109,-2.335832285774229,9.061227087092732,47.0,10.0,37.0,21.27659574468085,734.7300000000001,1588.5100000000002,-853.7800000000001,387.12,0.0,0.0,,,,,,,,0.7442778039638968
7,-2.0,False,60,11,73.0,36.0,20,12,1.3,16,41,1.3,3.3000000000000003,3.0,0.018000000000000002,0.45,,,,,,,,,,,,,,,-0.48730189149999203,0.0,-1.3300922645531255,0.49143374440056675,1.0,0.0,1.0,0.0,0.0,48.73,-48.73,13.46,0.0,0.0,,,,,,,,6.0
8,-1.104875283446712,False,23,8,55.0,36.0,11,12,3.8000000000000003,8,26,1.7000000000000002,1.7000000000000002,1.0,0.012,0.3,2.018840919999984,1.1978342887941595,0.5662483246990083,3.379204004388253,90.0,43.0,47.0,47.77777777777778,1222.33,1020.4499999999999,201.88,270.7,0.0,2.0,0.9470618814999943,1.4524389661267976,0.9295483900082597,1.2792620524250842,19.0,11.0,8.0,57.89473684210526,304.01,209.31,94.69999999999999,56.96,0.0,1.0,,,,,,,,0.6292517006802721
9,-1.0210642645297832,False,141,19,71.0,42.0,19,7,3.7,13,43,1.9000000000000001,1.9,1.0,0.01,0.45,-6.775810114500036,0.8531727200036407,-0.6107385940582785,10.505974345274382,129.0,44.0,85.0,34.10852713178294,3937.230000000001,4614.8099999999995,-677.5799999999986,552.74,0.0,0.0,-0.22660077450003882,0.9908204477968672,0.0013633974273781966,8.735225234950619,67.0,25.0,42.0,37.3134328358209,2445.8700000000003,2468.5299999999997,-22.6599999999994,289.96,0.0,1.0,,,,,,,,0.12638558717869872
10,-1.1122461857507322,False,95,15,80.0,20.0,15,4,2.0,20,13,0.8,2.8,2.5,0.028,0.65,76.62825961949929,1.1770546484475906,1.2299616414270629,30.502707217367732,225.0,71.0,154.0,31.555555555555557,50941.96,43279.18000000001,7662.779999999992,5286.74,0.0,4.0,-29.814247024000235,0.7181436083018053,-1.2456011728524612,37.07483282598053,98.0,23.0,75.0,23.46938775510204,7596.48,10577.94,-2981.460000000001,1231.81,0.0,1.0,,,,,,,,0.6734771145043934
11,-1.0764301336483442,False,150,18,69.0,45.0,20,8,3.0,13,41,1.9000000000000001,2.2,1.0,0.023000000000000003,0.6000000000000001,-16.011006045000066,0.7175169951004002,-1.1863036988664124,25.99043711485533,114.0,33.0,81.0,28.94736842105263,4066.75,5667.81,-1601.0600000000004,641.66,0.0,0.0,-5.757362260000064,0.7970580252179338,-0.7734134428851116,11.39930226945822,52.0,15.0,37.0,28.846153846153847,2261.15,2836.8700000000003,-575.7200000000003,291.64,0.0,0.0,,,,,,,,0.4585808018900644
12,-1.0347606349355893,False,149,17,77.0,29.0,17,4,4.0,13,49,2.0,2.1,1.5,0.03,0.4,-12.835452801500177,0.8195454155636193,-0.6756146881369622,17.858859730233856,130.0,40.0,90.0,30.76923076923077,5829.32,7112.869999999999,-1283.5499999999993,703.02,0.0,1.0,-1.009194024500066,0.9763767915787896,-0.04020332455810425,12.234546822880647,73.0,25.0,48.0,34.24657534246575,4171.15,4272.07,-100.92000000000007,425.76,0.0,0.0,,,,,,,,0.20856380961353613
13,-1.0756574223862647,False,127,15,67.0,44.0,7,9,3.3000000000000003,14,38,1.2000000000000002,2.6,2.0,0.018000000000000002,0.55,-26.092788046500097,0.8365741987611096,-0.8299579226441344,31.52976006080161,214.0,62.0,152.0,28.97196261682243,13356.66,15965.9,-2609.24,2059.77,0.0,2.0,-6.311117223000165,0.913599244296285,-0.33283042979809746,21.0711406901788,87.0,26.0,61.0,29.885057471264368,6673.34,7304.450000000001,-631.1100000000006,885.68,0.0,3.0,,,,,,,,0.45394453431758836
14,-1.1596281216449846,False,127,19,66.0,20.0,21,10,2.3,11,33,1.0,1.8,3.5,0.014000000000000002,0.4,-18.242582461500007,0.8094690995686368,-0.9761310385567511,25.416477267637806,159.0,54.0,105.0,33.9622641509434,7750.099999999999,9574.300000000001,-1824.2000000000016,1980.07,0.0,1.0,-20.544624984500143,0.451608511819599,-2.7575781468965674,26.476028683817827,53.0,14.0,39.0,26.41509433962264,1691.87,3746.3199999999997,-2054.45,613.26,0.0,1.0,,,,,,,,0.9577687298699074
15,-1.032092433971667,False,105,16,73.0,30.0,17,6,3.5,15,44,0.9,3.0,2.0,0.024,0.65,-19.255460383000216,0.9311842259972132,-0.2984300840506621,48.69879230129527,233.0,60.0,173.0,25.751072961373392,26055.68,27981.23,-1925.5499999999993,3300.19,0.0,5.0,19.122185563499734,1.1872034272478342,0.9890809176734565,18.487407242600515,94.0,30.0,64.0,31.914893617021278,12126.820000000002,10214.61,1912.210000000001,1256.82,0.0,2.0,,,,,,,,0.19255460383000217
16,-1.071296694645102,False,138,13,76.0,41.0,14,5,3.6,20,31,1.5,1.0,1.5,0.017,0.45,-22.254324418500218,0.7361792275565452,-1.4667168012519394,26.122094261349556,217.0,106.0,111.0,48.8479262672811,6209.900000000001,8435.31,-2225.409999999999,1282.88,0.0,0.0,-4.973125096000112,0.8867190436381115,-0.6183772020715809,13.33194381392003,96.0,49.0,47.0,51.041666666666664,3892.6700000000005,4389.97,-497.2999999999997,620.95,0.0,1.0,,,,,,,,0.42778016787061146
17,-1.1386963531303618,False,113,21,64.0,25.0,9,15,3.1,11,45,0.5,1.9,3.0,0.022000000000000002,0.55,-31.01911021600073,0.8508531018519855,-0.9736564329263293,40.368956187545066,284.0,98.0,186.0,34.50704225352113,17696.230000000003,20798.22,-3101.989999999998,4050.47,0.0,5.0,-19.690934241000214,0.7086684420772302,-1.4578228936767843,28.062997049364114,87.0,30.0,57.0,34.48275862068966,4789.889999999999,6759.000000000001,-1969.1100000000015,1257.58,0.0,1.0,,,,,,,,0.8321781187821711
18,-1.0191543709049944,False,84,19,71.0,24.0,16,6,1.7000000000000002,18,37,1.4,1.4,1.5,0.005,0.35,-0.6082688015000894,0.9704085305935807,-0.09319239350366229,5.476844774081335,92.0,44.0,48.0,47.82608695652174,1994.83,2055.66,-60.82999999999993,429.57,0.0,1.0,0.5284857790000024,1.0567637262275706,0.2391824967105375,2.9811162212789766,40.0,18.0,22.0,45.0,983.53,930.7,52.82999999999993,184.72,0.0,0.0,,,,,,,,0.11492622542996689
19,-1.2077721286333696,False,80,18,80.0,24.0,15,10,1.7000000000000002,18,36,0.8,1.3,2.0,0.015,0.25,-2.4890013899999577,0.8098965891212366,-0.47645056209730463,5.273306993146224,52.0,20.0,32.0,38.46153846153846,1060.43,1309.3400000000001,-248.91000000000008,253.32,0.0,0.0,0.10686840300000768,1.0350272470619133,0.07089148005665308,3.032887496336865,11.0,4.0,7.0,36.36363636363637,315.29,304.62,10.670000000000016,54.57,0.0,0.0,,,,,,,,1.2466327718002181
20,-1.1510565188792061,False,82,13,67.0,26.0,10,6,1.6,18,29,1.2000000000000002,3.9000000000000004,1.5,0.006,0.35,-3.931708941000106,0.8312075797318589,-0.4438514231619678,9.697918525806426,69.0,12.0,57.0,17.391304347826086,1936.19,2329.37,-393.17999999999984,317.5,0.0,1.0,-1.3150392165000084,0.8641490724290378,-0.3144601714167141,5.024385072394908,26.0,5.0,21.0,19.23076923076923,836.5999999999999,968.1199999999998,-131.51999999999987,123.22,0.0,1.0,,,,,,,,0.9063391132752372
21,-1.0662753313983397,False,136,19,70.0,32.0,19,7,2.4000000000000004,16,39,1.8,1.5,1.0,0.005,0.4,-2.053296130000017,0.9140423572744013,-0.3373966880217064,4.272550208615666,105.0,43.0,62.0,40.95238095238095,2183.83,2389.2000000000003,-205.37000000000035,379.41,0.0,0.0,-3.567340164500074,0.6914820932827108,-1.3213440556821863,5.828279670040802,42.0,14.0,28.0,33.333333333333336,799.54,1156.27,-356.73,139.51,0.0,1.0,,,,,,,,0.39765198839003824
22,-1.070112610049879,False,112,20,71.0,22.0,18,4,2.1,19,45,1.5,2.4000000000000004,2.5,0.009000000000000001,0.45,-26.421358584000142,0.6913025343121161,-1.6613188239625685,30.110477376515288,158.0,43.0,115.0,27.21518987341772,5916.8099999999995,8558.93,-2642.120000000001,1185.97,0.0,4.0,-3.2678005035000934,0.9200267271045147,-0.3086644693529854,13.134883111048575,67.0,20.0,47.0,29.850746268656717,3758.9900000000002,4085.7400000000002,-326.75,535.76,0.0,1.0,,,,,,,,0.4206756602992741
23,-1.0756246397675022,False,138,17,75.0,41.0,16,7,2.8,14,36,2.0,1.6,1.5,0.011,0.35,-7.375563538500065,0.8255992395563133,-0.7280752825071902,12.6700608948726,104.0,40.0,64.0,38.46153846153846,3491.5499999999997,4229.11,-737.56,525.81,0.0,0.0,-6.988478780999994,0.7243872138194871,-1.4303665019832907,8.623371396960364,60.0,21.0,39.0,35.0,1836.72,2535.5499999999993,-698.8299999999992,292.90999999999997,0.0,0.0,,,,,,,,0.4537478386050129
24,-1.058046696684862,False,50,19,71.0,27.0,19,10,3.7,16,42,1.4,1.2,1.0,0.008,0.5,-5.996282849500167,0.9209604868350973,-0.5223846199474825,9.30098032285289,311.0,143.0,168.0,45.98070739549839,6985.780000000001,7585.32,-599.539999999999,1452.57,0.0,3.0,-6.820078515500118,0.8188776052178717,-1.3002992549414607,11.155275301055953,137.0,63.0,74.0,45.98540145985402,3083.5000000000005,3765.5200000000004,-682.02,619.54,0.0,2.0,,,,,,,,0.3482801801091727
25,-1.1236478310847975,False,89,21,77.0,31.0,21,5,1.7000000000000002,12,28,1.1,2.0,2.0,0.007,0.55,-21.864202117500053,0.7472507401297728,-1.648884557242239,25.574320881521828,206.0,65.0,141.0,31.553398058252426,6464.099999999999,8650.509999999998,-2186.409999999999,1624.76,0.0,4.0,-13.468233602500005,0.6420092392257762,-2.2995519096246975,18.2051215309459,79.0,22.0,57.0,27.848101265822784,2415.38,3762.2200000000003,-1346.8400000000001,626.21,0.0,0.0,,,,,,,,0.7418869865087852
26,-2.0,False,69,18,72.0,22.0,13,7,1.0,15,47,1.8,2.3,1.5,0.03,0.3,,,,,,,,,,,,,,,,,,,,,,,,,,,,,,,,,,,,6.0
27,-1.0215922513711602,False,119,20,68.0,22.0,19,9,3.2,17,37,0.7,3.4000000000000004,3.0,0.005,0.45,-6.371544894500239,0.9134299073166953,-0.410640720809679,12.857667115487686,185.0,44.0,141.0,23.783783783783782,6722.36,7359.47,-637.1100000000006,1189.66,0.0,5.0,-0.43463955400011406,0.9854337530709445,-0.01266575110768321,7.114519820755999,76.0,20.0,56.0,26.31578947368421,2940.1500000000005,2983.6099999999997,-43.45999999999913,471.34000000000003,0.0,1.0,,,,,,,,0.1295535082269612
28,-1.2414259154320249,False,106,17,65.0,39.0,8,5,1.4,9,10,1.6,2.8,3.5,0.026000000000000002,0.3,-10.311110535000081,0.6491890622926725,-0.7785541709987331,15.71998381644929,41.0,9.0,32.0,21.951219512195124,1908.09,2939.1899999999996,-1031.0999999999997,400.76,0.0,0.0,-1.5790245614999914,0.8645774370057806,-0.25241979077028726,6.6258723064404,18.0,4.0,14.0,22.22222222222222,1008.0799999999999,1165.9799999999998,-157.89999999999986,186.75,0.0,0.0,,,,,,,,1.4485554925921484
29,-1.0593483719615657,False,65,21,75.0,34.0,15,6,4.0,18,33,1.5,1.0,1.0,0.016,0.4,-7.367745997500297,0.892183544766838,-0.6755915789393655,11.16296317650733,322.0,156.0,166.0,48.4472049689441,6097.450000000001,6834.299999999999,-736.8499999999985,1236.27,0.0,3.0,-6.198935230000079,0.8185554095308899,-1.226901757934242,9.785215136133928,137.0,69.0,68.0,50.36496350364963,2796.5699999999993,3416.47,-619.9000000000005,525.3,0.0,3.0,,,,,,,,0.35609023176939436
30,-1.190203334884312,False,132,15,74.0,28.0,18,11,2.8,19,40,1.9000000000000001,2.6,2.5,0.021,0.6000000000000001,-21.710296283000115,0.7388434126244249,-0.8281690019186031,35.197272167845966,76.0,19.0,57.0,25.0,6142.1900000000005,8313.25,-2171.0599999999995,958.05,0.0,1.0,-8.091168248000194,0.7503486535186236,-0.7060577906836693,19.555036191545085,28.0,6.0,22.0,21.428571428571427,2431.91,3241.04,-809.1300000000001,358.65,0.0,1.0,,,,,,,,1.141220009305872
31,-1.0200032103757326,False,121,20,68.0,22.0,19,9,3.3000000000000003,17,36,0.7,3.5,3.0,0.005,0.45,-7.9382712370003174,0.8960425473956615,-0.5253541238287427,13.865069239374622,191.0,44.0,147.0,23.036649214659686,6841.929999999999,7635.719999999999,-793.79,1224.76,0.0,5.0,0.21993690599989352,1.0073316226213884,0.08797742516341787,7.396033770063607,76.0,20.0,56.0,26.31578947368421,3022.7000000000003,3000.7000000000003,22.0,478.66,0.0,1.0,,,,,,,,0.12001926225439519
32,-1.0484363823116671,False,148,20,63.0,23.0,20,8,3.4000000000000004,17,33,0.5,3.6,4.0,0.01,0.5,-29.061829387000255,0.8223377871403427,-1.0602347999971757,40.631835770983265,207.0,43.0,164.0,20.77294685990338,13452.039999999999,16358.290000000003,-2906.2500000000036,2302.56,0.0,1.0,13.67963313299986,1.226038046989503,1.0941869582992838,15.899918450572095,83.0,24.0,59.0,28.91566265060241,7419.970000000001,6051.99,1367.9800000000014,975.75,0.0,1.0,,,,,,,,0.29061829387000254
33,-1.0580929579713372,False,141,19,69.0,26.0,16,7,3.7,19,44,0.7,3.1,3.0,0.008,0.5,-13.744708710500273,0.8841216407044984,-0.6056738863441975,17.334630928684884,200.0,50.0,150.0,25.0,10487.0,11861.49,-1374.4899999999998,1586.66,0.0,1.0,-5.273132343000088,0.88370169584233,-0.5106177764655359,12.274617087994898,74.0,19.0,55.0,25.675675675675677,4006.7299999999996,4534.03,-527.3000000000002,531.11,0.0,4.0,,,,,,,,0.3485577478280226
34,-1.0865599074951633,False,122,21,59.0,20.0,18,9,3.0,15,35,1.0,4.0,2.0,0.01,0.35,-17.189996606000115,0.8041512430600891,-0.8998327165764624,26.286294469373978,193.0,38.0,155.0,19.689119170984455,7058.14,8777.130000000001,-1718.9900000000007,1199.26,0.0,4.0,-8.24986946050016,0.7717911764787241,-1.0158184829594037,20.25446880207494,74.0,16.0,58.0,21.62162162162162,2790.11,3615.1099999999997,-824.9999999999995,438.72,0.0,3.0,,,,,,,,0.5193594449709799
35,-1.078446895223798,False,100,18,71.0,24.0,12,14,3.8000000000000003,17,38,0.6,3.7,2.5,0.007,0.45,-18.574297476000222,0.8468340609553151,-0.8629300622842851,24.38132021413346,238.0,50.0,188.0,21.008403361344538,10268.929999999998,12126.259999999998,-1857.33,1725.4,0.0,5.0,-7.694581376500009,0.8316077880413254,-0.7777951441608072,13.68686851190728,83.0,19.0,64.0,22.89156626506024,3800.0899999999997,4569.570000000001,-769.4800000000009,618.69,0.0,4.0,,,,,,,,0.4706813713427877
36,-1.0336623948880832,False,115,20,69.0,38.0,21,5,2.6,14,18,0.8,3.3000000000000003,4.0,0.005,0.5,3.0777652054996905,1.0309187536473823,0.24367639383000447,10.96854028565283,232.0,64.0,168.0,27.586206896551722,10263.59,9955.77,307.8199999999997,1836.98,0.0,6.0,-5.1779729855001095,0.8922956285528275,-0.6734089078464333,8.658730989376295,116.0,29.0,87.0,25.0,4289.969999999999,4807.790000000001,-517.8200000000015,846.04,0.0,2.0,,,,,,,,0.20197436932849874
37,-1.0813661957230782,False,128,19,73.0,33.0,9,19,3.5,16,30,0.9,1.4,1.5,0.012,0.4,-9.162902754500118,0.8710348457850927,-0.7382890314187421,14.47449349395147,210.0,91.0,119.0,43.333333333333336,6188.72,7105.020000000001,-916.3000000000011,1204.73,0.0,1.0,-8.323859956500163,0.7210039754101106,-1.4945421431836292,13.217381006714623,79.0,32.0,47.0,40.50632911392405,2151.0,2983.3400000000006,-832.3400000000006,437.61,0.0,2.0,,,,,,,,0.48819717433846893
38,-1.2811086022317553,False,39,16,61.0,25.0,13,8,3.9000000000000004,20,42,0.6,1.2,3.5,0.026000000000000002,0.55,-62.924414699500716,0.8625190164723125,-1.4835034663090132,64.76037505159337,718.0,333.0,385.0,46.37883008356546,39477.090000000004,45769.53,-6292.439999999995,9276.83,0.0,8.0,-37.980835853000386,0.8041041013677759,-1.7801907834175335,50.51943882088577,251.0,120.0,131.0,47.808764940239044,15590.3,19388.41,-3798.1100000000006,3773.8,0.0,7.0,,,,,,,,1.6866516133905323
39,-1.135908286839054,False,77,20,67.0,21.0,16,13,2.8,5,34,1.3,2.5,4.0,0.007,0.45,-33.41046717750022,0.5877422340130181,-2.509321489257111,34.4106467208769,161.0,37.0,124.0,22.981366459627328,4763.210000000001,8104.249999999999,-3341.039999999998,1672.97,0.0,3.0,-11.181371390000168,0.6619920978727135,-1.855726406780812,16.429750155713094,59.0,15.0,44.0,25.423728813559322,2189.85,3307.97,-1118.12,624.2,0.0,2.0,,,,,,,,0.8154497210343243
40,-2.0,False,143,18,78.0,28.0,11,9,1.2,17,47,0.7,2.9000000000000004,5.0,0.009000000000000001,0.6000000000000001,,,,,,,,,,,,,,,-0.7377369435000036,0.0,-1.3608097531647403,0.7377369435000036,1.0,0.0,1.0,0.0,0.0,73.77,-73.77,29.92,0.0,0.0,,,,,,,,6.0
41,-1.0371228812807178,False,118,20,68.0,22.0,19,7,3.3000000000000003,17,37,0.7,3.4000000000000004,3.0,0.005,0.45,-8.027305327000159,0.8786601201471755,-0.5577359477474744,14.029206530721527,164.0,38.0,126.0,23.170731707317074,5812.53,6615.220000000001,-802.6900000000014,1025.0,0.0,5.0,-2.237134764500079,0.9239024688922303,-0.29902921016769685,9.734860752841836,72.0,18.0,54.0,25.0,2716.0700000000006,2939.7799999999997,-223.70999999999913,396.16,0.0,1.0,,,,,,,,0.22273728768430692
42,-1.0368141591185047,False,108,21,70.0,23.0,20,11,3.1,7,39,0.9,3.5,3.0,0.006,0.4,-15.713917861500232,0.8564073932268654,-0.8363694554767181,21.515149107255407,253.0,61.0,192.0,24.110671936758894,9372.119999999999,10943.53,-1571.4100000000017,2090.95,0.0,5.0,-0.5556504834999942,0.9889012651759228,0.001732616484600678,10.541519343972489,107.0,28.0,79.0,26.16822429906542,4953.98,5009.58,-55.600000000000364,884.1,0.0,1.0,,,,,,,,0.2208849547110282
43,-1.0175849801350003,False,131,20,72.0,23.0,19,9,3.3000000000000003,19,42,0.5,3.2,3.0,0.005,0.5,-10.550988081000213,0.8669749755403809,-0.7246690625564673,18.012434183423625,192.0,46.0,146.0,23.958333333333332,6876.36,7931.4400000000005,-1055.0800000000008,1236.78,0.0,1.0,4.368748922499836,1.1518529332026441,0.7618064740762096,5.528507510101345,76.0,23.0,53.0,30.263157894736842,3313.95,2877.0600000000004,436.8899999999994,451.48,0.0,6.0,,,,,,,,0.10550988081000214
44,-1.0296632150687761,False,132,19,74.0,24.0,17,8,3.7,20,42,0.5,3.1,2.5,0.009000000000000001,0.5,-3.3094723945000806,0.9765985751779966,-0.05270652286058034,20.34627779606174,205.0,54.0,151.0,26.341463414634145,13808.43,14139.310000000001,-330.880000000001,1880.26,0.0,1.0,-3.2778420105000623,0.9322885463192121,-0.2318982342493874,11.61878329324894,74.0,20.0,54.0,27.027027027027028,4512.78,4840.540000000001,-327.7600000000011,581.26,0.0,6.0,,,,,,,,0.1779792904126566
45,-1.0252708930666674,False,125,17,71.0,43.0,18,11,3.4000000000000004,19,47,0.5,3.8000000000000003,3.5,0.019,0.35,-15.162535840000437,0.9282003201030387,-0.253725763845968,32.74064643353164,214.0,47.0,167.0,21.962616822429908,19601.919999999995,21118.200000000004,-1516.2800000000097,2438.31,0.0,1.0,6.5193181079999345,1.1025296626697032,0.4902120399048012,17.665867041826523,65.0,17.0,48.0,26.153846153846153,7010.0599999999995,6358.16,651.8999999999996,718.7,0.0,3.0,,,,,,,,0.15162535840000438
46,-1.076862316490169,False,144,18,72.0,26.0,20,6,3.6,18,40,0.6,3.2,3.0,0.013000000000000001,0.65,-15.26448485450037,0.9164819123115341,-0.36059973161245723,30.684869339254917,182.0,45.0,137.0,24.725274725274726,16750.1,18276.52,-1526.420000000002,2362.51,0.0,1.0,-11.867928914500153,0.8506577506864414,-0.6955633286558733,21.676196349889906,85.0,22.0,63.0,25.88235294117647,6759.990000000001,7946.780000000002,-1186.7900000000009,924.24,0.0,3.0,,,,,,,,0.4611738989410134
47,-1.0980779065746318,False,97,19,73.0,21.0,19,8,1.9,12,26,1.6,1.7000000000000002,2.5,0.028,0.5,-1.3637507475001622,0.9761077978597409,0.00962067310867777,16.44083890736032,79.0,30.0,49.0,37.9746835443038,5571.35,5707.72,-136.3699999999999,1018.45,0.0,3.0,7.691539237500056,1.4161229590677442,1.0279104035867987,5.9294675125186895,26.0,9.0,17.0,34.61538461538461,2617.5899999999997,1848.42,769.1699999999996,349.05,0.0,0.0,,,,,,,,0.5884674394477907
48,-1.067140933260476,False,55,21,65.0,30.0,7,18,3.9000000000000004,19,43,1.7000000000000002,2.8,4.5,0.006,0.55,-14.223102495500298,0.8430054472904284,-0.8644254488202932,18.218395498044863,190.0,51.0,139.0,26.842105263157894,7637.25,9059.55,-1422.2999999999993,1402.59,0.0,3.0,-6.019246417500126,0.8395567840455053,-0.8083952844958492,11.757125878009465,78.0,21.0,57.0,26.923076923076923,3149.7400000000002,3751.6699999999996,-601.9299999999994,543.97,0.0,2.0,,,,,,,,0.40284559956285637
49,-1.078045787725462,False,132,20,72.0,35.0,21,10,3.2,4,49,0.8,2.2,1.0,0.011,0.55,-14.487245225000189,0.8285907642652713,-1.039929406997528,17.87243590093509,298.0,92.0,206.0,30.87248322147651,7003.39,8452.170000000002,-1448.7800000000016,1546.63,0.0,1.0,-8.018014259000028,0.7946167619115925,-1.241002189419579,13.53157840321141,122.0,34.0,88.0,27.868852459016395,3102.16,3903.9700000000003,-801.8100000000004,621.39,0.0,6.0,,,,,,,,0.4682747263527713
50,-1.064342994221643,False,89,16,70.0,25.0,14,5,2.5,15,35,0.6,1.9,2.0,0.024,0.3,-0.5388412135002182,0.9965660648734107,0.05781599759557294,15.17083121608005,364.0,132.0,232.0,36.26373626373626,15645.28,15699.19,-53.909999999999854,2293.62,0.0,4.0,-13.303754613000219,0.7899863925819048,-1.3001020414638291,16.893051156812415,148.0,47.0,101.0,31.756756756756758,5004.389999999999,6334.780000000001,-1330.3900000000012,847.25,0.0,3.0,,,,,,,,0.3860579653298569
51,-1.0126484469834827,False,119,20,68.0,23.0,19,9,3.2,18,37,0.7,3.4000000000000004,3.0,0.005,0.45,-3.2727396080002658,0.9555997259326096,-0.18383346978090434,11.914560135214797,183.0,45.0,138.0,24.59016393442623,7043.200000000001,7370.449999999999,-327.2499999999982,1202.55,0.0,5.0,0.13734286899991277,1.0046785498880626,0.07522677706508572,6.582365046081054,75.0,20.0,55.0,26.666666666666668,2948.4000000000005,2934.6699999999996,13.730000000000928,461.5,0.0,1.0,,,,,,,,0.07589068190089546
52,-1.0338343417805531,False,124,19,68.0,23.0,20,9,3.0,18,32,1.1,3.6,3.0,0.007,0.45,-17.23048100250029,0.8128910072008851,-0.9464902125399625,21.60687690050354,177.0,38.0,139.0,21.468926553672315,7485.579999999999,9208.59,-1723.0100000000011,1391.71,0.0,3.0,0.5896702619998178,1.0177636973087683,0.13997979077826042,11.871234590664848,63.0,16.0,47.0,25.396825396825395,3376.37,3317.44,58.929999999999836,432.97,0.0,4.0,,,,,,,,0.2030060506833189
53,-1.0240966666425002,False,134,21,69.0,21.0,18,6,3.4000000000000004,16,40,0.6,3.3000000000000003,3.5,0.005,0.5,-14.4579999855001,0.8373484148743836,-0.9673713177313681,21.02165101496642,214.0,49.0,165.0,22.897196261682243,7442.83,8888.57,-1445.7399999999998,1329.74,0.0,1.0,1.588165157499843,1.0507118176418366,0.2993329552370663,7.805504517734215,79.0,22.0,57.0,27.848101265822784,3290.22,3131.42,158.79999999999973,446.25,0.0,7.0,,,,,,,,0.144579999855001
54,-1.0035689373045706,False,111,7,66.0,24.0,17,7,3.6,20,37,0.7,3.0,2.5,0.006,0.7,4.093803792499639,1.0343952662085558,0.28185363340356046,18.781206840453848,235.0,71.0,164.0,30.21276595744681,12311.9,11902.510000000002,409.3899999999976,2736.19,0.0,3.0,1.14691931249994,1.0275156949812045,0.2177099640436412,10.406963122181418,87.0,26.0,61.0,29.885057471264368,4283.2300000000005,4168.53,114.70000000000073,844.43,0.0,1.0,,,,,,,,0.02141362382742429
55,-1.0277740149446901,False,110,10,65.0,27.0,17,9,3.5,20,37,0.7,3.0,2.5,0.008,0.75,-13.932133727500387,0.9136795173720892,-0.5161824747896013,30.91149511420032,257.0,69.0,188.0,26.848249027237355,14746.76,16139.970000000001,-1393.210000000001,3080.02,0.0,4.0,1.137426727999773,1.0213111099872063,0.19802032596614386,11.653682625931976,88.0,27.0,61.0,30.681818181818183,5452.299999999999,5338.529999999999,113.77000000000044,1045.5,0.0,1.0,,,,,,,,0.16664408966814076
56,-1.2440884214037582,False,116,7,67.0,24.0,10,10,2.2,18,35,0.9,3.2,2.5,0.006,0.25,-1.2002785425000364,0.9325463743676226,-0.17309165808249471,7.512239117914151,61.0,15.0,46.0,24.59016393442623,1659.0000000000002,1778.9999999999998,-119.99999999999955,359.19,0.0,3.0,-1.4636734345000515,0.661643012343396,-0.7245987043860043,4.1291480432644665,13.0,3.0,10.0,23.076923076923077,286.24,432.62000000000006,-146.38000000000005,71.02,0.0,1.0,,,,,,,,1.4645305284225492
57,-1.0833109606873284,False,103,12,66.0,25.0,17,8,2.9000000000000004,19,31,0.8,3.5,3.0,0.007,0.6000000000000001,-16.020393399000405,0.8636538497546297,-0.7241901749371062,23.243311906295332,215.0,50.0,165.0,23.25581395348837,10147.57,11749.579999999998,-1602.0099999999984,2052.81,0.0,5.0,-8.885330036500145,0.7866510437425869,-1.0050763905691709,17.04247754576434,73.0,16.0,57.0,21.91780821917808,3276.26,4164.82,-888.5599999999995,644.48,0.0,2.0,,,,,,,,0.4998657641239704
58,-1.128864066655469,False,92,9,66.0,27.0,16,12,3.2,20,38,0.5,3.8000000000000003,3.5,0.006,0.7,-6.094226392000237,0.9474938010583432,-0.244911781698251,20.057903384022772,218.0,51.0,167.0,23.394495412844037,10997.39,11606.82,-609.4300000000003,2166.83,0.0,5.0,-21.484111451000118,0.5277289274220496,-2.831340190073061,24.015068115512825,87.0,13.0,74.0,14.942528735632184,2400.66,4549.039999999999,-2148.379999999999,741.67,0.0,3.0,,,,,,,,0.7731843999328135
59,-1.0026786168708341,False,129,14,63.0,23.0,18,4,3.6,17,41,0.7,2.7,2.5,0.008,0.65,-1.6071701225004291,0.9901586319487623,0.016947258477467798,21.259553062476147,257.0,79.0,178.0,30.739299610894943,16163.3,16323.95,-160.65000000000146,2866.29,0.0,2.0,4.803455135999847,1.0926412336222227,0.5622370061825531,10.996105024463946,89.0,30.0,59.0,33.70786516853933,5665.76,5185.379999999999,480.380000000001,908.2,0.0,8.0,,,,,,,,0.01607170122500429
60,-1.0704602428048515,False,113,14,59.0,23.0,17,4,3.8000000000000003,18,45,0.5,2.7,2.0,0.008,0.7,-14.832502364000282,0.9142970880977679,-0.583094475613678,28.011632235333973,305.0,90.0,215.0,29.508196721311474,15824.59,17307.93,-1483.3400000000001,3309.68,0.0,6.0,-8.366621718000188,0.8496912731904405,-0.8403794117882245,19.021205925589076,100.0,28.0,72.0,28.0,4729.73,5566.41,-836.6800000000003,988.25,0.0,2.0,,,,,,,,0.42276145682910904
61,-1.0174810789582145,False,120,10,64.0,21.0,18,5,3.6,17,41,0.7,3.0,2.5,0.005,0.7,-6.059864520500196,0.9402602344831391,-0.32578631129959507,18.22674329005871,245.0,71.0,174.0,28.979591836734695,9537.209999999997,10143.16,-605.9500000000025,2252.03,0.0,4.0,0.11885951400001432,1.0034977800285005,0.071930589100504,8.833741477637075,85.0,25.0,60.0,29.41176470588235,3408.3199999999997,3396.4399999999996,11.88000000000011,637.72,0.0,2.0,,,,,,,,0.1048864737492872
62,0.15087978432744928,True,126,8,63.0,20.0,18,4,3.6,16,39,0.8,2.9000000000000004,2.5,0.006,0.7,7.657265603499617,1.0811159844054579,0.48688955885285495,8.163155506159745,199.0,65.0,134.0,32.663316582914575,10204.869999999999,9439.2,765.6699999999983,2233.96,0.0,2.0,7.9195118159998135,1.220940515478585,1.2033445158797211,7.447164619568153,79.0,29.0,50.0,36.70886075949367,4376.620000000001,3584.63,791.9900000000007,845.15,0.0,8.0,0.02375853544799944,0.055235128869646266,-0.0,0.0626984126984127,0.007657265603499618,0.004055799220272893,-0.0025253575123816313,
63,0.1034646569645445,True,126,7,63.0,20.0,18,4,3.6,16,41,0.6,2.9000000000000004,2.5,0.006,0.7,4.061556451499674,1.03487474575238,0.28111289503565856,12.393526948336822,239.0,77.0,162.0,32.21757322175732,12053.300000000001,11647.11,406.1900000000005,2824.72,0.0,2.0,5.172713919499929,1.1340960706841303,0.7757151573164963,9.446149927928726,84.0,28.0,56.0,33.333333333333336,4374.39,3857.1600000000003,517.23,931.08,0.0,8.0,0.015518141758499786,0.03352401767103258,-0.0,0.06666666666666667,0.004061556451499674,0.001743737287618996,-0.018049462870773195,
64,0.15873556742236536,True,127,8,63.0,21.0,18,4,3.6,16,39,0.8,2.9000000000000004,2.5,0.009000000000000001,0.7,12.931597188999621,1.099254211895309,0.5926735950724714,11.394647754216946,197.0,65.0,132.0,32.994923857868024,14322.37,13029.169999999998,1293.2000000000025,2858.72,0.0,2.0,11.293164117499837,1.2176342038727181,1.1861871700519873,10.734147001766086,79.0,29.0,50.0,36.70886075949367,6318.45,5189.120000000001,1129.329999999999,1138.89,0.0,8.0,0.033879492352499506,0.054408550968179537,-0.0,0.0626984126984127,0.012931597188999623,0.004962710594765452,-0.010145196380491451,
65,-1.010074430244167,False,126,8,61.0,20.0,18,4,3.6,16,39,0.8,2.7,2.0,0.009000000000000001,0.7,-6.044658146500206,0.9439030207636318,-0.22644240768631158,15.063084857711582,194.0,60.0,134.0,30.927835051546392,10170.640000000001,10775.09,-604.4499999999989,2251.67,0.0,2.0,2.9814217354997528,1.0744597956064375,0.4264205589549666,10.601692030140143,69.0,26.0,43.0,37.68115942028985,4302.179999999999,4004.04,298.1399999999994,853.3100000000001,0.0,8.0,,,,,,,,0.06044658146500206
66,0.07804495180330874,True,127,8,61.0,20.0,18,4,3.6,15,39,0.9,2.7,2.0,0.011,0.75,3.4408990499997523,1.0306893143960068,0.22983755586929888,10.747454137541675,174.0,57.0,117.0,32.758620689655174,11555.800000000001,11211.720000000003,344.0799999999981,2361.82,0.0,2.0,4.117074032499877,1.0965525328330206,0.49640113882930037,11.375988006727141,63.0,23.0,40.0,36.507936507936506,4675.7,4264.0,411.6999999999998,880.21,0.0,7.0,0.01235122209749963,0.02413813320825514,-0.0,0.05,0.0034408990499997525,0.0015344657198003377,-0.01341976827224612,
67,-1.0088559621769777,False,129,7,62.0,20.0,17,4,4.0,14,40,0.9,2.9000000000000004,2.0,0.011,0.75,-4.641074402000304,0.9555384195376148,-0.1232484381118365,14.554608862814266,166.0,51.0,115.0,30.72289156626506,9975.199999999999,10439.35,-464.15000000000146,2114.99,0.0,2.0,1.7024590670000723,1.0429387195060433,0.2562226023904356,11.580569871502203,59.0,20.0,39.0,33.898305084745765,4134.96,3964.72,170.24000000000024,778.77,0.0,7.0,,,,,,,,0.05313577306186657
68,-1.0256062770324998,False,146,8,59.0,21.0,8,4,3.8000000000000003,15,44,0.8,2.6,2.5,0.01,0.65,-15.363766219499976,0.846910539212023,-0.7146866160268235,20.94706503190497,161.0,47.0,114.0,29.19254658385093,8499.23,10035.569999999998,-1536.3399999999983,2118.19,0.0,1.0,2.329849629999844,1.0618802020534668,0.34240221222778694,10.826134008493243,62.0,25.0,37.0,40.32258064516129,3998.34,3765.3399999999997,233.00000000000045,849.67,0.0,3.0,,,,,,,,0.15363766219499975
69,-1.0511810733547622,False,138,7,60.0,20.0,16,5,3.5,13,41,1.0,2.4000000000000004,2.5,0.015,0.75,-23.565786870000156,0.7598879612327119,-1.0505018358865552,26.75241130175391,125.0,37.0,88.0,29.6,7457.89,9814.46,-2356.569999999999,2009.64,0.0,1.0,1.649894746999871,1.0543344377185992,0.2572135845185214,13.452066201938054,39.0,16.0,23.0,41.02564102564103,3201.36,3036.3799999999997,164.98000000000047,655.77,0.0,2.0,,,,,,,,0.307086440128573
70,0.12757438904850588,True,136,8,63.0,22.0,15,4,3.9000000000000004,15,39,0.6,2.9000000000000004,2.0,0.008,0.7,13.934809886499643,1.1028411845932324,0.6684544180163938,10.194443962575885,234.0,77.0,157.0,32.9059829059829,14943.089999999998,13549.629999999997,1393.460000000001,2968.94,0.0,1.0,8.823720232000014,1.1834878029000209,0.993187269546905,10.030096812633039,88.0,34.0,54.0,38.63636363636363,5691.3099999999995,4808.930000000002,882.3799999999974,1055.32,0.0,5.0,0.02647116069600004,0.04587195072500522,-0.0,0.06984126984126984,0.013934809886499644,0.005142059229661622,-0.03368686132993049,
71,0.12298240402854842,True,138,8,63.0,22.0,15,4,3.9000000000000004,15,39,0.6,2.9000000000000004,2.0,0.008,0.7,15.193898214999606,1.1147216446274628,0.7230678376513568,10.310664077213584,229.0,76.0,153.0,33.18777292576419,14764.02,13244.58,1519.4400000000005,2892.28,0.0,1.0,8.803155800000004,1.1829949196371403,0.9832522053809005,10.030096812633039,88.0,34.0,54.0,38.63636363636363,5691.01,4810.680000000002,880.3299999999981,1057.25,0.0,4.0,0.02640946740000001,0.04574872990928508,-0.0,0.06984126984126984,0.015193898214999607,0.005736082231373141,-0.03994704356837927,
72,0.04199382965794421,True,136,8,63.0,22.0,15,4,3.8000000000000003,15,39,0.6,2.7,2.0,0.008,0.65,14.698673656999745,1.1122931207294864,0.7236817873910316,9.50005912082325,237.0,82.0,155.0,34.59915611814346,14559.65,13089.759999999998,1469.8900000000012,2902.85,0.0,1.0,4.185552524499854,1.0911589455894908,0.5316822498672121,10.374552562024745,88.0,34.0,54.0,38.63636363636363,5010.34,4591.76,418.5799999999999,990.27,0.0,5.0,0.012556657573499561,0.022789736397372695,-0.0,0.06984126984126984,0.014698673656999745,0.005614656036474319,-0.08350716384767196,
73,0.03198441288445659,True,138,9,62.0,21.0,15,5,3.9000000000000004,14,39,0.6,2.9000000000000004,2.0,0.012,0.75,24.162798034999685,1.1348850088008169,0.8504231993549889,15.393540866910097,229.0,75.0,154.0,32.751091703056765,20329.32,17913.11,2416.209999999999,3631.25,0.0,1.0,4.77796192299993,1.0790191772122593,0.48041537059096345,13.373796346472567,85.0,30.0,55.0,35.294117647058826,6524.5700000000015,6046.76,477.8100000000013,1173.83,0.0,4.0,0.014333885768999789,0.019754794303064815,-0.0,0.06746031746031747,0.024162798034999686,0.006744250440040844,-0.10047163312296602,
74,-1.0164329937477545,False,135,8,57.0,22.0,14,4,3.8000000000000003,15,43,0.6,2.5,2.0,0.009000000000000001,0.7,2.3830148964997897,1.0221854316968793,0.19001340578077172,15.697208797086597,195.0,69.0,126.0,35.38461538461539,10977.74,10739.48,238.26000000000022,2598.35,0.0,1.0,-1.480670554500175,0.9620191802113977,-0.10874104241045218,12.65056789440195,73.0,28.0,45.0,38.35616438356164,3750.7299999999996,3898.8100000000004,-148.08000000000084,911.34,0.0,6.0,,,,,,,,0.09859796248652784
75,0.027393405073158295,True,150,10,63.0,20.0,12,5,4.0,16,38,0.6,2.8,1.5,0.007,0.65,1.1677847569998994,1.0109452419264904,0.12877905388027946,12.472147007980096,227.0,69.0,158.0,30.39647577092511,10787.180000000002,10670.39,116.79000000000269,1988.79,0.0,1.0,3.600672254499968,1.095786704404289,0.5324569531408342,9.834421913719794,85.0,31.0,54.0,36.470588235294116,4119.38,3759.29,360.09000000000015,708.92,0.0,0.0,0.010802016763499905,0.023946676101072262,-0.0,0.06746031746031747,0.0011677847569998994,0.000547262096324519,-0.07653065210505576,
76,-1.0300312672893681,False,142,8,64.0,22.0,15,6,3.9000000000000004,15,34,1.0,2.5,2.0,0.029,0.75,-7.327722212500376,0.943072262713043,-0.13050099635491305,20.993523920213487,163.0,53.0,110.0,32.515337423312886,12138.500000000002,12871.230000000001,-732.7299999999996,2282.39,0.0,1.0,-2.1340396580000744,0.9601515157172356,-0.053959641261303454,14.728476671103408,58.0,22.0,36.0,37.93103448275862,5143.09,5356.539999999999,-213.4499999999989,866.02,0.0,1.0,,,,,,,,0.18018760373620876
77,-1.0303180327353778,False,135,9,61.0,21.0,14,4,3.7,16,46,0.8,2.9000000000000004,2.0,0.01,0.7,9.92867900599982,1.0837906790095844,0.48954319217827486,12.121194122847708,182.0,59.0,123.0,32.417582417582416,12842.019999999999,11849.170000000002,992.8499999999967,2371.24,0.0,1.0,-4.314966872000041,0.9043035459231198,-0.3978444969664868,11.46184223687352,72.0,23.0,49.0,31.944444444444443,4077.3599999999997,4508.84,-431.4800000000005,846.55,0.0,5.0,,,,,,,,0.1819081964122673
78,0.03417659014708205,True,125,8,60.0,20.0,13,4,3.8000000000000003,13,39,1.1,2.6,1.5,0.011,0.65,1.5200024784999004,1.0205020728644911,0.14873166064024354,8.57151179994907,145.0,48.0,97.0,33.10344827586207,7566.88,7414.86,152.02000000000044,1372.19,0.0,2.0,6.193688733999916,1.2728814754112807,0.9244796201714749,7.059390177253261,45.0,19.0,26.0,42.22222222222222,2889.11,2269.74,619.3700000000003,445.91,0.0,4.0,0.018581066201999747,0.06822036885282018,-0.0,0.03571428571428572,0.0015200024784999006,0.0010251036432245564,-0.09088423674374806,
79,-1.0024544120383339,False,140,11,57.0,22.0,15,5,3.4000000000000004,14,43,0.9,2.8,2.0,0.009000000000000001,0.75,-1.4726472230002765,0.9826267675945135,-0.011981710036244299,11.566046283411291,148.0,47.0,101.0,31.756756756756758,8326.17,8473.380000000001,-147.21000000000095,1908.01,0.0,1.0,9.599305201499883,1.3548151022897377,1.3398363481500186,10.46080212681139,52.0,21.0,31.0,40.38461538461539,3665.52,2705.55,959.9699999999998,654.69,0.0,3.0,,,,,,,,0.014726472230002764
80,-1.0094682614874295,False,123,9,62.0,21.0,16,6,3.7,15,36,0.6,2.7,1.5,0.007,0.7,9.786962324499692,1.0820023360531428,0.5748448849753837,14.221339013115724,263.0,89.0,174.0,33.840304182509506,12913.33,11934.66,978.6700000000001,2683.09,0.0,4.0,-0.27081418199999463,0.9931935015401935,0.024377600468687945,12.19936331488332,89.0,29.0,60.0,32.58426966292135,3952.9300000000003,3980.0199999999995,-27.089999999999236,818.97,0.0,5.0,,,,,,,,0.05680956892457763
81,0.08975897772041097,True,126,8,60.0,20.0,12,4,3.9000000000000004,13,39,1.1,3.1,1.5,0.013000000000000001,0.65,13.854831497999932,1.170492174454476,0.7141873350780895,9.77057205682235,143.0,46.0,97.0,32.16783216783217,9512.11,8126.589999999999,1385.5200000000013,1474.85,0.0,2.0,6.709484899,1.2609744144256274,0.880694587895327,7.751189068565635,43.0,16.0,27.0,37.2093023255814,3241.94,2570.9800000000005,670.9599999999996,442.7,0.0,4.0,0.020128454697,0.06524360360640685,-0.0,0.03412698412698413,0.013854831497999931,0.008524608722723804,-0.05211950493070375,
82,-1.0045426533062822,False,130,8,64.0,20.0,11,4,3.9000000000000004,12,40,0.8,3.1,2.0,0.014000000000000002,0.7,17.162264113499585,1.112747284656313,0.6310498279635034,15.175948944647985,201.0,63.0,138.0,31.34328358208955,16938.050000000003,15221.829999999998,1716.2200000000048,2870.44,0.0,1.0,1.157015278999952,1.0213812841704222,0.19581263220323541,13.879419460905734,74.0,23.0,51.0,31.08108108108108,5527.930000000001,5412.21,115.72000000000116,957.74,0.0,8.0,,,,,,,,0.027255919837693206
83,-1.1277399252088098,False,145,7,60.0,22.0,13,5,4.0,16,38,1.2000000000000002,3.1,1.5,0.02,0.65,-6.013726269500166,0.9010302322136825,-0.26849419911963013,17.812437979359018,109.0,29.0,80.0,26.605504587155963,5474.929999999999,6076.3,-601.3700000000008,983.97,0.0,1.0,-7.877930819500016,0.6411008706190003,-1.286795013333123,11.966468300557748,32.0,9.0,23.0,28.125,1407.21,2194.9900000000007,-787.7800000000007,305.46999999999997,0.0,1.0,,,,,,,,0.7664395512528587
84,-1.000302786935834,False,127,7,63.0,20.0,12,4,3.7,13,42,0.5,2.9000000000000004,2.5,0.008,0.6000000000000001,-0.18167216150046442,0.9987614649788015,0.07509975821890447,14.252028170944616,267.0,83.0,184.0,31.086142322097377,14636.259999999998,14654.41,-18.150000000001455,3385.69,0.0,2.0,4.134888662499998,1.0765744659178247,0.5203221618393078,12.115836127744291,96.0,32.0,64.0,33.333333333333336,5812.91,5399.450000000001,413.4599999999991,1241.3799999999999,0.0,8.0,,,,,,,,0.001816721615004644
85,-1.0256562598518582,False,135,8,62.0,22.0,8,6,3.8000000000000003,14,36,0.7,3.0,2.0,0.01,0.7,4.178828668999722,1.0324563821979569,0.2555541090712604,13.910649310391218,210.0,65.0,145.0,30.952380952380953,13293.960000000001,12876.05,417.9100000000017,2649.98,0.0,1.0,-3.5737539795000153,0.9258899797180435,-0.2658122724710464,11.843656054780267,76.0,26.0,50.0,34.21052631578947,4464.660000000001,4822.02,-357.3599999999997,924.21,0.0,5.0,,,,,,,,0.1539375591111492
86,-1.0725087392242483,False,115,9,58.0,21.0,10,4,3.5,15,34,0.6,2.8,2.5,0.012,0.75,-19.326347303000365,0.8808277056191636,-0.5935836740480434,25.271755322221072,241.0,74.0,167.0,30.70539419087137,14284.699999999999,16217.36,-1932.6600000000017,3648.15,0.0,6.0,-8.005252826000179,0.8801767442417419,-0.5772374374738581,23.809106600196767,88.0,28.0,60.0,31.818181818181817,5880.32,6680.840000000001,-800.5200000000013,1456.71,0.0,1.0,,,,,,,,0.43505243534548943
87,-1.0622733697929598,False,140,9,64.0,25.0,16,5,3.5,16,40,1.1,2.7,1.5,0.025,0.65,-11.897472518000104,0.8720314763803454,-0.49961189736058165,17.381970247420348,163.0,48.0,115.0,29.447852760736197,8107.389999999999,9297.13,-1189.7399999999998,1530.93,0.0,1.0,-5.862442676000101,0.8441568798413551,-0.6130839349748509,13.54675255185196,60.0,20.0,40.0,33.333333333333336,3175.6,3761.8599999999997,-586.2599999999998,571.75,0.0,1.0,,,,,,,,0.3736402187577591
88,-1.0293389560267008,False,122,10,62.0,21.0,14,5,3.9000000000000004,11,38,0.6,2.3,2.0,0.008,0.7,-2.903143365000524,0.9805627787089937,-0.057027244349925364,15.069022160546504,300.0,108.0,192.0,36.0,14642.44,14932.689999999999,-290.2499999999982,3556.62,0.0,4.0,-3.4264131740001353,0.9316249206912927,-0.33873695803828757,16.36800613593282,99.0,35.0,64.0,35.35353535353536,4669.36,5012.0599999999995,-342.6999999999998,1122.86,0.0,5.0,,,,,,,,0.1760337361602041
89,0.02603410334570591,True,132,7,65.0,23.0,18,4,3.7,14,41,0.8,3.1,2.5,0.013000000000000001,0.65,21.859406863499682,1.1366192623222338,0.7613751723905878,18.507181766598716,191.0,61.0,130.0,31.93717277486911,18185.84,15999.939999999999,2185.9000000000015,3209.59,0.0,1.0,4.980597666499998,1.084706098444521,0.4863554758717535,14.633417813677443,70.0,23.0,47.0,32.857142857142854,6377.920000000001,5879.860000000001,498.0600000000004,1059.63,0.0,8.0,0.014941792999499994,0.021176524611130232,-0.0,0.05555555555555556,0.021859406863499686,0.006830963116111689,-0.09433013980009125,
90,-1.0166213746959472,False,117,8,61.0,20.0,11,6,4.0,15,39,0.9,2.6,2.0,0.011,0.75,-7.5741195540001724,0.9346087629230926,-0.2461260523630724,16.2640255875953,190.0,60.0,130.0,31.57894736842105,10824.619999999999,11581.98,-757.3600000000006,2403.42,0.0,6.0,1.2065450829998554,1.0248135947325347,0.2030102776966663,11.67619462076693,70.0,24.0,46.0,34.285714285714285,4983.7300000000005,4863.06,120.67000000000007,949.31,0.0,1.0,,,,,,,,0.09972824817568296
91,-1.0113784331981748,False,126,8,60.0,20.0,15,4,3.8000000000000003,13,39,1.2000000000000002,2.6,1.5,0.009000000000000001,0.6000000000000001,-2.065155157000099,0.9646176433805203,-0.1015049174705596,9.41250705382198,128.0,41.0,87.0,32.03125,5630.56,5837.089999999999,-206.52999999999884,1078.82,0.0,1.0,5.47565185899999,1.309090909090909,0.9646066930465966,6.722091481731171,40.0,17.0,23.0,42.5,2319.1200000000003,1771.5500000000002,547.5700000000002,348.42,0.0,4.0,,,,,,,,0.06827059918904867
92,-1.0484457198616335,False,125,9,60.0,21.0,13,5,3.6,10,41,1.3,2.5,1.5,0.011,0.65,0.3233601074998478,1.0056000249274681,0.07514851603921671,7.424264951853578,118.0,41.0,77.0,34.74576271186441,5809.110000000001,5776.76,32.350000000000364,1105.38,0.0,1.0,-0.44871077100004186,0.9745034279672098,-0.02577263598511173,10.356698071026829,33.0,13.0,20.0,39.39393939393939,1714.21,1759.06,-44.84999999999991,296.82,0.0,4.0,,,,,,,,0.2906743191698007
93,-1.0280772215972527,False,137,8,63.0,20.0,14,4,3.8000000000000003,13,36,1.0,2.9000000000000004,1.5,0.012,0.65,4.86320035799974,1.059578763733302,0.31441698429319326,9.40791109026725,161.0,53.0,108.0,32.91925465838509,8648.960000000001,8162.64,486.3200000000006,1519.07,0.0,1.0,-3.153174630000121,0.9062218375523096,-0.32123908359835757,8.99372449782046,60.0,21.0,39.0,35.0,3046.8900000000003,3362.1900000000005,-315.3000000000002,560.22,0.0,2.0,,,,,,,,0.16846332958351595
94,-1.1206325698947261,False,122,7,55.0,22.0,13,5,3.7,12,44,1.1,2.8,1.0,0.014000000000000002,0.7,0.1974129329999414,1.00497655350362,0.05990997678709979,10.808367311102495,107.0,31.0,76.0,28.97196261682243,3988.3600000000006,3968.6099999999997,19.75000000000091,773.05,0.0,3.0,-3.415451414500058,0.6508770495154762,-0.9956459016810624,8.885059693201738,29.0,8.0,21.0,27.586206896551722,636.74,978.28,-341.53999999999996,194.69,0.0,3.0,,,,,,,,0.7237954193683567
95,-1.0273558759304622,False,120,8,59.0,21.0,12,4,3.4000000000000004,17,35,1.1,3.0,2.5,0.017,0.7,-8.905913821500144,0.9221346842030258,-0.22244911786635888,22.724865125707023,131.0,38.0,93.0,29.00763358778626,10546.980000000001,11437.57,-890.5899999999983,2107.35,0.0,3.0,-0.8142159485000229,0.9797193442230898,0.010161868746092957,17.362803806939738,42.0,14.0,28.0,33.333333333333336,3932.76,4014.1699999999996,-81.4099999999994,706.49,0.0,1.0,,,,,,,,0.1641352555827733
96,-1.0492102457754282,False,129,7,61.0,24.0,17,4,3.9000000000000004,16,38,0.5,3.2,1.5,0.01,0.75,-8.743550773500337,0.9360386190754828,-0.32577915366825355,24.387655526015596,247.0,65.0,182.0,26.31578947368421,12797.52,13672.0,-874.4799999999996,2692.58,0.0,2.0,-5.328658294500165,0.8877336468288081,-0.5253026831453543,13.030945837703614,88.0,25.0,63.0,28.40909090909091,4213.610000000001,4746.48,-532.869999999999,903.57,0.0,8.0,,,,,,,,0.2952614746525688
97,-1.008420522075,False,133,8,63.0,22.0,18,6,3.6,14,42,1.0,2.4000000000000004,2.0,0.007,0.6000000000000001,-5.052313245000023,0.927825095643677,-0.29855697569530554,7.685968135901504,162.0,56.0,106.0,34.5679012345679,6494.720000000001,6999.9400000000005,-505.21999999999935,1548.06,0.0,1.0,3.589457771999878,1.1536436597110755,0.6771741226711394,6.438363988652161,53.0,21.0,32.0,39.62264150943396,2695.2000000000003,2336.25,358.9500000000003,500.09,0.0,5.0,,,,,,,,0.05052313245000023
98,-1.0627789375794239,False,146,9,58.0,23.0,10,5,3.8000000000000003,15,37,0.7,2.7,2.5,0.022000000000000002,0.65,-16.871664288500124,0.8864611688543288,-0.47248339897074043,25.730910500548344,194.0,57.0,137.0,29.38144329896907,13172.679999999998,14859.85,-1687.170000000002,2892.37,0.0,1.0,-5.808487153500209,0.8926342833906327,-0.38296270178486497,18.618083723677103,68.0,26.0,42.0,38.23529411764706,4829.330000000001,5410.2,-580.869999999999,1042.99,0.0,3.0,,,,,,,,0.3766736254765437
99,-1.0260203086547497,False,124,10,61.0,20.0,15,4,4.0,16,40,0.5,2.6,2.0,0.009000000000000001,0.7,17.068065071499515,1.0972007474089274,0.726491628462732,15.108138927912476,278.0,95.0,183.0,34.172661870503596,19266.110000000004,17559.33,1706.7800000000025,3855.77,0.0,4.0,-3.934184633999994,0.9273809941320773,-0.33596429171298337,19.329873533047703,93.0,30.0,63.0,32.25806451612903,5024.169999999999,5417.589999999998,-393.41999999999916,1112.32,0.0,7.0,,,,,,,,0.15612185192849778
100,-1.048573046465373,False,21,8,64.0,21.0,14,5,3.7,13,39,1.2000000000000002,2.9000000000000004,1.0,0.008,0.65,-14.46481485700042,0.9061464714820903,-0.7058291654747675,27.85052497956178,388.0,102.0,286.0,26.288659793814432,13965.91,15412.420000000002,-1446.510000000002,2420.89,0.0,4.0,-2.8055881935000433,0.9253290392984043,-0.33170938155915747,8.941030983570094,98.0,27.0,71.0,27.551020408163264,3476.5999999999995,3757.1499999999996,-280.5500000000002,594.45,0.0,4.0,,,,,,,,0.2914382787922387
101,0.07038468955397026,True,140,9,62.0,21.0,15,5,3.9000000000000004,14,38,0.6,2.8,2.0,0.012,0.75,29.56670385499963,1.1682002836456604,1.0048422192230044,13.53134552777308,225.0,76.0,149.0,33.77777777777778,20534.94,17578.269999999997,2956.670000000002,3623.8,0.0,1.0,7.542058452000129,1.1285701379217472,0.7007232026242058,13.724961280354222,84.0,31.0,53.0,36.904761904761905,6620.61,5866.37,754.2399999999998,1161.64,0.0,4.0,0.022626175356000387,0.0321425344804368,-0.0,0.06666666666666667,0.029566703854999633,0.00841001418228302,-0.08902740498641624,
102,0.06353794165038018,True,140,7,65.0,20.0,16,5,3.9000000000000004,14,38,0.6,2.8,2.5,0.013000000000000001,0.75,20.73298299399972,1.1026575154997809,0.6919916501857949,15.665359878273783,227.0,76.0,151.0,33.480176211453745,22270.440000000002,20197.059999999998,2073.3800000000047,4317.33,0.0,1.0,7.536340735500089,1.1080268282439083,0.6251067780316176,16.780597903574762,86.0,32.0,54.0,37.2093023255814,7729.85,6976.2300000000005,753.6199999999999,1431.3,0.0,4.0,0.022609022206500268,0.027006707060977075,-0.010174845163284353,0.06825396825396826,0.02073298299399972,0.005132875774989044,-0.07002276947676983,
103,0.08076314126867958,True,143,7,65.0,22.0,16,5,3.9000000000000004,15,37,0.6,3.0,2.5,0.013000000000000001,0.75,23.263523598499724,1.1154739225693346,0.7480940752988788,17.179632757514916,221.0,69.0,152.0,31.221719457013574,22472.940000000002,20146.54,2326.4000000000015,4213.36,0.0,1.0,9.546709846000049,1.1325694194689724,0.7389146414286316,16.896800556015137,80.0,28.0,52.0,35.0,8156.21,7201.51,954.6999999999998,1409.44,0.0,3.0,0.028640129538000145,0.033142354867243096,-0.010838860320086498,0.06349206349206349,0.023263523598499727,0.005773696128466732,-0.06270976603550711,
104,-1.0086389844617216,False,142,7,65.0,23.0,17,6,4.0,14,37,0.6,3.0,2.5,0.013000000000000001,0.75,19.20904140149956,1.0967017974863886,0.65044654767472,16.54173794441966,222.0,69.0,153.0,31.08108108108108,21784.719999999998,19863.85,1920.869999999999,4186.73,0.0,1.0,-0.17985169499996118,0.9974628406886534,0.1102770464842115,16.420670392197028,84.0,28.0,56.0,33.333333333333336,7080.48,7098.49,-18.01000000000022,1388.79,0.0,4.0,,,,,,,,0.05183390677032972
105,-1.0143968671825006,False,147,7,66.0,21.0,19,7,3.9000000000000004,15,35,0.7,2.8,2.5,0.013000000000000001,0.75,-8.638120309500337,0.9511583689378352,-0.18124282505013123,23.99146549323938,212.0,63.0,149.0,29.71698113207547,16823.489999999998,17687.37,-863.880000000001,3576.24,0.0,1.0,4.0201069449999345,1.0624619295650337,0.40952053485250667,14.682535367526606,78.0,29.0,49.0,37.17948717948718,6837.410000000001,6435.44,401.97000000000116,1281.94,0.0,2.0,,,,,,,,0.08638120309500337
106,-1.0469068065057225,False,140,7,79.0,22.0,16,5,3.5,14,36,0.5,3.1,2.5,0.014000000000000002,0.75,-3.7805663830003686,0.9865876704088749,0.05416959348800329,38.447778106941485,251.0,71.0,180.0,28.286852589641434,27800.610000000004,28178.550000000003,-377.9399999999987,4159.66,0.0,1.0,-9.070852870500039,0.8894270211757018,-0.3870971558901841,25.304118990847385,88.0,24.0,64.0,27.272727272727273,7296.21,8203.27,-907.0600000000004,1084.83,0.0,4.0,,,,,,,,0.2814408390343357
107,-1.0386016986688253,False,131,7,64.0,26.0,16,5,3.6,16,33,0.6,3.3000000000000003,2.5,0.015,0.75,-15.681243331000589,0.926163786649238,-0.33597870629800475,33.62622470422445,242.0,61.0,181.0,25.206611570247933,19669.07,21237.14,-1568.0699999999997,4087.4900000000002,0.0,1.0,-1.2344899100002658,0.984424497416909,0.05635165620497176,20.79261046086776,91.0,28.0,63.0,30.76923076923077,7803.09,7926.55,-123.46000000000004,1561.28,0.0,8.0,,,,,,,,0.23161019201295244
108,0.014568238486318875,True,143,9,62.0,20.0,17,6,3.9000000000000004,17,38,0.7,3.0,3.0,0.027,0.75,15.580313085499256,1.0578064685602682,0.46894919982155553,24.670169542973415,199.0,63.0,136.0,31.65829145728643,28510.55,26952.52,1558.0299999999988,4868.58,0.0,1.0,8.49109086849996,1.0853611580542133,0.5466005496059485,26.422234515140534,74.0,26.0,48.0,35.13513513513514,10796.119999999999,9947.029999999999,849.0900000000001,1696.4,0.0,3.0,0.025473272605499878,0.021340289513553323,-0.06526991151508876,0.05873015873015874,0.015580313085499257,0.0028903234280134083,-0.044176207361316965,
109,-1.0028839173291675,False,138,8,63.0,24.0,18,5,3.7,15,17,0.5,2.8,2.5,0.012,0.7,-1.730350397500497,0.9916922822896046,0.05500709458578044,24.87769464005342,271.0,86.0,185.0,31.73431734317343,20660.559999999998,20833.64,-173.08000000000175,4502.22,0.0,1.0,8.47429993899992,1.1078349282296651,0.697429277952679,16.695609011197167,104.0,39.0,65.0,37.5,8705.81,7858.4,847.4099999999999,1712.77,0.0,4.0,,,,,,,,0.01730350397500497
110,-1.1279253087832897,False,128,7,62.0,21.0,15,4,3.3000000000000003,14,40,1.4,3.2,2.5,0.017,0.75,5.520840846000046,1.0627998166262642,0.29792810562729155,15.579008868613894,94.0,26.0,68.0,27.659574468085108,9342.849999999999,8790.79,552.0599999999977,1623.23,0.0,1.0,-5.738984108000023,0.7971870306564185,-0.4792098363395621,14.91532035114905,24.0,6.0,18.0,25.0,2255.84,2829.75,-573.9099999999999,377.81,0.0,3.0,,,,,,,,0.7675518526997378
111,0.1695349104673736,True,136,8,63.0,22.0,15,4,3.8000000000000003,15,39,0.6,2.9000000000000004,2.0,0.006,0.7,8.958519776999728,1.082119076602672,0.5435926083026743,8.342970012162434,234.0,77.0,157.0,32.9059829059829,11805.14,10909.28,895.8599999999988,2514.33,0.0,1.0,9.312202719999895,1.2463849795071669,1.2857661642349283,7.736659721205699,88.0,34.0,54.0,38.63636363636363,4710.55,3779.3699999999994,931.1800000000007,895.22,0.0,5.0,0.027936608159999685,0.06159624487679172,-0.0,0.06984126984126984,0.008958519776999728,0.004105953830133602,-0.0029036860178209872,
112,0.012613551818051356,True,133,8,65.0,22.0,16,4,3.9000000000000004,15,37,0.6,2.9000000000000004,2.0,0.006,0.7,0.8820699509998303,1.00790578358209,0.11327252188122656,10.312816510941076,245.0,76.0,169.0,31.020408163265305,11236.940000000004,11148.8,88.14000000000487,2420.07,0.0,1.0,4.5954580754999,1.117593021440799,0.6675817138859544,7.478605081040113,88.0,30.0,58.0,34.09090909090909,4367.5199999999995,3907.9700000000003,459.5499999999993,805.4399999999999,0.0,7.0,0.0137863742264997,0.029398255360199743,-0.0,0.06984126984126984,0.0008820699509998304,0.0003952891791044966,-0.10168970674002226,
113,-1.0074473747486974,False,137,7,64.0,23.0,14,5,4.0,17,38,0.6,3.0,2.0,0.013000000000000001,0.7,11.020655024499575,1.0627306714146179,0.4633804106796476,18.007216333743873,227.0,71.0,156.0,31.277533039647576,18670.350000000002,17568.28,1102.0700000000033,3353.28,0.0,1.0,0.19356722149997949,1.0030815390832064,0.11917058699485297,13.825439429617473,88.0,30.0,58.0,34.09090909090909,6305.190000000001,6285.820000000001,19.3700000000008,1198.03,0.0,5.0,,,,,,,,0.044684248492184414
114,-1.0093149076075005,False,148,9,62.0,21.0,15,4,3.7,16,41,0.7,2.9000000000000004,2.5,0.006,0.75,-5.588944564500362,0.9436178733036239,-0.26884239461134607,13.043773759125072,207.0,62.0,145.0,29.95169082125604,9354.820000000002,9913.78,-558.9599999999991,2226.39,0.0,1.0,7.079812353499911,1.1985646335580709,0.9999568399521042,7.766301693871938,80.0,29.0,51.0,36.25,4273.650000000001,3565.6400000000003,708.0100000000002,874.33,0.0,1.0,,,,,,,,0.055889445645003616
115,-1.007347355251667,False,141,8,63.0,20.0,17,5,3.5,15,42,0.5,2.8,3.0,0.007,0.7,-4.408413151000132,0.9674482840114326,-0.1308204596984149,17.244424039570667,239.0,75.0,164.0,31.380753138075313,13099.539999999999,13540.3,-440.7600000000002,3153.61,0.0,1.0,3.4532425104999493,1.0706966080530593,0.46050663580368023,12.31151859561306,89.0,31.0,58.0,34.831460674157306,5230.46,4885.1,345.3599999999997,1134.59,0.0,4.0,,,,,,,,0.04408413151000132
116,-1.1662115911786366,False,130,8,61.0,20.0,19,17,3.4000000000000004,14,39,0.7,3.1,2.0,0.011,0.75,-17.417166179500438,0.7480773264097317,-1.110275296640641,21.42105140963073,123.0,33.0,90.0,26.829268292682926,5171.870000000001,6913.55,-1741.6799999999994,1676.22,0.0,1.0,-7.543632555500081,0.5649553622920944,-1.4150773466610445,10.959155103284317,30.0,9.0,21.0,30.0,979.61,1733.96,-754.35,411.36,0.0,3.0,,,,,,,,0.99726954707182
117,-1.0622048166243678,False,134,7,63.0,22.0,15,6,3.6,16,40,0.6,2.7,2.5,0.016,0.7,-16.24152334800032,0.9122798489667641,-0.40983197767103335,28.70145724925383,230.0,70.0,160.0,30.434782608695652,16890.98,18515.129999999997,-1624.1499999999978,3692.6,0.0,1.0,-6.668295792500084,0.8986627562417373,-0.3625101883343217,17.061157984369114,78.0,26.0,52.0,33.333333333333336,5913.83,6580.699999999999,-666.869999999999,1230.08,0.0,7.0,,,,,,,,0.37322889974620665
118,-1.034197529904917,False,145,7,62.0,21.0,16,7,3.8000000000000003,15,36,0.8,2.9000000000000004,2.0,0.012,0.75,-18.888945942500204,0.8278900035535631,-0.8173214261571724,23.213614402543996,170.0,48.0,122.0,28.235294117647058,9086.009999999998,10974.899999999998,-1888.8899999999994,2182.51,0.0,1.0,1.4156437614999595,1.0328894939952744,0.22135236182191184,14.598880678735501,63.0,24.0,39.0,38.095238095238095,4445.67,4304.11,141.5600000000004,880.77,0.0,3.0,,,,,,,,0.20518517942950265
119,0.07118996704145585,True,127,8,76.0,24.0,7,4,3.8000000000000003,16,37,0.6,3.1,2.5,0.015,0.7,15.10450841349957,1.0504201259893933,0.4814045112264045,29.0951216815247,248.0,71.0,177.0,28.629032258064516,31466.9,29956.49,1510.4099999999999,4289.58,0.0,3.0,8.576536067499656,1.0938162113205565,0.61236400387423,19.08055819797665,87.0,27.0,60.0,31.03448275862069,9999.810000000001,9142.130000000001,857.6800000000003,1225.81,0.0,8.0,0.02572960820249897,0.023454052830139127,-0.02331747541700943,0.06904761904761905,0.01510450841349957,0.0025210062994696636,-0.04134935233476111,
120,-1.0202003058045963,False,118,11,77.0,24.0,7,4,3.6,17,37,0.7,3.3000000000000003,3.0,0.015,0.7,-8.02987127750055,0.9606561553763389,-0.06964310996880382,28.664519644442827,176.0,46.0,130.0,26.136363636363637,19606.8,20409.8,-803.0,2696.2,0.0,4.0,0.5355557519997274,1.007051721844799,0.17988784784657114,20.784438214618376,69.0,20.0,49.0,28.985507246376812,7647.44,7593.889999999999,53.55000000000018,890.49,0.0,2.0,,,,,,,,0.12120183482757796
121,-1.0075904388487584,False,127,8,65.0,23.0,7,5,4.0,16,38,0.6,3.1,2.5,0.014000000000000002,0.7,16.39462063299956,1.0695800969823104,0.5518011834262312,19.476061615132085,241.0,73.0,168.0,30.29045643153527,25202.58,23563.06,1639.5200000000004,4417.64,0.0,3.0,0.17598245449973546,1.002180235252822,0.14008416472838656,18.74119356364242,89.0,27.0,62.0,30.337078651685392,8108.509999999999,8090.87,17.639999999999418,1404.13,0.0,8.0,,,,,,,,0.045542633092550557
122,-1.0129627466568212,False,131,9,75.0,22.0,8,4,3.9000000000000004,16,41,0.5,3.0,2.5,0.013000000000000001,0.75,27.610662245999684,1.1015037262294791,0.7665265628447103,16.353823048691634,245.0,76.0,169.0,31.020408163265305,29962.84,27201.760000000002,2761.079999999998,4087.43,0.0,1.0,-1.4601118840001073,0.9836658708440271,0.039298579329388995,18.501202048206423,93.0,27.0,66.0,29.032258064516128,8792.34,8938.339999999998,-145.99999999999818,1181.86,0.0,8.0,,,,,,,,0.07777647994092765
123,0.0995959430048569,True,135,8,64.0,25.0,9,4,3.7,14,35,0.6,3.2,2.5,0.006,0.7,11.196828438499615,1.093690304561265,0.6143905516370471,11.721144630227682,234.0,72.0,162.0,30.76923076923077,13071.01,11951.29,1119.7199999999993,2740.75,0.0,1.0,6.202818263499885,1.1532702428899706,0.8305936435035153,9.34562544705128,88.0,29.0,59.0,32.95454545454545,4667.4,4047.1,620.2999999999997,947.12,0.0,6.0,0.018608454790499652,0.03831756072249265,-0.0,0.06984126984126984,0.011196828438499616,0.0046845152280632464,-0.04305268601596811,
124,-1.1648951509837615,False,32,8,64.0,25.0,9,4,3.8000000000000003,15,35,0.6,3.2,2.0,0.006,0.7,-45.798878300500284,0.7304073777357621,-2.37948549456909,47.507106943294616,442.0,96.0,346.0,21.71945701357466,12408.46,16988.41,-4579.950000000001,2955.94,0.0,7.0,-17.965687475500108,0.6806884894503068,-2.417292672063306,24.863483488526413,119.0,27.0,92.0,22.689075630252102,3829.71,5626.2300000000005,-1796.5200000000004,1074.16,0.0,7.0,,,,,,,,0.989370905902569
125,-1.008938054685076,False,135,9,79.0,26.0,7,4,3.7,12,32,0.8,3.2,2.5,0.007,0.7,2.802710356499556,1.0201927192083728,0.2048452429699849,17.176409733681403,233.0,64.0,169.0,27.467811158798284,14159.52,13879.259999999998,280.26000000000204,2168.06,0.0,1.0,-0.212004481999993,0.995916302545022,0.054873091752708145,11.944940939307207,94.0,26.0,68.0,27.659574468085108,5157.9800000000005,5179.130000000001,-21.150000000000546,710.39,0.0,4.0,,,,,,,,0.05362832811045526
126,0.13759510234661304,True,123,8,76.0,24.0,8,4,3.5,17,36,0.7,3.0,2.5,0.005,0.7,7.172382108499642,1.0724261691152412,0.49145836472656135,10.844555723392755,233.0,70.0,163.0,30.042918454935624,10619.550000000001,9902.36,717.1900000000005,1698.75,0.0,5.0,6.410718705499894,1.187731150018009,1.0318076704858583,7.718043294521502,87.0,28.0,59.0,32.18390804597701,4056.09,3414.99,641.1000000000004,523.18,0.0,6.0,0.01923215611649968,0.04693278750450225,-0.0,0.06904761904761905,0.007172382108499642,0.0036213084557620624,-0.008411150886269647,
127,0.07671669468901225,True,122,8,75.0,25.0,8,4,3.5,17,36,0.7,3.0,2.5,0.006,0.7,9.04209833049983,1.0725855392440182,0.5184726599193448,11.832284113742844,248.0,75.0,173.0,30.241935483870968,13361.67,12457.439999999999,904.2300000000014,2210.58,0.0,5.0,4.607749728499857,1.103743380525235,0.6484655998218967,9.198527471468374,92.0,28.0,64.0,30.434782608695652,4902.21,4441.4400000000005,460.7699999999995,675.51,0.0,5.0,0.01382324918549957,0.025935845131308755,-0.0,0.07301587301587302,0.00904209833049983,0.0036292769622009117,-0.04872964793636983,
128,0.11535500739471968,True,121,12,76.0,26.0,8,4,3.5,17,36,0.7,3.0,2.5,0.005,0.7,4.36777583299985,1.0566129193219567,0.3452769446465319,9.658741649260975,188.0,56.0,132.0,29.78723404255319,8152.54,7715.73,436.8100000000004,1294.56,0.0,4.0,6.703655624499969,1.2502006278251196,1.1362588716413773,5.8199253633976005,72.0,24.0,48.0,33.333333333333336,3349.4,2679.09,670.31,383.6,0.0,3.0,0.02011096687349991,0.06255015695627991,-0.0,0.05714285714285714,0.0043677758329998505,0.0028306459660978334,-0.03164739537701496,
129,-0.023862425025447866,True,114,13,76.0,27.0,9,4,3.3000000000000003,17,33,0.9,2.9000000000000004,3.0,0.005,0.7,0.24783478499977718,1.0033572055905537,0.06830334304284576,10.851097693999218,182.0,54.0,128.0,29.67032967032967,7402.93,7378.16,24.770000000000437,1248.04,0.0,7.0,3.2979643949998536,1.093723271548282,0.5736638889649308,7.9829624311396845,90.0,28.0,62.0,31.11111111111111,3849.0199999999995,3519.190000000001,329.82999999999856,514.3,0.0,2.0,0.00989389318499956,0.02343081788707052,-0.0,0.07142857142857144,0.0002478347849997772,0.00016786027952768736,-0.12903140259061685,
130,-1.0018656836450006,False,119,15,76.0,26.0,8,5,3.4000000000000004,17,34,0.8,3.3000000000000003,2.5,0.005,0.7,-1.1194101870003215,0.9843299598344097,-0.027868211644999235,12.513364740716963,172.0,45.0,127.0,26.162790697674417,7030.999999999999,7142.9299999999985,-111.92999999999938,1124.71,0.0,4.0,2.943053886999878,1.1086408451484067,0.5155169314710105,6.588061125805443,69.0,20.0,49.0,28.985507246376812,3003.4300000000003,2709.11,294.32000000000016,377.28,0.0,2.0,,,,,,,,0.011194101870003215
131,0.1284229258597976,True,122,8,74.0,25.0,8,4,3.5,18,36,0.7,3.0,2.5,0.006,0.7,9.556369853999714,1.076713122735698,0.540280394144934,11.94695454099414,247.0,75.0,172.0,30.364372469635626,13412.539999999999,12456.93,955.6099999999988,2198.0,0.0,5.0,7.317504300499896,1.1725578883572416,0.9854787010435128,9.170576653640044,88.0,28.0,60.0,31.818181818181817,4972.219999999999,4240.49,731.7299999999996,670.71,0.0,5.0,0.021952512901499684,0.043139472089310404,-0.0,0.06984126984126984,0.009556369853999713,0.0038356561367849044,-0.019902354963066964,
132,0.10711288879611618,True,125,8,77.0,26.0,9,4,3.6,18,39,0.7,3.0,2.5,0.006,0.7,8.833242515499641,1.0728808342911558,0.5104944084091472,10.271896041557389,241.0,73.0,168.0,30.29045643153527,13002.790000000003,12119.509999999998,883.2800000000043,2042.69,0.0,3.0,5.932026174499806,1.145886565461069,0.8309579153892627,9.174624506521935,88.0,28.0,60.0,31.818181818181817,4659.53,4066.31,593.2199999999998,615.62,0.0,8.0,0.017796078523499417,0.03647164136526726,-0.0,0.06984126984126984,0.008833242515499641,0.0036440417145577886,-0.029473385163977774,
133,-1.009175770538334,False,123,12,77.0,28.0,9,4,3.5,18,34,0.7,3.1,2.5,0.006,0.65,-5.505462323000411,0.9374175844162927,-0.2763484187748921,16.637461289573583,176.0,46.0,130.0,26.136363636363637,8246.349999999999,8796.880000000001,-550.5300000000025,1269.2,0.0,4.0,3.636460156999892,1.1172597474623704,0.5599776242485085,7.664920056122512,68.0,21.0,47.0,30.88235294117647,3464.9799999999996,3101.3200000000006,363.65999999999894,439.06,0.0,6.0,,,,,,,,0.05505462323000411
134,-1.001311245962303,False,120,8,77.0,27.0,8,4,3.6,18,40,0.7,3.0,2.5,0.005,0.7,16.93263966249964,1.1786823038788419,1.04465761423652,8.067997186754884,231.0,74.0,157.0,32.03463203463203,11169.83,9476.539999999999,1693.2900000000009,1704.82,0.0,5.0,1.4517831964999641,1.0417391504374904,0.28054439574323126,8.105769722821163,89.0,26.0,63.0,29.213483146067414,3622.95,3477.79,145.15999999999985,477.87,0.0,2.0,,,,,,,,0.007867475773818675
135,-1.0017895994808337,False,125,9,78.0,26.0,9,4,3.5,19,35,0.7,2.9000000000000004,3.0,0.005,0.7,-1.0737596885002132,0.9869610202877149,-0.022895359931232446,12.684712498077358,197.0,58.0,139.0,29.441624365482234,8127.170000000001,8234.54,-107.36999999999989,1371.11,0.0,3.0,8.620076016999901,1.277940242396495,1.384954415135281,6.310141345775527,81.0,28.0,53.0,34.5679012345679,3963.57,3101.5299999999993,862.0400000000009,506.91,0.0,8.0,,,,,,,,0.010737596885002133
136,-1.0080571206099174,False,117,7,78.0,25.0,8,5,3.4000000000000004,18,36,0.7,3.0,2.5,0.007,0.65,7.9451075934995785,1.0581889654798684,0.4250312146632634,12.251732203945922,254.0,77.0,177.0,30.31496062992126,14450.109999999999,13655.51,794.5999999999985,2324.46,0.0,8.0,-0.02530776550011069,0.9995058716952717,0.07182579453024361,11.65805162686361,92.0,26.0,66.0,28.26086956521739,5097.370000000001,5099.890000000001,-2.5200000000004366,688.58,0.0,2.0,,,,,,,,0.04834272365950427
137,-1.0160982245701902,False,110,9,74.0,29.0,10,4,3.7,18,35,0.8,3.2,2.5,0.006,0.7,-7.866116487500186,0.9334426490272427,-0.3508872581869606,17.46620468970498,246.0,64.0,182.0,26.016260162601625,11032.34,11818.98,-786.6399999999994,1954.42,0.0,4.0,1.395039057999802,1.031175408326554,0.2415714888368651,11.375569915428667,95.0,27.0,68.0,28.42105263157895,4613.85,4474.36,139.4900000000007,698.54,0.0,2.0,,,,,,,,0.09658934742114086
138,-1.0441706905647663,False,130,16,73.0,26.0,8,20,3.6,17,39,0.7,3.0,2.5,0.007,0.65,3.7921495899996804,1.0371278379968727,0.2671049650678245,15.12397035479883,184.0,56.0,128.0,30.434782608695652,10592.84,10213.630000000001,379.2099999999991,1774.58,0.0,1.0,-6.5467137180001185,0.8404651434809731,-0.810675915541958,13.123654968326218,76.0,20.0,56.0,26.31578947368421,3449.0,4103.68,-654.6800000000003,600.59,0.0,2.0,,,,,,,,0.26502414338859825
139,-0.008145693965203463,True,124,14,74.0,25.0,9,5,3.7,18,37,0.6,3.1,3.0,0.006,0.7,0.4290887014996224,1.0047760104511396,0.08622235570918554,13.351448921594427,176.0,49.0,127.0,27.84090909090909,9029.5,8986.579999999998,42.92000000000189,1372.92,0.0,4.0,6.16508348099991,1.1936319695480258,0.8753461191549382,7.693669815435573,69.0,22.0,47.0,31.884057971014492,3800.5600000000004,3184.03,616.5300000000002,506.83,0.0,7.0,0.018495250442999732,0.04840799238700644,-0.0,0.05476190476190477,0.00042908870149962244,0.00023880052255698114,-0.130478730781171,
140,-1.0251217342677437,False,133,8,75.0,27.0,7,4,3.4000000000000004,17,32,0.6,3.4000000000000004,2.5,0.005,0.7,0.5982682729996305,1.006177326331744,0.09438047291384151,9.870273031630457,227.0,60.0,167.0,26.431718061674008,9745.249999999998,9685.419999999998,59.82999999999993,1636.66,0.0,1.0,-2.5855669354999558,0.9188815269359638,-0.34808866711732417,8.380732310597216,78.0,19.0,59.0,24.358974358974358,2928.9900000000007,3187.56,-258.56999999999925,442.41,0.0,7.0,,,,,,,,0.15073040560646264
141,0.07068083289180872,True,128,12,64.0,24.0,8,4,3.6,16,39,0.8,2.9000000000000004,2.5,0.006,0.7,3.9271224784996956,1.0322727485614607,0.26977658552302536,10.970167890318876,249.0,76.0,173.0,30.522088353413654,12563.1,12170.33,392.77000000000044,2362.56,0.0,1.0,2.6367768174998125,1.0643285981591124,0.4164530960275524,7.914785714122995,89.0,28.0,61.0,31.46067415730337,4362.8,4099.110000000001,263.6899999999996,755.39,0.0,8.0,0.007910330452499437,0.0160821495397781,-0.0,0.07063492063492065,0.0039271224784996955,0.0016136374280730338,-0.02948732764196219,
142,-1.000461687851667,False,126,8,76.0,25.0,18,4,3.5,16,41,0.9,2.9000000000000004,2.0,0.008,0.7,-0.2770127110002613,0.9980921662290669,0.0737955560497142,17.835005474435743,237.0,69.0,168.0,29.11392405063291,14475.69,14503.36,-27.670000000000073,2302.52,0.0,3.0,7.354958104999877,1.1509368522585015,0.8329866434873493,11.898120646815252,82.0,27.0,55.0,32.926829268292686,5608.17,4872.7,735.4700000000003,704.22,0.0,7.0,,,,,,,,0.002770127110002613
143,-1.007997185609556,False,121,7,63.0,23.0,9,5,3.7,15,37,0.8,2.8,2.5,0.007,0.7,-3.4285177435004153,0.9680864135473566,-0.11157773454228367,15.594114186606925,214.0,68.0,146.0,31.77570093457944,10399.92,10742.76,-342.84000000000015,2568.81,0.0,3.0,1.4868309774999944,1.0356171669665513,0.25895363925628057,14.491736302749905,77.0,25.0,52.0,32.467532467532465,4322.490000000001,4173.83,148.66000000000076,916.4,0.0,3.0,,,,,,,,0.047983113657336325
144,-0.001518122755091252,True,129,8,78.0,25.0,7,4,3.6,15,40,0.7,2.7,2.0,0.005,0.65,11.85114795849966,1.1350176310077875,0.8270769466597653,8.679437221670753,218.0,74.0,144.0,33.944954128440365,9962.220000000001,8777.15,1185.0700000000015,1587.28,0.0,2.0,1.8118880490000082,1.0561021671826625,0.34389723269338285,8.749525048532256,89.0,29.0,60.0,32.58426966292135,3411.2099999999996,3230.0,181.20999999999958,493.36,0.0,8.0,0.005435664147000025,0.01402554179566562,-0.0,0.07063492063492065,0.011851147958499661,0.006750881550389377,-0.11021627884156658,
145,0.12355629291698494,True,116,8,76.0,24.0,10,5,3.5,16,38,0.6,3.0,2.5,0.008,0.7,5.907164213999749,1.035655635054514,0.316566787147947,19.584279904664914,255.0,76.0,179.0,29.80392156862745,17159.829999999998,16569.050000000003,590.7799999999952,2817.11,0.0,8.0,6.021829745999931,1.101732738916772,0.6522234518695761,14.120204041001324,93.0,29.0,64.0,31.182795698924732,6521.74,5919.530000000001,602.2099999999991,868.94,0.0,2.0,0.01806548923799979,0.02543318472919298,-0.0,0.07380952380952381,0.00590716421399975,0.001782781752725704,-0.0014418508264570913,
146,-1.002761949544167,False,113,9,75.0,24.0,10,6,3.4000000000000004,17,38,0.5,3.0,2.5,0.008,0.7,-1.6571697265002694,0.9894068744717822,0.022498261351601396,20.201412934017913,241.0,69.0,172.0,28.630705394190873,15476.52,15642.22,-165.6999999999989,2429.7599999999998,0.0,5.0,5.556358901499862,1.0937329727851335,0.6217203170399832,14.00100750853213,94.0,29.0,65.0,30.851063829787233,6483.659999999999,5928.009999999999,555.6499999999996,836.16,0.0,1.0,,,,,,,,0.016571697265002693
147,-1.0152886732817186,False,117,10,76.0,26.0,8,5,3.8000000000000003,16,36,0.6,3.2,2.5,0.007,0.7,1.7242120144998079,1.0158290582908582,0.15673089246594932,14.566692599335745,189.0,53.0,136.0,28.04232804232804,11063.119999999999,10890.73,172.38999999999942,1679.53,0.0,8.0,-1.4208047075002106,0.9685998077539252,-0.0835795390331949,13.845559665744334,81.0,22.0,59.0,27.160493827160494,4383.350000000001,4525.450000000001,-142.09999999999945,601.55,0.0,2.0,,,,,,,,0.09173203969031149
148,0.08488633274706613,True,122,8,77.0,24.0,9,5,3.3000000000000003,17,43,0.5,3.1,2.5,0.006,0.7,2.8402324004998083,1.0235539201661266,0.21404689121409062,11.842658283060373,243.0,69.0,174.0,28.395061728395063,12342.31,12058.289999999997,284.02000000000226,1954.51,0.0,6.0,2.495490131499737,1.0624526049448526,0.3824909657951843,8.772836226939203,85.0,25.0,60.0,29.41176470588235,4245.209999999999,3995.67,249.53999999999905,557.16,0.0,5.0,0.0074864703944992105,0.015613151236213152,-0.0,0.06746031746031747,0.0028402324004998085,0.0011776960083063283,-0.009691534752769841,
149,-1.0337329851776627,False,106,8,74.0,25.0,9,4,3.3000000000000003,17,43,0.5,3.2,3.0,0.006,0.7,-9.16296535700012,0.9348531330316485,-0.40782960461260526,22.48262990537113,275.0,72.0,203.0,26.181818181818183,13149.130000000001,14065.45,-916.3199999999997,2326.76,0.0,4.0,-2.137658984000209,0.9561387489612294,-0.1920638652562516,12.458446197516478,99.0,26.0,73.0,26.262626262626263,4659.79,4873.55,-213.76000000000022,733.2,0.0,2.0,,,,,,,,0.20239791106597532
150,-1.0128880694533338,False,122,8,77.0,24.0,10,5,3.1,18,42,0.5,3.1,2.5,0.006,0.65,-7.732841672000304,0.9353024062976419,-0.35392186874768133,21.057566435469944,241.0,64.0,177.0,26.556016597510375,11177.93,11951.14,-773.2099999999991,1890.16,0.0,6.0,2.0197145294998333,1.0523145713464126,0.32705195510640317,8.62156642436027,82.0,24.0,58.0,29.26829268292683,4062.05,3860.1099999999997,201.9400000000005,513.97,0.0,5.0,,,,,,,,0.07732841672000304
151,-1.0186884190501895,False,115,7,78.0,23.0,9,6,3.2,16,39,0.6,3.1,2.5,0.005,0.7,0.07197412049976265,1.000692926099095,0.06284874795890583,15.207986897957568,248.0,71.0,177.0,28.629032258064516,10412.36,10405.150000000001,7.209999999999127,1896.2,0.0,8.0,-1.8074725470001793,0.951241421727308,-0.22184000094021766,10.201631623645467,91.0,24.0,67.0,26.373626373626372,3526.29,3707.0400000000004,-180.75000000000045,493.22,0.0,1.0,,,,,,,,0.1121305143011371
152,-1.0053821014405537,False,119,8,77.0,24.0,8,5,3.5,17,37,0.6,2.9000000000000004,2.5,0.008,0.7,11.525281693999732,1.0712213074438133,0.5234242602594913,15.542263853982522,250.0,78.0,172.0,31.2,17336.26,16183.640000000003,1152.6199999999953,2708.8,0.0,5.0,0.9354027659998974,1.016092760924512,0.17630497396423955,12.700731623851095,94.0,28.0,66.0,29.78723404255319,5905.459999999999,5811.93,93.52999999999884,802.56,0.0,2.0,,,,,,,,0.03229260864332189
153,0.08530296024716191,True,124,8,77.0,26.0,9,4,3.5,16,38,0.5,3.0,2.5,0.019,0.7,11.549915269499543,1.0317155900018018,0.3966004761599247,34.962160532278226,253.0,71.0,182.0,28.063241106719367,37571.12000000001,36416.159999999996,1154.9600000000137,4791.3,0.0,4.0,9.890160552999733,1.0873109971475767,0.6254353060638016,22.128588188625237,92.0,29.0,63.0,31.52173913043478,12316.200000000003,11327.210000000001,988.9900000000016,1414.63,0.0,7.0,0.029670481658999198,0.021827749286894182,-0.04073478964928707,0.07301587301587302,0.011549915269499543,0.0015857795000900898,-0.01161204883490705,
154,-1.0016766344016677,False,124,9,79.0,26.0,9,4,3.5,16,43,0.5,3.0,2.5,0.02,0.7,-1.0059806410006058,0.9963447523164323,0.14658696911908117,36.31437991998073,188.0,52.0,136.0,27.659574468085108,27405.119999999995,27505.659999999996,-100.54000000000087,3348.48,0.0,4.0,8.8899454349997,1.0742554822931163,0.5690950770528161,22.243573008220977,92.0,29.0,63.0,31.52173913043478,12861.18,11972.18,889.0,1369.35,0.0,7.0,,,,,,,,0.010059806410006058
155,-1.0091089833150007,False,121,8,75.0,27.0,8,4,3.3000000000000003,17,38,0.5,2.9000000000000004,2.5,0.023000000000000003,0.7,-5.4653899890004505,0.9846135654014972,0.09897766957567147,36.70153899186326,271.0,77.0,194.0,28.41328413284133,34971.8,35518.3,-546.5,4764.34,0.0,5.0,13.560596273999673,1.096941799176311,0.7264338663229509,26.47976569439548,98.0,31.0,67.0,31.632653061224488,15344.34,13988.29,1356.0499999999993,1710.81,0.0,3.0,,,,,,,,0.054653899890004506
156,0.12750002073063985,True,131,8,76.0,25.0,10,4,3.4000000000000004,18,40,0.5,2.9000000000000004,2.5,0.007,0.7,9.346898221499577,1.0673020147759837,0.48626905116028385,12.368791751403275,239.0,73.0,166.0,30.543933054393307,14822.05,13887.400000000001,934.6499999999978,2278.13,0.0,1.0,7.391180407499778,1.1580236988509778,0.8961206880218602,9.81049131353958,89.0,29.0,60.0,32.58426966292135,5416.099999999999,4677.0199999999995,739.0799999999999,698.32,0.0,8.0,0.022173541222499333,0.039505924712744445,-0.0,0.07063492063492065,0.009346898221499578,0.0033651007387991874,-0.017526364799823356,
157,0.07653171331052544,True,132,17,76.0,28.0,10,4,3.4000000000000004,19,40,0.6,2.8,2.5,0.007,0.65,2.8325093384996944,1.0218203720477417,0.20970081762751572,12.537914968233101,233.0,70.0,163.0,30.042918454935624,13266.580000000002,12983.279999999999,283.3000000000029,2001.12,0.0,1.0,4.0956669434999275,1.0998841703549262,0.5587480703972301,8.657337299864196,79.0,25.0,54.0,31.645569620253166,4510.46,4100.85,409.6099999999997,575.81,0.0,9.0,0.012287000830499781,0.024971042588731562,-0.0,0.0626984126984127,0.0028325093384996944,0.0010910186023870838,-0.027348270748005384,
158,-0.03191860278175052,True,136,9,76.0,26.0,10,4,3.5,18,39,0.7,3.0,2.5,0.03,0.55,25.67378310299922,1.071825508950877,0.6278459520245772,33.35649030218526,236.0,68.0,168.0,28.8135593220339,38312.51,35745.100000000006,2567.409999999996,4223.75,0.0,1.0,6.701455142999875,1.0634031147613883,0.4727830651221784,28.560879983926263,86.0,26.0,60.0,30.232558139534884,11239.820000000002,10569.669999999998,670.1500000000033,1154.24,0.0,5.0,0.020104365428999623,0.015850778690347067,-0.07749074276529294,0.06825396825396826,0.025673783102999222,0.0035912754475438515,-0.08790203094031561,
159,-1.0044293905700006,False,129,8,56.0,25.0,11,4,3.6,18,41,0.6,2.9000000000000004,2.5,0.008,0.7,-2.657634342000347,0.9771318036240101,-0.05448876654479582,17.773326064384054,204.0,62.0,142.0,30.392156862745097,11355.619999999999,11621.380000000001,-265.76000000000204,2861.2599999999998,0.0,2.0,4.791611824499905,1.1246520823036705,0.629425327088481,9.590026631113153,74.0,25.0,49.0,33.78378378378378,4323.5,3844.2999999999997,479.2000000000003,1014.63,0.0,8.0,,,,,,,,0.02657634342000347
160,-1.0216190965216676,False,125,8,73.0,27.0,11,4,3.4000000000000004,16,38,0.5,2.8,3.0,0.009000000000000001,0.65,-12.971457913000595,0.9351790310087201,-0.3730946192211396,26.924634028124792,292.0,84.0,208.0,28.767123287671232,18713.399999999994,20010.5,-1297.1000000000058,3458.7,0.0,3.0,17.354199174499733,1.2564851379791435,1.4951239346864527,11.75364636272764,96.0,34.0,62.0,35.416666666666664,8501.68,6766.24,1735.4400000000005,1117.01,0.0,8.0,,,,,,,,0.12971457913000595
161,-1.0204691931993428,False,127,8,77.0,25.0,9,5,3.2,17,40,0.5,3.1,2.5,0.006,0.7,-8.217506119500303,0.9321279899563895,-0.3713684001655491,21.580673431023442,238.0,63.0,175.0,26.470588235294116,11285.459999999997,12107.199999999999,-821.7400000000016,1897.25,0.0,3.0,0.2928480489998219,1.0073278970988941,0.10236831874107151,8.775370924553183,85.0,24.0,61.0,28.235294117647058,4022.2200000000003,3992.96,29.26000000000022,565.3,0.0,8.0,,,,,,,,0.12281515919605628
162,-1.004269820539277,False,133,8,77.0,24.0,10,4,3.3000000000000003,19,39,0.5,2.9000000000000004,2.5,0.007,0.7,-1.1906702605002646,0.9913498241843045,0.02266007975258084,15.732848785966013,243.0,71.0,172.0,29.218106995884774,13642.529999999999,13761.57,-119.04000000000087,2188.73,0.0,1.0,1.660114405000004,1.0356021683378078,0.2610679123292961,10.864352585848454,89.0,27.0,62.0,30.337078651685392,4829.510000000001,4663.480000000001,166.02999999999975,646.65,0.0,7.0,,,,,,,,0.0256189232356619
163,0.0798347449078971,True,123,9,75.0,26.0,9,5,3.5,17,41,0.6,3.0,2.5,0.005,0.7,2.7325871644996007,1.0264942272953372,0.224183884886923,13.136185783071081,244.0,71.0,173.0,29.098360655737704,10586.43,10313.19,273.2399999999998,1749.99,0.0,5.0,5.832243523499892,1.1709008755582122,0.9441266255667311,7.687784949728191,88.0,28.0,60.0,31.818181818181817,3995.9100000000003,3412.6800000000003,583.23,498.24,0.0,6.0,0.017496730570499677,0.04272521888955305,-0.0,0.06984126984126984,0.002732587164499601,0.0013247113647668618,-0.05428577292269193,
164,0.04491393393557822,True,130,8,76.0,25.0,9,4,3.6,18,38,0.5,3.1,2.5,0.006,0.7,3.8451495624997736,1.031723611029751,0.26419167350602263,9.992448758955282,241.0,69.0,172.0,28.630705394190873,12504.810000000001,12120.310000000001,384.5,1989.53,0.0,1.0,2.0591505859998325,1.054397882104896,0.3311313334362108,8.575126454237974,82.0,24.0,58.0,29.26829268292683,3990.7799999999997,3784.89,205.88999999999987,535.38,0.0,8.0,0.006177451757999498,0.013599470526224011,-0.0,0.06507936507936508,0.0038451495624997737,0.0015861805514875483,-0.045373683541997695,
165,0.0927052329519626,True,116,7,78.0,24.0,7,4,3.7,16,44,0.6,3.0,2.5,0.007,0.7,2.7712882569998873,1.0191142078576112,0.2014248299584563,16.843285774019296,258.0,77.0,181.0,29.844961240310077,14772.570000000002,14495.5,277.0700000000015,2518.17,0.0,8.0,3.18095279749994,1.0606239614616524,0.4150965393652111,11.7845288007738,94.0,28.0,66.0,29.78723404255319,5565.900000000001,5247.759999999999,318.14000000000124,756.8,0.0,2.0,0.009542858392499819,0.015155990365413097,-0.0,0.0746031746031746,0.0027712882569998873,0.0009557103928805599,-0.010323789059005365,
166,-1.0078492785390525,False,109,7,78.0,26.0,7,4,3.7,16,48,0.7,2.8,2.0,0.007,0.7,0.6588346109997837,1.0044465052614953,0.10811322229100376,19.039396244395046,283.0,86.0,197.0,30.3886925795053,14882.01,14816.130000000001,65.8799999999992,2567.74,0.0,5.0,0.031643672499867534,1.000549545203969,0.0798626730665689,13.73528611850508,107.0,32.0,75.0,29.906542056074766,5807.99,5804.8,3.1899999999996,868.2,0.0,2.0,,,,,,,,0.04709567123431529
167,-1.0451373023017447,False,115,7,80.0,40.0,8,4,3.7,16,46,0.6,2.9000000000000004,2.5,0.018000000000000002,0.7,4.683178785999425,1.0176561353138163,0.2615007626691065,31.729520634564683,212.0,66.0,146.0,31.132075471698112,26994.54,26526.190000000002,468.34999999999854,3705.6,0.0,5.0,-12.320769601500379,0.8950030763147622,-0.45699512614909027,29.006093725668496,101.0,28.0,73.0,27.722772277227723,10502.699999999997,11734.82,-1232.1200000000026,1418.95,0.0,1.0,,,,,,,,0.2708238138104684
168,-1.0058448364575432,False,119,7,63.0,23.0,7,4,3.6,16,22,0.7,3.0,2.5,0.008,0.7,5.410002634499615,1.0373707326136101,0.3076511408238232,12.838840122755435,245.0,78.0,167.0,31.836734693877553,15019.79,14478.71,541.0800000000017,3365.72,0.0,3.0,0.7335233579998749,1.0131775303174781,0.15609633765215458,16.403306437498596,93.0,29.0,64.0,31.182795698924732,5641.949999999999,5568.57,73.3799999999992,1215.05,0.0,2.0,,,,,,,,0.035069018745258945
169,-1.0294657574183659,False,112,7,78.0,25.0,7,4,3.5,15,36,0.6,3.3000000000000003,2.0,0.007,0.7,3.4812756704997443,1.0226254959237586,0.23177702944035994,22.18228190434072,256.0,70.0,186.0,27.34375,15736.11,15387.95,348.15999999999985,2474.05,0.0,4.0,-4.4831511675002735,0.9114388155230484,-0.41306504169989017,14.736270818537006,91.0,23.0,68.0,25.274725274725274,4613.84,5062.150000000001,-448.3100000000004,671.99,0.0,2.0,,,,,,,,0.17679454451019477
170,-1.0167205865176794,False,137,8,76.0,24.0,7,4,3.8000000000000003,16,34,0.7,2.8,5.0,0.009000000000000001,0.65,-9.919270169500379,0.943047528817306,-0.2709361077926353,17.99754907313439,249.0,73.0,176.0,29.31726907630522,16423.879999999997,17415.75,-991.8700000000026,2974.46,0.0,1.0,3.054753042499906,1.0488126417183736,0.3542505588352981,12.507020868884073,92.0,29.0,63.0,31.52173913043478,6563.4800000000005,6258.010000000001,305.46999999999935,1062.75,0.0,5.0,,,,,,,,0.10032351910607656
171,-1.0264518426499951,False,117,8,77.0,24.0,8,5,3.4000000000000004,17,45,0.5,3.1,2.5,0.006,0.7,8.717726333499758,1.0708343218149499,0.5000026671346839,12.058041367948107,247.0,73.0,174.0,29.554655870445345,13180.300000000001,12308.44,871.8600000000006,2068.72,0.0,8.0,-3.4319710915001815,0.9193890877657823,-0.378214285496578,11.42443528659516,90.0,24.0,66.0,26.666666666666668,3914.06,4257.240000000001,-343.18000000000075,587.67,0.0,2.0,,,,,,,,0.1587110558999711
172,-0.0296151204570898,True,121,8,77.0,25.0,11,5,3.6,17,42,0.5,3.0,2.5,0.005,0.7,0.15943495399988022,1.0016209632367983,0.06765992492604321,10.838981192782908,243.0,70.0,173.0,28.80658436213992,9843.420000000002,9827.49,15.93000000000211,1676.87,0.0,6.0,3.6866837729999498,1.1072281412063092,0.6139657142066428,7.450993981469247,88.0,27.0,61.0,30.681818181818183,3806.75,3438.0900000000006,368.6599999999994,487.25,0.0,3.0,0.011060051318999849,0.026807035301577298,-0.0,0.06984126984126984,0.00015943495399988025,8.104816183991393e-05,-0.13756396003477658,
173,-1.0053264307058338,False,126,8,79.0,23.0,12,4,3.5,19,45,0.6,2.9000000000000004,2.5,0.006,0.7,-3.1958584235002854,0.9678789578376769,-0.12472457024899139,15.882586225949769,201.0,58.0,143.0,28.855721393034827,9629.359999999999,9948.93,-319.5700000000015,1588.95,0.0,3.0,9.330621741499781,1.2647502794849532,1.272312146578632,7.536948416956038,78.0,27.0,51.0,34.61538461538461,4457.41,3524.3399999999997,933.0700000000002,575.87,0.0,8.0,,,,,,,,0.031958584235002856
174,-1.0189870920295567,False,124,9,78.0,24.0,9,5,3.7,16,40,0.6,3.2,2.5,0.029,0.7,-10.966156080500749,0.9673847125729463,0.0002543660380502966,51.68797194109551,186.0,47.0,139.0,25.268817204301076,32525.669999999995,33622.27,-1096.6000000000022,3848.22,0.0,4.0,5.322842408499674,1.0455259590590509,0.4179771880016631,28.750579679314036,82.0,25.0,57.0,30.48780487804878,12224.76,11692.45,532.3099999999995,1263.24,0.0,7.0,,,,,,,,0.11392255217734003
175,0.12229244121559786,True,131,8,75.0,26.0,8,4,3.4000000000000004,18,44,0.6,3.0,2.5,0.006,0.7,12.385539886999632,1.101653903293853,0.6837650886869446,8.50388262957701,241.0,74.0,167.0,30.70539419087137,13421.779999999999,12183.3,1238.4799999999996,2130.28,0.0,1.0,7.689668178999947,1.1943533182027266,1.0367119997344973,9.162588088461911,86.0,28.0,58.0,32.55813953488372,4725.650000000001,3956.6600000000003,768.9900000000002,604.66,0.0,8.0,0.023069004536999838,0.04858832955068165,-0.0,0.06825396825396826,0.012385539886999634,0.005082695164692653,-0.03508709617774418,
176,-1.0048538768781057,False,134,7,75.0,27.0,8,4,3.6,13,39,0.6,3.0,2.5,0.007,0.7,9.760823098999735,1.0589697689915727,0.48322037094290365,12.919126761223076,277.0,84.0,193.0,30.32490974729242,17528.289999999997,16552.21,976.0799999999981,3073.84,0.0,1.0,1.0338431035000393,1.0194205756679342,0.1872038790157537,13.854392042491378,100.0,30.0,70.0,30.0,5427.65,5324.250000000001,103.39999999999873,916.01,0.0,7.0,,,,,,,,0.029123261268634133
177,0.14771713849264653,True,130,8,74.0,26.0,8,4,3.4000000000000004,18,37,0.7,2.9000000000000004,2.5,0.005,0.65,10.732371983999563,1.0978528969523664,0.6870822226171852,7.503067393890453,263.0,83.0,180.0,31.55893536121673,12040.01,10966.87,1073.1399999999994,2048.62,0.0,1.0,7.958638568499755,1.2203171193515885,1.2458149626784987,6.084119451995019,95.0,32.0,63.0,33.68421052631579,4408.42,3612.5199999999995,795.9000000000005,627.47,0.0,8.0,0.023875915705499264,0.05507927983789712,-0.0,0.0753968253968254,0.010732371983999563,0.004892644847618322,-0.02225989927919315,
178,0.15452312606163726,True,130,9,74.0,26.0,8,4,3.4000000000000004,18,36,0.7,2.9000000000000004,3.0,0.005,0.65,6.95916371299967,1.0680119639907337,0.4817562794549461,8.10327152939186,248.0,77.0,171.0,31.048387096774192,10926.51,10230.7,695.8099999999995,1856.04,0.0,1.0,7.530712142499888,1.2401104454484297,1.2227869187363145,6.547359998766431,85.0,29.0,56.0,34.11764705882353,3889.4700000000007,3136.3900000000003,753.0800000000004,520.75,0.0,8.0,0.022592136427499663,0.060027611362107436,-0.0,0.06746031746031747,0.006959163712999671,0.0034005981995366866,-0.005916701100823675,
179,-1.0002287670233336,False,131,9,74.0,26.0,8,4,3.4000000000000004,18,36,0.7,2.7,3.0,0.005,0.6000000000000001,-0.13726021400023455,0.9985910557290537,0.04519292758876911,8.417668377959703,248.0,77.0,171.0,31.048387096774192,9688.629999999997,9702.3,-13.670000000001892,1734.53,0.0,1.0,4.676653011999861,1.1513438293878742,0.8019533500308758,6.645971097962587,85.0,29.0,56.0,34.11764705882353,3557.71,3090.0499999999997,467.6600000000003,508.11,0.0,8.0,,,,,,,,0.0013726021400023455
180,-1.0022626597825004,False,137,7,73.0,28.0,7,4,3.4000000000000004,18,44,0.8,2.8,3.0,0.005,0.65,-1.3575958695002193,0.985368519894048,-0.03706696007021308,8.294228924438734,233.0,71.0,162.0,30.472103004291846,9140.17,9275.89,-135.71999999999935,1806.16,0.0,1.0,8.827544183999908,1.2605101781846295,1.376577668040543,7.15347170044949,90.0,32.0,58.0,35.55555555555556,4271.389999999999,3388.62,882.7699999999995,702.73,0.0,5.0,,,,,,,,0.013575958695002192
181,0.14750831503205442,True,128,8,74.0,27.0,8,4,3.3000000000000003,19,35,0.7,2.9000000000000004,2.5,0.005,0.65,6.205783060499543,1.0576379529582012,0.4343840872332416,9.083558019553834,258.0,79.0,179.0,30.62015503875969,11386.709999999997,10766.17,620.5399999999972,1934.21,0.0,1.0,9.578580256499936,1.2621854581984107,1.4796122942778391,6.010461214845189,96.0,33.0,63.0,34.375,4611.18,3653.3300000000004,957.8499999999999,643.13,0.0,8.0,0.02873574076949981,0.06554636454960266,-0.0,0.0761904761904762,0.006205783060499544,0.002881897647910059,-0.03205194718593385,
182,0.041694382528070825,True,132,8,72.0,27.0,8,4,3.3000000000000003,19,35,0.7,2.9000000000000004,2.5,0.005,0.65,0.8571467199997278,1.0080626789745286,0.11041162382881739,8.545751348217983,261.0,78.0,183.0,29.885057471264368,10708.669999999996,10623.02,85.649999999996,1947.05,0.0,1.0,8.883993480499758,1.2574740624818872,1.382446659855351,7.279584239450666,92.0,32.0,60.0,34.78260869565217,4339.04,3450.6,888.44,634.22,0.0,8.0,0.026651980441499273,0.0643685156204718,-0.0,0.07301587301587302,0.0008571467199997278,0.0004031339487264307,-0.12360226721849943,
183,-1.0189133424133505,False,129,11,74.0,26.0,8,15,3.2,18,37,0.7,2.9000000000000004,2.5,0.006,0.65,0.2502439789995333,1.0027199782401743,0.07324408796384745,13.428786088922278,200.0,61.0,139.0,30.5,9216.250000000002,9191.25,25.00000000000182,1767.06,0.0,2.0,-1.7283077060001415,0.9489931737088926,-0.2102672985863605,9.741376389071844,73.0,21.0,52.0,28.767123287671232,3215.5400000000004,3388.37,-172.82999999999947,582.37,0.0,4.0,,,,,,,,0.11348005448010376
184,0.042613347418088324,True,134,9,74.0,28.0,7,4,3.3000000000000003,19,35,0.8,2.8,3.5,0.005,0.6000000000000001,1.4266611484996976,1.0147168780004847,0.14751943802127482,11.45316757258397,241.0,74.0,167.0,30.70539419087137,9839.05,9696.349999999999,142.70000000000073,1737.28,0.0,1.0,3.6533990894999446,1.1174679425345013,0.6372017010922745,7.475477350910348,83.0,27.0,56.0,32.53012048192771,3475.3700000000003,3110.04,365.3300000000004,498.35,0.0,6.0,0.010960197268499833,0.02936698563362533,-0.0,0.06587301587301587,0.0014266611484996979,0.0007358439000242356,-0.06574935640557665,
185,0.11805679105610165,True,128,8,75.0,25.0,8,4,3.5,18,36,0.7,2.9000000000000004,2.0,0.005,0.7,12.264015063999633,1.1172786144059854,0.7878270339029908,9.280500756512222,252.0,80.0,172.0,31.746031746031747,11683.74,10457.32,1226.42,1872.79,0.0,1.0,6.7630940864998585,1.184087537596799,1.0892868379197738,6.5288662834254385,97.0,32.0,65.0,32.98969072164948,4350.16,3673.85,676.31,613.0,0.0,8.0,0.020289282259499577,0.04602188439919974,-0.0,0.07698412698412699,0.012264015063999633,0.0058639307202992715,-0.04336644837102356,
186,0.06270010884248156,True,128,8,75.0,27.0,8,5,3.4000000000000004,18,36,0.7,2.7,2.0,0.005,0.65,1.9240473259997997,1.018474752547985,0.17922802037358002,11.018463839893236,266.0,83.0,183.0,31.203007518796994,10605.51,10413.130000000001,192.3799999999992,1838.55,0.0,1.0,5.449821718499879,1.1529615834781168,0.9154660105201585,6.617792877080526,97.0,33.0,64.0,34.02061855670103,4107.76,3562.79,544.9700000000003,598.58,0.0,8.0,0.016349465155499635,0.03824039586952921,-0.0,0.07698412698412699,0.0019240473259997998,0.0009237376273992459,-0.07172166412007332,
187,0.10373924576646303,True,131,8,74.0,25.0,8,4,3.5,18,34,0.8,2.9000000000000004,2.0,0.005,0.7,16.25314301449958,1.1599780309987333,1.0349575840032674,7.8964964471413905,246.0,80.0,166.0,32.520325203252035,11785.11,10159.77,1625.3400000000001,1867.88,0.0,1.0,6.6686671049999315,1.1840455919082642,1.0672998246504026,6.832000399943626,96.0,32.0,64.0,33.333333333333336,4290.33,3623.45,666.8800000000001,617.64,0.0,7.0,0.020006001314999793,0.04601139797706605,-0.0,0.0761904761904762,0.016253143014499583,0.007998901549936667,-0.06272067428051527,
188,0.158789048416793,True,131,9,73.0,26.0,8,4,3.1,18,34,0.8,2.9000000000000004,2.0,0.005,0.7,7.118692598499655,1.0743805970383171,0.5114350759998938,10.318579087822409,234.0,72.0,162.0,30.76923076923077,10282.8,9570.91,711.8899999999994,1674.34,0.0,1.0,8.074476751999955,1.2723394065309925,1.3385121335621655,6.9857101529650985,82.0,29.0,53.0,35.36585365853659,3772.4100000000003,2964.9399999999996,807.4700000000007,509.03,0.0,7.0,0.02422343025599986,0.06808485163274813,-0.0,0.06507936507936508,0.0071186925984996555,0.003719029851915856,-0.009436321001735587,
189,0.14014816491253257,True,131,9,73.0,27.0,8,4,3.1,18,35,0.8,2.8,2.0,0.005,0.7,5.7935778034996295,1.0608029332658924,0.428557609571516,10.684131276882189,237.0,74.0,163.0,31.223628691983123,10108.720000000001,9529.310000000001,579.4099999999999,1679.61,0.0,1.0,6.263063942499938,1.213147559506388,1.0586838290560723,7.044110197812651,82.0,29.0,53.0,35.36585365853659,3564.64,2938.3399999999997,626.3000000000002,506.65,0.0,8.0,0.018789191827499815,0.05328688987659702,-0.0,0.06507936507936508,0.00579357780349963,0.0030401466632946185,-0.005841006337723594,
190,-1.0035488256016671,False,128,10,72.0,27.0,8,5,3.1,19,33,0.8,2.8,2.0,0.005,0.7,-2.1292953610002585,0.9771219607046902,-0.09108501688223859,13.338233897598437,233.0,68.0,165.0,29.184549356223176,9095.53,9308.49,-212.95999999999913,1590.0,0.0,1.0,8.651675498999904,1.28784798586596,1.441108896099704,7.523883139511144,84.0,30.0,54.0,35.714285714285715,3870.640000000001,3005.5099999999998,865.130000000001,494.15,0.0,7.0,,,,,,,,0.021292953610002587
191,0.16748593292846567,True,131,9,73.0,26.0,8,4,3.0,18,34,0.8,2.9000000000000004,2.0,0.005,0.7,7.874712694999543,1.0823551312729038,0.5585354532667449,10.31828199007336,233.0,72.0,161.0,30.901287553648068,10349.220000000001,9561.76,787.460000000001,1678.44,0.0,1.0,8.067011522999964,1.27208982306556,1.3397213829920611,6.9857101529650985,82.0,29.0,53.0,35.36585365853659,3771.6700000000005,2964.9399999999996,806.7300000000009,510.75,0.0,7.0,0.024201034568999892,0.06802245576638999,-0.0,0.06507936507936508,0.007874712694999543,0.004117756563645192,-0.001809391744934028,
192,0.03987228440269262,True,131,10,73.0,26.0,8,4,2.9000000000000004,18,34,0.8,2.9000000000000004,2.0,0.005,0.7,9.672760937499643,1.099921390063332,0.6672432210481933,10.088042800690653,234.0,73.0,161.0,31.196581196581196,10648.019999999999,9680.71,967.3099999999995,1683.74,0.0,1.0,3.1563627124999405,1.1010335412792354,0.5641477164172741,7.614533233996662,84.0,27.0,57.0,32.142857142857146,3439.86,3124.21,315.6500000000001,471.85,0.0,7.0,0.009469088137499821,0.02525838531980884,-0.0,0.06666666666666667,0.009672760937499643,0.004996069503166601,-0.07619068616194895,
193,-1.002525316805834,False,139,9,73.0,27.0,8,4,3.0,18,35,0.8,2.8,2.0,0.005,0.7,-1.5151900835002925,0.9833777982719059,-0.05043111522337037,14.073006691319891,233.0,70.0,163.0,30.042918454935624,8956.9,9108.3,-151.39999999999964,1548.91,0.0,1.0,3.548830920499877,1.1164115063262487,0.6242196682724194,8.021499658456056,84.0,28.0,56.0,33.333333333333336,3403.2799999999997,3048.41,354.8699999999999,547.23,0.0,4.0,,,,,,,,0.015151900835002926
194,-1.0184854241157013,False,134,9,73.0,26.0,8,4,3.1,18,31,0.9,2.9000000000000004,2.0,0.006,0.7,-2.79130408450017,0.973707124010554,-0.10052913378260521,14.141825988127128,226.0,65.0,161.0,28.761061946902654,10332.98,10612.0,-279.02000000000044,1689.3799999999999,0.0,1.0,-1.0214871935001246,0.9735761364900848,-0.07904033393345197,10.14600140611213,85.0,25.0,60.0,29.41176470588235,3762.2,3864.3100000000004,-102.11000000000058,580.45,0.0,3.0,,,,,,,,0.11091254469420794
195,0.05052008132341241,True,129,9,74.0,27.0,8,4,2.9000000000000004,19,36,0.8,2.7,2.0,0.005,0.7,1.6605053899997984,1.0173506749573389,0.1630886580399004,12.29195425083316,243.0,76.0,167.0,31.275720164609055,9741.56,9575.419999999998,166.14000000000124,1619.61,0.0,2.0,5.159953931499968,1.1712306946924094,0.9005034507632874,7.081171462889421,84.0,29.0,55.0,34.523809523809526,3529.41,3013.4199999999996,515.9900000000002,477.5,0.0,8.0,0.015479861794499903,0.04280767367310234,-0.0,0.06666666666666667,0.0016605053899997986,0.0008675337478669443,-0.07696215994872324,
196,-1.0086910483108336,False,127,9,75.0,26.0,8,5,3.0,19,33,0.8,2.8,2.0,0.006,0.65,-5.214628986500193,0.9543266978050995,-0.23713056019858347,16.05354699419248,244.0,70.0,174.0,28.688524590163933,10896.34,11417.830000000002,-521.4900000000016,1859.42,0.0,3.0,6.158415408999844,1.159496857300464,0.8975802266455172,9.222004777017947,88.0,29.0,59.0,32.95454545454545,4477.200000000001,3861.33,615.8700000000008,594.02,0.0,7.0,,,,,,,,0.05214628986500193
197,0.023421555943735753,True,132,13,72.0,28.0,8,4,3.2,18,37,0.7,3.0,2.0,0.005,0.7,1.1009543694997046,1.0117474584517683,0.12644718757186893,9.65391544753957,231.0,66.0,165.0,28.571428571428573,9482.34,9372.24,110.10000000000036,1455.11,0.0,1.0,3.734302852999845,1.127619802683963,0.6585759021005345,8.33122464506045,76.0,24.0,52.0,31.57894736842105,3299.7200000000003,2926.27,373.4500000000003,430.63,0.0,8.0,0.011202908558999533,0.03190495067099075,-0.0,0.06031746031746032,0.0011009543694997046,0.0005873729225884139,-0.08169209089580297,
198,-1.0138173544675007,False,137,10,75.0,26.0,21,5,3.1,18,37,0.7,2.9000000000000004,2.0,0.006,0.75,-8.290412680500358,0.9217333678214522,-0.4252513728611115,13.78173789123656,230.0,64.0,166.0,27.82608695652174,9763.94,10593.02,-829.0799999999999,1677.94,0.0,1.0,3.0976443749998905,1.0807846880468601,0.4646480137323953,7.807318666641555,86.0,27.0,59.0,31.3953488372093,4144.15,3834.39,309.75999999999976,572.84,0.0,5.0,,,,,,,,0.08290412680500359
199,0.022475738973415274,True,126,9,74.0,25.0,8,4,3.0,20,34,0.8,2.9000000000000004,2.0,0.006,0.65,1.0876967479996347,1.0095950246974874,0.12437591493978474,16.810989713658238,237.0,70.0,167.0,29.535864978902953,11448.01,11339.210000000003,108.79999999999745,1831.5,0.0,3.0,5.457623026499913,1.1361868286780026,0.8106383575985953,8.915023597528746,89.0,29.0,60.0,32.58426966292135,4553.780000000001,4007.9500000000003,545.8300000000004,603.04,0.0,7.0,0.01637286907949974,0.034046707169500645,-0.0,0.07063492063492065,0.0010876967479996346,0.00047975123487437044,-0.10014620589337976,
200,0.1272248273077297,True,129,8,73.0,26.0,7,4,3.1,19,32,0.7,3.0,2.0,0.005,0.4,11.295696863499797,1.1188864401321066,0.7795364861009001,7.311224897561922,248.0,76.0,172.0,30.64516129032258,10631.01,9501.42,1129.5900000000001,1538.43,0.0,2.0,6.921053115499907,1.215258728470395,1.1319042187663164,6.749718799127908,90.0,30.0,60.0,33.333333333333336,3907.47,3215.3399999999997,692.1300000000001,499.35,0.0,8.0,0.02076315934649972,0.05381468211759877,-0.0,0.07142857142857144,0.011295696863499799,0.005944322006605329,-0.036021604455045375,
201,0.11767464629631323,True,129,8,73.0,26.0,7,4,2.8,19,36,0.7,3.0,2.0,0.005,0.35,4.209053306499827,1.0458825593955428,0.3383120442466712,11.071640002655283,254.0,74.0,180.0,29.133858267716537,9595.460000000001,9174.51,420.9500000000007,1428.23,0.0,2.0,6.505692817499893,1.2158587531066154,1.1006350825244242,6.199087795385355,88.0,30.0,58.0,34.09090909090909,3664.27,3013.73,650.54,460.19,0.0,8.0,0.01951707845249968,0.05396468827665385,-0.0,0.06984126984126984,0.004209053306499827,0.002294127969777138,-0.03215157155038711,
202,0.11754654671128117,True,130,8,73.0,45.0,7,4,2.7,19,29,0.7,3.0,2.0,0.005,0.25,3.699124004999758,1.0458723675544535,0.32561197680883147,11.107756406307352,256.0,72.0,184.0,28.125,8432.21,8062.37,369.83999999999924,1185.43,0.0,0.0,6.172803621999992,1.2304243795189942,1.1519567518635998,6.626870668803889,92.0,31.0,61.0,33.69565217391305,3296.2699999999995,2678.97,617.2999999999997,404.35,0.0,4.0,0.018518410865999976,0.05760609487974855,-0.0,0.07301587301587302,0.003699124004999758,0.002293618377722673,-0.037586574433062805,
203,0.052242698829449735,True,135,8,73.0,33.0,7,4,3.1,19,32,0.7,2.8,2.0,0.005,0.25,3.7440851989997643,1.045074972497647,0.3369056032806359,8.643928285916617,275.0,84.0,191.0,30.545454545454547,8682.880000000001,8308.380000000001,374.5,1273.74,0.0,0.0,1.8774226220000672,1.0696212624091912,0.38638079180844725,7.297671032268957,92.0,31.0,61.0,33.69565217391305,2884.3300000000004,2696.5899999999997,187.7400000000007,380.49,0.0,6.0,0.005632267866000201,0.0174053156022978,-0.0,0.07301587301587302,0.0037440851989997644,0.002253748624882346,-0.0498085914786034,
204,-1.0009345240000003,False,130,8,71.0,36.0,7,4,2.6,20,28,0.8,2.9000000000000004,2.0,0.005,0.3,-0.5607144000001244,0.9934242937508505,0.005215813280388729,11.84969010524104,256.0,73.0,183.0,28.515625,8469.26,8525.32,-56.05999999999949,1302.78,0.0,0.0,7.297816363499879,1.2625946782289548,1.3404738928474893,7.250359024888223,90.0,31.0,59.0,34.44444444444444,3508.94,2779.15,729.79,447.62,0.0,5.0,,,,,,,,0.005607144000001244
205,-1.010494196994167,False,132,8,73.0,41.0,7,5,2.7,19,28,0.7,3.0,2.0,0.005,0.35,-6.296518196500164,0.9292533073851262,-0.4157173635142786,16.96692944650831,251.0,67.0,184.0,26.693227091633467,8270.15,8899.78,-629.630000000001,1377.74,0.0,0.0,5.297101021999952,1.1759448094437766,0.9417431037578944,6.694983321823278,89.0,29.0,60.0,32.58426966292135,3540.37,3010.66,529.71,478.62,0.0,5.0,,,,,,,,0.06296518196500164
206,0.10863096579155199,True,129,8,72.0,44.0,7,4,2.7,19,31,0.7,2.9000000000000004,2.0,0.006,0.4,3.520155499499742,1.0317736377633817,0.2653036886540862,12.245540038414092,263.0,77.0,186.0,29.277566539923953,11431.990000000002,11079.939999999999,352.0500000000029,1793.0,0.0,0.0,10.606101479499904,1.2830225433896203,1.4938724835132975,8.051313319320002,96.0,34.0,62.0,35.416666666666664,4808.05,3747.440000000001,1060.6099999999992,622.31,0.0,4.0,0.03181830443849971,0.07075563584740507,-0.0,0.0761904761904762,0.0035201554994997424,0.0015886818881690858,-0.07524228807249782,
207,-1.0205060216876924,False,134,9,73.0,29.0,7,4,2.8,19,30,0.8,2.8,2.0,0.006,0.35,0.34191412449983544,1.0035498643218375,0.07757726337890077,13.90241509409523,239.0,69.0,170.0,28.87029288702929,9659.889999999998,9625.720000000001,34.169999999996435,1387.47,0.0,1.0,-1.9669736925001235,0.9414652871387889,-0.2442987029119429,8.901051679684096,87.0,26.0,61.0,29.885057471264368,3163.86,3360.5700000000006,-196.7100000000005,453.95,0.0,4.0,,,,,,,,0.12303613012615475
208,-1.003168999708334,False,128,8,74.0,38.0,7,4,2.9000000000000004,20,25,0.7,3.0,2.0,0.005,0.3,-1.9013998250003352,0.978726593603771,-0.0885427351516929,13.777537161777738,262.0,72.0,190.0,27.480916030534353,8749.16,8939.330000000002,-190.1700000000019,1295.35,0.0,1.0,4.2646758589999445,1.1462803085651174,0.7711435104498201,6.686610762961791,90.0,30.0,60.0,33.333333333333336,3341.9,2915.43,426.47000000000025,440.8,0.0,6.0,,,,,,,,0.019013998250003352
209,-1.0060808007333335,False,132,8,72.0,31.0,20,5,2.6,19,35,0.9,2.8,2.0,0.006,0.25,-3.648480440000094,0.9477388647701768,-0.25376319561272465,15.722292261490217,218.0,63.0,155.0,28.89908256880734,6616.8,6981.67,-364.8699999999999,1030.39,0.0,0.0,1.7762310969999453,1.0669167240970254,0.3843682309587494,6.2234097130418675,85.0,27.0,58.0,31.764705882352942,2833.08,2655.39,177.69000000000005,393.58,0.0,6.0,,,,,,,,0.03648480440000094
210,-1.007083608100411,False,139,8,73.0,25.0,7,4,2.5,18,30,0.7,2.9000000000000004,2.0,0.005,0.4,2.4050388004997876,1.026310723574977,0.21774651795618108,10.386732519588191,253.0,76.0,177.0,30.039525691699605,9383.21,9142.66,240.54999999999927,1511.17,0.0,1.0,0.16434058750000985,1.0053732689674106,0.07781735496769736,8.018736460033562,89.0,27.0,62.0,30.337078651685392,3076.0299999999997,3059.59,16.4399999999996,474.13,0.0,4.0,,,,,,,,0.0425016486024661
211,-1.0059798910791675,False,126,8,74.0,45.0,8,4,2.7,18,36,0.8,3.0,2.0,0.005,0.45,-3.5879346475004783,0.9618742866373493,-0.18957758006355013,15.74407444819443,246.0,67.0,179.0,27.235772357723576,9050.91,9409.66,-358.75,1511.88,0.0,1.0,7.111549556499922,1.201798989841666,1.1460168507916062,6.538619673975571,96.0,32.0,64.0,33.333333333333336,4235.38,3524.2000000000003,711.1799999999998,589.52,0.0,4.0,,,,,,,,0.035879346475004785
212,-1.001152827194167,False,130,9,74.0,26.0,8,4,2.8,19,34,0.7,2.9000000000000004,2.0,0.005,0.55,-0.6916963165002562,0.9929435607312982,0.00807480559259126,11.664222374110784,249.0,71.0,178.0,28.514056224899598,9730.41,9799.56,-69.14999999999964,1581.45,0.0,1.0,7.672165116499928,1.2433687549563839,1.2856731478005798,6.514466622114412,87.0,30.0,57.0,34.48275862068966,3919.7200000000003,3152.5,767.2200000000003,496.09,0.0,8.0,,,,,,,,0.006916963165002562
213,-1.002703080812623,False,136,8,73.0,25.0,7,4,3.2,18,35,0.7,3.1,2.0,0.006,0.35,2.1484165864998976,1.0207604033847228,0.1879920233093502,14.266684591815567,249.0,70.0,179.0,28.11244979919679,10567.320000000003,10352.4,214.9200000000037,1518.69,0.0,1.0,1.1001062819998515,1.032970590880475,0.2140984335247777,8.497904024026019,84.0,25.0,59.0,29.761904761904763,3445.68,3335.7,109.98000000000002,455.9,0.0,5.0,,,,,,,,0.016218484875738196
214,-1.0024908071025005,False,123,9,75.0,35.0,8,4,3.0,18,27,0.7,3.0,2.0,0.007,0.3,-1.494484261500238,0.9858689218398671,-0.021208896494095474,17.628363127738407,251.0,66.0,185.0,26.294820717131476,10426.529999999999,10575.980000000001,-149.45000000000255,1396.64,0.0,3.0,5.944858304999907,1.1534549959990708,0.8489206148661246,9.03816408767374,93.0,29.0,64.0,31.182795698924732,4468.6,3874.1000000000004,594.5,494.09000000000003,0.0,6.0,,,,,,,,0.01494484261500238
215,-1.008019799259167,False,128,8,75.0,27.0,7,5,2.9000000000000004,19,37,0.8,3.0,4.0,0.005,0.5,-4.811879555500254,0.9515209958797229,-0.2642994080240084,14.565804344193412,237.0,65.0,172.0,27.426160337552744,9442.98,9924.09,-481.1100000000006,1697.05,0.0,1.0,8.009567517999967,1.2363823105801244,1.2662789776471437,7.326458452782747,88.0,29.0,59.0,32.95454545454545,4189.16,3388.2399999999993,800.9200000000005,593.72,0.0,8.0,,,,,,,,0.04811879555500254
216,0.07128722995824298,True,133,8,74.0,26.0,8,4,3.4000000000000004,18,36,0.7,2.9000000000000004,2.0,0.005,0.35,7.842502432499732,1.0847999031117772,0.584037811355264,6.873036823550893,262.0,81.0,181.0,30.916030534351144,10031.980000000001,9247.77,784.210000000001,1473.76,0.0,1.0,3.696969201999927,1.1159406654749584,0.6499125324924113,6.931419787465005,92.0,30.0,62.0,32.608695652173914,3558.4,3188.7000000000003,369.6999999999998,477.96999999999997,0.0,7.0,0.01109090760599978,0.0289851663687396,-0.0,0.07301587301587302,0.007842502432499732,0.00423999515558886,-0.05388721462045802,
217,0.029794594794180312,True,125,9,76.0,26.0,7,4,3.3000000000000003,20,33,0.8,3.0,4.5,0.006,0.4,1.2013176299997395,1.0131663909508197,0.13099476868242654,13.501927317760783,182.0,53.0,129.0,29.12087912087912,9241.810000000001,9121.71,120.10000000000218,1423.56,0.0,3.0,3.168921739499856,1.0835321063437802,0.48201796659657026,8.579338938367995,82.0,25.0,57.0,30.48780487804878,4111.04,3794.11,316.92999999999984,540.11,0.0,7.0,0.009506765218499568,0.02088302658594504,-0.0,0.06507936507936508,0.0012013176299997396,0.0006583195475409865,-0.06753419926717011,
218,0.11213910766780448,True,130,8,72.0,25.0,8,5,3.4000000000000004,8,36,0.7,2.7,2.0,0.006,0.7,4.003207568499547,1.0288385824644417,0.271222083578391,11.27250083246141,304.0,99.0,205.0,32.56578947368421,14281.01,13880.71,400.3000000000011,2949.43,0.0,1.0,3.467286393499781,1.069481319694222,0.49014644458845136,10.012334053416932,113.0,38.0,75.0,33.6283185840708,5337.3,4990.55,346.75,987.23,0.0,8.0,0.010401859180499342,0.017370329923555528,-0.0,0.0896825396825397,0.004003207568499547,0.0014419291232220855,-0.010760757810511716,
219,-1.013493982660648,False,135,8,73.0,26.0,8,4,3.1,17,35,1.8,3.1,1.5,0.008,0.25,5.415007025499854,1.1276152501072256,0.5171959530419412,7.165628142721757,130.0,38.0,92.0,29.23076923076923,4784.9,4243.38,541.5199999999995,497.03000000000003,0.0,1.0,-0.4889939975000197,0.9701223462116677,-0.07087681777747899,5.882180483547263,48.0,13.0,35.0,27.083333333333332,1587.4500000000003,1636.34,-48.889999999999645,176.17,0.0,1.0,,,,,,,,0.08096389596388814
220,0.1262482187109864,True,127,9,71.0,25.0,7,4,3.5,17,10,0.7,2.9000000000000004,2.0,0.007,0.7,3.3557083424995837,1.0220881789642033,0.22881509416076115,17.470904079458844,263.0,79.0,184.0,30.03802281368821,15529.710000000001,15194.099999999999,335.6100000000024,2559.15,0.0,3.0,18.304516798499826,1.3895248249136538,1.9823294939015046,9.11325275124264,92.0,34.0,58.0,36.95652173913044,6529.53,4699.11,1830.42,805.5,0.0,7.0,0.05491355039549948,0.09738120622841345,-0.0,0.07301587301587302,0.003355708342499584,0.0011044089482101672,-0.1035225282195093,
221,0.146813506484791,True,127,9,72.0,25.0,7,4,3.5,17,50,0.7,2.9000000000000004,2.0,0.007,0.7,7.428407812499699,1.0520080031699048,0.4060548810609839,13.288179897200825,253.0,78.0,175.0,30.8300395256917,15027.24,14284.34,742.8999999999996,2401.43,0.0,3.0,12.749142444499848,1.2380808318486896,1.4215318847644425,9.169417204124763,99.0,34.0,65.0,34.343434343434346,6629.7,5354.82,1274.88,885.85,0.0,8.0,0.03824742733349954,0.05952020796217239,-0.0,0.07857142857142857,0.007428407812499699,0.002600400158495242,-0.039554365353304456,
222,0.146813506484791,True,127,9,72.0,25.0,7,4,3.5,17,50,0.7,2.9000000000000004,2.0,0.007,0.7,7.428407812499699,1.0520080031699048,0.4060548810609839,13.288179897200825,253.0,78.0,175.0,30.8300395256917,15027.24,14284.34,742.8999999999996,2401.43,0.0,3.0,12.749142444499848,1.2380808318486896,1.4215318847644425,9.169417204124763,99.0,34.0,65.0,34.343434343434346,6629.7,5354.82,1274.88,885.85,0.0,8.0,0.03824742733349954,0.05952020796217239,-0.0,0.07857142857142857,0.007428407812499699,0.002600400158495242,-0.039554365353304456,
223,-1.0048802210758339,False,128,9,72.0,25.0,7,4,3.5,17,16,0.7,2.8,2.0,0.007,0.7,-2.9281326455003365,0.9795753497765824,-0.05990735917415547,14.112232708195013,269.0,80.0,189.0,29.739776951672862,14041.380000000001,14334.150000000001,-292.77000000000044,2357.34,0.0,1.0,13.733999382499823,1.2774062456447925,1.5739713191664344,9.046423007016664,98.0,35.0,63.0,35.714285714285715,6324.399999999999,4950.97,1373.4299999999985,860.39,0.0,6.0,,,,,,,,0.029281326455003365
224,0.15169770481966285,True,126,10,71.0,25.0,7,4,3.4000000000000004,17,50,0.6,2.9000000000000004,2.0,0.008,0.7,18.068987900999545,1.1080510235629062,0.7645072992970416,13.851054241162924,249.0,79.0,170.0,31.72690763052209,18529.349999999995,16722.47,1806.8799999999937,2712.82,0.0,3.0,11.585778380999837,1.206636333964125,1.2006395350911148,10.38042497704036,94.0,32.0,62.0,34.04255319148936,6765.26,5606.710000000001,1158.5499999999993,897.71,0.0,8.0,0.034757335142999515,0.051659083491031266,-0.0,0.0746031746031746,0.018068987900999544,0.0054025511781453095,-0.03279342749668737,
225,0.17035732142145688,True,125,10,70.0,25.0,7,4,3.4000000000000004,17,50,0.6,2.9000000000000004,2.0,0.008,0.7,17.970553064499402,1.1043331247104338,0.7600379813019247,15.931176785149697,258.0,82.0,176.0,31.782945736434108,19021.099999999995,17224.06,1797.0399999999936,2876.87,0.0,3.0,12.96632046299981,1.2253764472556679,1.3107688426071848,10.38042497704036,96.0,33.0,63.0,34.375,7049.75,5753.13,1296.62,925.23,0.0,8.0,0.03889896138899943,0.056344111813916964,-0.0,0.0761904761904762,0.017970553064499403,0.005216656235521689,-0.02426343727195682,
226,0.12852957358545228,True,123,10,72.0,24.0,7,5,3.4000000000000004,17,50,0.6,2.8,2.0,0.009000000000000001,0.7,6.880206551499706,1.039336866841627,0.34602876487225653,18.343817176588757,254.0,78.0,176.0,30.708661417322833,18177.690000000002,17489.7,687.9900000000016,2710.07,0.0,4.0,13.147354467999758,1.2198286528313749,1.242459526840658,11.614469180382208,91.0,32.0,59.0,35.16483516483517,7295.6,5980.84,1314.7600000000002,875.03,0.0,6.0,0.03944206340399927,0.05495716320784372,-0.0,0.07222222222222223,0.006880206551499706,0.0019668433420813483,-0.04693892514219399,
227,0.1599507133863238,True,123,10,70.0,24.0,7,5,3.3000000000000003,17,49,0.6,2.8,2.0,0.008,0.7,9.080603634499566,1.0539854210764144,0.44406032727930544,19.531928746891943,266.0,83.0,183.0,31.203007518796994,17726.77,16818.800000000003,907.9699999999975,2801.08,0.0,4.0,14.43624408349966,1.2608521248915874,1.472733162656998,10.396967533176028,93.0,33.0,60.0,35.483870967741936,6978.060000000001,5534.400000000001,1443.6600000000008,865.51,0.0,6.0,0.04330873225049898,0.06521303122289684,-0.0,0.07380952380952381,0.009080603634499567,0.002699271053820718,-0.034160448584916105,
228,0.1566140204647356,True,123,10,70.0,24.0,7,5,3.3000000000000003,17,50,0.6,2.8,2.0,0.008,0.7,8.723136113999681,1.0519557874284717,0.4307211081427712,19.549113088593526,266.0,83.0,183.0,31.203007518796994,17661.17,16788.890000000003,872.2799999999952,2796.63,0.0,4.0,14.419512148999711,1.260585294978694,1.4671766235006651,10.399260324012175,93.0,33.0,60.0,35.483870967741936,6975.6,5533.62,1441.9800000000005,870.21,0.0,6.0,0.04325853644699913,0.0651463237446735,-0.0,0.07380952380952381,0.008723136113999682,0.002597789371423587,-0.036921289021884095,
229,0.16095848297731924,True,123,10,70.0,24.0,7,5,3.3000000000000003,17,50,0.6,2.7,2.0,0.009000000000000001,0.7,10.291310569999624,1.0517146155288075,0.46540972892972615,23.824750474590633,280.0,89.0,191.0,31.785714285714285,20927.68,19898.630000000005,1029.0499999999956,3290.51,0.0,4.0,12.211227509499786,1.2017449515851102,1.167516927694115,11.711120039216064,93.0,33.0,60.0,35.483870967741936,7274.03,6052.890000000001,1221.1399999999985,929.02,0.0,6.0,0.036633682528499356,0.05043623789627755,-0.0,0.07380952380952381,0.010291310569999624,0.002585730776440376,-0.012798002603421474,
230,0.07825327746335461,True,123,10,70.0,24.0,7,6,3.3000000000000003,17,50,0.6,2.6,2.0,0.009000000000000001,0.7,3.547547253499397,1.0184932202992292,0.22716896295886968,24.103673981659128,284.0,91.0,193.0,32.04225352112676,19540.76,19185.95,354.8099999999977,3221.1,0.0,4.0,7.462618660999796,1.126861535741486,0.7711148457437451,11.815140633253563,92.0,32.0,60.0,34.78260869565217,6628.469999999999,5882.240000000001,746.2299999999987,896.8,0.0,5.0,0.02238785598299939,0.03171538393537149,-0.0,0.07301587301587302,0.0035475472534993967,0.0009246610149614587,-0.05333804373935013,
231,0.11024033572955601,True,124,11,70.0,25.0,7,5,3.2,17,50,0.6,2.7,2.0,0.009000000000000001,0.7,8.81524293349954,1.0488999793071732,0.418860967328903,21.284561765982613,260.0,82.0,178.0,31.53846153846154,18907.02,18025.57,881.4500000000007,2883.81,0.0,4.0,6.471131024499755,1.1086874000618108,0.6787177862178218,12.552929586550162,95.0,33.0,62.0,34.73684210526316,6600.770000000001,5953.679999999999,647.090000000002,909.14,0.0,7.0,0.019413393073499263,0.027171850015452692,-0.0,0.0753968253968254,0.00881524293349954,0.002444998965358658,-0.023001974655079548,
232,0.15696819451372426,True,120,10,71.0,24.0,7,5,3.3000000000000003,17,49,0.6,2.8,2.0,0.009000000000000001,0.7,11.137653729999657,1.0644488346631298,0.49333935984631494,18.885722437813797,254.0,80.0,174.0,31.496062992125985,18394.57,17280.84,1113.7299999999996,2750.86,0.0,4.0,10.352920022999768,1.1601699989324785,0.9881746609144815,11.651216382108936,97.0,33.0,64.0,34.02061855670103,7498.839999999999,6463.57,1035.2699999999995,971.28,0.0,2.0,0.031058760068999304,0.04004249973311963,-0.0,0.07698412698412699,0.011137653729999659,0.0032224417331564894,-0.005477287735677817,
233,0.11174665682415802,True,121,10,69.0,24.0,7,6,3.2,17,49,0.6,2.8,2.0,0.01,0.7,6.779126111499554,1.0336384305373756,0.3287596082163004,24.615869341677694,270.0,84.0,186.0,31.11111111111111,20831.060000000005,20153.14,677.9200000000055,3326.71,0.0,4.0,5.838950387999721,1.086193865711696,0.5751911672372864,13.017490212521931,95.0,31.0,64.0,32.63157894736842,7358.289999999999,6774.38,583.909999999999,982.13,0.0,2.0,0.01751685116399916,0.021548466427924018,-0.0,0.0753968253968254,0.006779126111499555,0.0016819215268687794,-0.011176533802958903,
234,0.12806039306011385,True,121,10,71.0,24.0,7,5,3.3000000000000003,17,49,0.6,2.7,2.0,0.009000000000000001,0.7,7.008446765999597,1.038960475822246,0.3518595748568433,21.7535064572631,266.0,84.0,182.0,31.57894736842105,18689.059999999998,17988.23,700.8299999999981,2912.99,0.0,4.0,10.774884718999692,1.1757819573526747,1.0454715694596342,11.72474912842476,94.0,33.0,61.0,35.1063829787234,7207.32,6129.81,1077.5099999999993,919.02,0.0,3.0,0.032324654156999075,0.043945489338168664,-0.0,0.0746031746031746,0.007008446765999598,0.0019480237911122967,-0.03176939559534037,
235,0.14039149357519573,True,120,10,71.0,24.0,7,5,3.3000000000000003,17,49,0.6,2.6,2.0,0.009000000000000001,0.7,16.988395180999614,1.0926067463752789,0.7002905523617052,17.89913684567161,272.0,92.0,180.0,33.8235294117647,20042.209999999995,18343.479999999996,1698.7299999999996,3078.37,0.0,4.0,10.623844868999894,1.1652684420204749,1.0082831648121915,11.811664324062813,101.0,36.0,65.0,35.64356435643565,7490.8,6428.39,1062.4099999999999,984.31,0.0,2.0,0.03187153460699968,0.041317110505118715,-0.0,0.08015873015873017,0.016988395180999614,0.004630337318763944,-0.03457461419541639,
236,0.10186657725869531,True,119,10,71.0,23.0,7,6,3.3000000000000003,17,49,0.6,2.6,2.0,0.009000000000000001,0.7,16.079982365999822,1.0865277666419317,0.6709065718123218,17.848030187186378,274.0,93.0,181.0,33.941605839416056,20191.63,18583.629999999997,1608.0000000000036,3154.9,0.0,4.0,7.7985395359998435,1.1197127642754405,0.7730673647870301,12.672148761523777,101.0,35.0,66.0,34.65346534653465,7294.38,6514.51,779.8699999999999,966.34,0.0,1.0,0.02339561860799953,0.029928191068860133,-0.0,0.08015873015873017,0.016079982365999824,0.004326388332096587,-0.05202233327499092,
237,0.10778914965967822,True,120,10,71.0,24.0,7,5,3.3000000000000003,17,49,0.6,2.7,2.0,0.01,0.7,12.564512732999663,1.06458857777643,0.518277237349835,20.98126254539968,261.0,84.0,177.0,32.18390804597701,20709.58,19453.13,1256.4500000000007,3089.15,0.0,4.0,7.71128666899971,1.1111252013868675,0.7270042649884377,12.864340947549682,97.0,33.0,64.0,34.02061855670103,7710.52,6939.38,771.1400000000003,1009.18,0.0,2.0,0.02313386000699913,0.027781300346716886,-0.0,0.07698412698412699,0.012564512732999664,0.003229428888821495,-0.035904079299985944,
238,0.1632886723333593,True,123,10,70.0,23.0,7,5,3.3000000000000003,17,48,0.6,2.7,2.0,0.009000000000000001,0.7,13.42896294749942,1.0666945452504677,0.5718820858887774,23.847518340571888,277.0,89.0,188.0,32.12996389891697,21477.82,20134.93,1342.8899999999994,3335.83,0.0,4.0,11.647813692499785,1.1905301691987593,1.1216035345983708,11.72255044101801,94.0,33.0,61.0,35.1063829787234,7278.33,6113.52,1164.8099999999995,939.38,0.0,6.0,0.03494344107749935,0.04763254229968983,-0.0,0.0746031746031746,0.013428962947499422,0.003334727262523385,-0.010654175857027283,
239,0.11697541209934072,True,122,10,70.0,23.0,7,5,3.2,17,50,0.6,2.6,2.0,0.009000000000000001,0.7,9.046881647999507,1.047165394561228,0.4258860581570507,22.2035532365724,288.0,95.0,193.0,32.986111111111114,20085.470000000005,19180.800000000003,904.6700000000019,3283.32,0.0,4.0,6.93310005849984,1.1168626485877837,0.7203788948055191,11.805421048006421,95.0,33.0,62.0,34.73684210526316,6625.8099999999995,5932.52,693.289999999999,894.67,0.0,5.0,0.02079930017549952,0.02921566214694593,-0.0,0.0753968253968254,0.009046881647999508,0.002358269728061402,-0.019841526995991055,
240,-1.0009708716740786,False,119,10,70.0,24.0,7,5,3.3000000000000003,17,48,0.6,2.5,2.0,0.01,0.7,10.590896446499592,1.0477036815502705,0.45695651860063935,25.818090214378426,302.0,102.0,200.0,33.77483443708609,23261.179999999997,22202.059999999998,1059.119999999999,3853.92,0.0,4.0,3.0733179624997864,1.0438835084533047,0.3552355069213897,15.478664193830285,102.0,35.0,67.0,34.31372549019608,7311.12,7003.769999999999,307.3500000000013,1035.3,0.0,2.0,,,,,,,,0.005825230044471769
241,0.1400837101321607,True,124,10,71.0,23.0,7,5,3.3000000000000003,17,50,0.6,2.7,2.0,0.008,0.7,7.632338056499538,1.0474212736766169,0.39659993539128957,18.65251458648411,259.0,82.0,177.0,31.66023166023166,16856.58,16093.41,763.1700000000019,2616.78,0.0,4.0,10.793528940499817,1.2016729944245976,1.1532705814412816,10.524128115678915,92.0,33.0,59.0,35.869565217391305,6431.450000000001,5352.08,1079.3700000000008,858.61,0.0,7.0,0.03238058682149945,0.05041824860614941,-0.0,0.07301587301587302,0.007632338056499538,0.002371063683830843,-0.02573440005169155,
242,0.12050586864739293,True,124,10,71.0,23.0,7,6,3.3000000000000003,17,48,0.6,2.7,2.0,0.008,0.7,5.88338392499947,1.0362423219335486,0.327677457616874,20.39827299885508,258.0,81.0,177.0,31.3953488372093,16819.560000000005,16231.3,588.2600000000057,2657.82,0.0,4.0,7.300319531999867,1.1328853221112103,0.8155640198635931,12.474910239142831,93.0,32.0,61.0,34.40860215053763,6223.969999999999,5493.91,730.0599999999995,866.32,0.0,6.0,0.021900958595999602,0.03322133052780257,-0.0,0.07380952380952381,0.005883383924999471,0.0018121160966774299,-0.016121444307609947,
243,0.11030999616813164,True,123,11,70.0,24.0,7,5,3.4000000000000004,17,50,0.6,2.7,2.0,0.009000000000000001,0.7,5.545486049499541,1.0307839715064797,0.3006125011689074,23.6558717927383,259.0,81.0,178.0,31.274131274131275,18568.460000000003,18013.92,554.5400000000045,2852.82,0.0,4.0,10.189553284499725,1.1692989655779704,1.0071781092814365,11.729124997390475,94.0,33.0,61.0,35.1063829787234,7037.8,6018.82,1018.9800000000005,928.4,0.0,6.0,0.030568659853499172,0.042324741394492604,-0.0,0.0746031746031746,0.005545486049499541,0.0015391985753239858,-0.044271264307858264,
244,0.16164296130142006,True,121,10,71.0,23.0,7,5,3.3000000000000003,17,50,0.6,2.6,2.0,0.009000000000000001,0.7,10.134580926499783,1.0560224709038613,0.4655281593883565,20.491679925802206,273.0,90.0,183.0,32.967032967032964,19102.57,18089.17,1013.4000000000015,2986.55,0.0,4.0,11.655339491999857,1.1889035474418486,1.1118889576326496,11.818481035955013,97.0,35.0,62.0,36.08247422680412,7335.63,6170.079999999999,1165.550000000001,945.59,0.0,3.0,0.03496601847599957,0.04722588686046214,-0.0,0.07698412698412699,0.010134580926499784,0.002801123545193063,-0.010468775490861478,
245,0.14615372158544937,True,124,10,69.0,23.0,7,5,3.2,17,50,0.6,2.6,2.0,0.009000000000000001,0.7,10.622198628499465,1.0559431314965637,0.4822603562049382,22.051063934681878,282.0,93.0,189.0,32.97872340425532,20049.149999999998,18986.960000000003,1062.189999999995,3268.56,0.0,4.0,9.307281235999817,1.1604244984633734,0.9315991908786572,11.796666826054551,94.0,34.0,60.0,36.170212765957444,6732.4,5801.67,930.7299999999996,916.29,0.0,7.0,0.02792184370799945,0.04010612461584334,-0.0,0.0746031746031746,0.010622198628499465,0.0027971565748281858,-0.009896776544895678,
246,0.12225279506826611,True,125,10,70.0,23.0,7,6,3.2,17,50,0.6,2.6,2.0,0.01,0.7,6.142536021499509,1.0297915016796548,0.31284129473234323,22.256862880500815,281.0,91.0,190.0,32.38434163701068,21234.620000000003,20620.31,614.3100000000013,3405.13,0.0,3.0,6.837134976499729,1.1069584383364073,0.6684731496730205,12.821614523195471,95.0,33.0,62.0,34.73684210526316,7076.420000000001,6392.67,683.7500000000009,980.61,0.0,7.0,0.020511404929499186,0.02673960958410182,-0.0,0.0753968253968254,0.006142536021499509,0.0014895750839827417,-0.008027155947642545,
247,0.1015981445390183,True,125,11,69.0,23.0,7,5,3.3000000000000003,17,48,0.6,2.5,2.0,0.008,0.7,4.3943322144995545,1.0253402740414859,0.26734271783730157,23.67987142831331,283.0,93.0,190.0,32.86219081272085,17780.59999999999,17341.17,439.429999999993,3010.02,0.0,3.0,9.974724503999768,1.182781847699812,1.0917367864938194,10.660715792796498,99.0,37.0,62.0,37.37373737373738,6454.889999999999,5457.379999999999,997.5100000000002,923.65,0.0,8.0,0.029924173511999302,0.045695461924952996,-0.0,0.07857142857142857,0.004394332214499554,0.0012670137020742934,-0.05825426538593641,
248,-1.0010401504892301,False,118,10,71.0,23.0,7,5,3.2,17,50,0.6,2.5,2.0,0.008,0.7,3.9594494704996217,1.0226697656312613,0.24914245774092472,23.102439116766327,293.0,98.0,195.0,33.44709897610922,17864.199999999997,17468.199999999997,396.0,3079.72,0.0,4.0,2.524220000999885,1.0434470519178503,0.3377469860101929,11.390758710218448,103.0,35.0,68.0,33.980582524271846,6061.77,5809.369999999999,252.40000000000146,887.78,0.0,2.0,,,,,,,,0.006240902935380752
249,0.17892415171167134,True,125,10,70.0,23.0,7,5,3.4000000000000004,17,49,0.6,2.6,2.0,0.009000000000000001,0.7,12.05366126649962,1.0623037114685228,0.5298863136929067,18.622251680316314,284.0,94.0,190.0,33.098591549295776,20551.88,19346.519999999997,1205.3600000000042,3281.67,0.0,3.0,13.101207274499686,1.22120575099832,1.2491180038616028,11.80023657093015,95.0,35.0,60.0,36.8421052631579,7232.53,5922.449999999999,1310.0800000000008,952.46,0.0,8.0,0.03930362182349905,0.05530143774958002,-0.0,0.0753968253968254,0.012053661266499621,0.003115185573426138,-0.006246580098158904,
250,0.15564981354182322,True,126,11,70.0,23.0,7,5,3.3000000000000003,17,49,0.6,2.6,2.0,0.009000000000000001,0.7,17.698809634999634,1.0951110337225867,0.7268307131842142,17.248530731062324,264.0,89.0,175.0,33.71212121212121,20377.18,18607.410000000003,1769.7699999999968,3097.22,0.0,3.0,11.891647471999713,1.1967216368987064,1.1437211430329104,12.618448914359714,98.0,36.0,62.0,36.734693877551024,7234.290000000001,6045.09,1189.2000000000007,965.98,0.0,8.0,0.03567494241599914,0.04918040922467659,-0.0,0.07777777777777778,0.017698809634999636,0.004755551686129334,-0.029437677197759263,
251,0.17477549661877528,True,126,10,70.0,23.0,7,5,3.3000000000000003,17,49,0.6,2.6,2.0,0.009000000000000001,0.7,16.098527584499735,1.0825281341251352,0.668280963968024,18.771062843794574,279.0,94.0,185.0,33.691756272401435,21116.399999999994,19506.559999999998,1609.8399999999965,3333.4,0.0,3.0,13.09729660649966,1.2211253385200345,1.2528939237521368,11.80023657093015,95.0,35.0,60.0,36.8421052631579,7232.53,5922.839999999999,1309.6900000000005,952.75,0.0,8.0,0.03929188981949897,0.055281334630008616,-0.0,0.0753968253968254,0.016098527584499735,0.004126406706256758,-0.01541948751831421,
252,0.011558111955730378,True,126,11,69.0,22.0,7,6,3.2,17,47,0.6,2.5,2.0,0.009000000000000001,0.7,0.8567296234994501,1.0045007347119759,0.12418208341856399,26.359422638287057,280.0,91.0,189.0,32.5,19120.340000000004,19034.67,85.67000000000553,3227.0,0.0,3.0,7.206215975499726,1.1263372898294088,0.7623923127430832,11.860870192443649,95.0,35.0,60.0,36.8421052631579,6424.289999999999,5703.7,720.5899999999992,893.36,0.0,7.0,0.021618647926499177,0.03158432245735221,-0.0,0.0753968253968254,0.0008567296234994502,0.00022503673559879367,-0.11812345018404466,
253,0.17283877926338836,True,126,10,69.0,23.0,7,5,3.3000000000000003,17,49,0.6,2.6,2.0,0.009000000000000001,0.7,14.61656756199971,1.0747780316572848,0.6167278926389453,18.910252669466963,282.0,95.0,187.0,33.687943262411345,21007.159999999993,19545.579999999998,1461.5799999999945,3390.57,0.0,3.0,12.531364559499725,1.2120549085703265,1.208657192587261,11.80023657093015,95.0,35.0,60.0,36.8421052631579,7162.590000000001,5909.46,1253.130000000001,955.18,0.0,8.0,0.037594093678499176,0.053013727142581624,-0.0,0.0753968253968254,0.014616567561999711,0.0037389015828642406,-0.011521336099381788,
254,0.11137293657497781,True,120,10,69.0,23.0,7,6,3.3000000000000003,17,49,0.6,2.6,2.0,0.01,0.65,9.28702326099965,1.0467211015903373,0.42065081160139933,21.676947217447168,283.0,94.0,189.0,33.21554770318021,20806.899999999994,19878.17,928.7299999999959,3343.05,0.0,4.0,6.729581092999706,1.099763403432726,0.6519467853046172,14.322912259159217,99.0,34.0,65.0,34.343434343434346,7418.630000000001,6745.659999999999,672.9700000000021,991.34,0.0,1.0,0.020188743278999118,0.024940850858181485,-0.0,0.07857142857142857,0.009287023260999649,0.0023360550795168632,-0.023951164474147874,
255,0.1755558671847187,True,126,10,70.0,22.0,7,5,3.4000000000000004,17,49,0.6,2.6,2.0,0.009000000000000001,0.7,15.861857375499586,1.0808716232959055,0.6608399551402896,19.215404148351254,277.0,93.0,184.0,33.57400722021661,21199.199999999993,19613.06,1586.1399999999921,3350.79,0.0,3.0,13.09729660649966,1.2211253385200345,1.2528939237521368,11.80023657093015,95.0,35.0,60.0,36.8421052631579,7232.53,5922.839999999999,1309.6900000000005,952.75,0.0,8.0,0.03929188981949897,0.055281334630008616,-0.0,0.0753968253968254,0.015861857375499586,0.004043581164795274,-0.014319621201909176,
256,0.14930807724187303,True,126,11,70.0,22.0,7,5,3.4000000000000004,17,49,0.6,2.6,1.5,0.01,0.75,19.601250820999795,1.1057897858547214,0.7778298487095923,17.84373960079372,263.0,89.0,174.0,33.840304182509506,20489.19,18529.010000000006,1960.179999999993,2884.95,0.0,3.0,11.804863759499822,1.1938464165952318,1.093827368189201,13.360589117090829,98.0,36.0,62.0,36.734693877551024,7269.88,6089.46,1180.42,905.79,0.0,8.0,0.03541459127849947,0.04846160414880796,-0.0,0.07777777777777778,0.019601250820999797,0.005289489292736072,-0.037236636076948035,
257,0.1478194602520554,True,126,11,70.0,22.0,7,6,3.4000000000000004,17,48,0.6,2.5,1.5,0.008,0.75,7.589070561499593,1.046300053390283,0.40831679296014717,20.061075810631408,277.0,92.0,185.0,33.2129963898917,17147.550000000003,16388.75,758.8000000000029,2691.59,0.0,3.0,7.8831012214998735,1.1510063193059683,0.9090787619316891,11.257475191861625,100.0,37.0,63.0,37.0,6008.839999999999,5220.509999999999,788.3299999999999,831.03,0.0,7.0,0.02364930366449962,0.03775157982649208,-0.0,0.07936507936507936,0.007589070561499593,0.0023150026695141547,-0.0028505758350294026,
258,0.10641317692350025,True,126,11,70.0,22.0,7,6,3.4000000000000004,17,47,0.6,2.5,1.5,0.008,0.75,4.648134360499716,1.0288550715820812,0.28391998843503524,20.004978061085612,277.0,91.0,186.0,32.851985559566785,16573.6,16108.78,464.8199999999979,2628.59,0.0,3.0,7.783962998499755,1.1544615909690708,0.899789619102029,11.274552449102213,96.0,36.0,60.0,37.5,5817.99,5039.57,778.4200000000001,777.3,0.0,7.0,0.023351888995499264,0.03861539774226769,-0.0,0.0761904761904762,0.004648134360499716,0.0014427535791040613,-0.037835473944346686,
259,0.12826100130790533,True,126,11,70.0,22.0,7,5,3.4000000000000004,17,48,0.6,2.6,1.5,0.009000000000000001,0.75,22.52792290749965,1.1269526483995878,0.9189838203108357,14.573126766829303,266.0,91.0,175.0,34.21052631578947,19997.199999999997,17744.489999999998,2252.709999999999,2851.42,0.0,3.0,10.354391809499756,1.1811324583361755,1.044402881714432,12.33842264634387,99.0,36.0,63.0,36.36363636363637,6752.049999999998,5716.59,1035.4599999999982,874.56,0.0,8.0,0.03106317542849927,0.04528311458404388,-0.0,0.07857142857142857,0.02252792290749965,0.006347632419979388,-0.05553227260354542,
260,0.08699117718686714,True,126,11,70.0,22.0,7,7,3.4000000000000004,17,48,0.6,2.4000000000000004,1.5,0.01,0.75,5.928734589999694,1.0317204712382764,0.3159365266267145,22.40347991844474,280.0,94.0,186.0,33.57142857142857,19284.95,18692.030000000002,592.9199999999983,2970.48,0.0,3.0,3.994117364999747,1.066320854656009,0.4540061406605781,13.543456801117204,101.0,37.0,64.0,36.633663366336634,6421.96,6022.539999999999,399.420000000001,917.21,0.0,7.0,0.011982352094999241,0.016580213664002252,-0.0,0.08015873015873017,0.005928734589999694,0.0015860235619138186,-0.02924487688277804,
261,-1.0035441906791671,False,122,10,68.0,22.0,7,6,3.3000000000000003,16,49,0.6,2.4000000000000004,1.5,0.009000000000000001,0.75,-2.126514407500272,0.9883711331188444,-0.00045415043803297194,25.393411040327674,308.0,102.0,206.0,33.116883116883116,18078.84,18291.550000000003,-212.71000000000276,3118.77,0.0,4.0,3.5647897754997397,1.0633664492711115,0.4399896886869739,13.305250133997207,98.0,35.0,63.0,35.714285714285715,5982.17,5625.690000000001,356.47999999999865,892.15,0.0,4.0,,,,,,,,0.02126514407500272
262,0.1385390291889689,True,127,11,69.0,22.0,7,6,3.4000000000000004,17,48,0.6,2.5,1.5,0.008,0.75,6.909101470999612,1.0409516764409164,0.3785302012852508,22.016122212154272,285.0,94.0,191.0,32.98245614035088,17561.75,16870.86,690.8899999999994,2842.01,0.0,3.0,8.665902723499821,1.1677305472436526,0.9871173377022341,10.458445783886907,99.0,37.0,62.0,37.37373737373738,6033.219999999998,5166.619999999999,866.5999999999995,836.86,0.0,7.0,0.025997708170499463,0.04193263681091314,-0.0,0.07857142857142857,0.0069091014709996125,0.0020475838220458177,-0.0169194296569177,
263,0.13596849032527702,True,125,10,70.0,21.0,7,6,3.3000000000000003,16,49,0.6,2.6,1.0,0.009000000000000001,0.75,14.940017710999781,1.1012502871750178,0.7371337518664619,16.09631000440767,287.0,95.0,192.0,33.10104529616725,16249.84,14755.81,1494.0300000000007,2264.56,0.0,3.0,9.130026552999862,1.1975433122659127,1.0356549101298826,10.12426460227706,95.0,34.0,61.0,35.78947368421053,5534.65,4621.669999999999,912.9800000000005,656.57,0.0,7.0,0.027390079658999585,0.04938582806647818,-0.0,0.0753968253968254,0.014940017710999782,0.005062514358750892,-0.03620677486677682,
264,-1.0034457314658338,False,128,11,70.0,22.0,7,5,3.4000000000000004,17,47,0.5,2.3,1.5,0.008,0.75,-2.0674388795003504,0.9868351267875913,-0.016778928838757135,18.612361626254316,289.0,97.0,192.0,33.56401384083045,15499.419999999998,15706.189999999999,-206.77000000000044,2552.54,0.0,1.0,9.535713745999782,1.1824248314494963,1.096912726105016,10.065803317241274,101.0,40.0,61.0,39.603960396039604,6180.44,5226.919999999999,953.5200000000004,851.02,0.0,8.0,,,,,,,,0.020674388795003506
265,0.15908425965745496,True,122,10,71.0,23.0,7,5,3.3000000000000003,17,49,0.6,2.6,1.5,0.01,0.65,13.193748916499734,1.0755004732621207,0.5811943807037139,18.85029392986272,278.0,92.0,186.0,33.093525179856115,18793.789999999997,17474.46,1319.329999999998,2648.27,0.0,4.0,10.978612118499859,1.1901148453951014,1.0523051633436706,12.21590643212555,95.0,34.0,61.0,35.78947368421053,6872.58,5774.72,1097.8599999999997,807.39,0.0,5.0,0.03293583635549958,0.04752871134877534,-0.0,0.0753968253968254,0.013193748916499735,0.0037750236631060364,-0.013745886023251136,
266,0.13670196234693083,True,122,10,71.0,23.0,7,5,3.3000000000000003,17,48,0.6,2.6,1.5,0.01,0.65,18.264860799499694,1.1027551973949594,0.7535509186508078,17.04952110899106,277.0,93.0,184.0,33.57400722021661,19601.22,17774.769999999997,1826.4500000000044,2720.13,0.0,4.0,10.567950468999879,1.1817898765750654,1.0177451419378747,12.21590643212555,96.0,34.0,62.0,35.416666666666664,6870.039999999999,5813.25,1056.789999999999,817.8,0.0,5.0,0.031703851406999634,0.04544746914376635,-0.0,0.0761904761904762,0.018264860799499693,0.005137759869747971,-0.04004245506355902,
267,-1.0045973762148144,False,119,10,70.0,22.0,7,5,3.2,16,49,0.6,2.5,1.5,0.009000000000000001,0.6000000000000001,10.628676827999643,1.0637301107609358,0.5282291630329493,21.3950869800493,302.0,101.0,201.0,33.443708609271525,17740.210000000003,16677.36,1062.8500000000022,2727.9,0.0,4.0,1.1551341624999076,1.021036529846669,0.19872001151954796,12.633712108971823,102.0,34.0,68.0,33.333333333333336,5606.919999999999,5491.400000000001,115.51999999999862,755.76,0.0,2.0,,,,,,,,0.027584257288886672
268,-1.0054066382425006,False,123,10,68.0,23.0,7,6,3.3000000000000003,17,49,0.5,2.4000000000000004,1.5,0.01,0.65,-3.2439829455004476,0.9822290676630183,-0.04420154234572288,24.199543330858088,308.0,99.0,209.0,32.142857142857146,17926.260000000006,18250.59,-324.32999999999447,2826.43,0.0,5.0,5.702569596499779,1.0994151027274868,0.6330317010315473,11.864859017733606,101.0,36.0,65.0,35.64356435643565,6306.3,5736.049999999999,570.2500000000009,885.13,0.0,5.0,,,,,,,,0.032439829455004475
269,0.15959234224914517,True,125,11,69.0,23.0,7,5,3.4000000000000004,17,48,0.6,2.6,1.5,0.01,0.65,18.609541851499724,1.1051939851681174,0.7725199158391604,19.128881728363837,273.0,91.0,182.0,33.333333333333336,19551.179999999997,17690.270000000004,1860.9099999999926,2739.0,0.0,3.0,12.14168158899969,1.2122782448760512,1.1612408294193848,11.85725191981323,98.0,36.0,62.0,36.734693877551024,6933.88,5719.710000000001,1214.1699999999992,837.8,0.0,8.0,0.03642504476699907,0.053069561219012795,-0.0,0.07777777777777778,0.018609541851499725,0.00525969925840587,-0.03154928262455007,
270,0.14988479777737038,True,121,11,69.0,23.0,7,5,3.4000000000000004,17,48,0.6,2.6,1.5,0.01,0.65,17.308391867499722,1.0979787350267496,0.7260062618919497,21.27777279508881,277.0,92.0,185.0,33.2129963898917,19396.53,17665.67,1730.8600000000006,2757.25,0.0,4.0,11.1923191804998,1.1845233384771627,1.0541332437657882,12.254941843285591,101.0,36.0,65.0,35.64356435643565,7184.75,6065.5199999999995,1119.2300000000005,859.44,0.0,3.0,0.0335769575414994,0.046130834619290684,-0.0,0.08015873015873017,0.017308391867499724,0.00489893675133748,-0.03218905316098708,
271,0.10820556472925513,True,117,11,69.0,23.0,7,5,3.4000000000000004,16,46,0.6,2.6,1.5,0.011,0.65,18.500627315499717,1.094733333196786,0.7293599811248173,22.057594325775767,291.0,99.0,192.0,34.02061855670103,21379.309999999998,19529.239999999998,1850.0699999999997,3055.17,0.0,7.0,8.570877471499807,1.126942091964442,0.7782772128485458,13.851849261196989,104.0,35.0,69.0,33.65384615384615,7608.820000000001,6751.74,857.0800000000008,905.54,0.0,2.0,0.025712632414499424,0.03173552299111049,-0.0,0.08253968253968254,0.01850062731549972,0.004736666659839295,-0.05501956719137633,
272,0.17105924376253415,True,120,12,69.0,23.0,7,5,3.4000000000000004,17,47,0.6,2.5,1.5,0.01,0.75,10.895304291499688,1.0579385847598275,0.4873103334872632,22.79168282403087,278.0,94.0,184.0,33.81294964028777,19894.99,18805.43,1089.5600000000013,2959.82,0.0,4.0,11.424393361999828,1.1728650043955016,1.0547227346523773,12.684394949857241,105.0,39.0,66.0,37.142857142857146,7751.500000000001,6609.03,1142.4700000000012,967.3,0.0,2.0,0.034273180085999486,0.04321625109887539,-0.0,0.08333333333333334,0.010895304291499689,0.0028969292379913748,-0.003555754285165129,
273,0.1289042271736676,True,120,12,69.0,23.0,7,5,3.3000000000000003,17,47,0.5,2.7,1.5,0.011,0.65,6.95269229499967,1.0389798978013955,0.3425001768252111,19.958927324682723,265.0,82.0,183.0,30.943396226415093,18531.1,17835.86,695.239999999998,2493.37,0.0,5.0,8.346185324499803,1.1265702226785423,0.7696563171426846,13.210920232504714,97.0,33.0,64.0,34.02061855670103,7428.389999999999,6593.8099999999995,834.5799999999999,842.61,0.0,2.0,0.02503855597349941,0.031642555669635586,-0.0,0.07698412698412699,0.00695269229499967,0.0019489948900697773,-0.01366269863866383,
274,0.1390110377156494,True,121,12,68.0,23.0,7,5,3.2,17,46,0.6,2.6,1.5,0.01,0.75,7.228114626999886,1.039863372218062,0.3587170437825867,22.755586463944773,274.0,89.0,185.0,32.481751824817515,18856.820000000003,18133.940000000002,722.880000000001,2821.25,0.0,4.0,7.465143847999661,1.1186214720865417,0.7291347588907089,12.538774303091294,101.0,35.0,66.0,34.65346534653465,7039.910000000001,6293.38,746.5300000000007,901.22,0.0,3.0,0.02239543154399898,0.02965536802163543,-0.0,0.08015873015873017,0.007228114626999887,0.0019931686109030955,-0.002419775246618146,
275,-1.002186572672582,False,116,10,69.0,23.0,7,5,3.4000000000000004,16,49,0.5,2.7,1.5,0.01,0.65,8.884623863999822,1.048905109489051,0.4215203583689638,18.755759497616722,299.0,94.0,205.0,31.438127090301002,19054.620000000003,18166.200000000004,888.4199999999983,2825.48,0.0,7.0,2.3473005544997796,1.0362245921627335,0.2991053159806076,12.375516109195862,101.0,32.0,69.0,31.683168316831683,6714.01,6479.3,234.71000000000004,861.64,0.0,2.0,,,,,,,,0.0131194360354919
276,0.04309936436597103,True,118,11,70.0,21.0,7,5,3.2,17,48,0.6,2.6,1.5,0.01,0.7,20.739952968499637,1.1090553826771257,0.8225813975807015,19.30366434392021,283.0,97.0,186.0,34.275618374558306,21091.86,19017.86,2074.0,3032.22,0.0,4.0,4.449963664499774,1.068905816638302,0.47703308070861,13.457263777869318,105.0,35.0,70.0,33.333333333333336,6902.470000000001,6457.509999999999,444.96000000000186,887.43,0.0,2.0,0.01334989099349932,0.01722645415957552,-0.0,0.08333333333333334,0.020739952968499637,0.005452769133856283,-0.09700303622279308,
277,0.16340579739434136,True,123,10,69.0,23.0,7,5,3.3000000000000003,17,49,0.6,2.5,1.5,0.01,0.6000000000000001,9.622296567499653,1.0558349744519322,0.46816226357025004,21.66472389191816,293.0,96.0,197.0,32.76450511945392,18196.45,17234.18,962.2700000000004,2695.21,0.0,4.0,12.72288970249985,1.239309567830992,1.2620947333167996,11.189066894090779,93.0,35.0,58.0,37.634408602150536,6589.0,5316.67,1272.33,763.55,0.0,6.0,0.03816866910749955,0.059827391957748,-0.0,0.07380952380952381,0.009622296567499654,0.00279174872259661,-0.020813832770526283,
278,-1.0033745558441676,False,122,10,68.0,23.0,7,5,3.3000000000000003,16,47,0.6,2.5,3.5,0.011,0.6000000000000001,-2.024733506500579,0.9919958878245999,0.058229877717602324,30.876528531099556,300.0,99.0,201.0,33.0,25088.32,25290.75,-202.4300000000003,4605.46,0.0,4.0,8.701556556499654,1.110457595165703,0.7564369341584396,14.962328066540767,98.0,35.0,63.0,35.714285714285715,8747.13,7877.049999999999,870.0799999999999,1358.46,0.0,5.0,,,,,,,,0.02024733506500579
279,-1.0685138349911822,False,48,10,69.0,24.0,7,5,3.3000000000000003,17,50,0.6,2.7,1.0,0.009000000000000001,0.6000000000000001,-3.2481208695002532,0.9773091808363491,-0.06942736347445173,17.96287042455897,326.0,91.0,235.0,27.914110429447852,13989.790000000003,14314.6,-324.8099999999977,1884.17,0.0,7.0,-9.353046896500071,0.7506751010985554,-1.3129464530944388,16.305744421484807,84.0,20.0,64.0,23.80952380952381,2816.0,3751.29,-935.29,444.9,0.0,6.0,,,,,,,,0.4110830099470934
280,0.07360030535733769,True,122,10,71.0,23.0,7,5,3.2,17,49,0.5,2.7,1.5,0.009000000000000001,0.55,5.4253833084998035,1.0361978933826912,0.3134929511773349,15.859578131403568,275.0,85.0,190.0,30.90909090909091,15529.559999999998,14987.060000000001,542.4999999999964,2138.31,0.0,5.0,3.462165089999889,1.07073705977066,0.4338037065202666,10.885258233548335,90.0,31.0,59.0,34.44444444444444,5240.2300000000005,4894.04,346.1900000000005,622.68,0.0,5.0,0.010386495269999668,0.017684264942665007,-0.0,0.07142857142857144,0.0054253833084998045,0.0018098946691345597,-0.03313430426153278,
281,-1.022118155179488,False,119,10,69.0,24.0,7,5,2.0,16,48,0.6,2.4000000000000004,1.5,0.01,0.65,10.652031024999834,1.0709726853872317,0.5367696376215751,20.293786570809765,254.0,86.0,168.0,33.85826771653543,16073.64,15008.45,1065.1899999999987,2598.53,0.0,4.0,-2.7275088555001092,0.9392944653519774,-0.21273993925486695,13.586264241331447,80.0,27.0,53.0,33.75,4220.56,4493.33,-272.7699999999995,640.71,0.0,1.0,,,,,,,,0.13270893107692747
282,0.16141981047522933,True,124,10,70.0,23.0,7,5,3.3000000000000003,18,49,0.6,2.5,1.5,0.009000000000000001,0.65,9.304990806999577,1.055064526800504,0.46491464185943515,20.607056308315443,286.0,93.0,193.0,32.51748251748252,17828.09,16897.629999999997,930.4600000000028,2660.45,0.0,4.0,11.499652391499875,1.2243312628753356,1.2174478392021892,11.06913558577495,94.0,36.0,58.0,38.297872340425535,6276.02,5126.08,1149.9400000000005,768.47,0.0,7.0,0.03449895717449963,0.05608281571883389,-0.0,0.0746031746031746,0.009304990806999576,0.0027532263400252056,-0.01582335416830357,
283,-1.0143674296525007,False,124,10,71.0,24.0,18,6,3.3000000000000003,18,50,0.5,2.5,2.0,0.009000000000000001,0.7,-8.620457791500447,0.9520918781330932,-0.2642495296559908,27.093745320487617,272.0,84.0,188.0,30.88235294117647,17131.37,17993.4,-862.0300000000025,2890.25,0.0,4.0,6.170710905999749,1.1155580439903674,0.6832395760507181,11.276342541606411,88.0,32.0,56.0,36.36363636363637,5957.37,5340.26,617.1099999999997,799.21,0.0,6.0,,,,,,,,0.08620457791500448
284,0.06576381827327342,True,124,10,70.0,22.0,7,5,3.2,18,49,0.6,2.5,2.0,0.009000000000000001,0.7,2.7824362334994293,1.014341213700574,0.19852801203999257,26.771730844915936,285.0,92.0,193.0,32.280701754385966,19683.909999999996,19405.61,278.29999999999563,3266.77,0.0,4.0,9.292971813999849,1.1626228670524679,0.9514149375631046,11.884636207187576,94.0,35.0,59.0,37.234042553191486,6643.819999999999,5714.51,929.3099999999986,907.41,0.0,7.0,0.027878915441999542,0.04065571676311697,-0.0,0.0746031746031746,0.002782436233499429,0.0007170606850287032,-0.08087348545354582,
285,-1.0194191774868926,False,114,10,71.0,23.0,7,5,3.1,18,50,0.6,2.4000000000000004,2.0,0.009000000000000001,0.7,-0.793415814000382,0.9957654533749158,0.06016288017844465,24.08013619625654,291.0,97.0,194.0,33.333333333333336,18668.78,18748.170000000002,-79.39000000000306,3137.17,0.0,7.0,-2.477358549500223,0.9620023126493331,-0.1513705401739198,15.664723976918712,101.0,34.0,67.0,33.663366336633665,6272.889999999999,6520.659999999999,-247.76999999999953,925.73,0.0,2.0,,,,,,,,0.11651506492135551
286,-1.016442990442229,False,65,10,71.0,24.0,7,5,3.3000000000000003,17,49,0.6,2.6,1.5,0.009000000000000001,0.65,-0.8926588500003709,0.9947256311028687,0.051316706946740925,19.834312540487318,306.0,95.0,211.0,31.045751633986928,16820.89,16910.08,-89.19000000000233,2667.59,0.0,7.0,-1.7951141995001307,0.9746307772337129,-0.06968879221243077,18.151788027452696,123.0,39.0,84.0,31.70731707317073,6894.85,7074.320000000001,-179.47000000000025,981.4399999999999,0.0,6.0,,,,,,,,0.09865794265337367
287,-1.0082541588872747,False,124,10,70.0,23.0,7,5,3.2,5,49,0.6,2.7,1.5,0.008,0.7,-1.8513320325004679,0.9888924560513914,0.003579042778384444,21.085491311222892,342.0,109.0,233.0,31.871345029239766,16479.250000000004,16664.35,-185.0999999999949,3229.75,0.0,4.0,1.085042644999794,1.0174377853514243,0.1912076321609717,14.208597091778493,126.0,41.0,85.0,32.53968253968254,6328.87,6220.400000000001,108.46999999999935,1141.56,0.0,7.0,,,,,,,,0.049524953323648285
288,-1.0186127611987608,False,118,10,67.0,23.0,7,5,3.4000000000000004,18,47,0.6,2.5,2.0,0.01,0.6000000000000001,-0.5839484270003594,0.9970217609928756,0.07553450885060274,21.66996728356125,304.0,99.0,205.0,32.56578947368421,19540.460000000003,19598.83,-58.36999999999898,3266.18,0.0,4.0,-2.3587228790001973,0.9636376531608137,-0.12287999153470595,17.14670645686132,104.0,34.0,70.0,32.69230769230769,6249.990000000001,6485.83,-235.83999999999924,991.27,0.0,2.0,,,,,,,,0.11167656719256396
289,-1.0414973140278416,False,122,15,70.0,22.0,7,6,3.3000000000000003,16,50,0.5,2.3,2.0,0.008,0.7,-21.635866454500075,0.8405449426608883,-1.048598839699981,28.07526725791728,253.0,76.0,177.0,30.039525691699605,11404.849999999999,13568.400000000001,-2163.550000000003,2120.35,0.0,4.0,0.8931209369998395,1.015743519396848,0.17343979027947576,12.811663790112886,105.0,37.0,68.0,35.23809523809524,5760.829999999999,5671.539999999999,89.28999999999996,855.66,0.0,5.0,,,,,,,,0.24898388416705028
290,0.15877691444304018,True,125,10,70.0,24.0,7,5,3.4000000000000004,17,48,0.6,2.7,2.0,0.011,0.7,20.446663164999247,1.0878238609030308,0.7132065048833796,21.62312336007667,278.0,90.0,188.0,32.37410071942446,25326.28,23281.6,2044.6800000000003,3761.88,0.0,3.0,13.588998913499708,1.1888171451358984,1.1110363915095596,13.704726375295149,96.0,34.0,62.0,35.416666666666664,8555.809999999998,7196.909999999999,1358.8999999999987,1097.61,0.0,8.0,0.04076699674049913,0.047204286283974606,-0.0,0.0761904761904762,0.020446663164999247,0.004391193045151543,-0.03022270098206053,
291,-1.2635994195275704,False,124,10,70.0,24.0,7,6,1.4,17,47,0.6,2.7,2.0,0.011,0.5,1.938381866499949,1.0821342011152355,0.22506335020855817,8.784025986926276,41.0,12.0,29.0,29.26829268292683,2553.8800000000006,2360.04,193.8400000000006,405.9,0.0,0.0,-3.3709075560000015,0.685432472028592,-0.7022459798254244,6.737058295996225,16.0,3.0,13.0,18.75,734.53,1071.6299999999999,-337.0999999999999,134.7,0.0,0.0,,,,,,,,1.5815965171654227
292,0.10040509719999292,True,128,10,71.0,24.0,7,5,3.3000000000000003,18,49,0.6,2.6,2.0,0.01,0.65,4.69881998549954,1.0255473757988312,0.26508926668503396,18.276971129638017,266.0,85.0,181.0,31.954887218045112,18860.769999999997,18390.93,469.8399999999965,2864.46,0.0,1.0,12.515056633999865,1.217434890630158,1.135651396041144,12.64636979297807,89.0,33.0,56.0,37.07865168539326,7007.19,5755.7,1251.4899999999998,877.09,0.0,8.0,0.037545169901999596,0.05435872265753949,-0.0,0.07063492063492065,0.00469881998549954,0.0012773687899415576,-0.06810990476990791,
293,0.0649140078433201,True,120,10,69.0,23.0,7,5,3.4000000000000004,17,48,0.6,2.7,2.0,0.009000000000000001,0.7,13.488231800999657,1.0693421632328457,0.5730275262904206,22.076268261018424,278.0,91.0,187.0,32.73381294964029,20800.940000000002,19452.089999999997,1348.8500000000058,3328.17,0.0,4.0,5.213456089499742,1.0804643467846977,0.5605112568616136,13.04475270174628,99.0,33.0,66.0,33.333333333333336,7001.0199999999995,6479.64,521.3799999999992,975.15,0.0,2.0,0.015640368268499225,0.02011608669617443,-0.0,0.07857142857142857,0.013488231800999657,0.003467108161642285,-0.06636921565542406,
294,-2.0,False,124,10,71.0,24.0,7,6,1.0,17,50,0.6,2.5,2.0,0.024,0.7,,,,,,,,,,,,,,,-1.7770367785000054,0.0,-1.419454171813099,1.7770367785000054,1.0,0.0,1.0,0.0,0.0,177.7,-177.7,13.86,0.0,0.0,,,,,,,,6.0
295,0.12385176646686459,True,126,10,70.0,24.0,7,5,3.3000000000000003,18,48,0.5,2.6,2.0,0.011,0.7,6.768880395999495,1.031275283954257,0.3234602445872131,21.542240205905017,279.0,89.0,190.0,31.899641577060933,22318.54,21641.69,676.8500000000022,3421.41,0.0,3.0,14.381012250499698,1.2133889475004043,1.183187493016751,13.866396712234655,92.0,34.0,58.0,36.95652173913044,8177.38,6739.29,1438.0900000000001,991.08,0.0,8.0,0.04314303675149909,0.05334723687510107,-0.0,0.07301587301587302,0.006768880395999495,0.001563764197712847,-0.05398702476932092,
296,0.03469206061886788,True,117,10,69.0,23.0,7,5,3.4000000000000004,17,48,0.6,2.8,2.0,0.01,0.7,12.430820566999518,1.0587321454136196,0.5016511659508437,22.959042747411278,282.0,90.0,192.0,31.914893617021278,22407.780000000002,21164.730000000003,1243.0499999999993,3531.4,0.0,7.0,3.6734785839998403,1.0515537268253117,0.3988485663597684,14.112807467994726,97.0,31.0,66.0,31.95876288659794,7493.130000000001,7125.77,367.3600000000006,999.71,0.0,2.0,0.01102043575199952,0.012888431706327919,-0.0,0.07698412698412699,0.012430820566999519,0.00293660727068098,-0.08156836166126705,
297,0.09078782088853855,True,121,10,70.0,23.0,7,5,3.2,17,49,0.6,2.7,1.5,0.009000000000000001,0.7,15.616123099499891,1.0867451206945873,0.6774009747217741,21.485715673919913,282.0,91.0,191.0,32.269503546099294,19563.64,18002.050000000003,1561.5899999999965,2884.41,0.0,4.0,6.976138475999869,1.1211462886456505,0.7361540656069162,11.313136422406316,97.0,33.0,64.0,34.02061855670103,6456.02,5758.41,697.6100000000006,803.5,0.0,3.0,0.020928415427999603,0.030286572161412617,-0.0,0.07698412698412699,0.01561612309949989,0.004337256034729365,-0.05736467281922991,
298,-1.1096076529876204,False,27,17,71.0,22.0,7,5,3.3000000000000003,18,50,0.5,2.6,2.0,0.009000000000000001,0.65,-30.47147648000071,0.8768264776040607,-0.9759193270890987,32.545899945459965,471.0,136.0,335.0,28.874734607218684,21691.1,24738.19,-3047.09,3918.4,0.0,7.0,-14.318743639500209,0.8297690974327514,-1.127364695523137,24.79372176059602,145.0,41.0,104.0,28.275862068965516,6979.469999999999,8411.34,-1431.8700000000008,1294.4,0.0,9.0,,,,,,,,0.6576459179257221
299,-1.0050634965029621,False,129,11,70.0,24.0,7,7,3.4000000000000004,17,47,0.6,2.7,2.0,0.009000000000000001,0.7,12.6021095874996,1.06980150087407,0.5522041213705537,17.631758256526545,253.0,81.0,172.0,32.015810276679844,19313.64,18053.479999999996,1260.1600000000035,2897.93,0.0,2.0,1.022317414499794,1.0180999720313388,0.18415201709368106,13.400912820771413,89.0,29.0,60.0,32.58426966292135,5751.43,5649.180000000001,102.24999999999909,810.56,0.0,7.0,,,,,,,,0.030380979017772574
