stage,trial,score,gated,ema_period,rsi_period,rsi_overbought,rsi_oversold,atr_period,consolidation_candles,consolidation_atr_mult,swing_lookback,volume_sma_period,volume_mult,risk_reward_ratio,leverage,risk_per_trade_pct,max_position_allocation_pct,tr_return_pct,tr_pf,tr_sharpe,tr_max_dd,tr_trades,tr_wins,tr_losses,tr_win_rate,tr_gross_profit,tr_gross_loss,tr_net_pnl,tr_fees,tr_blocked,tr_head_dropped,va_return_pct,va_pf,va_sharpe,va_max_dd,va_trades,va_wins,va_losses,va_win_rate,va_gross_profit,va_gross_loss,va_net_pnl,va_fees,va_blocked,va_head_dropped,c_va_ret,c_va_pf,c_va_dd,c_va_sample,c_tr_ret,c_tr_pf,c_consistency
1c_risk,0,0.2601797602017998,True,128,20,72.0,25.0,7,6,3.6,17,38,0.6,2.8,2.5,0.029,0.65,37.123665289499094,1.1001759660254158,0.7782974501554051,32.15424275164713,201,63,138,31.34328358208955,40770.64,37058.28999999999,3712.350000000006,4584.03,0,1,38.952259505999606,1.3353805117113642,1.5022707049915094,22.44471134613752,80,29,51,36.25,15509.589999999998,11614.359999999999,3895.2299999999996,1404.19,0,8,0.11685677851799882,0.08384512792784105,-0.0425412076922144,0.06349206349206349,0.03712366528949909,0.00500879830127079,-0.0036054656346590497
1c_risk,1,0.17578730151894187,True,128,20,72.0,25.0,7,6,3.6,17,38,0.6,2.8,3.5,0.009000000000000001,0.3,12.764882192999814,1.096837869700386,0.6155064881938512,14.239909111077708,201,63,138,31.34328358208955,14458.100000000002,13181.62,1276.4800000000014,1887.98,0,1,11.89813904799983,1.2570622384406145,1.2088270774798289,9.861961195059218,80,29,51,36.25,5818.300000000001,4628.490000000001,1189.8100000000004,631.4399999999999,0,8,0.035694417143999485,0.06426555961015362,-0.0,0.06349206349206349,0.012764882192999814,0.0048418934850193,-0.0052715144052938355
1c_risk,2,0.2516086404922523,True,128,20,72.0,25.0,7,6,3.6,17,38,0.6,2.8,1.0,0.027,0.55,20.707148600499696,1.175551098126919,0.8919469140058759,13.339977133998076,201,63,138,31.34328358208955,13866.26,11795.54,2070.7199999999993,1340.82,0,1,18.43284890949979,1.4481973822104102,1.633996939914787,10.381221686718009,80,29,51,36.25,5955.9,4112.63,1843.2699999999995,470.8,0,8,0.05529854672849936,0.11204934555260254,-0.0,0.06349206349206349,0.0207071486004997,0.008777554906345953,-0.008716018787758746
1c_risk,3,0.1161393464917037,True,128,20,72.0,25.0,7,6,3.6,17,38,0.6,2.8,4.0,0.005,0.75,3.9772533119997027,1.0472124149098585,0.32001971965365816,10.90327476601843,201,63,138,31.34328358208955,8821.11,8423.42,397.6900000000005,1505.63,0,1,9.316256525999707,1.3144174367351347,1.5052321831027609,5.853541585633704,80,29,51,36.25,3894.54,2962.94,931.5999999999999,521.55,0,8,0.02794876957799912,0.07860435918378367,-0.0,0.06349206349206349,0.003977253311999703,0.002360620745492925,-0.06024371981963521
1c_risk,4,0.18336819183509284,True,128,20,72.0,25.0,7,6,3.6,17,38,0.6,2.8,4.5,0.01,0.35,13.119912551999496,1.0791432263170533,0.5542418555945058,17.051905647592594,201,63,138,31.34328358208955,17889.540000000005,16577.54,1312.0000000000036,2527.37,0,1,15.099865765999748,1.272094967637774,1.3093106510009165,11.383047335785406,80,29,51,36.25,7059.72,5549.679999999999,1510.0400000000009,815.4300000000001,0,8,0.04529959729799924,0.06802374190944349,-0.0,0.06349206349206349,0.013119912551999497,0.003957161315852664,-0.01052428473226555
1c_risk,5,0.2083294288311997,True,128,20,72.0,25.0,7,6,3.6,17,38,0.6,2.8,1.5,0.012,0.5,17.17312056799954,1.1292363634174463,0.7515283428842063,15.343730077630513,201,63,138,31.34328358208955,15005.880000000001,13288.519999999999,1717.3600000000024,1671.12,0,1,15.637144311999855,1.3252523109435972,1.3974376081801183,10.419967412626866,80,29,51,36.25,6371.2300000000005,4807.56,1563.67,580.87,0,8,0.04691143293599956,0.0813130777358993,-0.0,0.06349206349206349,0.01717312056799954,0.006461818170872314,-0.007022084071634506
1c_risk,6,0.19016248658459964,True,128,20,72.0,25.0,7,6,3.6,17,38,0.6,2.8,2.5,0.012,0.55,16.47024357249942,1.0897164729586852,0.6183079853449024,18.769566427300052,201,63,138,31.34328358208955,20005.439999999995,18358.39,1647.0499999999956,2617.57,0,1,15.633480506499764,1.2508942742376803,1.2052986749334833,12.97295403681398,80,29,51,36.25,7794.71,6231.31,1563.3999999999996,847.59,0,8,0.04690044151949929,0.06272356855942007,-0.0,0.06349206349206349,0.016470243572499422,0.004485823647934262,-0.00390965420681691
1c_risk,7,0.22168920824559066,True,128,20,72.0,25.0,7,6,3.6,17,38,0.6,2.8,1.5,0.012,0.45,16.724151065999703,1.1360200466518968,0.7699547873036815,14.183912362292435,201,63,138,31.34328358208955,13967.73,12295.32,1672.4099999999999,1520.26,0,1,16.05873907549987,1.3581616199012871,1.4919967907951768,9.883118972225237,80,29,51,36.25,6089.63,4483.730000000001,1605.8999999999987,536.05,0,8,0.04817621722649961,0.08954040497532179,-0.0,0.06349206349206349,0.016724151065999705,0.006801002332594841,-0.0030446308468887622
1c_risk,8,0.30577240839664194,True,128,20,72.0,25.0,7,6,3.6,17,38,0.6,2.8,3.0,0.025,0.35,33.71352497649938,1.1410939984933455,0.883669175292884,21.886635427865787,201,63,138,31.34328358208955,27265.3,23894.0,3371.2999999999993,2851.5,0,1,35.77179796949977,1.4502822170528586,1.7477896642162303,17.437850454698488,80,29,51,36.25,11521.390000000001,7944.24,3577.1500000000015,940.87,0,8,0.10731539390849933,0.11257055426321466,-0.013930574026848504,0.06349206349206349,0.033713524976499376,0.007054699924667274,-0.004443254141453708
1c_risk,9,0.28729195113574724,True,128,20,72.0,25.0,7,6,3.6,17,38,0.6,2.8,3.0,0.02,0.25,25.18752204099958,1.1573849122438675,0.8836688116931548,16.240511950681995,201,63,138,31.34328358208955,18522.14,16003.439999999999,2518.7000000000007,1887.03,0,1,25.810778547999796,1.4605758112178617,1.7324052647455033,13.38273012824753,80,29,51,36.25,8184.95,5603.92,2581.0299999999997,653.79,0,8,0.07743233564399939,0.11514395280446543,-0.0,0.06349206349206349,0.02518752204099958,0.007869245612193376,-0.0018331684579740409
1c_risk,10,0.1942419931042747,True,128,20,72.0,25.0,7,6,3.6,17,38,0.6,2.8,5.0,0.022000000000000002,0.4,27.434018893998836,1.0785107233607314,0.6601743928966733,31.32346761973257,201,63,138,31.34328358208955,37686.259999999995,34942.869999999995,2743.3899999999994,4727.97,0,1,26.48151272849964,1.2406117512797818,1.2115741317353363,21.572493514111414,80,29,51,36.25,13653.899999999998,11005.78,2648.119999999997,1427.43,0,8,0.07944453818549892,0.06015293781994546,-0.03755710579492237,0.06349206349206349,0.027434018893998838,0.00392553616803657,-0.0026499956603461975
1c_risk,11,0.28729195113574724,True,128,20,72.0,25.0,7,6,3.6,17,38,0.6,2.8,3.0,0.02,0.25,25.18752204099958,1.1573849122438675,0.8836688116931548,16.240511950681995,201,63,138,31.34328358208955,18522.14,16003.439999999999,2518.7000000000007,1887.03,0,1,25.810778547999796,1.4605758112178617,1.7324052647455033,13.38273012824753,80,29,51,36.25,8184.95,5603.92,2581.0299999999997,653.79,0,8,0.07743233564399939,0.11514395280446543,-0.0,0.06349206349206349,0.02518752204099958,0.007869245612193376,-0.0018331684579740409
1c_risk,12,0.2858963577028558,True,128,20,72.0,25.0,7,6,3.6,17,38,0.6,2.8,3.0,0.021,0.25,25.02913255399955,1.155218573118071,0.8732817686306688,16.600673299583633,201,63,138,31.34328358208955,18627.680000000004,16124.81,2502.8700000000044,1891.38,0,1,25.79510076749979,1.4579582778517532,1.7149963408507563,13.535671525149246,80,29,51,36.25,8211.949999999999,5632.499999999999,2579.45,655.22,0,8,0.07738530230249936,0.11448956946293831,-0.0,0.06349206349206349,0.02502913255399955,0.007760928655903554,-0.0022606387645484434
1c_risk,13,0.2957183007684615,True,128,20,72.0,25.0,7,6,3.6,17,38,0.6,2.8,2.5,0.025,0.35,28.703441237499554,1.146672021804814,0.8646629765045658,19.337449377643562,201,63,138,31.34328358208955,22440.359999999997,19569.99,2870.3699999999953,2290.87,0,1,30.302132915499808,1.45394092285936,1.7119980886203707,15.724210918946277,80,29,51,36.25,9705.55,6675.339999999999,3030.21,777.62,0,8,0.09090639874649942,0.11348523071484001,-0.004138348108264438,0.06349206349206349,0.028703441237499558,0.007333601090240705,-0.004064086404417242
1c_risk,14,0.2744628347555195,True,128,20,72.0,25.0,7,6,3.6,17,38,0.6,2.8,2.0,0.025,0.35,24.328028370999583,1.1590452798438304,0.8710334351398492,16.47140211464939,201,63,138,31.34328358208955,17729.0,15296.210000000001,2432.789999999999,1762.33,0,1,23.54665667949979,1.4419947477000066,1.630832797802633,13.107056751117883,80,29,51,36.25,7681.78,5327.190000000001,2354.5899999999983,611.3,0,8,0.07063997003849937,0.11049868692500164,-0.0,0.06349206349206349,0.024328028370999583,0.007952263992191523,-0.0024481780632360805
1c_risk,15,0.19675383991846357,True,128,20,72.0,25.0,7,6,3.6,17,38,0.6,2.8,4.0,0.017,0.4,22.491338554999146,1.0878190353513446,0.6540103761683482,24.973656009496278,201,63,138,31.34328358208955,27860.340000000004,25611.190000000002,2249.1500000000015,3492.85,0,1,20.91560694299973,1.2473860631035119,1.2061236668289186,17.234512861329947,80,29,51,36.25,10546.25,8454.68,2091.5699999999997,1102.09,0,8,0.0627468208289992,0.061846515775877964,-0.01276864492188541,0.06349206349206349,0.022491338554999147,0.004390951767567231,-0.005445205579158038
1c_risk,16,0.2744628347555195,True,128,20,72.0,25.0,7,6,3.6,17,38,0.6,2.8,2.0,0.025,0.35,24.328028370999583,1.1590452798438304,0.8710334351398492,16.47140211464939,201,63,138,31.34328358208955,17729.0,15296.210000000001,2432.789999999999,1762.33,0,1,23.54665667949979,1.4419947477000066,1.630832797802633,13.107056751117883,80,29,51,36.25,7681.78,5327.190000000001,2354.5899999999983,611.3,0,8,0.07063997003849937,0.11049868692500164,-0.0,0.06349206349206349,0.024328028370999583,0.007952263992191523,-0.0024481780632360805
1c_risk,17,0.27452254965726114,True,128,20,72.0,25.0,7,6,3.6,17,38,0.6,2.8,3.5,0.03,0.45,39.00220635499896,1.1057049408165516,0.8051098963126516,31.56813385623115,201,63,138,31.34328358208955,40797.35000000001,36897.14,3900.2100000000137,4525.92,0,1,41.42316749749958,1.3593019634987173,1.5664121340773143,22.496416734318032,80,29,51,36.25,15671.27,11528.910000000002,4142.359999999999,1388.93,0,8,0.12426950249249871,0.08982549087467934,-0.0428366670532459,0.06349206349206349,0.03900220635499896,0.005285247040827579,-0.004515293544561008
1c_risk,18,0.27562546409448974,True,128,20,72.0,25.0,7,6,3.6,17,38,0.6,2.8,2.5,0.017,0.3,23.594601986499512,1.1537852864303262,0.8704982153255872,15.867632592733363,201,63,138,31.34328358208955,17701.719999999994,15342.3,2359.4199999999946,1840.93,0,1,23.931314016499783,1.4404732542858298,1.708416353474056,12.390800657842407,80,29,51,36.25,7826.12,5433.02,2393.0999999999995,640.5,0,8,0.07179394204949935,0.11011831357145746,-0.0,0.06349206349206349,0.023594601986499514,0.00768926432151631,-0.0010627213265464097
1c_risk,19,0.23197081375090545,True,128,20,72.0,25.0,7,6,3.6,17,38,0.6,2.8,3.5,0.023000000000000003,0.45,30.27249331199922,1.0957430624762206,0.7255970602545881,29.87666484607945,201,63,138,31.34328358208955,34645.50000000001,31618.27,3027.230000000007,4040.33,0,1,29.856727065999735,1.2939892356864762,1.3628538022318768,20.00696077562289,80,29,51,36.25,13141.47,10155.779999999999,2985.6900000000005,1254.66,0,8,0.0895701811979992,0.07349730892161904,-0.0286112044321308,0.06349206349206349,0.030272493311999223,0.004787153123811028,-0.001037181864455736
1c_risk,20,0.3006561200291026,True,128,20,72.0,25.0,7,6,3.6,17,38,0.6,2.8,2.0,0.027,0.6000000000000001,36.255116642499395,1.1304743858967232,0.864226866003858,24.808438708363905,201,63,138,31.34328358208955,31411.870000000003,27786.449999999997,3625.4200000000055,3339.09,0,1,38.69191895249974,1.4272358271185617,1.707974090347602,19.133927749751997,80,29,51,36.25,12925.590000000002,9056.380000000001,3869.210000000001,1077.31,0,8,0.11607575685749923,0.10680895677964042,-0.02362244428429713,0.06349206349206349,0.0362551166424994,0.006523719294836161,-0.004877048753138961
1c_risk,21,0.2879330748382609,True,128,20,72.0,25.0,7,6,3.6,17,38,0.6,2.8,2.0,0.027,0.65,36.04907172399915,1.120981076581334,0.8337775364740909,26.704292881767667,201,63,138,31.34328358208955,33402.4,29797.47,3604.9300000000003,3614.9,0,1,38.271242101999725,1.3968330995123455,1.6434749111635405,19.75897266772923,80,29,51,36.25,13471.239999999998,9644.130000000001,3827.109999999997,1152.3700000000001,0,8,0.11481372630599918,0.09920827487808637,-0.027194129529881306,0.06349206349206349,0.03604907172399915,0.006049053829066698,-0.0044849858610726415
1c_risk,22,0.2959426563097997,True,128,20,72.0,25.0,7,6,3.6,17,38,0.6,2.8,1.5,0.025,0.75,33.739640924499234,1.1329945008705347,0.858892634960082,23.35725997444398,201,63,138,31.34328358208955,28743.469999999998,25369.469999999998,3374.0,3053.13,0,1,35.62524382149972,1.42397677869905,1.6944774376897611,17.92794696604584,80,29,51,36.25,11965.15,8402.630000000001,3562.5199999999986,998.44,0,8,0.10687573146449918,0.10599419467476251,-0.01673112552026195,0.06349206349206349,0.033739640924499235,0.006649725043526733,-0.0040775737692894795
1c_risk,23,0.28180108009673843,True,128,20,72.0,25.0,7,6,3.6,17,38,0.6,2.8,1.0,0.027,0.75,26.01123072349967,1.1560195587524336,0.8702099256114125,17.573266680518074,201,63,138,31.34328358208955,19272.949999999997,16671.82,2601.1299999999974,1920.28,0,1,25.32512200399984,1.4421047486204195,1.6363429643467207,13.91113883138358,80,29,51,36.25,8260.65,5728.19,2532.46,658.66,0,8,0.07597536601199952,0.11052618715510487,-0.0,0.06349206349206349,0.02601123072349967,0.007800977937621679,-0.002004745223550808
1c_risk,24,0.2977205084734623,True,128,20,72.0,25.0,7,6,3.6,17,38,0.6,2.8,1.5,0.029,0.65,31.675734842999482,1.1401152820100877,0.8582201267589201,21.612536086340274,201,63,138,31.34328358208955,25774.779999999995,22607.17,3167.609999999997,2636.64,0,1,34.13901180999977,1.4522065446607397,1.7096792625308173,17.503831877720348,80,29,51,36.25,10963.230000000001,7549.36,3413.8700000000017,879.83,0,8,0.1024170354299993,0.11305163616518493,-0.014307610729830559,0.06349206349206349,0.03167573484299948,0.007005764100504386,-0.005614114827458739
1c_risk,25,0.29769381485722135,True,128,20,72.0,25.0,7,6,3.6,17,38,0.6,2.8,1.5,0.03,0.65,32.06704627199946,1.141040995824634,0.8621519658407063,21.816221167469628,201,63,138,31.34328358208955,25942.4,22735.729999999996,3206.6700000000055,2646.42,0,1,34.053431586999864,1.4493951863005676,1.6959440686405218,17.61102622009659,80,29,51,36.25,10982.850000000004,7577.54,3405.310000000004,881.26,0,8,0.1021602947609996,0.11234879657514191,-0.014920149829123375,0.06349206349206349,0.03206704627199946,0.007052049791231696,-0.004506286205091411
1c_risk,26,0.3075397835415509,True,128,20,72.0,25.0,7,6,3.6,17,38,0.6,2.8,2.0,0.028,0.6000000000000001,37.221964148499396,1.131837741325015,0.8729260155529854,24.845358832018533,201,63,138,31.34328358208955,31955.390000000003,28233.190000000002,3722.2000000000007,3376.92,0,1,40.54776084099971,1.4423184750617974,1.7425438497559367,19.475508069172008,80,29,51,36.25,13221.82,9167.06,4054.76,1089.93,0,8,0.12164328252299912,0.11057961876544936,-0.025574331823840047,0.06349206349206349,0.0372219641484994,0.006591887066250746,-0.006414700629871159
1c_risk,27,0.3006561200291026,True,128,20,72.0,25.0,7,6,3.6,17,38,0.6,2.8,2.0,0.027,0.6000000000000001,36.255116642499395,1.1304743858967232,0.864226866003858,24.808438708363905,201,63,138,31.34328358208955,31411.870000000003,27786.449999999997,3625.4200000000055,3339.09,0,1,38.69191895249974,1.4272358271185617,1.707974090347602,19.133927749751997,80,29,51,36.25,12925.590000000002,9056.380000000001,3869.210000000001,1077.31,0,8,0.11607575685749923,0.10680895677964042,-0.02362244428429713,0.06349206349206349,0.0362551166424994,0.006523719294836161,-0.004877048753138961
1c_risk,28,0.22512098970127287,True,128,20,72.0,25.0,7,6,3.6,17,38,0.6,2.8,3.0,0.023000000000000003,0.55,29.398614497999098,1.0906147241336375,0.7048607577754279,30.40060691320205,201,63,138,31.34328358208955,35382.290000000015,32442.52,2939.770000000015,4179.47,0,1,29.459810857999656,1.2828621109138554,1.333401610405392,20.466899654856377,80,29,51,36.25,13361.15,10415.109999999997,2946.0400000000027,1295.59,0,8,0.08837943257399897,0.07071552772846385,-0.0312394265991793,0.06349206349206349,0.0293986144979991,0.0045307362066818735,-0.00015595819875511085
1c_risk,29,0.1983148160454664,True,128,20,72.0,25.0,7,6,3.6,17,38,0.6,2.8,2.5,0.017,0.7,22.256478833499095,1.0832667088424324,0.6388273896566896,25.35148898795057,201,63,138,31.34328358208955,28955.079999999998,26729.409999999996,2225.670000000002,3718.63,0,1,21.442807159499715,1.2455465930119645,1.211359644764216,17.5408534294016,80,29,51,36.25,10876.91,8732.64,2144.2700000000004,1162.3,0,8,0.06432842147849914,0.061386648252991116,-0.014519162453723434,0.06349206349206349,0.022256478833499096,0.004163335442121619,-0.0027929689999846023
1c_risk,30,0.3075397835415509,True,128,20,72.0,25.0,7,6,3.6,17,38,0.6,2.8,2.0,0.028,0.6000000000000001,37.221964148499396,1.131837741325015,0.8729260155529854,24.845358832018533,201,63,138,31.34328358208955,31955.390000000003,28233.190000000002,3722.2000000000007,3376.92,0,1,40.54776084099971,1.4423184750617974,1.7425438497559367,19.475508069172008,80,29,51,36.25,13221.82,9167.06,4054.76,1089.93,0,8,0.12164328252299912,0.11057961876544936,-0.025574331823840047,0.06349206349206349,0.0372219641484994,0.006591887066250746,-0.006414700629871159
1c_risk,31,0.3075397835415509,True,128,20,72.0,25.0,7,6,3.6,17,38,0.6,2.8,2.0,0.028,0.6000000000000001,37.221964148499396,1.131837741325015,0.8729260155529854,24.845358832018533,201,63,138,31.34328358208955,31955.390000000003,28233.190000000002,3722.2000000000007,3376.92,0,1,40.54776084099971,1.4423184750617974,1.7425438497559367,19.475508069172008,80,29,51,36.25,13221.82,9167.06,4054.76,1089.93,0,8,0.12164328252299912,0.11057961876544936,-0.025574331823840047,0.06349206349206349,0.0372219641484994,0.006591887066250746,-0.006414700629871159
1c_risk,32,0.26949632085102404,True,128,20,72.0,25.0,7,6,3.6,17,38,0.6,2.8,2.5,0.028,0.6000000000000001,36.51546772299913,1.1069501707368297,0.7949005435789991,30.140309957888867,201,63,138,31.34328358208955,37794.81000000001,34143.189999999995,3651.620000000017,4198.58,0,1,38.434354471499645,1.3549849682046355,1.5490042080726045,21.31184426889259,80,29,51,36.25,14670.49,10827.050000000001,3843.4399999999987,1304.9,0,8,0.11530306341449892,0.08874624205115889,-0.03606768153652908,0.06349206349206349,0.03651546772299913,0.0053475085368414835,-0.0038403428300088005
1c_risk,33,0.27229214986789907,True,128,20,72.0,25.0,7,6,3.6,17,38,0.6,2.8,1.0,0.029,0.7,25.53326628749963,1.163994358222069,0.8905731239063089,16.298312030401984,201,63,138,31.34328358208955,18122.88,15569.560000000001,2553.3199999999997,1783.17,0,1,23.54665667949979,1.4419947477000066,1.630832797802633,13.107056751117883,80,29,51,36.25,7681.78,5327.190000000001,2354.5899999999983,611.3,0,8,0.07063997003849937,0.11049868692500164,-0.0,0.06349206349206349,0.02553326628749963,0.008199717911103455,-0.006071554786268524
1c_risk,34,0.30524528546627283,True,128,20,72.0,25.0,7,6,3.6,17,38,0.6,2.8,2.0,0.024,0.5,32.57174774799938,1.1445180623729665,0.8888240860187264,21.007457308648807,201,63,138,31.34328358208955,25795.480000000003,22538.289999999997,3257.190000000006,2687.06,0,1,34.06880398049969,1.4516890727335399,1.7466959896472283,16.715597188017124,80,29,51,36.25,10949.509999999997,7542.599999999999,3406.909999999997,891.72,0,8,0.10220641194149907,0.11292226818338497,-0.009803412502954996,0.06349206349206349,0.03257174774799938,0.007225903118648325,-0.003369696514367432
1c_risk,35,0.17848438518328907,True,128,20,72.0,25.0,7,6,3.6,17,38,0.6,2.8,4.0,0.028,0.7,30.80343828599882,1.0612849809011047,0.6420068247657841,39.38517056608546,201,63,138,31.34328358208955,53342.37999999999,50262.07000000001,3080.309999999983,6937.04,0,1,33.70294090299949,1.227056899132682,1.2196027772815952,27.251058859255522,80,29,51,36.25,18213.77,14843.46,3370.3100000000013,1973.93,0,8,0.10110882270899844,0.0567642247831705,-0.07000605062431728,0.06349206349206349,0.03080343828599882,0.003064249045055234,-0.0067423625076801314
1c_risk,36,0.21450505648744683,True,128,20,72.0,25.0,7,6,3.6,17,38,0.6,2.8,3.5,0.026000000000000002,0.55,31.281219993999006,1.0807586557650455,0.6892731166969479,34.30530729378239,201,63,138,31.34328358208955,41862.43,38734.3,3128.1299999999974,5018.02,0,1,32.70886667199953,1.270682546802098,1.3153094584900533,23.18244546573579,80,29,51,36.25,15354.75,12083.86,3270.8899999999994,1513.25,0,8,0.09812660001599859,0.06767063670052448,-0.046756831232775936,0.06349206349206349,0.03128121999399901,0.004037932788252274,-0.003346565270615062
1c_risk,37,0.24048094763829864,True,128,20,72.0,25.0,7,6,3.6,17,38,0.6,2.8,1.0,0.03,0.5,20.112427788499755,1.1881058665417175,0.9191070712971958,12.515858465919283,201,63,138,31.34328358208955,12703.62,10692.33,2011.2900000000009,1211.49,0,1,16.639812809999857,1.4468991966997817,1.6228323110350071,9.508766743879443,80,29,51,36.25,5387.37,3723.39,1663.98,425.39,0,8,0.04991943842999957,0.11172479917494543,-0.0,0.06349206349206349,0.020112427788499754,0.009405293327085874,-0.014173074574295473
1c_risk,38,0.1508517870037388,True,128,20,72.0,25.0,7,6,3.6,17,38,0.6,2.8,2.5,0.006,0.6000000000000001,6.814446932499704,1.06894071371773,0.4467781004177449,11.797973923892435,201,63,138,31.34328358208955,10566.030000000002,9884.580000000002,681.4500000000007,1621.96,0,1,10.72445794849984,1.3134596217194203,1.475599814856396,7.02365827308305,80,29,51,36.25,4493.700000000001,3421.2699999999995,1072.4300000000012,548.76,0,8,0.032173373845499516,0.07836490542985508,-0.0,0.06349206349206349,0.006814446932499704,0.0034470356858865014,-0.033440038382065475
1c_risk,39,0.29193580258651053,True,128,20,72.0,25.0,7,6,3.6,17,38,0.6,2.8,1.5,0.028,0.55,28.13355009599958,1.1511164156528624,0.8689481035386658,19.009387379911207,201,63,138,31.34328358208955,21430.530000000002,18617.170000000002,2813.3600000000006,2153.25,0,1,28.059069118999886,1.4413182091279992,1.6406955963982428,15.271875217066691,80,29,51,36.25,9163.930000000002,6358.02,2805.9100000000017,732.36,0,8,0.08417720735699966,0.11032955228199981,-0.0015535726689525223,0.06349206349206349,0.028133550095999584,0.007555820782643119,-0.00019881875424258643
1c_risk,40,0.19373449376098048,True,128,20,72.0,25.0,7,6,3.6,17,38,0.6,2.8,4.5,0.023000000000000003,0.5,27.971683077998843,1.0729279048388298,0.6490938174350996,33.020165857811094,201,63,138,31.34328358208955,41152.299999999996,38355.14,2797.159999999996,5273.06,0,1,28.218729365499694,1.2374316999661759,1.2187618426750677,22.82779767350326,80,29,51,36.25,14706.949999999999,11885.060000000001,2821.8899999999976,1569.02,0,8,0.08465618809649908,0.059357924991543964,-0.044730272420018626,0.06349206349206349,0.027971683077998844,0.0036463952419414913,-0.0006594887190477502
1c_risk,41,0.28045718918979495,True,128,20,72.0,25.0,7,6,3.6,17,38,0.6,2.8,2.0,0.024,0.6000000000000001,32.569317870999335,1.1234057693152932,0.8228845412110097,24.761132954874256,201,63,138,31.34328358208955,29648.969999999994,26392.04,3256.929999999993,3215.24,0,1,33.75718062849965,1.3878678899504213,1.614820414625672,18.032154369714785,80,29,51,36.25,12079.1,8703.35,3375.75,1041.35,0,8,0.10127154188549893,0.09696697248760533,-0.0173265963983702,0.06349206349206349,0.032569317870999336,0.006170288465764662,-0.0026863986137666044
1c_risk,42,0.30490315197058565,True,128,20,72.0,25.0,7,6,3.6,17,38,0.6,2.8,2.0,0.026000000000000002,0.5,33.22261913499937,1.14478360988943,0.8879816077748715,21.13165639463879,201,63,138,31.34328358208955,26268.800000000003,22946.52,3322.2800000000025,2713.16,0,1,34.66109105949976,1.454051242954061,1.737191938788749,17.339445409054495,80,29,51,36.25,11099.98,7633.83,3466.1499999999996,897.0600000000001,0,8,0.10398327317849927,0.11351281073851527,-0.013368259480311399,0.06349206349206349,0.033222619134999375,0.007239180494471498,-0.003178535587651827
1c_risk,43,0.2610667741432828,True,128,20,72.0,25.0,7,6,3.6,17,38,0.6,2.8,1.5,0.021,0.4,21.03926407899982,1.166061924445767,0.87602817009717,14.195143116283058,201,63,138,31.34328358208955,14773.199999999999,12669.309999999998,2103.8900000000012,1461.28,0,1,20.110580458499935,1.445143438994156,1.6294911183384926,11.318713224994244,80,29,51,36.25,6528.58,4517.6,2010.9799999999996,517.36,0,8,0.060331741375499806,0.111285859748539,-0.0,0.06349206349206349,0.021039264078999823,0.008303096222288354,-0.0033852507741077066
1c_risk,44,0.25711732673741566,True,128,20,72.0,25.0,7,6,3.6,17,38,0.6,2.8,2.5,0.024,0.55,31.88963884599918,1.1085221089141462,0.7733073332939958,27.56099756153827,201,63,138,31.34328358208955,32573.900000000005,29384.98,3188.9200000000055,3645.95,0,1,32.15596696899974,1.3358459153917501,1.4817343594801626,19.111817281275297,80,29,51,36.25,12790.03,9574.479999999998,3215.550000000003,1156.44,0,8,0.09646790090699923,0.08396147884793753,-0.023496098750144554,0.06349206349206349,0.03188963884599918,0.005426105445707308,-0.0006237620511465063
1c_risk,45,0.27820139939132654,True,128,20,72.0,25.0,7,6,3.6,17,38,0.6,2.8,3.0,0.019,0.3,26.24626098699964,1.1402209586414447,0.8412112057905566,18.988914557728336,201,63,138,31.34328358208955,21342.12,18717.53,2624.59,2264.73,0,1,26.59179223299985,1.4106302647528892,1.6478520859175567,14.181153978486597,80,29,51,36.25,9135.029999999999,6475.85,2659.1799999999985,767.83,0,8,0.07977537669899955,0.1026575661882223,-0.0,0.06349206349206349,0.026246260986999642,0.007011047932072235,-0.000980915907030686
1c_risk,46,0.28142345633521254,True,128,20,72.0,25.0,7,6,3.6,17,38,0.6,2.8,2.0,0.026000000000000002,0.65,34.861072802999345,1.1190297827124647,0.8217206279380908,26.646575071276104,201,63,138,31.34328358208955,32773.54,29287.46,3486.0800000000017,3568.56,0,1,36.54424775349969,1.3843953861656497,1.6125167326564256,19.388464596126305,80,29,51,36.25,13161.53,9507.06,3654.470000000001,1138.3,0,8,0.10963274326049907,0.09609884654141243,-0.025076940549293172,0.06349206349206349,0.03486107280299935,0.005951489135623234,-0.003535818348091881
1c_risk,47,0.2811020398608358,True,128,20,72.0,25.0,7,6,3.6,17,38,0.6,2.8,1.5,0.029,0.5,26.422166480499747,1.157325248088944,0.875116406766111,17.381684141532258,201,63,138,31.34328358208955,19436.559999999998,16794.379999999997,2642.1800000000003,1928.32,0,1,25.32512200399984,1.4421047486204195,1.6363429643467207,13.91113883138358,80,29,51,36.25,8260.65,5728.19,2532.46,658.66,0,8,0.07597536601199952,0.11052618715510487,-0.0,0.06349206349206349,0.026422166480499748,0.0078662624044472,-0.003180005683278987
1c_risk,48,0.23221925175563374,True,128,20,72.0,25.0,7,6,3.6,17,38,0.6,2.8,3.0,0.024,0.55,31.154779785499176,1.0931177731357542,0.7231307235937245,31.039647053876823,201,63,138,31.34328358208955,36573.130000000005,33457.63,3115.5000000000073,4278.75,0,1,31.09070301649968,1.2916992309359463,1.3618673140557764,20.797047183224766,80,29,51,36.25,13767.46,10658.41,3109.0499999999993,1318.59,0,8,0.09327210904949905,0.07292480773398657,-0.03312598390414152,0.06349206349206349,0.031154779785499177,0.0046558886567877105,-0.00015441305806074705
1c_risk,49,0.30938289866603647,True,128,20,72.0,25.0,7,6,3.6,17,38,0.6,2.8,2.5,0.028,0.45,36.450446981499375,1.1375238070803992,0.8848481756175928,23.510058930344574,201,63,138,31.34328358208955,30149.75,26504.72,3645.029999999999,3146.94,0,1,39.13150014849977,1.4525558588148213,1.7504658394575616,18.963478188800035,80,29,51,36.25,12559.96,8646.800000000001,3913.159999999998,1022.35,0,8,0.1173945004454993,0.11313896470370532,-0.02264844679314306,0.06349206349206349,0.03645044698149937,0.0068761903540199626,-0.005320820517607951
1c_risk,50,0.28160412313867844,True,128,20,72.0,25.0,7,6,3.6,17,38,0.6,2.8,2.5,0.028,0.3,26.11598080899965,1.1560127053007054,0.869433784699085,17.565164460999675,201,63,138,31.34328358208955,19351.04,16739.47,2611.5699999999997,1923.89,0,1,25.32512200399984,1.4421047486204195,1.6363429643467207,13.91113883138358,80,29,51,36.25,8260.65,5728.19,2532.46,658.66,0,8,0.07597536601199952,0.11052618715510487,-0.0,0.06349206349206349,0.026115980808999652,0.007800635265035272,-0.0023061095945243497
1c_risk,51,0.29291352331537934,True,128,20,72.0,25.0,7,6,3.6,17,38,0.6,2.8,2.0,0.026000000000000002,0.4,27.382315515499556,1.1534685234807924,0.8748081155405321,18.346599836227607,201,63,138,31.34328358208955,20580.22,17842.03,2738.1900000000023,2070.2,0,1,27.4984072499998,1.448751193322291,1.6633126434863166,14.789071711739938,80,29,51,36.25,8877.73,6127.849999999999,2749.88,707.4,0,8,0.0824952217499994,0.11218779833057274,-0.0,0.06349206349206349,0.027382315515499557,0.007673426174039622,-0.00031730194679549317
1c_risk,52,0.3073933984059825,True,128,20,72.0,25.0,7,6,3.6,17,38,0.6,2.8,2.5,0.03,0.45,36.884557393999295,1.1372905543628118,0.8822203534226832,23.66826346470124,201,63,138,31.34328358208955,30554.63,26866.16,3688.470000000001,3169.76,0,1,39.378518710499776,1.4511891912949222,1.7353747494695493,19.528176092197754,80,29,51,36.25,12665.66,8727.780000000002,3937.8799999999974,1026.03,0,8,0.11813555613149933,0.11279729782373055,-0.025875291955415738,0.06349206349206349,0.0368845573939993,0.00686452771814059,-0.004905312198035017
1c_risk,53,0.3073933984059825,True,128,20,72.0,25.0,7,6,3.6,17,38,0.6,2.8,2.5,0.03,0.45,36.884557393999295,1.1372905543628118,0.8822203534226832,23.66826346470124,201,63,138,31.34328358208955,30554.63,26866.16,3688.470000000001,3169.76,0,1,39.378518710499776,1.4511891912949222,1.7353747494695493,19.528176092197754,80,29,51,36.25,12665.66,8727.780000000002,3937.8799999999974,1026.03,0,8,0.11813555613149933,0.11279729782373055,-0.025875291955415738,0.06349206349206349,0.0368845573939993,0.00686452771814059,-0.004905312198035017
1c_risk,54,0.3073933984059825,True,128,20,72.0,25.0,7,6,3.6,17,38,0.6,2.8,2.5,0.03,0.45,36.884557393999295,1.1372905543628118,0.8822203534226832,23.66826346470124,201,63,138,31.34328358208955,30554.63,26866.16,3688.470000000001,3169.76,0,1,39.378518710499776,1.4511891912949222,1.7353747494695493,19.528176092197754,80,29,51,36.25,12665.66,8727.780000000002,3937.8799999999974,1026.03,0,8,0.11813555613149933,0.11279729782373055,-0.025875291955415738,0.06349206349206349,0.0368845573939993,0.00686452771814059,-0.004905312198035017
1c_risk,55,0.30967945502391636,True,128,20,72.0,25.0,7,6,3.6,17,38,0.6,2.8,2.5,0.029,0.45,37.0686013809993,1.138603273434167,0.8898380900167142,23.58938617522064,201,63,138,31.34328358208955,30451.249999999996,26744.39,3706.859999999997,3166.3,0,1,39.265968912999774,1.4519951423621702,1.742941295532952,19.250778820407877,80,29,51,36.25,12613.99,8687.35,3926.6399999999994,1024.3,0,8,0.11779790673899933,0.11299878559054255,-0.024290164688045013,0.06349206349206349,0.0370686013809993,0.006930163671708345,-0.004317901162351641
1c_risk,56,0.30967945502391636,True,128,20,72.0,25.0,7,6,3.6,17,38,0.6,2.8,2.5,0.029,0.45,37.0686013809993,1.138603273434167,0.8898380900167142,23.58938617522064,201,63,138,31.34328358208955,30451.249999999996,26744.39,3706.859999999997,3166.3,0,1,39.265968912999774,1.4519951423621702,1.742941295532952,19.250778820407877,80,29,51,36.25,12613.99,8687.35,3926.6399999999994,1024.3,0,8,0.11779790673899933,0.11299878559054255,-0.024290164688045013,0.06349206349206349,0.0370686013809993,0.006930163671708345,-0.004317901162351641
1c_risk,57,0.29047236366774076,True,128,20,72.0,25.0,7,6,3.6,17,38,0.6,2.8,2.0,0.028,0.4,27.5525221904996,1.1531390427385582,0.8705837017627569,18.623582456569395,201,63,138,31.34328358208955,20747.22,17991.95,2755.2700000000004,2077.08,0,1,27.260631597499813,1.4431508396961457,1.6430271623844435,14.832627157094224,80,29,51,36.25,8877.73,6151.629999999999,2726.1000000000004,708.06,0,8,0.08178189479249943,0.11078770992403641,-0.0,0.06349206349206349,0.0275525221904996,0.007656952136927908,-0.0007987788682860659
1c_risk,58,0.2777070113374021,True,128,20,72.0,25.0,7,6,3.6,17,38,0.6,2.8,3.0,0.029,0.5,38.065492349999296,1.1092367691539489,0.8103746880137953,30.257390953059556,201,63,138,31.34328358208955,38653.130000000005,34846.600000000006,3806.529999999999,4265.4,0,1,40.45456516549974,1.3680029400500862,1.5860050397386556,21.669752654614964,80,29,51,36.25,15038.47,10993.010000000002,4045.4599999999973,1322.85,0,8,0.12136369549649921,0.09200073501252154,-0.038112872312085516,0.06349206349206349,0.0380654923499993,0.005461838457697443,-0.0045639411592933365
1c_risk,59,0.2606909169182944,True,128,20,72.0,25.0,7,6,3.6,17,38,0.6,2.8,2.5,0.027,0.6000000000000001,34.90627160499915,1.1044171108565808,0.777927997257035,30.01085156446446,201,63,138,31.34328358208955,36920.41,33429.770000000004,3490.6399999999994,4130.11,0,1,36.3678173669996,1.3408655716193738,1.5066380772860353,20.980138537488457,80,29,51,36.25,14306.03,10669.249999999998,3636.7800000000025,1287.07,0,8,0.10910345210099881,0.08521639290484345,-0.034172220214219756,0.06349206349206349,0.03490627160499915,0.0052208555428290395,-0.0030758985132198213
1c_risk,60,0.2952872782611588,True,128,20,72.0,25.0,7,6,3.6,17,38,0.6,2.8,3.0,0.029,0.45,38.442845016999016,1.1208440448415324,0.8463828744720234,27.633909650485517,201,63,138,31.34328358208955,35655.82,31811.58,3844.239999999998,3844.35,0,1,41.37407857199973,1.4068724007477784,1.6713500143812228,20.77876234859582,80,29,51,36.25,14306.190000000002,10168.79,4137.4000000000015,1214.29,0,8,0.1241222357159992,0.1017181001869446,-0.03302149913483326,0.06349206349206349,0.03844284501699902,0.006042202242076623,-0.005508669258090896
1c_risk,61,0.30967945502391636,True,128,20,72.0,25.0,7,6,3.6,17,38,0.6,2.8,2.5,0.029,0.45,37.0686013809993,1.138603273434167,0.8898380900167142,23.58938617522064,201,63,138,31.34328358208955,30451.249999999996,26744.39,3706.859999999997,3166.3,0,1,39.265968912999774,1.4519951423621702,1.742941295532952,19.250778820407877,80,29,51,36.25,12613.99,8687.35,3926.6399999999994,1024.3,0,8,0.11779790673899933,0.11299878559054255,-0.024290164688045013,0.06349206349206349,0.0370686013809993,0.006930163671708345,-0.004317901162351641
1c_risk,62,0.3015129707255535,True,128,20,72.0,25.0,7,6,3.6,17,38,0.6,2.8,2.5,0.028,0.4,33.09319305349934,1.1426054835865582,0.8770159486103388,21.682813937378054,201,63,138,31.34328358208955,26515.28,23205.98,3309.2999999999993,2724.22,0,1,34.71600201799974,1.4508382042987436,1.7171262721664853,17.707305765268856,80,29,51,36.25,11172.02,7700.389999999999,3471.630000000001,900.4,0,8,0.10414800605399922,0.11270955107468589,-0.015470318658679177,0.06349206349206349,0.033093193053499344,0.007130274179327912,-0.0035897984693431728
1c_risk,63,0.27446579912806557,True,128,20,72.0,25.0,7,6,3.6,17,38,0.6,2.8,2.0,0.026000000000000002,0.35,24.312549768999578,1.15845971652016,0.8672387415004692,16.5044779766716,201,63,138,31.34328358208955,17774.12,15342.890000000001,2431.2299999999977,1763.39,0,1,23.54665667949979,1.4419947477000066,1.630832797802633,13.107056751117883,80,29,51,36.25,7681.78,5327.190000000001,2354.5899999999983,611.3,0,8,0.07063997003849937,0.11049868692500164,-0.0,0.06349206349206349,0.02431254976899958,0.007922985826008,-0.0024004569225065013
1c_risk,64,0.29612232514287967,True,128,20,72.0,25.0,7,6,3.6,17,38,0.6,2.8,2.0,0.027,0.45,29.548162011999484,1.144532067800324,0.8605440644857055,20.1487960683214,201,63,138,31.34328358208955,23398.309999999994,20443.560000000005,2954.749999999989,2382.73,0,1,31.420680022499877,1.4540332695608948,1.7056516400295723,16.27889222645001,80,29,51,36.25,10062.55,6920.4400000000005,3142.1099999999988,804.77,0,8,0.09426204006749962,0.11350831739022371,-0.007307955579714353,0.06349206349206349,0.029548162011999488,0.007226603390016195,-0.0046069056292085
1c_risk,65,0.29275543676240906,True,128,20,72.0,25.0,7,6,3.6,17,38,0.6,2.8,2.5,0.029,0.55,38.517851183499225,1.1190925761656545,0.8414191409887929,28.082776536347943,201,63,138,31.34328358208955,36194.8,32342.989999999998,3851.810000000005,3917.2,0,1,41.300586754499705,1.4000891226744552,1.656914196942344,20.93313874617777,80,29,51,36.25,14452.910000000002,10322.850000000002,4130.0599999999995,1233.99,0,8,0.1239017602634991,0.1000222806686138,-0.033903649978158694,0.06349206349206349,0.03851785118349923,0.0059546288082827255,-0.00522949767539057
1c_risk,66,0.3117391712334745,True,128,20,72.0,25.0,7,6,3.6,17,38,0.6,2.8,3.0,0.029,0.4,38.448321361499424,1.1341259470166054,0.8859371194903005,24.872901643566426,201,63,138,31.34328358208955,32511.239999999998,28666.340000000004,3844.899999999994,3415.67,0,1,41.48060336699973,1.4486304962659728,1.7513091114860697,19.867863110269496,80,29,51,36.25,13394.11,9246.050000000001,4148.0599999999995,1096.91,0,8,0.12444181010099918,0.11215762406649321,-0.02781636063011141,0.06349206349206349,0.03844832136149943,0.006706297350830271,-0.005690584508299647
1c_risk,67,0.3039879097416023,True,128,20,72.0,25.0,7,6,3.6,17,38,0.6,2.8,3.0,0.029,0.35,34.5295098534994,1.1400704465604465,0.8773236821232653,22.461360984195778,201,63,138,31.34328358208955,28104.23,24651.309999999998,3452.920000000002,2899.03,0,1,36.79153698299971,1.4528628190483692,1.7303571878377828,18.477264545705474,80,29,51,36.25,11803.289999999999,8124.16,3679.129999999999,951.9399999999999,0,8,0.11037461094899911,0.1132157047620923,-0.019870083118316992,0.06349206349206349,0.034529509853499396,0.007003522328022327,-0.0047574185247573385
1c_risk,68,0.1936219021746578,True,128,20,72.0,25.0,7,6,3.6,17,38,0.6,2.8,3.5,0.013000000000000001,0.4,17.90679450999949,1.0910527161488206,0.6335413328583569,19.919970051188397,201,63,138,31.34328358208955,21456.73,19666.08,1790.6499999999978,2765.35,0,1,16.703758585499838,1.2510920640837935,1.2072811653716298,13.83799767552077,80,29,51,36.25,8322.939999999999,6652.54,1670.3999999999987,892.53,0,8,0.050111275756499506,0.06277301602094837,-0.0,0.06349206349206349,0.01790679450999949,0.00455263580744103,-0.0052138834122940885
1c_risk,69,0.30173389080858304,True,128,20,72.0,25.0,7,6,3.6,17,38,0.6,2.8,3.0,0.03,0.45,39.76300247499914,1.1230381833675451,0.8597960344202339,27.598976245348233,201,63,138,31.34328358208955,36294.64,32318.260000000002,3976.3799999999974,3890.27,0,1,42.92282344949972,1.4173799992026364,1.695759128741722,21.13450895427591,80,29,51,36.25,14576.179999999998,10283.89,4292.289999999999,1226.44,0,8,0.12876847034849914,0.10434499980065909,-0.03505433688157662,0.06349206349206349,0.03976300247499914,0.006151909168377257,-0.00573221759443844
1c_risk,70,0.2532527330633425,True,128,20,72.0,25.0,7,6,3.6,17,38,0.6,2.8,3.5,0.027,0.45,34.84738425599899,1.100219062932924,0.7654030650128584,31.08328741015871,201,63,138,31.34328358208955,38255.530000000006,34770.83,3484.7000000000044,4325.24,0,1,35.83563397099957,1.3250890604631416,1.4663435159216138,21.436433546882164,80,29,51,36.25,14607.0,11023.41,3583.59,1336.05,0,8,0.10750690191299869,0.08127226511578539,-0.03677962026789808,0.06349206349206349,0.03484738425599899,0.005010953146646202,-0.002097214592252158
1c_risk,71,0.3015129707255535,True,128,20,72.0,25.0,7,6,3.6,17,38,0.6,2.8,2.5,0.028,0.4,33.09319305349934,1.1426054835865582,0.8770159486103388,21.682813937378054,201,63,138,31.34328358208955,26515.28,23205.98,3309.2999999999993,2724.22,0,1,34.71600201799974,1.4508382042987436,1.7171262721664853,17.707305765268856,80,29,51,36.25,11172.02,7700.389999999999,3471.630000000001,900.4,0,8,0.10414800605399922,0.11270955107468589,-0.015470318658679177,0.06349206349206349,0.033093193053499344,0.007130274179327912,-0.0035897984693431728
1c_risk,72,0.3006561200291026,True,128,20,72.0,25.0,7,6,3.6,17,38,0.6,2.8,2.0,0.027,0.6000000000000001,36.255116642499395,1.1304743858967232,0.864226866003858,24.808438708363905,201,63,138,31.34328358208955,31411.870000000003,27786.449999999997,3625.4200000000055,3339.09,0,1,38.69191895249974,1.4272358271185617,1.707974090347602,19.133927749751997,80,29,51,36.25,12925.590000000002,9056.380000000001,3869.210000000001,1077.31,0,8,0.11607575685749923,0.10680895677964042,-0.02362244428429713,0.06349206349206349,0.0362551166424994,0.006523719294836161,-0.004877048753138961
1c_risk,73,0.29485088856733743,True,128,20,72.0,25.0,7,6,3.6,17,38,0.6,2.8,2.5,0.028,0.35,29.402446848999624,1.1477693228939725,0.8679898801127248,19.863063181501623,201,63,138,31.34328358208955,22838.05,19897.77,2940.279999999999,2311.02,0,1,30.186586319999787,1.4473908474762158,1.671538062038238,16.026495778236193,80,29,51,36.25,9765.849999999999,6747.21,3018.6399999999985,780.88,0,8,0.09055975895999936,0.11184771186905396,-0.005865690161349672,0.06349206349206349,0.029402446848999626,0.007388466144698624,-0.0019738685861279514
1c_risk,74,0.30176039589307807,True,128,20,72.0,25.0,7,6,3.6,17,38,0.6,2.8,2.0,0.029,0.65,38.62145515499924,1.125429546010341,0.8611174649800756,26.698908787262297,201,63,138,31.34328358208955,34653.35999999999,30791.23,3862.1299999999937,3704.69,0,1,41.62968767099968,1.4214074076323573,1.7022568692786877,20.467477843235827,80,29,51,36.25,14041.699999999999,9878.730000000001,4162.9699999999975,1177.34,0,8,0.12488906301299904,0.10535185190808932,-0.031242730532776153,0.06349206349206349,0.03862145515499924,0.006271477300517048,-0.005622784442813937
1c_risk,75,0.28335672465415845,True,128,20,72.0,25.0,7,6,3.6,17,38,0.6,2.8,1.5,0.025,0.5,25.737335326999638,1.1558161104364157,0.871736992779349,17.37772155203199,201,63,138,31.34328358208955,19091.47,16517.739999999998,2573.730000000003,1911.65,0,1,25.41044376199983,1.4442554277701825,1.642388816803117,13.91113883138358,80,29,51,36.25,8260.65,5719.659999999999,2540.9900000000007,658.43,0,8,0.07623133128599949,0.11106385694254561,-0.0,0.06349206349206349,0.02573733532699964,0.007790805521820788,-0.0009586679152705798
1c_risk,76,0.30173389080858304,True,128,20,72.0,25.0,7,6,3.6,17,38,0.6,2.8,3.0,0.03,0.45,39.76300247499914,1.1230381833675451,0.8597960344202339,27.598976245348233,201,63,138,31.34328358208955,36294.64,32318.260000000002,3976.3799999999974,3890.27,0,1,42.92282344949972,1.4173799992026364,1.695759128741722,21.13450895427591,80,29,51,36.25,14576.179999999998,10283.89,4292.289999999999,1226.44,0,8,0.12876847034849914,0.10434499980065909,-0.03505433688157662,0.06349206349206349,0.03976300247499914,0.006151909168377257,-0.00573221759443844
1c_risk,77,0.23349378487105338,True,128,20,72.0,25.0,7,6,3.6,17,38,0.6,2.8,2.5,0.026000000000000002,0.7,33.32144518249892,1.0908449984255708,0.7298420261178725,32.99438113710973,201,63,138,31.34328358208955,40012.140000000014,36679.95,3332.190000000017,4673.6,0,1,33.49676762899962,1.2912895076678246,1.368630209034511,22.136687724067084,80,29,51,36.25,14848.99,11499.35,3349.6399999999994,1418.68,0,8,0.10049030288699885,0.07282237691695614,-0.040781072708954764,0.06349206349206349,0.033321445182498924,0.00454224992127854,-0.00039358081978779774
1c_risk,78,0.29515409369804824,True,128,20,72.0,25.0,7,6,3.6,17,38,0.6,2.8,2.0,0.028,0.65,37.33010675349922,1.1232440784228275,0.8477315224349935,26.69097042016141,201,63,138,31.34328358208955,34022.67,30289.65,3733.019999999997,3659.06,0,1,39.99921355749962,1.4098417766265492,1.676013616629994,20.094416216837203,80,29,51,36.25,13759.52,9759.619999999999,3999.9000000000015,1164.89,0,8,0.11999764067249886,0.1024604441566373,-0.029110949810498304,0.06349206349206349,0.03733010675349922,0.006162203921141374,-0.005177415487293691
1c_risk,79,0.3080240018802289,True,128,20,72.0,25.0,7,6,3.6,17,38,0.6,2.8,2.5,0.029,0.5,38.6342912999993,1.1298069104734974,0.874322618767448,25.787321464864664,201,63,138,31.34328358208955,33625.72,29762.36,3863.3600000000006,3562.88,0,1,41.868341476499666,1.4372938534649335,1.7344857218893146,20.161660500450573,80,29,51,36.25,13761.370000000003,9574.499999999998,4186.870000000004,1139.32,0,8,0.125605024429499,0.10932346336623339,-0.029495202859717563,0.06349206349206349,0.0386342912999993,0.006490345523674868,-0.006025983371523621
1c_risk,80,0.2777070113374021,True,128,20,72.0,25.0,7,6,3.6,17,38,0.6,2.8,3.0,0.029,0.5,38.065492349999296,1.1092367691539489,0.8103746880137953,30.257390953059556,201,63,138,31.34328358208955,38653.130000000005,34846.600000000006,3806.529999999999,4265.4,0,1,40.45456516549974,1.3680029400500862,1.5860050397386556,21.669752654614964,80,29,51,36.25,15038.47,10993.010000000002,4045.4599999999973,1322.85,0,8,0.12136369549649921,0.09200073501252154,-0.038112872312085516,0.06349206349206349,0.0380654923499993,0.005461838457697443,-0.0045639411592933365
1c_risk,81,0.30275883009721594,True,128,20,72.0,25.0,7,6,3.6,17,38,0.6,2.8,2.5,0.027,0.4,33.13253535499931,1.143526546589033,0.8815605879247268,21.363102115883354,201,63,138,31.34328358208955,26397.749999999996,23084.51,3313.239999999998,2719.49,0,1,34.72684959149978,1.4526416358408474,1.7272777333768135,17.600306919241497,80,29,51,36.25,11144.869999999999,7672.14,3472.7299999999987,898.78,0,8,0.10418054877449934,0.11316040896021184,-0.014858896681379984,0.06349206349206349,0.03313253535499932,0.007176327329451649,-0.0035241571326297093
1c_risk,82,0.29275543676240906,True,128,20,72.0,25.0,7,6,3.6,17,38,0.6,2.8,2.5,0.029,0.55,38.517851183499225,1.1190925761656545,0.8414191409887929,28.082776536347943,201,63,138,31.34328358208955,36194.8,32342.989999999998,3851.810000000005,3917.2,0,1,41.300586754499705,1.4000891226744552,1.656914196942344,20.93313874617777,80,29,51,36.25,14452.910000000002,10322.850000000002,4130.0599999999995,1233.99,0,8,0.1239017602634991,0.1000222806686138,-0.033903649978158694,0.06349206349206349,0.03851785118349923,0.0059546288082827255,-0.00522949767539057
1c_risk,83,0.31266877047645236,True,128,20,72.0,25.0,7,6,3.6,17,38,0.6,2.8,2.0,0.03,0.6000000000000001,38.94883348699919,1.1345520206552957,0.8881850374923385,24.970847892445335,201,63,138,31.34328358208955,32842.49,28947.54,3894.949999999997,3437.02,0,1,41.8922500199997,1.450760783368536,1.7514999707461327,20.145907727634206,80,29,51,36.25,13482.949999999999,9293.710000000001,4189.239999999998,1100.07,0,8,0.1256767500599991,0.11269019584213402,-0.02940518701505261,0.06349206349206349,0.03894883348699919,0.006727601032764785,-0.00546148642245563
1c_risk,84,0.2950189617253708,True,128,20,72.0,25.0,7,6,3.6,17,38,0.6,2.8,2.0,0.03,0.45,30.571566116499486,1.1473017469912608,0.8710957928974378,20.53757762784437,201,63,138,31.34328358208955,23811.72,20754.54,3057.1800000000003,2404.01,0,1,30.83826280999989,1.4419386504825846,1.650393884417085,16.53260999705564,80,29,51,36.25,10061.92,6978.05,3083.87,805.89,0,8,0.09251478842999966,0.11048466262064616,-0.008757771411746518,0.06349206349206349,0.03057156611649949,0.007365087349563038,-0.0006514348716545258
1c_risk,85,0.31317428964952965,True,128,20,72.0,25.0,7,6,3.6,17,38,0.6,2.8,2.5,0.03,0.5,39.80838079749925,1.1318079809498711,0.8859561700508481,25.782624969360334,201,63,138,31.34328358208955,34183.340000000004,30202.42,3980.9200000000055,3602.2599999999998,0,1,43.10558202299969,1.4461962226183305,1.7513027566323829,20.53304058322357,80,29,51,36.25,13971.210000000001,9660.66,4310.550000000001,1147.46,0,8,0.12931674606899907,0.11154905565458262,-0.031617374761277545,0.06349206349206349,0.03980838079749925,0.006590399047493556,-0.005964980649830801
1c_risk,86,0.31317428964952965,True,128,20,72.0,25.0,7,6,3.6,17,38,0.6,2.8,2.5,0.03,0.5,39.80838079749925,1.1318079809498711,0.8859561700508481,25.782624969360334,201,63,138,31.34328358208955,34183.340000000004,30202.42,3980.9200000000055,3602.2599999999998,0,1,43.10558202299969,1.4461962226183305,1.7513027566323829,20.53304058322357,80,29,51,36.25,13971.210000000001,9660.66,4310.550000000001,1147.46,0,8,0.12931674606899907,0.11154905565458262,-0.031617374761277545,0.06349206349206349,0.03980838079749925,0.006590399047493556,-0.005964980649830801
1c_risk,87,0.30173389080858304,True,128,20,72.0,25.0,7,6,3.6,17,38,0.6,2.8,3.0,0.03,0.45,39.76300247499914,1.1230381833675451,0.8597960344202339,27.598976245348233,201,63,138,31.34328358208955,36294.64,32318.260000000002,3976.3799999999974,3890.27,0,1,42.92282344949972,1.4173799992026364,1.695759128741722,21.13450895427591,80,29,51,36.25,14576.179999999998,10283.89,4292.289999999999,1226.44,0,8,0.12876847034849914,0.10434499980065909,-0.03505433688157662,0.06349206349206349,0.03976300247499914,0.006151909168377257,-0.00573221759443844
1c_risk,88,0.3080240018802289,True,128,20,72.0,25.0,7,6,3.6,17,38,0.6,2.8,2.5,0.029,0.5,38.6342912999993,1.1298069104734974,0.874322618767448,25.787321464864664,201,63,138,31.34328358208955,33625.72,29762.36,3863.3600000000006,3562.88,0,1,41.868341476499666,1.4372938534649335,1.7344857218893146,20.161660500450573,80,29,51,36.25,13761.370000000003,9574.499999999998,4186.870000000004,1139.32,0,8,0.125605024429499,0.10932346336623339,-0.029495202859717563,0.06349206349206349,0.0386342912999993,0.006490345523674868,-0.006025983371523621
1c_risk,89,0.2854302952606204,True,128,20,72.0,25.0,7,6,3.6,17,38,0.6,2.8,3.0,0.03,0.5,39.55846177949916,1.1114513193556201,0.824666772737754,30.34100843781688,201,63,138,31.34328358208955,39450.520000000004,35494.600000000006,3955.9199999999983,4327.12,0,1,42.40997170199971,1.3801375326935932,1.6183639224320843,22.041809038383846,80,29,51,36.25,15397.67,11156.620000000003,4241.049999999997,1340.02,0,8,0.12722991510599913,0.0950343831733983,-0.04023890879076483,0.06349206349206349,0.03955846177949916,0.005572565967781007,-0.00521818546735585
1c_risk,90,0.2990775407926389,True,128,20,72.0,25.0,7,6,3.6,17,38,0.6,2.8,2.5,0.03,0.4,32.644812106999396,1.1395203029305798,0.8618286158889493,22.121073599191515,201,63,138,31.34328358208955,26662.61,23398.1,3264.510000000002,2728.45,0,1,35.04874983199976,1.4514749507619817,1.7082458249839347,17.926617466357357,80,29,51,36.25,11268.250000000002,7763.31,3504.9400000000014,905.17,0,8,0.10514624949599928,0.11286873769049544,-0.016723528379184893,0.06349206349206349,0.0326448121069994,0.0069760151465289915,-0.005326808760262815
1c_risk,91,0.3080240018802289,True,128,20,72.0,25.0,7,6,3.6,17,38,0.6,2.8,2.5,0.029,0.5,38.6342912999993,1.1298069104734974,0.874322618767448,25.787321464864664,201,63,138,31.34328358208955,33625.72,29762.36,3863.3600000000006,3562.88,0,1,41.868341476499666,1.4372938534649335,1.7344857218893146,20.161660500450573,80,29,51,36.25,13761.370000000003,9574.499999999998,4186.870000000004,1139.32,0,8,0.125605024429499,0.10932346336623339,-0.029495202859717563,0.06349206349206349,0.0386342912999993,0.006490345523674868,-0.006025983371523621
1c_risk,92,0.3080240018802289,True,128,20,72.0,25.0,7,6,3.6,17,38,0.6,2.8,2.5,0.029,0.5,38.6342912999993,1.1298069104734974,0.874322618767448,25.787321464864664,201,63,138,31.34328358208955,33625.72,29762.36,3863.3600000000006,3562.88,0,1,41.868341476499666,1.4372938534649335,1.7344857218893146,20.161660500450573,80,29,51,36.25,13761.370000000003,9574.499999999998,4186.870000000004,1139.32,0,8,0.125605024429499,0.10932346336623339,-0.029495202859717563,0.06349206349206349,0.0386342912999993,0.006490345523674868,-0.006025983371523621
1c_risk,93,0.3080240018802289,True,128,20,72.0,25.0,7,6,3.6,17,38,0.6,2.8,2.5,0.029,0.5,38.6342912999993,1.1298069104734974,0.874322618767448,25.787321464864664,201,63,138,31.34328358208955,33625.72,29762.36,3863.3600000000006,3562.88,0,1,41.868341476499666,1.4372938534649335,1.7344857218893146,20.161660500450573,80,29,51,36.25,13761.370000000003,9574.499999999998,4186.870000000004,1139.32,0,8,0.125605024429499,0.10932346336623339,-0.029495202859717563,0.06349206349206349,0.0386342912999993,0.006490345523674868,-0.006025983371523621
1c_risk,94,0.30938289866603647,True,128,20,72.0,25.0,7,6,3.6,17,38,0.6,2.8,2.5,0.028,0.45,36.450446981499375,1.1375238070803992,0.8848481756175928,23.510058930344574,201,63,138,31.34328358208955,30149.75,26504.72,3645.029999999999,3146.94,0,1,39.13150014849977,1.4525558588148213,1.7504658394575616,18.963478188800035,80,29,51,36.25,12559.96,8646.800000000001,3913.159999999998,1022.35,0,8,0.1173945004454993,0.11313896470370532,-0.02264844679314306,0.06349206349206349,0.03645044698149937,0.0068761903540199626,-0.005320820517607951
1c_risk,95,0.28864658014033917,True,128,20,72.0,25.0,7,6,3.6,17,38,0.6,2.8,3.0,0.028,0.45,37.14455042149906,1.1187024357133135,0.8328696614774459,27.620833005713845,201,63,138,31.34328358208955,35006.280000000006,31291.86,3714.4200000000055,3796.94,0,1,39.73716028849967,1.3954188628853066,1.6440614597771994,20.41328248032338,80,29,51,36.25,14023.220000000003,10049.470000000001,3973.750000000002,1202.3,0,8,0.11921148086549901,0.09885471572132665,-0.030933042744705038,0.06349206349206349,0.03714455042149906,0.005935121785665676,-0.005058309401009659
1c_risk,96,0.3083431641521492,True,128,20,72.0,25.0,7,6,3.6,17,38,0.6,2.8,2.5,0.027,0.45,36.091612282499376,1.1374879574135282,0.8847337371776243,23.40341784734001,201,63,138,31.34328358208955,29859.729999999992,26250.590000000004,3609.1399999999885,3130.18,0,1,38.487072474999785,1.4481113732101647,1.7465099607243872,18.637547309439874,80,29,51,36.25,12437.509999999998,8588.78,3848.7299999999977,1017.75,0,8,0.11546121742499935,0.11202784330254117,-0.02078598462537071,0.06349206349206349,0.03609161228249937,0.006874397870676408,-0.004817985595259916
1c_risk,97,0.3083431641521492,True,128,20,72.0,25.0,7,6,3.6,17,38,0.6,2.8,2.5,0.027,0.45,36.091612282499376,1.1374879574135282,0.8847337371776243,23.40341784734001,201,63,138,31.34328358208955,29859.729999999992,26250.590000000004,3609.1399999999885,3130.18,0,1,38.487072474999785,1.4481113732101647,1.7465099607243872,18.637547309439874,80,29,51,36.25,12437.509999999998,8588.78,3848.7299999999977,1017.75,0,8,0.11546121742499935,0.11202784330254117,-0.02078598462537071,0.06349206349206349,0.03609161228249937,0.006874397870676408,-0.004817985595259916
1c_risk,98,0.2932844972587322,True,128,20,72.0,25.0,7,6,3.6,17,38,0.6,2.8,3.0,0.026000000000000002,0.4,34.94151994149944,1.127933998556685,0.849589783824698,24.828021020367878,201,63,138,31.34328358208955,30806.27999999999,27312.129999999997,3494.149999999994,3296.89,0,1,36.96967169099977,1.4132282489386865,1.6752437493831325,18.767982595112134,80,29,51,36.25,12643.39,8946.46,3696.9300000000003,1065.16,0,8,0.1109090150729993,0.10330706223467162,-0.02153132911492648,0.06349206349206349,0.034941519941499445,0.006396699927834249,-0.004230534295409445
1c_risk,99,0.30938289866603647,True,128,20,72.0,25.0,7,6,3.6,17,38,0.6,2.8,2.5,0.028,0.45,36.450446981499375,1.1375238070803992,0.8848481756175928,23.510058930344574,201,63,138,31.34328358208955,30149.75,26504.72,3645.029999999999,3146.94,0,1,39.13150014849977,1.4525558588148213,1.7504658394575616,18.963478188800035,80,29,51,36.25,12559.96,8646.800000000001,3913.159999999998,1022.35,0,8,0.1173945004454993,0.11313896470370532,-0.02264844679314306,0.06349206349206349,0.03645044698149937,0.0068761903540199626,-0.005320820517607951
1c_risk,100,0.19600085886047083,True,128,20,72.0,25.0,7,6,3.6,17,38,0.6,2.8,5.0,0.028,0.45,31.596533195498704,1.0706256135701602,0.666110096516593,37.52713982469601,201,63,138,31.34328358208955,47897.82,44738.16,3159.659999999996,5887.66,0,1,33.47597954049957,1.2466497891290191,1.2552085033383285,25.565984383948702,80,29,51,36.25,16919.88,13572.279999999999,3347.600000000002,1723.1,0,8,0.10042793862149872,0.061662447282254784,-0.060377053622564014,0.06349206349206349,0.031596533195498704,0.003531280678508009,-0.00433235078678886
1c_risk,101,0.3073933984059825,True,128,20,72.0,25.0,7,6,3.6,17,38,0.6,2.8,2.5,0.03,0.45,36.884557393999295,1.1372905543628118,0.8822203534226832,23.66826346470124,201,63,138,31.34328358208955,30554.63,26866.16,3688.470000000001,3169.76,0,1,39.378518710499776,1.4511891912949222,1.7353747494695493,19.528176092197754,80,29,51,36.25,12665.66,8727.780000000002,3937.8799999999974,1026.03,0,8,0.11813555613149933,0.11279729782373055,-0.025875291955415738,0.06349206349206349,0.0368845573939993,0.00686452771814059,-0.004905312198035017
1c_risk,102,0.30275883009721594,True,128,20,72.0,25.0,7,6,3.6,17,38,0.6,2.8,2.5,0.027,0.4,33.13253535499931,1.143526546589033,0.8815605879247268,21.363102115883354,201,63,138,31.34328358208955,26397.749999999996,23084.51,3313.239999999998,2719.49,0,1,34.72684959149978,1.4526416358408474,1.7272777333768135,17.600306919241497,80,29,51,36.25,11144.869999999999,7672.14,3472.7299999999987,898.78,0,8,0.10418054877449934,0.11316040896021184,-0.014858896681379984,0.06349206349206349,0.03313253535499932,0.007176327329451649,-0.0035241571326297093
1c_risk,103,0.3073933984059825,True,128,20,72.0,25.0,7,6,3.6,17,38,0.6,2.8,2.5,0.03,0.45,36.884557393999295,1.1372905543628118,0.8822203534226832,23.66826346470124,201,63,138,31.34328358208955,30554.63,26866.16,3688.470000000001,3169.76,0,1,39.378518710499776,1.4511891912949222,1.7353747494695493,19.528176092197754,80,29,51,36.25,12665.66,8727.780000000002,3937.8799999999974,1026.03,0,8,0.11813555613149933,0.11279729782373055,-0.025875291955415738,0.06349206349206349,0.0368845573939993,0.00686452771814059,-0.004905312198035017
1c_risk,104,0.2660112469969621,True,128,20,72.0,25.0,7,6,3.6,17,38,0.6,2.8,3.0,0.025,0.45,33.07036734449928,1.1119210730982891,0.7904296292405391,27.412522204205192,201,63,138,31.34328358208955,32854.310000000005,29547.340000000004,3306.970000000001,3637.62,0,1,34.11224696199974,1.354871428898381,1.5349172722937472,19.353231684860518,80,29,51,36.25,13023.81,9612.58,3411.2299999999996,1155.92,0,8,0.10233674088599921,0.08871785722459524,-0.024875609627774388,0.06349206349206349,0.03307036734449928,0.005596053654914457,-0.0023262259773351836
1c_risk,105,0.3015129707255535,True,128,20,72.0,25.0,7,6,3.6,17,38,0.6,2.8,2.5,0.028,0.4,33.09319305349934,1.1426054835865582,0.8770159486103388,21.682813937378054,201,63,138,31.34328358208955,26515.28,23205.98,3309.2999999999993,2724.22,0,1,34.71600201799974,1.4508382042987436,1.7171262721664853,17.707305765268856,80,29,51,36.25,11172.02,7700.389999999999,3471.630000000001,900.4,0,8,0.10414800605399922,0.11270955107468589,-0.015470318658679177,0.06349206349206349,0.033093193053499344,0.007130274179327912,-0.0035897984693431728
1c_risk,106,0.3083431641521492,True,128,20,72.0,25.0,7,6,3.6,17,38,0.6,2.8,2.5,0.027,0.45,36.091612282499376,1.1374879574135282,0.8847337371776243,23.40341784734001,201,63,138,31.34328358208955,29859.729999999992,26250.590000000004,3609.1399999999885,3130.18,0,1,38.487072474999785,1.4481113732101647,1.7465099607243872,18.637547309439874,80,29,51,36.25,12437.509999999998,8588.78,3848.7299999999977,1017.75,0,8,0.11546121742499935,0.11202784330254117,-0.02078598462537071,0.06349206349206349,0.03609161228249937,0.006874397870676408,-0.004817985595259916
1c_risk,107,0.243671492955316,True,128,20,72.0,25.0,7,6,3.6,17,38,0.6,2.8,4.0,0.029,0.45,37.036237971498906,1.0923521581992923,0.7560645245615455,34.404257934190866,201,63,138,31.34328358208955,43806.97,40103.34,3703.6300000000047,5040.37,0,1,37.45933507649959,1.302537297038851,1.4133696031940872,23.511093835732837,80,29,51,36.25,16127.599999999999,12381.679999999998,3745.92,1511.94,0,8,0.11237800522949877,0.07563432425971273,-0.048634821918473355,0.06349206349206349,0.03703623797149891,0.004617607909964616,-0.000851923988949139
1c_risk,108,0.29047236366774076,True,128,20,72.0,25.0,7,6,3.6,17,38,0.6,2.8,2.0,0.028,0.4,27.5525221904996,1.1531390427385582,0.8705837017627569,18.623582456569395,201,63,138,31.34328358208955,20747.22,17991.95,2755.2700000000004,2077.08,0,1,27.260631597499813,1.4431508396961457,1.6430271623844435,14.832627157094224,80,29,51,36.25,8877.73,6151.629999999999,2726.1000000000004,708.06,0,8,0.08178189479249943,0.11078770992403641,-0.0,0.06349206349206349,0.0275525221904996,0.007656952136927908,-0.0007987788682860659
1c_risk,109,0.2742308449542069,True,128,20,72.0,25.0,7,6,3.6,17,38,0.6,2.8,3.0,0.026000000000000002,0.45,34.652160540999304,1.1148084350406644,0.808169334530816,27.474317408665417,201,63,138,31.34328358208955,33647.35999999999,30182.190000000002,3465.169999999991,3696.72,0,1,35.980198341499765,1.3686462993055373,1.573536965691621,19.71373932600563,80,29,51,36.25,13358.070000000002,9760.06,3598.010000000002,1171.48,0,8,0.10794059502449929,0.09216157482638432,-0.026935653291460745,0.06349206349206349,0.03465216054099931,0.00574042175203322,-0.002820317390311982
1c_risk,110,0.1698235213081064,True,128,20,72.0,25.0,7,6,3.6,17,38,0.6,2.8,2.5,0.007,0.35,10.055521317499643,1.098826683755005,0.6016097739763895,11.303079401575006,201,63,138,31.34328358208955,11180.099999999999,10174.58,1005.5199999999986,1480.66,0,1,9.59170550499979,1.2644022570588216,1.229389075198594,7.858238960100317,80,29,51,36.25,4586.909999999999,3627.73,959.1799999999989,502.75,0,8,0.028775116514999373,0.0661005642647054,-0.0,0.06349206349206349,0.010055521317499644,0.004941334187750246,-0.0035410784689117363
1c_risk,111,0.3083431641521492,True,128,20,72.0,25.0,7,6,3.6,17,38,0.6,2.8,2.5,0.027,0.45,36.091612282499376,1.1374879574135282,0.8847337371776243,23.40341784734001,201,63,138,31.34328358208955,29859.729999999992,26250.590000000004,3609.1399999999885,3130.18,0,1,38.487072474999785,1.4481113732101647,1.7465099607243872,18.637547309439874,80,29,51,36.25,12437.509999999998,8588.78,3848.7299999999977,1017.75,0,8,0.11546121742499935,0.11202784330254117,-0.02078598462537071,0.06349206349206349,0.03609161228249937,0.006874397870676408,-0.004817985595259916
1c_risk,112,0.3083431641521492,True,128,20,72.0,25.0,7,6,3.6,17,38,0.6,2.8,2.5,0.027,0.45,36.091612282499376,1.1374879574135282,0.8847337371776243,23.40341784734001,201,63,138,31.34328358208955,29859.729999999992,26250.590000000004,3609.1399999999885,3130.18,0,1,38.487072474999785,1.4481113732101647,1.7465099607243872,18.637547309439874,80,29,51,36.25,12437.509999999998,8588.78,3848.7299999999977,1017.75,0,8,0.11546121742499935,0.11202784330254117,-0.02078598462537071,0.06349206349206349,0.03609161228249937,0.006874397870676408,-0.004817985595259916
1c_risk,113,0.3015129707255535,True,128,20,72.0,25.0,7,6,3.6,17,38,0.6,2.8,2.5,0.028,0.4,33.09319305349934,1.1426054835865582,0.8770159486103388,21.682813937378054,201,63,138,31.34328358208955,26515.28,23205.98,3309.2999999999993,2724.22,0,1,34.71600201799974,1.4508382042987436,1.7171262721664853,17.707305765268856,80,29,51,36.25,11172.02,7700.389999999999,3471.630000000001,900.4,0,8,0.10414800605399922,0.11270955107468589,-0.015470318658679177,0.06349206349206349,0.033093193053499344,0.007130274179327912,-0.0035897984693431728
1c_risk,114,0.3073933984059825,True,128,20,72.0,25.0,7,6,3.6,17,38,0.6,2.8,2.5,0.03,0.45,36.884557393999295,1.1372905543628118,0.8822203534226832,23.66826346470124,201,63,138,31.34328358208955,30554.63,26866.16,3688.470000000001,3169.76,0,1,39.378518710499776,1.4511891912949222,1.7353747494695493,19.528176092197754,80,29,51,36.25,12665.66,8727.780000000002,3937.8799999999974,1026.03,0,8,0.11813555613149933,0.11279729782373055,-0.025875291955415738,0.06349206349206349,0.0368845573939993,0.00686452771814059,-0.004905312198035017
1c_risk,115,0.30490315197058565,True,128,20,72.0,25.0,7,6,3.6,17,38,0.6,2.8,2.0,0.026000000000000002,0.5,33.22261913499937,1.14478360988943,0.8879816077748715,21.13165639463879,201,63,138,31.34328358208955,26268.800000000003,22946.52,3322.2800000000025,2713.16,0,1,34.66109105949976,1.454051242954061,1.737191938788749,17.339445409054495,80,29,51,36.25,11099.98,7633.83,3466.1499999999996,897.0600000000001,0,8,0.10398327317849927,0.11351281073851527,-0.013368259480311399,0.06349206349206349,0.033222619134999375,0.007239180494471498,-0.003178535587651827
1c_risk,116,0.3117391712334745,True,128,20,72.0,25.0,7,6,3.6,17,38,0.6,2.8,3.0,0.029,0.4,38.448321361499424,1.1341259470166054,0.8859371194903005,24.872901643566426,201,63,138,31.34328358208955,32511.239999999998,28666.340000000004,3844.899999999994,3415.67,0,1,41.48060336699973,1.4486304962659728,1.7513091114860697,19.867863110269496,80,29,51,36.25,13394.11,9246.050000000001,4148.0599999999995,1096.91,0,8,0.12444181010099918,0.11215762406649321,-0.02781636063011141,0.06349206349206349,0.03844832136149943,0.006706297350830271,-0.005690584508299647
1c_risk,117,0.2897950562159551,True,128,20,72.0,25.0,7,6,3.6,17,38,0.6,2.8,3.5,0.029,0.4,38.463756105499215,1.1170713949596613,0.8348759636510646,28.51139027779589,201,63,138,31.34328358208955,36700.420000000006,32854.14,3846.280000000006,3987.65,0,1,41.185907621999704,1.3935168508944495,1.6432502219095118,21.094337324167128,80,29,51,36.25,14584.839999999998,10466.210000000001,4118.629999999997,1252.89,0,8,0.1235577228659991,0.09837921272361239,-0.03482478470952645,0.06349206349206349,0.038463756105499215,0.005853569747983067,-0.0051264840096757434
1c_risk,118,0.31266877047645236,True,128,20,72.0,25.0,7,6,3.6,17,38,0.6,2.8,3.0,0.03,0.4,38.94883348699919,1.1345520206552957,0.8881850374923385,24.970847892445335,201,63,138,31.34328358208955,32842.49,28947.54,3894.949999999997,3437.02,0,1,41.8922500199997,1.450760783368536,1.7514999707461327,20.145907727634206,80,29,51,36.25,13482.949999999999,9293.710000000001,4189.239999999998,1100.07,0,8,0.1256767500599991,0.11269019584213402,-0.02940518701505261,0.06349206349206349,0.03894883348699919,0.006727601032764785,-0.00546148642245563
1c_risk,119,0.31266877047645236,True,128,20,72.0,25.0,7,6,3.6,17,38,0.6,2.8,3.0,0.03,0.4,38.94883348699919,1.1345520206552957,0.8881850374923385,24.970847892445335,201,63,138,31.34328358208955,32842.49,28947.54,3894.949999999997,3437.02,0,1,41.8922500199997,1.450760783368536,1.7514999707461327,20.145907727634206,80,29,51,36.25,13482.949999999999,9293.710000000001,4189.239999999998,1100.07,0,8,0.1256767500599991,0.11269019584213402,-0.02940518701505261,0.06349206349206349,0.03894883348699919,0.006727601032764785,-0.00546148642245563
1c_risk,120,0.30136124438984,True,128,20,72.0,25.0,7,6,3.6,17,38,0.6,2.8,3.0,0.03,0.35,34.14074933649936,1.1380085229822192,0.8670851720649865,22.776229709681274,201,63,138,31.34328358208955,28151.850000000002,24737.82,3414.0300000000025,2898.16,0,1,36.75048438799975,1.450803654995688,1.7177402263510984,18.60541606421667,80,29,51,36.25,11827.14,8152.130000000001,3675.0099999999984,953.18,0,8,0.11025145316399924,0.112700913748922,-0.02060237750980954,0.06349206349206349,0.03414074933649936,0.006900426149110961,-0.005521983990945474
1c_risk,121,0.2967478883769876,True,128,20,72.0,25.0,7,6,3.6,17,38,0.6,2.8,3.5,0.03,0.4,39.76121473949921,1.1191031490609848,0.8480003132593197,28.529847411780317,201,63,138,31.34328358208955,37360.05,33383.920000000006,3976.1299999999974,4035.86,0,1,42.91563511249968,1.4053916702010991,1.6729307310281671,21.445657493843857,80,29,51,36.25,14877.940000000002,10586.33,4291.610000000002,1265.7,0,8,0.12874690533749902,0.10134791755027478,-0.03683232853625062,0.06349206349206349,0.03976121473949921,0.005955157453049243,-0.005723041659147475
1c_risk,122,0.3117391712334745,True,128,20,72.0,25.0,7,6,3.6,17,38,0.6,2.8,3.0,0.029,0.4,38.448321361499424,1.1341259470166054,0.8859371194903005,24.872901643566426,201,63,138,31.34328358208955,32511.239999999998,28666.340000000004,3844.899999999994,3415.67,0,1,41.48060336699973,1.4486304962659728,1.7513091114860697,19.867863110269496,80,29,51,36.25,13394.11,9246.050000000001,4148.0599999999995,1096.91,0,8,0.12444181010099918,0.11215762406649321,-0.02781636063011141,0.06349206349206349,0.03844832136149943,0.006706297350830271,-0.005690584508299647
1c_risk,123,0.2897950562159551,True,128,20,72.0,25.0,7,6,3.6,17,38,0.6,2.8,3.5,0.029,0.4,38.463756105499215,1.1170713949596613,0.8348759636510646,28.51139027779589,201,63,138,31.34328358208955,36700.420000000006,32854.14,3846.280000000006,3987.65,0,1,41.185907621999704,1.3935168508944495,1.6432502219095118,21.094337324167128,80,29,51,36.25,14584.839999999998,10466.210000000001,4118.629999999997,1252.89,0,8,0.1235577228659991,0.09837921272361239,-0.03482478470952645,0.06349206349206349,0.038463756105499215,0.005853569747983067,-0.0051264840096757434
1c_risk,124,0.30136124438984,True,128,20,72.0,25.0,7,6,3.6,17,38,0.6,2.8,3.0,0.03,0.35,34.14074933649936,1.1380085229822192,0.8670851720649865,22.776229709681274,201,63,138,31.34328358208955,28151.850000000002,24737.82,3414.0300000000025,2898.16,0,1,36.75048438799975,1.450803654995688,1.7177402263510984,18.60541606421667,80,29,51,36.25,11827.14,8152.130000000001,3675.0099999999984,953.18,0,8,0.11025145316399924,0.112700913748922,-0.02060237750980954,0.06349206349206349,0.03414074933649936,0.006900426149110961,-0.005521983990945474
1c_risk,125,0.3117391712334745,True,128,20,72.0,25.0,7,6,3.6,17,38,0.6,2.8,3.0,0.029,0.4,38.448321361499424,1.1341259470166054,0.8859371194903005,24.872901643566426,201,63,138,31.34328358208955,32511.239999999998,28666.340000000004,3844.899999999994,3415.67,0,1,41.48060336699973,1.4486304962659728,1.7513091114860697,19.867863110269496,80,29,51,36.25,13394.11,9246.050000000001,4148.0599999999995,1096.91,0,8,0.12444181010099918,0.11215762406649321,-0.02781636063011141,0.06349206349206349,0.03844832136149943,0.006706297350830271,-0.005690584508299647
1c_risk,126,0.3117391712334745,True,128,20,72.0,25.0,7,6,3.6,17,38,0.6,2.8,3.0,0.029,0.4,38.448321361499424,1.1341259470166054,0.8859371194903005,24.872901643566426,201,63,138,31.34328358208955,32511.239999999998,28666.340000000004,3844.899999999994,3415.67,0,1,41.48060336699973,1.4486304962659728,1.7513091114860697,19.867863110269496,80,29,51,36.25,13394.11,9246.050000000001,4148.0599999999995,1096.91,0,8,0.12444181010099918,0.11215762406649321,-0.02781636063011141,0.06349206349206349,0.03844832136149943,0.006706297350830271,-0.005690584508299647
1c_risk,127,0.3039879097416023,True,128,20,72.0,25.0,7,6,3.6,17,38,0.6,2.8,3.0,0.029,0.35,34.5295098534994,1.1400704465604465,0.8773236821232653,22.461360984195778,201,63,138,31.34328358208955,28104.23,24651.309999999998,3452.920000000002,2899.03,0,1,36.79153698299971,1.4528628190483692,1.7303571878377828,18.477264545705474,80,29,51,36.25,11803.289999999999,8124.16,3679.129999999999,951.9399999999999,0,8,0.11037461094899911,0.1132157047620923,-0.019870083118316992,0.06349206349206349,0.034529509853499396,0.007003522328022327,-0.0047574185247573385
1c_risk,128,0.31266877047645236,True,128,20,72.0,25.0,7,6,3.6,17,38,0.6,2.8,3.0,0.03,0.4,38.94883348699919,1.1345520206552957,0.8881850374923385,24.970847892445335,201,63,138,31.34328358208955,32842.49,28947.54,3894.949999999997,3437.02,0,1,41.8922500199997,1.450760783368536,1.7514999707461327,20.145907727634206,80,29,51,36.25,13482.949999999999,9293.710000000001,4189.239999999998,1100.07,0,8,0.1256767500599991,0.11269019584213402,-0.02940518701505261,0.06349206349206349,0.03894883348699919,0.006727601032764785,-0.00546148642245563
1c_risk,129,0.31266877047645236,True,128,20,72.0,25.0,7,6,3.6,17,38,0.6,2.8,3.0,0.03,0.4,38.94883348699919,1.1345520206552957,0.8881850374923385,24.970847892445335,201,63,138,31.34328358208955,32842.49,28947.54,3894.949999999997,3437.02,0,1,41.8922500199997,1.450760783368536,1.7514999707461327,20.145907727634206,80,29,51,36.25,13482.949999999999,9293.710000000001,4189.239999999998,1100.07,0,8,0.1256767500599991,0.11269019584213402,-0.02940518701505261,0.06349206349206349,0.03894883348699919,0.006727601032764785,-0.00546148642245563
1c_risk,130,0.2967478883769876,True,128,20,72.0,25.0,7,6,3.6,17,38,0.6,2.8,3.5,0.03,0.4,39.76121473949921,1.1191031490609848,0.8480003132593197,28.529847411780317,201,63,138,31.34328358208955,37360.05,33383.920000000006,3976.1299999999974,4035.86,0,1,42.91563511249968,1.4053916702010991,1.6729307310281671,21.445657493843857,80,29,51,36.25,14877.940000000002,10586.33,4291.610000000002,1265.7,0,8,0.12874690533749902,0.10134791755027478,-0.03683232853625062,0.06349206349206349,0.03976121473949921,0.005955157453049243,-0.005723041659147475
1c_risk,131,0.31266877047645236,True,128,20,72.0,25.0,7,6,3.6,17,38,0.6,2.8,3.0,0.03,0.4,38.94883348699919,1.1345520206552957,0.8881850374923385,24.970847892445335,201,63,138,31.34328358208955,32842.49,28947.54,3894.949999999997,3437.02,0,1,41.8922500199997,1.450760783368536,1.7514999707461327,20.145907727634206,80,29,51,36.25,13482.949999999999,9293.710000000001,4189.239999999998,1100.07,0,8,0.1256767500599991,0.11269019584213402,-0.02940518701505261,0.06349206349206349,0.03894883348699919,0.006727601032764785,-0.00546148642245563
1c_risk,132,0.31266877047645236,True,128,20,72.0,25.0,7,6,3.6,17,38,0.6,2.8,3.0,0.03,0.4,38.94883348699919,1.1345520206552957,0.8881850374923385,24.970847892445335,201,63,138,31.34328358208955,32842.49,28947.54,3894.949999999997,3437.02,0,1,41.8922500199997,1.450760783368536,1.7514999707461327,20.145907727634206,80,29,51,36.25,13482.949999999999,9293.710000000001,4189.239999999998,1100.07,0,8,0.1256767500599991,0.11269019584213402,-0.02940518701505261,0.06349206349206349,0.03894883348699919,0.006727601032764785,-0.00546148642245563
1c_risk,133,0.30136124438984,True,128,20,72.0,25.0,7,6,3.6,17,38,0.6,2.8,3.0,0.03,0.35,34.14074933649936,1.1380085229822192,0.8670851720649865,22.776229709681274,201,63,138,31.34328358208955,28151.850000000002,24737.82,3414.0300000000025,2898.16,0,1,36.75048438799975,1.450803654995688,1.7177402263510984,18.60541606421667,80,29,51,36.25,11827.14,8152.130000000001,3675.0099999999984,953.18,0,8,0.11025145316399924,0.112700913748922,-0.02060237750980954,0.06349206349206349,0.03414074933649936,0.006900426149110961,-0.005521983990945474
1c_risk,134,0.31266877047645236,True,128,20,72.0,25.0,7,6,3.6,17,38,0.6,2.8,3.0,0.03,0.4,38.94883348699919,1.1345520206552957,0.8881850374923385,24.970847892445335,201,63,138,31.34328358208955,32842.49,28947.54,3894.949999999997,3437.02,0,1,41.8922500199997,1.450760783368536,1.7514999707461327,20.145907727634206,80,29,51,36.25,13482.949999999999,9293.710000000001,4189.239999999998,1100.07,0,8,0.1256767500599991,0.11269019584213402,-0.02940518701505261,0.06349206349206349,0.03894883348699919,0.006727601032764785,-0.00546148642245563
1c_risk,135,0.31266877047645236,True,128,20,72.0,25.0,7,6,3.6,17,38,0.6,2.8,3.0,0.03,0.4,38.94883348699919,1.1345520206552957,0.8881850374923385,24.970847892445335,201,63,138,31.34328358208955,32842.49,28947.54,3894.949999999997,3437.02,0,1,41.8922500199997,1.450760783368536,1.7514999707461327,20.145907727634206,80,29,51,36.25,13482.949999999999,9293.710000000001,4189.239999999998,1100.07,0,8,0.1256767500599991,0.11269019584213402,-0.02940518701505261,0.06349206349206349,0.03894883348699919,0.006727601032764785,-0.00546148642245563
1c_risk,136,0.30136124438984,True,128,20,72.0,25.0,7,6,3.6,17,38,0.6,2.8,3.0,0.03,0.35,34.14074933649936,1.1380085229822192,0.8670851720649865,22.776229709681274,201,63,138,31.34328358208955,28151.850000000002,24737.82,3414.0300000000025,2898.16,0,1,36.75048438799975,1.450803654995688,1.7177402263510984,18.60541606421667,80,29,51,36.25,11827.14,8152.130000000001,3675.0099999999984,953.18,0,8,0.11025145316399924,0.112700913748922,-0.02060237750980954,0.06349206349206349,0.03414074933649936,0.006900426149110961,-0.005521983990945474
1c_risk,137,0.31266877047645236,True,128,20,72.0,25.0,7,6,3.6,17,38,0.6,2.8,3.0,0.03,0.4,38.94883348699919,1.1345520206552957,0.8881850374923385,24.970847892445335,201,63,138,31.34328358208955,32842.49,28947.54,3894.949999999997,3437.02,0,1,41.8922500199997,1.450760783368536,1.7514999707461327,20.145907727634206,80,29,51,36.25,13482.949999999999,9293.710000000001,4189.239999999998,1100.07,0,8,0.1256767500599991,0.11269019584213402,-0.02940518701505261,0.06349206349206349,0.03894883348699919,0.006727601032764785,-0.00546148642245563
1c_risk,138,0.31266877047645236,True,128,20,72.0,25.0,7,6,3.6,17,38,0.6,2.8,3.0,0.03,0.4,38.94883348699919,1.1345520206552957,0.8881850374923385,24.970847892445335,201,63,138,31.34328358208955,32842.49,28947.54,3894.949999999997,3437.02,0,1,41.8922500199997,1.450760783368536,1.7514999707461327,20.145907727634206,80,29,51,36.25,13482.949999999999,9293.710000000001,4189.239999999998,1100.07,0,8,0.1256767500599991,0.11269019584213402,-0.02940518701505261,0.06349206349206349,0.03894883348699919,0.006727601032764785,-0.00546148642245563
1c_risk,139,0.2967478883769876,True,128,20,72.0,25.0,7,6,3.6,17,38,0.6,2.8,3.5,0.03,0.4,39.76121473949921,1.1191031490609848,0.8480003132593197,28.529847411780317,201,63,138,31.34328358208955,37360.05,33383.920000000006,3976.1299999999974,4035.86,0,1,42.91563511249968,1.4053916702010991,1.6729307310281671,21.445657493843857,80,29,51,36.25,14877.940000000002,10586.33,4291.610000000002,1265.7,0,8,0.12874690533749902,0.10134791755027478,-0.03683232853625062,0.06349206349206349,0.03976121473949921,0.005955157453049243,-0.005723041659147475
1c_risk,140,0.28030744619916603,True,128,20,72.0,25.0,7,6,3.6,17,38,0.6,2.8,3.0,0.03,0.25,26.92042899249969,1.159472384417486,0.8841791136701411,17.407534688082308,201,63,138,31.34328358208955,19573.319999999996,16881.23,2692.0899999999965,1936.04,0,1,25.32512200399984,1.4421047486204195,1.6363429643467207,13.91113883138358,80,29,51,36.25,8260.65,5728.19,2532.46,658.66,0,8,0.07597536601199952,0.11052618715510487,-0.0,0.06349206349206349,0.02692042899249969,0.007973619220874296,-0.004580218673375851
1c_risk,141,0.31266877047645236,True,128,20,72.0,25.0,7,6,3.6,17,38,0.6,2.8,3.0,0.03,0.4,38.94883348699919,1.1345520206552957,0.8881850374923385,24.970847892445335,201,63,138,31.34328358208955,32842.49,28947.54,3894.949999999997,3437.02,0,1,41.8922500199997,1.450760783368536,1.7514999707461327,20.145907727634206,80,29,51,36.25,13482.949999999999,9293.710000000001,4189.239999999998,1100.07,0,8,0.1256767500599991,0.11269019584213402,-0.02940518701505261,0.06349206349206349,0.03894883348699919,0.006727601032764785,-0.00546148642245563
1c_risk,142,0.31266877047645236,True,128,20,72.0,25.0,7,6,3.6,17,38,0.6,2.8,3.0,0.03,0.4,38.94883348699919,1.1345520206552957,0.8881850374923385,24.970847892445335,201,63,138,31.34328358208955,32842.49,28947.54,3894.949999999997,3437.02,0,1,41.8922500199997,1.450760783368536,1.7514999707461327,20.145907727634206,80,29,51,36.25,13482.949999999999,9293.710000000001,4189.239999999998,1100.07,0,8,0.1256767500599991,0.11269019584213402,-0.02940518701505261,0.06349206349206349,0.03894883348699919,0.006727601032764785,-0.00546148642245563
1c_risk,143,0.31266877047645236,True,128,20,72.0,25.0,7,6,3.6,17,38,0.6,2.8,3.0,0.03,0.4,38.94883348699919,1.1345520206552957,0.8881850374923385,24.970847892445335,201,63,138,31.34328358208955,32842.49,28947.54,3894.949999999997,3437.02,0,1,41.8922500199997,1.450760783368536,1.7514999707461327,20.145907727634206,80,29,51,36.25,13482.949999999999,9293.710000000001,4189.239999999998,1100.07,0,8,0.1256767500599991,0.11269019584213402,-0.02940518701505261,0.06349206349206349,0.03894883348699919,0.006727601032764785,-0.00546148642245563
1c_risk,144,0.30136124438984,True,128,20,72.0,25.0,7,6,3.6,17,38,0.6,2.8,3.0,0.03,0.35,34.14074933649936,1.1380085229822192,0.8670851720649865,22.776229709681274,201,63,138,31.34328358208955,28151.850000000002,24737.82,3414.0300000000025,2898.16,0,1,36.75048438799975,1.450803654995688,1.7177402263510984,18.60541606421667,80,29,51,36.25,11827.14,8152.130000000001,3675.0099999999984,953.18,0,8,0.11025145316399924,0.112700913748922,-0.02060237750980954,0.06349206349206349,0.03414074933649936,0.006900426149110961,-0.005521983990945474
1c_risk,145,0.31266877047645236,True,128,20,72.0,25.0,7,6,3.6,17,38,0.6,2.8,3.0,0.03,0.4,38.94883348699919,1.1345520206552957,0.8881850374923385,24.970847892445335,201,63,138,31.34328358208955,32842.49,28947.54,3894.949999999997,3437.02,0,1,41.8922500199997,1.450760783368536,1.7514999707461327,20.145907727634206,80,29,51,36.25,13482.949999999999,9293.710000000001,4189.239999999998,1100.07,0,8,0.1256767500599991,0.11269019584213402,-0.02940518701505261,0.06349206349206349,0.03894883348699919,0.006727601032764785,-0.00546148642245563
1c_risk,146,0.31266877047645236,True,128,20,72.0,25.0,7,6,3.6,17,38,0.6,2.8,3.0,0.03,0.4,38.94883348699919,1.1345520206552957,0.8881850374923385,24.970847892445335,201,63,138,31.34328358208955,32842.49,28947.54,3894.949999999997,3437.02,0,1,41.8922500199997,1.450760783368536,1.7514999707461327,20.145907727634206,80,29,51,36.25,13482.949999999999,9293.710000000001,4189.239999999998,1100.07,0,8,0.1256767500599991,0.11269019584213402,-0.02940518701505261,0.06349206349206349,0.03894883348699919,0.006727601032764785,-0.00546148642245563
1c_risk,147,0.2967478883769876,True,128,20,72.0,25.0,7,6,3.6,17,38,0.6,2.8,3.5,0.03,0.4,39.76121473949921,1.1191031490609848,0.8480003132593197,28.529847411780317,201,63,138,31.34328358208955,37360.05,33383.920000000006,3976.1299999999974,4035.86,0,1,42.91563511249968,1.4053916702010991,1.6729307310281671,21.445657493843857,80,29,51,36.25,14877.940000000002,10586.33,4291.610000000002,1265.7,0,8,0.12874690533749902,0.10134791755027478,-0.03683232853625062,0.06349206349206349,0.03976121473949921,0.005955157453049243,-0.005723041659147475
1c_risk,148,0.30136124438984,True,128,20,72.0,25.0,7,6,3.6,17,38,0.6,2.8,3.0,0.03,0.35,34.14074933649936,1.1380085229822192,0.8670851720649865,22.776229709681274,201,63,138,31.34328358208955,28151.850000000002,24737.82,3414.0300000000025,2898.16,0,1,36.75048438799975,1.450803654995688,1.7177402263510984,18.60541606421667,80,29,51,36.25,11827.14,8152.130000000001,3675.0099999999984,953.18,0,8,0.11025145316399924,0.112700913748922,-0.02060237750980954,0.06349206349206349,0.03414074933649936,0.006900426149110961,-0.005521983990945474
1c_risk,149,0.31266877047645236,True,128,20,72.0,25.0,7,6,3.6,17,38,0.6,2.8,3.0,0.03,0.4,38.94883348699919,1.1345520206552957,0.8881850374923385,24.970847892445335,201,63,138,31.34328358208955,32842.49,28947.54,3894.949999999997,3437.02,0,1,41.8922500199997,1.450760783368536,1.7514999707461327,20.145907727634206,80,29,51,36.25,13482.949999999999,9293.710000000001,4189.239999999998,1100.07,0,8,0.1256767500599991,0.11269019584213402,-0.02940518701505261,0.06349206349206349,0.03894883348699919,0.006727601032764785,-0.00546148642245563
1c_risk,150,0.31266877047645236,True,128,20,72.0,25.0,7,6,3.6,17,38,0.6,2.8,3.0,0.03,0.4,38.94883348699919,1.1345520206552957,0.8881850374923385,24.970847892445335,201,63,138,31.34328358208955,32842.49,28947.54,3894.949999999997,3437.02,0,1,41.8922500199997,1.450760783368536,1.7514999707461327,20.145907727634206,80,29,51,36.25,13482.949999999999,9293.710000000001,4189.239999999998,1100.07,0,8,0.1256767500599991,0.11269019584213402,-0.02940518701505261,0.06349206349206349,0.03894883348699919,0.006727601032764785,-0.00546148642245563
1c_risk,151,0.31266877047645236,True,128,20,72.0,25.0,7,6,3.6,17,38,0.6,2.8,3.0,0.03,0.4,38.94883348699919,1.1345520206552957,0.8881850374923385,24.970847892445335,201,63,138,31.34328358208955,32842.49,28947.54,3894.949999999997,3437.02,0,1,41.8922500199997,1.450760783368536,1.7514999707461327,20.145907727634206,80,29,51,36.25,13482.949999999999,9293.710000000001,4189.239999999998,1100.07,0,8,0.1256767500599991,0.11269019584213402,-0.02940518701505261,0.06349206349206349,0.03894883348699919,0.006727601032764785,-0.00546148642245563
1c_risk,152,0.3117391712334745,True,128,20,72.0,25.0,7,6,3.6,17,38,0.6,2.8,3.0,0.029,0.4,38.448321361499424,1.1341259470166054,0.8859371194903005,24.872901643566426,201,63,138,31.34328358208955,32511.239999999998,28666.340000000004,3844.899999999994,3415.67,0,1,41.48060336699973,1.4486304962659728,1.7513091114860697,19.867863110269496,80,29,51,36.25,13394.11,9246.050000000001,4148.0599999999995,1096.91,0,8,0.12444181010099918,0.11215762406649321,-0.02781636063011141,0.06349206349206349,0.03844832136149943,0.006706297350830271,-0.005690584508299647
1c_risk,153,0.31266877047645236,True,128,20,72.0,25.0,7,6,3.6,17,38,0.6,2.8,3.0,0.03,0.4,38.94883348699919,1.1345520206552957,0.8881850374923385,24.970847892445335,201,63,138,31.34328358208955,32842.49,28947.54,3894.949999999997,3437.02,0,1,41.8922500199997,1.450760783368536,1.7514999707461327,20.145907727634206,80,29,51,36.25,13482.949999999999,9293.710000000001,4189.239999999998,1100.07,0,8,0.1256767500599991,0.11269019584213402,-0.02940518701505261,0.06349206349206349,0.03894883348699919,0.006727601032764785,-0.00546148642245563
1c_risk,154,0.3039879097416023,True,128,20,72.0,25.0,7,6,3.6,17,38,0.6,2.8,3.0,0.029,0.35,34.5295098534994,1.1400704465604465,0.8773236821232653,22.461360984195778,201,63,138,31.34328358208955,28104.23,24651.309999999998,3452.920000000002,2899.03,0,1,36.79153698299971,1.4528628190483692,1.7303571878377828,18.477264545705474,80,29,51,36.25,11803.289999999999,8124.16,3679.129999999999,951.9399999999999,0,8,0.11037461094899911,0.1132157047620923,-0.019870083118316992,0.06349206349206349,0.034529509853499396,0.007003522328022327,-0.0047574185247573385
1c_risk,155,0.20886569814764805,True,128,20,72.0,25.0,7,6,3.6,17,38,0.6,2.8,3.5,0.014000000000000002,0.3,18.850515146499582,1.1052998492332908,0.6817270382991228,19.662627247053212,201,63,138,31.34328358208955,19786.89,17901.829999999998,1885.0600000000013,2325.27,0,1,17.886769354999707,1.286131347161034,1.296042106422861,13.223231380695474,80,29,51,36.25,8039.8899999999985,6251.219999999999,1788.6699999999992,778.43,0,8,0.05366030806499912,0.07153283679025851,-0.0,0.06349206349206349,0.018850515146499585,0.005264992461664542,-0.003935017807837199
1c_risk,156,0.31266877047645236,True,128,20,72.0,25.0,7,6,3.6,17,38,0.6,2.8,3.0,0.03,0.4,38.94883348699919,1.1345520206552957,0.8881850374923385,24.970847892445335,201,63,138,31.34328358208955,32842.49,28947.54,3894.949999999997,3437.02,0,1,41.8922500199997,1.450760783368536,1.7514999707461327,20.145907727634206,80,29,51,36.25,13482.949999999999,9293.710000000001,4189.239999999998,1100.07,0,8,0.1256767500599991,0.11269019584213402,-0.02940518701505261,0.06349206349206349,0.03894883348699919,0.006727601032764785,-0.00546148642245563
1c_risk,157,0.3117391712334745,True,128,20,72.0,25.0,7,6,3.6,17,38,0.6,2.8,3.0,0.029,0.4,38.448321361499424,1.1341259470166054,0.8859371194903005,24.872901643566426,201,63,138,31.34328358208955,32511.239999999998,28666.340000000004,3844.899999999994,3415.67,0,1,41.48060336699973,1.4486304962659728,1.7513091114860697,19.867863110269496,80,29,51,36.25,13394.11,9246.050000000001,4148.0599999999995,1096.91,0,8,0.12444181010099918,0.11215762406649321,-0.02781636063011141,0.06349206349206349,0.03844832136149943,0.006706297350830271,-0.005690584508299647
1c_risk,158,0.3039879097416023,True,128,20,72.0,25.0,7,6,3.6,17,38,0.6,2.8,3.0,0.029,0.35,34.5295098534994,1.1400704465604465,0.8773236821232653,22.461360984195778,201,63,138,31.34328358208955,28104.23,24651.309999999998,3452.920000000002,2899.03,0,1,36.79153698299971,1.4528628190483692,1.7303571878377828,18.477264545705474,80,29,51,36.25,11803.289999999999,8124.16,3679.129999999999,951.9399999999999,0,8,0.11037461094899911,0.1132157047620923,-0.019870083118316992,0.06349206349206349,0.034529509853499396,0.007003522328022327,-0.0047574185247573385
1c_risk,159,0.20556260024338416,True,128,20,72.0,25.0,7,6,3.6,17,38,0.6,2.8,3.0,0.03,0.75,33.899537170498625,1.0717713438839784,0.6842094963952385,39.00484846564052,201,63,138,31.34328358208955,50622.44000000001,47232.5,3389.9400000000096,6130.93,0,1,37.07604559999951,1.2608292823626244,1.3085811721047977,26.399462022757227,80,29,51,36.25,17922.309999999998,14214.7,3707.609999999997,1787.08,0,8,0.11122813679999852,0.06520732059065609,-0.06513978298718416,0.06349206349206349,0.03389953717049863,0.0035885671941989217,-0.006713242016847319
1c_risk,160,0.31266877047645236,True,128,20,72.0,25.0,7,6,3.6,17,38,0.6,2.8,3.0,0.03,0.4,38.94883348699919,1.1345520206552957,0.8881850374923385,24.970847892445335,201,63,138,31.34328358208955,32842.49,28947.54,3894.949999999997,3437.02,0,1,41.8922500199997,1.450760783368536,1.7514999707461327,20.145907727634206,80,29,51,36.25,13482.949999999999,9293.710000000001,4189.239999999998,1100.07,0,8,0.1256767500599991,0.11269019584213402,-0.02940518701505261,0.06349206349206349,0.03894883348699919,0.006727601032764785,-0.00546148642245563
1c_risk,161,0.31266877047645236,True,128,20,72.0,25.0,7,6,3.6,17,38,0.6,2.8,3.0,0.03,0.4,38.94883348699919,1.1345520206552957,0.8881850374923385,24.970847892445335,201,63,138,31.34328358208955,32842.49,28947.54,3894.949999999997,3437.02,0,1,41.8922500199997,1.450760783368536,1.7514999707461327,20.145907727634206,80,29,51,36.25,13482.949999999999,9293.710000000001,4189.239999999998,1100.07,0,8,0.1256767500599991,0.11269019584213402,-0.02940518701505261,0.06349206349206349,0.03894883348699919,0.006727601032764785,-0.00546148642245563
1c_risk,162,0.3117391712334745,True,128,20,72.0,25.0,7,6,3.6,17,38,0.6,2.8,3.0,0.029,0.4,38.448321361499424,1.1341259470166054,0.8859371194903005,24.872901643566426,201,63,138,31.34328358208955,32511.239999999998,28666.340000000004,3844.899999999994,3415.67,0,1,41.48060336699973,1.4486304962659728,1.7513091114860697,19.867863110269496,80,29,51,36.25,13394.11,9246.050000000001,4148.0599999999995,1096.91,0,8,0.12444181010099918,0.11215762406649321,-0.02781636063011141,0.06349206349206349,0.03844832136149943,0.006706297350830271,-0.005690584508299647
1c_risk,163,0.31266877047645236,True,128,20,72.0,25.0,7,6,3.6,17,38,0.6,2.8,3.0,0.03,0.4,38.94883348699919,1.1345520206552957,0.8881850374923385,24.970847892445335,201,63,138,31.34328358208955,32842.49,28947.54,3894.949999999997,3437.02,0,1,41.8922500199997,1.450760783368536,1.7514999707461327,20.145907727634206,80,29,51,36.25,13482.949999999999,9293.710000000001,4189.239999999998,1100.07,0,8,0.1256767500599991,0.11269019584213402,-0.02940518701505261,0.06349206349206349,0.03894883348699919,0.006727601032764785,-0.00546148642245563
1c_risk,164,0.31266877047645236,True,128,20,72.0,25.0,7,6,3.6,17,38,0.6,2.8,3.0,0.03,0.4,38.94883348699919,1.1345520206552957,0.8881850374923385,24.970847892445335,201,63,138,31.34328358208955,32842.49,28947.54,3894.949999999997,3437.02,0,1,41.8922500199997,1.450760783368536,1.7514999707461327,20.145907727634206,80,29,51,36.25,13482.949999999999,9293.710000000001,4189.239999999998,1100.07,0,8,0.1256767500599991,0.11269019584213402,-0.02940518701505261,0.06349206349206349,0.03894883348699919,0.006727601032764785,-0.00546148642245563
1c_risk,165,0.2897950562159551,True,128,20,72.0,25.0,7,6,3.6,17,38,0.6,2.8,3.5,0.029,0.4,38.463756105499215,1.1170713949596613,0.8348759636510646,28.51139027779589,201,63,138,31.34328358208955,36700.420000000006,32854.14,3846.280000000006,3987.65,0,1,41.185907621999704,1.3935168508944495,1.6432502219095118,21.094337324167128,80,29,51,36.25,14584.839999999998,10466.210000000001,4118.629999999997,1252.89,0,8,0.1235577228659991,0.09837921272361239,-0.03482478470952645,0.06349206349206349,0.038463756105499215,0.005853569747983067,-0.0051264840096757434
1c_risk,166,0.3117391712334745,True,128,20,72.0,25.0,7,6,3.6,17,38,0.6,2.8,3.0,0.029,0.4,38.448321361499424,1.1341259470166054,0.8859371194903005,24.872901643566426,201,63,138,31.34328358208955,32511.239999999998,28666.340000000004,3844.899999999994,3415.67,0,1,41.48060336699973,1.4486304962659728,1.7513091114860697,19.867863110269496,80,29,51,36.25,13394.11,9246.050000000001,4148.0599999999995,1096.91,0,8,0.12444181010099918,0.11215762406649321,-0.02781636063011141,0.06349206349206349,0.03844832136149943,0.006706297350830271,-0.005690584508299647
1c_risk,167,0.3075397835415509,True,128,20,72.0,25.0,7,6,3.6,17,38,0.6,2.8,3.0,0.028,0.4,37.221964148499396,1.131837741325015,0.8729260155529854,24.845358832018533,201,63,138,31.34328358208955,31955.390000000003,28233.190000000002,3722.2000000000007,3376.92,0,1,40.54776084099971,1.4423184750617974,1.7425438497559367,19.475508069172008,80,29,51,36.25,13221.82,9167.06,4054.76,1089.93,0,8,0.12164328252299912,0.11057961876544936,-0.025574331823840047,0.06349206349206349,0.0372219641484994,0.006591887066250746,-0.006414700629871159
1c_risk,168,0.31266877047645236,True,128,20,72.0,25.0,7,6,3.6,17,38,0.6,2.8,3.0,0.03,0.4,38.94883348699919,1.1345520206552957,0.8881850374923385,24.970847892445335,201,63,138,31.34328358208955,32842.49,28947.54,3894.949999999997,3437.02,0,1,41.8922500199997,1.450760783368536,1.7514999707461327,20.145907727634206,80,29,51,36.25,13482.949999999999,9293.710000000001,4189.239999999998,1100.07,0,8,0.1256767500599991,0.11269019584213402,-0.02940518701505261,0.06349206349206349,0.03894883348699919,0.006727601032764785,-0.00546148642245563
1c_risk,169,0.31266877047645236,True,128,20,72.0,25.0,7,6,3.6,17,38,0.6,2.8,3.0,0.03,0.4,38.94883348699919,1.1345520206552957,0.8881850374923385,24.970847892445335,201,63,138,31.34328358208955,32842.49,28947.54,3894.949999999997,3437.02,0,1,41.8922500199997,1.450760783368536,1.7514999707461327,20.145907727634206,80,29,51,36.25,13482.949999999999,9293.710000000001,4189.239999999998,1100.07,0,8,0.1256767500599991,0.11269019584213402,-0.02940518701505261,0.06349206349206349,0.03894883348699919,0.006727601032764785,-0.00546148642245563
1c_risk,170,0.3039879097416023,True,128,20,72.0,25.0,7,6,3.6,17,38,0.6,2.8,3.0,0.029,0.35,34.5295098534994,1.1400704465604465,0.8773236821232653,22.461360984195778,201,63,138,31.34328358208955,28104.23,24651.309999999998,3452.920000000002,2899.03,0,1,36.79153698299971,1.4528628190483692,1.7303571878377828,18.477264545705474,80,29,51,36.25,11803.289999999999,8124.16,3679.129999999999,951.9399999999999,0,8,0.11037461094899911,0.1132157047620923,-0.019870083118316992,0.06349206349206349,0.034529509853499396,0.007003522328022327,-0.0047574185247573385
1c_risk,171,0.31266877047645236,True,128,20,72.0,25.0,7,6,3.6,17,38,0.6,2.8,3.0,0.03,0.4,38.94883348699919,1.1345520206552957,0.8881850374923385,24.970847892445335,201,63,138,31.34328358208955,32842.49,28947.54,3894.949999999997,3437.02,0,1,41.8922500199997,1.450760783368536,1.7514999707461327,20.145907727634206,80,29,51,36.25,13482.949999999999,9293.710000000001,4189.239999999998,1100.07,0,8,0.1256767500599991,0.11269019584213402,-0.02940518701505261,0.06349206349206349,0.03894883348699919,0.006727601032764785,-0.00546148642245563
1c_risk,172,0.31266877047645236,True,128,20,72.0,25.0,7,6,3.6,17,38,0.6,2.8,3.0,0.03,0.4,38.94883348699919,1.1345520206552957,0.8881850374923385,24.970847892445335,201,63,138,31.34328358208955,32842.49,28947.54,3894.949999999997,3437.02,0,1,41.8922500199997,1.450760783368536,1.7514999707461327,20.145907727634206,80,29,51,36.25,13482.949999999999,9293.710000000001,4189.239999999998,1100.07,0,8,0.1256767500599991,0.11269019584213402,-0.02940518701505261,0.06349206349206349,0.03894883348699919,0.006727601032764785,-0.00546148642245563
1c_risk,173,0.2967478883769876,True,128,20,72.0,25.0,7,6,3.6,17,38,0.6,2.8,3.5,0.03,0.4,39.76121473949921,1.1191031490609848,0.8480003132593197,28.529847411780317,201,63,138,31.34328358208955,37360.05,33383.920000000006,3976.1299999999974,4035.86,0,1,42.91563511249968,1.4053916702010991,1.6729307310281671,21.445657493843857,80,29,51,36.25,14877.940000000002,10586.33,4291.610000000002,1265.7,0,8,0.12874690533749902,0.10134791755027478,-0.03683232853625062,0.06349206349206349,0.03976121473949921,0.005955157453049243,-0.005723041659147475
1c_risk,174,0.3117391712334745,True,128,20,72.0,25.0,7,6,3.6,17,38,0.6,2.8,3.0,0.029,0.4,38.448321361499424,1.1341259470166054,0.8859371194903005,24.872901643566426,201,63,138,31.34328358208955,32511.239999999998,28666.340000000004,3844.899999999994,3415.67,0,1,41.48060336699973,1.4486304962659728,1.7513091114860697,19.867863110269496,80,29,51,36.25,13394.11,9246.050000000001,4148.0599999999995,1096.91,0,8,0.12444181010099918,0.11215762406649321,-0.02781636063011141,0.06349206349206349,0.03844832136149943,0.006706297350830271,-0.005690584508299647
1c_risk,175,0.31266877047645236,True,128,20,72.0,25.0,7,6,3.6,17,38,0.6,2.8,3.0,0.03,0.4,38.94883348699919,1.1345520206552957,0.8881850374923385,24.970847892445335,201,63,138,31.34328358208955,32842.49,28947.54,3894.949999999997,3437.02,0,1,41.8922500199997,1.450760783368536,1.7514999707461327,20.145907727634206,80,29,51,36.25,13482.949999999999,9293.710000000001,4189.239999999998,1100.07,0,8,0.1256767500599991,0.11269019584213402,-0.02940518701505261,0.06349206349206349,0.03894883348699919,0.006727601032764785,-0.00546148642245563
1c_risk,176,0.3039879097416023,True,128,20,72.0,25.0,7,6,3.6,17,38,0.6,2.8,3.0,0.029,0.35,34.5295098534994,1.1400704465604465,0.8773236821232653,22.461360984195778,201,63,138,31.34328358208955,28104.23,24651.309999999998,3452.920000000002,2899.03,0,1,36.79153698299971,1.4528628190483692,1.7303571878377828,18.477264545705474,80,29,51,36.25,11803.289999999999,8124.16,3679.129999999999,951.9399999999999,0,8,0.11037461094899911,0.1132157047620923,-0.019870083118316992,0.06349206349206349,0.034529509853499396,0.007003522328022327,-0.0047574185247573385
1c_risk,177,0.31266877047645236,True,128,20,72.0,25.0,7,6,3.6,17,38,0.6,2.8,3.0,0.03,0.4,38.94883348699919,1.1345520206552957,0.8881850374923385,24.970847892445335,201,63,138,31.34328358208955,32842.49,28947.54,3894.949999999997,3437.02,0,1,41.8922500199997,1.450760783368536,1.7514999707461327,20.145907727634206,80,29,51,36.25,13482.949999999999,9293.710000000001,4189.239999999998,1100.07,0,8,0.1256767500599991,0.11269019584213402,-0.02940518701505261,0.06349206349206349,0.03894883348699919,0.006727601032764785,-0.00546148642245563
1c_risk,178,0.3117391712334745,True,128,20,72.0,25.0,7,6,3.6,17,38,0.6,2.8,3.0,0.029,0.4,38.448321361499424,1.1341259470166054,0.8859371194903005,24.872901643566426,201,63,138,31.34328358208955,32511.239999999998,28666.340000000004,3844.899999999994,3415.67,0,1,41.48060336699973,1.4486304962659728,1.7513091114860697,19.867863110269496,80,29,51,36.25,13394.11,9246.050000000001,4148.0599999999995,1096.91,0,8,0.12444181010099918,0.11215762406649321,-0.02781636063011141,0.06349206349206349,0.03844832136149943,0.006706297350830271,-0.005690584508299647
1c_risk,179,0.2967478883769876,True,128,20,72.0,25.0,7,6,3.6,17,38,0.6,2.8,3.5,0.03,0.4,39.76121473949921,1.1191031490609848,0.8480003132593197,28.529847411780317,201,63,138,31.34328358208955,37360.05,33383.920000000006,3976.1299999999974,4035.86,0,1,42.91563511249968,1.4053916702010991,1.6729307310281671,21.445657493843857,80,29,51,36.25,14877.940000000002,10586.33,4291.610000000002,1265.7,0,8,0.12874690533749902,0.10134791755027478,-0.03683232853625062,0.06349206349206349,0.03976121473949921,0.005955157453049243,-0.005723041659147475
1c_risk,180,0.25198345666383676,True,128,20,72.0,25.0,7,6,3.6,17,38,0.6,2.8,3.0,0.028,0.55,35.895136501499,1.0975793880998455,0.7638704909944632,32.287862097236655,201,63,138,31.34328358208955,40375.270000000004,36785.74,3589.530000000006,4582.91,0,1,37.12360018399964,1.3211807342949862,1.4613732930407608,22.249393224456547,80,29,51,36.25,15270.96,11558.57,3712.3899999999994,1402.96,0,8,0.11137080055199892,0.08029518357374654,-0.0414251041397517,0.06349206349206349,0.035895136501499,0.004878969404992273,-0.002523592720711796
1c_risk,181,0.31266877047645236,True,128,20,72.0,25.0,7,6,3.6,17,38,0.6,2.8,3.0,0.03,0.4,38.94883348699919,1.1345520206552957,0.8881850374923385,24.970847892445335,201,63,138,31.34328358208955,32842.49,28947.54,3894.949999999997,3437.02,0,1,41.8922500199997,1.450760783368536,1.7514999707461327,20.145907727634206,80,29,51,36.25,13482.949999999999,9293.710000000001,4189.239999999998,1100.07,0,8,0.1256767500599991,0.11269019584213402,-0.02940518701505261,0.06349206349206349,0.03894883348699919,0.006727601032764785,-0.00546148642245563
1c_risk,182,0.31266877047645236,True,128,20,72.0,25.0,7,6,3.6,17,38,0.6,2.8,3.0,0.03,0.4,38.94883348699919,1.1345520206552957,0.8881850374923385,24.970847892445335,201,63,138,31.34328358208955,32842.49,28947.54,3894.949999999997,3437.02,0,1,41.8922500199997,1.450760783368536,1.7514999707461327,20.145907727634206,80,29,51,36.25,13482.949999999999,9293.710000000001,4189.239999999998,1100.07,0,8,0.1256767500599991,0.11269019584213402,-0.02940518701505261,0.06349206349206349,0.03894883348699919,0.006727601032764785,-0.00546148642245563
1c_risk,183,0.31266877047645236,True,128,20,72.0,25.0,7,6,3.6,17,38,0.6,2.8,3.0,0.03,0.4,38.94883348699919,1.1345520206552957,0.8881850374923385,24.970847892445335,201,63,138,31.34328358208955,32842.49,28947.54,3894.949999999997,3437.02,0,1,41.8922500199997,1.450760783368536,1.7514999707461327,20.145907727634206,80,29,51,36.25,13482.949999999999,9293.710000000001,4189.239999999998,1100.07,0,8,0.1256767500599991,0.11269019584213402,-0.02940518701505261,0.06349206349206349,0.03894883348699919,0.006727601032764785,-0.00546148642245563
1c_risk,184,0.3117391712334745,True,128,20,72.0,25.0,7,6,3.6,17,38,0.6,2.8,3.0,0.029,0.4,38.448321361499424,1.1341259470166054,0.8859371194903005,24.872901643566426,201,63,138,31.34328358208955,32511.239999999998,28666.340000000004,3844.899999999994,3415.67,0,1,41.48060336699973,1.4486304962659728,1.7513091114860697,19.867863110269496,80,29,51,36.25,13394.11,9246.050000000001,4148.0599999999995,1096.91,0,8,0.12444181010099918,0.11215762406649321,-0.02781636063011141,0.06349206349206349,0.03844832136149943,0.006706297350830271,-0.005690584508299647
1c_risk,185,0.31266877047645236,True,128,20,72.0,25.0,7,6,3.6,17,38,0.6,2.8,3.0,0.03,0.4,38.94883348699919,1.1345520206552957,0.8881850374923385,24.970847892445335,201,63,138,31.34328358208955,32842.49,28947.54,3894.949999999997,3437.02,0,1,41.8922500199997,1.450760783368536,1.7514999707461327,20.145907727634206,80,29,51,36.25,13482.949999999999,9293.710000000001,4189.239999999998,1100.07,0,8,0.1256767500599991,0.11269019584213402,-0.02940518701505261,0.06349206349206349,0.03894883348699919,0.006727601032764785,-0.00546148642245563
1c_risk,186,0.21521030961759896,True,128,20,72.0,25.0,7,6,3.6,17,38,0.6,2.8,3.0,0.029,0.7,34.20234019899871,1.0772669860022053,0.6993321884976962,37.41389605173889,201,63,138,31.34328358208955,47685.04,44264.83,3420.209999999999,5711.09,0,1,36.451092384499624,1.2705637666787408,1.330005158796468,25.2493078412041,80,29,51,36.25,17117.34,13472.240000000002,3645.0999999999985,1683.77,0,8,0.10935327715349887,0.0676409416696852,-0.05856747337830914,0.06349206349206349,0.03420234019899871,0.0038633493001102638,-0.004774188818448418
1c_risk,187,0.31266877047645236,True,128,20,72.0,25.0,7,6,3.6,17,38,0.6,2.8,3.0,0.03,0.4,38.94883348699919,1.1345520206552957,0.8881850374923385,24.970847892445335,201,63,138,31.34328358208955,32842.49,28947.54,3894.949999999997,3437.02,0,1,41.8922500199997,1.450760783368536,1.7514999707461327,20.145907727634206,80,29,51,36.25,13482.949999999999,9293.710000000001,4189.239999999998,1100.07,0,8,0.1256767500599991,0.11269019584213402,-0.02940518701505261,0.06349206349206349,0.03894883348699919,0.006727601032764785,-0.00546148642245563
1c_risk,188,0.3039879097416023,True,128,20,72.0,25.0,7,6,3.6,17,38,0.6,2.8,3.0,0.029,0.35,34.5295098534994,1.1400704465604465,0.8773236821232653,22.461360984195778,201,63,138,31.34328358208955,28104.23,24651.309999999998,3452.920000000002,2899.03,0,1,36.79153698299971,1.4528628190483692,1.7303571878377828,18.477264545705474,80,29,51,36.25,11803.289999999999,8124.16,3679.129999999999,951.9399999999999,0,8,0.11037461094899911,0.1132157047620923,-0.019870083118316992,0.06349206349206349,0.034529509853499396,0.007003522328022327,-0.0047574185247573385
1c_risk,189,0.31266877047645236,True,128,20,72.0,25.0,7,6,3.6,17,38,0.6,2.8,3.0,0.03,0.4,38.94883348699919,1.1345520206552957,0.8881850374923385,24.970847892445335,201,63,138,31.34328358208955,32842.49,28947.54,3894.949999999997,3437.02,0,1,41.8922500199997,1.450760783368536,1.7514999707461327,20.145907727634206,80,29,51,36.25,13482.949999999999,9293.710000000001,4189.239999999998,1100.07,0,8,0.1256767500599991,0.11269019584213402,-0.02940518701505261,0.06349206349206349,0.03894883348699919,0.006727601032764785,-0.00546148642245563
1c_risk,190,0.2897950562159551,True,128,20,72.0,25.0,7,6,3.6,17,38,0.6,2.8,3.5,0.029,0.4,38.463756105499215,1.1170713949596613,0.8348759636510646,28.51139027779589,201,63,138,31.34328358208955,36700.420000000006,32854.14,3846.280000000006,3987.65,0,1,41.185907621999704,1.3935168508944495,1.6432502219095118,21.094337324167128,80,29,51,36.25,14584.839999999998,10466.210000000001,4118.629999999997,1252.89,0,8,0.1235577228659991,0.09837921272361239,-0.03482478470952645,0.06349206349206349,0.038463756105499215,0.005853569747983067,-0.0051264840096757434
1c_risk,191,0.31266877047645236,True,128,20,72.0,25.0,7,6,3.6,17,38,0.6,2.8,3.0,0.03,0.4,38.94883348699919,1.1345520206552957,0.8881850374923385,24.970847892445335,201,63,138,31.34328358208955,32842.49,28947.54,3894.949999999997,3437.02,0,1,41.8922500199997,1.450760783368536,1.7514999707461327,20.145907727634206,80,29,51,36.25,13482.949999999999,9293.710000000001,4189.239999999998,1100.07,0,8,0.1256767500599991,0.11269019584213402,-0.02940518701505261,0.06349206349206349,0.03894883348699919,0.006727601032764785,-0.00546148642245563
1c_risk,192,0.31266877047645236,True,128,20,72.0,25.0,7,6,3.6,17,38,0.6,2.8,3.0,0.03,0.4,38.94883348699919,1.1345520206552957,0.8881850374923385,24.970847892445335,201,63,138,31.34328358208955,32842.49,28947.54,3894.949999999997,3437.02,0,1,41.8922500199997,1.450760783368536,1.7514999707461327,20.145907727634206,80,29,51,36.25,13482.949999999999,9293.710000000001,4189.239999999998,1100.07,0,8,0.1256767500599991,0.11269019584213402,-0.02940518701505261,0.06349206349206349,0.03894883348699919,0.006727601032764785,-0.00546148642245563
1c_risk,193,0.31266877047645236,True,128,20,72.0,25.0,7,6,3.6,17,38,0.6,2.8,3.0,0.03,0.4,38.94883348699919,1.1345520206552957,0.8881850374923385,24.970847892445335,201,63,138,31.34328358208955,32842.49,28947.54,3894.949999999997,3437.02,0,1,41.8922500199997,1.450760783368536,1.7514999707461327,20.145907727634206,80,29,51,36.25,13482.949999999999,9293.710000000001,4189.239999999998,1100.07,0,8,0.1256767500599991,0.11269019584213402,-0.02940518701505261,0.06349206349206349,0.03894883348699919,0.006727601032764785,-0.00546148642245563
1c_risk,194,0.31266877047645236,True,128,20,72.0,25.0,7,6,3.6,17,38,0.6,2.8,3.0,0.03,0.4,38.94883348699919,1.1345520206552957,0.8881850374923385,24.970847892445335,201,63,138,31.34328358208955,32842.49,28947.54,3894.949999999997,3437.02,0,1,41.8922500199997,1.450760783368536,1.7514999707461327,20.145907727634206,80,29,51,36.25,13482.949999999999,9293.710000000001,4189.239999999998,1100.07,0,8,0.1256767500599991,0.11269019584213402,-0.02940518701505261,0.06349206349206349,0.03894883348699919,0.006727601032764785,-0.00546148642245563
1c_risk,195,0.3117391712334745,True,128,20,72.0,25.0,7,6,3.6,17,38,0.6,2.8,3.0,0.029,0.4,38.448321361499424,1.1341259470166054,0.8859371194903005,24.872901643566426,201,63,138,31.34328358208955,32511.239999999998,28666.340000000004,3844.899999999994,3415.67,0,1,41.48060336699973,1.4486304962659728,1.7513091114860697,19.867863110269496,80,29,51,36.25,13394.11,9246.050000000001,4148.0599999999995,1096.91,0,8,0.12444181010099918,0.11215762406649321,-0.02781636063011141,0.06349206349206349,0.03844832136149943,0.006706297350830271,-0.005690584508299647
1c_risk,196,0.24571339269921402,True,128,20,72.0,25.0,7,6,3.6,17,38,0.6,2.8,1.5,0.029,0.35,20.455718446499684,1.1815501600143419,0.9029803408054627,13.05041610853971,201,63,138,31.34328358208955,13313.4,11267.74,2045.6599999999999,1277.04,0,1,17.51210015649989,1.4471247874421052,1.62690057498629,9.942264025440974,80,29,51,36.25,5667.78,3916.5799999999995,1751.2000000000003,447.82,0,8,0.05253630046949967,0.11178119686052629,-0.0,0.06349206349206349,0.020455718446499686,0.009077508000717095,-0.011629394570092206
1c_risk,197,0.31266877047645236,True,128,20,72.0,25.0,7,6,3.6,17,38,0.6,2.8,3.0,0.03,0.4,38.94883348699919,1.1345520206552957,0.8881850374923385,24.970847892445335,201,63,138,31.34328358208955,32842.49,28947.54,3894.949999999997,3437.02,0,1,41.8922500199997,1.450760783368536,1.7514999707461327,20.145907727634206,80,29,51,36.25,13482.949999999999,9293.710000000001,4189.239999999998,1100.07,0,8,0.1256767500599991,0.11269019584213402,-0.02940518701505261,0.06349206349206349,0.03894883348699919,0.006727601032764785,-0.00546148642245563
1c_risk,198,0.31266877047645236,True,128,20,72.0,25.0,7,6,3.6,17,38,0.6,2.8,3.0,0.03,0.4,38.94883348699919,1.1345520206552957,0.8881850374923385,24.970847892445335,201,63,138,31.34328358208955,32842.49,28947.54,3894.949999999997,3437.02,0,1,41.8922500199997,1.450760783368536,1.7514999707461327,20.145907727634206,80,29,51,36.25,13482.949999999999,9293.710000000001,4189.239999999998,1100.07,0,8,0.1256767500599991,0.11269019584213402,-0.02940518701505261,0.06349206349206349,0.03894883348699919,0.006727601032764785,-0.00546148642245563
1c_risk,199,0.3117391712334745,True,128,20,72.0,25.0,7,6,3.6,17,38,0.6,2.8,3.0,0.029,0.4,38.448321361499424,1.1341259470166054,0.8859371194903005,24.872901643566426,201,63,138,31.34328358208955,32511.239999999998,28666.340000000004,3844.899999999994,3415.67,0,1,41.48060336699973,1.4486304962659728,1.7513091114860697,19.867863110269496,80,29,51,36.25,13394.11,9246.050000000001,4148.0599999999995,1096.91,0,8,0.12444181010099918,0.11215762406649321,-0.02781636063011141,0.06349206349206349,0.03844832136149943,0.006706297350830271,-0.005690584508299647
